ticker,Company Name,Industry,sector,industry_group,is_fo_stock,fo_category,Include,stage,stage_raw,stage_variant,stage_confidence,stage_reason,public_stage_label,structure_score,relative_strength_label,volume_pattern_label,volume_pattern_display,nifty_3m_outperformance_pct,nifty_3m_outperformance_label,trend_template_pass,setup_quality_label,technical_flags,risk_pct,internal_leader_score,internal_trend_score,internal_setup_score,internal_risk_score,internal_quality_score,internal_is_true_leader,internal_is_proper_setup,internal_is_low_risk,internal_is_buyable_setup,internal_failure_reasons,daily_setup_bucket,weekly_setup_bucket,combined_bucket,final_combined_score,notes,current_rank
KAJARIACER.NS,Kajaria Ceramics Limited,Building Products & Equipment,Industrials,Industrials,False,Cash,1,Failed Stage 2,Stage 2,Failed Stage 2,0.7,Failed Stage 2 cooling period is still active; waiting for a fresh base or confirmed reclaim.,Failed Stage 2,70.99,Very Strong,Volume Expanding,Volume Expanding (5.63x vs 10W Avg),10.04,Outperformed Nifty by 10.04% in 3 Months,True,High,No Flags,7.33,100.0,100.0,75.53,82.0,81.05,True,True,True,True,No Internal Gaps,watchlist,weekly_near_pivot,watchlist,70.99,"Stage 2, Advancing, trend_template_ok, weekly_vcp_ok, weekly_strong | Failed Stage 2 hold period active.",1
FINEORG.NS,Fine Organic Industries Limited,Specialty Chemicals,Basic Materials,Basic Materials,False,Cash,1,Stage 2,Stage 2,Advancing,0.9,Price is above constructive weekly and long-term trend structure with improving relative strength.,Stage 2 - Advancing,63.95,Very Strong,Volume Drying Up,Volume Drying Up (0.70x vs 10W Avg),5.45,Outperformed Nifty by 5.45% in 3 Months,True,High,No Flags,7.82,100.0,100.0,69.1,82.0,79.5,True,True,True,True,No Internal Gaps,watchlist,weekly_near_pivot,watchlist,68.95,"Stage 2, Advancing, trend_template_ok, weekly_vcp_ok, volume_dryup, weekly_volume_dryup, weekly_strong",2
BOSCHLTD.NS,Bosch Limited,Auto Parts,Consumer Cyclical,Consumer Cyclical,True,F&O,1,Stage 2,Stage 2,Advancing,0.9,Price is above constructive weekly and long-term trend structure with improving relative strength.,Stage 2 - Advancing,70.74,Very Strong,Volume Drying Up,Volume Drying Up (0.53x vs 10W Avg),19.96,Outperformed Nifty by 19.96% in 3 Months,True,High,Wider Risk,8.76,100.0,100.0,82.2,58.0,78.81,True,True,False,False,risk_not_low,forming_vcp,weekly_near_pivot,building_setup,75.74,"Stage 2, Advancing, trend_template_ok, daily_vcp_ok, weekly_vcp_ok, volume_dryup, weekly_volume_dryup, weekly_strong, flags=Wider Risk",3
AUROPHARMA.NS,Aurobindo Pharma Limited,Drug Manufacturers - Specialty & Generic,Healthcare,Healthcare,True,F&O,1,Stage 2,Stage 2,Advancing,0.9,Price is above constructive weekly and long-term trend structure with improving relative strength.,Stage 2 - Advancing,60.5,Very Strong,Volume Normal,Volume Normal (0.99x vs 10W Avg),11.65,Outperformed Nifty by 11.65% in 3 Months,True,Medium,Low Liquidity,5.47,100.0,100.0,80.87,82.0,72.33,True,True,True,False,No Internal Gaps,watchlist,weekly_near_pivot,watchlist,70.5,"Stage 2, Advancing, trend_template_ok, weekly_vcp_ok, weekly_strong, flags=Low Liquidity",4
PRIVISCL.NS,Privi Speciality Chemicals Limited,Specialty Chemicals,Basic Materials,Basic Materials,False,Cash,1,Stage 2,Stage 2,Advancing,0.9,Price is above constructive weekly and long-term trend structure with improving relative strength.,Stage 2 - Advancing,50.48,Very Strong,Volume Expanding,Volume Expanding (2.18x vs 10W Avg),4.14,Outperformed Nifty by 4.14% in 3 Months,True,Medium,No Flags,5.21,100.0,100.0,32.0,82.0,70.6,True,False,True,False,setup_not_proper_or_not_tight,watchlist,weekly_watchlist,watchlist,55.48,"Stage 2, Advancing, trend_template_ok",5
PITTIENG.NS,Pitti Engineering Limited,Metal Fabrication,Industrials,Industrials,False,Cash,1,Stage 2,Stage 2,Advancing,0.9,Price is above constructive weekly and long-term trend structure with improving relative strength.,Stage 2 - Advancing,56.82,Very Strong,Volume Drying Up,Volume Drying Up (0.47x vs 10W Avg),24.01,Outperformed Nifty by 24.01% in 3 Months,True,Medium,Wide Risk,13.65,100.0,100.0,54.2,35.0,68.41,True,False,False,False,setup_not_proper_or_not_tight; risk_not_low,watchlist,weekly_breakout,watchlist,66.82,"Stage 2, Advancing, trend_template_ok, weekly_vcp_ok, volume_dryup, weekly_volume_dryup, weekly_strong, flags=Wide Risk",6
SANATHAN.NS,Sanathan Textiles Limited,Textile Manufacturing,Consumer Cyclical,Consumer Cyclical,False,Cash,1,Stage 2,Stage 2,Advancing,0.9,Price is above constructive weekly and long-term trend structure with improving relative strength.,Stage 2 - Advancing,57.15,Very Strong,Volume Expanding,Volume Expanding (2.31x vs 10W Avg),21.2,Outperformed Nifty by 21.2% in 3 Months,True,Medium,No Flags,6.82,80.0,100.0,40.1,82.0,67.74,True,False,True,False,setup_not_proper_or_not_tight,watchlist,weekly_near_pivot,watchlist,62.15,"Stage 2, Advancing, trend_template_ok, weekly_vcp_ok, weekly_strong",7
GALAXYSURF.NS,Galaxy Surfactants Limited,Specialty Chemicals,Basic Materials,Basic Materials,False,Cash,1,Stage 2,Stage 2,Advancing,0.9,Price is above constructive weekly and long-term trend structure with improving relative strength.,Stage 2 - Advancing,62.13,Very Strong,Volume Drying Up,Volume Normal (0.91x vs 10W Avg),21.9,Outperformed Nifty by 21.9% in 3 Months,True,Medium,Loose Structure; Wider Risk,9.81,100.0,100.0,60.2,58.0,67.53,True,False,False,False,setup_not_proper_or_not_tight; risk_not_low,watchlist,weekly_forming,watchlist,67.13,"Stage 2, Advancing, trend_template_ok, weekly_vcp_ok, volume_dryup, weekly_strong, flags=Loose Structure;Wider Risk",8
INDHOTEL.NS,The Indian Hotels Company Limited,Lodging,Consumer Cyclical,Consumer Cyclical,True,F&O,1,Stage 2,Stage 2,Advancing,0.8,Price is above constructive weekly and long-term trend structure with improving relative strength.,Stage 2 - Advancing,60.79,Very Strong,Volume Expanding,Volume Expanding (4.15x vs 10W Avg),5.51,Outperformed Nifty by 5.51% in 3 Months,True,Medium,Low Liquidity,6.82,100.0,75.0,85.2,82.0,67.37,True,True,True,False,No Internal Gaps,watchlist,weekly_near_pivot,watchlist,62.79,"Stage 2, Advancing, trend_template_ok, weekly_vcp_ok, weekly_strong, flags=Low Liquidity",9
THELEELA.NS,Leela Palaces Hotels & Resorts Limited,Lodging,Consumer Cyclical,Consumer Cyclical,False,Cash,1,Stage 2,Stage 2,Advancing,0.9,Price is above constructive weekly and long-term trend structure with improving relative strength.,Stage 2 - Advancing,51.17,Very Strong,Volume Drying Up,Volume Normal (1.33x vs 10W Avg),27.42,Outperformed Nifty by 27.42% in 3 Months,True,Medium,Wider Risk,11.96,100.0,100.0,34.0,58.0,67.24,True,False,False,False,setup_not_proper_or_not_tight; risk_not_low,watchlist,weekly_watchlist,watchlist,53.17,"Stage 2, Advancing, trend_template_ok, volume_dryup, flags=Wider Risk",10
HARSHA.NS,Harsha Engineers International Limited,Tools & Accessories,Industrials,Industrials,False,Cash,1,Stage 2,Stage 2,Advancing,0.9,Price is above constructive weekly and long-term trend structure with improving relative strength.,Stage 2 - Advancing,55.52,Very Strong,Volume Normal,Volume Normal (0.94x vs 10W Avg),15.64,Outperformed Nifty by 15.64% in 3 Months,True,Medium,Wider Risk; Low Liquidity,11.49,100.0,100.0,74.2,58.0,66.89,True,True,False,False,risk_not_low,watchlist,weekly_near_pivot,watchlist,57.52,"Stage 2, Advancing, trend_template_ok, weekly_vcp_ok, weekly_strong, flags=Wider Risk;Low Liquidity",11
SONACOMS.NS,Sona BLW Precision Forgings Limited,Auto Parts,Consumer Cyclical,Consumer Cyclical,True,F&O,1,Stage 2,Stage 2,Advancing,0.9,Price is above constructive weekly and long-term trend structure with improving relative strength.,Stage 2 - Advancing,54.7,Very Strong,Volume Normal,Volume Normal (1.37x vs 10W Avg),31.14,Outperformed Nifty by 31.14% in 3 Months,True,Medium,Low Liquidity,7.95,100.0,100.0,56.2,82.0,66.41,True,False,True,False,setup_not_proper_or_not_tight,watchlist,weekly_near_pivot,watchlist,59.7,"Stage 2, Advancing, trend_template_ok, weekly_vcp_ok, weekly_strong, flags=Low Liquidity",12
ACE.NS,Action Construction Equipment Limited,Farm & Heavy Construction Machinery,Industrials,Industrials,False,Cash,1,Stage 2,Stage 2,Advancing,0.9,Price is above constructive weekly and long-term trend structure with improving relative strength.,Stage 2 - Advancing,60.98,Very Strong,Volume Drying Up,Volume Drying Up (0.47x vs 10W Avg),29.44,Outperformed Nifty by 29.44% in 3 Months,True,Medium,Wide Risk; Low Liquidity,13.37,100.0,100.0,87.0,35.0,66.28,True,True,False,False,risk_not_low,watchlist,weekly_breakout,watchlist,62.98,"Stage 2, Advancing, trend_template_ok, weekly_vcp_ok, weekly_volume_dryup, weekly_strong, flags=Wide Risk;Low Liquidity",13
AARTIDRUGS.NS,Aarti Drugs Limited,Drug Manufacturers - Specialty & Generic,Healthcare,Healthcare,False,Cash,1,Stage 2,Stage 2,Advancing,0.9,Price is above constructive weekly and long-term trend structure with improving relative strength.,Stage 2 - Advancing,54.94,Very Strong,Volume Expanding,Volume Expanding (1.92x vs 10W Avg),20.28,Outperformed Nifty by 20.28% in 3 Months,True,Medium,Wider Risk; Low Liquidity,9.56,95.0,100.0,72.1,58.0,65.18,True,True,False,False,risk_not_low,watchlist,weekly_near_pivot,watchlist,64.94,"Stage 2, Advancing, trend_template_ok, weekly_vcp_ok, weekly_strong, flags=Wider Risk;Low Liquidity",14
GPPL.NS,Gujarat Pipavav Port Limited,Marine Shipping,Industrials,Industrials,False,Cash,1,Not Sure,Not Sure,Not Sure,0.0,Stage rules did not identify a reliable structure.,Not Sure - Unclear,32.38,Very Strong,Volume Drying Up,Volume Drying Up (0.71x vs 10W Avg),16.96,Outperformed Nifty by 16.96% in 3 Months,False,Medium,Low Liquidity,6.52,100.0,62.5,85.9,82.0,64.54,True,False,True,False,setup_not_proper_or_not_tight; not_confirmed_stage2,watchlist,weekly_watchlist,watchlist,42.38,"Not Sure, Unclear, weekly_vcp_ok, volume_dryup, weekly_volume_dryup, flags=Low Liquidity",15
INDGN.NS,Indegene Limited,Healthcare,Healthcare,Healthcare,False,Cash,1,Stage 2,Stage 2,Advancing,0.9,Price is above constructive weekly and long-term trend structure with improving relative strength.,Stage 2 - Advancing,54.31,Very Strong,Volume Expanding,Volume Expanding (1.70x vs 10W Avg),26.87,Outperformed Nifty by 26.87% in 3 Months,True,Medium,Wider Risk; Low Liquidity,9.18,80.0,100.0,84.2,58.0,64.49,True,True,False,False,risk_not_low,watchlist,weekly_breakout,watchlist,56.31,"Stage 2, Advancing, trend_template_ok, weekly_vcp_ok, weekly_strong, flags=Wider Risk;Low Liquidity",16
CASTROLIND.NS,Castrol India Limited,Oil & Gas Refining & Marketing,Energy,Energy,False,Cash,1,Stage 1,Stage 1,Stage 1,0.68,Price is building a base around long-term weekly structure without a confirmed advancing phase.,Stage 1,27.57,Very Strong,Volume Expanding,Volume Expanding (2.02x vs 10W Avg),19.3,Outperformed Nifty by 19.3% in 3 Months,False,Medium,Low Liquidity,5.62,100.0,87.5,56.2,82.0,63.41,True,False,True,False,setup_not_proper_or_not_tight; not_confirmed_stage2,watchlist,weekly_watchlist,watchlist,32.57,"Stage 1, Stage 1, weekly_vcp_ok, weekly_strong, flags=Low Liquidity, stage1_not_actionable, stage1_needs_more_base",17
ABBOTINDIA.NS,Abbott India Limited,Drug Manufacturers - Specialty & Generic,Healthcare,Healthcare,False,Cash,1,Stage 1,Stage 1,Stage 1,0.68,Price is building a base around long-term weekly structure without a confirmed advancing phase.,Stage 1,38.68,Very Strong,Volume Drying Up,Volume Drying Up (0.85x vs 10W Avg),14.0,Outperformed Nifty by 14.0% in 3 Months,False,Medium,Wider Risk,8.95,100.0,62.5,54.4,58.0,63.14,True,False,False,False,setup_not_proper_or_not_tight; risk_not_low; not_confirmed_stage2,watchlist,weekly_watchlist,watchlist,48.68,"Stage 1, Stage 1, stage1_base_ready, weekly_volume_dryup, flags=Wider Risk, stage1_not_actionable",18
ADANIPORTS.NS,Adani Ports and Special Economic Zone Limited,Marine Shipping,Industrials,Industrials,True,F&O,1,Stage 2,Stage 2,Advancing,0.9,Price is above constructive weekly and long-term trend structure with improving relative strength.,Stage 2 - Advancing,41.93,Very Strong,Volume Normal,Volume Normal (1.02x vs 10W Avg),3.25,Outperformed Nifty by 3.25% in 3 Months,True,Medium,Low Liquidity,6.58,100.0,100.0,42.0,82.0,63.0,True,False,True,False,setup_not_proper_or_not_tight,watchlist,weekly_watchlist,watchlist,51.93,"Stage 2, Advancing, trend_template_ok, flags=Low Liquidity",19
GAIL.NS,GAIL (India) Limited,Utilities,Utilities,Utilities,True,F&O,1,Stage 2,Stage 2,Advancing,0.8,Price is above constructive weekly and long-term trend structure with improving relative strength.,Stage 2 - Advancing,48.26,Very Strong,Volume Drying Up,Volume Normal (1.11x vs 10W Avg),4.52,Outperformed Nifty by 4.52% in 3 Months,False,Medium,Low Liquidity,7.54,100.0,62.5,78.87,82.0,62.85,True,True,True,False,No Internal Gaps,watchlist,weekly_near_pivot,watchlist,48.26,"Stage 2, Advancing, daily_vcp_ok, weekly_vcp_ok, volume_dryup, weekly_strong, flags=Low Liquidity",20
GUFICBIO.NS,Gufic Biosciences Limited,Drug Manufacturers - Specialty & Generic,Healthcare,Healthcare,False,Cash,1,Stage 2,Stage 2,Advancing,0.9,Price is above constructive weekly and long-term trend structure with improving relative strength.,Stage 2 - Advancing,46.41,Very Strong,Volume Drying Up,Volume Normal (0.88x vs 10W Avg),17.61,Outperformed Nifty by 17.61% in 3 Months,True,Medium,Wide Risk,13.64,100.0,100.0,30.0,35.0,62.6,True,False,False,False,setup_not_proper_or_not_tight; risk_not_low,watchlist,weekly_watchlist,watchlist,56.41,"Stage 2, Advancing, trend_template_ok, volume_dryup, weekly_volume_dryup, flags=Wide Risk",21
AKUMS.NS,Akums Drugs and Pharmaceuticals Limited,Drug Manufacturers - Specialty & Generic,Healthcare,Healthcare,False,Cash,1,Stage 2,Stage 2,Advancing,0.9,Price is above constructive weekly and long-term trend structure with improving relative strength.,Stage 2 - Advancing,48.72,Very Strong,Volume Drying Up,Volume Drying Up (0.52x vs 10W Avg),37.85,Outperformed Nifty by 37.85% in 3 Months,True,Medium,Wider Risk; Low Liquidity,11.89,100.0,100.0,56.2,58.0,62.57,True,False,False,False,setup_not_proper_or_not_tight; risk_not_low,watchlist,weekly_breakout,watchlist,58.72,"Stage 2, Advancing, trend_template_ok, weekly_vcp_ok, weekly_volume_dryup, weekly_strong, flags=Wider Risk;Low Liquidity",22
MCX.NS,Multi Commodity Exchange of India Limited,Financial Services,Financial Services,Financial Services,True,F&O,1,Stage 2,Stage 2,Advancing,0.9,Price is above constructive weekly and long-term trend structure with improving relative strength.,Stage 2 - Advancing,51.83,Very Strong,Volume Normal,Volume Normal (1.08x vs 10W Avg),28.3,Outperformed Nifty by 28.3% in 3 Months,True,Medium,Wider Risk; Low Liquidity,10.23,100.0,100.0,56.2,58.0,62.57,True,False,False,False,setup_not_proper_or_not_tight; risk_not_low,watchlist,weekly_near_pivot,watchlist,51.83,"Stage 2, Advancing, trend_template_ok, weekly_vcp_ok, weekly_strong, flags=Wider Risk;Low Liquidity",23
APLAPOLLO.NS,APL Apollo Tubes Limited,Steel,Basic Materials,Basic Materials,True,F&O,1,Stage 2,Stage 2,Advancing,0.8,Price is above constructive weekly and long-term trend structure with improving relative strength.,Stage 2 - Advancing,51.28,Very Strong,Volume Drying Up,Volume Drying Up (0.73x vs 10W Avg),28.64,Outperformed Nifty by 28.64% in 3 Months,True,Medium,Wider Risk; Low Liquidity,10.27,100.0,87.5,68.2,58.0,62.45,True,True,False,False,risk_not_low,watchlist,weekly_near_pivot,watchlist,61.28,"Stage 2, Advancing, trend_template_ok, weekly_vcp_ok, volume_dryup, weekly_volume_dryup, weekly_strong, flags=Wider Risk;Low Liquidity",24
SHYAMMETL.NS,Shyam Metalics and Energy Limited,Steel,Basic Materials,Basic Materials,False,Cash,1,Stage 2,Stage 2,Advancing,0.9,Price is above constructive weekly and long-term trend structure with improving relative strength.,Stage 2 - Advancing,43.69,Very Strong,Volume Normal,Volume Normal (1.01x vs 10W Avg),18.4,Outperformed Nifty by 18.4% in 3 Months,True,Medium,Wider Risk; Low Liquidity,8.44,100.0,100.0,54.8,58.0,62.23,True,False,False,False,setup_not_proper_or_not_tight; risk_not_low,watchlist,weekly_watchlist,watchlist,53.69,"Stage 2, Advancing, trend_template_ok, flags=Wider Risk;Low Liquidity",25
MAHLOG.NS,Mahindra Logistics Limited,Industrials,Industrials,Industrials,False,Cash,1,Stage 2,Stage 2,Advancing,0.9,Price is above constructive weekly and long-term trend structure with improving relative strength.,Stage 2 - Advancing,47.87,Very Strong,Volume Expanding,Volume Normal (1.46x vs 10W Avg),16.66,Outperformed Nifty by 16.66% in 3 Months,True,Medium,Wider Risk; Low Liquidity,9.17,100.0,100.0,53.8,58.0,61.99,True,False,False,False,setup_not_proper_or_not_tight; risk_not_low,watchlist,weekly_watchlist,watchlist,47.87,"Stage 2, Advancing, trend_template_ok, flags=Wider Risk;Low Liquidity",26
SAREGAMA.NS,Saregama India Limited,Communication Services,Communication Services,Communication Services,False,Cash,1,Stage 2,Stage 2,Advancing,0.8,Price is above constructive weekly and long-term trend structure with improving relative strength.,Stage 2 - Advancing,45.95,Very Strong,Volume Drying Up,Volume Drying Up (0.78x vs 10W Avg),10.59,Outperformed Nifty by 10.59% in 3 Months,True,Medium,Low Liquidity,5.02,100.0,75.0,62.0,82.0,61.8,True,False,True,False,setup_not_proper_or_not_tight,near_pivot,weekly_watchlist,watchlist,50.95,"Stage 2, Advancing, trend_template_ok, daily_vcp_ok, volume_dryup, weekly_volume_dryup, flags=Low Liquidity",27
AGARWALEYE.NS,Dr. Agarwal's Health Care Limited,Healthcare,Healthcare,Healthcare,False,Cash,1,Failed Stage 2,Stage 1,Failed Stage 2,0.72,"This stock was recently Stage 2, but the latest structure no longer satisfies Stage 2 rules. It is kept as Failed Stage 2 until a fresh base/repair structure forms.",Failed Stage 2,37.98,Strong,Volume Drying Up,Volume Drying Up (0.28x vs 10W Avg),7.16,Outperformed Nifty by 7.16% in 3 Months,False,Medium,Wider Risk,10.8,75.99,62.5,72.2,58.0,61.65,True,True,False,False,risk_not_low; not_confirmed_stage2,watchlist,weekly_watchlist,watchlist,39.98,"Stage 1, Stage 1, weekly_vcp_ok, volume_dryup, weekly_volume_dryup, weekly_strong, flags=Wider Risk, stage1_not_actionable, stage1_needs_more_base | Stage 2 failed state applied from stage memory.",28
GLAND.NS,Gland Pharma Limited,Drug Manufacturers - Specialty & Generic,Healthcare,Healthcare,False,Cash,1,Stage 2,Stage 2,Advancing,0.9,Price is above constructive weekly and long-term trend structure with improving relative strength.,Stage 2 - Advancing,47.43,Very Strong,Volume Drying Up,Volume Drying Up (0.63x vs 10W Avg),25.4,Outperformed Nifty by 25.4% in 3 Months,True,Medium,Wider Risk; Low Liquidity,8.21,100.0,100.0,52.0,58.0,61.56,True,False,False,False,setup_not_proper_or_not_tight; risk_not_low,watchlist,weekly_watchlist,watchlist,57.43,"Stage 2, Advancing, trend_template_ok, volume_dryup, weekly_volume_dryup, flags=Wider Risk;Low Liquidity",29
TBOTEK.NS,TBO Tek Limited,Consumer Cyclical,Consumer Cyclical,Consumer Cyclical,False,Cash,1,Stage 2,Stage 2,Advancing,0.8,Price is above constructive weekly and long-term trend structure with improving relative strength.,Stage 2 - Advancing,49.0,Very Strong,Volume Drying Up,Volume Drying Up (0.73x vs 10W Avg),17.52,Outperformed Nifty by 17.52% in 3 Months,True,Medium,Wider Risk,8.47,100.0,87.5,22.0,58.0,61.36,True,False,False,False,setup_not_proper_or_not_tight; risk_not_low,watchlist,weekly_watchlist,watchlist,51.0,"Stage 2, Advancing, trend_template_ok, weekly_volume_dryup, flags=Wider Risk",30
CRISIL.NS,CRISIL Limited,Financial Services,Financial Services,Financial Services,False,Cash,1,Failed Stage 2,Stage 1,Failed Stage 2,0.72,"This stock was recently Stage 2, but the latest structure no longer satisfies Stage 2 rules. It is kept as Failed Stage 2 until a fresh base/repair structure forms.",Failed Stage 2,39.89,Very Strong,Volume Normal,Volume Normal (0.86x vs 10W Avg),17.85,Outperformed Nifty by 17.85% in 3 Months,False,Medium,Wider Risk,9.39,80.0,62.5,66.87,58.0,61.33,True,True,False,False,risk_not_low; not_confirmed_stage2,watchlist,weekly_watchlist,watchlist,39.89,"Stage 1, Stage 1, weekly_vcp_ok, weekly_volume_dryup, weekly_strong, flags=Wider Risk, stage1_not_actionable, stage1_needs_more_base | Stage 2 failed state applied from stage memory.",31
IIFLCAPS.NS,IIFL Capital Services Limited,Capital Markets,Financial Services,Financial Services,False,Cash,1,Stage 2,Stage 2,Advancing,0.8,Price is above constructive weekly and long-term trend structure with improving relative strength.,Stage 2 - Advancing,59.06,Very Strong,Volume Expanding,Volume Expanding (1.74x vs 10W Avg),8.88,Outperformed Nifty by 8.88% in 3 Months,True,Medium,Wide Weekly Base; Low Liquidity,6.15,100.0,87.5,70.2,82.0,60.77,True,True,True,False,No Internal Gaps,watchlist,weekly_near_pivot,watchlist,59.06,"Stage 2, Advancing, trend_template_ok, weekly_vcp_ok, weekly_strong, flags=Wide Weekly Base;Low Liquidity",32
CEIGALL.NS,Ceigall India Limited,Engineering & Construction,Industrials,Industrials,False,Cash,1,Stage 2,Stage 2,Advancing,0.9,Price is above constructive weekly and long-term trend structure with improving relative strength.,Stage 2 - Advancing,42.77,Very Strong,Volume Drying Up,Volume Drying Up (0.52x vs 10W Avg),13.75,Outperformed Nifty by 13.75% in 3 Months,True,Medium,Wider Risk; Low Liquidity,9.07,100.0,100.0,48.0,58.0,60.6,True,False,False,False,setup_not_proper_or_not_tight; risk_not_low,watchlist,weekly_watchlist,watchlist,42.77,"Stage 2, Advancing, trend_template_ok, volume_dryup, weekly_volume_dryup, flags=Wider Risk;Low Liquidity",33
LXCHEM.NS,Laxmi Organic Industries Limited,Specialty Chemicals,Basic Materials,Basic Materials,False,Cash,1,Stage 2,Stage 2,Advancing,0.9,Price is above constructive weekly and long-term trend structure with improving relative strength.,Stage 2 - Advancing,41.2,Very Strong,Volume Drying Up,Volume Drying Up (0.52x vs 10W Avg),19.39,Outperformed Nifty by 19.39% in 3 Months,True,Medium,Wider Risk; Low Liquidity,9.18,95.0,100.0,48.0,58.0,59.4,True,False,False,False,setup_not_proper_or_not_tight; risk_not_low,watchlist,weekly_watchlist,watchlist,46.2,"Stage 2, Advancing, trend_template_ok, volume_dryup, weekly_volume_dryup, flags=Wider Risk;Low Liquidity",34
PCBL.NS,PCBL Chemical Limited,Specialty Chemicals,Basic Materials,Basic Materials,False,Cash,1,Stage 2,Stage 2,Advancing,0.9,Price is above constructive weekly and long-term trend structure with improving relative strength.,Stage 2 - Advancing,40.67,Very Strong,Volume Drying Up,Volume Drying Up (0.36x vs 10W Avg),10.95,Outperformed Nifty by 10.95% in 3 Months,True,Medium,Wider Risk; Low Liquidity,11.57,94.85,100.0,48.0,58.0,59.36,True,False,False,False,setup_not_proper_or_not_tight; risk_not_low,forming_vcp,weekly_watchlist,watchlist,45.67,"Stage 2, Advancing, trend_template_ok, daily_vcp_ok, volume_dryup, weekly_volume_dryup, flags=Wider Risk;Low Liquidity",35
KMEW.NS,Knowledge Marine & Engineering Works Limited,Marine Shipping,Industrials,Industrials,False,Cash,1,Stage 2,Stage 2,Extended,0.78,"Weekly advancing structure remains intact, but price is stretched versus key moving averages.",Stage 2 - Extended,49.48,Very Strong,Volume Expanding,Volume Expanding (1.94x vs 10W Avg),41.52,Outperformed Nifty by 41.52% in 3 Months,True,Medium,Extended; Wider Risk; Low Liquidity,11.63,100.0,100.0,42.0,58.0,59.16,True,False,False,False,setup_not_proper_or_not_tight; risk_not_low; extended_structure,watchlist,weekly_watchlist,watchlist,59.48,"Stage 2, Extended, trend_template_ok, flags=Extended;Wider Risk;Low Liquidity",36
ASAHIINDIA.NS,Asahi India Glass Limited,Auto Parts,Consumer Cyclical,Consumer Cyclical,False,Cash,1,Stage 1,Stage 1,Stage 1,0.68,Price is building a base around long-term weekly structure without a confirmed advancing phase.,Stage 1,31.31,Very Strong,Volume Drying Up,Volume Normal (0.87x vs 10W Avg),16.98,Outperformed Nifty by 16.98% in 3 Months,False,Medium,Low Liquidity,7.7,100.0,62.5,63.0,82.0,59.04,True,False,True,False,setup_not_proper_or_not_tight; not_confirmed_stage2,watchlist,weekly_watchlist,watchlist,36.31,"Stage 1, Stage 1, stage1_base_ready, daily_vcp_ok, volume_dryup, weekly_volume_dryup, flags=Low Liquidity",37
APLLTD.NS,Alembic Pharmaceuticals Limited,Drug Manufacturers - Specialty & Generic,Healthcare,Healthcare,False,Cash,1,Stage 2,Stage 2,Advancing,0.8,Price is above constructive weekly and long-term trend structure with improving relative strength.,Stage 2 - Advancing,47.81,Strong,Volume Expanding,Volume Expanding (2.26x vs 10W Avg),7.05,Outperformed Nifty by 7.05% in 3 Months,False,Medium,Low Liquidity,6.96,76.34,62.5,85.1,82.0,58.67,True,True,True,False,No Internal Gaps,watchlist,weekly_breakout,watchlist,57.81,"Stage 2, Advancing, weekly_vcp_ok, weekly_strong, flags=Low Liquidity",38
TATVA.NS,Tatva Chintan Pharma Chem Limited,Specialty Chemicals,Basic Materials,Basic Materials,False,Cash,1,Stage 2,Stage 2,Advancing,0.9,Price is above constructive weekly and long-term trend structure with improving relative strength.,Stage 2 - Advancing,36.24,Very Strong,Volume Drying Up,Volume Drying Up (0.53x vs 10W Avg),49.09,Outperformed Nifty by 49.09% in 3 Months,True,Medium,Low Liquidity,6.17,100.0,100.0,23.0,82.0,58.44,True,False,True,False,setup_not_proper_or_not_tight,watchlist,weekly_watchlist,watchlist,41.24,"Stage 2, Advancing, trend_template_ok, weekly_volume_dryup, flags=Low Liquidity",39
AJANTPHARM.NS,Ajanta Pharma Limited,Drug Manufacturers - Specialty & Generic,Healthcare,Healthcare,False,Cash,1,Stage 2,Stage 2,Advancing,0.9,Price is above constructive weekly and long-term trend structure with improving relative strength.,Stage 2 - Advancing,38.3,Very Strong,Volume Expanding,Volume Normal (1.36x vs 10W Avg),15.11,Outperformed Nifty by 15.11% in 3 Months,True,Medium,Low Liquidity,5.62,100.0,100.0,22.0,82.0,58.2,True,False,True,False,setup_not_proper_or_not_tight,watchlist,weekly_watchlist,watchlist,48.3,"Stage 2, Advancing, trend_template_ok, flags=Low Liquidity",40
SHRIPISTON.NS,Shriram Pistons & Rings Limited,Auto Parts,Consumer Cyclical,Consumer Cyclical,False,Cash,1,Stage 2,Stage 2,Advancing,0.9,Price is above constructive weekly and long-term trend structure with improving relative strength.,Stage 2 - Advancing,39.32,Very Strong,Volume Expanding,Volume Expanding (2.00x vs 10W Avg),17.28,Outperformed Nifty by 17.28% in 3 Months,True,Medium,Low Liquidity,6.59,100.0,100.0,22.0,82.0,58.2,True,False,True,False,setup_not_proper_or_not_tight,watchlist,weekly_watchlist,watchlist,44.32,"Stage 2, Advancing, trend_template_ok, flags=Low Liquidity",41
TCPLPACK.NS,TCPL Packaging Limited,Consumer Cyclical,Consumer Cyclical,Consumer Cyclical,False,Cash,1,Stage 2,Stage 2,Advancing,0.9,Price is above constructive weekly and long-term trend structure with improving relative strength.,Stage 2 - Advancing,52.52,Very Strong,Volume Drying Up,Volume Drying Up (0.44x vs 10W Avg),46.6,Outperformed Nifty by 46.6% in 3 Months,True,Medium,Loose Structure; Wide Risk; Low Liquidity,12.23,100.0,100.0,78.2,35.0,58.17,True,True,False,False,risk_not_low,watchlist,weekly_near_pivot,watchlist,54.52,"Stage 2, Advancing, trend_template_ok, weekly_vcp_ok, volume_dryup, weekly_volume_dryup, weekly_strong, flags=Loose Structure;Wide Risk;Low Liquidity",42
GOODLUCK.NS,Goodluck India Limited,Steel,Basic Materials,Basic Materials,False,Cash,1,Stage 2,Stage 2,Advancing,0.9,Price is above constructive weekly and long-term trend structure with improving relative strength.,Stage 2 - Advancing,44.3,Strong,Volume Drying Up,Volume Drying Up (0.41x vs 10W Avg),9.46,Outperformed Nifty by 9.46% in 3 Months,True,Medium,Wider Risk; Low Liquidity,11.1,78.52,100.0,59.0,58.0,58.08,True,False,False,False,setup_not_proper_or_not_tight; risk_not_low,watchlist,weekly_watchlist,watchlist,54.3,"Stage 2, Advancing, trend_template_ok, volume_dryup, weekly_volume_dryup, flags=Wider Risk;Low Liquidity",43
GULFOILLUB.NS,Gulf Oil Lubricants India Limited,Specialty Chemicals,Basic Materials,Basic Materials,False,Cash,1,Stage 2,Stage 2,Advancing,0.8,Price is above constructive weekly and long-term trend structure with improving relative strength.,Stage 2 - Advancing,39.51,Very Strong,Volume Drying Up,Volume Drying Up (0.57x vs 10W Avg),14.15,Outperformed Nifty by 14.15% in 3 Months,True,Medium,Low Liquidity,7.4,100.0,87.5,34.0,82.0,58.08,True,False,True,False,setup_not_proper_or_not_tight,watchlist,weekly_watchlist,watchlist,44.51,"Stage 2, Advancing, trend_template_ok, volume_dryup, weekly_volume_dryup, flags=Low Liquidity",44
UJJIVANSFB.NS,Ujjivan Small Finance Bank Limited,Banks - Regional,Financial Services,Financial Services,False,Cash,1,Stage 2,Stage 2,Advancing,0.8,Price is above constructive weekly and long-term trend structure with improving relative strength.,Stage 2 - Advancing,37.19,Very Strong,Volume Drying Up,Volume Normal (1.16x vs 10W Avg),19.71,Outperformed Nifty by 19.71% in 3 Months,True,Low,Low Liquidity,1.09,100.0,75.0,34.0,100.0,57.96,True,False,True,False,setup_not_proper_or_not_tight,watchlist,weekly_watchlist,watchlist,39.19,"Stage 2, Advancing, trend_template_ok, volume_dryup, flags=Low Liquidity",45
HSCL.NS,Himadri Speciality Chemical Limited,Specialty Chemicals,Basic Materials,Basic Materials,False,Cash,1,Stage 2,Stage 2,Advancing,0.8,Price is above constructive weekly and long-term trend structure with improving relative strength.,Stage 2 - Advancing,49.94,Strong,Volume Drying Up,Volume Drying Up (0.26x vs 10W Avg),5.87,Outperformed Nifty by 5.87% in 3 Months,True,Low,Wider Risk; Low Liquidity,8.7,75.28,75.0,86.2,58.0,57.84,True,True,False,False,risk_not_low,watchlist,weekly_forming,watchlist,54.94,"Stage 2, Advancing, trend_template_ok, weekly_vcp_ok, volume_dryup, weekly_volume_dryup, weekly_strong, flags=Wider Risk;Low Liquidity",46
POWERMECH.NS,Power Mech Projects Limited,Engineering & Construction,Industrials,Industrials,False,Cash,1,Not Sure,Stage 2,Pending Stage 2,0.55,Stage 2 pending confirmation: needs 3 raw Stage 2 runs; current count 1.,Not Sure - Unclear,42.84,Strong,Volume Expanding,Volume Expanding (1.79x vs 10W Avg),0.04,Outperformed Nifty by 0.04% in 3 Months,True,Low,Low Liquidity,7.67,70.03,100.0,50.0,82.0,57.73,True,False,True,False,setup_not_proper_or_not_tight,watchlist,weekly_watchlist,watchlist,42.84,"Stage 2, Advancing, trend_template_ok, flags=Low Liquidity | Stage 2 pending confirmation: needs 3 raw Stage 2 runs; current count 1.",47
SHARDAMOTR.NS,Sharda Motor Industries Limited,Auto Parts,Consumer Cyclical,Consumer Cyclical,False,Cash,1,Stage 2,Stage 2,Advancing,0.8,Price is above constructive weekly and long-term trend structure with improving relative strength.,Stage 2 - Advancing,60.67,Very Strong,Volume Drying Up,Volume Drying Up (0.63x vs 10W Avg),15.59,Outperformed Nifty by 15.59% in 3 Months,True,Low,Wide Risk,15.62,95.0,87.5,73.0,15.0,57.52,True,True,False,False,risk_not_low,watchlist,weekly_breakout,watchlist,65.67,"Stage 2, Advancing, trend_template_ok, weekly_vcp_ok, weekly_volume_dryup, weekly_strong, flags=Wide Risk",48
PETRONET.NS,Petronet LNG Limited,Oil & Gas Refining & Marketing,Energy,Energy,True,F&O,1,Stage 3,Stage 3,Early,0.68,"Prior strength has shifted into a Stage 3 transition based on trend, relative strength, and volume evidence.",Stage 3 Early,30.25,Very Strong,Volume Normal,Volume Normal (1.15x vs 10W Avg),10.07,Outperformed Nifty by 10.07% in 3 Months,False,Low,Low Liquidity,7.44,92.13,62.5,64.1,82.0,57.42,True,False,True,False,setup_not_proper_or_not_tight; not_confirmed_stage2,watchlist,weekly_watchlist,watchlist,35.25,"Stage 3, Early, weekly_vcp_ok, weekly_strong, flags=Low Liquidity, distribution_or_weakening_risk",49
RPGLIFE.NS,RPG Life Sciences Limited,Drug Manufacturers - Specialty & Generic,Healthcare,Healthcare,False,Cash,1,Stage 2,Stage 2,Advancing,0.9,Price is above constructive weekly and long-term trend structure with improving relative strength.,Stage 2 - Advancing,43.65,Very Strong,Volume Expanding,Volume Expanding (2.95x vs 10W Avg),33.72,Outperformed Nifty by 33.72% in 3 Months,True,Low,Wider Risk; Low Liquidity,9.97,100.0,100.0,34.0,58.0,57.24,True,False,False,False,setup_not_proper_or_not_tight; risk_not_low,watchlist,weekly_watchlist,watchlist,53.65,"Stage 2, Advancing, trend_template_ok, flags=Wider Risk;Low Liquidity",50
MOTHERSON.NS,Samvardhana Motherson International Limited,Auto Parts,Consumer Cyclical,Consumer Cyclical,True,F&O,1,Stage 2,Stage 2,Advancing,0.9,Price is above constructive weekly and long-term trend structure with improving relative strength.,Stage 2 - Advancing,40.39,Very Strong,Volume Drying Up,Volume Normal (0.98x vs 10W Avg),19.33,Outperformed Nifty by 19.33% in 3 Months,True,Low,Wider Risk; Low Liquidity,8.28,100.0,100.0,34.0,58.0,57.24,True,False,False,False,setup_not_proper_or_not_tight; risk_not_low,watchlist,weekly_watchlist,watchlist,45.39,"Stage 2, Advancing, trend_template_ok, volume_dryup, flags=Wider Risk;Low Liquidity",51
EMCURE.NS,Emcure Pharmaceuticals Limited,Drug Manufacturers - Specialty & Generic,Healthcare,Healthcare,False,Cash,1,Stage 2,Stage 2,Advancing,0.9,Price is above constructive weekly and long-term trend structure with improving relative strength.,Stage 2 - Advancing,36.83,Very Strong,Volume Drying Up,Volume Drying Up (0.61x vs 10W Avg),12.89,Outperformed Nifty by 12.89% in 3 Months,True,Low,Wider Risk; Low Liquidity,10.11,100.0,100.0,31.8,58.0,56.71,True,False,False,False,setup_not_proper_or_not_tight; risk_not_low,watchlist,weekly_watchlist,watchlist,46.83,"Stage 2, Advancing, trend_template_ok, weekly_volume_dryup, flags=Wider Risk;Low Liquidity",52
KOTAKBANK.NS,Kotak Mahindra Bank Limited,Banks - Regional,Financial Services,Financial Services,True,F&O,1,Stage 1,Stage 1,Stage 1,0.68,Price is building a base around long-term weekly structure without a confirmed advancing phase.,Stage 1,29.61,Very Strong,Volume Expanding,Volume Expanding (1.88x vs 10W Avg),16.35,Outperformed Nifty by 16.35% in 3 Months,False,Low,Wider Risk; Low Liquidity,8.18,100.0,75.0,56.2,58.0,56.57,True,False,False,False,setup_not_proper_or_not_tight; risk_not_low; not_confirmed_stage2,watchlist,weekly_watchlist,watchlist,31.61,"Stage 1, Stage 1, stage1_base_ready, weekly_vcp_ok, weekly_strong, flags=Wider Risk;Low Liquidity, stage1_not_actionable",53
LGBBROSLTD.NS,LG Balakrishnan & Bros Limited,Auto Parts,Consumer Cyclical,Consumer Cyclical,False,Cash,1,Not Sure,Not Sure,Not Sure,0.0,Stage rules did not identify a reliable structure.,Not Sure - Unclear,20.31,Very Strong,Volume Normal,Volume Normal (0.87x vs 10W Avg),17.64,Outperformed Nifty by 17.64% in 3 Months,False,Low,Wider Risk; Low Liquidity,8.33,100.0,75.0,55.4,58.0,56.38,True,False,False,False,setup_not_proper_or_not_tight; risk_not_low; not_confirmed_stage2,watchlist,weekly_watchlist,watchlist,25.31,"Not Sure, Unclear, weekly_volume_dryup, flags=Wider Risk;Low Liquidity",54
HAL.NS,Hindustan Aeronautics Limited,Aerospace & Defense,Industrials,Industrials,True,F&O,1,Stage 2,Stage 2,Advancing,0.8,Price is above constructive weekly and long-term trend structure with improving relative strength.,Stage 2 - Advancing,49.94,Very Strong,Volume Drying Up,Volume Normal (0.88x vs 10W Avg),12.13,Outperformed Nifty by 12.13% in 3 Months,True,Low,Wider Risk; Low Liquidity,11.66,80.0,75.0,75.2,58.0,56.33,True,True,False,False,risk_not_low,watchlist,weekly_forming,watchlist,59.94,"Stage 2, Advancing, trend_template_ok, weekly_vcp_ok, volume_dryup, weekly_volume_dryup, weekly_strong, flags=Wider Risk;Low Liquidity",55
SPLPETRO.NS,Supreme Petrochem Limited,Specialty Chemicals,Basic Materials,Basic Materials,False,Cash,1,Stage 2,Stage 2,Advancing,0.9,Price is above constructive weekly and long-term trend structure with improving relative strength.,Stage 2 - Advancing,51.1,Strong,Volume Normal,Volume Normal (1.04x vs 10W Avg),18.99,Outperformed Nifty by 18.99% in 3 Months,True,Low,Wide Risk; Low Liquidity,14.58,78.25,100.0,65.1,35.0,55.8,True,True,False,False,risk_not_low,watchlist,weekly_breakout,watchlist,56.1,"Stage 2, Advancing, trend_template_ok, weekly_vcp_ok, weekly_strong, flags=Wide Risk;Low Liquidity",56
NUVOCO.NS,Nuvoco Vistas Corporation Limited,Building Materials,Basic Materials,Basic Materials,False,Cash,1,Not Sure,Stage 1,Pending Stage 1,0.55,Blocked public stage jump Stage 3 -> Stage 1; waiting for intermediate/confirmed structure.,Not Sure - Unclear,31.28,Very Strong,Volume Drying Up,Volume Drying Up (0.59x vs 10W Avg),13.01,Outperformed Nifty by 13.01% in 3 Months,False,Low,Wider Risk; Low Liquidity,9.17,95.0,62.5,70.2,58.0,55.73,True,True,False,False,risk_not_low; not_confirmed_stage2,watchlist,weekly_watchlist,watchlist,31.28,"Stage 1, Stage 1, stage1_base_ready, weekly_vcp_ok, weekly_volume_dryup, weekly_strong, flags=Wider Risk;Low Liquidity, stage1_not_actionable | Blocked public stage jump Stage 3 -> Stage 1; waiting for intermediate/confirmed structure.",57
KSL.NS,Kalyani Steels Limited,Steel,Basic Materials,Basic Materials,False,Cash,1,Stage 2,Stage 2,Advancing,0.9,Price is above constructive weekly and long-term trend structure with improving relative strength.,Stage 2 - Advancing,46.98,Very Strong,Volume Normal,Volume Normal (0.97x vs 10W Avg),17.91,Outperformed Nifty by 17.91% in 3 Months,True,Low,Wide Risk; Low Liquidity,12.91,100.0,100.0,42.2,35.0,55.53,True,False,False,False,setup_not_proper_or_not_tight; risk_not_low,watchlist,weekly_near_pivot,watchlist,56.98,"Stage 2, Advancing, trend_template_ok, weekly_vcp_ok, weekly_strong, flags=Wide Risk;Low Liquidity",58
PNB.NS,Punjab National Bank,Banks - Regional,Financial Services,Financial Services,True,F&O,1,Stage 3,Stage 3,Early,0.68,"Prior strength has shifted into a Stage 3 transition based on trend, relative strength, and volume evidence.",Stage 3 Early,31.37,Strong,Volume Normal,Volume Normal (0.99x vs 10W Avg),15.21,Outperformed Nifty by 15.21% in 3 Months,False,Low,Low Liquidity,6.44,76.97,62.5,71.2,82.0,55.48,True,False,True,False,setup_not_proper_or_not_tight; not_confirmed_stage2,watchlist,weekly_watchlist,watchlist,33.37,"Stage 3, Early, weekly_vcp_ok, weekly_strong, flags=Low Liquidity, distribution_or_weakening_risk",59
MPSLTD.NS,MPS Limited,Communication Services,Communication Services,Communication Services,False,Cash,1,Stage 2,Stage 2,Advancing,0.8,Price is above constructive weekly and long-term trend structure with improving relative strength.,Stage 2 - Advancing,47.84,Very Strong,Volume Drying Up,Volume Drying Up (0.20x vs 10W Avg),40.99,Outperformed Nifty by 40.99% in 3 Months,True,Low,Loose Structure; Low Liquidity,6.39,100.0,75.0,60.2,82.0,55.37,True,False,True,False,setup_not_proper_or_not_tight,watchlist,weekly_forming,watchlist,52.84,"Stage 2, Advancing, trend_template_ok, weekly_vcp_ok, volume_dryup, weekly_volume_dryup, weekly_strong, flags=Loose Structure;Low Liquidity",60
NAZARA.NS,Nazara Technologies Limited,Communication Services,Communication Services,Communication Services,False,Cash,1,Stage 2,Stage 2,Advancing,0.9,Price is above constructive weekly and long-term trend structure with improving relative strength.,Stage 2 - Advancing,45.31,Very Strong,Volume Drying Up,Volume Normal (0.97x vs 10W Avg),38.34,Outperformed Nifty by 38.34% in 3 Months,True,Low,Loose Structure; Wider Risk; Low Liquidity,9.05,100.0,100.0,51.2,58.0,55.37,True,False,False,False,setup_not_proper_or_not_tight; risk_not_low,watchlist,weekly_breakout,watchlist,50.31,"Stage 2, Advancing, trend_template_ok, weekly_vcp_ok, volume_dryup, weekly_strong, flags=Loose Structure;Wider Risk;Low Liquidity",61
KTKBANK.NS,The Karnataka Bank Limited,Banks - Regional,Financial Services,Financial Services,False,Cash,1,Stage 2,Stage 2,Advancing,0.9,Price is above constructive weekly and long-term trend structure with improving relative strength.,Stage 2 - Advancing,34.78,Very Strong,Volume Drying Up,Volume Drying Up (0.43x vs 10W Avg),33.75,Outperformed Nifty by 33.75% in 3 Months,True,Low,Wider Risk; Low Liquidity,10.29,100.0,100.0,26.0,58.0,55.32,True,False,False,False,setup_not_proper_or_not_tight; risk_not_low,watchlist,weekly_watchlist,watchlist,36.78,"Stage 2, Advancing, trend_template_ok, volume_dryup, weekly_volume_dryup, flags=Wider Risk;Low Liquidity",62
PNBHOUSING.NS,PNB Housing Finance Limited,Mortgage Finance,Financial Services,Financial Services,True,F&O,1,Stage 2,Stage 2,Advancing,0.8,Price is above constructive weekly and long-term trend structure with improving relative strength.,Stage 2 - Advancing,54.22,Strong,Volume Drying Up,Volume Drying Up (0.85x vs 10W Avg),10.37,Outperformed Nifty by 10.37% in 3 Months,True,Low,Wider Risk; Low Liquidity,9.36,79.34,75.0,71.2,58.0,55.21,True,True,False,False,risk_not_low,watchlist,weekly_near_pivot,watchlist,54.22,"Stage 2, Advancing, trend_template_ok, weekly_vcp_ok, weekly_volume_dryup, weekly_strong, flags=Wider Risk;Low Liquidity",63
LAURUSLABS.NS,Laurus Labs Limited,Drug Manufacturers - Specialty & Generic,Healthcare,Healthcare,True,F&O,1,Stage 2,Stage 2,Extended,0.78,"Weekly advancing structure remains intact, but price is stretched versus key moving averages.",Stage 2 - Extended,44.39,Very Strong,Volume Drying Up,Volume Drying Up (0.58x vs 10W Avg),36.28,Outperformed Nifty by 36.28% in 3 Months,True,Low,Loose Structure; Extended; Wider Risk; Low Liquidity,9.49,100.0,100.0,50.2,58.0,55.13,True,False,False,False,setup_not_proper_or_not_tight; risk_not_low; extended_structure,watchlist,weekly_breakout,watchlist,54.39,"Stage 2, Extended, trend_template_ok, weekly_vcp_ok, volume_dryup, weekly_volume_dryup, weekly_strong, flags=Loose Structure;Extended;Wider Risk;Low Liquidity",64
REDINGTON.NS,Redington Limited,Information Technology Services,Technology,Technology,False,Cash,1,Stage 2,Stage 2,Extended,0.78,"Weekly advancing structure remains intact, but price is stretched versus key moving averages.",Stage 2 - Extended,44.95,Very Strong,Volume Drying Up,Volume Drying Up (0.46x vs 10W Avg),53.86,Outperformed Nifty by 53.86% in 3 Months,True,Low,Loose Structure; Extended; Wider Risk; Low Liquidity,11.67,100.0,100.0,50.2,58.0,55.13,True,False,False,False,setup_not_proper_or_not_tight; risk_not_low; extended_structure,watchlist,weekly_breakout,watchlist,44.95,"Stage 2, Extended, trend_template_ok, weekly_vcp_ok, volume_dryup, weekly_volume_dryup, weekly_strong, flags=Loose Structure;Extended;Wider Risk;Low Liquidity",65
ICIL.NS,Indo Count Industries Limited,Textile Manufacturing,Consumer Cyclical,Consumer Cyclical,False,Cash,1,Stage 2,Stage 2,Advancing,0.9,Price is above constructive weekly and long-term trend structure with improving relative strength.,Stage 2 - Advancing,45.02,Very Strong,Volume Drying Up,Volume Drying Up (0.44x vs 10W Avg),13.87,Outperformed Nifty by 13.87% in 3 Months,True,Low,Wide Risk; Low Liquidity,14.49,100.0,100.0,40.0,35.0,55.0,True,False,False,False,setup_not_proper_or_not_tight; risk_not_low,watchlist,weekly_watchlist,watchlist,50.02,"Stage 2, Advancing, trend_template_ok, volume_dryup, weekly_volume_dryup, flags=Wide Risk;Low Liquidity",66
KPIL.NS,Kalpataru Projects International Limited,Engineering & Construction,Industrials,Industrials,False,Cash,1,Stage 2,Stage 2,Advancing,0.9,Price is above constructive weekly and long-term trend structure with improving relative strength.,Stage 2 - Advancing,41.0,Strong,Volume Drying Up,Volume Drying Up (0.66x vs 10W Avg),6.81,Outperformed Nifty by 6.81% in 3 Months,True,Low,Wider Risk; Low Liquidity,8.37,76.13,100.0,48.0,58.0,54.87,True,False,False,False,setup_not_proper_or_not_tight; risk_not_low,forming_vcp,weekly_watchlist,watchlist,41.0,"Stage 2, Advancing, trend_template_ok, daily_vcp_ok, volume_dryup, weekly_volume_dryup, flags=Wider Risk;Low Liquidity",67
ASKAUTOLTD.NS,ASK Automotive Limited,Auto Parts,Consumer Cyclical,Consumer Cyclical,False,Cash,1,Stage 2,Stage 2,Advancing,0.9,Price is above constructive weekly and long-term trend structure with improving relative strength.,Stage 2 - Advancing,55.39,Very Strong,Volume Drying Up,Volume Drying Up (0.44x vs 10W Avg),48.46,Outperformed Nifty by 48.46% in 3 Months,True,Low,Loose Structure; Wide Risk; Low Liquidity,12.25,100.0,100.0,64.2,35.0,54.81,True,False,False,False,setup_not_proper_or_not_tight; risk_not_low,watchlist,weekly_near_pivot,watchlist,60.39,"Stage 2, Advancing, trend_template_ok, weekly_vcp_ok, volume_dryup, weekly_volume_dryup, weekly_strong, flags=Loose Structure;Wide Risk;Low Liquidity",68
VARROC.NS,Varroc Engineering Limited,Auto Parts,Consumer Cyclical,Consumer Cyclical,False,Cash,1,Stage 2,Stage 2,Advancing,0.9,Price is above constructive weekly and long-term trend structure with improving relative strength.,Stage 2 - Advancing,48.91,Very Strong,Volume Drying Up,Volume Drying Up (0.33x vs 10W Avg),37.64,Outperformed Nifty by 37.64% in 3 Months,True,Low,Loose Structure; Wider Risk; Low Liquidity,11.59,100.0,100.0,48.2,58.0,54.65,True,False,False,False,setup_not_proper_or_not_tight; risk_not_low,watchlist,weekly_near_pivot,watchlist,53.91,"Stage 2, Advancing, trend_template_ok, weekly_vcp_ok, volume_dryup, weekly_volume_dryup, weekly_strong, flags=Loose Structure;Wider Risk;Low Liquidity",69
MOTILALOFS.NS,Motilal Oswal Financial Services Limited,Capital Markets,Financial Services,Financial Services,True,F&O,1,Stage 2,Stage 2,Advancing,0.9,Price is above constructive weekly and long-term trend structure with improving relative strength.,Stage 2 - Advancing,53.88,Strong,Volume Drying Up,Volume Drying Up (0.66x vs 10W Avg),11.1,Outperformed Nifty by 11.1% in 3 Months,True,Low,Wide Weekly Base; Wider Risk; Low Liquidity,9.09,79.99,100.0,68.2,58.0,54.65,True,True,False,False,risk_not_low,watchlist,weekly_breakout,watchlist,53.88,"Stage 2, Advancing, trend_template_ok, weekly_vcp_ok, volume_dryup, weekly_volume_dryup, weekly_strong, flags=Wide Weekly Base;Wider Risk;Low Liquidity",70
SIS.NS,SIS LIMITED,Industrials,Industrials,Industrials,False,Cash,1,Stage 2,Stage 2,Advancing,0.8,Price is above constructive weekly and long-term trend structure with improving relative strength.,Stage 2 - Advancing,37.46,Very Strong,Volume Expanding,Volume Expanding (2.42x vs 10W Avg),5.16,Outperformed Nifty by 5.16% in 3 Months,True,Low,Low Liquidity,6.58,100.0,75.0,32.0,82.0,54.6,True,False,True,False,setup_not_proper_or_not_tight,watchlist,weekly_watchlist,watchlist,37.46,"Stage 2, Advancing, trend_template_ok, flags=Low Liquidity",71
LALPATHLAB.NS,Dr. Lal Path Labs Ltd.,Diagnostics & Research,Healthcare,Healthcare,False,Cash,1,Stage 2,Stage 2,Advancing,0.9,Price is above constructive weekly and long-term trend structure with improving relative strength.,Stage 2 - Advancing,38.58,Very Strong,Volume Expanding,Volume Normal (1.09x vs 10W Avg),24.97,Outperformed Nifty by 24.97% in 3 Months,True,Low,Wider Risk; Low Liquidity,8.68,100.0,100.0,22.0,58.0,54.36,True,False,False,False,setup_not_proper_or_not_tight; risk_not_low,watchlist,weekly_watchlist,watchlist,48.58,"Stage 2, Advancing, trend_template_ok, flags=Wider Risk;Low Liquidity",72
MBAPL.NS,Madhya Bharat Agro Products Limited,Agricultural Inputs,Basic Materials,Basic Materials,False,Cash,1,Stage 2,Stage 2,Extended,0.78,"Weekly advancing structure remains intact, but price is stretched versus key moving averages.",Stage 2 - Extended,39.5,Very Strong,Volume Drying Up,Volume Drying Up (0.80x vs 10W Avg),49.71,Outperformed Nifty by 49.71% in 3 Months,True,Low,Extended; Wider Risk; Low Liquidity,9.7,100.0,100.0,22.0,58.0,54.36,True,False,False,False,setup_not_proper_or_not_tight; risk_not_low; extended_structure,watchlist,weekly_watchlist,watchlist,39.5,"Stage 2, Extended, trend_template_ok, weekly_volume_dryup, flags=Extended;Wider Risk;Low Liquidity",73
GREENPLY.NS,Greenply Industries Limited,Basic Materials,Basic Materials,Basic Materials,False,Cash,1,Failed Stage 2,Stage 2,Failed Stage 2,0.7,Failed Stage 2 cooling period is still active; waiting for a fresh base or confirmed reclaim.,Failed Stage 2,37.38,Very Strong,Volume Expanding,Volume Expanding (1.88x vs 10W Avg),1.18,Outperformed Nifty by 1.18% in 3 Months,True,Low,Wider Risk; Low Liquidity,10.24,100.0,100.0,22.0,58.0,54.36,True,False,False,False,setup_not_proper_or_not_tight; risk_not_low,watchlist,weekly_watchlist,watchlist,37.38,"Stage 2, Advancing, trend_template_ok, flags=Wider Risk;Low Liquidity | Failed Stage 2 hold period active.",74
SAIL.NS,Steel Authority of India Limited,Steel,Basic Materials,Basic Materials,True,F&O,1,Stage 2,Stage 2,Advancing,0.9,Price is above constructive weekly and long-term trend structure with improving relative strength.,Stage 2 - Advancing,39.5,Strong,Volume Drying Up,Volume Normal (0.88x vs 10W Avg),15.45,Outperformed Nifty by 15.45% in 3 Months,True,Low,Wide Risk; Low Liquidity,13.88,79.23,100.0,58.0,35.0,54.34,True,False,False,False,setup_not_proper_or_not_tight; risk_not_low,forming_vcp,weekly_watchlist,watchlist,49.5,"Stage 2, Advancing, trend_template_ok, daily_vcp_ok, volume_dryup, weekly_volume_dryup, flags=Wide Risk;Low Liquidity",75
PHOENIXLTD.NS,The Phoenix Mills Limited,Real Estate,Real Estate,Real Estate,True,F&O,1,Stage 2,Stage 2,Advancing,0.9,Price is above constructive weekly and long-term trend structure with improving relative strength.,Stage 2 - Advancing,45.17,Strong,Volume Normal,Volume Normal (0.85x vs 10W Avg),-1.19,Underperformed Nifty by 1.19% in 3 Months,True,Low,Low Liquidity,5.24,68.93,100.0,70.2,82.0,54.31,False,False,True,False,not_true_leader; setup_not_proper_or_not_tight,near_pivot,weekly_forming,high_conviction_near_pivot,47.17,"Stage 2, Advancing, trend_template_ok, daily_vcp_ok, weekly_vcp_ok, weekly_volume_dryup, weekly_strong, flags=Low Liquidity",76
SOUTHBANK.NS,The South Indian Bank Limited,Banks - Regional,Financial Services,Financial Services,False,Cash,1,Stage 2,Stage 2,Advancing,0.9,Price is above constructive weekly and long-term trend structure with improving relative strength.,Stage 2 - Advancing,35.43,Strong,Volume Expanding,Volume Expanding (2.35x vs 10W Avg),10.76,Outperformed Nifty by 10.76% in 3 Months,True,Low,Low Liquidity,7.23,79.68,100.0,26.0,82.0,54.28,True,False,True,False,setup_not_proper_or_not_tight,watchlist,weekly_watchlist,watchlist,37.43,"Stage 2, Advancing, trend_template_ok, flags=Low Liquidity",77
SANGAMIND.NS,Sangam (India) Limited,Textile Manufacturing,Consumer Cyclical,Consumer Cyclical,False,Cash,1,Stage 2,Stage 2,Advancing,0.9,Price is above constructive weekly and long-term trend structure with improving relative strength.,Stage 2 - Advancing,30.49,Very Strong,Volume Expanding,Volume Expanding (3.10x vs 10W Avg),20.27,Outperformed Nifty by 20.27% in 3 Months,True,Low,Low Liquidity,5.92,100.0,100.0,5.0,82.0,54.12,True,False,True,False,setup_not_proper_or_not_tight,watchlist,weekly_watchlist,watchlist,35.49,"Stage 2, Advancing, trend_template_ok, flags=Low Liquidity",78
JSWSTEEL.NS,JSW Steel Limited,Steel,Basic Materials,Basic Materials,True,F&O,1,Stage 1,Stage 1,Stage 1,0.64,Price is building a base around long-term weekly structure without a confirmed advancing phase.,Stage 1,26.48,Very Strong,Volume Normal,Volume Normal (0.87x vs 10W Avg),8.2,Outperformed Nifty by 8.2% in 3 Months,False,Low,Low Liquidity,7.67,100.0,62.5,42.2,82.0,54.05,True,False,True,False,setup_not_proper_or_not_tight; not_confirmed_stage2,watchlist,weekly_watchlist,watchlist,36.48,"Stage 1, Stage 1, weekly_vcp_ok, weekly_volume_dryup, weekly_strong, flags=Low Liquidity, stage1_not_actionable, stage1_needs_more_base",79
ELGIEQUIP.NS,Elgi Equipments Limited,Specialty Industrial Machinery,Industrials,Industrials,False,Cash,1,Stage 2,Stage 2,Advancing,0.9,Price is above constructive weekly and long-term trend structure with improving relative strength.,Stage 2 - Advancing,33.62,Very Strong,Volume Drying Up,Volume Drying Up (0.41x vs 10W Avg),10.13,Outperformed Nifty by 10.13% in 3 Months,True,Low,Wider Risk; Low Liquidity,10.31,100.0,100.0,20.0,58.0,53.88,True,False,False,False,setup_not_proper_or_not_tight; risk_not_low,watchlist,weekly_watchlist,watchlist,43.62,"Stage 2, Advancing, trend_template_ok, volume_dryup, weekly_volume_dryup, flags=Wider Risk;Low Liquidity",80
GODREJAGRO.NS,Godrej Agrovet Limited,Packaged Foods,Consumer Defensive,Consumer Defensive,False,Cash,1,Failed Stage 2,Stage 1,Failed Stage 2,0.72,"This stock was recently Stage 2, but the latest structure no longer satisfies Stage 2 rules. It is kept as Failed Stage 2 until a fresh base/repair structure forms.",Failed Stage 2,27.07,Strong,Volume Drying Up,Volume Drying Up (0.48x vs 10W Avg),18.69,Outperformed Nifty by 18.69% in 3 Months,False,Low,Wider Risk; Low Liquidity,11.09,76.61,87.5,55.1,58.0,53.69,True,False,False,False,setup_not_proper_or_not_tight; risk_not_low; not_confirmed_stage2,watchlist,weekly_watchlist,watchlist,27.07,"Stage 1, Stage 1, weekly_vcp_ok, volume_dryup, weekly_volume_dryup, weekly_strong, flags=Wider Risk;Low Liquidity, stage1_not_actionable, stage1_needs_more_base | Stage 2 failed state applied from stage memory.",81
BALRAMCHIN.NS,Balrampur Chini Mills Limited,Consumer Defensive,Consumer Defensive,Consumer Defensive,False,Cash,1,Stage 2,Stage 2,Advancing,0.9,Price is above constructive weekly and long-term trend structure with improving relative strength.,Stage 2 - Advancing,42.76,Very Strong,Volume Drying Up,Volume Drying Up (0.49x vs 10W Avg),22.89,Outperformed Nifty by 22.89% in 3 Months,True,Low,Wide Risk; Low Liquidity,12.22,80.0,100.0,54.2,35.0,53.61,True,False,False,False,setup_not_proper_or_not_tight; risk_not_low,watchlist,weekly_forming,watchlist,42.76,"Stage 2, Advancing, trend_template_ok, weekly_vcp_ok, volume_dryup, weekly_volume_dryup, weekly_strong, flags=Wide Risk;Low Liquidity",82
ABDL.NS,Allied Blenders and Distillers Limited,Consumer Defensive,Consumer Defensive,Consumer Defensive,False,Cash,1,Stage 2,Stage 2,Extended,0.78,"Weekly advancing structure remains intact, but price is stretched versus key moving averages.",Stage 2 - Extended,39.28,Very Strong,Volume Expanding,Volume Expanding (4.40x vs 10W Avg),9.11,Outperformed Nifty by 9.11% in 3 Months,True,Low,Extended; Wide Risk; Low Liquidity,14.35,100.0,100.0,34.0,35.0,53.56,True,False,False,False,setup_not_proper_or_not_tight; risk_not_low; extended_structure,watchlist,weekly_watchlist,watchlist,39.28,"Stage 2, Extended, trend_template_ok, flags=Extended;Wide Risk;Low Liquidity",83
FEDFINA.NS,Fedbank Financial Services Limited,Credit Services,Financial Services,Financial Services,False,Cash,1,Failed Stage 2,Stage 1,Failed Stage 2,0.72,"This stock was recently Stage 2, but the latest structure no longer satisfies Stage 2 rules. It is kept as Failed Stage 2 until a fresh base/repair structure forms.",Failed Stage 2,30.36,Strong,Volume Normal,Volume Normal (1.08x vs 10W Avg),5.49,Outperformed Nifty by 5.49% in 3 Months,False,Low,Wider Risk,11.72,71.79,62.5,42.2,58.0,53.44,True,False,False,False,setup_not_proper_or_not_tight; risk_not_low; not_confirmed_stage2,watchlist,weekly_watchlist,watchlist,32.36,"Stage 1, Stage 1, weekly_vcp_ok, weekly_strong, flags=Wider Risk, stage1_not_actionable, stage1_needs_more_base | Stage 2 failed state applied from stage memory.",84
JSL.NS,Jindal Stainless Limited,Steel,Basic Materials,Basic Materials,False,Cash,1,Stage 1,Stage 1,Stage 1,0.68,Price is building a base around long-term weekly structure without a confirmed advancing phase.,Stage 1,26.22,Very Strong,Volume Normal,Volume Normal (1.43x vs 10W Avg),13.68,Outperformed Nifty by 13.68% in 3 Months,False,Low,Wider Risk; Low Liquidity,10.11,100.0,75.0,42.2,58.0,53.21,True,False,False,False,setup_not_proper_or_not_tight; risk_not_low; not_confirmed_stage2,watchlist,weekly_watchlist,watchlist,36.22,"Stage 1, Stage 1, weekly_vcp_ok, weekly_strong, flags=Wider Risk;Low Liquidity, stage1_not_actionable, stage1_needs_more_base",85
LLOYDSME.NS,Lloyds Metals And Energy Limited,Steel,Basic Materials,Basic Materials,False,Cash,1,Stage 2,Stage 2,Advancing,0.8,Price is above constructive weekly and long-term trend structure with improving relative strength.,Stage 2 - Advancing,34.86,Very Strong,Volume Drying Up,Volume Drying Up (0.70x vs 10W Avg),14.13,Outperformed Nifty by 14.13% in 3 Months,True,Low,Low Liquidity,4.0,80.0,75.0,34.0,100.0,53.16,True,False,True,False,setup_not_proper_or_not_tight,watchlist,weekly_watchlist,watchlist,44.86,"Stage 2, Advancing, trend_template_ok, volume_dryup, weekly_volume_dryup, flags=Low Liquidity",86
TVSMOTOR.NS,TVS Motor Company Limited,Auto Manufacturers,Consumer Cyclical,Consumer Cyclical,True,F&O,1,Failed Stage 2,Stage 2,Failed Stage 2,0.7,Failed Stage 2 cooling period is still active; waiting for a fresh base or confirmed reclaim.,Failed Stage 2,35.94,Very Strong,Volume Drying Up,Volume Drying Up (0.62x vs 10W Avg),17.62,Outperformed Nifty by 17.62% in 3 Months,False,Low,Wider Risk; Low Liquidity,8.79,100.0,62.5,54.2,58.0,53.09,True,False,False,False,setup_not_proper_or_not_tight; risk_not_low,watchlist,weekly_forming,watchlist,40.94,"Stage 2, Advancing, weekly_vcp_ok, volume_dryup, weekly_volume_dryup, weekly_strong, flags=Wider Risk;Low Liquidity | Failed Stage 2 hold period active.",87
IPCALAB.NS,IPCA Laboratories Limited,Drug Manufacturers - Specialty & Generic,Healthcare,Healthcare,False,Cash,1,Stage 2,Stage 2,Advancing,0.9,Price is above constructive weekly and long-term trend structure with improving relative strength.,Stage 2 - Advancing,33.45,Very Strong,Volume Drying Up,Volume Drying Up (0.61x vs 10W Avg),15.29,Outperformed Nifty by 15.29% in 3 Months,True,Low,Low Liquidity,6.82,80.0,100.0,20.0,82.0,52.92,True,False,True,False,setup_not_proper_or_not_tight,watchlist,weekly_watchlist,watchlist,43.45,"Stage 2, Advancing, trend_template_ok, volume_dryup, weekly_volume_dryup, flags=Low Liquidity",88
ADFFOODS.NS,ADF Foods Limited,Packaged Foods,Consumer Defensive,Consumer Defensive,False,Cash,1,Failed Stage 2,Stage 2,Failed Stage 2,0.7,Failed Stage 2 cooling period is still active; waiting for a fresh base or confirmed reclaim.,Failed Stage 2,28.71,Neutral,Volume Drying Up,Volume Drying Up (0.40x vs 10W Avg),-4.42,Underperformed Nifty by 4.42% in 3 Months,True,Low,Low Liquidity,7.94,56.02,100.0,44.0,82.0,52.92,False,False,True,False,not_true_leader; setup_not_proper_or_not_tight,watchlist,weekly_watchlist,watchlist,28.71,"Stage 2, Advancing, trend_template_ok, volume_dryup, weekly_volume_dryup, flags=Low Liquidity | Failed Stage 2 hold period active.",89
RBLBANK.NS,RBL Bank Limited,Banks - Regional,Financial Services,Financial Services,True,F&O,1,Stage 2,Stage 2,Advancing,0.9,Price is above constructive weekly and long-term trend structure with improving relative strength.,Stage 2 - Advancing,34.8,Very Strong,Volume Normal,Volume Normal (1.09x vs 10W Avg),16.51,Outperformed Nifty by 16.51% in 3 Months,True,Low,Low Liquidity,7.99,80.0,100.0,19.8,82.0,52.87,True,False,True,False,setup_not_proper_or_not_tight,watchlist,weekly_watchlist,watchlist,36.8,"Stage 2, Advancing, trend_template_ok, flags=Low Liquidity",90
ZYDUSLIFE.NS,Zydus Lifesciences Limited,Drug Manufacturers - Specialty & Generic,Healthcare,Healthcare,True,F&O,1,Stage 2,Stage 2,Advancing,0.9,Price is above constructive weekly and long-term trend structure with improving relative strength.,Stage 2 - Advancing,35.51,Strong,Volume Expanding,Volume Expanding (1.74x vs 10W Avg),8.12,Outperformed Nifty by 8.12% in 3 Months,True,Low,Low Liquidity,7.88,77.31,100.0,22.0,82.0,52.75,True,False,True,False,setup_not_proper_or_not_tight,watchlist,weekly_watchlist,watchlist,45.51,"Stage 2, Advancing, trend_template_ok, flags=Low Liquidity",91
AZAD.NS,Azad Engineering Limited,Specialty Industrial Machinery,Industrials,Industrials,False,Cash,1,Stage 2,Stage 2,Advancing,0.9,Price is above constructive weekly and long-term trend structure with improving relative strength.,Stage 2 - Advancing,46.18,Very Strong,Volume Expanding,Volume Expanding (4.75x vs 10W Avg),38.7,Outperformed Nifty by 38.7% in 3 Months,True,Low,Loose Structure; Wider Risk; Low Liquidity,11.81,100.0,100.0,40.2,58.0,52.73,True,False,False,False,setup_not_proper_or_not_tight; risk_not_low,watchlist,weekly_near_pivot,watchlist,56.18,"Stage 2, Advancing, trend_template_ok, weekly_vcp_ok, weekly_strong, flags=Loose Structure;Wider Risk;Low Liquidity",92
EDELWEISS.NS,Edelweiss Financial Services Limited,Financial Services,Financial Services,Financial Services,False,Cash,1,Stage 2,Stage 2,Advancing,0.9,Price is above constructive weekly and long-term trend structure with improving relative strength.,Stage 2 - Advancing,51.34,Very Strong,Volume Normal,Volume Normal (0.99x vs 10W Avg),21.23,Outperformed Nifty by 21.23% in 3 Months,True,Low,Wide Risk; Low Liquidity,15.31,100.0,100.0,77.1,15.0,52.7,True,True,False,False,risk_not_low,watchlist,weekly_breakout,watchlist,51.34,"Stage 2, Advancing, trend_template_ok, weekly_vcp_ok, weekly_strong, flags=Wide Risk;Low Liquidity",93
VRLLOG.NS,VRL Logistics Limited,Industrials,Industrials,Industrials,False,Cash,1,Failed Stage 2,Stage 2,Failed Stage 2,0.7,Failed Stage 2 cooling period is still active; waiting for a fresh base or confirmed reclaim.,Failed Stage 2,49.75,Very Strong,Volume Drying Up,Volume Drying Up (0.30x vs 10W Avg),26.44,Outperformed Nifty by 26.44% in 3 Months,True,Low,Loose Structure; Wider Risk; Low Liquidity,8.03,100.0,75.0,65.1,58.0,52.7,True,True,False,False,risk_not_low,watchlist,weekly_near_pivot,watchlist,49.75,"Stage 2, Advancing, trend_template_ok, weekly_vcp_ok, volume_dryup, weekly_volume_dryup, weekly_strong, flags=Loose Structure;Wider Risk;Low Liquidity | Failed Stage 2 hold period active.",94
HIRECT.NS,Hind Rectifiers Limited,Electrical Equipment & Parts,Industrials,Industrials,False,Cash,1,Stage 2,Stage 2,Advancing,0.8,Price is above constructive weekly and long-term trend structure with improving relative strength.,Stage 2 - Advancing,44.84,Strong,Volume Drying Up,Volume Drying Up (0.33x vs 10W Avg),11.95,Outperformed Nifty by 11.95% in 3 Months,True,Low,Wide Risk,14.49,65.0,75.0,48.0,35.0,52.52,False,False,False,False,not_true_leader; setup_not_proper_or_not_tight; risk_not_low,watchlist,weekly_watchlist,watchlist,54.84,"Stage 2, Advancing, trend_template_ok, volume_dryup, weekly_volume_dryup, flags=Wide Risk",95
RSYSTEMS.NS,R Systems International Limited,Information Technology Services,Technology,Technology,False,Cash,1,Not Sure,Not Sure,Not Sure,0.0,Stage rules did not identify a reliable structure.,Not Sure - Unclear,39.23,Strong,Volume Expanding,Volume Expanding (111.07x vs 10W Avg),33.93,Outperformed Nifty by 33.93% in 3 Months,False,Low,Wide Risk,14.82,73.45,37.5,76.2,35.0,52.32,True,False,False,False,setup_not_proper_or_not_tight; risk_not_low; not_confirmed_stage2,watchlist,weekly_watchlist,watchlist,39.23,"Not Sure, Unclear, weekly_vcp_ok, weekly_strong, flags=Wide Risk",96
APCOTEXIND.NS,Apcotex Industries Limited,Specialty Chemicals,Basic Materials,Basic Materials,False,Cash,1,Stage 2,Stage 2,Advancing,0.8,Price is above constructive weekly and long-term trend structure with improving relative strength.,Stage 2 - Advancing,39.93,Very Strong,Volume Drying Up,Volume Drying Up (0.21x vs 10W Avg),23.39,Outperformed Nifty by 23.39% in 3 Months,True,Low,Wider Risk; Low Liquidity,10.92,80.0,75.0,58.0,58.0,52.2,True,False,False,False,setup_not_proper_or_not_tight; risk_not_low,watchlist,weekly_watchlist,watchlist,44.93,"Stage 2, Advancing, trend_template_ok, volume_dryup, weekly_volume_dryup, flags=Wider Risk;Low Liquidity",97
SUPRIYA.NS,Supriya Lifescience Limited,Biotechnology,Healthcare,Healthcare,False,Cash,1,Stage 2,Stage 2,Advancing,0.9,Price is above constructive weekly and long-term trend structure with improving relative strength.,Stage 2 - Advancing,38.99,Very Strong,Volume Normal,Volume Normal (1.14x vs 10W Avg),16.76,Outperformed Nifty by 16.76% in 3 Months,True,Low,Wider Risk; Low Liquidity,9.55,80.0,100.0,33.0,58.0,52.2,True,False,False,False,setup_not_proper_or_not_tight; risk_not_low,watchlist,weekly_watchlist,watchlist,43.99,"Stage 2, Advancing, trend_template_ok, flags=Wider Risk;Low Liquidity",98
JSWINFRA.NS,JSW Infrastructure Limited,Marine Shipping,Industrials,Industrials,False,Cash,1,Stage 2,Stage 2,Advancing,0.9,Price is above constructive weekly and long-term trend structure with improving relative strength.,Stage 2 - Advancing,39.52,Very Strong,Volume Normal,Volume Normal (0.90x vs 10W Avg),16.86,Outperformed Nifty by 16.86% in 3 Months,True,Low,Wide Risk; Low Liquidity,13.03,100.0,100.0,28.0,35.0,52.12,True,False,False,False,setup_not_proper_or_not_tight; risk_not_low,watchlist,weekly_watchlist,watchlist,49.52,"Stage 2, Advancing, trend_template_ok, weekly_volume_dryup, flags=Wide Risk;Low Liquidity",99
CUB.NS,City Union Bank Limited,Banks - Regional,Financial Services,Financial Services,False,Cash,1,Stage 2,Stage 2,Advancing,0.8,Price is above constructive weekly and long-term trend structure with improving relative strength.,Stage 2 - Advancing,51.01,Strong,Volume Expanding,Volume Normal (1.32x vs 10W Avg),8.35,Outperformed Nifty by 8.35% in 3 Months,True,Low,Wide Risk; Low Liquidity,13.61,77.51,87.5,62.2,35.0,51.93,True,False,False,False,setup_not_proper_or_not_tight; risk_not_low,watchlist,weekly_forming,watchlist,53.01,"Stage 2, Advancing, trend_template_ok, weekly_vcp_ok, weekly_strong, flags=Wide Risk;Low Liquidity",100
BAJAJHLDNG.NS,Bajaj Holdings & Investment Limited,Asset Management,Financial Services,Financial Services,True,F&O,1,Failed Stage 2,Stage 2,Failed Stage 2,0.7,Failed Stage 2 cooling period is still active; waiting for a fresh base or confirmed reclaim.,Failed Stage 2,43.29,Strong,Volume Normal,Volume Normal (0.95x vs 10W Avg),7.09,Outperformed Nifty by 7.09% in 3 Months,False,Low,Wider Risk; Low Liquidity,8.44,76.38,62.5,73.0,58.0,51.93,True,True,False,False,risk_not_low,watchlist,weekly_near_pivot,watchlist,43.29,"Stage 2, Advancing, weekly_vcp_ok, weekly_strong, flags=Wider Risk;Low Liquidity | Failed Stage 2 hold period active.",101
UNICHEMLAB.NS,Unichem Laboratories Limited,Drug Manufacturers - Specialty & Generic,Healthcare,Healthcare,False,Cash,1,Stage 2,Stage 2,Advancing,0.9,Price is above constructive weekly and long-term trend structure with improving relative strength.,Stage 2 - Advancing,38.12,Very Strong,Volume Expanding,Volume Expanding (4.71x vs 10W Avg),24.66,Outperformed Nifty by 24.66% in 3 Months,True,Low,Wide Risk; Low Liquidity,13.37,80.0,100.0,47.0,35.0,51.88,True,False,False,False,setup_not_proper_or_not_tight; risk_not_low,watchlist,weekly_watchlist,watchlist,48.12,"Stage 2, Advancing, trend_template_ok, flags=Wide Risk;Low Liquidity",102
NAUKRI.NS,Info Edge (India) Limited,Communication Services,Communication Services,Communication Services,True,F&O,1,Stage 2,Stage 2,Advancing,0.8,Price is above constructive weekly and long-term trend structure with improving relative strength.,Stage 2 - Advancing,41.86,Very Strong,Volume Normal,Volume Normal (0.95x vs 10W Avg),25.03,Outperformed Nifty by 25.03% in 3 Months,False,Low,Wide Risk,12.5,80.0,62.5,42.2,35.0,51.73,True,False,False,False,setup_not_proper_or_not_tight; risk_not_low,watchlist,weekly_forming,watchlist,46.86,"Stage 2, Advancing, weekly_vcp_ok, weekly_strong, flags=Wide Risk",103
VOLTAMP.NS,Voltamp Transformers Limited,Electrical Equipment & Parts,Industrials,Industrials,False,Cash,1,Stage 2,Stage 2,Advancing,0.9,Price is above constructive weekly and long-term trend structure with improving relative strength.,Stage 2 - Advancing,48.78,Very Strong,Volume Drying Up,Volume Drying Up (0.28x vs 10W Avg),14.59,Outperformed Nifty by 14.59% in 3 Months,True,Low,Wide Base; Wide Risk; Low Liquidity,12.31,80.0,100.0,71.2,35.0,51.69,True,True,False,False,risk_not_low,watchlist,weekly_forming,watchlist,58.78,"Stage 2, Advancing, trend_template_ok, weekly_vcp_ok, volume_dryup, weekly_volume_dryup, weekly_strong, flags=Wide Base;Wide Risk;Low Liquidity",104
FLUOROCHEM.NS,Gujarat Fluorochemicals Limited,Specialty Chemicals,Basic Materials,Basic Materials,False,Cash,1,Stage 2,Stage 2,Advancing,0.8,Price is above constructive weekly and long-term trend structure with improving relative strength.,Stage 2 - Advancing,43.56,Very Strong,Volume Drying Up,Volume Drying Up (0.28x vs 10W Avg),18.79,Outperformed Nifty by 18.79% in 3 Months,True,Low,Wider Risk; Low Liquidity,10.78,80.0,75.0,55.1,58.0,51.5,True,False,False,False,setup_not_proper_or_not_tight; risk_not_low,watchlist,weekly_forming,watchlist,48.56,"Stage 2, Advancing, trend_template_ok, weekly_vcp_ok, volume_dryup, weekly_volume_dryup, weekly_strong, flags=Wider Risk;Low Liquidity",105
VADILALIND.NS,Vadilal Industries Limited,Packaged Foods,Consumer Defensive,Consumer Defensive,False,Cash,1,Stage 2,Stage 2,Advancing,0.8,Price is above constructive weekly and long-term trend structure with improving relative strength.,Stage 2 - Advancing,44.65,Very Strong,Volume Drying Up,Volume Drying Up (0.33x vs 10W Avg),20.72,Outperformed Nifty by 20.72% in 3 Months,True,Low,Wider Risk; Low Liquidity,11.05,80.0,75.0,55.1,58.0,51.5,True,False,False,False,setup_not_proper_or_not_tight; risk_not_low,watchlist,weekly_forming,watchlist,44.65,"Stage 2, Advancing, trend_template_ok, weekly_vcp_ok, volume_dryup, weekly_volume_dryup, weekly_strong, flags=Wider Risk;Low Liquidity",106
ETERNAL.NS,ETERNAL LIMITED,Consumer Cyclical,Consumer Cyclical,Consumer Cyclical,True,F&O,1,Stage 2,Stage 2,Advancing,0.8,Price is above constructive weekly and long-term trend structure with improving relative strength.,Stage 2 - Advancing,45.32,Very Strong,Volume Drying Up,Volume Drying Up (0.77x vs 10W Avg),19.71,Outperformed Nifty by 19.71% in 3 Months,True,Low,Wider Risk; Low Liquidity,9.91,80.0,75.0,54.2,58.0,51.29,True,False,False,False,setup_not_proper_or_not_tight; risk_not_low,watchlist,weekly_near_pivot,watchlist,47.32,"Stage 2, Advancing, trend_template_ok, weekly_vcp_ok, volume_dryup, weekly_volume_dryup, weekly_strong, flags=Wider Risk;Low Liquidity",107
GLAXO.NS,GlaxoSmithKline Pharmaceuticals Limited,Drug Manufacturers - General,Healthcare,Healthcare,False,Cash,1,Stage 2,Stage 2,Advancing,0.8,Price is above constructive weekly and long-term trend structure with improving relative strength.,Stage 2 - Advancing,41.43,Very Strong,Volume Drying Up,Volume Normal (1.03x vs 10W Avg),22.08,Outperformed Nifty by 22.08% in 3 Months,True,Low,Wider Risk; Low Liquidity,11.81,80.0,75.0,54.2,58.0,51.29,True,False,False,False,setup_not_proper_or_not_tight; risk_not_low,watchlist,weekly_forming,watchlist,46.43,"Stage 2, Advancing, trend_template_ok, weekly_vcp_ok, volume_dryup, weekly_strong, flags=Wider Risk;Low Liquidity",108
CAPLIPOINT.NS,Caplin Point Laboratories Limited,Drug Manufacturers - Specialty & Generic,Healthcare,Healthcare,False,Cash,1,Stage 2,Stage 2,Advancing,0.9,Price is above constructive weekly and long-term trend structure with improving relative strength.,Stage 2 - Advancing,40.12,Strong,Volume Expanding,Volume Expanding (1.85x vs 10W Avg),10.47,Outperformed Nifty by 10.47% in 3 Months,True,Low,Wider Risk; Low Liquidity,11.34,79.43,100.0,28.0,58.0,50.86,True,False,False,False,setup_not_proper_or_not_tight; risk_not_low,watchlist,weekly_watchlist,watchlist,50.12,"Stage 2, Advancing, trend_template_ok, flags=Wider Risk;Low Liquidity",109
NEOGEN.NS,Neogen Chemicals Limited,Specialty Chemicals,Basic Materials,Basic Materials,False,Cash,1,Stage 2,Stage 2,Advancing,0.9,Price is above constructive weekly and long-term trend structure with improving relative strength.,Stage 2 - Advancing,32.0,Very Strong,Volume Drying Up,Volume Drying Up (0.84x vs 10W Avg),28.84,Outperformed Nifty by 28.84% in 3 Months,True,Low,Wide Risk; Low Liquidity,12.03,100.0,100.0,22.0,35.0,50.68,True,False,False,False,setup_not_proper_or_not_tight; risk_not_low,watchlist,weekly_watchlist,watchlist,37.0,"Stage 2, Advancing, trend_template_ok, weekly_volume_dryup, flags=Wide Risk;Low Liquidity",110
PREMEXPLN.NS,Premier Explosives Limited,Specialty Chemicals,Basic Materials,Basic Materials,False,Cash,1,Stage 2,Stage 2,Advancing,0.9,Price is above constructive weekly and long-term trend structure with improving relative strength.,Stage 2 - Advancing,37.63,Neutral,Volume Expanding,Volume Normal (1.19x vs 10W Avg),-1.96,Underperformed Nifty by 1.96% in 3 Months,True,Low,Low Liquidity,5.77,58.23,100.0,32.0,82.0,50.58,False,False,True,False,not_true_leader; setup_not_proper_or_not_tight,watchlist,weekly_watchlist,watchlist,42.63,"Stage 2, Advancing, trend_template_ok, flags=Low Liquidity",111
STAR.NS,Strides Pharma Science Limited,Drug Manufacturers - Specialty & Generic,Healthcare,Healthcare,False,Cash,1,Stage 2,Stage 2,Advancing,0.9,Price is above constructive weekly and long-term trend structure with improving relative strength.,Stage 2 - Advancing,43.07,Strong,Volume Drying Up,Volume Drying Up (0.52x vs 10W Avg),7.12,Outperformed Nifty by 7.12% in 3 Months,True,Low,Wide Risk; Low Liquidity,12.75,74.74,100.0,46.2,35.0,50.43,True,False,False,False,setup_not_proper_or_not_tight; risk_not_low,watchlist,weekly_near_pivot,watchlist,53.07,"Stage 2, Advancing, trend_template_ok, weekly_vcp_ok, volume_dryup, weekly_volume_dryup, weekly_strong, flags=Wide Risk;Low Liquidity",112
GMRP&UI.NS,GMR Power and Urban Infra Limited,Energy,Energy,Energy,False,Cash,1,Not Sure,Not Sure,Not Sure,0.0,Stage rules did not identify a reliable structure.,Not Sure - Unclear,27.63,Strong,Volume Expanding,Volume Expanding (2.03x vs 10W Avg),11.99,Outperformed Nifty by 11.99% in 3 Months,False,Low,Wider Risk; Low Liquidity,9.51,74.88,62.5,68.1,58.0,50.4,True,False,False,False,setup_not_proper_or_not_tight; risk_not_low; not_confirmed_stage2,watchlist,weekly_watchlist,watchlist,32.63,"Not Sure, Unclear, weekly_vcp_ok, weekly_strong, flags=Wider Risk;Low Liquidity",113
ENGINERSIN.NS,Engineers India Limited,Engineering & Construction,Industrials,Industrials,False,Cash,1,Stage 2,Stage 2,Extended,0.78,"Weekly advancing structure remains intact, but price is stretched versus key moving averages.",Stage 2 - Extended,51.0,Very Strong,Volume Expanding,Volume Expanding (1.79x vs 10W Avg),34.78,Outperformed Nifty by 34.78% in 3 Months,True,Low,Loose Structure; Extended; Wide Risk; Low Liquidity,12.6,100.0,100.0,45.2,35.0,50.25,True,False,False,False,setup_not_proper_or_not_tight; risk_not_low; extended_structure,watchlist,weekly_breakout,watchlist,51.0,"Stage 2, Extended, trend_template_ok, weekly_vcp_ok, weekly_strong, flags=Loose Structure;Extended;Wide Risk;Low Liquidity",114
AIIL.NS,Authum Investment & Infrastructure Limited,Capital Markets,Financial Services,Financial Services,False,Cash,1,Stage 2,Stage 2,Advancing,0.8,Price is above constructive weekly and long-term trend structure with improving relative strength.,Stage 2 - Advancing,37.23,Very Strong,Volume Drying Up,Volume Drying Up (0.34x vs 10W Avg),11.46,Outperformed Nifty by 11.46% in 3 Months,True,Low,Wide Risk; Low Liquidity,12.58,95.0,75.0,50.0,35.0,50.2,True,False,False,False,setup_not_proper_or_not_tight; risk_not_low,watchlist,weekly_watchlist,watchlist,37.23,"Stage 2, Advancing, trend_template_ok, volume_dryup, weekly_volume_dryup, flags=Wide Risk;Low Liquidity",115
AETHER.NS,Aether Industries Limited,Specialty Chemicals,Basic Materials,Basic Materials,False,Cash,1,Stage 2,Stage 2,Advancing,0.9,Price is above constructive weekly and long-term trend structure with improving relative strength.,Stage 2 - Advancing,33.93,Very Strong,Volume Expanding,Volume Expanding (1.93x vs 10W Avg),31.65,Outperformed Nifty by 31.65% in 3 Months,True,Low,Wider Risk; Low Liquidity,8.66,80.0,100.0,24.0,58.0,50.04,True,False,False,False,setup_not_proper_or_not_tight; risk_not_low,watchlist,weekly_watchlist,watchlist,38.93,"Stage 2, Advancing, trend_template_ok, flags=Wider Risk;Low Liquidity",116
CHALET.NS,Chalet Hotels Limited,Lodging,Consumer Cyclical,Consumer Cyclical,False,Cash,1,Failed Stage 2,Stage 1,Failed Stage 2,0.72,"This stock was recently Stage 2, but the latest structure no longer satisfies Stage 2 rules. It is kept as Failed Stage 2 until a fresh base/repair structure forms.",Failed Stage 2,25.48,Strong,Volume Expanding,Volume Expanding (1.78x vs 10W Avg),9.13,Outperformed Nifty by 9.13% in 3 Months,False,Low,Wider Risk; Low Liquidity,11.37,77.48,62.5,63.87,58.0,50.0,True,False,False,False,setup_not_proper_or_not_tight; risk_not_low; not_confirmed_stage2,watchlist,weekly_watchlist,watchlist,27.48,"Stage 1, Stage 1, weekly_vcp_ok, weekly_strong, flags=Wider Risk;Low Liquidity, stage1_not_actionable, stage1_needs_more_base | Stage 2 failed state applied from stage memory.",117
DIVISLAB.NS,Divi's Laboratories Limited,Drug Manufacturers - Specialty & Generic,Healthcare,Healthcare,True,F&O,1,Stage 2,Stage 2,Advancing,0.9,Price is above constructive weekly and long-term trend structure with improving relative strength.,Stage 2 - Advancing,48.44,Very Strong,Volume Normal,Volume Normal (1.07x vs 10W Avg),42.85,Outperformed Nifty by 42.85% in 3 Months,True,Low,Loose Structure; Wider Risk; Low Liquidity,8.39,80.0,100.0,48.2,58.0,49.85,True,False,False,False,setup_not_proper_or_not_tight; risk_not_low,watchlist,weekly_near_pivot,watchlist,58.44,"Stage 2, Advancing, trend_template_ok, weekly_vcp_ok, weekly_strong, flags=Loose Structure;Wider Risk;Low Liquidity",118
JKPAPER.NS,JK Paper Limited,Basic Materials,Basic Materials,Basic Materials,False,Cash,1,Stage 2,Stage 2,Advancing,0.8,Price is above constructive weekly and long-term trend structure with improving relative strength.,Stage 2 - Advancing,45.87,Very Strong,Volume Drying Up,Volume Drying Up (0.29x vs 10W Avg),20.19,Outperformed Nifty by 20.19% in 3 Months,False,Low,Wide Risk; Low Liquidity,12.29,80.0,62.5,75.1,35.0,49.62,True,True,False,False,risk_not_low,watchlist,weekly_near_pivot,watchlist,45.87,"Stage 2, Advancing, weekly_vcp_ok, volume_dryup, weekly_volume_dryup, weekly_strong, flags=Wide Risk;Low Liquidity",119
LMW.NS,LMW Limited,Specialty Industrial Machinery,Industrials,Industrials,False,Cash,1,Stage 2,Stage 2,Advancing,0.8,Price is above constructive weekly and long-term trend structure with improving relative strength.,Stage 2 - Advancing,56.4,Strong,Volume Drying Up,Volume Drying Up (0.39x vs 10W Avg),14.49,Outperformed Nifty by 14.49% in 3 Months,True,Low,Wide Risk,16.9,65.0,75.0,82.2,15.0,49.53,False,True,False,False,not_true_leader; risk_not_low,forming_vcp,weekly_forming,building_setup,66.4,"Stage 2, Advancing, trend_template_ok, daily_vcp_ok, weekly_vcp_ok, volume_dryup, weekly_volume_dryup, weekly_strong, flags=Wide Risk",120
ANTHEM.NS,Anthem Biosciences Limited,Biotechnology,Healthcare,Healthcare,False,Cash,1,Stage 2,Stage 2,Advancing,0.8,Price is above constructive weekly and long-term trend structure with improving relative strength.,Stage 2 - Advancing,47.12,Very Strong,Volume Drying Up,Volume Drying Up (0.50x vs 10W Avg),17.72,Outperformed Nifty by 17.72% in 3 Months,True,Low,Wide Risk; Low Liquidity,12.85,80.0,75.0,62.2,35.0,49.53,True,False,False,False,setup_not_proper_or_not_tight; risk_not_low,watchlist,weekly_forming,watchlist,52.12,"Stage 2, Advancing, trend_template_ok, weekly_vcp_ok, weekly_volume_dryup, weekly_strong, flags=Wide Risk;Low Liquidity",121
ALIVUS.NS,Alivus Life Sciences Limited,Drug Manufacturers - Specialty & Generic,Healthcare,Healthcare,False,Cash,1,Stage 2,Stage 2,Advancing,0.9,Price is above constructive weekly and long-term trend structure with improving relative strength.,Stage 2 - Advancing,44.13,Very Strong,Volume Drying Up,Volume Drying Up (0.73x vs 10W Avg),27.11,Outperformed Nifty by 27.11% in 3 Months,True,Low,Loose Structure; Wider Risk; Low Liquidity,11.64,80.0,100.0,46.2,58.0,49.37,True,False,False,False,setup_not_proper_or_not_tight; risk_not_low,watchlist,weekly_near_pivot,watchlist,54.13,"Stage 2, Advancing, trend_template_ok, weekly_vcp_ok, volume_dryup, weekly_volume_dryup, weekly_strong, flags=Loose Structure;Wider Risk;Low Liquidity",122
PTCIL.NS,PTC Industries Limited,Metal Fabrication,Industrials,Industrials,False,Cash,1,Stage 2,Stage 2,Advancing,0.9,Price is above constructive weekly and long-term trend structure with improving relative strength.,Stage 2 - Advancing,43.56,Very Strong,Volume Drying Up,Volume Drying Up (0.42x vs 10W Avg),31.27,Outperformed Nifty by 31.27% in 3 Months,True,Low,Loose Structure; Wider Risk; Low Liquidity,11.0,80.0,100.0,46.2,58.0,49.37,True,False,False,False,setup_not_proper_or_not_tight; risk_not_low,watchlist,weekly_forming,watchlist,53.56,"Stage 2, Advancing, trend_template_ok, weekly_vcp_ok, volume_dryup, weekly_volume_dryup, weekly_strong, flags=Loose Structure;Wider Risk;Low Liquidity",123
RADICO.NS,Radico Khaitan Limited,Consumer Defensive,Consumer Defensive,Consumer Defensive,False,Cash,1,Stage 2,Stage 2,Advancing,0.8,Price is above constructive weekly and long-term trend structure with improving relative strength.,Stage 2 - Advancing,33.19,Very Strong,Volume Drying Up,Volume Drying Up (0.72x vs 10W Avg),13.35,Outperformed Nifty by 13.35% in 3 Months,True,Low,Low Liquidity,5.77,80.0,75.0,30.0,82.0,49.32,True,False,True,False,setup_not_proper_or_not_tight,watchlist,weekly_watchlist,watchlist,33.19,"Stage 2, Advancing, trend_template_ok, volume_dryup, weekly_volume_dryup, flags=Low Liquidity",124
MAHSEAMLES.NS,Maharashtra Seamless Limited,Steel,Basic Materials,Basic Materials,False,Cash,1,Stage 2,Stage 2,Advancing,0.9,Price is above constructive weekly and long-term trend structure with improving relative strength.,Stage 2 - Advancing,38.2,Very Strong,Volume Expanding,Volume Expanding (1.97x vs 10W Avg),32.04,Outperformed Nifty by 32.04% in 3 Months,True,Low,Loose Structure; Wider Risk; Low Liquidity,8.8,100.0,100.0,25.8,58.0,49.27,True,False,False,False,setup_not_proper_or_not_tight; risk_not_low,watchlist,weekly_watchlist,watchlist,48.2,"Stage 2, Advancing, trend_template_ok, flags=Loose Structure;Wider Risk;Low Liquidity",125
STEELCAS.NS,Steelcast Limited,Steel,Basic Materials,Basic Materials,False,Cash,1,Stage 2,Stage 2,Advancing,0.9,Price is above constructive weekly and long-term trend structure with improving relative strength.,Stage 2 - Advancing,30.1,Very Strong,Volume Expanding,Volume Expanding (2.25x vs 10W Avg),24.89,Outperformed Nifty by 24.89% in 3 Months,True,Low,Wider Risk; Low Liquidity,8.5,100.0,100.0,0.0,58.0,49.08,True,False,False,False,setup_not_proper_or_not_tight; risk_not_low,watchlist,weekly_watchlist,watchlist,40.1,"Stage 2, Advancing, trend_template_ok, flags=Wider Risk;Low Liquidity",126
NITINSPIN.NS,Nitin Spinners Limited,Textile Manufacturing,Consumer Cyclical,Consumer Cyclical,False,Cash,1,Stage 2,Stage 2,Advancing,0.9,Price is above constructive weekly and long-term trend structure with improving relative strength.,Stage 2 - Advancing,30.61,Very Strong,Volume Drying Up,Volume Drying Up (0.24x vs 10W Avg),14.3,Outperformed Nifty by 14.3% in 3 Months,True,Low,Wider Risk; Low Liquidity,11.13,80.0,100.0,20.0,58.0,49.08,True,False,False,False,setup_not_proper_or_not_tight; risk_not_low,watchlist,weekly_watchlist,watchlist,35.61,"Stage 2, Advancing, trend_template_ok, volume_dryup, weekly_volume_dryup, flags=Wider Risk;Low Liquidity",127
MANKIND.NS,Mankind Pharma Limited,Drug Manufacturers - Specialty & Generic,Healthcare,Healthcare,True,F&O,1,Stage 2,Stage 2,Advancing,0.9,Price is above constructive weekly and long-term trend structure with improving relative strength.,Stage 2 - Advancing,34.83,Very Strong,Volume Expanding,Volume Expanding (2.21x vs 10W Avg),5.32,Outperformed Nifty by 5.32% in 3 Months,True,Low,Wider Risk; Low Liquidity,11.44,100.0,87.5,12.0,58.0,48.96,True,False,False,False,setup_not_proper_or_not_tight; risk_not_low,watchlist,weekly_watchlist,watchlist,44.83,"Stage 2, Advancing, trend_template_ok, flags=Wider Risk;Low Liquidity",128
PDSL.NS,PDS Limited,Industrials,Industrials,Industrials,False,Cash,1,Stage 2,Stage 2,Advancing,0.8,Price is above constructive weekly and long-term trend structure with improving relative strength.,Stage 2 - Advancing,22.45,Very Strong,Volume Normal,Volume Normal (1.34x vs 10W Avg),3.33,Outperformed Nifty by 3.33% in 3 Months,False,Low,Wider Risk; Low Liquidity,10.8,100.0,62.5,36.0,58.0,48.72,True,False,False,False,setup_not_proper_or_not_tight; risk_not_low,watchlist,weekly_watchlist,watchlist,22.45,"Stage 2, Advancing, flags=Wider Risk;Low Liquidity",129
RHIM.NS,RHI MAGNESITA INDIA LIMITED,Metal Fabrication,Industrials,Industrials,False,Cash,1,Not Sure,Not Sure,Not Sure,0.0,Stage rules did not identify a reliable structure.,Not Sure - Unclear,23.62,Strong,Volume Drying Up,Volume Drying Up (0.61x vs 10W Avg),7.52,Outperformed Nifty by 7.52% in 3 Months,False,Low,Low Liquidity,7.81,69.48,37.5,75.1,82.0,48.62,False,False,True,False,not_true_leader; setup_not_proper_or_not_tight; not_confirmed_stage2,watchlist,weekly_watchlist,watchlist,33.62,"Not Sure, Unclear, weekly_vcp_ok, weekly_volume_dryup, weekly_strong, flags=Low Liquidity",130
MANINFRA.NS,Man Infraconstruction Limited,Engineering & Construction,Industrials,Industrials,False,Cash,1,Stage 2,Stage 2,Advancing,0.8,Price is above constructive weekly and long-term trend structure with improving relative strength.,Stage 2 - Advancing,32.26,Very Strong,Volume Normal,Volume Normal (1.21x vs 10W Avg),28.83,Outperformed Nifty by 28.83% in 3 Months,True,Low,Loose Structure; Low Liquidity,7.05,95.0,87.5,24.0,82.0,48.48,True,False,True,False,setup_not_proper_or_not_tight,watchlist,weekly_watchlist,watchlist,32.26,"Stage 2, Advancing, trend_template_ok, flags=Loose Structure;Low Liquidity",131
RKFORGE.NS,Ramkrishna Forgings Limited,Metal Fabrication,Industrials,Industrials,False,Cash,1,Stage 2,Stage 2,Advancing,0.8,Price is above constructive weekly and long-term trend structure with improving relative strength.,Stage 2 - Advancing,43.62,Very Strong,Volume Drying Up,Volume Drying Up (0.42x vs 10W Avg),29.06,Outperformed Nifty by 29.06% in 3 Months,True,Low,Loose Structure; Wider Risk; Low Liquidity,10.79,100.0,75.0,47.1,58.0,48.38,True,False,False,False,setup_not_proper_or_not_tight; risk_not_low,watchlist,weekly_forming,watchlist,53.62,"Stage 2, Advancing, trend_template_ok, weekly_vcp_ok, volume_dryup, weekly_volume_dryup, weekly_strong, flags=Loose Structure;Wider Risk;Low Liquidity",132
GNFC.NS,Gujarat Narmada Valley Fertilizers and Chemicals Limited,Chemicals,Basic Materials,Basic Materials,False,Cash,1,Stage 2,Stage 2,Advancing,0.9,Price is above constructive weekly and long-term trend structure with improving relative strength.,Stage 2 - Advancing,43.85,Very Strong,Volume Normal,Volume Normal (1.20x vs 10W Avg),27.1,Outperformed Nifty by 27.1% in 3 Months,True,Low,Loose Structure; Wider Risk; Low Liquidity,9.93,80.0,100.0,42.0,58.0,48.36,True,False,False,False,setup_not_proper_or_not_tight; risk_not_low,watchlist,weekly_watchlist,watchlist,48.85,"Stage 2, Advancing, trend_template_ok, flags=Loose Structure;Wider Risk;Low Liquidity",133
MRPL.NS,Mangalore Refinery and Petrochemicals Limited,Oil & Gas Refining & Marketing,Energy,Energy,False,Cash,1,Stage 2,Stage 2,Advancing,0.8,Price is above constructive weekly and long-term trend structure with improving relative strength.,Stage 2 - Advancing,47.65,Strong,Volume Expanding,Volume Normal (1.32x vs 10W Avg),19.18,Outperformed Nifty by 19.18% in 3 Months,True,Low,Wide Risk; Low Liquidity,13.68,65.17,75.0,72.1,35.0,48.34,False,True,False,False,not_true_leader; risk_not_low,watchlist,weekly_forming,watchlist,52.65,"Stage 2, Advancing, trend_template_ok, weekly_vcp_ok, weekly_strong, flags=Wide Risk;Low Liquidity",134
PRICOLLTD.NS,Pricol Limited,Auto Parts,Consumer Cyclical,Consumer Cyclical,False,Cash,1,Stage 2,Stage 2,Advancing,0.8,Price is above constructive weekly and long-term trend structure with improving relative strength.,Stage 2 - Advancing,43.08,Very Strong,Volume Drying Up,Volume Drying Up (0.47x vs 10W Avg),26.49,Outperformed Nifty by 26.49% in 3 Months,True,Low,Loose Structure; Wider Risk; Low Liquidity,11.41,100.0,75.0,46.2,58.0,48.17,True,False,False,False,setup_not_proper_or_not_tight; risk_not_low,watchlist,weekly_forming,watchlist,48.08,"Stage 2, Advancing, trend_template_ok, weekly_vcp_ok, volume_dryup, weekly_volume_dryup, weekly_strong, flags=Loose Structure;Wider Risk;Low Liquidity",135
ACUTAAS.NS,Acutaas Chemicals Limited,Specialty Chemicals,Basic Materials,Basic Materials,False,Cash,1,Stage 2,Stage 2,Advancing,0.9,Price is above constructive weekly and long-term trend structure with improving relative strength.,Stage 2 - Advancing,36.82,Strong,Volume Normal,Volume Normal (1.22x vs 10W Avg),0.17,Outperformed Nifty by 0.17% in 3 Months,True,Low,Wider Risk; Low Liquidity,9.77,60.16,100.0,36.0,58.0,48.16,False,False,False,False,not_true_leader; setup_not_proper_or_not_tight; risk_not_low,watchlist,weekly_watchlist,watchlist,41.82,"Stage 2, Advancing, trend_template_ok, flags=Wider Risk;Low Liquidity",136
JMFINANCIL.NS,JM Financial Limited,Capital Markets,Financial Services,Financial Services,False,Cash,1,Stage 1,Stage 1,Stage 1,0.68,Price is building a base around long-term weekly structure without a confirmed advancing phase.,Stage 1,27.21,Strong,Volume Drying Up,Volume Drying Up (0.83x vs 10W Avg),4.42,Outperformed Nifty by 4.42% in 3 Months,False,Low,Wider Risk; Low Liquidity,9.85,69.09,50.0,77.0,58.0,48.14,False,True,False,False,not_true_leader; risk_not_low; not_confirmed_stage2,watchlist,weekly_watchlist,watchlist,27.21,"Stage 1, Stage 1, stage1_base_ready, weekly_vcp_ok, volume_dryup, weekly_volume_dryup, weekly_strong, flags=Wider Risk;Low Liquidity, stage1_not_actionable",137
TEXRAIL.NS,Texmaco Rail & Engineering Limited,Industrials,Industrials,Industrials,False,Cash,1,Stage 1,Stage 1,Stage 1,0.68,Price is building a base around long-term weekly structure without a confirmed advancing phase.,Stage 1,33.31,Very Strong,Volume Expanding,Volume Expanding (3.02x vs 10W Avg),16.33,Outperformed Nifty by 16.33% in 3 Months,False,Low,Wide Weekly Base; Wider Risk; Low Liquidity,11.7,100.0,75.0,45.77,58.0,48.06,True,False,False,False,setup_not_proper_or_not_tight; risk_not_low; not_confirmed_stage2,watchlist,weekly_watchlist,watchlist,33.31,"Stage 1, Stage 1, weekly_vcp_ok, weekly_strong, flags=Wide Weekly Base;Wider Risk;Low Liquidity, stage1_not_actionable, stage1_needs_more_base",138
RATNAMANI.NS,Ratnamani Metals & Tubes Limited,Steel,Basic Materials,Basic Materials,False,Cash,1,Stage 2,Stage 2,Advancing,0.9,Price is above constructive weekly and long-term trend structure with improving relative strength.,Stage 2 - Advancing,39.51,Very Strong,Volume Drying Up,Volume Drying Up (0.40x vs 10W Avg),13.1,Outperformed Nifty by 13.1% in 3 Months,True,Low,Loose Structure; Wider Risk; Low Liquidity,9.77,80.0,100.0,40.0,58.0,47.88,True,False,False,False,setup_not_proper_or_not_tight; risk_not_low,watchlist,weekly_watchlist,watchlist,49.51,"Stage 2, Advancing, trend_template_ok, volume_dryup, weekly_volume_dryup, flags=Loose Structure;Wider Risk;Low Liquidity",139
MINDACORP.NS,Minda Corporation Limited,Auto Parts,Consumer Cyclical,Consumer Cyclical,False,Cash,1,Stage 2,Stage 2,Advancing,0.8,Price is above constructive weekly and long-term trend structure with improving relative strength.,Stage 2 - Advancing,29.0,Very Strong,Volume Drying Up,Volume Drying Up (0.49x vs 10W Avg),6.31,Outperformed Nifty by 6.31% in 3 Months,True,Low,Wider Risk; Low Liquidity,9.81,100.0,75.0,20.0,58.0,47.88,True,False,False,False,setup_not_proper_or_not_tight; risk_not_low,watchlist,weekly_watchlist,watchlist,34.0,"Stage 2, Advancing, trend_template_ok, volume_dryup, weekly_volume_dryup, flags=Wider Risk;Low Liquidity",140
KINGFA.NS,Kingfa Science & Technology (India) Limited,Specialty Chemicals,Basic Materials,Basic Materials,False,Cash,1,Stage 2,Stage 2,Advancing,0.9,Price is above constructive weekly and long-term trend structure with improving relative strength.,Stage 2 - Advancing,35.23,Very Strong,Volume Drying Up,Volume Drying Up (0.84x vs 10W Avg),35.51,Outperformed Nifty by 35.51% in 3 Months,True,Low,Loose Structure; Wider Risk; Low Liquidity,10.74,100.0,100.0,19.0,58.0,47.64,True,False,False,False,setup_not_proper_or_not_tight; risk_not_low,watchlist,weekly_watchlist,watchlist,40.23,"Stage 2, Advancing, trend_template_ok, volume_dryup, weekly_volume_dryup, flags=Loose Structure;Wider Risk;Low Liquidity",141
BHEL.NS,Bharat Heavy Electricals Limited,Specialty Industrial Machinery,Industrials,Industrials,True,F&O,1,Stage 2,Stage 2,Advancing,0.8,Price is above constructive weekly and long-term trend structure with improving relative strength.,Stage 2 - Advancing,40.47,Very Strong,Volume Normal,Volume Normal (0.96x vs 10W Avg),14.37,Outperformed Nifty by 14.37% in 3 Months,True,Low,Wider Risk; Low Liquidity,8.84,80.0,75.0,38.0,58.0,47.4,True,False,False,False,setup_not_proper_or_not_tight; risk_not_low,watchlist,weekly_watchlist,watchlist,50.47,"Stage 2, Advancing, trend_template_ok, flags=Wider Risk;Low Liquidity",142
ANANTRAJ.NS,Anant Raj Limited,Real Estate,Real Estate,Real Estate,False,Cash,1,Stage 2,Stage 2,Advancing,0.8,Price is above constructive weekly and long-term trend structure with improving relative strength.,Stage 2 - Advancing,34.83,Very Strong,Volume Drying Up,Volume Drying Up (0.49x vs 10W Avg),15.69,Outperformed Nifty by 15.69% in 3 Months,True,Low,Wider Risk; Low Liquidity,8.29,80.0,75.0,38.0,58.0,47.4,True,False,False,False,setup_not_proper_or_not_tight; risk_not_low,watchlist,weekly_watchlist,watchlist,36.83,"Stage 2, Advancing, trend_template_ok, volume_dryup, weekly_volume_dryup, flags=Wider Risk;Low Liquidity",143
IKS.NS,Inventurus Knowledge Solutions Limited,Healthcare,Healthcare,Healthcare,False,Cash,1,Stage 2,Stage 2,Advancing,0.8,Price is above constructive weekly and long-term trend structure with improving relative strength.,Stage 2 - Advancing,46.44,Strong,Volume Normal,Volume Normal (1.21x vs 10W Avg),-0.1,Underperformed Nifty by 0.1% in 3 Months,True,Low,Wide Risk; Low Liquidity,12.04,69.91,75.0,63.2,35.0,47.35,False,False,False,False,not_true_leader; setup_not_proper_or_not_tight; risk_not_low,watchlist,weekly_forming,watchlist,48.44,"Stage 2, Advancing, trend_template_ok, weekly_vcp_ok, weekly_strong, flags=Wide Risk;Low Liquidity",144
NTPCGREEN.NS,NTPC Green Energy Limited,Utilities - Renewable,Utilities,Utilities,False,Cash,1,Stage 1,Stage 1,Stage 1,0.64,Price is building a base around long-term weekly structure without a confirmed advancing phase.,Stage 1,20.63,Strong,Volume Drying Up,Volume Drying Up (0.58x vs 10W Avg),5.05,Outperformed Nifty by 5.05% in 3 Months,False,Low,Low Liquidity,5.97,61.22,37.5,77.9,82.0,47.31,False,True,True,False,not_true_leader; not_confirmed_stage2,watchlist,weekly_watchlist,watchlist,20.63,"Stage 1, Stage 1, weekly_vcp_ok, volume_dryup, weekly_volume_dryup, flags=Low Liquidity, stage1_not_actionable, stage1_needs_more_base",145
BLACKBUCK.NS,BLACKBUCK LIMITED,Software - Application,Technology,Technology,False,Cash,1,Stage 1,Stage 1,Stage 1,0.68,Price is building a base around long-term weekly structure without a confirmed advancing phase.,Stage 1,29.74,Strong,Volume Drying Up,Volume Drying Up (0.84x vs 10W Avg),15.12,Outperformed Nifty by 15.12% in 3 Months,False,Low,Wide Risk; Low Liquidity,12.99,74.83,62.5,70.2,35.0,47.21,True,True,False,False,risk_not_low; not_confirmed_stage2,watchlist,weekly_watchlist,watchlist,34.74,"Stage 1, Stage 1, stage1_base_ready, weekly_vcp_ok, weekly_volume_dryup, weekly_strong, flags=Wide Risk;Low Liquidity, stage1_not_actionable",146
VISHNU.NS,Vishnu Chemicals Limited,Specialty Chemicals,Basic Materials,Basic Materials,False,Cash,1,Stage 2,Stage 2,Advancing,0.9,Price is above constructive weekly and long-term trend structure with improving relative strength.,Stage 2 - Advancing,27.91,Very Strong,Volume Drying Up,Volume Drying Up (0.56x vs 10W Avg),13.99,Outperformed Nifty by 13.99% in 3 Months,True,Low,Wider Risk; Low Liquidity,11.67,80.0,100.0,12.0,58.0,47.16,True,False,False,False,setup_not_proper_or_not_tight; risk_not_low,watchlist,weekly_watchlist,watchlist,32.91,"Stage 2, Advancing, trend_template_ok, volume_dryup, weekly_volume_dryup, flags=Wider Risk;Low Liquidity",147
KIRLOSENG.NS,Kirloskar Oil Engines Limited,Specialty Industrial Machinery,Industrials,Industrials,False,Cash,1,Stage 2,Stage 2,Advancing,0.9,Price is above constructive weekly and long-term trend structure with improving relative strength.,Stage 2 - Advancing,33.37,Strong,Volume Expanding,Volume Expanding (3.74x vs 10W Avg),8.72,Outperformed Nifty by 8.72% in 3 Months,True,Low,Wider Risk; Low Liquidity,9.63,77.85,100.0,14.0,58.0,47.12,True,False,False,False,setup_not_proper_or_not_tight; risk_not_low,watchlist,weekly_watchlist,watchlist,43.37,"Stage 2, Advancing, trend_template_ok, flags=Wider Risk;Low Liquidity",148
IONEXCHANG.NS,ION Exchange (India) Limited,Industrials,Industrials,Industrials,False,Cash,1,Stage 2,Stage 2,Advancing,0.9,Price is above constructive weekly and long-term trend structure with improving relative strength.,Stage 2 - Advancing,28.85,Strong,Volume Drying Up,Volume Drying Up (0.37x vs 10W Avg),7.86,Outperformed Nifty by 7.86% in 3 Months,True,Low,Wide Risk; Low Liquidity,12.6,77.08,100.0,30.0,35.0,47.1,True,False,False,False,setup_not_proper_or_not_tight; risk_not_low,watchlist,weekly_watchlist,watchlist,28.85,"Stage 2, Advancing, trend_template_ok, volume_dryup, weekly_volume_dryup, flags=Wide Risk;Low Liquidity",149
GRAPHITE.NS,Graphite India Limited,Electrical Equipment & Parts,Industrials,Industrials,False,Cash,1,Stage 2,Stage 2,Advancing,0.9,Price is above constructive weekly and long-term trend structure with improving relative strength.,Stage 2 - Advancing,40.98,Very Strong,Volume Drying Up,Volume Drying Up (0.56x vs 10W Avg),31.41,Outperformed Nifty by 31.41% in 3 Months,True,Low,Loose Structure; Wide Risk; Low Liquidity,13.54,80.0,100.0,51.8,35.0,47.03,True,False,False,False,setup_not_proper_or_not_tight; risk_not_low,watchlist,weekly_watchlist,watchlist,50.98,"Stage 2, Advancing, trend_template_ok, volume_dryup, weekly_volume_dryup, flags=Loose Structure;Wide Risk;Low Liquidity",150
SAGILITY.NS,SAGILITY LIMITED,Healthcare,Healthcare,Healthcare,False,Cash,1,Stage 1,Stage 1,Stage 1,0.64,Price is building a base around long-term weekly structure without a confirmed advancing phase.,Stage 1,27.23,Strong,Volume Drying Up,Volume Drying Up (0.43x vs 10W Avg),11.97,Outperformed Nifty by 11.97% in 3 Months,False,Low,Wider Risk; Low Liquidity,11.48,70.39,37.5,83.2,58.0,46.94,True,True,False,False,risk_not_low; not_confirmed_stage2,watchlist,weekly_watchlist,watchlist,29.23,"Stage 1, Stage 1, weekly_vcp_ok, volume_dryup, weekly_volume_dryup, weekly_strong, flags=Wider Risk;Low Liquidity, stage1_not_actionable, stage1_needs_more_base",151
HBLENGINE.NS,HBL Engineering Limited,Electrical Equipment & Parts,Industrials,Industrials,False,Cash,1,Stage 1,Stage 1,Stage 1,0.68,Price is building a base around long-term weekly structure without a confirmed advancing phase.,Stage 1,16.23,Very Strong,Volume Expanding,Volume Expanding (1.85x vs 10W Avg),5.33,Outperformed Nifty by 5.33% in 3 Months,False,Low,Wider Risk; Low Liquidity,10.35,89.79,50.0,51.0,58.0,46.87,True,False,False,False,setup_not_proper_or_not_tight; risk_not_low; not_confirmed_stage2,watchlist,weekly_watchlist,watchlist,26.23,"Stage 1, Stage 1, flags=Wider Risk;Low Liquidity, stage1_not_actionable, stage1_needs_more_base",152
JUSTDIAL.NS,Just Dial Limited,Communication Services,Communication Services,Communication Services,False,Cash,1,Stage 2,Stage 2,Advancing,0.8,Price is above constructive weekly and long-term trend structure with improving relative strength.,Stage 2 - Advancing,28.84,Very Strong,Volume Drying Up,Volume Drying Up (0.24x vs 10W Avg),28.49,Outperformed Nifty by 28.49% in 3 Months,False,Low,Wider Risk; Low Liquidity,9.47,80.0,62.5,48.0,58.0,46.8,True,False,False,False,setup_not_proper_or_not_tight; risk_not_low,watchlist,weekly_watchlist,watchlist,33.84,"Stage 2, Advancing, volume_dryup, weekly_volume_dryup, flags=Wider Risk;Low Liquidity",153
TECHM.NS,Tech Mahindra Limited,Information Technology Services,Technology,Technology,True,F&O,1,Stage 1,Stage 1,Stage 1,0.64,Price is building a base around long-term weekly structure without a confirmed advancing phase.,Stage 1,21.8,Strong,Volume Drying Up,Volume Normal (0.89x vs 10W Avg),15.15,Outperformed Nifty by 15.15% in 3 Months,False,Low,Wider Risk; Low Liquidity,9.15,73.38,62.5,54.2,58.0,46.7,True,False,False,False,setup_not_proper_or_not_tight; risk_not_low; not_confirmed_stage2,watchlist,weekly_watchlist,watchlist,21.8,"Stage 1, Stage 1, weekly_vcp_ok, volume_dryup, weekly_volume_dryup, weekly_strong, flags=Wider Risk;Low Liquidity, stage1_not_actionable, stage1_needs_more_base",154
NRBBEARING.NS,NRB Bearing Limited,Auto Parts,Consumer Cyclical,Consumer Cyclical,False,Cash,1,Stage 2,Stage 2,Extended,0.78,"Weekly advancing structure remains intact, but price is stretched versus key moving averages.",Stage 2 - Extended,36.06,Very Strong,Volume Normal,Volume Normal (0.89x vs 10W Avg),34.15,Outperformed Nifty by 34.15% in 3 Months,True,Low,Loose Structure; Extended; Wider Risk; Low Liquidity,11.47,100.0,100.0,15.0,58.0,46.68,True,False,False,False,setup_not_proper_or_not_tight; risk_not_low; extended_structure,watchlist,weekly_watchlist,watchlist,41.06,"Stage 2, Extended, trend_template_ok, weekly_volume_dryup, flags=Loose Structure;Extended;Wider Risk;Low Liquidity",155
JAMNAAUTO.NS,Jamna Auto Industries Limited,Auto Parts,Consumer Cyclical,Consumer Cyclical,False,Cash,1,Stage 2,Stage 2,Advancing,0.8,Price is above constructive weekly and long-term trend structure with improving relative strength.,Stage 2 - Advancing,50.09,Very Strong,Volume Expanding,Volume Expanding (2.08x vs 10W Avg),6.99,Outperformed Nifty by 6.99% in 3 Months,True,Low,Wide Risk; Low Liquidity,15.91,100.0,87.5,64.1,15.0,46.58,True,False,False,False,setup_not_proper_or_not_tight; risk_not_low,watchlist,weekly_near_pivot,watchlist,55.09,"Stage 2, Advancing, trend_template_ok, weekly_vcp_ok, weekly_strong, flags=Wide Risk;Low Liquidity",156
BOSCH-HCIL.NS,BOSCH HOME COMFORT INDIA LIMITED,"Furnishings, Fixtures & Appliances",Consumer Cyclical,Consumer Cyclical,False,Cash,1,Stage 2,Stage 2,Advancing,0.9,Price is above constructive weekly and long-term trend structure with improving relative strength.,Stage 2 - Advancing,38.13,Very Strong,Volume Expanding,Volume Expanding (1.78x vs 10W Avg),45.66,Outperformed Nifty by 45.66% in 3 Months,True,Low,Loose Structure; Wide Risk; Low Liquidity,13.88,100.0,100.0,29.9,35.0,46.58,True,False,False,False,setup_not_proper_or_not_tight; risk_not_low,watchlist,weekly_forming,watchlist,38.13,"Stage 2, Advancing, trend_template_ok, weekly_vcp_ok, flags=Loose Structure;Wide Risk;Low Liquidity",157
SEAMECLTD.NS,Seamec Limited,Marine Shipping,Industrials,Industrials,False,Cash,1,Stage 2,Stage 2,Advancing,0.9,Price is above constructive weekly and long-term trend structure with improving relative strength.,Stage 2 - Advancing,35.45,Strong,Volume Drying Up,Volume Drying Up (0.44x vs 10W Avg),21.6,Outperformed Nifty by 21.6% in 3 Months,True,Low,Loose Structure; Wide Risk,12.94,76.01,100.0,12.0,35.0,46.52,True,False,False,False,setup_not_proper_or_not_tight; risk_not_low,watchlist,weekly_watchlist,watchlist,45.45,"Stage 2, Advancing, trend_template_ok, volume_dryup, weekly_volume_dryup, flags=Loose Structure;Wide Risk",158
VSSL.NS,Vardhman Special Steels Limited,Steel,Basic Materials,Basic Materials,False,Cash,1,Stage 2,Stage 2,Advancing,0.9,Price is above constructive weekly and long-term trend structure with improving relative strength.,Stage 2 - Advancing,51.21,Very Strong,Volume Drying Up,Volume Drying Up (0.24x vs 10W Avg),55.78,Outperformed Nifty by 55.78% in 3 Months,True,Low,Loose Structure; Wide Risk; Low Liquidity,15.24,100.0,100.0,76.1,15.0,46.46,True,True,False,False,risk_not_low,watchlist,weekly_breakout,watchlist,61.21,"Stage 2, Advancing, trend_template_ok, weekly_vcp_ok, volume_dryup, weekly_volume_dryup, weekly_strong, flags=Loose Structure;Wide Risk;Low Liquidity",159
RPTECH.NS,Rashi Peripherals Limited,Technology,Technology,Technology,False,Cash,1,Stage 2,Stage 2,Extended,0.78,"Weekly advancing structure remains intact, but price is stretched versus key moving averages.",Stage 2 - Extended,36.35,Very Strong,Volume Drying Up,Volume Normal (1.11x vs 10W Avg),32.36,Outperformed Nifty by 32.36% in 3 Months,True,Low,Loose Structure; Extended; Wider Risk; Low Liquidity,8.95,100.0,100.0,14.0,58.0,46.44,True,False,False,False,setup_not_proper_or_not_tight; risk_not_low; extended_structure,watchlist,weekly_watchlist,watchlist,46.35,"Stage 2, Extended, trend_template_ok, volume_dryup, flags=Loose Structure;Extended;Wider Risk;Low Liquidity",160
MANYAVAR.NS,Vedant Fashions Limited,Apparel Manufacturing,Consumer Cyclical,Consumer Cyclical,False,Cash,1,Stage 2,Stage 2,Advancing,0.8,Price is above constructive weekly and long-term trend structure with improving relative strength.,Stage 2 - Advancing,46.93,Very Strong,Volume Drying Up,Volume Drying Up (0.11x vs 10W Avg),41.68,Outperformed Nifty by 41.68% in 3 Months,True,Low,Loose Structure; Wide Risk; Low Liquidity,14.22,80.0,75.0,74.2,35.0,46.41,True,True,False,False,risk_not_low,watchlist,weekly_forming,watchlist,46.93,"Stage 2, Advancing, trend_template_ok, weekly_vcp_ok, volume_dryup, weekly_volume_dryup, weekly_strong, flags=Loose Structure;Wide Risk;Low Liquidity",161
ITDC.NS,India Tourism Development Corporation Limited,Lodging,Consumer Cyclical,Consumer Cyclical,False,Cash,1,Stage 2,Stage 2,Advancing,0.9,Price is above constructive weekly and long-term trend structure with improving relative strength.,Stage 2 - Advancing,30.8,Very Strong,Volume Expanding,Volume Normal (1.37x vs 10W Avg),24.71,Outperformed Nifty by 24.71% in 3 Months,True,Low,Wider Risk; Low Liquidity,10.03,80.0,100.0,8.0,58.0,46.2,True,False,False,False,setup_not_proper_or_not_tight; risk_not_low,watchlist,weekly_watchlist,watchlist,32.8,"Stage 2, Advancing, trend_template_ok, flags=Wider Risk;Low Liquidity",162
TORNTPHARM.NS,Torrent Pharmaceuticals Limited,Drug Manufacturers - Specialty & Generic,Healthcare,Healthcare,True,F&O,1,Stage 2,Stage 2,Advancing,0.8,Price is above constructive weekly and long-term trend structure with improving relative strength.,Stage 2 - Advancing,33.97,Strong,Volume Normal,Volume Normal (1.08x vs 10W Avg),6.33,Outperformed Nifty by 6.33% in 3 Months,True,Low,Wider Risk; Low Liquidity,8.89,75.7,75.0,37.0,58.0,46.13,True,False,False,False,setup_not_proper_or_not_tight; risk_not_low,watchlist,weekly_watchlist,watchlist,43.97,"Stage 2, Advancing, trend_template_ok, flags=Wider Risk;Low Liquidity",163
JINDALSAW.NS,Jindal Saw Limited,Steel,Basic Materials,Basic Materials,False,Cash,1,Stage 2,Stage 2,Advancing,0.8,Price is above constructive weekly and long-term trend structure with improving relative strength.,Stage 2 - Advancing,35.34,Very Strong,Volume Drying Up,Volume Drying Up (0.51x vs 10W Avg),13.71,Outperformed Nifty by 13.71% in 3 Months,True,Low,Wide Risk; Low Liquidity,14.18,80.0,75.0,48.0,35.0,46.12,True,False,False,False,setup_not_proper_or_not_tight; risk_not_low,watchlist,weekly_watchlist,watchlist,45.34,"Stage 2, Advancing, trend_template_ok, volume_dryup, weekly_volume_dryup, flags=Wide Risk;Low Liquidity",164
MEDANTA.NS,Global Health Limited,Medical Care Facilities,Healthcare,Healthcare,False,Cash,1,Stage 2,Stage 2,Advancing,0.8,Price is above constructive weekly and long-term trend structure with improving relative strength.,Stage 2 - Advancing,44.76,Strong,Volume Drying Up,Volume Drying Up (0.79x vs 10W Avg),7.89,Outperformed Nifty by 7.89% in 3 Months,True,Low,Wide Risk,12.41,62.11,75.0,23.9,35.0,46.04,False,False,False,False,not_true_leader; setup_not_proper_or_not_tight; risk_not_low,watchlist,weekly_forming,watchlist,44.76,"Stage 2, Advancing, trend_template_ok, weekly_vcp_ok, weekly_volume_dryup, flags=Wide Risk",165
DCBBANK.NS,DCB Bank Limited,Banks - Regional,Financial Services,Financial Services,False,Cash,1,Stage 2,Stage 2,Advancing,0.8,Price is above constructive weekly and long-term trend structure with improving relative strength.,Stage 2 - Advancing,42.52,Very Strong,Volume Drying Up,Volume Drying Up (0.63x vs 10W Avg),15.57,Outperformed Nifty by 15.57% in 3 Months,True,Low,Wide Risk; Low Liquidity,14.5,80.0,75.0,47.1,35.0,45.9,True,False,False,False,setup_not_proper_or_not_tight; risk_not_low,watchlist,weekly_near_pivot,watchlist,44.52,"Stage 2, Advancing, trend_template_ok, weekly_vcp_ok, volume_dryup, weekly_volume_dryup, weekly_strong, flags=Wide Risk;Low Liquidity",166
ANANDRATHI.NS,Anand Rathi Wealth Limited,Asset Management,Financial Services,Financial Services,False,Cash,1,Stage 2,Stage 2,Advancing,0.8,Price is above constructive weekly and long-term trend structure with improving relative strength.,Stage 2 - Advancing,31.42,Strong,Volume Expanding,Volume Expanding (2.59x vs 10W Avg),7.97,Outperformed Nifty by 7.97% in 3 Months,True,Low,Low Liquidity,7.94,77.17,75.0,18.0,82.0,45.76,True,False,True,False,setup_not_proper_or_not_tight,watchlist,weekly_watchlist,watchlist,31.42,"Stage 2, Advancing, trend_template_ok, flags=Low Liquidity",167
SANGHVIMOV.NS,Sanghvi Movers Limited,Industrials,Industrials,Industrials,False,Cash,1,Stage 2,Stage 2,Advancing,0.9,Price is above constructive weekly and long-term trend structure with improving relative strength.,Stage 2 - Advancing,36.06,Very Strong,Volume Drying Up,Volume Drying Up (0.63x vs 10W Avg),6.73,Outperformed Nifty by 6.73% in 3 Months,True,Low,Wide Risk; Low Liquidity,16.19,100.0,100.0,48.0,15.0,45.72,True,False,False,False,setup_not_proper_or_not_tight; risk_not_low,watchlist,weekly_watchlist,watchlist,36.06,"Stage 2, Advancing, trend_template_ok, volume_dryup, weekly_volume_dryup, flags=Wide Risk;Low Liquidity",168
EPL.NS,EPL Limited,Consumer Cyclical,Consumer Cyclical,Consumer Cyclical,False,Cash,1,Stage 2,Stage 2,Advancing,0.8,Price is above constructive weekly and long-term trend structure with improving relative strength.,Stage 2 - Advancing,38.51,Strong,Volume Drying Up,Volume Drying Up (0.29x vs 10W Avg),4.87,Outperformed Nifty by 4.87% in 3 Months,True,Low,Wide Risk; Low Liquidity,12.11,71.02,75.0,55.1,35.0,45.67,True,False,False,False,setup_not_proper_or_not_tight; risk_not_low,watchlist,weekly_forming,watchlist,40.51,"Stage 2, Advancing, trend_template_ok, weekly_vcp_ok, volume_dryup, weekly_volume_dryup, weekly_strong, flags=Wide Risk;Low Liquidity",169
FINCABLES.NS,Finolex Cables Limited,Electrical Equipment & Parts,Industrials,Industrials,False,Cash,1,Stage 2,Stage 2,Extended,0.78,"Weekly advancing structure remains intact, but price is stretched versus key moving averages.",Stage 2 - Extended,33.95,Very Strong,Volume Drying Up,Volume Drying Up (0.43x vs 10W Avg),41.17,Outperformed Nifty by 41.17% in 3 Months,True,Low,Loose Structure; Extended; Wide Risk; Low Liquidity,13.43,100.0,100.0,26.0,35.0,45.64,True,False,False,False,setup_not_proper_or_not_tight; risk_not_low; extended_structure,watchlist,weekly_watchlist,watchlist,43.95,"Stage 2, Extended, trend_template_ok, volume_dryup, weekly_volume_dryup, flags=Loose Structure;Extended;Wide Risk;Low Liquidity",170
MAYURUNIQ.NS,Mayur Uniquoters Ltd,Textile Manufacturing,Consumer Cyclical,Consumer Cyclical,False,Cash,1,Failed Stage 2,Stage 3,Failed Stage 2,0.72,"This stock was recently Stage 2, but the latest structure no longer satisfies Stage 2 rules. It is kept as Failed Stage 2 until a fresh base/repair structure forms.",Failed Stage 2,14.85,Neutral,Volume Drying Up,Volume Normal (0.88x vs 10W Avg),-9.38,Underperformed Nifty by 9.38% in 3 Months,False,Low,Wider Risk; Low Liquidity,10.5,51.56,75.0,59.0,58.0,45.61,False,False,False,False,not_true_leader; setup_not_proper_or_not_tight; risk_not_low; not_confirmed_stage2,watchlist,weekly_watchlist,watchlist,19.85,"Stage 3, Early, volume_dryup, weekly_volume_dryup, flags=Wider Risk;Low Liquidity, distribution_or_weakening_risk | Stage 2 failed state applied from stage memory.",171
HERITGFOOD.NS,Heritage Foods Limited,Packaged Foods,Consumer Defensive,Consumer Defensive,False,Cash,1,Stage 1,Stage 1,Stage 1,0.68,Price is building a base around long-term weekly structure without a confirmed advancing phase.,Stage 1,30.02,Very Strong,Volume Drying Up,Volume Drying Up (0.36x vs 10W Avg),28.2,Outperformed Nifty by 28.2% in 3 Months,False,Low,Wide Weekly Base; Wide Risk; Low Liquidity,12.47,80.0,75.0,70.1,35.0,45.42,True,True,False,False,risk_not_low; not_confirmed_stage2,watchlist,weekly_watchlist,watchlist,30.02,"Stage 1, Stage 1, weekly_vcp_ok, volume_dryup, weekly_volume_dryup, weekly_strong, flags=Wide Weekly Base;Wide Risk;Low Liquidity, stage1_not_actionable, stage1_needs_more_base",172
SUDARSCHEM.NS,Sudarshan Chemical Industries Limited,Specialty Chemicals,Basic Materials,Basic Materials,False,Cash,1,Stage 2,Stage 2,Advancing,0.9,Price is above constructive weekly and long-term trend structure with improving relative strength.,Stage 2 - Advancing,30.82,Very Strong,Volume Drying Up,Volume Drying Up (0.41x vs 10W Avg),37.03,Outperformed Nifty by 37.03% in 3 Months,True,Low,Wide Risk; Low Liquidity,14.92,80.0,100.0,20.0,35.0,45.4,True,False,False,False,setup_not_proper_or_not_tight; risk_not_low,watchlist,weekly_watchlist,watchlist,35.82,"Stage 2, Advancing, trend_template_ok, volume_dryup, weekly_volume_dryup, flags=Wide Risk;Low Liquidity",173
GRINDWELL.NS,Grindwell Norton Limited,Building Products & Equipment,Industrials,Industrials,False,Cash,1,Stage 2,Stage 2,Advancing,0.8,Price is above constructive weekly and long-term trend structure with improving relative strength.,Stage 2 - Advancing,33.22,Strong,Volume Drying Up,Volume Drying Up (0.81x vs 10W Avg),3.44,Outperformed Nifty by 3.44% in 3 Months,True,Low,Wider Risk; Low Liquidity,11.17,73.09,75.0,36.0,58.0,45.26,True,False,False,False,setup_not_proper_or_not_tight; risk_not_low,watchlist,weekly_watchlist,watchlist,33.22,"Stage 2, Advancing, trend_template_ok, weekly_volume_dryup, flags=Wider Risk;Low Liquidity",174
ROLEXRINGS.NS,Rolex Rings Limited,Metal Fabrication,Industrials,Industrials,False,Cash,1,Stage 2,Stage 2,Advancing,0.9,Price is above constructive weekly and long-term trend structure with improving relative strength.,Stage 2 - Advancing,33.15,Very Strong,Volume Drying Up,Volume Drying Up (0.76x vs 10W Avg),43.0,Outperformed Nifty by 43.0% in 3 Months,True,Low,Loose Structure; Wider Risk; Low Liquidity,9.62,100.0,100.0,9.0,58.0,45.24,True,False,False,False,setup_not_proper_or_not_tight; risk_not_low,watchlist,weekly_watchlist,watchlist,43.15,"Stage 2, Advancing, trend_template_ok, volume_dryup, weekly_volume_dryup, flags=Loose Structure;Wider Risk;Low Liquidity",175
ABCAPITAL.NS,Aditya Birla Capital Limited,Financial Services,Financial Services,Financial Services,True,F&O,1,Stage 2,Stage 2,Advancing,0.8,Price is above constructive weekly and long-term trend structure with improving relative strength.,Stage 2 - Advancing,39.68,Neutral,Volume Normal,Volume Normal (1.04x vs 10W Avg),-0.31,Underperformed Nifty by 0.31% in 3 Months,True,Low,Wider Risk; Low Liquidity,9.86,54.72,75.0,54.2,58.0,45.22,False,False,False,False,not_true_leader; setup_not_proper_or_not_tight; risk_not_low,watchlist,weekly_forming,watchlist,39.68,"Stage 2, Advancing, trend_template_ok, weekly_vcp_ok, weekly_strong, flags=Wider Risk;Low Liquidity",176
AJAXENGG.NS,Ajax Engineering Limited,Farm & Heavy Construction Machinery,Industrials,Industrials,False,Cash,1,Stage 2,Stage 2,Advancing,0.8,Price is above constructive weekly and long-term trend structure with improving relative strength.,Stage 2 - Advancing,47.88,Very Strong,Volume Expanding,Volume Expanding (4.51x vs 10W Avg),16.18,Outperformed Nifty by 16.18% in 3 Months,True,Low,Wide Weekly Base; Wider Risk; Low Liquidity,10.49,80.0,75.0,53.77,58.0,45.18,True,False,False,False,setup_not_proper_or_not_tight; risk_not_low,watchlist,weekly_near_pivot,watchlist,49.88,"Stage 2, Advancing, trend_template_ok, weekly_vcp_ok, weekly_strong, flags=Wide Weekly Base;Wider Risk;Low Liquidity",177
TIMETECHNO.NS,Time Technoplast Limited,Consumer Cyclical,Consumer Cyclical,Consumer Cyclical,False,Cash,1,Stage 3,Stage 3,Early,0.68,"Prior strength has shifted into a Stage 3 transition based on trend, relative strength, and volume evidence.",Stage 3 Early,23.38,Strong,Volume Normal,Volume Normal (0.99x vs 10W Avg),9.7,Outperformed Nifty by 9.7% in 3 Months,False,Low,Wider Risk; Low Liquidity,11.32,75.17,37.5,71.1,58.0,45.18,True,False,False,False,setup_not_proper_or_not_tight; risk_not_low; not_confirmed_stage2,watchlist,weekly_watchlist,watchlist,25.38,"Stage 3, Early, weekly_vcp_ok, weekly_strong, flags=Wider Risk;Low Liquidity, distribution_or_weakening_risk",178
KOLTEPATIL.NS,Kolte - Patil Developers Limited,Real Estate,Real Estate,Real Estate,False,Cash,1,Stage 2,Stage 2,Advancing,0.8,Price is above constructive weekly and long-term trend structure with improving relative strength.,Stage 2 - Advancing,32.69,Very Strong,Volume Drying Up,Volume Drying Up (0.08x vs 10W Avg),22.9,Outperformed Nifty by 22.9% in 3 Months,True,Low,Wide Risk; Low Liquidity,12.76,80.0,75.0,43.9,35.0,45.14,True,False,False,False,setup_not_proper_or_not_tight; risk_not_low,watchlist,weekly_forming,watchlist,34.69,"Stage 2, Advancing, trend_template_ok, weekly_vcp_ok, volume_dryup, weekly_volume_dryup, flags=Wide Risk;Low Liquidity",179
CARTRADE.NS,Cartrade Tech Limited,Consumer Cyclical,Consumer Cyclical,Consumer Cyclical,False,Cash,1,Stage 2,Stage 2,Advancing,0.8,Price is above constructive weekly and long-term trend structure with improving relative strength.,Stage 2 - Advancing,49.59,Strong,Volume Drying Up,Volume Drying Up (0.60x vs 10W Avg),10.68,Outperformed Nifty by 10.68% in 3 Months,True,Low,Wide Weekly Base; Wide Risk; Low Liquidity,12.89,79.61,75.0,69.2,35.0,45.11,True,True,False,False,risk_not_low,watchlist,weekly_forming,watchlist,51.59,"Stage 2, Advancing, trend_template_ok, weekly_vcp_ok, volume_dryup, weekly_volume_dryup, weekly_strong, flags=Wide Weekly Base;Wide Risk;Low Liquidity",180
SHOPERSTOP.NS,Shoppers Stop Limited,Consumer Cyclical,Consumer Cyclical,Consumer Cyclical,False,Cash,1,Stage 2,Stage 2,Advancing,0.8,Price is above constructive weekly and long-term trend structure with improving relative strength.,Stage 2 - Advancing,33.84,Very Strong,Volume Expanding,Volume Expanding (4.17x vs 10W Avg),23.55,Outperformed Nifty by 23.55% in 3 Months,True,Low,Wide Risk; Low Liquidity,12.26,95.0,75.0,28.0,35.0,44.92,True,False,False,False,setup_not_proper_or_not_tight; risk_not_low,watchlist,weekly_watchlist,watchlist,35.84,"Stage 2, Advancing, trend_template_ok, flags=Wide Risk;Low Liquidity",181
PARADEEP.NS,Paradeep Phosphates Limited,Agricultural Inputs,Basic Materials,Basic Materials,False,Cash,1,Stage 2,Stage 2,Advancing,0.8,Price is above constructive weekly and long-term trend structure with improving relative strength.,Stage 2 - Advancing,41.14,Very Strong,Volume Drying Up,Volume Drying Up (0.22x vs 10W Avg),15.82,Outperformed Nifty by 15.82% in 3 Months,True,Low,Wide Weekly Base; Wide Risk; Low Liquidity,12.14,95.0,87.5,40.2,35.0,44.85,True,False,False,False,setup_not_proper_or_not_tight; risk_not_low,watchlist,weekly_near_pivot,watchlist,41.14,"Stage 2, Advancing, trend_template_ok, weekly_vcp_ok, volume_dryup, weekly_volume_dryup, weekly_strong, flags=Wide Weekly Base;Wide Risk;Low Liquidity",182
SMLMAH.NS,SML Mahindra Limited,Auto Manufacturers,Consumer Cyclical,Consumer Cyclical,False,Cash,1,Stage 2,Stage 2,Extended,0.78,"Weekly advancing structure remains intact, but price is stretched versus key moving averages.",Stage 2 - Extended,42.57,Very Strong,Volume Drying Up,Volume Drying Up (0.25x vs 10W Avg),75.8,Outperformed Nifty by 75.8% in 3 Months,True,Low,Loose Structure; Extended; Wide Risk; Low Liquidity,14.02,80.0,100.0,42.2,35.0,44.73,True,False,False,False,setup_not_proper_or_not_tight; risk_not_low; extended_structure,watchlist,weekly_breakout,watchlist,47.57,"Stage 2, Extended, trend_template_ok, weekly_vcp_ok, volume_dryup, weekly_volume_dryup, weekly_strong, flags=Loose Structure;Extended;Wide Risk;Low Liquidity",183
KARURVYSYA.NS,Karur Vysya Bank Limited,Banks - Regional,Financial Services,Financial Services,False,Cash,1,Stage 2,Stage 2,Advancing,0.8,Price is above constructive weekly and long-term trend structure with improving relative strength.,Stage 2 - Advancing,40.08,Very Strong,Volume Drying Up,Volume Drying Up (0.50x vs 10W Avg),14.42,Outperformed Nifty by 14.42% in 3 Months,True,Low,Wide Risk; Low Liquidity,13.25,80.0,75.0,42.2,35.0,44.73,True,False,False,False,setup_not_proper_or_not_tight; risk_not_low,watchlist,weekly_forming,watchlist,42.08,"Stage 2, Advancing, trend_template_ok, weekly_vcp_ok, weekly_volume_dryup, weekly_strong, flags=Wide Risk;Low Liquidity",184
GLENMARK.NS,Glenmark Pharmaceuticals Limited,Drug Manufacturers - Specialty & Generic,Healthcare,Healthcare,True,F&O,1,Stage 2,Stage 2,Advancing,0.8,Price is above constructive weekly and long-term trend structure with improving relative strength.,Stage 2 - Advancing,33.09,Strong,Volume Expanding,Volume Expanding (1.88x vs 10W Avg),9.71,Outperformed Nifty by 9.71% in 3 Months,False,Low,Wider Risk; Low Liquidity,9.75,75.22,62.5,44.0,58.0,44.69,True,False,False,False,setup_not_proper_or_not_tight; risk_not_low,watchlist,weekly_forming,watchlist,43.09,"Stage 2, Advancing, weekly_vcp_ok, weekly_strong, flags=Wider Risk;Low Liquidity",185
KRISHANA.NS,Krishana Phoschem Limited,Agricultural Inputs,Basic Materials,Basic Materials,False,Cash,1,Stage 2,Stage 2,Advancing,0.9,Price is above constructive weekly and long-term trend structure with improving relative strength.,Stage 2 - Advancing,32.44,Very Strong,Volume Drying Up,Volume Drying Up (0.52x vs 10W Avg),34.76,Outperformed Nifty by 34.76% in 3 Months,True,Low,Loose Structure; Wide Risk; Low Liquidity,13.51,100.0,100.0,22.0,35.0,44.68,True,False,False,False,setup_not_proper_or_not_tight; risk_not_low,watchlist,weekly_watchlist,watchlist,32.44,"Stage 2, Advancing, trend_template_ok, volume_dryup, weekly_volume_dryup, flags=Loose Structure;Wide Risk;Low Liquidity",186
AVL.NS,Aditya Vision Limited,Consumer Cyclical,Consumer Cyclical,Consumer Cyclical,False,Cash,1,Stage 2,Stage 2,Advancing,0.8,Price is above constructive weekly and long-term trend structure with improving relative strength.,Stage 2 - Advancing,28.81,Strong,Volume Drying Up,Volume Drying Up (0.49x vs 10W Avg),-1.52,Underperformed Nifty by 1.52% in 3 Months,True,Low,Low Liquidity,7.45,68.63,75.0,22.0,82.0,44.67,False,False,True,False,not_true_leader; setup_not_proper_or_not_tight,watchlist,weekly_watchlist,watchlist,30.81,"Stage 2, Advancing, trend_template_ok, volume_dryup, weekly_volume_dryup, flags=Low Liquidity",187
AARTIPHARM.NS,Aarti Pharmalabs Limited,Drug Manufacturers - Specialty & Generic,Healthcare,Healthcare,False,Cash,1,Stage 2,Stage 2,Extended,0.78,"Weekly advancing structure remains intact, but price is stretched versus key moving averages.",Stage 2 - Extended,45.34,Very Strong,Volume Drying Up,Volume Drying Up (0.85x vs 10W Avg),42.34,Outperformed Nifty by 42.34% in 3 Months,True,Low,Loose Structure; Extended; Wider Risk; Low Liquidity,11.57,100.0,87.5,19.1,58.0,44.66,True,False,False,False,setup_not_proper_or_not_tight; risk_not_low; extended_structure,watchlist,weekly_breakout,watchlist,55.34,"Stage 2, Extended, trend_template_ok, weekly_vcp_ok, weekly_volume_dryup, weekly_strong, flags=Loose Structure;Extended;Wider Risk;Low Liquidity",188
GESHIP.NS,The Great Eastern Shipping Company Limited,Marine Shipping,Industrials,Industrials,False,Cash,1,Stage 2,Stage 2,Extended,0.78,"Weekly advancing structure remains intact, but price is stretched versus key moving averages.",Stage 2 - Extended,35.53,Strong,Volume Expanding,Volume Expanding (1.62x vs 10W Avg),18.62,Outperformed Nifty by 18.62% in 3 Months,True,Low,Extended; Wide Risk; Low Liquidity,14.25,77.11,87.5,32.0,35.0,44.59,True,False,False,False,setup_not_proper_or_not_tight; risk_not_low; extended_structure,watchlist,weekly_watchlist,watchlist,45.53,"Stage 2, Extended, trend_template_ok, flags=Extended;Wide Risk;Low Liquidity",189
BLISSGVS.NS,Bliss GVS Pharma Limited,Drug Manufacturers - Specialty & Generic,Healthcare,Healthcare,False,Cash,1,Stage 2,Stage 2,Extended,0.78,"Weekly advancing structure remains intact, but price is stretched versus key moving averages.",Stage 2 - Extended,31.75,Very Strong,Volume Expanding,Volume Expanding (2.41x vs 10W Avg),48.69,Outperformed Nifty by 48.69% in 3 Months,True,Low,Loose Structure; Extended; Wider Risk; Low Liquidity,10.64,100.0,100.0,6.0,58.0,44.52,True,False,False,False,setup_not_proper_or_not_tight; risk_not_low; extended_structure,watchlist,weekly_watchlist,watchlist,41.75,"Stage 2, Extended, trend_template_ok, flags=Loose Structure;Extended;Wider Risk;Low Liquidity",190
WESTLIFE.NS,WESTLIFE FOODWORLD LIMITED,Consumer Cyclical,Consumer Cyclical,Consumer Cyclical,False,Cash,1,Stage 2,Stage 2,Advancing,0.8,Price is above constructive weekly and long-term trend structure with improving relative strength.,Stage 2 - Advancing,28.8,Very Strong,Volume Drying Up,Volume Drying Up (0.56x vs 10W Avg),24.07,Outperformed Nifty by 24.07% in 3 Months,True,Low,Loose Structure; Wider Risk; Low Liquidity,11.89,100.0,87.5,18.0,58.0,44.4,True,False,False,False,setup_not_proper_or_not_tight; risk_not_low,watchlist,weekly_watchlist,watchlist,30.8,"Stage 2, Advancing, trend_template_ok, volume_dryup, weekly_volume_dryup, flags=Loose Structure;Wider Risk;Low Liquidity",191
DATAMATICS.NS,Datamatics Global Services Limited,Information Technology Services,Technology,Technology,False,Cash,1,Stage 2,Stage 2,Advancing,0.9,Price is above constructive weekly and long-term trend structure with improving relative strength.,Stage 2 - Advancing,31.66,Strong,Volume Normal,Volume Normal (1.33x vs 10W Avg),3.5,Outperformed Nifty by 3.5% in 3 Months,True,Low,Wider Risk; Low Liquidity,9.28,73.15,75.0,31.9,58.0,44.29,True,False,False,False,setup_not_proper_or_not_tight; risk_not_low,watchlist,weekly_forming,watchlist,31.66,"Stage 2, Advancing, trend_template_ok, weekly_vcp_ok, flags=Wider Risk;Low Liquidity",192
CARBORUNIV.NS,Carborundum Universal Limited,Conglomerates,Industrials,Industrials,False,Cash,1,Stage 2,Stage 2,Advancing,0.9,Price is above constructive weekly and long-term trend structure with improving relative strength.,Stage 2 - Advancing,36.26,Very Strong,Volume Expanding,Volume Expanding (2.66x vs 10W Avg),16.5,Outperformed Nifty by 16.5% in 3 Months,True,Low,Wide Risk; Low Liquidity,16.73,100.0,100.0,42.0,15.0,44.28,True,False,False,False,setup_not_proper_or_not_tight; risk_not_low,watchlist,weekly_watchlist,watchlist,36.26,"Stage 2, Advancing, trend_template_ok, flags=Wide Risk;Low Liquidity",193
SUNTV.NS,Sun TV Network Limited,Communication Services,Communication Services,Communication Services,False,Cash,1,Not Sure,Not Sure,Not Sure,0.0,Stage rules did not identify a reliable structure.,Not Sure - Unclear,17.81,Very Strong,Volume Expanding,Volume Expanding (14.09x vs 10W Avg),25.95,Outperformed Nifty by 25.95% in 3 Months,False,Low,Loose Structure; Wider Risk; Low Liquidity,10.99,100.0,75.0,30.0,58.0,44.28,True,False,False,False,setup_not_proper_or_not_tight; risk_not_low; not_confirmed_stage2,watchlist,weekly_watchlist,watchlist,22.81,"Not Sure, Unclear, flags=Loose Structure;Wider Risk;Low Liquidity",194
PPLPHARMA.NS,Piramal Pharma Limited,Drug Manufacturers - Specialty & Generic,Healthcare,Healthcare,False,Cash,1,Stage 2,Stage 2,Advancing,0.8,Price is above constructive weekly and long-term trend structure with improving relative strength.,Stage 2 - Advancing,30.4,Very Strong,Volume Drying Up,Volume Drying Up (0.63x vs 10W Avg),22.9,Outperformed Nifty by 22.9% in 3 Months,True,Low,Wide Risk; Low Liquidity,13.14,100.0,75.0,20.0,35.0,44.2,True,False,False,False,setup_not_proper_or_not_tight; risk_not_low,watchlist,weekly_watchlist,watchlist,40.4,"Stage 2, Advancing, trend_template_ok, volume_dryup, weekly_volume_dryup, flags=Wide Risk;Low Liquidity",195
TFCILTD.NS,Tourism Finance Corporation of India Limited,Credit Services,Financial Services,Financial Services,False,Cash,1,Stage 2,Stage 2,Extended,0.78,"Weekly advancing structure remains intact, but price is stretched versus key moving averages.",Stage 2 - Extended,35.11,Very Strong,Volume Expanding,Volume Expanding (1.63x vs 10W Avg),82.63,Outperformed Nifty by 82.63% in 3 Months,True,Low,Loose Structure; Extended; Wider Risk; Low Liquidity,9.97,100.0,100.0,4.0,58.0,44.04,True,False,False,False,setup_not_proper_or_not_tight; risk_not_low; extended_structure,watchlist,weekly_watchlist,watchlist,37.11,"Stage 2, Extended, trend_template_ok, flags=Loose Structure;Extended;Wider Risk;Low Liquidity",196
USHAMART.NS,Usha Martin Limited,Steel,Basic Materials,Basic Materials,False,Cash,1,Stage 2,Stage 2,Advancing,0.8,Price is above constructive weekly and long-term trend structure with improving relative strength.,Stage 2 - Advancing,32.84,Strong,Volume Drying Up,Volume Drying Up (0.65x vs 10W Avg),4.44,Outperformed Nifty by 4.44% in 3 Months,False,Low,Wider Risk; Low Liquidity,10.46,73.99,62.5,42.2,58.0,43.97,True,False,False,False,setup_not_proper_or_not_tight; risk_not_low,watchlist,weekly_near_pivot,watchlist,42.84,"Stage 2, Advancing, weekly_vcp_ok, weekly_volume_dryup, weekly_strong, flags=Wider Risk;Low Liquidity",197
ENDURANCE.NS,Endurance Technologies Limited,Auto Parts,Consumer Cyclical,Consumer Cyclical,False,Cash,1,Failed Stage 2,Stage 1,Failed Stage 2,0.72,"This stock was recently Stage 2, but the latest structure no longer satisfies Stage 2 rules. It is kept as Failed Stage 2 until a fresh base/repair structure forms.",Failed Stage 2,21.11,Strong,Volume Drying Up,Volume Drying Up (0.80x vs 10W Avg),7.53,Outperformed Nifty by 7.53% in 3 Months,False,Low,Wider Risk; Low Liquidity,8.7,61.78,62.5,54.2,58.0,43.92,False,False,False,False,not_true_leader; setup_not_proper_or_not_tight; risk_not_low; not_confirmed_stage2,watchlist,weekly_watchlist,watchlist,26.11,"Stage 1, Stage 1, weekly_vcp_ok, volume_dryup, weekly_volume_dryup, weekly_strong, flags=Wider Risk;Low Liquidity, stage1_not_actionable, stage1_needs_more_base | Stage 2 failed state applied from stage memory.",198
PAYTM.NS,One 97 Communications Limited,Software - Infrastructure,Technology,Technology,True,F&O,1,Stage 2,Stage 2,Advancing,0.9,Price is above constructive weekly and long-term trend structure with improving relative strength.,Stage 2 - Advancing,40.65,Very Strong,Volume Drying Up,Volume Drying Up (0.84x vs 10W Avg),44.54,Outperformed Nifty by 44.54% in 3 Months,True,Low,Loose Structure; Wide Risk; Low Liquidity,12.61,80.0,100.0,38.2,35.0,43.77,True,False,False,False,setup_not_proper_or_not_tight; risk_not_low,watchlist,weekly_breakout,watchlist,42.65,"Stage 2, Advancing, trend_template_ok, weekly_vcp_ok, volume_dryup, weekly_volume_dryup, weekly_strong, flags=Loose Structure;Wide Risk;Low Liquidity",199
GRWRHITECH.NS,Garware Hi-Tech Films Limited,Specialty Chemicals,Basic Materials,Basic Materials,False,Cash,1,Stage 2,Stage 2,Advancing,0.9,Price is above constructive weekly and long-term trend structure with improving relative strength.,Stage 2 - Advancing,33.67,Very Strong,Volume Normal,Volume Normal (0.99x vs 10W Avg),6.9,Outperformed Nifty by 6.9% in 3 Months,True,Low,Wide Weekly Base; Low Liquidity,7.79,100.0,100.0,20.2,82.0,43.77,True,False,True,False,setup_not_proper_or_not_tight,watchlist,weekly_forming,watchlist,38.67,"Stage 2, Advancing, trend_template_ok, weekly_vcp_ok, weekly_strong, flags=Wide Weekly Base;Low Liquidity",200
BANSALWIRE.NS,Bansal Wire Industries Limited,Steel,Basic Materials,Basic Materials,False,Cash,1,Stage 2,Stage 2,Advancing,0.9,Price is above constructive weekly and long-term trend structure with improving relative strength.,Stage 2 - Advancing,31.67,Neutral,Volume Normal,Volume Normal (1.16x vs 10W Avg),-4.01,Underperformed Nifty by 4.01% in 3 Months,True,Low,Wide Risk; Low Liquidity,12.54,56.39,100.0,36.0,35.0,43.57,False,False,False,False,not_true_leader; setup_not_proper_or_not_tight; risk_not_low,watchlist,weekly_watchlist,watchlist,41.67,"Stage 2, Advancing, trend_template_ok, flags=Wide Risk;Low Liquidity",201
CGPOWER.NS,CG Power and Industrial Solutions Limited,Electrical Equipment & Parts,Industrials,Industrials,True,F&O,1,Stage 2,Stage 2,Advancing,0.8,Price is above constructive weekly and long-term trend structure with improving relative strength.,Stage 2 - Advancing,33.06,Strong,Volume Drying Up,Volume Drying Up (0.61x vs 10W Avg),-0.86,Underperformed Nifty by 0.86% in 3 Months,True,Low,Wide Risk; Low Liquidity,14.51,69.23,75.0,48.0,35.0,43.54,False,False,False,False,not_true_leader; setup_not_proper_or_not_tight; risk_not_low,forming_vcp,weekly_watchlist,watchlist,43.06,"Stage 2, Advancing, trend_template_ok, daily_vcp_ok, volume_dryup, weekly_volume_dryup, flags=Wide Risk;Low Liquidity",202
RAYMONDREL.NS,Raymond Realty Limited,Real Estate,Real Estate,Real Estate,False,Cash,1,Stage 2,Stage 2,Advancing,0.9,Price is above constructive weekly and long-term trend structure with improving relative strength.,Stage 2 - Advancing,30.34,Strong,Volume Expanding,Volume Expanding (4.96x vs 10W Avg),2.13,Outperformed Nifty by 2.13% in 3 Months,True,Low,Loose Structure; Low Liquidity,4.38,71.91,100.0,2.0,100.0,43.54,True,False,True,False,setup_not_proper_or_not_tight,watchlist,weekly_watchlist,watchlist,32.34,"Stage 2, Advancing, trend_template_ok, flags=Loose Structure;Low Liquidity",203
FOSECOIND.NS,Foseco India Limited,Chemicals,Basic Materials,Basic Materials,False,Cash,1,Stage 2,Stage 2,Advancing,0.9,Price is above constructive weekly and long-term trend structure with improving relative strength.,Stage 2 - Advancing,48.43,Very Strong,Volume Drying Up,Volume Drying Up (0.71x vs 10W Avg),32.92,Outperformed Nifty by 32.92% in 3 Months,True,Low,Loose Structure; Wide Risk; Low Liquidity,18.14,100.0,100.0,63.1,15.0,43.34,True,False,False,False,setup_not_proper_or_not_tight; risk_not_low,watchlist,weekly_breakout,watchlist,53.43,"Stage 2, Advancing, trend_template_ok, weekly_vcp_ok, weekly_volume_dryup, weekly_strong, flags=Loose Structure;Wide Risk;Low Liquidity",204
SUNPHARMA.NS,Sun Pharmaceutical Industries Limited,Drug Manufacturers - Specialty & Generic,Healthcare,Healthcare,True,F&O,1,Stage 1,Stage 1,Stage 1,0.64,Price is building a base around long-term weekly structure without a confirmed advancing phase.,Stage 1,27.84,Strong,Volume Normal,Volume Normal (0.96x vs 10W Avg),2.02,Outperformed Nifty by 2.02% in 3 Months,False,Low,Wider Risk; Low Liquidity,11.52,65.12,37.5,73.1,58.0,43.25,False,True,False,False,not_true_leader; risk_not_low; not_confirmed_stage2,watchlist,weekly_watchlist,watchlist,37.84,"Stage 1, Stage 1, weekly_vcp_ok, weekly_strong, flags=Wider Risk;Low Liquidity, stage1_not_actionable, stage1_needs_more_base",205
MANORAMA.NS,Manorama Industries Limited,Packaged Foods,Consumer Defensive,Consumer Defensive,False,Cash,1,Stage 2,Stage 2,Advancing,0.9,Price is above constructive weekly and long-term trend structure with improving relative strength.,Stage 2 - Advancing,36.16,Very Strong,Volume Drying Up,Volume Drying Up (0.25x vs 10W Avg),24.42,Outperformed Nifty by 24.42% in 3 Months,True,Low,Loose Structure; Wide Risk; Low Liquidity,14.86,80.0,100.0,35.9,35.0,43.22,True,False,False,False,setup_not_proper_or_not_tight; risk_not_low,watchlist,weekly_forming,watchlist,36.16,"Stage 2, Advancing, trend_template_ok, weekly_vcp_ok, volume_dryup, weekly_volume_dryup, flags=Loose Structure;Wide Risk;Low Liquidity",206
SIEMENS.NS,Siemens Limited,Specialty Industrial Machinery,Industrials,Industrials,True,F&O,1,Stage 2,Stage 2,Advancing,0.8,Price is above constructive weekly and long-term trend structure with improving relative strength.,Stage 2 - Advancing,26.9,Very Strong,Volume Drying Up,Volume Drying Up (0.57x vs 10W Avg),11.62,Outperformed Nifty by 11.62% in 3 Months,True,Low,Wider Risk; Low Liquidity,11.25,80.0,75.0,20.0,58.0,43.08,True,False,False,False,setup_not_proper_or_not_tight; risk_not_low,watchlist,weekly_watchlist,watchlist,36.9,"Stage 2, Advancing, trend_template_ok, volume_dryup, weekly_volume_dryup, flags=Wider Risk;Low Liquidity",207
DYNAMATECH.NS,Dynamatic Technologies Limited,Auto Parts,Consumer Cyclical,Consumer Cyclical,False,Cash,1,Stage 2,Stage 2,Extended,0.78,"Weekly advancing structure remains intact, but price is stretched versus key moving averages.",Stage 2 - Extended,30.02,Very Strong,Volume Expanding,Volume Expanding (2.06x vs 10W Avg),33.0,Outperformed Nifty by 33.0% in 3 Months,True,Low,Loose Structure; Extended; Wider Risk; Low Liquidity,8.7,100.0,100.0,0.0,58.0,43.08,True,False,False,False,setup_not_proper_or_not_tight; risk_not_low; extended_structure,watchlist,weekly_watchlist,watchlist,35.02,"Stage 2, Extended, trend_template_ok, flags=Loose Structure;Extended;Wider Risk;Low Liquidity",208
NAVINFLUOR.NS,Navin Fluorine International Limited,Chemicals,Basic Materials,Basic Materials,False,Cash,1,Stage 2,Stage 2,Advancing,0.8,Price is above constructive weekly and long-term trend structure with improving relative strength.,Stage 2 - Advancing,29.32,Very Strong,Volume Drying Up,Volume Drying Up (0.46x vs 10W Avg),13.48,Outperformed Nifty by 13.48% in 3 Months,True,Low,Wider Risk; Low Liquidity,9.65,80.0,75.0,20.0,58.0,43.08,True,False,False,False,setup_not_proper_or_not_tight; risk_not_low,watchlist,weekly_watchlist,watchlist,34.32,"Stage 2, Advancing, trend_template_ok, volume_dryup, weekly_volume_dryup, flags=Wider Risk;Low Liquidity",209
CUPID.NS,Cupid Limited,Household & Personal Products,Consumer Defensive,Consumer Defensive,False,Cash,1,Stage 2,Stage 2,Extended,0.78,"Weekly advancing structure remains intact, but price is stretched versus key moving averages.",Stage 2 - Extended,31.1,Very Strong,Volume Expanding,Volume Normal (1.24x vs 10W Avg),53.05,Outperformed Nifty by 53.05% in 3 Months,True,Low,Loose Structure; Extended; Wider Risk; Low Liquidity,9.65,100.0,100.0,0.0,58.0,43.08,True,False,False,False,setup_not_proper_or_not_tight; risk_not_low; extended_structure,watchlist,weekly_watchlist,watchlist,33.1,"Stage 2, Extended, trend_template_ok, flags=Loose Structure;Extended;Wider Risk;Low Liquidity",210
TMB.NS,Tamilnad Mercantile Bank Limited,Banks - Regional,Financial Services,Financial Services,False,Cash,1,Stage 2,Stage 2,Advancing,0.8,Price is above constructive weekly and long-term trend structure with improving relative strength.,Stage 2 - Advancing,28.33,Very Strong,Volume Drying Up,Volume Drying Up (0.39x vs 10W Avg),21.57,Outperformed Nifty by 21.57% in 3 Months,True,Low,Wider Risk; Low Liquidity,10.58,80.0,75.0,20.0,58.0,43.08,True,False,False,False,setup_not_proper_or_not_tight; risk_not_low,watchlist,weekly_watchlist,watchlist,30.33,"Stage 2, Advancing, trend_template_ok, volume_dryup, weekly_volume_dryup, flags=Wider Risk;Low Liquidity",211
GARFIBRES.NS,Garware Technical Fibres Limited,Textile Manufacturing,Consumer Cyclical,Consumer Cyclical,False,Cash,1,Stage 2,Stage 2,Advancing,0.8,Price is above constructive weekly and long-term trend structure with improving relative strength.,Stage 2 - Advancing,25.01,Very Strong,Volume Drying Up,Volume Drying Up (0.45x vs 10W Avg),12.4,Outperformed Nifty by 12.4% in 3 Months,True,Low,Wider Risk; Low Liquidity,10.79,80.0,75.0,20.0,58.0,43.08,True,False,False,False,setup_not_proper_or_not_tight; risk_not_low,watchlist,weekly_watchlist,watchlist,30.01,"Stage 2, Advancing, trend_template_ok, volume_dryup, weekly_volume_dryup, flags=Wider Risk;Low Liquidity",212
STYLAMIND.NS,Stylam Industries Limited,"Furnishings, Fixtures & Appliances",Consumer Cyclical,Consumer Cyclical,False,Cash,1,Stage 2,Stage 2,Advancing,0.8,Price is above constructive weekly and long-term trend structure with improving relative strength.,Stage 2 - Advancing,26.17,Strong,Volume Drying Up,Volume Drying Up (0.56x vs 10W Avg),8.22,Outperformed Nifty by 8.22% in 3 Months,True,Low,Wider Risk; Low Liquidity,8.52,77.4,75.0,22.0,58.0,42.94,True,False,False,False,setup_not_proper_or_not_tight; risk_not_low,watchlist,weekly_watchlist,watchlist,26.17,"Stage 2, Advancing, trend_template_ok, weekly_volume_dryup, flags=Wider Risk;Low Liquidity",213
HINDZINC.NS,Hindustan Zinc Limited,Basic Materials,Basic Materials,Basic Materials,True,F&O,1,Stage 1,Stage 1,Stage 1,0.64,Price is building a base around long-term weekly structure without a confirmed advancing phase.,Stage 1,23.0,Strong,Volume Drying Up,Volume Drying Up (0.68x vs 10W Avg),11.55,Outperformed Nifty by 11.55% in 3 Months,False,Low,Wider Risk; Low Liquidity,11.41,73.98,25.0,75.2,58.0,42.88,True,True,False,False,risk_not_low; not_confirmed_stage2,watchlist,weekly_watchlist,watchlist,23.0,"Stage 1, Stage 1, weekly_vcp_ok, volume_dryup, weekly_volume_dryup, weekly_strong, flags=Wider Risk;Low Liquidity, stage1_not_actionable, stage1_needs_more_base",214
TIPSMUSIC.NS,Tips Music Limited,Communication Services,Communication Services,Communication Services,False,Cash,1,Stage 2,Stage 2,Advancing,0.8,Price is above constructive weekly and long-term trend structure with improving relative strength.,Stage 2 - Advancing,31.69,Strong,Volume Drying Up,Volume Drying Up (0.38x vs 10W Avg),2.31,Outperformed Nifty by 2.31% in 3 Months,True,Low,Wide Risk; Low Liquidity,13.62,72.08,75.0,42.0,35.0,42.78,True,False,False,False,setup_not_proper_or_not_tight; risk_not_low,watchlist,weekly_watchlist,watchlist,36.69,"Stage 2, Advancing, trend_template_ok, volume_dryup, weekly_volume_dryup, flags=Wide Risk;Low Liquidity",215
BEML.NS,BEML Limited,Conglomerates,Industrials,Industrials,False,Cash,1,Stage 2,Stage 2,Advancing,0.9,Price is above constructive weekly and long-term trend structure with improving relative strength.,Stage 2 - Advancing,41.61,Very Strong,Volume Drying Up,Volume Drying Up (0.46x vs 10W Avg),14.83,Outperformed Nifty by 14.83% in 3 Months,True,Low,Wide Risk; Low Liquidity,15.05,80.0,100.0,55.1,15.0,42.62,True,False,False,False,setup_not_proper_or_not_tight; risk_not_low,watchlist,weekly_near_pivot,watchlist,41.61,"Stage 2, Advancing, trend_template_ok, weekly_vcp_ok, volume_dryup, weekly_volume_dryup, weekly_strong, flags=Wide Risk;Low Liquidity",216
JASH.NS,Jash Engineering Limited,Specialty Industrial Machinery,Industrials,Industrials,False,Cash,1,Stage 2,Stage 2,Extended,0.78,"Weekly advancing structure remains intact, but price is stretched versus key moving averages.",Stage 2 - Extended,35.34,Very Strong,Volume Normal,Volume Normal (0.95x vs 10W Avg),25.31,Outperformed Nifty by 25.31% in 3 Months,True,Low,Extended; Wide Risk; Low Liquidity,18.36,100.0,100.0,35.0,15.0,42.6,True,False,False,False,setup_not_proper_or_not_tight; risk_not_low; extended_structure,watchlist,weekly_watchlist,watchlist,45.34,"Stage 2, Extended, trend_template_ok, flags=Extended;Wide Risk;Low Liquidity",217
NYKAA.NS,FSN E-Commerce Ventures Limited,Consumer Cyclical,Consumer Cyclical,Consumer Cyclical,True,F&O,1,Stage 2,Stage 2,Advancing,0.8,Price is above constructive weekly and long-term trend structure with improving relative strength.,Stage 2 - Advancing,25.34,Strong,Volume Drying Up,Volume Drying Up (0.76x vs 10W Avg),8.87,Outperformed Nifty by 8.87% in 3 Months,True,Low,Wider Risk; Low Liquidity,8.67,77.99,75.0,20.0,58.0,42.6,True,False,False,False,setup_not_proper_or_not_tight; risk_not_low,watchlist,weekly_watchlist,watchlist,27.34,"Stage 2, Advancing, trend_template_ok, volume_dryup, weekly_volume_dryup, flags=Wider Risk;Low Liquidity",218
KPRMILL.NS,K.P.R. Mill Limited,Textile Manufacturing,Consumer Cyclical,Consumer Cyclical,False,Cash,1,Stage 2,Stage 2,Advancing,0.8,Price is above constructive weekly and long-term trend structure with improving relative strength.,Stage 2 - Advancing,41.99,Strong,Volume Drying Up,Volume Drying Up (0.49x vs 10W Avg),0.15,Outperformed Nifty by 0.15% in 3 Months,True,Low,Wide Risk,19.34,70.13,75.0,48.0,15.0,42.55,True,False,False,False,setup_not_proper_or_not_tight; risk_not_low,watchlist,weekly_watchlist,watchlist,46.99,"Stage 2, Advancing, trend_template_ok, volume_dryup, weekly_volume_dryup, flags=Wide Risk",219
SMARTWORKS.NS,Smartworks Coworking Spaces Limited,Real Estate Services,Real Estate,Real Estate,False,Cash,1,Stage 2,Stage 2,Advancing,0.9,Price is above constructive weekly and long-term trend structure with improving relative strength.,Stage 2 - Advancing,23.12,Very Strong,Volume Drying Up,Volume Drying Up (0.61x vs 10W Avg),16.69,Outperformed Nifty by 16.69% in 3 Months,True,Low,Wide Risk; Low Liquidity,12.01,80.0,100.0,8.0,35.0,42.52,True,False,False,False,setup_not_proper_or_not_tight; risk_not_low,watchlist,weekly_watchlist,watchlist,25.12,"Stage 2, Advancing, trend_template_ok, weekly_volume_dryup, flags=Wide Risk;Low Liquidity",220
NORTHARC.NS,Northern Arc Capital Limited,Credit Services,Financial Services,Financial Services,False,Cash,1,Stage 2,Stage 2,Advancing,0.8,Price is above constructive weekly and long-term trend structure with improving relative strength.,Stage 2 - Advancing,33.94,Strong,Volume Drying Up,Volume Drying Up (0.51x vs 10W Avg),-0.37,Underperformed Nifty by 0.37% in 3 Months,True,Low,Wide Risk; Low Liquidity,14.49,69.67,75.0,43.0,35.0,42.44,False,False,False,False,not_true_leader; setup_not_proper_or_not_tight; risk_not_low,watchlist,weekly_watchlist,watchlist,35.94,"Stage 2, Advancing, trend_template_ok, volume_dryup, weekly_volume_dryup, flags=Wide Risk;Low Liquidity",221
APOLLO.NS,Apollo Micro Systems Limited,Aerospace & Defense,Industrials,Industrials,False,Cash,1,Stage 2,Stage 2,Advancing,0.9,Price is above constructive weekly and long-term trend structure with improving relative strength.,Stage 2 - Advancing,30.81,Strong,Volume Normal,Volume Normal (1.02x vs 10W Avg),2.05,Outperformed Nifty by 2.05% in 3 Months,True,Low,Wider Risk; Low Liquidity,10.88,61.84,100.0,10.0,58.0,42.32,False,False,False,False,not_true_leader; setup_not_proper_or_not_tight; risk_not_low,watchlist,weekly_watchlist,watchlist,40.81,"Stage 2, Advancing, trend_template_ok, flags=Wider Risk;Low Liquidity",222
ENTERO.NS,Entero Healthcare Solutions Limited,Healthcare,Healthcare,Healthcare,False,Cash,1,Stage 2,Stage 2,Advancing,0.9,Price is above constructive weekly and long-term trend structure with improving relative strength.,Stage 2 - Advancing,48.77,Very Strong,Volume Drying Up,Volume Drying Up (0.49x vs 10W Avg),47.75,Outperformed Nifty by 47.75% in 3 Months,True,Low,Loose Structure; Wide Risk,16.25,80.0,100.0,37.1,15.0,42.3,True,False,False,False,setup_not_proper_or_not_tight; risk_not_low,watchlist,weekly_breakout,watchlist,50.77,"Stage 2, Advancing, trend_template_ok, weekly_vcp_ok, weekly_volume_dryup, weekly_strong, flags=Loose Structure;Wide Risk",223
LUMAXTECH.NS,Lumax Auto Technologies Limited,Auto Parts,Consumer Cyclical,Consumer Cyclical,False,Cash,1,Stage 2,Stage 2,Advancing,0.9,Price is above constructive weekly and long-term trend structure with improving relative strength.,Stage 2 - Advancing,31.52,Very Strong,Volume Drying Up,Volume Drying Up (0.35x vs 10W Avg),44.2,Outperformed Nifty by 44.2% in 3 Months,True,Low,Loose Structure; Wide Risk; Low Liquidity,13.68,100.0,100.0,12.0,35.0,42.28,True,False,False,False,setup_not_proper_or_not_tight; risk_not_low,watchlist,weekly_watchlist,watchlist,36.52,"Stage 2, Advancing, trend_template_ok, volume_dryup, weekly_volume_dryup, flags=Loose Structure;Wide Risk;Low Liquidity",224
SYRMA.NS,Syrma SGS Technology Limited,Electronic Components,Technology,Technology,False,Cash,1,Stage 2,Stage 2,Extended,0.78,"Weekly advancing structure remains intact, but price is stretched versus key moving averages.",Stage 2 - Extended,47.59,Very Strong,Volume Normal,Volume Normal (0.90x vs 10W Avg),35.1,Outperformed Nifty by 35.1% in 3 Months,True,Low,Loose Structure; Extended; Wide Risk; Low Liquidity,18.81,100.0,100.0,58.2,15.0,42.17,True,False,False,False,setup_not_proper_or_not_tight; risk_not_low; extended_structure,watchlist,weekly_breakout,watchlist,57.59,"Stage 2, Extended, trend_template_ok, weekly_vcp_ok, weekly_strong, flags=Loose Structure;Extended;Wide Risk;Low Liquidity",225
MAHABANK.NS,Bank of Maharashtra,Banks - Regional,Financial Services,Financial Services,False,Cash,1,Failed Stage 2,Stage 2,Failed Stage 2,0.7,Failed Stage 2 cooling period is still active; waiting for a fresh base or confirmed reclaim.,Failed Stage 2,31.18,Neutral,Volume Normal,Volume Normal (1.18x vs 10W Avg),-1.45,Underperformed Nifty by 1.45% in 3 Months,True,Low,Wider Risk; Low Liquidity,9.53,58.69,75.0,37.0,58.0,42.05,False,False,False,False,not_true_leader; setup_not_proper_or_not_tight; risk_not_low,watchlist,weekly_watchlist,watchlist,33.18,"Stage 2, Advancing, trend_template_ok, flags=Wider Risk;Low Liquidity | Failed Stage 2 hold period active.",226
RAMRAT.NS,Ram Ratna Wires Limited,Electrical Equipment & Parts,Industrials,Industrials,False,Cash,1,Stage 2,Stage 2,Extended,0.78,"Weekly advancing structure remains intact, but price is stretched versus key moving averages.",Stage 2 - Extended,37.46,Very Strong,Volume Drying Up,Volume Drying Up (0.59x vs 10W Avg),54.9,Outperformed Nifty by 54.9% in 3 Months,True,Low,Loose Structure; Extended; Wide Risk,17.13,100.0,100.0,16.0,15.0,42.04,True,False,False,False,setup_not_proper_or_not_tight; risk_not_low; extended_structure,watchlist,weekly_watchlist,watchlist,47.46,"Stage 2, Extended, trend_template_ok, volume_dryup, weekly_volume_dryup, flags=Loose Structure;Extended;Wide Risk",227
IDFCFIRSTB.NS,IDFC First Bank Limited,Banks - Regional,Financial Services,Financial Services,True,F&O,1,Stage 2,Stage 2,Advancing,0.8,Price is above constructive weekly and long-term trend structure with improving relative strength.,Stage 2 - Advancing,38.74,Strong,Volume Normal,Volume Normal (1.40x vs 10W Avg),7.46,Outperformed Nifty by 7.46% in 3 Months,True,Low,Wide Risk; Low Liquidity,12.44,76.72,75.0,34.2,35.0,42.02,True,False,False,False,setup_not_proper_or_not_tight; risk_not_low,watchlist,weekly_forming,watchlist,40.74,"Stage 2, Advancing, trend_template_ok, weekly_vcp_ok, weekly_strong, flags=Wide Risk;Low Liquidity",228
COALINDIA.NS,Coal India Limited,Energy,Energy,Energy,True,F&O,1,Stage 1,Stage 1,Stage 1,0.64,Price is building a base around long-term weekly structure without a confirmed advancing phase.,Stage 1,18.08,Strong,Volume Drying Up,Volume Drying Up (0.68x vs 10W Avg),7.67,Outperformed Nifty by 7.67% in 3 Months,False,Low,Wider Risk; Low Liquidity,9.08,61.94,50.0,58.0,58.0,41.87,False,False,False,False,not_true_leader; setup_not_proper_or_not_tight; risk_not_low; not_confirmed_stage2,watchlist,weekly_watchlist,watchlist,23.08,"Stage 1, Stage 1, volume_dryup, weekly_volume_dryup, flags=Wider Risk;Low Liquidity, stage1_not_actionable, stage1_needs_more_base",229
SARDAEN.NS,Sarda Energy & Minerals Limited,Steel,Basic Materials,Basic Materials,False,Cash,1,Stage 1,Stage 1,Stage 1,0.64,Price is building a base around long-term weekly structure without a confirmed advancing phase.,Stage 1,21.52,Neutral,Volume Drying Up,Volume Drying Up (0.33x vs 10W Avg),5.07,Outperformed Nifty by 5.07% in 3 Months,False,Low,Wider Risk,11.42,45.22,25.0,58.0,58.0,41.85,False,False,False,False,not_true_leader; setup_not_proper_or_not_tight; risk_not_low; not_confirmed_stage2,watchlist,weekly_watchlist,watchlist,31.52,"Stage 1, Stage 1, volume_dryup, weekly_volume_dryup, flags=Wider Risk, stage1_not_actionable, stage1_needs_more_base",230
INDUSTOWER.NS,Indus Towers Limited,Telecom Services,Communication Services,Communication Services,True,F&O,1,Stage 4,Stage 4,Stage 4,0.66,Price is below weekly structure.,Stage 4,18.34,Neutral,Volume Normal,Volume Normal (1.24x vs 10W Avg),6.98,Outperformed Nifty by 6.98% in 3 Months,False,Low,Low Liquidity,6.54,44.44,25.0,84.2,82.0,41.79,False,False,True,False,not_true_leader; setup_not_proper_or_not_tight; not_confirmed_stage2,watchlist,weekly_watchlist,watchlist,18.34,"Stage 4, Stage 4, weekly_vcp_ok, weekly_strong, flags=Low Liquidity, downtrend",231
SUPRAJIT.NS,Suprajit Engineering Limited,Auto Parts,Consumer Cyclical,Consumer Cyclical,False,Cash,1,Failed Stage 2,Stage 1,Failed Stage 2,0.72,"This stock was recently Stage 2, but the latest structure no longer satisfies Stage 2 rules. It is kept as Failed Stage 2 until a fresh base/repair structure forms.",Failed Stage 2,10.55,Strong,Volume Drying Up,Volume Drying Up (0.51x vs 10W Avg),7.25,Outperformed Nifty by 7.25% in 3 Months,False,Low,Wider Risk; Low Liquidity,8.77,76.53,62.5,30.0,58.0,41.65,True,False,False,False,setup_not_proper_or_not_tight; risk_not_low; not_confirmed_stage2,watchlist,weekly_watchlist,watchlist,15.55,"Stage 1, Stage 1, volume_dryup, weekly_volume_dryup, flags=Wider Risk;Low Liquidity, stage1_not_actionable, stage1_needs_more_base | Stage 2 failed state applied from stage memory.",232
LICHSGFIN.NS,LIC Housing Finance Limited,Mortgage Finance,Financial Services,Financial Services,True,F&O,1,Failed Stage 2,Stage 1,Failed Stage 2,0.72,"This stock was recently Stage 2, but the latest structure no longer satisfies Stage 2 rules. It is kept as Failed Stage 2 until a fresh base/repair structure forms.",Failed Stage 2,15.5,Strong,Volume Normal,Volume Normal (1.01x vs 10W Avg),5.34,Outperformed Nifty by 5.34% in 3 Months,False,Low,Wider Risk; Low Liquidity,8.6,67.72,87.5,45.9,58.0,41.35,False,False,False,False,not_true_leader; setup_not_proper_or_not_tight; risk_not_low; not_confirmed_stage2,watchlist,weekly_watchlist,watchlist,15.5,"Stage 1, Stage 1, stage1_base_ready, weekly_vcp_ok, flags=Wider Risk;Low Liquidity, stage1_not_actionable | Stage 2 failed state applied from stage memory.",233
EMIL.NS,Electronics Mart India Limited,Consumer Cyclical,Consumer Cyclical,Consumer Cyclical,False,Cash,1,Stage 2,Stage 2,Extended,0.78,"Weekly advancing structure remains intact, but price is stretched versus key moving averages.",Stage 2 - Extended,32.16,Very Strong,Volume Drying Up,Volume Drying Up (0.82x vs 10W Avg),60.1,Outperformed Nifty by 60.1% in 3 Months,True,Low,Loose Structure; Extended; Wide Risk; Low Liquidity,14.52,100.0,100.0,8.0,35.0,41.32,True,False,False,False,setup_not_proper_or_not_tight; risk_not_low; extended_structure,watchlist,weekly_watchlist,watchlist,34.16,"Stage 2, Extended, trend_template_ok, volume_dryup, weekly_volume_dryup, flags=Loose Structure;Extended;Wide Risk;Low Liquidity",234
INOXINDIA.NS,INOX India Limited,Specialty Industrial Machinery,Industrials,Industrials,False,Cash,1,Stage 2,Stage 2,Advancing,0.9,Price is above constructive weekly and long-term trend structure with improving relative strength.,Stage 2 - Advancing,34.98,Very Strong,Volume Drying Up,Volume Drying Up (0.75x vs 10W Avg),16.4,Outperformed Nifty by 16.4% in 3 Months,True,Low,Wide Risk; Low Liquidity,15.69,80.0,100.0,49.0,15.0,41.16,True,False,False,False,setup_not_proper_or_not_tight; risk_not_low,forming_vcp,weekly_watchlist,watchlist,44.98,"Stage 2, Advancing, trend_template_ok, daily_vcp_ok, volume_dryup, weekly_volume_dryup, flags=Wide Risk;Low Liquidity",235
VIJAYA.NS,Vijaya Diagnostic Centre Limited,Diagnostics & Research,Healthcare,Healthcare,False,Cash,1,Stage 2,Stage 2,Advancing,0.8,Price is above constructive weekly and long-term trend structure with improving relative strength.,Stage 2 - Advancing,27.78,Very Strong,Volume Drying Up,Volume Drying Up (0.48x vs 10W Avg),13.65,Outperformed Nifty by 13.65% in 3 Months,True,Low,Wider Risk; Low Liquidity,11.27,80.0,75.0,12.0,58.0,41.16,True,False,False,False,setup_not_proper_or_not_tight; risk_not_low,watchlist,weekly_watchlist,watchlist,37.78,"Stage 2, Advancing, trend_template_ok, volume_dryup, weekly_volume_dryup, flags=Wider Risk;Low Liquidity",236
ACMESOLAR.NS,Acme Solar Holdings Limited,Utilities - Renewable,Utilities,Utilities,False,Cash,1,Stage 2,Stage 2,Advancing,0.9,Price is above constructive weekly and long-term trend structure with improving relative strength.,Stage 2 - Advancing,36.47,Very Strong,Volume Drying Up,Volume Drying Up (0.73x vs 10W Avg),21.21,Outperformed Nifty by 21.21% in 3 Months,True,Low,Wide Risk; Low Liquidity,18.45,100.0,100.0,29.0,15.0,41.16,True,False,False,False,setup_not_proper_or_not_tight; risk_not_low,watchlist,weekly_watchlist,watchlist,36.47,"Stage 2, Advancing, trend_template_ok, weekly_volume_dryup, flags=Wide Risk;Low Liquidity",237
GAEL.NS,Gujarat Ambuja Exports Limited,Packaged Foods,Consumer Defensive,Consumer Defensive,False,Cash,1,Stage 2,Stage 2,Advancing,0.8,Price is above constructive weekly and long-term trend structure with improving relative strength.,Stage 2 - Advancing,23.82,Strong,Volume Drying Up,Volume Drying Up (0.31x vs 10W Avg),5.32,Outperformed Nifty by 5.32% in 3 Months,True,Low,Wider Risk; Low Liquidity,10.87,72.02,75.0,20.0,58.0,41.16,True,False,False,False,setup_not_proper_or_not_tight; risk_not_low,watchlist,weekly_watchlist,watchlist,23.82,"Stage 2, Advancing, trend_template_ok, volume_dryup, weekly_volume_dryup, flags=Wider Risk;Low Liquidity",238
POLYMED.NS,Poly Medicure Limited,Healthcare,Healthcare,Healthcare,False,Cash,1,Stage 2,Stage 2,Advancing,0.8,Price is above constructive weekly and long-term trend structure with improving relative strength.,Stage 2 - Advancing,37.88,Strong,Volume Drying Up,Volume Normal (0.87x vs 10W Avg),6.17,Outperformed Nifty by 6.17% in 3 Months,False,Low,Wide Weekly Base; Wide Risk; Low Liquidity,12.61,75.56,62.5,69.2,35.0,41.14,True,True,False,False,risk_not_low,watchlist,weekly_forming,watchlist,39.88,"Stage 2, Advancing, daily_vcp_ok, weekly_vcp_ok, volume_dryup, weekly_volume_dryup, weekly_strong, flags=Wide Weekly Base;Wide Risk;Low Liquidity",239
WINDMACHIN.NS,Windsor Machines Limited,Specialty Industrial Machinery,Industrials,Industrials,False,Cash,1,Stage 2,Stage 2,Advancing,0.9,Price is above constructive weekly and long-term trend structure with improving relative strength.,Stage 2 - Advancing,34.05,Strong,Volume Drying Up,Volume Drying Up (0.61x vs 10W Avg),0.51,Outperformed Nifty by 0.51% in 3 Months,True,Low,Wide Risk; Low Liquidity,15.63,70.46,100.0,58.0,15.0,41.03,True,False,False,False,setup_not_proper_or_not_tight; risk_not_low,watchlist,weekly_watchlist,watchlist,44.05,"Stage 2, Advancing, trend_template_ok, volume_dryup, weekly_volume_dryup, flags=Wide Risk;Low Liquidity",240
JSFB.NS,Jana Small Finance Bank Limited,Banks - Regional,Financial Services,Financial Services,False,Cash,1,Stage 2,Stage 2,Advancing,0.8,Price is above constructive weekly and long-term trend structure with improving relative strength.,Stage 2 - Advancing,31.25,Strong,Volume Normal,Volume Normal (1.20x vs 10W Avg),11.06,Outperformed Nifty by 11.06% in 3 Months,True,Low,Wide Risk,13.36,64.96,75.0,0.0,35.0,40.99,False,False,False,False,not_true_leader; setup_not_proper_or_not_tight; risk_not_low,watchlist,weekly_watchlist,watchlist,33.25,"Stage 2, Advancing, trend_template_ok, flags=Wide Risk",241
CRAFTSMAN.NS,Craftsman Automation Limited,Auto Parts,Consumer Cyclical,Consumer Cyclical,False,Cash,1,Stage 2,Stage 2,Advancing,0.8,Price is above constructive weekly and long-term trend structure with improving relative strength.,Stage 2 - Advancing,29.21,Very Strong,Volume Drying Up,Volume Drying Up (0.69x vs 10W Avg),21.45,Outperformed Nifty by 21.45% in 3 Months,True,Low,Loose Structure; Low Liquidity,5.8,80.0,75.0,20.0,82.0,40.92,True,False,True,False,setup_not_proper_or_not_tight,watchlist,weekly_watchlist,watchlist,34.21,"Stage 2, Advancing, trend_template_ok, weekly_volume_dryup, flags=Loose Structure;Low Liquidity",242
LLOYDSENT.NS,Lloyds Enterprises Limited,Steel,Basic Materials,Basic Materials,False,Cash,1,Stage 2,Stage 2,Advancing,0.9,Price is above constructive weekly and long-term trend structure with improving relative strength.,Stage 2 - Advancing,32.4,Very Strong,Volume Expanding,Volume Expanding (1.57x vs 10W Avg),8.74,Outperformed Nifty by 8.74% in 3 Months,True,Low,Wide Weekly Base; Wide Risk; Low Liquidity,13.52,100.0,100.0,6.0,35.0,40.84,True,False,False,False,setup_not_proper_or_not_tight; risk_not_low,watchlist,weekly_watchlist,watchlist,42.4,"Stage 2, Advancing, trend_template_ok, flags=Wide Weekly Base;Wide Risk;Low Liquidity",243
DLF.NS,DLF Limited,Real Estate,Real Estate,Real Estate,True,F&O,1,Failed Stage 2,Stage 2,Failed Stage 2,0.7,Failed Stage 2 cooling period is still active; waiting for a fresh base or confirmed reclaim.,Failed Stage 2,24.52,Very Strong,Volume Normal,Volume Normal (1.32x vs 10W Avg),8.16,Outperformed Nifty by 8.16% in 3 Months,True,Low,Low Liquidity,7.14,100.0,75.0,8.0,82.0,40.84,True,False,True,False,setup_not_proper_or_not_tight,watchlist,weekly_watchlist,watchlist,26.52,"Stage 2, Advancing, trend_template_ok, flags=Low Liquidity | Failed Stage 2 hold period active.",244
AEGISVOPAK.NS,Aegis Vopak Terminals Limited,Energy,Energy,Energy,False,Cash,1,Stage 2,Stage 2,Advancing,0.9,Price is above constructive weekly and long-term trend structure with improving relative strength.,Stage 2 - Advancing,30.2,Very Strong,Volume Normal,Volume Normal (0.87x vs 10W Avg),12.89,Outperformed Nifty by 12.89% in 3 Months,True,Low,Wide Risk; Low Liquidity,12.83,80.0,100.0,0.0,35.0,40.6,True,False,False,False,setup_not_proper_or_not_tight; risk_not_low,watchlist,weekly_watchlist,watchlist,35.2,"Stage 2, Advancing, trend_template_ok, weekly_volume_dryup, flags=Wide Risk;Low Liquidity",245
HEROMOTOCO.NS,Hero MotoCorp Limited,Auto Manufacturers,Consumer Cyclical,Consumer Cyclical,True,F&O,1,Stage 1,Stage 1,Stage 1,0.64,Price is building a base around long-term weekly structure without a confirmed advancing phase.,Stage 1,19.78,Strong,Volume Drying Up,Volume Drying Up (0.71x vs 10W Avg),14.36,Outperformed Nifty by 14.36% in 3 Months,False,Low,Wider Risk; Low Liquidity,8.87,72.8,37.5,54.2,58.0,40.56,True,False,False,False,setup_not_proper_or_not_tight; risk_not_low; not_confirmed_stage2,watchlist,weekly_watchlist,watchlist,24.78,"Stage 1, Stage 1, weekly_vcp_ok, volume_dryup, weekly_volume_dryup, weekly_strong, flags=Wider Risk;Low Liquidity, stage1_not_actionable, stage1_needs_more_base",246
HONAUT.NS,Honeywell Automation India Limited,Electrical Equipment & Parts,Industrials,Industrials,False,Cash,1,Stage 3,Stage 3,Early,0.68,"Prior strength has shifted into a Stage 3 transition based on trend, relative strength, and volume evidence.",Stage 3 Early,27.19,Weak,Volume Expanding,Volume Expanding (1.52x vs 10W Avg),-8.28,Underperformed Nifty by 8.28% in 3 Months,False,Low,Wider Risk,10.88,37.54,25.0,60.2,58.0,40.54,False,False,False,False,not_true_leader; setup_not_proper_or_not_tight; risk_not_low; not_confirmed_stage2,watchlist,weekly_watchlist,watchlist,37.19,"Stage 3, Early, weekly_vcp_ok, weekly_strong, flags=Wider Risk, distribution_or_weakening_risk",247
MGL.NS,Mahanagar Gas Limited,Utilities,Utilities,Utilities,False,Cash,1,Stage 3,Stage 3,Early,0.68,"Prior strength has shifted into a Stage 3 transition based on trend, relative strength, and volume evidence.",Stage 3 Early,22.77,Strong,Volume Drying Up,Volume Drying Up (0.48x vs 10W Avg),2.29,Outperformed Nifty by 2.29% in 3 Months,False,Low,Wider Risk; Low Liquidity,9.85,69.51,12.5,82.2,58.0,40.49,False,False,False,False,not_true_leader; setup_not_proper_or_not_tight; risk_not_low; not_confirmed_stage2,watchlist,weekly_watchlist,watchlist,22.77,"Stage 3, Early, weekly_vcp_ok, volume_dryup, weekly_volume_dryup, weekly_strong, flags=Wider Risk;Low Liquidity, distribution_or_weakening_risk",248
ASTRAMICRO.NS,Astra Microwave Products Limited,Communication Equipment,Technology,Technology,False,Cash,1,Failed Stage 2,Stage 3,Failed Stage 2,0.72,"This stock was recently Stage 2, but the latest structure no longer satisfies Stage 2 rules. It is kept as Failed Stage 2 until a fresh base/repair structure forms.",Failed Stage 2,13.2,Neutral,Volume Drying Up,Volume Drying Up (0.71x vs 10W Avg),-4.6,Underperformed Nifty by 4.6% in 3 Months,False,Low,Wide Risk; Low Liquidity,14.49,55.86,75.0,48.0,35.0,40.33,False,False,False,False,not_true_leader; setup_not_proper_or_not_tight; risk_not_low; not_confirmed_stage2,watchlist,weekly_watchlist,watchlist,23.2,"Stage 3, Early, volume_dryup, weekly_volume_dryup, flags=Wide Risk;Low Liquidity, distribution_or_weakening_risk | Stage 2 failed state applied from stage memory.",249
TITAN.NS,Titan Company Limited,Luxury Goods,Consumer Cyclical,Consumer Cyclical,True,F&O,1,Stage 2,Stage 2,Advancing,0.8,Price is above constructive weekly and long-term trend structure with improving relative strength.,Stage 2 - Advancing,28.46,Neutral,Volume Normal,Volume Normal (1.03x vs 10W Avg),9.42,Outperformed Nifty by 9.42% in 3 Months,True,Low,Wider Risk; Low Liquidity,11.56,58.72,75.0,29.8,58.0,40.32,False,False,False,False,not_true_leader; setup_not_proper_or_not_tight; risk_not_low,watchlist,weekly_watchlist,watchlist,38.46,"Stage 2, Advancing, trend_template_ok, flags=Wider Risk;Low Liquidity",250
ENRIN.NS,Siemens Energy India Limited,Utilities - Renewable,Utilities,Utilities,False,Cash,1,Failed Stage 2,Stage 1,Failed Stage 2,0.72,"This stock was recently Stage 2, but the latest structure no longer satisfies Stage 2 rules. It is kept as Failed Stage 2 until a fresh base/repair structure forms.",Failed Stage 2,15.03,Strong,Volume Drying Up,Volume Drying Up (0.79x vs 10W Avg),0.36,Outperformed Nifty by 0.36% in 3 Months,False,Low,Wide Risk; Low Liquidity,14.79,70.32,50.0,58.0,35.0,40.2,True,False,False,False,setup_not_proper_or_not_tight; risk_not_low; not_confirmed_stage2,watchlist,weekly_watchlist,watchlist,15.03,"Stage 1, Stage 1, volume_dryup, weekly_volume_dryup, flags=Wide Risk;Low Liquidity, stage1_not_actionable, stage1_needs_more_base | Stage 2 failed state applied from stage memory.",251
PGIL.NS,Pearl Global Industries Limited,Apparel Manufacturing,Consumer Cyclical,Consumer Cyclical,False,Cash,1,Stage 2,Stage 2,Advancing,0.9,Price is above constructive weekly and long-term trend structure with improving relative strength.,Stage 2 - Advancing,30.79,Very Strong,Volume Drying Up,Volume Drying Up (0.81x vs 10W Avg),36.58,Outperformed Nifty by 36.58% in 3 Months,True,Low,Loose Structure; Wider Risk; Low Liquidity,9.69,80.0,100.0,7.0,58.0,39.96,True,False,False,False,setup_not_proper_or_not_tight; risk_not_low,watchlist,weekly_watchlist,watchlist,30.79,"Stage 2, Advancing, trend_template_ok, weekly_volume_dryup, flags=Loose Structure;Wider Risk;Low Liquidity",252
SKYGOLD.NS,SKY GOLD AND DIAMONDS LIMITED,Luxury Goods,Consumer Cyclical,Consumer Cyclical,False,Cash,1,Stage 2,Stage 2,Extended,0.78,"Weekly advancing structure remains intact, but price is stretched versus key moving averages.",Stage 2 - Extended,30.93,Very Strong,Volume Drying Up,Volume Drying Up (0.74x vs 10W Avg),52.71,Outperformed Nifty by 52.71% in 3 Months,True,Low,Loose Structure; Extended; Wide Risk; Low Liquidity,12.1,100.0,100.0,2.0,35.0,39.88,True,False,False,False,setup_not_proper_or_not_tight; risk_not_low; extended_structure,watchlist,weekly_watchlist,watchlist,40.93,"Stage 2, Extended, trend_template_ok, volume_dryup, weekly_volume_dryup, flags=Loose Structure;Extended;Wide Risk;Low Liquidity",253
WONDERLA.NS,Wonderla Holidays Limited,Consumer Cyclical,Consumer Cyclical,Consumer Cyclical,False,Cash,1,Stage 1,Stage 1,Stage 1,0.64,Price is building a base around long-term weekly structure without a confirmed advancing phase.,Stage 1,19.25,Strong,Volume Drying Up,Volume Drying Up (0.35x vs 10W Avg),7.42,Outperformed Nifty by 7.42% in 3 Months,False,Low,Wider Risk; Low Liquidity,11.64,63.62,25.0,72.2,58.0,39.68,False,True,False,False,not_true_leader; risk_not_low; not_confirmed_stage2,watchlist,weekly_watchlist,watchlist,21.25,"Stage 1, Stage 1, weekly_vcp_ok, volume_dryup, weekly_volume_dryup, weekly_strong, flags=Wider Risk;Low Liquidity, stage1_not_actionable, stage1_needs_more_base",254
CLEAN.NS,Clean Science and Technology Limited,Specialty Chemicals,Basic Materials,Basic Materials,False,Cash,1,Stage 1,Stage 1,Stage 1,0.64,Price is building a base around long-term weekly structure without a confirmed advancing phase.,Stage 1,20.22,Strong,Volume Drying Up,Volume Drying Up (0.58x vs 10W Avg),7.48,Outperformed Nifty by 7.48% in 3 Months,False,Low,Wider Risk; Low Liquidity,10.48,76.51,37.5,46.2,58.0,39.53,True,False,False,False,setup_not_proper_or_not_tight; risk_not_low; not_confirmed_stage2,watchlist,weekly_watchlist,watchlist,25.22,"Stage 1, Stage 1, stage1_base_ready, weekly_vcp_ok, volume_dryup, weekly_volume_dryup, weekly_strong, flags=Wider Risk;Low Liquidity, stage1_not_actionable",255
IMAGICAA.NS,Imagicaaworld Entertainment Limited,Communication Services,Communication Services,Communication Services,False,Cash,1,Stage 2,Stage 2,Advancing,0.8,Price is above constructive weekly and long-term trend structure with improving relative strength.,Stage 2 - Advancing,33.09,Very Strong,Volume Drying Up,Volume Drying Up (0.40x vs 10W Avg),13.11,Outperformed Nifty by 13.11% in 3 Months,True,Low,Wide Risk; Low Liquidity,20.66,80.0,87.5,54.2,15.0,39.41,True,False,False,False,setup_not_proper_or_not_tight; risk_not_low,watchlist,weekly_forming,watchlist,38.09,"Stage 2, Advancing, trend_template_ok, weekly_vcp_ok, volume_dryup, weekly_volume_dryup, weekly_strong, flags=Wide Risk;Low Liquidity",256
JINDALSTEL.NS,JINDAL STEEL LIMITED,Steel,Basic Materials,Basic Materials,True,F&O,1,Stage 1,Stage 1,Stage 1,0.64,Price is building a base around long-term weekly structure without a confirmed advancing phase.,Stage 1,28.02,Strong,Volume Expanding,Volume Normal (0.98x vs 10W Avg),14.11,Outperformed Nifty by 14.11% in 3 Months,False,Low,Wide Risk; Low Liquidity,13.3,67.22,37.5,70.2,35.0,39.38,False,True,False,False,not_true_leader; risk_not_low; not_confirmed_stage2,watchlist,weekly_watchlist,watchlist,38.02,"Stage 1, Stage 1, weekly_vcp_ok, weekly_strong, flags=Wide Risk;Low Liquidity, stage1_not_actionable, stage1_needs_more_base",257
RITES.NS,RITES Limited,Engineering & Construction,Industrials,Industrials,False,Cash,1,Stage 3,Stage 3,Early,0.68,"Prior strength has shifted into a Stage 3 transition based on trend, relative strength, and volume evidence.",Stage 3 Early,18.08,Strong,Volume Expanding,Volume Expanding (21.02x vs 10W Avg),5.4,Outperformed Nifty by 5.4% in 3 Months,False,Low,Low Liquidity,6.72,71.76,37.5,34.2,82.0,39.35,True,False,True,False,setup_not_proper_or_not_tight; not_confirmed_stage2,watchlist,weekly_watchlist,watchlist,18.08,"Stage 3, Early, weekly_vcp_ok, weekly_strong, flags=Low Liquidity, distribution_or_weakening_risk",258
MIDHANI.NS,Mishra Dhatu Nigam Limited,Steel,Basic Materials,Basic Materials,False,Cash,1,Stage 2,Stage 2,Advancing,0.9,Price is above constructive weekly and long-term trend structure with improving relative strength.,Stage 2 - Advancing,26.77,Very Strong,Volume Drying Up,Volume Drying Up (0.51x vs 10W Avg),7.64,Outperformed Nifty by 7.64% in 3 Months,True,Low,Wide Risk; Low Liquidity,15.71,100.0,100.0,20.0,15.0,39.0,True,False,False,False,setup_not_proper_or_not_tight; risk_not_low,watchlist,weekly_watchlist,watchlist,36.77,"Stage 2, Advancing, trend_template_ok, volume_dryup, weekly_volume_dryup, flags=Wide Risk;Low Liquidity",259
MAHSCOOTER.NS,Maharashtra Scooters Limited,Asset Management,Financial Services,Financial Services,False,Cash,1,Stage 3,Stage 3,Early,0.68,"Prior strength has shifted into a Stage 3 transition based on trend, relative strength, and volume evidence.",Stage 3 Early,28.35,Strong,Volume Expanding,Volume Expanding (2.27x vs 10W Avg),4.57,Outperformed Nifty by 4.57% in 3 Months,False,Low,Wide Risk,13.25,71.81,0.0,59.77,35.0,38.98,True,False,False,False,setup_not_proper_or_not_tight; risk_not_low; not_confirmed_stage2,watchlist,weekly_watchlist,watchlist,28.35,"Stage 3, Early, weekly_vcp_ok, weekly_strong, flags=Wide Risk, distribution_or_weakening_risk",260
HAPPYFORGE.NS,Happy Forgings Limited,Metal Fabrication,Industrials,Industrials,False,Cash,1,Stage 2,Stage 2,Extended,0.78,"Weekly advancing structure remains intact, but price is stretched versus key moving averages.",Stage 2 - Extended,45.04,Very Strong,Volume Drying Up,Volume Drying Up (0.81x vs 10W Avg),42.53,Outperformed Nifty by 42.53% in 3 Months,True,Low,Loose Structure; Extended; Wide Risk; Low Liquidity,19.29,80.0,100.0,64.2,15.0,38.81,True,False,False,False,setup_not_proper_or_not_tight; risk_not_low; extended_structure,forming_vcp,weekly_forming,building_setup,55.04,"Stage 2, Extended, trend_template_ok, daily_vcp_ok, weekly_vcp_ok, volume_dryup, weekly_volume_dryup, weekly_strong, flags=Loose Structure;Extended;Wide Risk;Low Liquidity",261
SWARAJENG.NS,Swaraj Engines Limited,Auto Parts,Consumer Cyclical,Consumer Cyclical,False,Cash,1,Not Sure,Stage 1,Pending Stage 1,0.55,Blocked public stage jump Stage 4 -> Stage 1; waiting for intermediate/confirmed structure.,Not Sure - Unclear,18.57,Neutral,Volume Drying Up,Volume Drying Up (0.70x vs 10W Avg),-0.33,Underperformed Nifty by 0.33% in 3 Months,False,Low,Low Liquidity,5.35,48.82,25.0,66.2,82.0,38.52,False,True,True,False,not_true_leader; not_confirmed_stage2,watchlist,weekly_watchlist,watchlist,23.57,"Stage 1, Stage 1, weekly_vcp_ok, weekly_volume_dryup, weekly_strong, flags=Low Liquidity, stage1_not_actionable, stage1_needs_more_base | Blocked public stage jump Stage 4 -> Stage 1; waiting for intermediate/confirmed structure.",262
PVRINOX.NS,PVR INOX Limited,Communication Services,Communication Services,Communication Services,False,Cash,1,Stage 2,Stage 2,Advancing,0.9,Price is above constructive weekly and long-term trend structure with improving relative strength.,Stage 2 - Advancing,34.1,Very Strong,Volume Normal,Volume Normal (0.97x vs 10W Avg),29.35,Outperformed Nifty by 29.35% in 3 Months,True,Low,Loose Structure; Wide Risk; Low Liquidity,14.17,80.0,100.0,15.9,35.0,38.42,True,False,False,False,setup_not_proper_or_not_tight; risk_not_low,watchlist,weekly_forming,watchlist,39.1,"Stage 2, Advancing, trend_template_ok, weekly_vcp_ok, flags=Loose Structure;Wide Risk;Low Liquidity",263
ARVIND.NS,Arvind Limited,Textile Manufacturing,Consumer Cyclical,Consumer Cyclical,False,Cash,1,Stage 2,Stage 2,Advancing,0.8,Price is above constructive weekly and long-term trend structure with improving relative strength.,Stage 2 - Advancing,26.11,Strong,Volume Drying Up,Volume Drying Up (0.75x vs 10W Avg),6.37,Outperformed Nifty by 6.37% in 3 Months,True,Low,Wide Risk; Low Liquidity,12.69,75.74,75.0,20.0,35.0,38.38,True,False,False,False,setup_not_proper_or_not_tight; risk_not_low,watchlist,weekly_watchlist,watchlist,31.11,"Stage 2, Advancing, trend_template_ok, volume_dryup, weekly_volume_dryup, flags=Wide Risk;Low Liquidity",264
SENORES.NS,Senores Pharmaceuticals Limited,Drug Manufacturers - General,Healthcare,Healthcare,False,Cash,1,Stage 2,Stage 2,Advancing,0.8,Price is above constructive weekly and long-term trend structure with improving relative strength.,Stage 2 - Advancing,26.25,Strong,Volume Normal,Volume Normal (1.13x vs 10W Avg),8.34,Outperformed Nifty by 8.34% in 3 Months,True,Low,Wide Risk; Low Liquidity,13.65,77.5,75.0,18.0,35.0,38.32,True,False,False,False,setup_not_proper_or_not_tight; risk_not_low,watchlist,weekly_watchlist,watchlist,31.25,"Stage 2, Advancing, trend_template_ok, flags=Wide Risk;Low Liquidity",265
PARAGMILK.NS,Parag Milk Foods Limited,Packaged Foods,Consumer Defensive,Consumer Defensive,False,Cash,1,Stage 1,Stage 1,Stage 1,0.68,Price is building a base around long-term weekly structure without a confirmed advancing phase.,Stage 1,14.77,Very Strong,Volume Normal,Volume Normal (1.49x vs 10W Avg),23.52,Outperformed Nifty by 23.52% in 3 Months,False,Low,Loose Structure; Wide Risk; Low Liquidity,14.44,95.0,62.5,38.0,35.0,38.32,True,False,False,False,setup_not_proper_or_not_tight; risk_not_low; not_confirmed_stage2,watchlist,weekly_watchlist,watchlist,14.77,"Stage 1, Stage 1, flags=Loose Structure;Wide Risk;Low Liquidity, stage1_not_actionable, stage1_needs_more_base",266
NEULANDLAB.NS,Neuland Laboratories Limited,Drug Manufacturers - Specialty & Generic,Healthcare,Healthcare,False,Cash,1,Stage 2,Stage 2,Advancing,0.8,Price is above constructive weekly and long-term trend structure with improving relative strength.,Stage 2 - Advancing,39.41,Very Strong,Volume Drying Up,Volume Drying Up (0.81x vs 10W Avg),19.64,Outperformed Nifty by 19.64% in 3 Months,True,Low,Wide Weekly Base; Wide Risk; Low Liquidity,12.61,80.0,75.0,40.2,35.0,38.25,True,False,False,False,setup_not_proper_or_not_tight; risk_not_low,watchlist,weekly_forming,watchlist,49.41,"Stage 2, Advancing, trend_template_ok, weekly_vcp_ok, volume_dryup, weekly_volume_dryup, weekly_strong, flags=Wide Weekly Base;Wide Risk;Low Liquidity",267
WSTCSTPAPR.NS,West Coast Paper Mills Limited,Basic Materials,Basic Materials,Basic Materials,False,Cash,1,Stage 2,Stage 2,Extended,0.78,"Weekly advancing structure remains intact, but price is stretched versus key moving averages.",Stage 2 - Extended,32.44,Very Strong,Volume Drying Up,Volume Drying Up (0.57x vs 10W Avg),48.2,Outperformed Nifty by 48.2% in 3 Months,True,Low,Loose Structure; Extended; Wide Risk; Low Liquidity,14.29,80.0,100.0,15.0,35.0,38.2,True,False,False,False,setup_not_proper_or_not_tight; risk_not_low; extended_structure,watchlist,weekly_watchlist,watchlist,32.44,"Stage 2, Extended, trend_template_ok, volume_dryup, weekly_volume_dryup, flags=Loose Structure;Extended;Wide Risk;Low Liquidity",268
HNDFDS.NS,Hindustan Foods Limited,Conglomerates,Industrials,Industrials,False,Cash,1,Stage 2,Stage 2,Advancing,0.8,Price is above constructive weekly and long-term trend structure with improving relative strength.,Stage 2 - Advancing,37.05,Strong,Volume Drying Up,Volume Normal (0.87x vs 10W Avg),11.1,Outperformed Nifty by 11.1% in 3 Months,False,Low,Wide Risk,15.68,64.99,62.5,47.1,15.0,38.1,False,False,False,False,not_true_leader; setup_not_proper_or_not_tight; risk_not_low,watchlist,weekly_forming,watchlist,37.05,"Stage 2, Advancing, weekly_vcp_ok, volume_dryup, weekly_volume_dryup, weekly_strong, flags=Wide Risk",269
MRF.NS,MRF Limited,Auto Parts,Consumer Cyclical,Consumer Cyclical,False,Cash,1,Stage 4,Stage 4,Stage 4,0.66,Price is below weekly structure.,Stage 4,18.91,Neutral,Volume Drying Up,Volume Drying Up (0.72x vs 10W Avg),-0.68,Underperformed Nifty by 0.68% in 3 Months,False,Low,Wider Risk; Low Liquidity,11.68,57.56,12.5,84.1,58.0,38.08,False,False,False,False,not_true_leader; setup_not_proper_or_not_tight; risk_not_low; not_confirmed_stage2,watchlist,weekly_watchlist,watchlist,23.91,"Stage 4, Stage 4, weekly_vcp_ok, volume_dryup, weekly_volume_dryup, weekly_strong, flags=Wider Risk;Low Liquidity, downtrend",270
TITAGARH.NS,TITAGARH RAIL SYSTEMS LIMITED,Industrials,Industrials,Industrials,False,Cash,1,Stage 2,Stage 2,Advancing,0.8,Price is above constructive weekly and long-term trend structure with improving relative strength.,Stage 2 - Advancing,23.0,Strong,Volume Normal,Volume Normal (1.00x vs 10W Avg),1.14,Outperformed Nifty by 1.14% in 3 Months,True,Low,Wider Risk; Low Liquidity,10.38,71.02,75.0,8.0,58.0,38.04,True,False,False,False,setup_not_proper_or_not_tight; risk_not_low,watchlist,weekly_watchlist,watchlist,23.0,"Stage 2, Advancing, trend_template_ok, flags=Wider Risk;Low Liquidity",271
LLOYDSENGG.NS,LLOYDS ENGINEERING WORKS LIMITED,Specialty Industrial Machinery,Industrials,Industrials,False,Cash,1,Stage 2,Stage 2,Extended,0.78,"Weekly advancing structure remains intact, but price is stretched versus key moving averages.",Stage 2 - Extended,34.42,Very Strong,Volume Expanding,Volume Expanding (3.01x vs 10W Avg),16.24,Outperformed Nifty by 16.24% in 3 Months,True,Not Rated,Extended; Wide Risk; Low Liquidity,17.04,100.0,100.0,15.8,15.0,37.99,True,False,False,False,setup_not_proper_or_not_tight; risk_not_low; extended_structure,watchlist,weekly_watchlist,watchlist,44.42,"Stage 2, Extended, trend_template_ok, flags=Extended;Wide Risk;Low Liquidity",272
JUNIPER.NS,Juniper Hotels Limited,Lodging,Consumer Cyclical,Consumer Cyclical,False,Cash,1,Not Sure,Not Sure,Not Sure,0.0,Stage rules did not identify a reliable structure.,Not Sure - Unclear,16.0,Strong,Volume Drying Up,Volume Drying Up (0.32x vs 10W Avg),15.72,Outperformed Nifty by 15.72% in 3 Months,False,Not Rated,Wider Risk; Low Liquidity,10.75,72.28,37.5,43.9,58.0,37.96,True,False,False,False,setup_not_proper_or_not_tight; risk_not_low; not_confirmed_stage2,watchlist,weekly_watchlist,watchlist,18.0,"Not Sure, Unclear, weekly_vcp_ok, volume_dryup, weekly_volume_dryup, flags=Wider Risk;Low Liquidity",273
COHANCE.NS,Cohance Lifesciences Limited,Drug Manufacturers - Specialty & Generic,Healthcare,Healthcare,False,Cash,1,Stage 1,Stage 1,Stage 1,0.64,Price is building a base around long-term weekly structure without a confirmed advancing phase.,Stage 1,10.35,Strong,Volume Drying Up,Volume Drying Up (0.78x vs 10W Avg),4.82,Outperformed Nifty by 4.82% in 3 Months,False,Not Rated,Wider Risk; Low Liquidity,10.76,74.34,50.0,29.0,58.0,37.88,True,False,False,False,setup_not_proper_or_not_tight; risk_not_low; not_confirmed_stage2,watchlist,weekly_watchlist,watchlist,20.35,"Stage 1, Stage 1, weekly_volume_dryup, flags=Wider Risk;Low Liquidity, stage1_not_actionable, stage1_needs_more_base",274
TARC.NS,TARC Limited,Real Estate,Real Estate,Real Estate,False,Cash,1,Stage 4,Stage 4,Stage 4,0.66,Price is below weekly structure.,Stage 4,25.81,Strong,Volume Drying Up,Volume Drying Up (0.28x vs 10W Avg),6.1,Outperformed Nifty by 6.1% in 3 Months,False,Not Rated,Wide Weekly Base; Wider Risk,9.08,68.43,0.0,68.2,58.0,37.87,False,False,False,False,not_true_leader; setup_not_proper_or_not_tight; risk_not_low; not_confirmed_stage2,watchlist,weekly_watchlist,watchlist,27.81,"Stage 4, Stage 4, weekly_vcp_ok, volume_dryup, weekly_volume_dryup, weekly_strong, flags=Wide Weekly Base;Wider Risk, downtrend",275
KIRLOSIND.NS,Kirloskar Industries Limited,Metal Fabrication,Industrials,Industrials,False,Cash,1,Failed Stage 2,Stage 3,Failed Stage 2,0.72,"This stock was recently Stage 2, but the latest structure no longer satisfies Stage 2 rules. It is kept as Failed Stage 2 until a fresh base/repair structure forms.",Failed Stage 2,6.6,Neutral,Volume Drying Up,Volume Drying Up (0.24x vs 10W Avg),-4.85,Underperformed Nifty by 4.85% in 3 Months,False,Not Rated,Wide Risk; Low Liquidity,14.7,55.64,75.0,38.0,35.0,37.87,False,False,False,False,not_true_leader; setup_not_proper_or_not_tight; risk_not_low; not_confirmed_stage2,watchlist,weekly_watchlist,watchlist,16.6,"Stage 3, Early, volume_dryup, weekly_volume_dryup, flags=Wide Risk;Low Liquidity, distribution_or_weakening_risk | Stage 2 failed state applied from stage memory.",276
GANECOS.NS,Ganesha Ecosphere Limited,Textile Manufacturing,Consumer Cyclical,Consumer Cyclical,False,Cash,1,Failed Stage 2,Stage 1,Failed Stage 2,0.72,"This stock was recently Stage 2, but the latest structure no longer satisfies Stage 2 rules. It is kept as Failed Stage 2 until a fresh base/repair structure forms.",Failed Stage 2,14.01,Neutral,Volume Drying Up,Volume Drying Up (0.46x vs 10W Avg),4.49,Outperformed Nifty by 4.49% in 3 Months,False,Not Rated,Wide Risk,12.23,55.59,62.5,8.0,35.0,37.66,False,False,False,False,not_true_leader; setup_not_proper_or_not_tight; risk_not_low; not_confirmed_stage2,watchlist,weekly_watchlist,watchlist,19.01,"Stage 1, Stage 1, weekly_volume_dryup, flags=Wide Risk, stage1_not_actionable, stage1_needs_more_base | Stage 2 failed state applied from stage memory.",277
WOCKPHARMA.NS,Wockhardt Limited,Drug Manufacturers - Specialty & Generic,Healthcare,Healthcare,False,Cash,1,Stage 2,Stage 2,Advancing,0.9,Price is above constructive weekly and long-term trend structure with improving relative strength.,Stage 2 - Advancing,40.22,Very Strong,Volume Normal,Volume Normal (0.92x vs 10W Avg),17.28,Outperformed Nifty by 17.28% in 3 Months,True,Not Rated,Wide Risk; Low Liquidity,16.79,80.0,100.0,34.2,15.0,37.61,True,False,False,False,setup_not_proper_or_not_tight; risk_not_low,watchlist,weekly_near_pivot,watchlist,50.22,"Stage 2, Advancing, trend_template_ok, weekly_vcp_ok, weekly_strong, flags=Wide Risk;Low Liquidity",278
SAILIFE.NS,Sai Life Sciences Limited,Diagnostics & Research,Healthcare,Healthcare,False,Cash,1,Stage 2,Stage 2,Advancing,0.9,Price is above constructive weekly and long-term trend structure with improving relative strength.,Stage 2 - Advancing,27.17,Very Strong,Volume Drying Up,Volume Drying Up (0.60x vs 10W Avg),30.48,Outperformed Nifty by 30.48% in 3 Months,True,Not Rated,Loose Structure; Wide Risk; Low Liquidity,12.09,80.0,100.0,12.0,35.0,37.48,True,False,False,False,setup_not_proper_or_not_tight; risk_not_low,watchlist,weekly_watchlist,watchlist,37.17,"Stage 2, Advancing, trend_template_ok, volume_dryup, weekly_volume_dryup, flags=Loose Structure;Wide Risk;Low Liquidity",279
MANINDS.NS,Man Industries (India) Limited,Steel,Basic Materials,Basic Materials,False,Cash,1,Stage 2,Stage 2,Extended,0.78,"Weekly advancing structure remains intact, but price is stretched versus key moving averages.",Stage 2 - Extended,46.96,Very Strong,Volume Normal,Volume Normal (0.97x vs 10W Avg),65.47,Outperformed Nifty by 65.47% in 3 Months,True,Not Rated,Loose Structure; Extended; Wide Risk; Low Liquidity,21.22,80.0,100.0,58.2,15.0,37.37,True,False,False,False,setup_not_proper_or_not_tight; risk_not_low; extended_structure,watchlist,weekly_near_pivot,watchlist,56.96,"Stage 2, Extended, trend_template_ok, weekly_vcp_ok, weekly_strong, flags=Loose Structure;Extended;Wide Risk;Low Liquidity",280
GRANULES.NS,Granules India Limited,Drug Manufacturers - Specialty & Generic,Healthcare,Healthcare,False,Cash,1,Stage 2,Stage 2,Advancing,0.8,Price is above constructive weekly and long-term trend structure with improving relative strength.,Stage 2 - Advancing,23.9,Strong,Volume Drying Up,Volume Drying Up (0.65x vs 10W Avg),6.11,Outperformed Nifty by 6.11% in 3 Months,True,Not Rated,Wider Risk; Low Liquidity,10.37,75.5,75.0,34.0,58.0,37.36,True,False,False,False,setup_not_proper_or_not_tight; risk_not_low,forming_vcp,weekly_watchlist,watchlist,33.9,"Stage 2, Advancing, trend_template_ok, daily_vcp_ok, volume_dryup, weekly_volume_dryup, flags=Wider Risk;Low Liquidity",281
AFFLE.NS,Affle 3i Limited,Communication Services,Communication Services,Communication Services,False,Cash,1,Stage 3,Stage 3,Early,0.68,"Prior strength has shifted into a Stage 3 transition based on trend, relative strength, and volume evidence.",Stage 3 Early,17.48,Neutral,Volume Drying Up,Volume Drying Up (0.38x vs 10W Avg),11.19,Outperformed Nifty by 11.19% in 3 Months,False,Not Rated,Wider Risk; Low Liquidity,9.83,59.25,37.5,54.2,58.0,37.31,False,False,False,False,not_true_leader; setup_not_proper_or_not_tight; risk_not_low; not_confirmed_stage2,watchlist,weekly_watchlist,watchlist,22.48,"Stage 3, Early, weekly_vcp_ok, volume_dryup, weekly_volume_dryup, weekly_strong, flags=Wider Risk;Low Liquidity, distribution_or_weakening_risk",282
SKIPPER.NS,Skipper Limited,Engineering & Construction,Industrials,Industrials,False,Cash,1,Stage 2,Stage 2,Advancing,0.8,Price is above constructive weekly and long-term trend structure with improving relative strength.,Stage 2 - Advancing,26.02,Strong,Volume Drying Up,Volume Drying Up (0.42x vs 10W Avg),1.4,Outperformed Nifty by 1.4% in 3 Months,True,Not Rated,Wide Risk; Low Liquidity,14.22,61.26,75.0,30.0,35.0,37.3,False,False,False,False,not_true_leader; setup_not_proper_or_not_tight; risk_not_low,watchlist,weekly_watchlist,watchlist,26.02,"Stage 2, Advancing, trend_template_ok, volume_dryup, weekly_volume_dryup, flags=Wide Risk;Low Liquidity",283
IOC.NS,Indian Oil Corporation Limited,Oil & Gas Refining & Marketing,Energy,Energy,True,F&O,1,Stage 3,Stage 3,Early,0.68,"Prior strength has shifted into a Stage 3 transition based on trend, relative strength, and volume evidence.",Stage 3 Early,21.47,Strong,Volume Normal,Volume Normal (0.98x vs 10W Avg),2.88,Outperformed Nifty by 2.88% in 3 Months,False,Not Rated,Wider Risk; Low Liquidity,9.85,77.57,0.0,73.1,58.0,37.24,True,False,False,False,setup_not_proper_or_not_tight; risk_not_low; not_confirmed_stage2,watchlist,weekly_watchlist,watchlist,26.47,"Stage 3, Early, weekly_vcp_ok, weekly_strong, flags=Wider Risk;Low Liquidity, distribution_or_weakening_risk",284
EXIDEIND.NS,Exide Industries Limited,Auto Parts,Consumer Cyclical,Consumer Cyclical,True,F&O,1,Stage 2,Stage 2,Advancing,0.8,Price is above constructive weekly and long-term trend structure with improving relative strength.,Stage 2 - Advancing,27.45,Strong,Volume Drying Up,Volume Drying Up (0.55x vs 10W Avg),6.04,Outperformed Nifty by 6.04% in 3 Months,True,Not Rated,Wide Risk; Low Liquidity,12.11,60.44,75.0,30.0,35.0,37.11,False,False,False,False,not_true_leader; setup_not_proper_or_not_tight; risk_not_low,watchlist,weekly_watchlist,watchlist,32.45,"Stage 2, Advancing, trend_template_ok, volume_dryup, weekly_volume_dryup, flags=Wide Risk;Low Liquidity",285
IOLCP.NS,IOL Chemicals and Pharmaceuticals Limited,Drug Manufacturers - Specialty & Generic,Healthcare,Healthcare,False,Cash,1,Stage 2,Stage 2,Extended,0.78,"Weekly advancing structure remains intact, but price is stretched versus key moving averages.",Stage 2 - Extended,41.24,Very Strong,Volume Drying Up,Volume Drying Up (0.63x vs 10W Avg),50.15,Outperformed Nifty by 50.15% in 3 Months,True,Not Rated,Loose Structure; Extended; Wide Risk; Low Liquidity,20.63,100.0,100.0,36.2,15.0,36.89,True,False,False,False,setup_not_proper_or_not_tight; risk_not_low; extended_structure,watchlist,weekly_near_pivot,watchlist,51.24,"Stage 2, Extended, trend_template_ok, weekly_vcp_ok, volume_dryup, weekly_volume_dryup, weekly_strong, flags=Loose Structure;Extended;Wide Risk;Low Liquidity",286
PAGEIND.NS,Page Industries Limited,Apparel Manufacturing,Consumer Cyclical,Consumer Cyclical,True,F&O,1,Not Sure,Stage 1,Pending Stage 1,0.55,Blocked public stage jump Stage 3 -> Stage 1; waiting for intermediate/confirmed structure.,Not Sure - Unclear,14.34,Neutral,Volume Expanding,Volume Normal (1.20x vs 10W Avg),-7.14,Underperformed Nifty by 7.14% in 3 Months,False,Not Rated,Low Liquidity,1.67,46.66,37.5,70.2,100.0,36.85,False,False,True,False,not_true_leader; setup_not_proper_or_not_tight; not_confirmed_stage2,watchlist,weekly_watchlist,watchlist,14.34,"Stage 1, Stage 1, weekly_vcp_ok, weekly_strong, flags=Low Liquidity, stage1_not_actionable, stage1_needs_more_base | Blocked public stage jump Stage 3 -> Stage 1; waiting for intermediate/confirmed structure.",287
CARRARO.NS,Carraro India Limited,Auto Parts,Consumer Cyclical,Consumer Cyclical,False,Cash,1,Failed Stage 2,Stage 3,Failed Stage 2,0.72,"This stock was recently Stage 2, but the latest structure no longer satisfies Stage 2 rules. It is kept as Failed Stage 2 until a fresh base/repair structure forms.",Failed Stage 2,16.64,Strong,Volume Expanding,Volume Normal (0.90x vs 10W Avg),5.05,Outperformed Nifty by 5.05% in 3 Months,False,Not Rated,Wider Risk; Low Liquidity,10.6,74.51,50.0,57.1,58.0,36.67,True,False,False,False,setup_not_proper_or_not_tight; risk_not_low; not_confirmed_stage2,watchlist,weekly_watchlist,watchlist,21.64,"Stage 3, Late, weekly_vcp_ok, weekly_strong, flags=Wider Risk;Low Liquidity, distribution_or_weakening_risk | Stage 2 failed state applied from stage memory.",288
ASHIANA.NS,Ashiana Housing Limited,Real Estate,Real Estate,Real Estate,False,Cash,1,Stage 2,Stage 2,Advancing,0.9,Price is above constructive weekly and long-term trend structure with improving relative strength.,Stage 2 - Advancing,24.53,Very Strong,Volume Drying Up,Volume Drying Up (0.14x vs 10W Avg),8.68,Outperformed Nifty by 8.68% in 3 Months,True,Not Rated,Wide Risk; Low Liquidity,17.4,100.0,100.0,10.0,15.0,36.6,True,False,False,False,setup_not_proper_or_not_tight; risk_not_low,watchlist,weekly_watchlist,watchlist,26.53,"Stage 2, Advancing, trend_template_ok, weekly_volume_dryup, flags=Wide Risk;Low Liquidity",289
SCHAEFFLER.NS,Schaeffler India Limited,Auto Parts,Consumer Cyclical,Consumer Cyclical,False,Cash,1,Stage 1,Stage 1,Stage 1,0.64,Price is building a base around long-term weekly structure without a confirmed advancing phase.,Stage 1,25.02,Strong,Volume Drying Up,Volume Drying Up (0.84x vs 10W Avg),1.01,Outperformed Nifty by 1.01% in 3 Months,False,Not Rated,Wide Risk; Low Liquidity,13.94,64.21,25.0,74.0,35.0,36.57,False,True,False,False,not_true_leader; risk_not_low; not_confirmed_stage2,watchlist,weekly_watchlist,watchlist,30.02,"Stage 1, Stage 1, weekly_vcp_ok, weekly_volume_dryup, weekly_strong, flags=Wide Risk;Low Liquidity, stage1_not_actionable, stage1_needs_more_base",290
SHAILY.NS,Shaily Engineering Plastics Limited,Specialty Chemicals,Basic Materials,Basic Materials,False,Cash,1,Stage 2,Stage 2,Advancing,0.8,Price is above constructive weekly and long-term trend structure with improving relative strength.,Stage 2 - Advancing,24.46,Very Strong,Volume Drying Up,Volume Drying Up (0.53x vs 10W Avg),13.42,Outperformed Nifty by 13.42% in 3 Months,True,Not Rated,Wide Risk; Low Liquidity,13.72,80.0,75.0,8.0,35.0,36.52,True,False,False,False,setup_not_proper_or_not_tight; risk_not_low,watchlist,weekly_watchlist,watchlist,29.46,"Stage 2, Advancing, trend_template_ok, weekly_volume_dryup, flags=Wide Risk;Low Liquidity",291
AXISBANK.NS,Axis Bank Limited,Banks - Regional,Financial Services,Financial Services,True,F&O,1,Stage 4,Stage 4,Stage 4,0.66,Price is below weekly structure.,Stage 4,12.8,Neutral,Volume Normal,Volume Normal (1.24x vs 10W Avg),-1.61,Underperformed Nifty by 1.61% in 3 Months,False,Not Rated,Low Liquidity,7.54,46.35,25.0,59.9,82.0,36.42,False,False,True,False,not_true_leader; setup_not_proper_or_not_tight; not_confirmed_stage2,watchlist,weekly_watchlist,watchlist,14.8,"Stage 4, Stage 4, weekly_vcp_ok, flags=Low Liquidity, downtrend",292
IIFL.NS,IIFL Finance Limited,Credit Services,Financial Services,Financial Services,False,Cash,1,Stage 2,Stage 2,Advancing,0.8,Price is above constructive weekly and long-term trend structure with improving relative strength.,Stage 2 - Advancing,36.75,Very Strong,Volume Drying Up,Volume Drying Up (0.52x vs 10W Avg),20.63,Outperformed Nifty by 20.63% in 3 Months,True,Not Rated,Wide Risk; Low Liquidity,16.19,80.0,75.0,54.2,15.0,36.41,True,False,False,False,setup_not_proper_or_not_tight; risk_not_low,watchlist,weekly_forming,watchlist,38.75,"Stage 2, Advancing, trend_template_ok, weekly_vcp_ok, volume_dryup, weekly_volume_dryup, weekly_strong, flags=Wide Risk;Low Liquidity",293
KRBL.NS,KRBL Limited,Packaged Foods,Consumer Defensive,Consumer Defensive,False,Cash,1,Stage 2,Stage 2,Advancing,0.8,Price is above constructive weekly and long-term trend structure with improving relative strength.,Stage 2 - Advancing,35.61,Strong,Volume Drying Up,Volume Drying Up (0.50x vs 10W Avg),9.97,Outperformed Nifty by 9.97% in 3 Months,True,Not Rated,Wide Risk; Low Liquidity,15.35,78.97,75.0,55.1,15.0,36.38,True,False,False,False,setup_not_proper_or_not_tight; risk_not_low,watchlist,weekly_forming,watchlist,35.61,"Stage 2, Advancing, trend_template_ok, weekly_vcp_ok, volume_dryup, weekly_volume_dryup, weekly_strong, flags=Wide Risk;Low Liquidity",294
SMSPHARMA.NS,SMS Pharmaceuticals Limited,Drug Manufacturers - General,Healthcare,Healthcare,False,Cash,1,Stage 2,Stage 2,Extended,0.78,"Weekly advancing structure remains intact, but price is stretched versus key moving averages.",Stage 2 - Extended,34.83,Very Strong,Volume Drying Up,Volume Drying Up (0.63x vs 10W Avg),20.27,Outperformed Nifty by 20.27% in 3 Months,True,Not Rated,Loose Structure; Extended; Wide Risk; Low Liquidity,20.67,100.0,100.0,34.0,15.0,36.36,True,False,False,False,setup_not_proper_or_not_tight; risk_not_low; extended_structure,watchlist,weekly_watchlist,watchlist,39.83,"Stage 2, Extended, trend_template_ok, weekly_volume_dryup, flags=Loose Structure;Extended;Wide Risk;Low Liquidity",295
RPSGVENT.NS,RPSG VENTURES LIMITED,Information Technology Services,Technology,Technology,False,Cash,1,Failed Stage 2,Stage 1,Failed Stage 2,0.72,"This stock was recently Stage 2, but the latest structure no longer satisfies Stage 2 rules. It is kept as Failed Stage 2 until a fresh base/repair structure forms.",Failed Stage 2,18.14,Neutral,Volume Normal,Volume Normal (1.17x vs 10W Avg),9.29,Outperformed Nifty by 9.29% in 3 Months,False,Not Rated,Wide Risk; Low Liquidity,12.86,58.36,50.0,53.1,35.0,36.15,False,False,False,False,not_true_leader; setup_not_proper_or_not_tight; risk_not_low; not_confirmed_stage2,watchlist,weekly_watchlist,watchlist,18.14,"Stage 1, Stage 1, weekly_vcp_ok, weekly_strong, flags=Wide Risk;Low Liquidity, stage1_not_actionable, stage1_needs_more_base | Stage 2 failed state applied from stage memory.",296
AVANTEL.NS,Avantel Limited,Communication Equipment,Technology,Technology,False,Cash,1,Failed Stage 2,Stage 3,Failed Stage 2,0.72,"This stock was recently Stage 2, but the latest structure no longer satisfies Stage 2 rules. It is kept as Failed Stage 2 until a fresh base/repair structure forms.",Failed Stage 2,18.92,Neutral,Volume Expanding,Volume Expanding (4.04x vs 10W Avg),-8.51,Underperformed Nifty by 8.51% in 3 Months,False,Not Rated,Wider Risk; Low Liquidity,8.9,50.81,25.0,70.2,58.0,36.12,False,False,False,False,not_true_leader; setup_not_proper_or_not_tight; risk_not_low; not_confirmed_stage2,watchlist,weekly_watchlist,watchlist,28.92,"Stage 3, Early, weekly_vcp_ok, weekly_strong, flags=Wider Risk;Low Liquidity, distribution_or_weakening_risk | Stage 2 failed state applied from stage memory.",297
ISGEC.NS,Isgec Heavy Engineering Limited,Specialty Industrial Machinery,Industrials,Industrials,False,Cash,1,Stage 1,Stage 1,Stage 1,0.64,Price is building a base around long-term weekly structure without a confirmed advancing phase.,Stage 1,6.71,Neutral,Volume Expanding,Volume Expanding (1.51x vs 10W Avg),3.04,Outperformed Nifty by 3.04% in 3 Months,False,Not Rated,Low Liquidity,5.85,59.83,50.0,20.0,82.0,36.08,False,False,True,False,not_true_leader; setup_not_proper_or_not_tight; not_confirmed_stage2,watchlist,weekly_watchlist,watchlist,16.71,"Stage 1, Stage 1, flags=Low Liquidity, stage1_not_actionable, stage1_needs_more_base",298
BELRISE.NS,Belrise Industries Limited,Auto Parts,Consumer Cyclical,Consumer Cyclical,False,Cash,1,Stage 2,Stage 2,Advancing,0.9,Price is above constructive weekly and long-term trend structure with improving relative strength.,Stage 2 - Advancing,23.69,Very Strong,Volume Drying Up,Volume Drying Up (0.65x vs 10W Avg),15.19,Outperformed Nifty by 15.19% in 3 Months,True,Not Rated,Wide Risk; Low Liquidity,14.33,80.0,100.0,14.0,35.0,35.96,True,False,False,False,setup_not_proper_or_not_tight; risk_not_low,watchlist,weekly_watchlist,watchlist,28.69,"Stage 2, Advancing, trend_template_ok, weekly_volume_dryup, flags=Wide Risk;Low Liquidity",299
ADANIENT.NS,Adani Enterprises Limited,Energy,Energy,Energy,True,F&O,1,Failed Stage 2,Stage 3,Failed Stage 2,0.72,"This stock was recently Stage 2, but the latest structure no longer satisfies Stage 2 rules. It is kept as Failed Stage 2 until a fresh base/repair structure forms.",Failed Stage 2,8.07,Neutral,Volume Normal,Volume Normal (1.18x vs 10W Avg),-2.66,Underperformed Nifty by 2.66% in 3 Months,False,Not Rated,Wide Risk; Low Liquidity,13.91,57.61,75.0,28.0,35.0,35.95,False,False,False,False,not_true_leader; setup_not_proper_or_not_tight; risk_not_low; not_confirmed_stage2,watchlist,weekly_watchlist,watchlist,13.07,"Stage 3, Early, flags=Wide Risk;Low Liquidity, distribution_or_weakening_risk | Stage 2 failed state applied from stage memory.",300
PNGJL.NS,P N Gadgil Jewellers Limited,Luxury Goods,Consumer Cyclical,Consumer Cyclical,False,Cash,1,Stage 1,Stage 1,Stage 1,0.64,Price is building a base around long-term weekly structure without a confirmed advancing phase.,Stage 1,17.9,Strong,Volume Drying Up,Volume Drying Up (0.77x vs 10W Avg),8.59,Outperformed Nifty by 8.59% in 3 Months,False,Not Rated,Wider Risk; Low Liquidity,9.93,65.78,25.0,54.2,58.0,35.88,False,False,False,False,not_true_leader; setup_not_proper_or_not_tight; risk_not_low; not_confirmed_stage2,watchlist,weekly_watchlist,watchlist,27.9,"Stage 1, Stage 1, weekly_vcp_ok, volume_dryup, weekly_volume_dryup, weekly_strong, flags=Wider Risk;Low Liquidity, stage1_not_actionable, stage1_needs_more_base",301
KALYANKJIL.NS,Kalyan Jewellers India Limited,Luxury Goods,Consumer Cyclical,Consumer Cyclical,True,F&O,1,Stage 2,Stage 2,Advancing,0.8,Price is above constructive weekly and long-term trend structure with improving relative strength.,Stage 2 - Advancing,25.86,Strong,Volume Drying Up,Volume Drying Up (0.36x vs 10W Avg),52.48,Outperformed Nifty by 52.48% in 3 Months,True,Not Rated,Wide Risk; Low Liquidity,12.92,65.0,75.0,20.0,35.0,35.8,False,False,False,False,not_true_leader; setup_not_proper_or_not_tight; risk_not_low,watchlist,weekly_watchlist,watchlist,35.86,"Stage 2, Advancing, trend_template_ok, volume_dryup, weekly_volume_dryup, flags=Wide Risk;Low Liquidity",302
MARKSANS.NS,Marksans Pharma Limited,Drug Manufacturers - General,Healthcare,Healthcare,False,Cash,1,Stage 2,Stage 2,Advancing,0.9,Price is above constructive weekly and long-term trend structure with improving relative strength.,Stage 2 - Advancing,26.0,Very Strong,Volume Drying Up,Volume Drying Up (0.78x vs 10W Avg),31.25,Outperformed Nifty by 31.25% in 3 Months,True,Not Rated,Loose Structure; Wide Risk; Low Liquidity,14.23,80.0,100.0,4.0,35.0,35.56,True,False,False,False,setup_not_proper_or_not_tight; risk_not_low,watchlist,weekly_watchlist,watchlist,31.0,"Stage 2, Advancing, trend_template_ok, volume_dryup, weekly_volume_dryup, flags=Loose Structure;Wide Risk;Low Liquidity",303
INDIGO.NS,InterGlobe Aviation Limited,Industrials,Industrials,Industrials,True,F&O,1,Failed Stage 2,Stage 2,Failed Stage 2,0.7,Failed Stage 2 cooling period is still active; waiting for a fresh base or confirmed reclaim.,Failed Stage 2,13.71,Neutral,Volume Drying Up,Volume Drying Up (0.75x vs 10W Avg),-1.05,Underperformed Nifty by 1.05% in 3 Months,False,Not Rated,Low Liquidity,6.29,59.05,50.0,18.0,82.0,35.41,False,False,True,False,not_true_leader; setup_not_proper_or_not_tight,watchlist,weekly_watchlist,watchlist,13.71,"Stage 2, Advancing, weekly_volume_dryup, flags=Low Liquidity | Failed Stage 2 hold period active.",304
DEEDEV.NS,DEE Development Engineers Limited,Metal Fabrication,Industrials,Industrials,False,Cash,1,Stage 2,Stage 2,Extended,0.78,"Weekly advancing structure remains intact, but price is stretched versus key moving averages.",Stage 2 - Extended,18.02,Very Strong,Volume Drying Up,Volume Drying Up (0.60x vs 10W Avg),7.14,Outperformed Nifty by 7.14% in 3 Months,True,Not Rated,Extended; Wide Risk; Circuit Risk; Low Liquidity,12.74,100.0,100.0,0.0,35.0,35.4,True,False,False,False,setup_not_proper_or_not_tight; risk_not_low; extended_structure,watchlist,weekly_watchlist,watchlist,28.02,"Stage 2, Extended, trend_template_ok, weekly_volume_dryup, flags=Extended;Wide Risk;Circuit Risk;Low Liquidity",305
ADANIPOWER.NS,Adani Power Limited,Utilities,Utilities,Utilities,True,F&O,1,Failed Stage 2,Stage 1,Failed Stage 2,0.72,"This stock was recently Stage 2, but the latest structure no longer satisfies Stage 2 rules. It is kept as Failed Stage 2 until a fresh base/repair structure forms.",Failed Stage 2,11.72,Neutral,Volume Normal,Volume Normal (1.22x vs 10W Avg),-0.41,Underperformed Nifty by 0.41% in 3 Months,False,Not Rated,Wide Risk; Low Liquidity,12.42,59.63,62.5,36.0,35.0,35.35,False,False,False,False,not_true_leader; setup_not_proper_or_not_tight; risk_not_low; not_confirmed_stage2,watchlist,weekly_watchlist,watchlist,11.72,"Stage 1, Stage 1, flags=Wide Risk;Low Liquidity, stage1_not_actionable, stage1_needs_more_base | Stage 2 failed state applied from stage memory.",306
RBA.NS,Restaurant Brands Asia Limited,Consumer Cyclical,Consumer Cyclical,Consumer Cyclical,False,Cash,1,Stage 2,Stage 2,Advancing,0.8,Price is above constructive weekly and long-term trend structure with improving relative strength.,Stage 2 - Advancing,25.45,Very Strong,Volume Drying Up,Volume Drying Up (0.20x vs 10W Avg),29.59,Outperformed Nifty by 29.59% in 3 Months,True,Not Rated,Loose Structure; Wider Risk; Low Liquidity,11.64,80.0,75.0,12.0,58.0,35.16,True,False,False,False,setup_not_proper_or_not_tight; risk_not_low,watchlist,weekly_watchlist,watchlist,27.45,"Stage 2, Advancing, trend_template_ok, volume_dryup, weekly_volume_dryup, flags=Loose Structure;Wider Risk;Low Liquidity",307
ONGC.NS,Oil & Natural Gas Corporation Limited,Energy,Energy,Energy,True,F&O,1,Stage 4,Stage 4,Stage 4,0.66,Price is below weekly structure.,Stage 4,17.21,Weak,Volume Drying Up,Volume Normal (0.86x vs 10W Avg),-0.23,Underperformed Nifty by 0.23% in 3 Months,False,Not Rated,Wider Risk; Low Liquidity,11.82,34.8,25.0,82.2,58.0,35.16,False,False,False,False,not_true_leader; setup_not_proper_or_not_tight; risk_not_low; not_confirmed_stage2,watchlist,weekly_watchlist,watchlist,22.21,"Stage 4, Stage 4, weekly_vcp_ok, volume_dryup, weekly_volume_dryup, weekly_strong, flags=Wider Risk;Low Liquidity, downtrend",308
DRREDDY.NS,Dr. Reddy's Laboratories Limited,Drug Manufacturers - Specialty & Generic,Healthcare,Healthcare,True,F&O,1,Stage 4,Stage 4,Stage 4,0.66,Price is below weekly structure.,Stage 4,11.07,Neutral,Volume Expanding,Volume Expanding (1.79x vs 10W Avg),-2.49,Underperformed Nifty by 2.49% in 3 Months,False,Not Rated,Low Liquidity,5.62,49.47,25.0,51.0,82.0,35.03,False,False,True,False,not_true_leader; setup_not_proper_or_not_tight; not_confirmed_stage2,watchlist,weekly_watchlist,watchlist,21.07,"Stage 4, Stage 4, flags=Low Liquidity, downtrend",309
APOLLOHOSP.NS,Apollo Hospitals Enterprise Limited,Medical Care Facilities,Healthcare,Healthcare,True,F&O,1,Failed Stage 2,Stage 1,Failed Stage 2,0.72,"This stock was recently Stage 2, but the latest structure no longer satisfies Stage 2 rules. It is kept as Failed Stage 2 until a fresh base/repair structure forms.",Failed Stage 2,24.47,Neutral,Volume Expanding,Volume Expanding (2.50x vs 10W Avg),-1.23,Underperformed Nifty by 1.23% in 3 Months,False,Not Rated,Wider Risk; Low Liquidity,11.22,41.1,37.5,62.2,58.0,34.87,False,False,False,False,not_true_leader; setup_not_proper_or_not_tight; risk_not_low; not_confirmed_stage2,watchlist,weekly_watchlist,watchlist,24.47,"Stage 1, Stage 1, weekly_vcp_ok, weekly_strong, flags=Wider Risk;Low Liquidity, stage1_not_actionable, stage1_needs_more_base | Stage 2 failed state applied from stage memory.",310
METROPOLIS.NS,Metropolis Healthcare Limited,Diagnostics & Research,Healthcare,Healthcare,False,Cash,1,Stage 2,Stage 2,Advancing,0.8,Price is above constructive weekly and long-term trend structure with improving relative strength.,Stage 2 - Advancing,20.77,Neutral,Volume Drying Up,Volume Normal (0.95x vs 10W Avg),1.25,Outperformed Nifty by 1.25% in 3 Months,False,Not Rated,Wider Risk; Low Liquidity,11.71,56.12,62.5,22.0,58.0,34.83,False,False,False,False,not_true_leader; setup_not_proper_or_not_tight; risk_not_low,watchlist,weekly_watchlist,watchlist,30.77,"Stage 2, Advancing, volume_dryup, flags=Wider Risk;Low Liquidity",311
POWERGRID.NS,Power Grid Corporation of India Limited,Utilities,Utilities,Utilities,True,F&O,1,Stage 4,Stage 4,Stage 4,0.66,Price is below weekly structure.,Stage 4,14.89,Weak,Volume Normal,Volume Normal (1.41x vs 10W Avg),-1.5,Underperformed Nifty by 1.5% in 3 Months,False,Not Rated,Low Liquidity,5.82,24.76,25.0,74.2,82.0,34.67,False,False,True,False,not_true_leader; setup_not_proper_or_not_tight; not_confirmed_stage2,watchlist,weekly_watchlist,watchlist,14.89,"Stage 4, Stage 4, weekly_vcp_ok, weekly_strong, flags=Low Liquidity, downtrend",312
MAXESTATES.NS,Max Estates Limited,Real Estate,Real Estate,Real Estate,False,Cash,1,Stage 2,Stage 2,Extended,0.78,"Weekly advancing structure remains intact, but price is stretched versus key moving averages.",Stage 2 - Extended,44.54,Very Strong,Volume Expanding,Volume Expanding (1.59x vs 10W Avg),42.5,Outperformed Nifty by 42.5% in 3 Months,True,Not Rated,Wide Weekly Base; Loose Structure; Extended; Wide Risk,18.8,100.0,100.0,10.2,15.0,34.65,True,False,False,False,setup_not_proper_or_not_tight; risk_not_low; extended_structure,watchlist,weekly_breakout,watchlist,46.54,"Stage 2, Extended, trend_template_ok, weekly_vcp_ok, weekly_strong, flags=Wide Weekly Base;Loose Structure;Extended;Wide Risk",313
KDDL.NS,KDDL Limited,Luxury Goods,Consumer Cyclical,Consumer Cyclical,False,Cash,1,Stage 2,Stage 2,Advancing,0.9,Price is above constructive weekly and long-term trend structure with improving relative strength.,Stage 2 - Advancing,29.27,Very Strong,Volume Drying Up,Volume Drying Up (0.76x vs 10W Avg),28.91,Outperformed Nifty by 28.91% in 3 Months,True,Not Rated,Loose Structure; Wide Risk; Low Liquidity,12.75,80.0,100.0,0.0,35.0,34.6,True,False,False,False,setup_not_proper_or_not_tight; risk_not_low,watchlist,weekly_watchlist,watchlist,39.27,"Stage 2, Advancing, trend_template_ok, weekly_volume_dryup, flags=Loose Structure;Wide Risk;Low Liquidity",314
WELENT.NS,Welspun Enterprises Limited,Engineering & Construction,Industrials,Industrials,False,Cash,1,Stage 2,Stage 2,Advancing,0.9,Price is above constructive weekly and long-term trend structure with improving relative strength.,Stage 2 - Advancing,24.8,Very Strong,Volume Drying Up,Volume Drying Up (0.52x vs 10W Avg),27.79,Outperformed Nifty by 27.79% in 3 Months,True,Not Rated,Loose Structure; Wide Risk; Low Liquidity,14.01,80.0,100.0,0.0,35.0,34.6,True,False,False,False,setup_not_proper_or_not_tight; risk_not_low,watchlist,weekly_watchlist,watchlist,24.8,"Stage 2, Advancing, trend_template_ok, weekly_volume_dryup, flags=Loose Structure;Wide Risk;Low Liquidity",315
GRASIM.NS,Grasim Industries Limited,Building Materials,Basic Materials,Basic Materials,True,F&O,1,Failed Stage 2,Stage 1,Failed Stage 2,0.72,"This stock was recently Stage 2, but the latest structure no longer satisfies Stage 2 rules. It is kept as Failed Stage 2 until a fresh base/repair structure forms.",Failed Stage 2,6.06,Neutral,Volume Drying Up,Volume Drying Up (0.83x vs 10W Avg),2.39,Outperformed Nifty by 2.39% in 3 Months,False,Not Rated,Wider Risk; Low Liquidity,9.79,57.15,62.5,20.0,58.0,34.6,False,False,False,False,not_true_leader; setup_not_proper_or_not_tight; risk_not_low; not_confirmed_stage2,watchlist,weekly_watchlist,watchlist,6.06,"Stage 1, Stage 1, volume_dryup, weekly_volume_dryup, flags=Wider Risk;Low Liquidity, stage1_not_actionable, stage1_needs_more_base | Stage 2 failed state applied from stage memory.",316
RAIN.NS,Rain Industries Limited,Specialty Chemicals,Basic Materials,Basic Materials,False,Cash,1,Stage 2,Stage 2,Advancing,0.9,Price is above constructive weekly and long-term trend structure with improving relative strength.,Stage 2 - Advancing,34.75,Very Strong,Volume Drying Up,Volume Drying Up (0.59x vs 10W Avg),15.97,Outperformed Nifty by 15.97% in 3 Months,True,Not Rated,Wide Weekly Base; Wide Risk; Low Liquidity,17.61,100.0,100.0,26.0,15.0,34.44,True,False,False,False,setup_not_proper_or_not_tight; risk_not_low,watchlist,weekly_watchlist,watchlist,39.75,"Stage 2, Advancing, trend_template_ok, volume_dryup, weekly_volume_dryup, flags=Wide Weekly Base;Wide Risk;Low Liquidity",317
HONASA.NS,Honasa Consumer Limited,Household & Personal Products,Consumer Defensive,Consumer Defensive,False,Cash,1,Stage 2,Stage 2,Advancing,0.8,Price is above constructive weekly and long-term trend structure with improving relative strength.,Stage 2 - Advancing,36.32,Neutral,Volume Expanding,Volume Expanding (3.87x vs 10W Avg),0.8,Outperformed Nifty by 0.8% in 3 Months,True,Not Rated,Wide Risk,16.05,55.72,75.0,28.0,15.0,34.29,False,False,False,False,not_true_leader; setup_not_proper_or_not_tight; risk_not_low,watchlist,weekly_watchlist,watchlist,38.32,"Stage 2, Advancing, trend_template_ok, flags=Wide Risk",318
TATAPOWER.NS,Tata Power Company Limited,Utilities,Utilities,Utilities,True,F&O,1,Stage 1,Stage 1,Stage 1,0.64,Price is building a base around long-term weekly structure without a confirmed advancing phase.,Stage 1,17.2,Neutral,Volume Normal,Volume Normal (1.16x vs 10W Avg),1.89,Outperformed Nifty by 1.89% in 3 Months,False,Not Rated,Low Liquidity,6.28,41.01,25.0,56.2,82.0,34.25,False,False,True,False,not_true_leader; setup_not_proper_or_not_tight; not_confirmed_stage2,watchlist,weekly_watchlist,watchlist,17.2,"Stage 1, Stage 1, weekly_vcp_ok, weekly_strong, flags=Low Liquidity, stage1_not_actionable, stage1_needs_more_base",319
AUTOAXLES.NS,Automotive Axles Limited,Auto Parts,Consumer Cyclical,Consumer Cyclical,False,Cash,1,Stage 4,Stage 4,Stage 4,0.66,Price is below weekly structure.,Stage 4,14.91,Strong,Volume Drying Up,Volume Normal (0.96x vs 10W Avg),2.5,Outperformed Nifty by 2.5% in 3 Months,False,Not Rated,Wide Risk; Low Liquidity,14.57,64.31,25.0,64.2,35.0,34.24,False,False,False,False,not_true_leader; setup_not_proper_or_not_tight; risk_not_low; not_confirmed_stage2,watchlist,weekly_watchlist,watchlist,19.91,"Stage 4, Stage 4, weekly_vcp_ok, volume_dryup, weekly_strong, flags=Wide Risk;Low Liquidity, downtrend",320
GABRIEL.NS,Gabriel India Limited,Auto Parts,Consumer Cyclical,Consumer Cyclical,False,Cash,1,Stage 2,Stage 2,Advancing,0.8,Price is above constructive weekly and long-term trend structure with improving relative strength.,Stage 2 - Advancing,36.56,Very Strong,Volume Drying Up,Volume Drying Up (0.32x vs 10W Avg),12.25,Outperformed Nifty by 12.25% in 3 Months,True,Not Rated,Wide Risk; Low Liquidity,20.71,80.0,75.0,45.1,15.0,34.22,True,False,False,False,setup_not_proper_or_not_tight; risk_not_low,watchlist,weekly_forming,watchlist,41.56,"Stage 2, Advancing, trend_template_ok, weekly_vcp_ok, weekly_volume_dryup, weekly_strong, flags=Wide Risk;Low Liquidity",321
CGCL.NS,Capri Global Capital Limited,Credit Services,Financial Services,Financial Services,False,Cash,1,Stage 2,Stage 2,Advancing,0.9,Price is above constructive weekly and long-term trend structure with improving relative strength.,Stage 2 - Advancing,26.15,Strong,Volume Drying Up,Volume Drying Up (0.31x vs 10W Avg),8.97,Outperformed Nifty by 8.97% in 3 Months,True,Not Rated,Wide Risk; Low Liquidity,15.07,78.07,100.0,22.0,15.0,34.22,True,False,False,False,setup_not_proper_or_not_tight; risk_not_low,watchlist,weekly_watchlist,watchlist,28.15,"Stage 2, Advancing, trend_template_ok, volume_dryup, weekly_volume_dryup, flags=Wide Risk;Low Liquidity",322
AEGISLOG.NS,Aegis Logistics Limited,Oil & Gas Refining & Marketing,Energy,Energy,False,Cash,1,Stage 2,Stage 2,Extended,0.78,"Weekly advancing structure remains intact, but price is stretched versus key moving averages.",Stage 2 - Extended,26.42,Very Strong,Volume Drying Up,Volume Drying Up (0.53x vs 10W Avg),5.26,Outperformed Nifty by 5.26% in 3 Months,True,Not Rated,Extended; Wide Risk; Low Liquidity,15.83,100.0,100.0,0.0,15.0,34.2,True,False,False,False,setup_not_proper_or_not_tight; risk_not_low; extended_structure,watchlist,weekly_watchlist,watchlist,31.42,"Stage 2, Extended, trend_template_ok, weekly_volume_dryup, flags=Extended;Wide Risk;Low Liquidity",323
NPST.NS,Network People Services Technologies Limited,Software - Application,Technology,Technology,False,Cash,1,Stage 2,Stage 2,Advancing,0.9,Price is above constructive weekly and long-term trend structure with improving relative strength.,Stage 2 - Advancing,24.7,Very Strong,Volume Drying Up,Volume Drying Up (0.75x vs 10W Avg),12.83,Outperformed Nifty by 12.83% in 3 Months,True,Not Rated,Wide Risk; Low Liquidity,17.47,100.0,100.0,0.0,15.0,34.2,True,False,False,False,setup_not_proper_or_not_tight; risk_not_low,watchlist,weekly_watchlist,watchlist,29.7,"Stage 2, Advancing, trend_template_ok, weekly_volume_dryup, flags=Wide Risk;Low Liquidity",324
ELLEN.NS,Ellenbarrie Industrial Gases Limited,Chemicals,Basic Materials,Basic Materials,False,Cash,1,Failed Stage 2,Stage 1,Failed Stage 2,0.72,"This stock was recently Stage 2, but the latest structure no longer satisfies Stage 2 rules. It is kept as Failed Stage 2 until a fresh base/repair structure forms.",Failed Stage 2,18.16,Very Strong,Volume Expanding,Volume Expanding (2.79x vs 10W Avg),44.02,Outperformed Nifty by 44.02% in 3 Months,False,Not Rated,Loose Structure; Wide Risk; Low Liquidity,12.37,80.0,62.5,34.2,35.0,33.81,True,False,False,False,setup_not_proper_or_not_tight; risk_not_low; not_confirmed_stage2,watchlist,weekly_watchlist,watchlist,23.16,"Stage 1, Stage 1, weekly_vcp_ok, weekly_strong, flags=Loose Structure;Wide Risk;Low Liquidity, stage1_not_actionable, stage1_needs_more_base | Stage 2 failed state applied from stage memory.",325
VMART.NS,V-Mart Retail Limited,Consumer Cyclical,Consumer Cyclical,Consumer Cyclical,False,Cash,1,Stage 2,Stage 2,Advancing,0.8,Price is above constructive weekly and long-term trend structure with improving relative strength.,Stage 2 - Advancing,22.08,Neutral,Volume Drying Up,Volume Normal (0.87x vs 10W Avg),1.22,Outperformed Nifty by 1.22% in 3 Months,True,Not Rated,Wide Risk; Low Liquidity,14.03,56.09,75.0,20.0,35.0,33.66,False,False,False,False,not_true_leader; setup_not_proper_or_not_tight; risk_not_low,watchlist,weekly_watchlist,watchlist,24.08,"Stage 2, Advancing, trend_template_ok, volume_dryup, weekly_volume_dryup, flags=Wide Risk;Low Liquidity",326
NSIL.NS,Nalwa Sons Investments Limited,Asset Management,Financial Services,Financial Services,False,Cash,1,Stage 4,Stage 4,Stage 4,0.66,Price is below weekly structure.,Stage 4,15.04,Strong,Volume Normal,Volume Normal (1.25x vs 10W Avg),5.31,Outperformed Nifty by 5.31% in 3 Months,False,Not Rated,Wider Risk; Low Liquidity,9.04,64.54,0.0,71.1,58.0,33.63,False,False,False,False,not_true_leader; setup_not_proper_or_not_tight; risk_not_low; not_confirmed_stage2,watchlist,weekly_watchlist,watchlist,15.04,"Stage 4, Stage 4, weekly_vcp_ok, weekly_strong, flags=Wider Risk;Low Liquidity, downtrend",327
LUMAXIND.NS,Lumax Industries Limited,Auto Parts,Consumer Cyclical,Consumer Cyclical,False,Cash,1,Failed Stage 2,Stage 1,Failed Stage 2,0.72,"This stock was recently Stage 2, but the latest structure no longer satisfies Stage 2 rules. It is kept as Failed Stage 2 until a fresh base/repair structure forms.",Failed Stage 2,18.13,Very Strong,Volume Drying Up,Volume Drying Up (0.58x vs 10W Avg),11.58,Outperformed Nifty by 11.58% in 3 Months,False,Not Rated,Wide Risk; Low Liquidity,16.58,80.0,62.5,55.1,15.0,33.62,True,False,False,False,setup_not_proper_or_not_tight; risk_not_low; not_confirmed_stage2,watchlist,weekly_watchlist,watchlist,23.13,"Stage 1, Stage 1, weekly_vcp_ok, volume_dryup, weekly_volume_dryup, weekly_strong, flags=Wide Risk;Low Liquidity, stage1_not_actionable, stage1_needs_more_base | Stage 2 failed state applied from stage memory.",328
WABAG.NS,VA Tech Wabag Limited,Engineering & Construction,Industrials,Industrials,False,Cash,1,Stage 2,Stage 2,Advancing,0.9,Price is above constructive weekly and long-term trend structure with improving relative strength.,Stage 2 - Advancing,24.62,Strong,Volume Drying Up,Volume Drying Up (0.70x vs 10W Avg),7.34,Outperformed Nifty by 7.34% in 3 Months,True,Not Rated,Wide Risk; Low Liquidity,15.46,76.61,100.0,20.0,15.0,33.39,True,False,False,False,setup_not_proper_or_not_tight; risk_not_low,watchlist,weekly_watchlist,watchlist,24.62,"Stage 2, Advancing, trend_template_ok, volume_dryup, weekly_volume_dryup, flags=Wide Risk;Low Liquidity",329
MSTCLTD.NS,Mstc Limited,Conglomerates,Industrials,Industrials,False,Cash,1,Stage 2,Stage 2,Advancing,0.9,Price is above constructive weekly and long-term trend structure with improving relative strength.,Stage 2 - Advancing,25.67,Strong,Volume Drying Up,Volume Drying Up (0.73x vs 10W Avg),6.28,Outperformed Nifty by 6.28% in 3 Months,True,Not Rated,Wide Risk; Low Liquidity,16.79,75.65,100.0,20.0,15.0,33.16,True,False,False,False,setup_not_proper_or_not_tight; risk_not_low,watchlist,weekly_watchlist,watchlist,25.67,"Stage 2, Advancing, trend_template_ok, volume_dryup, weekly_volume_dryup, flags=Wide Risk;Low Liquidity",330
UNOMINDA.NS,UNO Minda Limited,Auto Parts,Consumer Cyclical,Consumer Cyclical,True,F&O,1,Failed Stage 2,Stage 1,Failed Stage 2,0.72,"This stock was recently Stage 2, but the latest structure no longer satisfies Stage 2 rules. It is kept as Failed Stage 2 until a fresh base/repair structure forms.",Failed Stage 2,13.36,Strong,Volume Drying Up,Volume Drying Up (0.67x vs 10W Avg),9.61,Outperformed Nifty by 9.61% in 3 Months,False,Not Rated,Wide Risk; Low Liquidity,12.24,63.05,50.0,35.9,35.0,33.15,False,False,False,False,not_true_leader; setup_not_proper_or_not_tight; risk_not_low; not_confirmed_stage2,watchlist,weekly_watchlist,watchlist,18.36,"Stage 1, Stage 1, weekly_vcp_ok, volume_dryup, weekly_volume_dryup, flags=Wide Risk;Low Liquidity, stage1_not_actionable, stage1_needs_more_base | Stage 2 failed state applied from stage memory.",331
GSFC.NS,Gujarat State Fertilizers & Chemicals Limited,Agricultural Inputs,Basic Materials,Basic Materials,False,Cash,1,Stage 4,Stage 4,Stage 4,0.66,Price is below weekly structure.,Stage 4,14.48,Strong,Volume Drying Up,Volume Drying Up (0.78x vs 10W Avg),3.08,Outperformed Nifty by 3.08% in 3 Months,False,Not Rated,Low Liquidity,6.92,62.76,12.5,42.2,82.0,33.11,False,False,True,False,not_true_leader; setup_not_proper_or_not_tight; not_confirmed_stage2,watchlist,weekly_watchlist,watchlist,14.48,"Stage 4, Stage 4, weekly_vcp_ok, weekly_volume_dryup, weekly_strong, flags=Low Liquidity, downtrend",332
GUJTHEM.NS,Gujarat Themis Biosyn Limited,Drug Manufacturers - Specialty & Generic,Healthcare,Healthcare,False,Cash,1,Stage 2,Stage 2,Advancing,0.8,Price is above constructive weekly and long-term trend structure with improving relative strength.,Stage 2 - Advancing,30.45,Strong,Volume Drying Up,Volume Drying Up (0.47x vs 10W Avg),7.64,Outperformed Nifty by 7.64% in 3 Months,True,Not Rated,Wide Risk; Low Liquidity,17.78,76.88,75.0,43.0,15.0,32.97,True,False,False,False,setup_not_proper_or_not_tight; risk_not_low,watchlist,weekly_watchlist,watchlist,40.45,"Stage 2, Advancing, trend_template_ok, volume_dryup, weekly_volume_dryup, flags=Wide Risk;Low Liquidity",333
BAJAJ-AUTO.NS,Bajaj Auto Limited,Auto Manufacturers,Consumer Cyclical,Consumer Cyclical,True,F&O,1,Stage 2,Stage 2,Advancing,0.8,Price is above constructive weekly and long-term trend structure with improving relative strength.,Stage 2 - Advancing,16.66,Strong,Volume Drying Up,Volume Normal (0.92x vs 10W Avg),15.14,Outperformed Nifty by 15.14% in 3 Months,False,Not Rated,Wide Risk; Low Liquidity,13.71,65.0,62.5,20.0,35.0,32.8,False,False,False,False,not_true_leader; setup_not_proper_or_not_tight; risk_not_low,watchlist,weekly_watchlist,watchlist,21.66,"Stage 2, Advancing, volume_dryup, flags=Wide Risk;Low Liquidity",334
FMGOETZE.NS,Federal-Mogul Goetze (India) Limited.,Auto Parts,Consumer Cyclical,Consumer Cyclical,False,Cash,1,Stage 2,Stage 2,Advancing,0.9,Price is above constructive weekly and long-term trend structure with improving relative strength.,Stage 2 - Advancing,35.0,Very Strong,Volume Drying Up,Volume Drying Up (0.13x vs 10W Avg),21.18,Outperformed Nifty by 21.18% in 3 Months,True,Not Rated,Loose Structure; Wide Risk; Low Liquidity,20.71,80.0,100.0,39.1,15.0,32.78,True,False,False,False,setup_not_proper_or_not_tight; risk_not_low,watchlist,weekly_forming,watchlist,40.0,"Stage 2, Advancing, trend_template_ok, weekly_vcp_ok, volume_dryup, weekly_volume_dryup, weekly_strong, flags=Loose Structure;Wide Risk;Low Liquidity",335
WHIRLPOOL.NS,Whirlpool of India Limited,"Furnishings, Fixtures & Appliances",Consumer Cyclical,Consumer Cyclical,False,Cash,1,Stage 1,Stage 1,Stage 1,0.68,Price is building a base around long-term weekly structure without a confirmed advancing phase.,Stage 1,17.5,Strong,Volume Expanding,Volume Expanding (6.59x vs 10W Avg),18.64,Outperformed Nifty by 18.64% in 3 Months,False,Not Rated,Loose Structure; Wider Risk; Low Liquidity,9.9,75.43,50.0,31.2,58.0,32.67,True,False,False,False,setup_not_proper_or_not_tight; risk_not_low; not_confirmed_stage2,watchlist,weekly_watchlist,watchlist,17.5,"Stage 1, Stage 1, weekly_vcp_ok, weekly_strong, flags=Loose Structure;Wider Risk;Low Liquidity, stage1_not_actionable, stage1_needs_more_base",336
GMMPFAUDLR.NS,GMM Pfaudler Limited,Specialty Industrial Machinery,Industrials,Industrials,False,Cash,1,Stage 2,Stage 2,Extended,0.78,"Weekly advancing structure remains intact, but price is stretched versus key moving averages.",Stage 2 - Extended,36.84,Very Strong,Volume Drying Up,Volume Drying Up (0.66x vs 10W Avg),97.58,Outperformed Nifty by 97.58% in 3 Months,True,Not Rated,Loose Structure; Extended; Wide Risk; Low Liquidity,15.99,100.0,87.5,31.1,15.0,32.66,True,False,False,False,setup_not_proper_or_not_tight; risk_not_low; extended_structure,watchlist,weekly_breakout,watchlist,46.84,"Stage 2, Extended, trend_template_ok, weekly_vcp_ok, weekly_volume_dryup, weekly_strong, flags=Loose Structure;Extended;Wide Risk;Low Liquidity",337
PRESTIGE.NS,Prestige Estates Projects Limited,Real Estate,Real Estate,Real Estate,True,F&O,1,Failed Stage 2,Stage 3,Failed Stage 2,0.72,"This stock was recently Stage 2, but the latest structure no longer satisfies Stage 2 rules. It is kept as Failed Stage 2 until a fresh base/repair structure forms.",Failed Stage 2,15.88,Neutral,Volume Expanding,Volume Normal (1.26x vs 10W Avg),-6.1,Underperformed Nifty by 6.1% in 3 Months,False,Not Rated,Wide Risk; Low Liquidity,14.57,54.51,50.0,42.2,35.0,32.61,False,False,False,False,not_true_leader; setup_not_proper_or_not_tight; risk_not_low; not_confirmed_stage2,watchlist,weekly_watchlist,watchlist,17.88,"Stage 3, Early, weekly_vcp_ok, weekly_strong, flags=Wide Risk;Low Liquidity, distribution_or_weakening_risk | Stage 2 failed state applied from stage memory.",338
ICICIBANK.NS,ICICI Bank Limited,Banks - Regional,Financial Services,Financial Services,True,F&O,1,Stage 3,Stage 3,Early,0.68,"Prior strength has shifted into a Stage 3 transition based on trend, relative strength, and volume evidence.",Stage 3 Early,15.63,Strong,Volume Normal,Volume Normal (1.11x vs 10W Avg),0.21,Outperformed Nifty by 0.21% in 3 Months,False,Not Rated,Wider Risk; Low Liquidity,11.37,64.19,25.0,42.2,58.0,32.61,False,False,False,False,not_true_leader; setup_not_proper_or_not_tight; risk_not_low; not_confirmed_stage2,watchlist,weekly_watchlist,watchlist,17.63,"Stage 3, Early, weekly_vcp_ok, weekly_strong, flags=Wider Risk;Low Liquidity, distribution_or_weakening_risk",339
SJS.NS,S.J.S. Enterprises Limited,Auto Parts,Consumer Cyclical,Consumer Cyclical,False,Cash,1,Stage 2,Stage 2,Advancing,0.8,Price is above constructive weekly and long-term trend structure with improving relative strength.,Stage 2 - Advancing,23.39,Strong,Volume Drying Up,Volume Drying Up (0.73x vs 10W Avg),9.53,Outperformed Nifty by 9.53% in 3 Months,True,Not Rated,Wide Risk; Low Liquidity,13.36,63.58,75.0,8.0,35.0,32.58,False,False,False,False,not_true_leader; setup_not_proper_or_not_tight; risk_not_low,watchlist,weekly_watchlist,watchlist,28.39,"Stage 2, Advancing, trend_template_ok, weekly_volume_dryup, flags=Wide Risk;Low Liquidity",340
INDIGOPNTS.NS,Indigo Paints Limited,Specialty Chemicals,Basic Materials,Basic Materials,False,Cash,1,Stage 2,Stage 2,Advancing,0.8,Price is above constructive weekly and long-term trend structure with improving relative strength.,Stage 2 - Advancing,18.12,Strong,Volume Drying Up,Volume Drying Up (0.43x vs 10W Avg),8.36,Outperformed Nifty by 8.36% in 3 Months,False,Not Rated,Wide Weekly Base; Wider Risk; Low Liquidity,10.25,77.52,62.5,16.0,58.0,32.52,True,False,False,False,setup_not_proper_or_not_tight; risk_not_low,watchlist,weekly_watchlist,watchlist,23.12,"Stage 2, Advancing, volume_dryup, weekly_volume_dryup, flags=Wide Weekly Base;Wider Risk;Low Liquidity",341
JKIL.NS,J.Kumar Infraprojects Limited,Engineering & Construction,Industrials,Industrials,False,Cash,1,Stage 4,Stage 4,Stage 4,0.66,Price is below weekly structure.,Stage 4,15.49,Strong,Volume Drying Up,Volume Normal (0.85x vs 10W Avg),2.05,Outperformed Nifty by 2.05% in 3 Months,False,Not Rated,Wide Risk; Low Liquidity,12.7,61.78,0.0,84.1,35.0,32.41,False,False,False,False,not_true_leader; setup_not_proper_or_not_tight; risk_not_low; not_confirmed_stage2,watchlist,weekly_watchlist,watchlist,15.49,"Stage 4, Stage 4, weekly_vcp_ok, volume_dryup, weekly_volume_dryup, weekly_strong, flags=Wide Risk;Low Liquidity, downtrend",342
ULTRACEMCO.NS,UltraTech Cement Limited,Building Materials,Basic Materials,Basic Materials,True,F&O,1,Stage 1,Stage 1,Stage 1,0.64,Price is building a base around long-term weekly structure without a confirmed advancing phase.,Stage 1,16.7,Strong,Volume Normal,Volume Normal (1.21x vs 10W Avg),2.67,Outperformed Nifty by 2.67% in 3 Months,False,Not Rated,Wider Risk; Low Liquidity,10.15,63.06,25.0,42.2,58.0,32.34,False,False,False,False,not_true_leader; setup_not_proper_or_not_tight; risk_not_low; not_confirmed_stage2,watchlist,weekly_watchlist,watchlist,16.7,"Stage 1, Stage 1, weekly_vcp_ok, weekly_strong, flags=Wider Risk;Low Liquidity, stage1_not_actionable, stage1_needs_more_base",343
SOLARINDS.NS,Solar Industries India Limited,Specialty Chemicals,Basic Materials,Basic Materials,True,F&O,1,Stage 2,Stage 2,Advancing,0.8,Price is above constructive weekly and long-term trend structure with improving relative strength.,Stage 2 - Advancing,30.91,Very Strong,Volume Normal,Volume Normal (1.03x vs 10W Avg),13.13,Outperformed Nifty by 13.13% in 3 Months,True,Not Rated,Wide Risk; Low Liquidity,15.79,80.0,75.0,37.0,15.0,32.28,True,False,False,False,setup_not_proper_or_not_tight; risk_not_low,watchlist,weekly_watchlist,watchlist,35.91,"Stage 2, Advancing, trend_template_ok, flags=Wide Risk;Low Liquidity",344
UNIMECH.NS,Unimech Aerospace and Manufacturing Limited,Aerospace & Defense,Industrials,Industrials,False,Cash,1,Stage 2,Stage 2,Extended,0.78,"Weekly advancing structure remains intact, but price is stretched versus key moving averages.",Stage 2 - Extended,36.67,Very Strong,Volume Normal,Volume Normal (1.06x vs 10W Avg),52.03,Outperformed Nifty by 52.03% in 3 Months,True,Not Rated,Loose Structure; Extended; Wide Risk; Low Liquidity,23.28,100.0,100.0,16.2,15.0,32.09,True,False,False,False,setup_not_proper_or_not_tight; risk_not_low; extended_structure,watchlist,weekly_breakout,watchlist,46.67,"Stage 2, Extended, trend_template_ok, weekly_vcp_ok, weekly_strong, flags=Loose Structure;Extended;Wide Risk;Low Liquidity",345
BOROLTD.NS,Borosil Limited,"Furnishings, Fixtures & Appliances",Consumer Cyclical,Consumer Cyclical,False,Cash,1,Stage 1,Stage 1,Stage 1,0.68,Price is building a base around long-term weekly structure without a confirmed advancing phase.,Stage 1,20.52,Very Strong,Volume Expanding,Volume Expanding (1.56x vs 10W Avg),29.08,Outperformed Nifty by 29.08% in 3 Months,False,Not Rated,Wide Weekly Base; Wide Risk; Low Liquidity,16.07,95.0,75.0,46.2,15.0,32.09,True,False,False,False,setup_not_proper_or_not_tight; risk_not_low; not_confirmed_stage2,watchlist,weekly_watchlist,watchlist,20.52,"Stage 1, Stage 1, weekly_vcp_ok, volume_dryup, weekly_strong, flags=Wide Weekly Base;Wide Risk;Low Liquidity, stage1_not_actionable, stage1_needs_more_base",346
SAMBHV.NS,Sambhv Steel Tubes Limited,Steel,Basic Materials,Basic Materials,False,Cash,1,Stage 2,Stage 2,Extended,0.78,"Weekly advancing structure remains intact, but price is stretched versus key moving averages.",Stage 2 - Extended,33.08,Very Strong,Volume Normal,Volume Normal (1.39x vs 10W Avg),50.63,Outperformed Nifty by 50.63% in 3 Months,True,Not Rated,Loose Structure; Extended; Wide Risk; Low Liquidity,22.01,100.0,100.0,16.0,15.0,32.04,True,False,False,False,setup_not_proper_or_not_tight; risk_not_low; extended_structure,watchlist,weekly_watchlist,watchlist,43.08,"Stage 2, Extended, trend_template_ok, flags=Loose Structure;Extended;Wide Risk;Low Liquidity",347
CENTUM.NS,Centum Electronics Limited,Electronic Components,Technology,Technology,False,Cash,1,Stage 2,Stage 2,Extended,0.78,"Weekly advancing structure remains intact, but price is stretched versus key moving averages.",Stage 2 - Extended,27.8,Very Strong,Volume Expanding,Volume Expanding (2.04x vs 10W Avg),38.86,Outperformed Nifty by 38.86% in 3 Months,True,Not Rated,Loose Structure; Extended; Wide Risk; Low Liquidity,22.12,100.0,100.0,16.0,15.0,32.04,True,False,False,False,setup_not_proper_or_not_tight; risk_not_low; extended_structure,watchlist,weekly_watchlist,watchlist,37.8,"Stage 2, Extended, trend_template_ok, flags=Loose Structure;Extended;Wide Risk;Low Liquidity",348
ROSSTECH.NS,Rossell Techsys Limited,Aerospace & Defense,Industrials,Industrials,False,Cash,1,Stage 2,Stage 2,Extended,0.78,"Weekly advancing structure remains intact, but price is stretched versus key moving averages.",Stage 2 - Extended,27.66,Very Strong,Volume Drying Up,Volume Drying Up (0.52x vs 10W Avg),59.71,Outperformed Nifty by 59.71% in 3 Months,True,Not Rated,Loose Structure; Extended; Wide Risk; Low Liquidity,21.94,100.0,100.0,16.0,15.0,32.04,True,False,False,False,setup_not_proper_or_not_tight; risk_not_low; extended_structure,watchlist,weekly_watchlist,watchlist,37.66,"Stage 2, Extended, trend_template_ok, weekly_volume_dryup, flags=Loose Structure;Extended;Wide Risk;Low Liquidity",349
WELSPUNLIV.NS,Welspun Living Limited,Textile Manufacturing,Consumer Cyclical,Consumer Cyclical,False,Cash,1,Stage 2,Stage 2,Extended,0.78,"Weekly advancing structure remains intact, but price is stretched versus key moving averages.",Stage 2 - Extended,26.94,Very Strong,Volume Drying Up,Volume Drying Up (0.54x vs 10W Avg),40.88,Outperformed Nifty by 40.88% in 3 Months,True,Not Rated,Loose Structure; Extended; Wide Risk; Low Liquidity,16.16,100.0,100.0,16.0,15.0,32.04,True,False,False,False,setup_not_proper_or_not_tight; risk_not_low; extended_structure,watchlist,weekly_watchlist,watchlist,31.94,"Stage 2, Extended, trend_template_ok, volume_dryup, weekly_volume_dryup, flags=Loose Structure;Extended;Wide Risk;Low Liquidity",350
SURYAROSNI.NS,Surya Roshni Limited,Steel,Basic Materials,Basic Materials,False,Cash,1,Stage 4,Stage 4,Stage 4,0.86,Price is below the 30-week trend and below long-term support structure.,Stage 4,13.98,Weak,Volume Drying Up,Volume Normal (0.87x vs 10W Avg),-8.17,Underperformed Nifty by 8.17% in 3 Months,False,Not Rated,Low Liquidity,2.76,31.93,0.0,68.2,100.0,31.83,False,False,True,False,not_true_leader; setup_not_proper_or_not_tight; not_confirmed_stage2,watchlist,weekly_watchlist,watchlist,23.98,"Stage 4, Stage 4, weekly_vcp_ok, volume_dryup, weekly_volume_dryup, weekly_strong, flags=Low Liquidity, downtrend",351
TATASTEEL.NS,Tata Steel Limited,Steel,Basic Materials,Basic Materials,True,F&O,1,Stage 1,Stage 1,Stage 1,0.64,Price is building a base around long-term weekly structure without a confirmed advancing phase.,Stage 1,10.1,Neutral,Volume Normal,Volume Normal (0.87x vs 10W Avg),3.36,Outperformed Nifty by 3.36% in 3 Months,False,Not Rated,Wider Risk; Low Liquidity,10.29,58.57,25.0,44.47,58.0,31.81,False,False,False,False,not_true_leader; setup_not_proper_or_not_tight; risk_not_low; not_confirmed_stage2,watchlist,weekly_watchlist,watchlist,20.1,"Stage 1, Stage 1, weekly_volume_dryup, flags=Wider Risk;Low Liquidity, stage1_not_actionable, stage1_needs_more_base",352
ITCHOTELS.NS,ITC Hotels Limited,Consumer Cyclical,Consumer Cyclical,Consumer Cyclical,False,Cash,1,Not Sure,Not Sure,Not Sure,0.0,Stage rules did not identify a reliable structure.,Not Sure - Unclear,7.85,Neutral,Volume Normal,Volume Normal (1.07x vs 10W Avg),-3.9,Underperformed Nifty by 3.9% in 3 Months,False,Not Rated,Wider Risk; Low Liquidity,9.35,54.37,37.5,36.0,58.0,31.77,False,False,False,False,not_true_leader; setup_not_proper_or_not_tight; risk_not_low; not_confirmed_stage2,watchlist,weekly_watchlist,watchlist,9.85,"Not Sure, Unclear, flags=Wider Risk;Low Liquidity",353
FEDERALBNK.NS,The Federal Bank  Limited,Banks - Regional,Financial Services,Financial Services,True,F&O,1,Failed Stage 2,Stage 3,Failed Stage 2,0.72,"This stock was recently Stage 2, but the latest structure no longer satisfies Stage 2 rules. It is kept as Failed Stage 2 until a fresh base/repair structure forms.",Failed Stage 2,8.92,Neutral,Volume Normal,Volume Normal (1.39x vs 10W Avg),3.22,Outperformed Nifty by 3.22% in 3 Months,False,Not Rated,Wider Risk; Low Liquidity,11.24,57.9,75.0,28.2,58.0,31.74,False,False,False,False,not_true_leader; setup_not_proper_or_not_tight; risk_not_low; not_confirmed_stage2,watchlist,weekly_watchlist,watchlist,10.92,"Stage 3, Late, weekly_vcp_ok, weekly_strong, flags=Wider Risk;Low Liquidity, distribution_or_weakening_risk | Stage 2 failed state applied from stage memory.",354
HATSUN.NS,Hatsun Agro Product Limited,Packaged Foods,Consumer Defensive,Consumer Defensive,False,Cash,1,Stage 2,Stage 2,Advancing,0.9,Price is above constructive weekly and long-term trend structure with improving relative strength.,Stage 2 - Advancing,35.57,Very Strong,Volume Drying Up,Volume Drying Up (0.31x vs 10W Avg),28.44,Outperformed Nifty by 28.44% in 3 Months,True,Not Rated,Loose Structure; Wide Risk; Low Liquidity,19.16,80.0,87.5,47.1,15.0,31.7,True,False,False,False,setup_not_proper_or_not_tight; risk_not_low,watchlist,weekly_breakout,watchlist,35.57,"Stage 2, Advancing, trend_template_ok, weekly_vcp_ok, volume_dryup, weekly_volume_dryup, weekly_strong, flags=Loose Structure;Wide Risk;Low Liquidity",355
DODLA.NS,Dodla Dairy Limited,Consumer Defensive,Consumer Defensive,Consumer Defensive,False,Cash,1,Stage 4,Stage 4,Stage 4,0.66,Price is below weekly structure.,Stage 4,14.27,Neutral,Volume Drying Up,Volume Drying Up (0.71x vs 10W Avg),-1.51,Underperformed Nifty by 1.51% in 3 Months,False,Not Rated,Wide Risk; Low Liquidity,14.8,47.26,12.5,83.1,35.0,31.69,False,False,False,False,not_true_leader; setup_not_proper_or_not_tight; risk_not_low; not_confirmed_stage2,watchlist,weekly_watchlist,watchlist,14.27,"Stage 4, Stage 4, weekly_vcp_ok, volume_dryup, weekly_volume_dryup, weekly_strong, flags=Wide Risk;Low Liquidity, downtrend",356
ECLERX.NS,eClerx Services Limited,Information Technology Services,Technology,Technology,False,Cash,1,Stage 3,Stage 3,Early,0.68,"Prior strength has shifted into a Stage 3 transition based on trend, relative strength, and volume evidence.",Stage 3 Early,4.07,Very Strong,Volume Drying Up,Volume Drying Up (0.65x vs 10W Avg),28.33,Outperformed Nifty by 28.33% in 3 Months,False,Not Rated,Wide Risk; Low Liquidity,14.7,80.0,50.0,12.0,35.0,31.48,True,False,False,False,setup_not_proper_or_not_tight; risk_not_low; not_confirmed_stage2,watchlist,weekly_watchlist,watchlist,4.07,"Stage 3, Early, volume_dryup, weekly_volume_dryup, flags=Wide Risk;Low Liquidity, distribution_or_weakening_risk",357
KSB.NS,Ksb Limited,Specialty Industrial Machinery,Industrials,Industrials,False,Cash,1,Not Sure,Stage 2,Pending Stage 2,0.55,Stage 2 pending confirmation: needs 3 raw Stage 2 runs; current count 1.,Not Sure - Unclear,40.92,Neutral,Volume Expanding,Volume Expanding (7.87x vs 10W Avg),-1.61,Underperformed Nifty by 1.61% in 3 Months,True,Not Rated,Wide Risk; Low Liquidity,18.97,49.96,75.0,63.2,15.0,31.36,False,False,False,False,not_true_leader; setup_not_proper_or_not_tight; risk_not_low,watchlist,weekly_forming,watchlist,50.92,"Stage 2, Advancing, trend_template_ok, weekly_vcp_ok, weekly_strong, flags=Wide Risk;Low Liquidity | Stage 2 pending confirmation: needs 3 raw Stage 2 runs; current count 1.",358
TEGA.NS,Tega Industries Limited,Specialty Industrial Machinery,Industrials,Industrials,False,Cash,1,Stage 2,Stage 2,Extended,0.78,"Weekly advancing structure remains intact, but price is stretched versus key moving averages.",Stage 2 - Extended,31.77,Very Strong,Volume Expanding,Volume Normal (1.21x vs 10W Avg),33.48,Outperformed Nifty by 33.48% in 3 Months,True,Not Rated,Loose Structure; Extended; Wide Risk; Low Liquidity,23.82,100.0,87.5,25.33,15.0,31.28,True,False,False,False,setup_not_proper_or_not_tight; risk_not_low; extended_structure,watchlist,weekly_watchlist,watchlist,41.77,"Stage 2, Extended, trend_template_ok, flags=Loose Structure;Extended;Wide Risk;Low Liquidity",359
MARICO.NS,Marico Limited,Household & Personal Products,Consumer Defensive,Consumer Defensive,True,F&O,1,Stage 1,Stage 1,Stage 1,0.64,Price is building a base around long-term weekly structure without a confirmed advancing phase.,Stage 1,16.37,Neutral,Volume Drying Up,Volume Drying Up (0.78x vs 10W Avg),1.01,Outperformed Nifty by 1.01% in 3 Months,False,Not Rated,Wider Risk; Low Liquidity,9.54,48.38,25.0,52.2,58.0,31.22,False,False,False,False,not_true_leader; setup_not_proper_or_not_tight; risk_not_low; not_confirmed_stage2,watchlist,weekly_watchlist,watchlist,18.37,"Stage 1, Stage 1, weekly_vcp_ok, weekly_volume_dryup, weekly_strong, flags=Wider Risk;Low Liquidity, stage1_not_actionable, stage1_needs_more_base",360
INDIANB.NS,Indian Bank,Banks - Regional,Financial Services,Financial Services,True,F&O,1,Stage 1,Stage 1,Stage 1,0.64,Price is building a base around long-term weekly structure without a confirmed advancing phase.,Stage 1,21.25,Weak,Volume Drying Up,Volume Drying Up (0.79x vs 10W Avg),9.21,Outperformed Nifty by 9.21% in 3 Months,False,Not Rated,Wide Risk; Low Liquidity,12.36,31.03,25.0,84.2,35.0,31.06,False,True,False,False,not_true_leader; risk_not_low; not_confirmed_stage2,watchlist,weekly_watchlist,watchlist,23.25,"Stage 1, Stage 1, weekly_vcp_ok, volume_dryup, weekly_volume_dryup, weekly_strong, flags=Wide Risk;Low Liquidity, stage1_not_actionable, stage1_needs_more_base",361
RRKABEL.NS,R R Kabel Limited,Electrical Equipment & Parts,Industrials,Industrials,False,Cash,1,Stage 2,Stage 2,Advancing,0.8,Price is above constructive weekly and long-term trend structure with improving relative strength.,Stage 2 - Advancing,27.45,Very Strong,Volume Drying Up,Volume Drying Up (0.39x vs 10W Avg),16.53,Outperformed Nifty by 16.53% in 3 Months,True,Not Rated,Wide Risk; Low Liquidity,21.61,80.0,75.0,31.8,15.0,31.03,True,False,False,False,setup_not_proper_or_not_tight; risk_not_low,watchlist,weekly_watchlist,watchlist,37.45,"Stage 2, Advancing, trend_template_ok, volume_dryup, weekly_volume_dryup, flags=Wide Risk;Low Liquidity",362
CONCORDBIO.NS,Concord Biotech Limited,Biotechnology,Healthcare,Healthcare,False,Cash,1,Stage 2,Stage 2,Advancing,0.8,Price is above constructive weekly and long-term trend structure with improving relative strength.,Stage 2 - Advancing,20.66,Strong,Volume Normal,Volume Normal (0.94x vs 10W Avg),14.45,Outperformed Nifty by 14.45% in 3 Months,True,Not Rated,Wide Risk; Low Liquidity,14.31,65.0,75.0,0.0,35.0,31.0,False,False,False,False,not_true_leader; setup_not_proper_or_not_tight; risk_not_low,watchlist,weekly_watchlist,watchlist,25.66,"Stage 2, Advancing, trend_template_ok, flags=Wide Risk;Low Liquidity",363
NESCO.NS,Nesco Limited,Conglomerates,Industrials,Industrials,False,Cash,1,Stage 4,Stage 4,Stage 4,0.66,Price is below weekly structure.,Stage 4,14.23,Neutral,Volume Expanding,Volume Expanding (1.54x vs 10W Avg),-1.68,Underperformed Nifty by 1.68% in 3 Months,False,Not Rated,Wider Risk; Low Liquidity,9.64,40.77,12.5,71.1,58.0,30.93,False,False,False,False,not_true_leader; setup_not_proper_or_not_tight; risk_not_low; not_confirmed_stage2,watchlist,weekly_watchlist,watchlist,14.23,"Stage 4, Stage 4, weekly_vcp_ok, weekly_strong, flags=Wider Risk;Low Liquidity, downtrend",364
FIVESTAR.NS,Five-Star Business Finance Limited,Credit Services,Financial Services,Financial Services,False,Cash,1,Failed Stage 2,Stage 2,Failed Stage 2,0.7,Failed Stage 2 cooling period is still active; waiting for a fresh base or confirmed reclaim.,Failed Stage 2,27.88,Strong,Volume Expanding,Volume Expanding (1.53x vs 10W Avg),0.46,Outperformed Nifty by 0.46% in 3 Months,False,Not Rated,Wide Weekly Base; Wide Risk; Low Liquidity,14.24,70.41,62.5,31.1,35.0,30.76,True,False,False,False,setup_not_proper_or_not_tight; risk_not_low,watchlist,weekly_forming,watchlist,29.88,"Stage 2, Advancing, weekly_vcp_ok, weekly_strong, flags=Wide Weekly Base;Wide Risk;Low Liquidity | Failed Stage 2 hold period active.",365
CANBK.NS,Canara Bank,Banks - Regional,Financial Services,Financial Services,True,F&O,1,Stage 4,Stage 4,Stage 4,0.66,Price is below weekly structure.,Stage 4,16.61,Weak,Volume Drying Up,Volume Normal (0.86x vs 10W Avg),1.25,Outperformed Nifty by 1.25% in 3 Months,False,Not Rated,Wider Risk; Low Liquidity,11.33,26.9,12.5,84.1,58.0,30.72,False,False,False,False,not_true_leader; setup_not_proper_or_not_tight; risk_not_low; not_confirmed_stage2,watchlist,weekly_watchlist,watchlist,18.61,"Stage 4, Stage 4, weekly_vcp_ok, volume_dryup, weekly_volume_dryup, weekly_strong, flags=Wider Risk;Low Liquidity, downtrend",366
GVT&D.NS,GE Vernova T&D India Limited,Specialty Industrial Machinery,Industrials,Industrials,False,Cash,1,Failed Stage 2,Stage 1,Failed Stage 2,0.72,"This stock was recently Stage 2, but the latest structure no longer satisfies Stage 2 rules. It is kept as Failed Stage 2 until a fresh base/repair structure forms.",Failed Stage 2,4.27,Strong,Volume Drying Up,Volume Drying Up (0.55x vs 10W Avg),-0.73,Underperformed Nifty by 0.73% in 3 Months,False,Not Rated,Wide Risk; Low Liquidity,13.46,68.69,50.0,20.0,35.0,30.69,False,False,False,False,not_true_leader; setup_not_proper_or_not_tight; risk_not_low; not_confirmed_stage2,watchlist,weekly_watchlist,watchlist,14.27,"Stage 1, Stage 1, volume_dryup, weekly_volume_dryup, flags=Wide Risk;Low Liquidity, stage1_not_actionable, stage1_needs_more_base | Stage 2 failed state applied from stage memory.",367
JSWDULUX.NS,JSW Dulux Limited,Specialty Chemicals,Basic Materials,Basic Materials,False,Cash,1,Stage 1,Stage 1,Stage 1,0.64,Price is building a base around long-term weekly structure without a confirmed advancing phase.,Stage 1,5.79,Strong,Volume Expanding,Volume Expanding (2.99x vs 10W Avg),3.0,Outperformed Nifty by 3.0% in 3 Months,False,Not Rated,Wider Risk; Low Liquidity,8.04,65.24,50.0,8.0,58.0,30.66,False,False,False,False,not_true_leader; setup_not_proper_or_not_tight; risk_not_low; not_confirmed_stage2,watchlist,weekly_watchlist,watchlist,10.79,"Stage 1, Stage 1, flags=Wider Risk;Low Liquidity, stage1_not_actionable, stage1_needs_more_base",368
WELCORP.NS,Welspun Corp Limited,Steel,Basic Materials,Basic Materials,False,Cash,1,Stage 2,Stage 2,Extended,0.78,"Weekly advancing structure remains intact, but price is stretched versus key moving averages.",Stage 2 - Extended,38.36,Very Strong,Volume Normal,Volume Normal (0.99x vs 10W Avg),82.82,Outperformed Nifty by 82.82% in 3 Months,True,Not Rated,Loose Structure; Extended; Wide Risk; Low Liquidity,19.7,80.0,100.0,30.2,15.0,30.65,True,False,False,False,setup_not_proper_or_not_tight; risk_not_low; extended_structure,watchlist,weekly_near_pivot,watchlist,48.36,"Stage 2, Extended, trend_template_ok, weekly_vcp_ok, weekly_strong, flags=Loose Structure;Extended;Wide Risk;Low Liquidity",369
JAYNECOIND.NS,Jayaswal Neco Industries Limited,Steel,Basic Materials,Basic Materials,False,Cash,1,Stage 2,Stage 2,Advancing,0.9,Price is above constructive weekly and long-term trend structure with improving relative strength.,Stage 2 - Advancing,25.2,Strong,Volume Drying Up,Volume Drying Up (0.62x vs 10W Avg),9.07,Outperformed Nifty by 9.07% in 3 Months,True,Not Rated,Wide Risk; Low Liquidity,15.47,78.16,100.0,40.2,15.0,30.61,True,False,False,False,setup_not_proper_or_not_tight; risk_not_low,watchlist,weekly_forming,watchlist,35.2,"Stage 2, Advancing, trend_template_ok, weekly_vcp_ok, volume_dryup, weekly_volume_dryup, weekly_strong, flags=Wide Risk;Low Liquidity",370
SUNFLAG.NS,Sunflag Iron And Steel Company Limited,Steel,Basic Materials,Basic Materials,False,Cash,1,Stage 2,Stage 2,Extended,0.78,"Weekly advancing structure remains intact, but price is stretched versus key moving averages.",Stage 2 - Extended,32.8,Very Strong,Volume Expanding,Volume Expanding (8.01x vs 10W Avg),40.48,Outperformed Nifty by 40.48% in 3 Months,True,Not Rated,Loose Structure; Extended; Wide Risk; Low Liquidity,17.8,100.0,100.0,10.0,15.0,30.6,True,False,False,False,setup_not_proper_or_not_tight; risk_not_low; extended_structure,watchlist,weekly_watchlist,watchlist,42.8,"Stage 2, Extended, trend_template_ok, flags=Loose Structure;Extended;Wide Risk;Low Liquidity",371
RAYMOND.NS,Raymond Limited,Specialty Industrial Machinery,Industrials,Industrials,False,Cash,1,Stage 2,Stage 2,Extended,0.78,"Weekly advancing structure remains intact, but price is stretched versus key moving averages.",Stage 2 - Extended,29.84,Very Strong,Volume Normal,Volume Normal (1.26x vs 10W Avg),101.56,Outperformed Nifty by 101.56% in 3 Months,True,Not Rated,Loose Structure; Extended; Wide Risk; Low Liquidity,27.89,100.0,100.0,10.0,15.0,30.6,True,False,False,False,setup_not_proper_or_not_tight; risk_not_low; extended_structure,watchlist,weekly_watchlist,watchlist,39.84,"Stage 2, Extended, trend_template_ok, flags=Loose Structure;Extended;Wide Risk;Low Liquidity",372
ABB.NS,ABB India Limited,Specialty Industrial Machinery,Industrials,Industrials,True,F&O,1,Failed Stage 2,Stage 1,Failed Stage 2,0.72,"This stock was recently Stage 2, but the latest structure no longer satisfies Stage 2 rules. It is kept as Failed Stage 2 until a fresh base/repair structure forms.",Failed Stage 2,5.69,Neutral,Volume Drying Up,Volume Drying Up (0.76x vs 10W Avg),3.73,Outperformed Nifty by 3.73% in 3 Months,False,Not Rated,Wide Risk; Low Liquidity,14.91,54.31,50.0,34.0,35.0,30.59,False,False,False,False,not_true_leader; setup_not_proper_or_not_tight; risk_not_low; not_confirmed_stage2,watchlist,weekly_watchlist,watchlist,15.69,"Stage 1, Stage 1, volume_dryup, weekly_volume_dryup, flags=Wide Risk;Low Liquidity, stage1_not_actionable, stage1_needs_more_base | Stage 2 failed state applied from stage memory.",373
CARERATING.NS,CARE Ratings Limited,Financial Services,Financial Services,Financial Services,False,Cash,1,Stage 1,Stage 1,Stage 1,0.64,Price is building a base around long-term weekly structure without a confirmed advancing phase.,Stage 1,3.76,Strong,Volume Drying Up,Volume Drying Up (0.75x vs 10W Avg),3.34,Outperformed Nifty by 3.34% in 3 Months,False,Not Rated,Wider Risk; Low Liquidity,11.55,65.6,25.0,32.0,58.0,30.5,False,False,False,False,not_true_leader; setup_not_proper_or_not_tight; risk_not_low; not_confirmed_stage2,watchlist,weekly_watchlist,watchlist,3.76,"Stage 1, Stage 1, volume_dryup, weekly_volume_dryup, flags=Wider Risk;Low Liquidity, stage1_not_actionable, stage1_needs_more_base",374
OIL.NS,Oil India Limited,Energy,Energy,Energy,True,F&O,1,Failed Stage 2,Stage 1,Failed Stage 2,0.72,"This stock was recently Stage 2, but the latest structure no longer satisfies Stage 2 rules. It is kept as Failed Stage 2 until a fresh base/repair structure forms.",Failed Stage 2,10.23,Strong,Volume Drying Up,Volume Drying Up (0.66x vs 10W Avg),12.44,Outperformed Nifty by 12.44% in 3 Months,False,Not Rated,Wide Risk; Low Liquidity,13.41,64.4,25.0,48.0,35.0,30.38,False,False,False,False,not_true_leader; setup_not_proper_or_not_tight; risk_not_low; not_confirmed_stage2,watchlist,weekly_watchlist,watchlist,15.23,"Stage 1, Stage 1, volume_dryup, weekly_volume_dryup, flags=Wide Risk;Low Liquidity, stage1_not_actionable, stage1_needs_more_base | Stage 2 failed state applied from stage memory.",375
VEEDOL.NS,Veedol Corporation Limited,Specialty Chemicals,Basic Materials,Basic Materials,False,Cash,1,Not Sure,Stage 1,Pending Stage 1,0.55,Blocked public stage jump Stage 4 -> Stage 1; waiting for intermediate/confirmed structure.,Not Sure - Unclear,13.13,Strong,Volume Drying Up,Volume Drying Up (0.75x vs 10W Avg),2.75,Outperformed Nifty by 2.75% in 3 Months,False,Not Rated,Wide Risk; Low Liquidity,14.21,65.12,0.0,71.9,35.0,30.28,False,True,False,False,not_true_leader; risk_not_low; not_confirmed_stage2,watchlist,weekly_watchlist,watchlist,18.13,"Stage 1, Stage 1, weekly_vcp_ok, volume_dryup, weekly_volume_dryup, flags=Wide Risk;Low Liquidity, stage1_not_actionable, stage1_needs_more_base | Blocked public stage jump Stage 4 -> Stage 1; waiting for intermediate/confirmed structure.",376
JTLIND.NS,JTL INDUSTRIES LIMITED,Steel,Basic Materials,Basic Materials,False,Cash,1,Stage 2,Stage 2,Advancing,0.9,Price is above constructive weekly and long-term trend structure with improving relative strength.,Stage 2 - Advancing,38.9,Very Strong,Volume Drying Up,Volume Drying Up (0.85x vs 10W Avg),13.19,Outperformed Nifty by 13.19% in 3 Months,True,Not Rated,Wide Weekly Base; Wide Risk; Low Liquidity,15.25,80.0,100.0,28.2,15.0,30.17,True,False,False,False,setup_not_proper_or_not_tight; risk_not_low,watchlist,weekly_near_pivot,watchlist,48.9,"Stage 2, Advancing, trend_template_ok, weekly_vcp_ok, weekly_volume_dryup, weekly_strong, flags=Wide Weekly Base;Wide Risk;Low Liquidity",377
PGHL.NS,Procter & Gamble Health Limited,Drug Manufacturers - Specialty & Generic,Healthcare,Healthcare,False,Cash,1,Stage 3,Stage 3,Early,0.68,"Prior strength has shifted into a Stage 3 transition based on trend, relative strength, and volume evidence.",Stage 3 Early,3.9,Neutral,Volume Expanding,Volume Expanding (1.96x vs 10W Avg),-4.92,Underperformed Nifty by 4.92% in 3 Months,False,Not Rated,Wider Risk; Low Liquidity,9.92,55.57,37.5,28.0,58.0,30.14,False,False,False,False,not_true_leader; setup_not_proper_or_not_tight; risk_not_low; not_confirmed_stage2,watchlist,weekly_watchlist,watchlist,13.9,"Stage 3, Early, flags=Wider Risk;Low Liquidity, distribution_or_weakening_risk",378
BALAMINES.NS,Balaji Amines Limited,Specialty Chemicals,Basic Materials,Basic Materials,False,Cash,1,Stage 2,Stage 2,Advancing,0.8,Price is above constructive weekly and long-term trend structure with improving relative strength.,Stage 2 - Advancing,26.13,Strong,Volume Drying Up,Volume Drying Up (0.57x vs 10W Avg),5.58,Outperformed Nifty by 5.58% in 3 Months,True,Not Rated,Wide Risk; Low Liquidity,21.01,75.02,75.0,33.0,15.0,30.12,True,False,False,False,setup_not_proper_or_not_tight; risk_not_low,watchlist,weekly_watchlist,watchlist,31.13,"Stage 2, Advancing, trend_template_ok, volume_dryup, weekly_volume_dryup, flags=Wide Risk;Low Liquidity",379
AGI.NS,AGI Greenpac Limited,Consumer Cyclical,Consumer Cyclical,Consumer Cyclical,False,Cash,1,Stage 2,Stage 2,Advancing,0.8,Price is above constructive weekly and long-term trend structure with improving relative strength.,Stage 2 - Advancing,35.95,Very Strong,Volume Drying Up,Volume Drying Up (0.68x vs 10W Avg),21.65,Outperformed Nifty by 21.65% in 3 Months,True,Not Rated,Wide Weekly Base; Wide Risk; Low Liquidity,15.99,100.0,87.5,20.2,15.0,30.05,True,False,False,False,setup_not_proper_or_not_tight; risk_not_low,watchlist,weekly_breakout,watchlist,37.95,"Stage 2, Advancing, trend_template_ok, weekly_vcp_ok, weekly_volume_dryup, weekly_strong, flags=Wide Weekly Base;Wide Risk;Low Liquidity",380
UFLEX.NS,UFLEX Limited,Consumer Cyclical,Consumer Cyclical,Consumer Cyclical,False,Cash,1,Stage 2,Stage 2,Advancing,0.9,Price is above constructive weekly and long-term trend structure with improving relative strength.,Stage 2 - Advancing,37.32,Very Strong,Volume Drying Up,Volume Drying Up (0.18x vs 10W Avg),57.93,Outperformed Nifty by 57.93% in 3 Months,True,Not Rated,Wide Weekly Base; Loose Structure; Wide Risk; Low Liquidity,16.11,100.0,100.0,32.2,15.0,29.93,True,False,False,False,setup_not_proper_or_not_tight; risk_not_low,watchlist,weekly_forming,watchlist,39.32,"Stage 2, Advancing, trend_template_ok, weekly_vcp_ok, volume_dryup, weekly_volume_dryup, weekly_strong, flags=Wide Weekly Base;Loose Structure;Wide Risk;Low Liquidity",381
DIXON.NS,Dixon Technologies (India) Limited,Technology,Technology,Technology,True,F&O,1,Stage 2,Stage 2,Advancing,0.8,Price is above constructive weekly and long-term trend structure with improving relative strength.,Stage 2 - Advancing,26.31,Neutral,Volume Normal,Volume Normal (0.92x vs 10W Avg),5.34,Outperformed Nifty by 5.34% in 3 Months,False,Not Rated,Wide Weekly Base; Wide Risk; Low Liquidity,14.48,59.81,62.5,38.2,35.0,29.92,False,False,False,False,not_true_leader; setup_not_proper_or_not_tight; risk_not_low,watchlist,weekly_forming,watchlist,36.31,"Stage 2, Advancing, weekly_vcp_ok, weekly_strong, flags=Wide Weekly Base;Wide Risk;Low Liquidity",382
TI.NS,Tilaknagar Industries Limited,Consumer Defensive,Consumer Defensive,Consumer Defensive,False,Cash,1,Stage 2,Stage 2,Advancing,0.9,Price is above constructive weekly and long-term trend structure with improving relative strength.,Stage 2 - Advancing,35.19,Very Strong,Volume Drying Up,Volume Drying Up (0.75x vs 10W Avg),25.75,Outperformed Nifty by 25.75% in 3 Months,True,Not Rated,Loose Structure; Wide Risk; Low Liquidity,15.15,80.0,100.0,26.2,15.0,29.69,True,False,False,False,setup_not_proper_or_not_tight; risk_not_low,watchlist,weekly_forming,watchlist,35.19,"Stage 2, Advancing, trend_template_ok, weekly_vcp_ok, weekly_volume_dryup, weekly_strong, flags=Loose Structure;Wide Risk;Low Liquidity",383
MARINE.NS,Marine Electricals (India) Limited,Electrical Equipment & Parts,Industrials,Industrials,False,Cash,1,Stage 2,Stage 2,Extended,0.78,"Weekly advancing structure remains intact, but price is stretched versus key moving averages.",Stage 2 - Extended,27.05,Very Strong,Volume Normal,Volume Normal (1.23x vs 10W Avg),62.58,Outperformed Nifty by 62.58% in 3 Months,True,Not Rated,Loose Structure; Extended; Wide Risk; Low Liquidity,20.42,100.0,100.0,6.0,15.0,29.64,True,False,False,False,setup_not_proper_or_not_tight; risk_not_low; extended_structure,watchlist,weekly_watchlist,watchlist,37.05,"Stage 2, Extended, trend_template_ok, flags=Loose Structure;Extended;Wide Risk;Low Liquidity",384
GATEWAY.NS,Gateway Distriparks Limited,Industrials,Industrials,Industrials,False,Cash,1,Stage 4,Stage 4,Stage 4,0.66,Price is below weekly structure.,Stage 4,13.22,Weak,Volume Drying Up,Volume Drying Up (0.50x vs 10W Avg),-6.82,Underperformed Nifty by 6.82% in 3 Months,False,Not Rated,Low Liquidity,6.99,25.57,12.5,64.2,82.0,29.46,False,False,True,False,not_true_leader; setup_not_proper_or_not_tight; not_confirmed_stage2,watchlist,weekly_watchlist,watchlist,13.22,"Stage 4, Stage 4, weekly_vcp_ok, volume_dryup, weekly_volume_dryup, weekly_strong, flags=Low Liquidity, downtrend",385
SCI.NS,Shipping Corporation Of India Limited,Marine Shipping,Industrials,Industrials,False,Cash,1,Failed Stage 2,Stage 3,Failed Stage 2,0.72,"This stock was recently Stage 2, but the latest structure no longer satisfies Stage 2 rules. It is kept as Failed Stage 2 until a fresh base/repair structure forms.",Failed Stage 2,14.26,Weak,Volume Drying Up,Volume Drying Up (0.51x vs 10W Avg),-0.8,Underperformed Nifty by 0.8% in 3 Months,False,Not Rated,Wide Risk; Low Liquidity,13.17,29.28,50.0,54.2,35.0,29.44,False,False,False,False,not_true_leader; setup_not_proper_or_not_tight; risk_not_low; not_confirmed_stage2,watchlist,weekly_watchlist,watchlist,24.26,"Stage 3, Early, weekly_vcp_ok, volume_dryup, weekly_volume_dryup, weekly_strong, flags=Wide Risk;Low Liquidity, distribution_or_weakening_risk | Stage 2 failed state applied from stage memory.",386
EICHERMOT.NS,Eicher Motors Limited,Auto Manufacturers,Consumer Cyclical,Consumer Cyclical,True,F&O,1,Stage 1,Stage 1,Stage 1,0.64,Price is building a base around long-term weekly structure without a confirmed advancing phase.,Stage 1,15.98,Neutral,Volume Drying Up,Volume Normal (0.89x vs 10W Avg),3.5,Outperformed Nifty by 3.5% in 3 Months,False,Not Rated,Wide Risk; Low Liquidity,12.68,53.81,25.0,54.2,35.0,29.32,False,False,False,False,not_true_leader; setup_not_proper_or_not_tight; risk_not_low; not_confirmed_stage2,watchlist,weekly_watchlist,watchlist,20.98,"Stage 1, Stage 1, weekly_vcp_ok, volume_dryup, weekly_volume_dryup, weekly_strong, flags=Wide Risk;Low Liquidity, stage1_not_actionable, stage1_needs_more_base",387
PICCADIL.NS,Piccadily Agro Industries Limited,Consumer Defensive,Consumer Defensive,Consumer Defensive,False,Cash,1,Not Sure,Stage 3,Pending Stage 3,0.55,Blocked public stage jump Stage 1 -> Stage 3; waiting for intermediate/confirmed structure.,Not Sure - Unclear,14.85,Weak,Volume Drying Up,Volume Drying Up (0.33x vs 10W Avg),-4.58,Underperformed Nifty by 4.58% in 3 Months,False,Not Rated,Wider Risk; Low Liquidity,9.29,37.25,25.0,55.1,58.0,29.24,False,False,False,False,not_true_leader; setup_not_proper_or_not_tight; risk_not_low; not_confirmed_stage2,watchlist,weekly_watchlist,watchlist,14.85,"Stage 3, Early, weekly_vcp_ok, volume_dryup, weekly_volume_dryup, weekly_strong, flags=Wider Risk;Low Liquidity, distribution_or_weakening_risk | Blocked public stage jump Stage 1 -> Stage 3; waiting for intermediate/confirmed structure.",388
PTC.NS,PTC India Limited,Utilities,Utilities,Utilities,False,Cash,1,Stage 1,Stage 1,Stage 1,0.64,Price is building a base around long-term weekly structure without a confirmed advancing phase.,Stage 1,21.63,Strong,Volume Drying Up,Volume Drying Up (0.55x vs 10W Avg),7.16,Outperformed Nifty by 7.16% in 3 Months,False,Not Rated,Wide Risk; Low Liquidity,15.78,70.98,25.0,83.2,15.0,29.2,True,True,False,False,risk_not_low; not_confirmed_stage2,watchlist,weekly_watchlist,watchlist,21.63,"Stage 1, Stage 1, weekly_vcp_ok, volume_dryup, weekly_volume_dryup, weekly_strong, flags=Wide Risk;Low Liquidity, stage1_not_actionable, stage1_needs_more_base",389
ALKYLAMINE.NS,Alkyl Amines Chemicals Limited,Specialty Chemicals,Basic Materials,Basic Materials,False,Cash,1,Stage 2,Stage 2,Advancing,0.8,Price is above constructive weekly and long-term trend structure with improving relative strength.,Stage 2 - Advancing,28.98,Neutral,Volume Drying Up,Volume Drying Up (0.26x vs 10W Avg),4.74,Outperformed Nifty by 4.74% in 3 Months,True,Not Rated,Wide Risk; Low Liquidity,17.73,59.26,75.0,44.67,15.0,29.14,False,False,False,False,not_true_leader; setup_not_proper_or_not_tight; risk_not_low,watchlist,weekly_watchlist,watchlist,33.98,"Stage 2, Advancing, trend_template_ok, volume_dryup, weekly_volume_dryup, flags=Wide Risk;Low Liquidity",390
ARVSMART.NS,Arvind SmartSpaces Limited,Real Estate,Real Estate,Real Estate,False,Cash,1,Failed Stage 2,Stage 1,Failed Stage 2,0.72,"This stock was recently Stage 2, but the latest structure no longer satisfies Stage 2 rules. It is kept as Failed Stage 2 until a fresh base/repair structure forms.",Failed Stage 2,15.05,Strong,Volume Drying Up,Volume Drying Up (0.31x vs 10W Avg),6.02,Outperformed Nifty by 6.02% in 3 Months,False,Not Rated,Wide Risk; Low Liquidity,23.53,75.2,62.5,41.2,15.0,29.14,True,False,False,False,setup_not_proper_or_not_tight; risk_not_low; not_confirmed_stage2,watchlist,weekly_watchlist,watchlist,17.05,"Stage 1, Stage 1, weekly_vcp_ok, weekly_volume_dryup, weekly_strong, flags=Wide Risk;Low Liquidity, stage1_not_actionable, stage1_needs_more_base | Stage 2 failed state applied from stage memory.",391
SHILPAMED.NS,Shilpa Medicare Limited,Drug Manufacturers - Specialty & Generic,Healthcare,Healthcare,False,Cash,1,Stage 2,Stage 2,Extended,0.78,"Weekly advancing structure remains intact, but price is stretched versus key moving averages.",Stage 2 - Extended,36.87,Very Strong,Volume Drying Up,Volume Drying Up (0.34x vs 10W Avg),82.41,Outperformed Nifty by 82.41% in 3 Months,True,Not Rated,Wide Weekly Base; Loose Structure; Extended; Wide Risk; Low Liquidity,18.76,100.0,100.0,28.2,15.0,28.97,True,False,False,False,setup_not_proper_or_not_tight; risk_not_low; extended_structure,watchlist,weekly_breakout,watchlist,46.87,"Stage 2, Extended, trend_template_ok, weekly_vcp_ok, volume_dryup, weekly_volume_dryup, weekly_strong, flags=Wide Weekly Base;Loose Structure;Extended;Wide Risk;Low Liquidity",392
LTFOODS.NS,LT Foods Limited,Packaged Foods,Consumer Defensive,Consumer Defensive,False,Cash,1,Failed Stage 2,Stage 1,Failed Stage 2,0.72,"This stock was recently Stage 2, but the latest structure no longer satisfies Stage 2 rules. It is kept as Failed Stage 2 until a fresh base/repair structure forms.",Failed Stage 2,22.45,Neutral,Volume Drying Up,Volume Drying Up (0.22x vs 10W Avg),12.67,Outperformed Nifty by 12.67% in 3 Months,False,Not Rated,Wide Risk; Low Liquidity,18.64,57.12,37.5,83.2,15.0,28.88,False,True,False,False,not_true_leader; risk_not_low; not_confirmed_stage2,watchlist,weekly_watchlist,watchlist,22.45,"Stage 1, Stage 1, weekly_vcp_ok, volume_dryup, weekly_volume_dryup, weekly_strong, flags=Wide Risk;Low Liquidity, stage1_not_actionable, stage1_needs_more_base | Stage 2 failed state applied from stage memory.",393
PFOCUS.NS,Prime Focus Limited,Communication Services,Communication Services,Communication Services,False,Cash,1,Stage 2,Stage 2,Advancing,0.9,Price is above constructive weekly and long-term trend structure with improving relative strength.,Stage 2 - Advancing,42.57,Strong,Volume Expanding,Volume Expanding (2.53x vs 10W Avg),41.53,Outperformed Nifty by 41.53% in 3 Months,True,Not Rated,Wide Weekly Base; Wide Risk; Low Liquidity,15.78,64.02,100.0,38.2,15.0,28.73,False,False,False,False,not_true_leader; setup_not_proper_or_not_tight; risk_not_low,watchlist,weekly_breakout,watchlist,47.57,"Stage 2, Advancing, trend_template_ok, weekly_vcp_ok, weekly_strong, flags=Wide Weekly Base;Wide Risk;Low Liquidity",394
SUNDARMFIN.NS,Sundaram Finance Limited,Credit Services,Financial Services,Financial Services,False,Cash,1,Stage 4,Stage 4,Stage 4,0.66,Price is below weekly structure.,Stage 4,12.98,Neutral,Volume Drying Up,Volume Drying Up (0.81x vs 10W Avg),1.45,Outperformed Nifty by 1.45% in 3 Months,False,Not Rated,Wider Risk; Low Liquidity,11.64,55.97,25.0,34.2,58.0,28.72,False,False,False,False,not_true_leader; setup_not_proper_or_not_tight; risk_not_low; not_confirmed_stage2,watchlist,weekly_watchlist,watchlist,14.98,"Stage 4, Stage 4, weekly_vcp_ok, weekly_volume_dryup, weekly_strong, flags=Wider Risk;Low Liquidity, downtrend",395
TIIL.NS,Technocraft Industries (India) Limited,Tools & Accessories,Industrials,Industrials,False,Cash,1,Stage 2,Stage 2,Advancing,0.8,Price is above constructive weekly and long-term trend structure with improving relative strength.,Stage 2 - Advancing,34.4,Very Strong,Volume Drying Up,Volume Drying Up (0.49x vs 10W Avg),23.09,Outperformed Nifty by 23.09% in 3 Months,True,Not Rated,Loose Structure; Wide Risk; Low Liquidity,19.86,80.0,75.0,47.1,15.0,28.7,True,False,False,False,setup_not_proper_or_not_tight; risk_not_low,watchlist,weekly_forming,watchlist,36.4,"Stage 2, Advancing, trend_template_ok, weekly_vcp_ok, volume_dryup, weekly_volume_dryup, weekly_strong, flags=Loose Structure;Wide Risk;Low Liquidity",396
CYIENTDLM.NS,Cyient DLM Limited,Electronic Components,Technology,Technology,False,Cash,1,Stage 2,Stage 2,Extended,0.78,"Weekly advancing structure remains intact, but price is stretched versus key moving averages.",Stage 2 - Extended,23.18,Very Strong,Volume Drying Up,Volume Drying Up (0.33x vs 10W Avg),88.89,Outperformed Nifty by 88.89% in 3 Months,True,Not Rated,Loose Structure; Extended; Wide Risk; Low Liquidity,19.67,100.0,100.0,2.0,15.0,28.68,True,False,False,False,setup_not_proper_or_not_tight; risk_not_low; extended_structure,watchlist,weekly_watchlist,watchlist,33.18,"Stage 2, Extended, trend_template_ok, volume_dryup, weekly_volume_dryup, flags=Loose Structure;Extended;Wide Risk;Low Liquidity",397
SOTL.NS,Savita Oil Technologies Limited,Specialty Chemicals,Basic Materials,Basic Materials,False,Cash,1,Stage 2,Stage 2,Extended,0.78,"Weekly advancing structure remains intact, but price is stretched versus key moving averages.",Stage 2 - Extended,26.47,Very Strong,Volume Drying Up,Volume Drying Up (0.76x vs 10W Avg),31.87,Outperformed Nifty by 31.87% in 3 Months,True,Not Rated,Loose Structure; Extended; Wide Risk; Low Liquidity,21.32,100.0,100.0,2.0,15.0,28.68,True,False,False,False,setup_not_proper_or_not_tight; risk_not_low; extended_structure,watchlist,weekly_watchlist,watchlist,31.47,"Stage 2, Extended, trend_template_ok, volume_dryup, weekly_volume_dryup, flags=Loose Structure;Extended;Wide Risk;Low Liquidity",398
KRN.NS,KRN Heat Exchanger and Refrigeration Limited,Electronic Components,Technology,Technology,False,Cash,1,Stage 2,Stage 2,Advancing,0.9,Price is above constructive weekly and long-term trend structure with improving relative strength.,Stage 2 - Advancing,33.08,Very Strong,Volume Normal,Volume Normal (0.99x vs 10W Avg),23.54,Outperformed Nifty by 23.54% in 3 Months,True,Not Rated,Loose Structure; Wide Risk; Circuit Risk; Low Liquidity,18.47,80.0,100.0,63.2,15.0,28.57,True,False,False,False,setup_not_proper_or_not_tight; risk_not_low,watchlist,weekly_forming,watchlist,43.08,"Stage 2, Advancing, trend_template_ok, weekly_vcp_ok, weekly_strong, flags=Loose Structure;Wide Risk;Circuit Risk;Low Liquidity",399
NAVA.NS,NAVA LIMITED,Conglomerates,Industrials,Industrials,False,Cash,1,Stage 4,Stage 4,Stage 4,0.66,Price is below weekly structure.,Stage 4,15.5,Weak,Volume Normal,Volume Normal (1.16x vs 10W Avg),-1.9,Underperformed Nifty by 1.9% in 3 Months,False,Not Rated,Wide Risk; Low Liquidity,14.45,32.56,25.0,72.2,35.0,28.54,False,False,False,False,not_true_leader; setup_not_proper_or_not_tight; risk_not_low; not_confirmed_stage2,watchlist,weekly_watchlist,watchlist,15.5,"Stage 4, Stage 4, weekly_vcp_ok, weekly_strong, flags=Wide Risk;Low Liquidity, downtrend",400
POWERINDIA.NS,Hitachi Energy India Limited,Electrical Equipment & Parts,Industrials,Industrials,True,F&O,1,Failed Stage 2,Stage 1,Failed Stage 2,0.72,"This stock was recently Stage 2, but the latest structure no longer satisfies Stage 2 rules. It is kept as Failed Stage 2 until a fresh base/repair structure forms.",Failed Stage 2,3.51,Neutral,Volume Normal,Volume Normal (1.36x vs 10W Avg),1.48,Outperformed Nifty by 1.48% in 3 Months,False,Not Rated,Wider Risk; Low Liquidity,9.5,56.33,50.0,8.0,58.0,28.52,False,False,False,False,not_true_leader; setup_not_proper_or_not_tight; risk_not_low; not_confirmed_stage2,watchlist,weekly_watchlist,watchlist,13.51,"Stage 1, Stage 1, flags=Wider Risk;Low Liquidity, stage1_not_actionable, stage1_needs_more_base | Stage 2 failed state applied from stage memory.",401
SUNDRMFAST.NS,Sundram Fasteners Limited,Auto Parts,Consumer Cyclical,Consumer Cyclical,False,Cash,1,Stage 2,Stage 2,Advancing,0.8,Price is above constructive weekly and long-term trend structure with improving relative strength.,Stage 2 - Advancing,36.05,Very Strong,Volume Drying Up,Volume Normal (0.92x vs 10W Avg),28.38,Outperformed Nifty by 28.38% in 3 Months,True,Not Rated,Loose Structure; Wide Risk; Low Liquidity,16.06,80.0,75.0,46.2,15.0,28.49,True,False,False,False,setup_not_proper_or_not_tight; risk_not_low,watchlist,weekly_breakout,watchlist,41.05,"Stage 2, Advancing, trend_template_ok, weekly_vcp_ok, volume_dryup, weekly_strong, flags=Loose Structure;Wide Risk;Low Liquidity",402
ANURAS.NS,Anupam Rasayan India Limited,Specialty Chemicals,Basic Materials,Basic Materials,False,Cash,1,Stage 1,Stage 1,Stage 1,0.64,Price is building a base around long-term weekly structure without a confirmed advancing phase.,Stage 1,15.33,Weak,Volume Drying Up,Volume Drying Up (0.46x vs 10W Avg),-0.03,Underperformed Nifty by 0.03% in 3 Months,False,Not Rated,Low Liquidity,6.98,30.63,25.0,42.2,82.0,28.4,False,False,True,False,not_true_leader; setup_not_proper_or_not_tight; not_confirmed_stage2,watchlist,weekly_watchlist,watchlist,20.33,"Stage 1, Stage 1, weekly_vcp_ok, weekly_volume_dryup, weekly_strong, flags=Low Liquidity, stage1_not_actionable, stage1_needs_more_base",403
AUBANK.NS,AU Small Finance Bank Limited,Banks - Regional,Financial Services,Financial Services,True,F&O,1,Failed Stage 2,Stage 3,Failed Stage 2,0.72,"This stock was recently Stage 2, but the latest structure no longer satisfies Stage 2 rules. It is kept as Failed Stage 2 until a fresh base/repair structure forms.",Failed Stage 2,8.32,Strong,Volume Normal,Volume Normal (1.35x vs 10W Avg),2.08,Outperformed Nifty by 2.08% in 3 Months,False,Not Rated,Wide Risk; Low Liquidity,14.1,70.64,62.5,29.1,35.0,28.34,True,False,False,False,setup_not_proper_or_not_tight; risk_not_low; not_confirmed_stage2,watchlist,weekly_watchlist,watchlist,10.32,"Stage 3, Late, weekly_vcp_ok, weekly_strong, flags=Wide Risk;Low Liquidity, distribution_or_weakening_risk | Stage 2 failed state applied from stage memory.",404
HIKAL.NS,Hikal Limited,Drug Manufacturers - Specialty & Generic,Healthcare,Healthcare,False,Cash,1,Stage 2,Stage 2,Advancing,0.8,Price is above constructive weekly and long-term trend structure with improving relative strength.,Stage 2 - Advancing,24.13,Strong,Volume Drying Up,Volume Drying Up (0.46x vs 10W Avg),5.92,Outperformed Nifty by 5.92% in 3 Months,True,Not Rated,Wide Risk; Low Liquidity,17.22,75.33,75.0,25.0,15.0,28.28,True,False,False,False,setup_not_proper_or_not_tight; risk_not_low,watchlist,weekly_watchlist,watchlist,34.13,"Stage 2, Advancing, trend_template_ok, volume_dryup, weekly_volume_dryup, flags=Wide Risk;Low Liquidity",405
JUBLPHARMA.NS,Jubilant Pharmova Limited,Drug Manufacturers - Specialty & Generic,Healthcare,Healthcare,False,Cash,1,Stage 2,Stage 2,Advancing,0.8,Price is above constructive weekly and long-term trend structure with improving relative strength.,Stage 2 - Advancing,7.19,Very Strong,Volume Normal,Volume Normal (1.37x vs 10W Avg),12.13,Outperformed Nifty by 12.13% in 3 Months,False,Not Rated,Wider Risk; Low Liquidity,10.63,80.0,62.5,4.0,58.0,28.24,True,False,False,False,setup_not_proper_or_not_tight; risk_not_low,watchlist,weekly_watchlist,watchlist,17.19,"Stage 2, Advancing, flags=Wider Risk;Low Liquidity",406
APARINDS.NS,Apar Industries Limited,Electrical Equipment & Parts,Industrials,Industrials,False,Cash,1,Stage 2,Stage 2,Advancing,0.9,Price is above constructive weekly and long-term trend structure with improving relative strength.,Stage 2 - Advancing,33.7,Very Strong,Volume Drying Up,Volume Drying Up (0.79x vs 10W Avg),28.59,Outperformed Nifty by 28.59% in 3 Months,True,Not Rated,Loose Structure; Wide Risk; Low Liquidity,16.11,80.0,100.0,20.0,15.0,28.2,True,False,False,False,setup_not_proper_or_not_tight; risk_not_low,watchlist,weekly_watchlist,watchlist,43.7,"Stage 2, Advancing, trend_template_ok, weekly_volume_dryup, flags=Loose Structure;Wide Risk;Low Liquidity",407
OPTIEMUS.NS,Optiemus Infracom Limited,Technology,Technology,Technology,False,Cash,1,Stage 2,Stage 2,Extended,0.78,"Weekly advancing structure remains intact, but price is stretched versus key moving averages.",Stage 2 - Extended,29.67,Very Strong,Volume Expanding,Volume Expanding (1.92x vs 10W Avg),53.77,Outperformed Nifty by 53.77% in 3 Months,True,Not Rated,Loose Structure; Extended; Wide Risk; Low Liquidity,30.71,100.0,100.0,0.0,15.0,28.2,True,False,False,False,setup_not_proper_or_not_tight; risk_not_low; extended_structure,watchlist,weekly_watchlist,watchlist,39.67,"Stage 2, Extended, trend_template_ok, flags=Loose Structure;Extended;Wide Risk;Low Liquidity",408
PRECWIRE.NS,Precision Wires India Limited,Electrical Equipment & Parts,Industrials,Industrials,False,Cash,1,Stage 2,Stage 2,Extended,0.78,"Weekly advancing structure remains intact, but price is stretched versus key moving averages.",Stage 2 - Extended,27.62,Very Strong,Volume Drying Up,Volume Drying Up (0.77x vs 10W Avg),34.99,Outperformed Nifty by 34.99% in 3 Months,True,Not Rated,Loose Structure; Extended; Wide Risk; Low Liquidity,18.19,100.0,100.0,0.0,15.0,28.2,True,False,False,False,setup_not_proper_or_not_tight; risk_not_low; extended_structure,watchlist,weekly_watchlist,watchlist,37.62,"Stage 2, Extended, trend_template_ok, weekly_volume_dryup, flags=Loose Structure;Extended;Wide Risk;Low Liquidity",409
TDPOWERSYS.NS,TD Power Systems Limited,Specialty Industrial Machinery,Industrials,Industrials,False,Cash,1,Stage 2,Stage 2,Extended,0.78,"Weekly advancing structure remains intact, but price is stretched versus key moving averages.",Stage 2 - Extended,26.32,Very Strong,Volume Normal,Volume Normal (1.11x vs 10W Avg),40.82,Outperformed Nifty by 40.82% in 3 Months,True,Not Rated,Loose Structure; Extended; Wide Risk; Low Liquidity,16.58,100.0,100.0,0.0,15.0,28.2,True,False,False,False,setup_not_proper_or_not_tight; risk_not_low; extended_structure,watchlist,weekly_watchlist,watchlist,36.32,"Stage 2, Extended, trend_template_ok, flags=Loose Structure;Extended;Wide Risk;Low Liquidity",410
YATHARTH.NS,Yatharth Hospital & Trauma Care Services Limited,Medical Care Facilities,Healthcare,Healthcare,False,Cash,1,Stage 2,Stage 2,Advancing,0.9,Price is above constructive weekly and long-term trend structure with improving relative strength.,Stage 2 - Advancing,31.62,Very Strong,Volume Drying Up,Volume Drying Up (0.82x vs 10W Avg),29.42,Outperformed Nifty by 29.42% in 3 Months,True,Not Rated,Loose Structure; Wide Risk; Low Liquidity,19.02,80.0,100.0,20.0,15.0,28.2,True,False,False,False,setup_not_proper_or_not_tight; risk_not_low,watchlist,weekly_watchlist,watchlist,31.62,"Stage 2, Advancing, trend_template_ok, weekly_volume_dryup, flags=Loose Structure;Wide Risk;Low Liquidity",411
RPEL.NS,Raghav Productivity Enhancers Limited,Chemicals,Basic Materials,Basic Materials,False,Cash,1,Stage 2,Stage 2,Extended,0.78,"Weekly advancing structure remains intact, but price is stretched versus key moving averages.",Stage 2 - Extended,25.43,Very Strong,Volume Drying Up,Volume Drying Up (0.68x vs 10W Avg),46.43,Outperformed Nifty by 46.43% in 3 Months,True,Not Rated,Loose Structure; Extended; Wide Risk; Low Liquidity,22.26,100.0,100.0,0.0,15.0,28.2,True,False,False,False,setup_not_proper_or_not_tight; risk_not_low; extended_structure,watchlist,weekly_watchlist,watchlist,30.43,"Stage 2, Extended, trend_template_ok, volume_dryup, weekly_volume_dryup, flags=Loose Structure;Extended;Wide Risk;Low Liquidity",412
SHAREINDIA.NS,Share India Securities Limited,Capital Markets,Financial Services,Financial Services,False,Cash,1,Stage 2,Stage 2,Advancing,0.9,Price is above constructive weekly and long-term trend structure with improving relative strength.,Stage 2 - Advancing,29.3,Very Strong,Volume Drying Up,Volume Drying Up (0.30x vs 10W Avg),56.84,Outperformed Nifty by 56.84% in 3 Months,True,Not Rated,Loose Structure; Wide Risk; Low Liquidity,19.55,80.0,100.0,20.0,15.0,28.2,True,False,False,False,setup_not_proper_or_not_tight; risk_not_low,watchlist,weekly_watchlist,watchlist,29.3,"Stage 2, Advancing, trend_template_ok, weekly_volume_dryup, flags=Loose Structure;Wide Risk;Low Liquidity",413
SSWL.NS,Steel Strips Wheels Limited,Auto Parts,Consumer Cyclical,Consumer Cyclical,False,Cash,1,Stage 2,Stage 2,Extended,0.78,"Weekly advancing structure remains intact, but price is stretched versus key moving averages.",Stage 2 - Extended,23.14,Very Strong,Volume Normal,Volume Normal (1.03x vs 10W Avg),73.25,Outperformed Nifty by 73.25% in 3 Months,True,Not Rated,Loose Structure; Extended; Wide Risk; Low Liquidity,15.25,100.0,100.0,0.0,15.0,28.2,True,False,False,False,setup_not_proper_or_not_tight; risk_not_low; extended_structure,watchlist,weekly_watchlist,watchlist,28.14,"Stage 2, Extended, trend_template_ok, flags=Loose Structure;Extended;Wide Risk;Low Liquidity",414
SANSERA.NS,Sansera Engineering Limited,Auto Parts,Consumer Cyclical,Consumer Cyclical,False,Cash,1,Stage 2,Stage 2,Extended,0.78,"Weekly advancing structure remains intact, but price is stretched versus key moving averages.",Stage 2 - Extended,22.13,Very Strong,Volume Expanding,Volume Expanding (1.62x vs 10W Avg),49.16,Outperformed Nifty by 49.16% in 3 Months,True,Not Rated,Loose Structure; Extended; Wide Risk; Low Liquidity,20.11,100.0,100.0,0.0,15.0,28.2,True,False,False,False,setup_not_proper_or_not_tight; risk_not_low; extended_structure,watchlist,weekly_watchlist,watchlist,27.13,"Stage 2, Extended, trend_template_ok, flags=Loose Structure;Extended;Wide Risk;Low Liquidity",415
OBEROIRLTY.NS,Oberoi Realty Limited,Real Estate,Real Estate,Real Estate,True,F&O,1,Stage 2,Stage 2,Advancing,0.8,Price is above constructive weekly and long-term trend structure with improving relative strength.,Stage 2 - Advancing,12.86,Neutral,Volume Normal,Volume Normal (1.14x vs 10W Avg),-2.71,Underperformed Nifty by 2.71% in 3 Months,False,Not Rated,Wide Risk; Low Liquidity,14.26,57.56,62.5,8.0,35.0,28.13,False,False,False,False,not_true_leader; setup_not_proper_or_not_tight; risk_not_low,watchlist,weekly_watchlist,watchlist,14.86,"Stage 2, Advancing, flags=Wide Risk;Low Liquidity",416
STLTECH.NS,Sterlite Technologies Limited,Communication Equipment,Technology,Technology,False,Cash,1,Stage 2,Stage 2,Extended,0.78,"Weekly advancing structure remains intact, but price is stretched versus key moving averages.",Stage 2 - Extended,24.41,Very Strong,Volume Drying Up,Volume Normal (0.87x vs 10W Avg),62.3,Outperformed Nifty by 62.3% in 3 Months,True,Not Rated,Loose Structure; Extended; Wide Risk; Circuit Risk; Low Liquidity,14.26,100.0,100.0,36.0,35.0,28.04,True,False,False,False,setup_not_proper_or_not_tight; risk_not_low; extended_structure,watchlist,weekly_watchlist,watchlist,34.41,"Stage 2, Extended, trend_template_ok, volume_dryup, weekly_volume_dryup, flags=Loose Structure;Extended;Wide Risk;Circuit Risk;Low Liquidity",417
MOSCHIP.NS,Moschip Technologies Limited,Technology,Technology,Technology,False,Cash,1,Stage 3,Stage 3,Early,0.68,"Prior strength has shifted into a Stage 3 transition based on trend, relative strength, and volume evidence.",Stage 3 Early,6.59,Neutral,Volume Drying Up,Volume Drying Up (0.48x vs 10W Avg),-6.45,Underperformed Nifty by 6.45% in 3 Months,False,Not Rated,Wide Risk; Low Liquidity,13.09,54.19,25.0,48.0,35.0,27.93,False,False,False,False,not_true_leader; setup_not_proper_or_not_tight; risk_not_low; not_confirmed_stage2,watchlist,weekly_watchlist,watchlist,16.59,"Stage 3, Early, volume_dryup, weekly_volume_dryup, flags=Wide Risk;Low Liquidity, distribution_or_weakening_risk",418
NOCIL.NS,NOCIL Limited,Specialty Chemicals,Basic Materials,Basic Materials,False,Cash,1,Stage 2,Stage 2,Advancing,0.8,Price is above constructive weekly and long-term trend structure with improving relative strength.,Stage 2 - Advancing,26.09,Strong,Volume Expanding,Volume Expanding (1.58x vs 10W Avg),2.16,Outperformed Nifty by 2.16% in 3 Months,True,Not Rated,Wide Risk; Low Liquidity,20.53,66.02,75.0,32.8,15.0,27.92,False,False,False,False,not_true_leader; setup_not_proper_or_not_tight; risk_not_low,watchlist,weekly_watchlist,watchlist,31.09,"Stage 2, Advancing, trend_template_ok, flags=Wide Risk;Low Liquidity",419
BEL.NS,Bharat Electronics Limited,Aerospace & Defense,Industrials,Industrials,True,F&O,1,Not Sure,Stage 4,Pending Stage 4,0.55,Blocked public stage jump Stage 1 -> Stage 4; waiting for intermediate/confirmed structure.,Not Sure - Unclear,13.06,Weak,Volume Drying Up,Volume Normal (0.88x vs 10W Avg),-1.83,Underperformed Nifty by 1.83% in 3 Months,False,Not Rated,Wide Risk; Low Liquidity,12.04,26.07,25.0,76.1,35.0,27.92,False,False,False,False,not_true_leader; setup_not_proper_or_not_tight; risk_not_low; not_confirmed_stage2,watchlist,weekly_watchlist,watchlist,23.06,"Stage 4, Stage 4, weekly_vcp_ok, volume_dryup, weekly_volume_dryup, weekly_strong, flags=Wide Risk;Low Liquidity, downtrend | Blocked public stage jump Stage 1 -> Stage 4; waiting for intermediate/confirmed structure.",420
NHPC.NS,NHPC Limited,Utilities - Renewable,Utilities,Utilities,True,F&O,1,Stage 4,Stage 4,Stage 4,0.66,Price is below weekly structure.,Stage 4,14.71,Weak,Volume Drying Up,Volume Drying Up (0.70x vs 10W Avg),-1.77,Underperformed Nifty by 1.77% in 3 Months,False,Not Rated,Wide Risk; Low Liquidity,12.05,30.04,25.0,71.2,35.0,27.7,False,False,False,False,not_true_leader; setup_not_proper_or_not_tight; risk_not_low; not_confirmed_stage2,watchlist,weekly_watchlist,watchlist,14.71,"Stage 4, Stage 4, weekly_vcp_ok, weekly_volume_dryup, weekly_strong, flags=Wide Risk;Low Liquidity, downtrend",421
UTIAMC.NS,UTI Asset Management Company Limited,Asset Management,Financial Services,Financial Services,False,Cash,1,Stage 4,Stage 4,Stage 4,0.86,Price is below the 30-week trend and below long-term support structure.,Stage 4,7.43,Neutral,Volume Drying Up,Volume Drying Up (0.44x vs 10W Avg),-0.6,Underperformed Nifty by 0.6% in 3 Months,False,Not Rated,Low Liquidity,6.8,57.53,0.0,70.0,82.0,27.53,False,False,True,False,not_true_leader; setup_not_proper_or_not_tight; not_confirmed_stage2,watchlist,weekly_watchlist,watchlist,7.43,"Stage 4, Stage 4, weekly_vcp_ok, volume_dryup, weekly_volume_dryup, weekly_strong, flags=Low Liquidity, downtrend",422
PERSISTENT.NS,Persistent Systems Limited,Information Technology Services,Technology,Technology,True,F&O,1,Stage 1,Stage 1,Stage 1,0.64,Price is building a base around long-term weekly structure without a confirmed advancing phase.,Stage 1,2.99,Strong,Volume Drying Up,Volume Drying Up (0.77x vs 10W Avg),19.13,Outperformed Nifty by 19.13% in 3 Months,False,Not Rated,Wide Risk; Low Liquidity,12.81,67.94,37.5,20.0,35.0,27.51,False,False,False,False,not_true_leader; setup_not_proper_or_not_tight; risk_not_low; not_confirmed_stage2,watchlist,weekly_watchlist,watchlist,2.99,"Stage 1, Stage 1, volume_dryup, weekly_volume_dryup, flags=Wide Risk;Low Liquidity, stage1_not_actionable, stage1_needs_more_base",423
QPOWER.NS,Quality Power Electrical Equipments Limited,Electrical Equipment & Parts,Industrials,Industrials,False,Cash,1,Stage 2,Stage 2,Extended,0.78,"Weekly advancing structure remains intact, but price is stretched versus key moving averages.",Stage 2 - Extended,27.38,Very Strong,Volume Normal,Volume Normal (1.15x vs 10W Avg),44.99,Outperformed Nifty by 44.99% in 3 Months,True,Not Rated,Loose Structure; Extended; Wide Risk; Circuit Risk; Low Liquidity,17.08,100.0,100.0,38.2,15.0,27.37,True,False,False,False,setup_not_proper_or_not_tight; risk_not_low; extended_structure,watchlist,weekly_breakout,watchlist,37.38,"Stage 2, Extended, trend_template_ok, weekly_vcp_ok, weekly_strong, flags=Loose Structure;Extended;Wide Risk;Circuit Risk;Low Liquidity",424
CDSL.NS,Central Depository Services (India) Limited,Capital Markets,Financial Services,Financial Services,True,F&O,1,Not Sure,Stage 1,Pending Stage 1,0.55,Blocked public stage jump Stage 3 -> Stage 1; waiting for intermediate/confirmed structure.,Not Sure - Unclear,19.15,Neutral,Volume Normal,Volume Normal (0.97x vs 10W Avg),0.69,Outperformed Nifty by 0.69% in 3 Months,False,Not Rated,Wide Risk; Low Liquidity,12.71,48.9,12.5,63.2,35.0,27.3,False,False,False,False,not_true_leader; setup_not_proper_or_not_tight; risk_not_low; not_confirmed_stage2,watchlist,weekly_watchlist,watchlist,19.15,"Stage 1, Stage 1, weekly_vcp_ok, weekly_strong, flags=Wide Risk;Low Liquidity, stage1_not_actionable, stage1_needs_more_base | Blocked public stage jump Stage 3 -> Stage 1; waiting for intermediate/confirmed structure.",425
CHOICEIN.NS,Choice International Limited,Capital Markets,Financial Services,Financial Services,False,Cash,1,Stage 3,Stage 3,Early,0.68,"Prior strength has shifted into a Stage 3 transition based on trend, relative strength, and volume evidence.",Stage 3 Early,14.05,Neutral,Volume Drying Up,Volume Drying Up (0.74x vs 10W Avg),-1.71,Underperformed Nifty by 1.71% in 3 Months,False,Not Rated,Wider Risk; Low Liquidity,9.21,41.88,25.0,42.2,58.0,27.26,False,False,False,False,not_true_leader; setup_not_proper_or_not_tight; risk_not_low; not_confirmed_stage2,watchlist,weekly_watchlist,watchlist,14.05,"Stage 3, Early, weekly_vcp_ok, weekly_volume_dryup, weekly_strong, flags=Wider Risk;Low Liquidity, distribution_or_weakening_risk",426
ZYDUSWELL.NS,Zydus Wellness Limited,Packaged Foods,Consumer Defensive,Consumer Defensive,False,Cash,1,Failed Stage 2,Stage 2,Failed Stage 2,0.7,Failed Stage 2 cooling period is still active; waiting for a fresh base or confirmed reclaim.,Failed Stage 2,26.68,Neutral,Volume Drying Up,Volume Drying Up (0.38x vs 10W Avg),-5.03,Underperformed Nifty by 5.03% in 3 Months,True,Not Rated,Wide Risk; Low Liquidity,18.25,47.0,75.0,49.0,15.0,27.24,False,False,False,False,not_true_leader; setup_not_proper_or_not_tight; risk_not_low,watchlist,weekly_watchlist,watchlist,26.68,"Stage 2, Advancing, trend_template_ok, volume_dryup, weekly_volume_dryup, flags=Wide Risk;Low Liquidity | Failed Stage 2 hold period active.",427
MAHLIFE.NS,Mahindra Lifespace Developers Limited,Real Estate,Real Estate,Real Estate,False,Cash,1,Not Sure,Stage 1,Pending Stage 1,0.55,Blocked public stage jump Stage 3 -> Stage 1; waiting for intermediate/confirmed structure.,Not Sure - Unclear,7.95,Strong,Volume Drying Up,Volume Drying Up (0.51x vs 10W Avg),3.58,Outperformed Nifty by 3.58% in 3 Months,False,Not Rated,Wide Risk; Low Liquidity,17.06,66.14,50.0,54.67,15.0,27.19,False,False,False,False,not_true_leader; setup_not_proper_or_not_tight; risk_not_low; not_confirmed_stage2,watchlist,weekly_watchlist,watchlist,9.95,"Stage 1, Stage 1, stage1_base_ready, volume_dryup, weekly_volume_dryup, flags=Wide Risk;Low Liquidity, stage1_not_actionable | Blocked public stage jump Stage 3 -> Stage 1; waiting for intermediate/confirmed structure.",428
UNIONBANK.NS,Union Bank of India,Banks - Regional,Financial Services,Financial Services,True,F&O,1,Failed Stage 2,Stage 1,Failed Stage 2,0.72,"This stock was recently Stage 2, but the latest structure no longer satisfies Stage 2 rules. It is kept as Failed Stage 2 until a fresh base/repair structure forms.",Failed Stage 2,15.69,Neutral,Volume Expanding,Volume Normal (1.07x vs 10W Avg),12.96,Outperformed Nifty by 12.96% in 3 Months,False,Not Rated,Wide Risk; Low Liquidity,13.69,55.79,25.0,43.1,35.0,27.13,False,False,False,False,not_true_leader; setup_not_proper_or_not_tight; risk_not_low; not_confirmed_stage2,watchlist,weekly_watchlist,watchlist,17.69,"Stage 1, Stage 1, weekly_vcp_ok, weekly_strong, flags=Wide Risk;Low Liquidity, stage1_not_actionable, stage1_needs_more_base | Stage 2 failed state applied from stage memory.",429
MANAPPURAM.NS,Manappuram Finance Limited,Credit Services,Financial Services,Financial Services,True,F&O,1,Stage 2,Stage 2,Advancing,0.8,Price is above constructive weekly and long-term trend structure with improving relative strength.,Stage 2 - Advancing,24.05,Neutral,Volume Drying Up,Volume Normal (1.08x vs 10W Avg),-1.68,Underperformed Nifty by 1.68% in 3 Months,False,Not Rated,Wide Risk; Low Liquidity,17.32,53.49,62.5,54.2,15.0,27.05,False,False,False,False,not_true_leader; setup_not_proper_or_not_tight; risk_not_low,watchlist,weekly_forming,watchlist,26.05,"Stage 2, Advancing, weekly_vcp_ok, volume_dryup, weekly_strong, flags=Wide Risk;Low Liquidity",430
TEJASNET.NS,Tejas Networks Limited,Communication Equipment,Technology,Technology,False,Cash,1,Failed Stage 2,Stage 3,Failed Stage 2,0.72,"This stock was recently Stage 2, but the latest structure no longer satisfies Stage 2 rules. It is kept as Failed Stage 2 until a fresh base/repair structure forms.",Failed Stage 2,18.26,Weak,Volume Drying Up,Volume Drying Up (0.34x vs 10W Avg),-7.9,Underperformed Nifty by 7.9% in 3 Months,False,Not Rated,Wide Risk; Low Liquidity,22.96,37.89,50.0,82.2,15.0,27.02,False,False,False,False,not_true_leader; setup_not_proper_or_not_tight; risk_not_low; not_confirmed_stage2,watchlist,weekly_watchlist,watchlist,28.26,"Stage 3, Early, weekly_vcp_ok, volume_dryup, weekly_volume_dryup, weekly_strong, flags=Wide Risk;Low Liquidity, distribution_or_weakening_risk | Stage 2 failed state applied from stage memory.",431
BALKRISIND.NS,Balkrishna Industries Limited,Auto Parts,Consumer Cyclical,Consumer Cyclical,False,Cash,1,Stage 1,Stage 1,Stage 1,0.64,Price is building a base around long-term weekly structure without a confirmed advancing phase.,Stage 1,13.57,Neutral,Volume Drying Up,Volume Drying Up (0.18x vs 10W Avg),2.89,Outperformed Nifty by 2.89% in 3 Months,False,Not Rated,Wide Risk; Low Liquidity,12.1,46.58,12.5,64.2,35.0,26.99,False,False,False,False,not_true_leader; setup_not_proper_or_not_tight; risk_not_low; not_confirmed_stage2,watchlist,weekly_watchlist,watchlist,18.57,"Stage 1, Stage 1, weekly_vcp_ok, volume_dryup, weekly_volume_dryup, weekly_strong, flags=Wide Risk;Low Liquidity, stage1_not_actionable, stage1_needs_more_base",432
POLYPLEX.NS,Polyplex Corporation Limited,Specialty Chemicals,Basic Materials,Basic Materials,False,Cash,1,Stage 2,Stage 2,Advancing,0.8,Price is above constructive weekly and long-term trend structure with improving relative strength.,Stage 2 - Advancing,18.98,Strong,Volume Drying Up,Volume Drying Up (0.36x vs 10W Avg),10.84,Outperformed Nifty by 10.84% in 3 Months,True,Not Rated,Wide Risk; Low Liquidity,17.01,64.76,75.0,30.0,15.0,26.94,False,False,False,False,not_true_leader; setup_not_proper_or_not_tight; risk_not_low,watchlist,weekly_watchlist,watchlist,23.98,"Stage 2, Advancing, trend_template_ok, volume_dryup, weekly_volume_dryup, flags=Wide Risk;Low Liquidity",433
TSFINV.NS,TSF INVESTMENTS LIMITED,Asset Management,Financial Services,Financial Services,False,Cash,1,Stage 1,Stage 1,Stage 1,0.64,Price is building a base around long-term weekly structure without a confirmed advancing phase.,Stage 1,3.95,Neutral,Volume Expanding,Volume Expanding (2.50x vs 10W Avg),-1.93,Underperformed Nifty by 1.93% in 3 Months,False,Not Rated,Wider Risk; Low Liquidity,11.87,58.26,37.5,12.0,58.0,26.94,False,False,False,False,not_true_leader; setup_not_proper_or_not_tight; risk_not_low; not_confirmed_stage2,watchlist,weekly_watchlist,watchlist,3.95,"Stage 1, Stage 1, flags=Wider Risk;Low Liquidity, stage1_not_actionable, stage1_needs_more_base",434
JYOTICNC.NS,Jyoti CNC Automation Limited,Specialty Industrial Machinery,Industrials,Industrials,False,Cash,1,Stage 2,Stage 2,Advancing,0.8,Price is above constructive weekly and long-term trend structure with improving relative strength.,Stage 2 - Advancing,35.85,Very Strong,Volume Drying Up,Volume Drying Up (0.57x vs 10W Avg),41.74,Outperformed Nifty by 41.74% in 3 Months,True,Not Rated,Loose Structure; Wide Risk; Low Liquidity,18.3,100.0,87.5,40.2,15.0,26.85,True,False,False,False,setup_not_proper_or_not_tight; risk_not_low,watchlist,weekly_forming,watchlist,45.85,"Stage 2, Advancing, trend_template_ok, weekly_vcp_ok, weekly_volume_dryup, weekly_strong, flags=Loose Structure;Wide Risk;Low Liquidity",435
TVSSRICHAK.NS,TVS Srichakra Limited,Auto Parts,Consumer Cyclical,Consumer Cyclical,False,Cash,1,Stage 2,Stage 2,Advancing,0.8,Price is above constructive weekly and long-term trend structure with improving relative strength.,Stage 2 - Advancing,30.17,Very Strong,Volume Drying Up,Volume Drying Up (0.20x vs 10W Avg),12.47,Outperformed Nifty by 12.47% in 3 Months,True,Not Rated,Loose Structure; Wide Risk; Low Liquidity,23.71,80.0,75.0,39.1,15.0,26.78,True,False,False,False,setup_not_proper_or_not_tight; risk_not_low,watchlist,weekly_forming,watchlist,35.17,"Stage 2, Advancing, trend_template_ok, weekly_vcp_ok, volume_dryup, weekly_volume_dryup, weekly_strong, flags=Loose Structure;Wide Risk;Low Liquidity",436
GUJALKALI.NS,Gujarat Alkalies and Chemicals Limited,Chemicals,Basic Materials,Basic Materials,False,Cash,1,Failed Stage 2,Stage 1,Failed Stage 2,0.72,"This stock was recently Stage 2, but the latest structure no longer satisfies Stage 2 rules. It is kept as Failed Stage 2 until a fresh base/repair structure forms.",Failed Stage 2,9.97,Strong,Volume Drying Up,Volume Drying Up (0.63x vs 10W Avg),11.69,Outperformed Nifty by 11.69% in 3 Months,False,Not Rated,Wide Risk; Low Liquidity,18.84,60.86,50.0,58.0,15.0,26.73,False,False,False,False,not_true_leader; setup_not_proper_or_not_tight; risk_not_low; not_confirmed_stage2,watchlist,weekly_watchlist,watchlist,14.97,"Stage 1, Stage 1, volume_dryup, weekly_volume_dryup, flags=Wide Risk;Low Liquidity, stage1_not_actionable, stage1_needs_more_base | Stage 2 failed state applied from stage memory.",437
ITC.NS,ITC Limited,Consumer Defensive,Consumer Defensive,Consumer Defensive,True,F&O,1,Stage 4,Stage 4,Stage 4,0.86,Price is below the 30-week trend and below long-term support structure.,Stage 4,11.21,Weak,Volume Drying Up,Volume Drying Up (0.73x vs 10W Avg),-2.05,Underperformed Nifty by 2.05% in 3 Months,False,Not Rated,Low Liquidity,5.93,25.56,0.0,65.2,82.0,26.7,False,False,True,False,not_true_leader; setup_not_proper_or_not_tight; not_confirmed_stage2,watchlist,weekly_watchlist,watchlist,11.21,"Stage 4, Stage 4, weekly_vcp_ok, volume_dryup, weekly_volume_dryup, weekly_strong, flags=Low Liquidity, downtrend",438
AIAENG.NS,AIA Engineering Limited,Specialty Industrial Machinery,Industrials,Industrials,False,Cash,1,Not Sure,Stage 4,Pending Stage 4,0.55,Failed Stage 2 -> Stage 4 needs 3 confirmation runs; current count 1.,Not Sure - Unclear,18.87,Weak,Volume Expanding,Volume Expanding (1.60x vs 10W Avg),-11.52,Underperformed Nifty by 11.52% in 3 Months,False,Not Rated,Wide Risk,12.37,13.05,25.0,42.2,35.0,26.66,False,False,False,False,not_true_leader; setup_not_proper_or_not_tight; risk_not_low; not_confirmed_stage2,watchlist,weekly_watchlist,watchlist,28.87,"Stage 4, Stage 4, weekly_vcp_ok, weekly_strong, flags=Wide Risk, downtrend | Failed Stage 2 -> Stage 4 needs 3 confirmation runs; current count 1.",439
SUPREMEIND.NS,Supreme Industries Limited,Building Products & Equipment,Industrials,Industrials,True,F&O,1,Stage 1,Stage 1,Stage 1,0.64,Price is building a base around long-term weekly structure without a confirmed advancing phase.,Stage 1,7.62,Strong,Volume Drying Up,Volume Drying Up (0.71x vs 10W Avg),13.51,Outperformed Nifty by 13.51% in 3 Months,False,Not Rated,Wider Risk; Low Liquidity,8.72,63.58,25.0,18.0,58.0,26.66,False,False,False,False,not_true_leader; setup_not_proper_or_not_tight; risk_not_low; not_confirmed_stage2,watchlist,weekly_watchlist,watchlist,7.62,"Stage 1, Stage 1, weekly_volume_dryup, flags=Wider Risk;Low Liquidity, stage1_not_actionable, stage1_needs_more_base",440
BANDHANBNK.NS,Bandhan Bank Limited,Banks - Regional,Financial Services,Financial Services,True,F&O,1,Failed Stage 2,Stage 1,Failed Stage 2,0.72,"This stock was recently Stage 2, but the latest structure no longer satisfies Stage 2 rules. It is kept as Failed Stage 2 until a fresh base/repair structure forms.",Failed Stage 2,8.14,Neutral,Volume Normal,Volume Normal (0.86x vs 10W Avg),-6.52,Underperformed Nifty by 6.52% in 3 Months,False,Not Rated,Loose Structure; Wide Risk; Low Liquidity,12.42,54.14,62.5,30.0,35.0,26.59,False,False,False,False,not_true_leader; setup_not_proper_or_not_tight; risk_not_low; not_confirmed_stage2,watchlist,weekly_watchlist,watchlist,10.14,"Stage 1, Stage 1, weekly_volume_dryup, flags=Loose Structure;Wide Risk;Low Liquidity, stage1_not_actionable, stage1_needs_more_base | Stage 2 failed state applied from stage memory.",441
BBOX.NS,Black Box Limited,Software - Application,Technology,Technology,False,Cash,1,Failed Stage 2,Stage 1,Failed Stage 2,0.72,"This stock was recently Stage 2, but the latest structure no longer satisfies Stage 2 rules. It is kept as Failed Stage 2 until a fresh base/repair structure forms.",Failed Stage 2,15.97,Neutral,Volume Expanding,Volume Expanding (1.73x vs 10W Avg),-11.9,Underperformed Nifty by 11.9% in 3 Months,False,Not Rated,Wide Base; Wide Weekly Base; Wide Risk; Low Liquidity,12.15,50.0,87.5,34.0,35.0,26.56,False,False,False,False,not_true_leader; setup_not_proper_or_not_tight; risk_not_low; not_confirmed_stage2,watchlist,weekly_watchlist,watchlist,20.97,"Stage 1, Stage 1, flags=Wide Base;Wide Weekly Base;Wide Risk;Low Liquidity, stage1_not_actionable, stage1_needs_more_base | Stage 2 failed state applied from stage memory.",442
PARAS.NS,Paras Defence and Space Technologies Limited,Aerospace & Defense,Industrials,Industrials,False,Cash,1,Stage 2,Stage 2,Advancing,0.8,Price is above constructive weekly and long-term trend structure with improving relative strength.,Stage 2 - Advancing,22.33,Strong,Volume Drying Up,Volume Drying Up (0.47x vs 10W Avg),3.38,Outperformed Nifty by 3.38% in 3 Months,True,Not Rated,Wide Risk; Low Liquidity,20.08,73.04,75.0,20.0,15.0,26.53,True,False,False,False,setup_not_proper_or_not_tight; risk_not_low,watchlist,weekly_watchlist,watchlist,32.33,"Stage 2, Advancing, trend_template_ok, volume_dryup, weekly_volume_dryup, flags=Wide Risk;Low Liquidity",443
JUBLFOOD.NS,Jubilant Foodworks Limited,Consumer Cyclical,Consumer Cyclical,Consumer Cyclical,True,F&O,1,Stage 3,Stage 3,Early,0.68,"Prior strength has shifted into a Stage 3 transition based on trend, relative strength, and volume evidence.",Stage 3 Early,14.48,Strong,Volume Drying Up,Volume Drying Up (0.52x vs 10W Avg),11.31,Outperformed Nifty by 11.31% in 3 Months,False,Not Rated,Wide Risk; Low Liquidity,14.69,61.69,12.5,47.1,35.0,26.51,False,False,False,False,not_true_leader; setup_not_proper_or_not_tight; risk_not_low; not_confirmed_stage2,watchlist,weekly_watchlist,watchlist,16.48,"Stage 3, Early, weekly_vcp_ok, volume_dryup, weekly_volume_dryup, weekly_strong, flags=Wide Risk;Low Liquidity, distribution_or_weakening_risk",444
DBL.NS,Dilip Buildcon Limited,Engineering & Construction,Industrials,Industrials,False,Cash,1,Stage 4,Stage 4,Stage 4,0.66,Price is below weekly structure.,Stage 4,11.81,Weak,Volume Drying Up,Volume Drying Up (0.15x vs 10W Avg),1.52,Outperformed Nifty by 1.52% in 3 Months,False,Not Rated,Wide Risk; Low Liquidity,14.83,36.42,12.5,72.2,35.0,26.47,False,False,False,False,not_true_leader; setup_not_proper_or_not_tight; risk_not_low; not_confirmed_stage2,watchlist,weekly_watchlist,watchlist,11.81,"Stage 4, Stage 4, weekly_vcp_ok, volume_dryup, weekly_volume_dryup, weekly_strong, flags=Wide Risk;Low Liquidity, downtrend",445
BPCL.NS,Bharat Petroleum Corporation Limited,Oil & Gas Refining & Marketing,Energy,Energy,True,F&O,1,Stage 3,Stage 3,Early,0.68,"Prior strength has shifted into a Stage 3 transition based on trend, relative strength, and volume evidence.",Stage 3 Early,2.47,Very Strong,Volume Drying Up,Volume Drying Up (0.69x vs 10W Avg),5.19,Outperformed Nifty by 5.19% in 3 Months,False,Not Rated,Wider Risk; Low Liquidity,9.46,85.26,12.5,8.0,58.0,26.46,True,False,False,False,setup_not_proper_or_not_tight; risk_not_low; not_confirmed_stage2,watchlist,weekly_watchlist,watchlist,7.47,"Stage 3, Early, weekly_volume_dryup, flags=Wider Risk;Low Liquidity, distribution_or_weakening_risk",446
DALMIASUG.NS,Dalmia Bharat Sugar and Industries Limited,Consumer Defensive,Consumer Defensive,Consumer Defensive,False,Cash,1,Stage 2,Stage 2,Advancing,0.8,Price is above constructive weekly and long-term trend structure with improving relative strength.,Stage 2 - Advancing,29.7,Strong,Volume Drying Up,Volume Drying Up (0.57x vs 10W Avg),15.84,Outperformed Nifty by 15.84% in 3 Months,True,Not Rated,Loose Structure; Wide Risk; Low Liquidity,27.51,74.41,75.0,43.0,15.0,26.38,True,False,False,False,setup_not_proper_or_not_tight; risk_not_low,watchlist,weekly_watchlist,watchlist,29.7,"Stage 2, Advancing, trend_template_ok, volume_dryup, weekly_volume_dryup, flags=Loose Structure;Wide Risk;Low Liquidity",447
ASTERDM.NS,Aster DM Healthcare Limited,Medical Care Facilities,Healthcare,Healthcare,False,Cash,1,Failed Stage 2,Stage 3,Failed Stage 2,0.72,"This stock was recently Stage 2, but the latest structure no longer satisfies Stage 2 rules. It is kept as Failed Stage 2 until a fresh base/repair structure forms.",Failed Stage 2,15.88,Weak,Volume Drying Up,Volume Drying Up (0.70x vs 10W Avg),-5.13,Underperformed Nifty by 5.13% in 3 Months,False,Not Rated,Wide Risk; Low Liquidity,13.55,18.9,37.5,64.2,35.0,26.34,False,False,False,False,not_true_leader; setup_not_proper_or_not_tight; risk_not_low; not_confirmed_stage2,watchlist,weekly_watchlist,watchlist,15.88,"Stage 3, Early, weekly_vcp_ok, volume_dryup, weekly_volume_dryup, weekly_strong, flags=Wide Risk;Low Liquidity, distribution_or_weakening_risk | Stage 2 failed state applied from stage memory.",448
PRUDENT.NS,Prudent Corporate Advisory Services Limited,Asset Management,Financial Services,Financial Services,False,Cash,1,Failed Stage 2,Stage 3,Failed Stage 2,0.72,"This stock was recently Stage 2, but the latest structure no longer satisfies Stage 2 rules. It is kept as Failed Stage 2 until a fresh base/repair structure forms.",Failed Stage 2,13.04,Strong,Volume Drying Up,Volume Normal (1.11x vs 10W Avg),10.52,Outperformed Nifty by 10.52% in 3 Months,False,Not Rated,Wide Risk; Low Liquidity,26.11,64.47,75.0,61.1,15.0,26.34,False,False,False,False,not_true_leader; setup_not_proper_or_not_tight; risk_not_low; not_confirmed_stage2,watchlist,weekly_watchlist,watchlist,13.04,"Stage 3, Late, weekly_vcp_ok, volume_dryup, weekly_strong, flags=Wide Risk;Low Liquidity, distribution_or_weakening_risk | Stage 2 failed state applied from stage memory.",449
IDEAFORGE.NS,Ideaforge Technology Limited,Technology,Technology,Technology,False,Cash,1,Stage 3,Stage 3,Early,0.68,"Prior strength has shifted into a Stage 3 transition based on trend, relative strength, and volume evidence.",Stage 3 Early,11.47,Weak,Volume Drying Up,Volume Drying Up (0.57x vs 10W Avg),-7.61,Underperformed Nifty by 7.61% in 3 Months,False,Not Rated,Wide Risk; Low Liquidity,27.89,38.15,75.0,53.9,15.0,26.29,False,False,False,False,not_true_leader; setup_not_proper_or_not_tight; risk_not_low; not_confirmed_stage2,watchlist,weekly_watchlist,watchlist,21.47,"Stage 3, Early, weekly_vcp_ok, volume_dryup, weekly_volume_dryup, flags=Wide Risk;Low Liquidity, distribution_or_weakening_risk",450
AEROFLEX.NS,Aeroflex Industries Limited,Metal Fabrication,Industrials,Industrials,False,Cash,1,Stage 2,Stage 2,Extended,0.78,"Weekly advancing structure remains intact, but price is stretched versus key moving averages.",Stage 2 - Extended,24.88,Very Strong,Volume Drying Up,Volume Drying Up (0.67x vs 10W Avg),23.83,Outperformed Nifty by 23.83% in 3 Months,True,Not Rated,Loose Structure; Extended; Wide Risk; Low Liquidity,18.11,80.0,100.0,12.0,15.0,26.28,True,False,False,False,setup_not_proper_or_not_tight; risk_not_low; extended_structure,watchlist,weekly_watchlist,watchlist,34.88,"Stage 2, Extended, trend_template_ok, volume_dryup, weekly_volume_dryup, flags=Loose Structure;Extended;Wide Risk;Low Liquidity",451
CHENNPETRO.NS,Chennai Petroleum Corporation Limited,Oil & Gas Refining & Marketing,Energy,Energy,False,Cash,1,Stage 2,Stage 2,Advancing,0.9,Price is above constructive weekly and long-term trend structure with improving relative strength.,Stage 2 - Advancing,22.49,Very Strong,Volume Drying Up,Volume Drying Up (0.85x vs 10W Avg),40.59,Outperformed Nifty by 40.59% in 3 Months,True,Not Rated,Loose Structure; Wide Risk; Low Liquidity,19.02,80.0,100.0,12.0,15.0,26.28,True,False,False,False,setup_not_proper_or_not_tight; risk_not_low,watchlist,weekly_watchlist,watchlist,27.49,"Stage 2, Advancing, trend_template_ok, volume_dryup, weekly_volume_dryup, flags=Loose Structure;Wide Risk;Low Liquidity",452
BAJFINANCE.NS,Bajaj Finance Limited,Credit Services,Financial Services,Financial Services,True,F&O,1,Failed Stage 2,Stage 1,Failed Stage 2,0.72,"This stock was recently Stage 2, but the latest structure no longer satisfies Stage 2 rules. It is kept as Failed Stage 2 until a fresh base/repair structure forms.",Failed Stage 2,16.89,Neutral,Volume Normal,Volume Normal (1.19x vs 10W Avg),0.03,Outperformed Nifty by 0.03% in 3 Months,False,Not Rated,Wide Risk; Low Liquidity,13.81,43.14,25.0,52.2,35.0,26.28,False,False,False,False,not_true_leader; setup_not_proper_or_not_tight; risk_not_low; not_confirmed_stage2,watchlist,weekly_watchlist,watchlist,18.89,"Stage 1, Stage 1, weekly_vcp_ok, weekly_strong, flags=Wide Risk;Low Liquidity, stage1_not_actionable, stage1_needs_more_base | Stage 2 failed state applied from stage memory.",453
INGERRAND.NS,Ingersoll Rand (India) Limited,Specialty Industrial Machinery,Industrials,Industrials,False,Cash,1,Failed Stage 2,Stage 1,Failed Stage 2,0.72,"This stock was recently Stage 2, but the latest structure no longer satisfies Stage 2 rules. It is kept as Failed Stage 2 until a fresh base/repair structure forms.",Failed Stage 2,14.98,Neutral,Volume Drying Up,Volume Drying Up (0.46x vs 10W Avg),0.26,Outperformed Nifty by 0.26% in 3 Months,False,Not Rated,Wide Risk; Low Liquidity,17.86,52.74,50.0,64.2,15.0,26.27,False,False,False,False,not_true_leader; setup_not_proper_or_not_tight; risk_not_low; not_confirmed_stage2,watchlist,weekly_watchlist,watchlist,24.98,"Stage 1, Stage 1, weekly_vcp_ok, volume_dryup, weekly_volume_dryup, weekly_strong, flags=Wide Risk;Low Liquidity, stage1_not_actionable, stage1_needs_more_base | Stage 2 failed state applied from stage memory.",454
LINDEINDIA.NS,Linde India Limited,Specialty Chemicals,Basic Materials,Basic Materials,False,Cash,1,Stage 4,Stage 4,Stage 4,0.66,Price is below weekly structure.,Stage 4,2.41,Weak,Volume Normal,Volume Normal (0.99x vs 10W Avg),-5.15,Underperformed Nifty by 5.15% in 3 Months,False,Not Rated,Low Liquidity,7.26,21.94,25.0,42.0,82.0,26.27,False,False,True,False,not_true_leader; setup_not_proper_or_not_tight; not_confirmed_stage2,watchlist,weekly_watchlist,watchlist,7.41,"Stage 4, Stage 4, flags=Low Liquidity, downtrend",455
SBILIFE.NS,SBI Life Insurance Company Limited,Insurance - Life,Financial Services,Financial Services,True,F&O,1,Stage 4,Stage 4,Stage 4,0.66,Price is below weekly structure.,Stage 4,12.19,Neutral,Volume Expanding,Volume Expanding (2.02x vs 10W Avg),1.69,Outperformed Nifty by 1.69% in 3 Months,False,Not Rated,Wider Risk; Low Liquidity,8.42,40.11,12.5,52.2,58.0,26.23,False,False,False,False,not_true_leader; setup_not_proper_or_not_tight; risk_not_low; not_confirmed_stage2,watchlist,weekly_watchlist,watchlist,12.19,"Stage 4, Stage 4, weekly_vcp_ok, weekly_strong, flags=Wider Risk;Low Liquidity, downtrend",456
KIMS.NS,Krishna Institute of Medical Sciences Limited,Medical Care Facilities,Healthcare,Healthcare,False,Cash,1,Failed Stage 2,Stage 3,Failed Stage 2,0.72,"This stock was recently Stage 2, but the latest structure no longer satisfies Stage 2 rules. It is kept as Failed Stage 2 until a fresh base/repair structure forms.",Failed Stage 2,18.63,Neutral,Volume Expanding,Volume Normal (1.33x vs 10W Avg),-2.65,Underperformed Nifty by 2.65% in 3 Months,False,Not Rated,Wide Risk; Low Liquidity,15.93,57.62,37.5,70.2,15.0,25.88,False,False,False,False,not_true_leader; setup_not_proper_or_not_tight; risk_not_low; not_confirmed_stage2,watchlist,weekly_watchlist,watchlist,18.63,"Stage 3, Early, weekly_vcp_ok, weekly_strong, flags=Wide Risk;Low Liquidity, distribution_or_weakening_risk | Stage 2 failed state applied from stage memory.",457
DEVYANI.NS,Devyani International Limited,Consumer Cyclical,Consumer Cyclical,Consumer Cyclical,False,Cash,1,Stage 2,Stage 2,Advancing,0.8,Price is above constructive weekly and long-term trend structure with improving relative strength.,Stage 2 - Advancing,31.82,Very Strong,Volume Drying Up,Volume Drying Up (0.38x vs 10W Avg),20.96,Outperformed Nifty by 20.96% in 3 Months,True,Not Rated,Loose Structure; Wide Risk; Low Liquidity,18.99,80.0,75.0,35.2,15.0,25.85,True,False,False,False,setup_not_proper_or_not_tight; risk_not_low,watchlist,weekly_forming,watchlist,33.82,"Stage 2, Advancing, trend_template_ok, weekly_vcp_ok, volume_dryup, weekly_volume_dryup, weekly_strong, flags=Loose Structure;Wide Risk;Low Liquidity",458
ORCHPHARMA.NS,Orchid Pharma Limited,Drug Manufacturers - Specialty & Generic,Healthcare,Healthcare,False,Cash,1,Stage 2,Stage 2,Advancing,0.8,Price is above constructive weekly and long-term trend structure with improving relative strength.,Stage 2 - Advancing,24.25,Very Strong,Volume Normal,Volume Normal (0.98x vs 10W Avg),13.6,Outperformed Nifty by 13.6% in 3 Months,True,Not Rated,Wide Risk; Low Liquidity,15.03,80.0,75.0,10.0,15.0,25.8,True,False,False,False,setup_not_proper_or_not_tight; risk_not_low,watchlist,weekly_watchlist,watchlist,34.25,"Stage 2, Advancing, trend_template_ok, flags=Wide Risk;Low Liquidity",459
PAISALO.NS,Paisalo Digital Limited,Credit Services,Financial Services,Financial Services,False,Cash,1,Stage 2,Stage 2,Extended,0.78,"Weekly advancing structure remains intact, but price is stretched versus key moving averages.",Stage 2 - Extended,30.5,Very Strong,Volume Normal,Volume Normal (1.08x vs 10W Avg),12.99,Outperformed Nifty by 12.99% in 3 Months,True,Not Rated,Loose Structure; Extended; Wide Risk; Low Liquidity,22.75,80.0,100.0,10.0,15.0,25.8,True,False,False,False,setup_not_proper_or_not_tight; risk_not_low; extended_structure,watchlist,weekly_watchlist,watchlist,32.5,"Stage 2, Extended, trend_template_ok, flags=Loose Structure;Extended;Wide Risk;Low Liquidity",460
JSWHL.NS,JSW Holdings Limited,Conglomerates,Industrials,Industrials,False,Cash,1,Stage 4,Stage 4,Stage 4,0.86,Price is below the 30-week trend and below long-term support structure.,Stage 4,23.12,Weak,Volume Expanding,Volume Expanding (2.43x vs 10W Avg),-1.26,Underperformed Nifty by 1.26% in 3 Months,False,Not Rated,Wide Weekly Base; Wider Risk,11.12,29.15,0.0,57.2,58.0,25.8,False,False,False,False,not_true_leader; setup_not_proper_or_not_tight; risk_not_low; not_confirmed_stage2,watchlist,weekly_watchlist,watchlist,23.12,"Stage 4, Stage 4, weekly_vcp_ok, weekly_strong, flags=Wide Weekly Base;Wider Risk, downtrend",461
KIRLOSBROS.NS,Kirloskar Brothers Limited,Specialty Industrial Machinery,Industrials,Industrials,False,Cash,1,Stage 2,Stage 2,Advancing,0.8,Price is above constructive weekly and long-term trend structure with improving relative strength.,Stage 2 - Advancing,22.16,Strong,Volume Expanding,Volume Expanding (3.13x vs 10W Avg),1.82,Outperformed Nifty by 1.82% in 3 Months,True,Not Rated,Wide Risk; Low Liquidity,22.27,71.63,75.0,18.0,15.0,25.71,True,False,False,False,setup_not_proper_or_not_tight; risk_not_low,watchlist,weekly_watchlist,watchlist,32.16,"Stage 2, Advancing, trend_template_ok, flags=Wide Risk;Low Liquidity",462
TIMKEN.NS,Timken India Limited,Tools & Accessories,Industrials,Industrials,False,Cash,1,Not Sure,Stage 1,Pending Stage 1,0.55,Blocked public stage jump Stage 4 -> Stage 1; waiting for intermediate/confirmed structure.,Not Sure - Unclear,10.17,Weak,Volume Expanding,Volume Normal (1.06x vs 10W Avg),0.58,Outperformed Nifty by 0.58% in 3 Months,False,Not Rated,Wider Risk; Low Liquidity,8.94,31.63,25.0,46.0,58.0,25.71,False,False,False,False,not_true_leader; setup_not_proper_or_not_tight; risk_not_low; not_confirmed_stage2,watchlist,weekly_watchlist,watchlist,12.17,"Stage 1, Stage 1, flags=Wider Risk;Low Liquidity, stage1_not_actionable, stage1_needs_more_base | Blocked public stage jump Stage 4 -> Stage 1; waiting for intermediate/confirmed structure.",463
EIHOTEL.NS,EIH Limited,Lodging,Consumer Cyclical,Consumer Cyclical,False,Cash,1,Stage 4,Stage 4,Stage 4,0.66,Price is below weekly structure.,Stage 4,12.01,Neutral,Volume Expanding,Volume Expanding (2.93x vs 10W Avg),-2.75,Underperformed Nifty by 2.75% in 3 Months,False,Not Rated,Wider Risk; Low Liquidity,8.41,47.79,12.5,42.2,58.0,25.68,False,False,False,False,not_true_leader; setup_not_proper_or_not_tight; risk_not_low; not_confirmed_stage2,watchlist,weekly_watchlist,watchlist,14.01,"Stage 4, Stage 4, weekly_vcp_ok, weekly_strong, flags=Wider Risk;Low Liquidity, downtrend",464
THYROCARE.NS,Thyrocare Technologies Limited,Diagnostics & Research,Healthcare,Healthcare,False,Cash,1,Stage 2,Stage 2,Advancing,0.8,Price is above constructive weekly and long-term trend structure with improving relative strength.,Stage 2 - Advancing,20.88,Neutral,Volume Drying Up,Volume Drying Up (0.25x vs 10W Avg),4.77,Outperformed Nifty by 4.77% in 3 Months,True,Not Rated,Wide Risk; Low Liquidity,19.67,59.3,75.0,30.0,15.0,25.63,False,False,False,False,not_true_leader; setup_not_proper_or_not_tight; risk_not_low,watchlist,weekly_watchlist,watchlist,30.88,"Stage 2, Advancing, trend_template_ok, volume_dryup, weekly_volume_dryup, flags=Wide Risk;Low Liquidity",465
SRF.NS,SRF Limited,Conglomerates,Industrials,Industrials,True,F&O,1,Stage 4,Stage 4,Stage 4,0.66,Price is below weekly structure.,Stage 4,4.02,Weak,Volume Drying Up,Volume Drying Up (0.55x vs 10W Avg),-5.69,Underperformed Nifty by 5.69% in 3 Months,False,Not Rated,Wider Risk; Low Liquidity,9.2,31.35,12.5,58.0,58.0,25.52,False,False,False,False,not_true_leader; setup_not_proper_or_not_tight; risk_not_low; not_confirmed_stage2,watchlist,weekly_watchlist,watchlist,4.02,"Stage 4, Stage 4, volume_dryup, weekly_volume_dryup, flags=Wider Risk;Low Liquidity, downtrend",466
VESUVIUS.NS,Vesuvius India Limited,Specialty Industrial Machinery,Industrials,Industrials,False,Cash,1,Stage 4,Stage 4,Stage 4,0.66,Price is below weekly structure.,Stage 4,14.21,Weak,Volume Expanding,Volume Expanding (32.94x vs 10W Avg),-3.16,Underperformed Nifty by 3.16% in 3 Months,False,Not Rated,Wider Risk; Low Liquidity,11.4,27.07,12.5,62.2,58.0,25.5,False,False,False,False,not_true_leader; setup_not_proper_or_not_tight; risk_not_low; not_confirmed_stage2,watchlist,weekly_watchlist,watchlist,24.21,"Stage 4, Stage 4, weekly_vcp_ok, weekly_strong, flags=Wider Risk;Low Liquidity, downtrend",467
VENUSPIPES.NS,Venus Pipes & Tubes Limited,Steel,Basic Materials,Basic Materials,False,Cash,1,Stage 2,Stage 2,Extended,0.78,"Weekly advancing structure remains intact, but price is stretched versus key moving averages.",Stage 2 - Extended,29.48,Very Strong,Volume Drying Up,Volume Drying Up (0.78x vs 10W Avg),25.36,Outperformed Nifty by 25.36% in 3 Months,True,Not Rated,Loose Structure; Extended; Wide Risk; Low Liquidity,20.92,80.0,100.0,8.0,15.0,25.32,True,False,False,False,setup_not_proper_or_not_tight; risk_not_low; extended_structure,watchlist,weekly_watchlist,watchlist,39.48,"Stage 2, Extended, trend_template_ok, weekly_volume_dryup, flags=Loose Structure;Extended;Wide Risk;Low Liquidity",468
BALMLAWRIE.NS,Balmer Lawrie & Company Limited,Conglomerates,Industrials,Industrials,False,Cash,1,Stage 4,Stage 4,Stage 4,0.66,Price is below weekly structure.,Stage 4,11.86,Weak,Volume Drying Up,Volume Drying Up (0.63x vs 10W Avg),-2.41,Underperformed Nifty by 2.41% in 3 Months,False,Not Rated,Wider Risk; Low Liquidity,10.23,33.82,12.5,54.2,58.0,25.2,False,False,False,False,not_true_leader; setup_not_proper_or_not_tight; risk_not_low; not_confirmed_stage2,watchlist,weekly_watchlist,watchlist,11.86,"Stage 4, Stage 4, weekly_vcp_ok, volume_dryup, weekly_volume_dryup, weekly_strong, flags=Wider Risk;Low Liquidity, downtrend",469
DOMS.NS,DOMS Industries Limited,Industrials,Industrials,Industrials,False,Cash,1,Stage 4,Stage 4,Stage 4,0.66,Price is below weekly structure.,Stage 4,22.78,Weak,Volume Drying Up,Volume Drying Up (0.78x vs 10W Avg),-1.86,Underperformed Nifty by 1.86% in 3 Months,False,Not Rated,Wide Risk,15.8,25.12,12.5,83.1,15.0,25.17,False,False,False,False,not_true_leader; setup_not_proper_or_not_tight; risk_not_low; not_confirmed_stage2,watchlist,weekly_watchlist,watchlist,22.78,"Stage 4, Stage 4, weekly_vcp_ok, volume_dryup, weekly_volume_dryup, weekly_strong, flags=Wide Risk, downtrend",470
INDOTECH.NS,Indo Tech Transformers Limited,Electrical Equipment & Parts,Industrials,Industrials,False,Cash,1,Stage 2,Stage 2,Advancing,0.8,Price is above constructive weekly and long-term trend structure with improving relative strength.,Stage 2 - Advancing,24.63,Strong,Volume Drying Up,Volume Drying Up (0.77x vs 10W Avg),9.24,Outperformed Nifty by 9.24% in 3 Months,True,Not Rated,Wide Risk; Low Liquidity,20.66,63.31,75.0,23.8,15.0,25.11,False,False,False,False,not_true_leader; setup_not_proper_or_not_tight; risk_not_low,watchlist,weekly_watchlist,watchlist,34.63,"Stage 2, Advancing, trend_template_ok, volume_dryup, weekly_volume_dryup, flags=Wide Risk;Low Liquidity",471
63MOONS.NS,63 moons technologies limited,Software - Application,Technology,Technology,False,Cash,1,Stage 2,Stage 2,Advancing,0.8,Price is above constructive weekly and long-term trend structure with improving relative strength.,Stage 2 - Advancing,30.42,Very Strong,Volume Drying Up,Volume Drying Up (0.27x vs 10W Avg),22.83,Outperformed Nifty by 22.83% in 3 Months,True,Not Rated,Loose Structure; Wide Risk; Low Liquidity,16.2,80.0,75.0,32.0,15.0,25.08,True,False,False,False,setup_not_proper_or_not_tight; risk_not_low,forming_vcp,weekly_watchlist,watchlist,35.42,"Stage 2, Advancing, trend_template_ok, daily_vcp_ok, volume_dryup, weekly_volume_dryup, flags=Loose Structure;Wide Risk;Low Liquidity",472
CIEINDIA.NS,CIE Automotive India Limited,Auto Parts,Consumer Cyclical,Consumer Cyclical,False,Cash,1,Stage 4,Stage 4,Stage 4,0.66,Price is below weekly structure.,Stage 4,2.06,Weak,Volume Drying Up,Volume Drying Up (0.45x vs 10W Avg),-10.89,Underperformed Nifty by 10.89% in 3 Months,False,Not Rated,Low Liquidity,3.38,15.19,12.5,44.0,100.0,25.01,False,False,True,False,not_true_leader; setup_not_proper_or_not_tight; not_confirmed_stage2,watchlist,weekly_watchlist,watchlist,7.06,"Stage 4, Stage 4, volume_dryup, weekly_volume_dryup, flags=Low Liquidity, downtrend",473
SUNCLAY.NS,Sundaram Clayton Limited,Metal Fabrication,Industrials,Industrials,False,Cash,1,Stage 4,Stage 4,Stage 4,0.66,Price is below weekly structure.,Stage 4,12.46,Weak,Volume Drying Up,Volume Normal (0.90x vs 10W Avg),-1.85,Underperformed Nifty by 1.85% in 3 Months,False,Not Rated,Wider Risk; Low Liquidity,11.39,31.09,12.5,56.0,58.0,24.98,False,False,False,False,not_true_leader; setup_not_proper_or_not_tight; risk_not_low; not_confirmed_stage2,watchlist,weekly_watchlist,watchlist,22.46,"Stage 4, Stage 4, weekly_vcp_ok, volume_dryup, weekly_strong, flags=Wider Risk;Low Liquidity, downtrend",474
BANKINDIA.NS,Bank of India,Banks - Regional,Financial Services,Financial Services,True,F&O,1,Stage 4,Stage 4,Stage 4,0.66,Price is below weekly structure.,Stage 4,14.3,Weak,Volume Normal,Volume Normal (0.95x vs 10W Avg),-0.04,Underperformed Nifty by 0.04% in 3 Months,False,Not Rated,Wide Risk; Low Liquidity,13.92,17.5,25.0,72.1,35.0,24.9,False,False,False,False,not_true_leader; setup_not_proper_or_not_tight; risk_not_low; not_confirmed_stage2,watchlist,weekly_watchlist,watchlist,16.3,"Stage 4, Stage 4, weekly_vcp_ok, weekly_strong, flags=Wide Risk;Low Liquidity, downtrend",475
CENTRALBK.NS,Central Bank of India,Banks - Regional,Financial Services,Financial Services,False,Cash,1,Stage 4,Stage 4,Stage 4,0.66,Price is below weekly structure.,Stage 4,14.14,Weak,Volume Drying Up,Volume Drying Up (0.67x vs 10W Avg),0.18,Outperformed Nifty by 0.18% in 3 Months,False,Not Rated,Wide Risk; Low Liquidity,12.88,28.33,12.5,73.1,35.0,24.74,False,False,False,False,not_true_leader; setup_not_proper_or_not_tight; risk_not_low; not_confirmed_stage2,watchlist,weekly_watchlist,watchlist,16.14,"Stage 4, Stage 4, weekly_vcp_ok, weekly_volume_dryup, weekly_strong, flags=Wide Risk;Low Liquidity, downtrend",476
DATAPATTNS.NS,Data Patterns (India) Limited,Aerospace & Defense,Industrials,Industrials,False,Cash,1,Stage 2,Stage 2,Advancing,0.8,Price is above constructive weekly and long-term trend structure with improving relative strength.,Stage 2 - Advancing,21.76,Neutral,Volume Drying Up,Volume Drying Up (0.34x vs 10W Avg),-0.12,Underperformed Nifty by 0.12% in 3 Months,True,Not Rated,Wide Risk; Low Liquidity,17.34,54.89,75.0,30.0,15.0,24.57,False,False,False,False,not_true_leader; setup_not_proper_or_not_tight; risk_not_low,watchlist,weekly_watchlist,watchlist,31.76,"Stage 2, Advancing, trend_template_ok, volume_dryup, weekly_volume_dryup, flags=Wide Risk;Low Liquidity",477
ALKEM.NS,Alkem Laboratories Limited,Drug Manufacturers - Specialty & Generic,Healthcare,Healthcare,True,F&O,1,Stage 1,Stage 1,Stage 1,0.64,Price is building a base around long-term weekly structure without a confirmed advancing phase.,Stage 1,14.09,Neutral,Volume Normal,Volume Normal (1.07x vs 10W Avg),-0.8,Underperformed Nifty by 0.8% in 3 Months,False,Not Rated,Wide Risk; Low Liquidity,14.13,48.37,12.5,52.2,35.0,24.54,False,False,False,False,not_true_leader; setup_not_proper_or_not_tight; risk_not_low; not_confirmed_stage2,watchlist,weekly_watchlist,watchlist,24.09,"Stage 1, Stage 1, weekly_vcp_ok, weekly_strong, flags=Wide Risk;Low Liquidity, stage1_not_actionable, stage1_needs_more_base",478
EQUITASBNK.NS,Equitas Small Finance Bank Limited,Banks - Regional,Financial Services,Financial Services,False,Cash,1,Failed Stage 2,Stage 3,Failed Stage 2,0.72,"This stock was recently Stage 2, but the latest structure no longer satisfies Stage 2 rules. It is kept as Failed Stage 2 until a fresh base/repair structure forms.",Failed Stage 2,13.4,Neutral,Volume Normal,Volume Normal (1.21x vs 10W Avg),-4.3,Underperformed Nifty by 4.3% in 3 Months,False,Not Rated,Wide Risk; Low Liquidity,13.8,41.13,37.5,34.2,35.0,24.48,False,False,False,False,not_true_leader; setup_not_proper_or_not_tight; risk_not_low; not_confirmed_stage2,watchlist,weekly_watchlist,watchlist,15.4,"Stage 3, Early, weekly_vcp_ok, weekly_strong, flags=Wide Risk;Low Liquidity, distribution_or_weakening_risk | Stage 2 failed state applied from stage memory.",479
TCI.NS,Transport Corporation of India Limited,Industrials,Industrials,Industrials,False,Cash,1,Stage 4,Stage 4,Stage 4,0.86,Price is below the 30-week trend and below long-term support structure.,Stage 4,11.94,Weak,Volume Expanding,Volume Expanding (8.88x vs 10W Avg),0.48,Outperformed Nifty by 0.48% in 3 Months,False,Not Rated,Wider Risk; Low Liquidity,10.51,37.38,0.0,59.77,58.0,24.4,False,False,False,False,not_true_leader; setup_not_proper_or_not_tight; risk_not_low; not_confirmed_stage2,watchlist,weekly_watchlist,watchlist,11.94,"Stage 4, Stage 4, weekly_vcp_ok, weekly_strong, flags=Wider Risk;Low Liquidity, downtrend",480
WHEELS.NS,Wheels India Limited,Auto Parts,Consumer Cyclical,Consumer Cyclical,False,Cash,1,Stage 2,Stage 2,Extended,0.78,"Weekly advancing structure remains intact, but price is stretched versus key moving averages.",Stage 2 - Extended,24.61,Very Strong,Volume Drying Up,Volume Drying Up (0.70x vs 10W Avg),57.27,Outperformed Nifty by 57.27% in 3 Months,True,Not Rated,Loose Structure; Extended; Wide Risk; Low Liquidity,18.8,80.0,100.0,4.0,15.0,24.36,True,False,False,False,setup_not_proper_or_not_tight; risk_not_low; extended_structure,watchlist,weekly_watchlist,watchlist,29.61,"Stage 2, Extended, trend_template_ok, volume_dryup, weekly_volume_dryup, flags=Loose Structure;Extended;Wide Risk;Low Liquidity",481
TATACOMM.NS,Tata Communications Limited,Telecom Services,Communication Services,Communication Services,False,Cash,1,Failed Stage 2,Stage 3,Failed Stage 2,0.72,"This stock was recently Stage 2, but the latest structure no longer satisfies Stage 2 rules. It is kept as Failed Stage 2 until a fresh base/repair structure forms.",Failed Stage 2,3.34,Neutral,Volume Drying Up,Volume Drying Up (0.53x vs 10W Avg),-5.66,Underperformed Nifty by 5.66% in 3 Months,False,Not Rated,Wider Risk; Low Liquidity,11.0,54.9,12.5,28.0,58.0,23.98,False,False,False,False,not_true_leader; setup_not_proper_or_not_tight; risk_not_low; not_confirmed_stage2,watchlist,weekly_watchlist,watchlist,3.34,"Stage 3, Early, weekly_volume_dryup, flags=Wider Risk;Low Liquidity, distribution_or_weakening_risk | Stage 2 failed state applied from stage memory.",482
CYIENT.NS,Cyient Limited,Conglomerates,Industrials,Industrials,False,Cash,1,Stage 1,Stage 1,Stage 1,0.68,Price is building a base around long-term weekly structure without a confirmed advancing phase.,Stage 1,17.5,Very Strong,Volume Drying Up,Volume Drying Up (0.73x vs 10W Avg),33.32,Outperformed Nifty by 33.32% in 3 Months,False,Not Rated,Wide Weekly Base; Loose Structure; Wide Risk; Low Liquidity,15.63,100.0,75.0,32.2,15.0,23.93,True,False,False,False,setup_not_proper_or_not_tight; risk_not_low; not_confirmed_stage2,watchlist,weekly_watchlist,watchlist,17.5,"Stage 1, Stage 1, weekly_vcp_ok, volume_dryup, weekly_volume_dryup, weekly_strong, flags=Wide Weekly Base;Loose Structure;Wide Risk;Low Liquidity, stage1_not_actionable, stage1_needs_more_base",483
PRAKASH.NS,Prakash Industries Limited,Steel,Basic Materials,Basic Materials,False,Cash,1,Not Sure,Stage 1,Pending Stage 1,0.55,Blocked public stage jump Stage 4 -> Stage 1; waiting for intermediate/confirmed structure.,Not Sure - Unclear,2.82,Weak,Volume Expanding,Volume Expanding (1.71x vs 10W Avg),1.22,Outperformed Nifty by 1.22% in 3 Months,False,Not Rated,Low Liquidity,6.58,34.68,12.5,32.0,82.0,23.92,False,False,True,False,not_true_leader; setup_not_proper_or_not_tight; not_confirmed_stage2,watchlist,weekly_watchlist,watchlist,12.82,"Stage 1, Stage 1, flags=Low Liquidity, stage1_not_actionable, stage1_needs_more_base | Blocked public stage jump Stage 4 -> Stage 1; waiting for intermediate/confirmed structure.",484
SBCL.NS,Shivalik Bimetal Controls Limited,Metal Fabrication,Industrials,Industrials,False,Cash,1,Stage 2,Stage 2,Extended,0.78,"Weekly advancing structure remains intact, but price is stretched versus key moving averages.",Stage 2 - Extended,23.84,Very Strong,Volume Drying Up,Volume Drying Up (0.27x vs 10W Avg),52.02,Outperformed Nifty by 52.02% in 3 Months,True,Not Rated,Loose Structure; Extended; Wide Risk; Low Liquidity,20.35,80.0,100.0,2.0,15.0,23.88,True,False,False,False,setup_not_proper_or_not_tight; risk_not_low; extended_structure,watchlist,weekly_watchlist,watchlist,33.84,"Stage 2, Extended, trend_template_ok, volume_dryup, weekly_volume_dryup, flags=Loose Structure;Extended;Wide Risk;Low Liquidity",485
DEEPINDS.NS,Deep Industries Limited,Energy,Energy,Energy,False,Cash,1,Stage 2,Stage 2,Extended,0.78,"Weekly advancing structure remains intact, but price is stretched versus key moving averages.",Stage 2 - Extended,22.6,Very Strong,Volume Drying Up,Volume Drying Up (0.38x vs 10W Avg),73.06,Outperformed Nifty by 73.06% in 3 Months,True,Not Rated,Loose Structure; Extended; Wide Risk; Low Liquidity,16.75,80.0,100.0,2.0,15.0,23.88,True,False,False,False,setup_not_proper_or_not_tight; risk_not_low; extended_structure,watchlist,weekly_watchlist,watchlist,27.6,"Stage 2, Extended, trend_template_ok, volume_dryup, weekly_volume_dryup, flags=Loose Structure;Extended;Wide Risk;Low Liquidity",486
SKFINDIA.NS,SKF India Limited,Tools & Accessories,Industrials,Industrials,False,Cash,1,Stage 4,Stage 4,Stage 4,0.86,Price is below the 30-week trend and below long-term support structure.,Stage 4,8.87,Neutral,Volume Drying Up,Volume Drying Up (0.73x vs 10W Avg),0.81,Outperformed Nifty by 0.81% in 3 Months,False,Not Rated,Wide Risk; Low Liquidity,13.27,50.45,0.0,59.9,35.0,23.88,False,False,False,False,not_true_leader; setup_not_proper_or_not_tight; risk_not_low; not_confirmed_stage2,watchlist,weekly_watchlist,watchlist,10.87,"Stage 4, Stage 4, weekly_vcp_ok, weekly_volume_dryup, flags=Wide Risk;Low Liquidity, downtrend",487
RATEGAIN.NS,Rategain Travel Technologies Limited,Software - Application,Technology,Technology,False,Cash,1,Failed Stage 2,Stage 2,Failed Stage 2,0.7,Failed Stage 2 cooling period is still active; waiting for a fresh base or confirmed reclaim.,Failed Stage 2,25.05,Neutral,Volume Drying Up,Volume Drying Up (0.49x vs 10W Avg),-3.0,Underperformed Nifty by 3.0% in 3 Months,True,Not Rated,Wide Weekly Base; Wide Risk; Low Liquidity,14.73,42.3,75.0,18.0,35.0,23.87,False,False,False,False,not_true_leader; setup_not_proper_or_not_tight; risk_not_low,watchlist,weekly_watchlist,watchlist,30.05,"Stage 2, Advancing, trend_template_ok, volume_dryup, weekly_volume_dryup, flags=Wide Weekly Base;Wide Risk;Low Liquidity | Failed Stage 2 hold period active.",488
UNITDSPR.NS,United Spirits Limited,Consumer Defensive,Consumer Defensive,Consumer Defensive,True,F&O,1,Stage 1,Stage 1,Stage 1,0.64,Price is building a base around long-term weekly structure without a confirmed advancing phase.,Stage 1,10.03,Neutral,Volume Expanding,Volume Expanding (3.14x vs 10W Avg),2.39,Outperformed Nifty by 2.39% in 3 Months,False,Not Rated,Wide Risk; Low Liquidity,14.44,53.39,25.0,31.9,35.0,23.87,False,False,False,False,not_true_leader; setup_not_proper_or_not_tight; risk_not_low; not_confirmed_stage2,watchlist,weekly_watchlist,watchlist,10.03,"Stage 1, Stage 1, weekly_vcp_ok, flags=Wide Risk;Low Liquidity, stage1_not_actionable, stage1_needs_more_base",489
3MINDIA.NS,3M India Limited,Conglomerates,Industrials,Industrials,False,Cash,1,Stage 3,Stage 3,Early,0.68,"Prior strength has shifted into a Stage 3 transition based on trend, relative strength, and volume evidence.",Stage 3 Early,7.96,Neutral,Volume Expanding,Volume Expanding (2.02x vs 10W Avg),-0.61,Underperformed Nifty by 0.61% in 3 Months,False,Not Rated,Wider Risk,10.24,40.35,12.5,0.0,58.0,23.76,False,False,False,False,not_true_leader; setup_not_proper_or_not_tight; risk_not_low; not_confirmed_stage2,watchlist,weekly_watchlist,watchlist,7.96,"Stage 3, Early, flags=Wider Risk, distribution_or_weakening_risk",490
VSTTILLERS.NS,V.S.T Tillers Tractors Limited,Farm & Heavy Construction Machinery,Industrials,Industrials,False,Cash,1,Stage 4,Stage 4,Stage 4,0.86,Price is below the 30-week trend and below long-term support structure.,Stage 4,13.84,Weak,Volume Normal,Volume Normal (1.32x vs 10W Avg),4.43,Outperformed Nifty by 4.43% in 3 Months,False,Not Rated,Wider Risk; Low Liquidity,9.55,39.77,12.5,42.2,58.0,23.75,False,False,False,False,not_true_leader; setup_not_proper_or_not_tight; risk_not_low; not_confirmed_stage2,watchlist,weekly_watchlist,watchlist,15.84,"Stage 4, Stage 4, weekly_vcp_ok, weekly_strong, flags=Wider Risk;Low Liquidity, downtrend",491
ATUL.NS,Atul Limited,Specialty Chemicals,Basic Materials,Basic Materials,False,Cash,1,Stage 1,Stage 1,Stage 1,0.64,Price is building a base around long-term weekly structure without a confirmed advancing phase.,Stage 1,13.82,Weak,Volume Drying Up,Volume Drying Up (0.60x vs 10W Avg),-1.18,Underperformed Nifty by 1.18% in 3 Months,False,Not Rated,Wider Risk; Low Liquidity,11.46,15.03,25.0,54.2,58.0,23.7,False,False,False,False,not_true_leader; setup_not_proper_or_not_tight; risk_not_low; not_confirmed_stage2,watchlist,weekly_watchlist,watchlist,18.82,"Stage 1, Stage 1, weekly_vcp_ok, volume_dryup, weekly_volume_dryup, weekly_strong, flags=Wider Risk;Low Liquidity, stage1_not_actionable, stage1_needs_more_base",492
ETHOSLTD.NS,Ethos Limited,Luxury Goods,Consumer Cyclical,Consumer Cyclical,False,Cash,1,Failed Stage 2,Stage 1,Failed Stage 2,0.72,"This stock was recently Stage 2, but the latest structure no longer satisfies Stage 2 rules. It is kept as Failed Stage 2 until a fresh base/repair structure forms.",Failed Stage 2,21.0,Strong,Volume Drying Up,Volume Drying Up (0.69x vs 10W Avg),8.5,Outperformed Nifty by 8.5% in 3 Months,False,Not Rated,Wide Weekly Base; Wide Risk,17.92,61.55,37.5,40.2,15.0,23.62,False,False,False,False,not_true_leader; setup_not_proper_or_not_tight; risk_not_low; not_confirmed_stage2,watchlist,weekly_watchlist,watchlist,31.0,"Stage 1, Stage 1, weekly_vcp_ok, volume_dryup, weekly_volume_dryup, weekly_strong, flags=Wide Weekly Base;Wide Risk, stage1_not_actionable, stage1_needs_more_base | Stage 2 failed state applied from stage memory.",493
AVALON.NS,Avalon Technologies Limited,Electronic Components,Technology,Technology,False,Cash,1,Stage 2,Stage 2,Extended,0.78,"Weekly advancing structure remains intact, but price is stretched versus key moving averages.",Stage 2 - Extended,23.65,Very Strong,Volume Expanding,Volume Normal (1.14x vs 10W Avg),39.01,Outperformed Nifty by 39.01% in 3 Months,True,Not Rated,Loose Structure; Extended; Wide Risk; Low Liquidity,21.66,80.0,100.0,0.0,15.0,23.4,True,False,False,False,setup_not_proper_or_not_tight; risk_not_low; extended_structure,watchlist,weekly_watchlist,watchlist,33.65,"Stage 2, Extended, trend_template_ok, flags=Loose Structure;Extended;Wide Risk;Low Liquidity",494
INNOVACAP.NS,Innova Captab Limited,Drug Manufacturers - Specialty & Generic,Healthcare,Healthcare,False,Cash,1,Stage 2,Stage 2,Advancing,0.9,Price is above constructive weekly and long-term trend structure with improving relative strength.,Stage 2 - Advancing,22.69,Very Strong,Volume Expanding,Volume Expanding (2.17x vs 10W Avg),28.39,Outperformed Nifty by 28.39% in 3 Months,True,Not Rated,Loose Structure; Wide Risk; Low Liquidity,20.33,80.0,100.0,0.0,15.0,23.4,True,False,False,False,setup_not_proper_or_not_tight; risk_not_low,watchlist,weekly_watchlist,watchlist,32.69,"Stage 2, Advancing, trend_template_ok, flags=Loose Structure;Wide Risk;Low Liquidity",495
PIDILITIND.NS,Pidilite Industries Limited,Specialty Chemicals,Basic Materials,Basic Materials,True,F&O,1,Failed Stage 2,Stage 4,Failed Stage 2,0.72,"This stock was recently Stage 2, but the latest structure no longer satisfies Stage 2 rules. It is kept as Failed Stage 2 until a fresh base/repair structure forms.",Failed Stage 2,5.18,Neutral,Volume Drying Up,Volume Normal (0.96x vs 10W Avg),-1.94,Underperformed Nifty by 1.94% in 3 Months,False,Not Rated,Wide Risk; Low Liquidity,14.44,42.11,25.0,41.0,35.0,23.35,False,False,False,False,not_true_leader; setup_not_proper_or_not_tight; risk_not_low; not_confirmed_stage2,watchlist,weekly_watchlist,watchlist,10.18,"Stage 4, Stage 4, volume_dryup, flags=Wide Risk;Low Liquidity, downtrend | Stage 2 failed state applied from stage memory.",496
LICI.NS,Life Insurance Corporation Of India,Insurance - Life,Financial Services,Financial Services,True,F&O,1,Not Sure,Stage 1,Pending Stage 1,0.55,Blocked public stage jump Stage 3 -> Stage 1; waiting for intermediate/confirmed structure.,Not Sure - Unclear,4.81,Neutral,Volume Drying Up,Volume Drying Up (0.83x vs 10W Avg),-1.1,Underperformed Nifty by 1.1% in 3 Months,False,Not Rated,Wide Risk; Low Liquidity,13.8,54.29,12.5,41.0,35.0,23.27,False,False,False,False,not_true_leader; setup_not_proper_or_not_tight; risk_not_low; not_confirmed_stage2,watchlist,weekly_watchlist,watchlist,4.81,"Stage 1, Stage 1, volume_dryup, weekly_volume_dryup, flags=Wide Risk;Low Liquidity, stage1_not_actionable, stage1_needs_more_base | Blocked public stage jump Stage 3 -> Stage 1; waiting for intermediate/confirmed structure.",497
SANOFI.NS,Sanofi India Limited,Drug Manufacturers - General,Healthcare,Healthcare,False,Cash,1,Stage 4,Stage 4,Stage 4,0.86,Price is below the 30-week trend and below long-term support structure.,Stage 4,11.24,Weak,Volume Normal,Volume Normal (1.50x vs 10W Avg),-4.48,Underperformed Nifty by 4.48% in 3 Months,False,Not Rated,Low Liquidity,5.48,24.2,0.0,52.2,82.0,23.26,False,False,True,False,not_true_leader; setup_not_proper_or_not_tight; not_confirmed_stage2,watchlist,weekly_watchlist,watchlist,16.24,"Stage 4, Stage 4, weekly_vcp_ok, weekly_strong, flags=Low Liquidity, downtrend",498
AARTIIND.NS,Aarti Industries Limited,Specialty Chemicals,Basic Materials,Basic Materials,False,Cash,1,Failed Stage 2,Stage 2,Failed Stage 2,0.7,Failed Stage 2 cooling period is still active; waiting for a fresh base or confirmed reclaim.,Failed Stage 2,19.31,Neutral,Volume Drying Up,Volume Drying Up (0.36x vs 10W Avg),4.37,Outperformed Nifty by 4.37% in 3 Months,True,Not Rated,Wide Risk; Low Liquidity,16.69,58.94,75.0,20.0,15.0,23.15,False,False,False,False,not_true_leader; setup_not_proper_or_not_tight; risk_not_low,watchlist,weekly_watchlist,watchlist,24.31,"Stage 2, Advancing, trend_template_ok, volume_dryup, weekly_volume_dryup, flags=Wide Risk;Low Liquidity | Failed Stage 2 hold period active.",499
GOLDIAM.NS,Goldiam International Limited,Luxury Goods,Consumer Cyclical,Consumer Cyclical,False,Cash,1,Failed Stage 2,Stage 3,Failed Stage 2,0.72,"This stock was recently Stage 2, but the latest structure no longer satisfies Stage 2 rules. It is kept as Failed Stage 2 until a fresh base/repair structure forms.",Failed Stage 2,5.87,Neutral,Volume Drying Up,Volume Drying Up (0.58x vs 10W Avg),-3.28,Underperformed Nifty by 3.28% in 3 Months,False,Not Rated,Wide Risk; Low Liquidity,22.29,42.05,62.5,48.0,15.0,22.81,False,False,False,False,not_true_leader; setup_not_proper_or_not_tight; risk_not_low; not_confirmed_stage2,watchlist,weekly_watchlist,watchlist,15.87,"Stage 3, Early, volume_dryup, weekly_volume_dryup, flags=Wide Risk;Low Liquidity, distribution_or_weakening_risk | Stage 2 failed state applied from stage memory.",500
ASTRAL.NS,Astral Limited,Building Products & Equipment,Industrials,Industrials,True,F&O,1,Stage 1,Stage 1,Stage 1,0.64,Price is building a base around long-term weekly structure without a confirmed advancing phase.,Stage 1,13.51,Weak,Volume Drying Up,Volume Drying Up (0.48x vs 10W Avg),5.62,Outperformed Nifty by 5.62% in 3 Months,False,Not Rated,Wide Risk; Low Liquidity,14.98,26.36,25.0,54.2,35.0,22.73,False,False,False,False,not_true_leader; setup_not_proper_or_not_tight; risk_not_low; not_confirmed_stage2,watchlist,weekly_watchlist,watchlist,13.51,"Stage 1, Stage 1, weekly_vcp_ok, volume_dryup, weekly_volume_dryup, weekly_strong, flags=Wide Risk;Low Liquidity, stage1_not_actionable, stage1_needs_more_base",501
BAJAJHFL.NS,Bajaj Housing Finance Limited,Mortgage Finance,Financial Services,Financial Services,False,Cash,1,Stage 4,Stage 4,Stage 4,0.86,Price is below the 30-week trend and below long-term support structure.,Stage 4,7.9,Neutral,Volume Normal,Volume Normal (1.24x vs 10W Avg),-2.19,Underperformed Nifty by 2.19% in 3 Months,False,Not Rated,Wide Risk; Low Liquidity,13.05,48.41,0.0,56.57,35.0,22.6,False,False,False,False,not_true_leader; setup_not_proper_or_not_tight; risk_not_low; not_confirmed_stage2,watchlist,weekly_watchlist,watchlist,7.9,"Stage 4, Stage 4, weekly_vcp_ok, flags=Wide Risk;Low Liquidity, downtrend",502
TECHNOE.NS,Techno Electric & Engineering Company Limited,Engineering & Construction,Industrials,Industrials,False,Cash,1,Stage 4,Stage 4,Stage 4,0.86,Price is below the 30-week trend and below long-term support structure.,Stage 4,3.6,Neutral,Volume Drying Up,Volume Drying Up (0.74x vs 10W Avg),1.46,Outperformed Nifty by 1.46% in 3 Months,False,Not Rated,Wide Risk; Low Liquidity,13.59,43.42,12.5,49.0,35.0,22.58,False,False,False,False,not_true_leader; setup_not_proper_or_not_tight; risk_not_low; not_confirmed_stage2,watchlist,weekly_watchlist,watchlist,3.6,"Stage 4, Stage 4, volume_dryup, weekly_volume_dryup, flags=Wide Risk;Low Liquidity, downtrend",503
PRINCEPIPE.NS,Prince Pipes And Fittings Limited,Building Products & Equipment,Industrials,Industrials,False,Cash,1,Failed Stage 2,Stage 1,Failed Stage 2,0.72,"This stock was recently Stage 2, but the latest structure no longer satisfies Stage 2 rules. It is kept as Failed Stage 2 until a fresh base/repair structure forms.",Failed Stage 2,15.92,Neutral,Volume Drying Up,Volume Drying Up (0.39x vs 10W Avg),1.03,Outperformed Nifty by 1.03% in 3 Months,False,Not Rated,Wide Risk; Low Liquidity,16.75,44.1,25.0,82.2,15.0,22.51,False,True,False,False,not_true_leader; risk_not_low; not_confirmed_stage2,watchlist,weekly_watchlist,watchlist,15.92,"Stage 1, Stage 1, weekly_vcp_ok, volume_dryup, weekly_volume_dryup, weekly_strong, flags=Wide Risk;Low Liquidity, stage1_not_actionable, stage1_needs_more_base | Stage 2 failed state applied from stage memory.",504
NUVAMA.NS,Nuvama Wealth Management Limited,Asset Management,Financial Services,Financial Services,True,F&O,1,Failed Stage 2,Stage 3,Failed Stage 2,0.72,"This stock was recently Stage 2, but the latest structure no longer satisfies Stage 2 rules. It is kept as Failed Stage 2 until a fresh base/repair structure forms.",Failed Stage 2,1.16,Neutral,Volume Drying Up,Volume Normal (0.99x vs 10W Avg),-4.8,Underperformed Nifty by 4.8% in 3 Months,False,Not Rated,Wide Risk; Low Liquidity,15.84,55.68,75.0,20.0,15.0,22.36,False,False,False,False,not_true_leader; setup_not_proper_or_not_tight; risk_not_low; not_confirmed_stage2,watchlist,weekly_watchlist,watchlist,1.16,"Stage 3, Early, volume_dryup, flags=Wide Risk;Low Liquidity, distribution_or_weakening_risk | Stage 2 failed state applied from stage memory.",505
NTPC.NS,NTPC Limited,Utilities,Utilities,Utilities,True,F&O,1,Stage 4,Stage 4,Stage 4,0.66,Price is below weekly structure.,Stage 4,1.21,Weak,Volume Normal,Volume Normal (0.92x vs 10W Avg),-1.62,Underperformed Nifty by 1.62% in 3 Months,False,Not Rated,Wider Risk; Low Liquidity,11.2,24.54,25.0,39.0,58.0,22.33,False,False,False,False,not_true_leader; setup_not_proper_or_not_tight; risk_not_low; not_confirmed_stage2,watchlist,weekly_watchlist,watchlist,1.21,"Stage 4, Stage 4, flags=Wider Risk;Low Liquidity, downtrend",506
BANCOINDIA.NS,Banco Products (I) Limited,Auto Parts,Consumer Cyclical,Consumer Cyclical,False,Cash,1,Stage 4,Stage 4,Stage 4,0.86,Price is below the 30-week trend and below long-term support structure.,Stage 4,15.57,Neutral,Volume Drying Up,Volume Drying Up (0.57x vs 10W Avg),-2.5,Underperformed Nifty by 2.5% in 3 Months,False,Not Rated,Wide Weekly Base; Wide Risk; Low Liquidity,12.74,57.53,0.0,71.0,35.0,22.25,False,False,False,False,not_true_leader; setup_not_proper_or_not_tight; risk_not_low; not_confirmed_stage2,watchlist,weekly_watchlist,watchlist,20.57,"Stage 4, Stage 4, weekly_vcp_ok, volume_dryup, weekly_volume_dryup, weekly_strong, flags=Wide Weekly Base;Wide Risk;Low Liquidity, downtrend",507
SUVEN.NS,Suven Life Sciences Limited,Drug Manufacturers - Specialty & Generic,Healthcare,Healthcare,False,Cash,1,Stage 2,Stage 2,Advancing,0.8,Price is above constructive weekly and long-term trend structure with improving relative strength.,Stage 2 - Advancing,19.72,Strong,Volume Drying Up,Volume Drying Up (0.64x vs 10W Avg),8.61,Outperformed Nifty by 8.61% in 3 Months,True,Not Rated,Wide Risk; Low Liquidity,21.89,62.75,75.0,12.0,15.0,22.14,False,False,False,False,not_true_leader; setup_not_proper_or_not_tight; risk_not_low,watchlist,weekly_watchlist,watchlist,29.72,"Stage 2, Advancing, trend_template_ok, volume_dryup, weekly_volume_dryup, flags=Wide Risk;Low Liquidity",508
V2RETAIL.NS,V2 Retail Limited,Consumer Cyclical,Consumer Cyclical,Consumer Cyclical,False,Cash,1,Stage 4,Stage 4,Stage 4,0.66,Price is below weekly structure.,Stage 4,13.9,Neutral,Volume Drying Up,Volume Drying Up (0.75x vs 10W Avg),-2.56,Underperformed Nifty by 2.56% in 3 Months,False,Not Rated,Wide Risk; Low Liquidity,17.9,53.55,12.5,83.2,15.0,22.02,False,False,False,False,not_true_leader; setup_not_proper_or_not_tight; risk_not_low; not_confirmed_stage2,watchlist,weekly_watchlist,watchlist,15.9,"Stage 4, Stage 4, weekly_vcp_ok, volume_dryup, weekly_volume_dryup, weekly_strong, flags=Wide Risk;Low Liquidity, downtrend",509
CIPLA.NS,Cipla Limited,Drug Manufacturers - Specialty & Generic,Healthcare,Healthcare,True,F&O,1,Not Sure,Stage 4,Pending Stage 4,0.55,Blocked public stage jump Stage 1 -> Stage 4; waiting for intermediate/confirmed structure.,Not Sure - Unclear,1.03,Neutral,Volume Normal,Volume Normal (1.15x vs 10W Avg),-1.78,Underperformed Nifty by 1.78% in 3 Months,False,Not Rated,Wider Risk; Low Liquidity,9.66,56.59,12.5,18.0,58.0,21.98,False,False,False,False,not_true_leader; setup_not_proper_or_not_tight; risk_not_low; not_confirmed_stage2,watchlist,weekly_watchlist,watchlist,11.03,"Stage 4, Stage 4, flags=Wider Risk;Low Liquidity, downtrend | Blocked public stage jump Stage 1 -> Stage 4; waiting for intermediate/confirmed structure.",510
GOKULAGRO.NS,Gokul Agro Resources Limited,Packaged Foods,Consumer Defensive,Consumer Defensive,False,Cash,1,Failed Stage 2,Stage 1,Failed Stage 2,0.72,"This stock was recently Stage 2, but the latest structure no longer satisfies Stage 2 rules. It is kept as Failed Stage 2 until a fresh base/repair structure forms.",Failed Stage 2,3.07,Neutral,Volume Drying Up,Volume Drying Up (0.78x vs 10W Avg),10.19,Outperformed Nifty by 10.19% in 3 Months,False,Not Rated,Wide Risk; Low Liquidity,18.54,58.95,50.0,40.0,15.0,21.95,False,False,False,False,not_true_leader; setup_not_proper_or_not_tight; risk_not_low; not_confirmed_stage2,watchlist,weekly_watchlist,watchlist,3.07,"Stage 1, Stage 1, volume_dryup, weekly_volume_dryup, flags=Wide Risk;Low Liquidity, stage1_not_actionable, stage1_needs_more_base | Stage 2 failed state applied from stage memory.",511
ANGELONE.NS,Angel One Limited,Capital Markets,Financial Services,Financial Services,True,F&O,1,Stage 3,Stage 3,Early,0.68,"Prior strength has shifted into a Stage 3 transition based on trend, relative strength, and volume evidence.",Stage 3 Early,2.05,Weak,Volume Drying Up,Volume Drying Up (0.68x vs 10W Avg),-13.75,Underperformed Nifty by 13.75% in 3 Months,False,Not Rated,Wider Risk; Low Liquidity,11.85,17.27,37.5,32.0,58.0,21.9,False,False,False,False,not_true_leader; setup_not_proper_or_not_tight; risk_not_low; not_confirmed_stage2,watchlist,weekly_watchlist,watchlist,2.05,"Stage 3, Early, volume_dryup, weekly_volume_dryup, flags=Wider Risk;Low Liquidity, distribution_or_weakening_risk",512
GODIGIT.NS,Go Digit General Insurance Limited,Financial Services,Financial Services,Financial Services,False,Cash,1,Stage 4,Stage 4,Stage 4,0.86,Price is below the 30-week trend and below long-term support structure.,Stage 4,2.62,Weak,Volume Expanding,Volume Expanding (3.31x vs 10W Avg),-9.88,Underperformed Nifty by 9.88% in 3 Months,False,Not Rated,Low Liquidity,6.1,16.11,12.5,42.0,82.0,21.87,False,False,True,False,not_true_leader; setup_not_proper_or_not_tight; not_confirmed_stage2,watchlist,weekly_watchlist,watchlist,2.62,"Stage 4, Stage 4, flags=Low Liquidity, downtrend",513
HCG.NS,Healthcare Global Enterprises Limited,Medical Care Facilities,Healthcare,Healthcare,False,Cash,1,Stage 2,Stage 2,Advancing,0.8,Price is above constructive weekly and long-term trend structure with improving relative strength.,Stage 2 - Advancing,11.63,Strong,Volume Drying Up,Volume Drying Up (0.59x vs 10W Avg),8.86,Outperformed Nifty by 8.86% in 3 Months,False,Not Rated,Wide Risk; Low Liquidity,16.93,77.97,62.5,8.0,15.0,21.83,True,False,False,False,setup_not_proper_or_not_tight; risk_not_low,watchlist,weekly_watchlist,watchlist,11.63,"Stage 2, Advancing, weekly_volume_dryup, flags=Wide Risk;Low Liquidity",514
GICRE.NS,General Insurance Corporation of India,Financial Services,Financial Services,Financial Services,False,Cash,1,Stage 1,Stage 1,Stage 1,0.64,Price is building a base around long-term weekly structure without a confirmed advancing phase.,Stage 1,6.69,Weak,Volume Drying Up,Volume Drying Up (0.67x vs 10W Avg),2.3,Outperformed Nifty by 2.3% in 3 Months,False,Not Rated,Wide Risk; Low Liquidity,12.14,39.2,12.5,50.0,35.0,21.81,False,False,False,False,not_true_leader; setup_not_proper_or_not_tight; risk_not_low; not_confirmed_stage2,watchlist,weekly_watchlist,watchlist,6.69,"Stage 1, Stage 1, volume_dryup, weekly_volume_dryup, flags=Wide Risk;Low Liquidity, stage1_not_actionable, stage1_needs_more_base",515
IREDA.NS,Indian Renewable Energy Development Agency Limited,Credit Services,Financial Services,Financial Services,True,F&O,1,Stage 4,Stage 4,Stage 4,0.86,Price is below the 30-week trend and below long-term support structure.,Stage 4,10.76,Weak,Volume Expanding,Volume Expanding (2.09x vs 10W Avg),-4.5,Underperformed Nifty by 4.5% in 3 Months,False,Not Rated,Low Liquidity,7.45,28.08,0.0,42.2,82.0,21.79,False,False,True,False,not_true_leader; setup_not_proper_or_not_tight; not_confirmed_stage2,watchlist,weekly_watchlist,watchlist,12.76,"Stage 4, Stage 4, weekly_vcp_ok, weekly_strong, flags=Low Liquidity, downtrend",516
TATATECH.NS,Tata Technologies Limited,Information Technology Services,Technology,Technology,False,Cash,1,Failed Stage 2,Stage 2,Failed Stage 2,0.7,Failed Stage 2 cooling period is still active; waiting for a fresh base or confirmed reclaim.,Failed Stage 2,17.61,Strong,Volume Drying Up,Volume Drying Up (0.54x vs 10W Avg),6.23,Outperformed Nifty by 6.23% in 3 Months,True,Not Rated,Wide Risk; Low Liquidity,19.71,60.61,75.0,12.0,15.0,21.63,False,False,False,False,not_true_leader; setup_not_proper_or_not_tight; risk_not_low,watchlist,weekly_watchlist,watchlist,17.61,"Stage 2, Advancing, trend_template_ok, volume_dryup, weekly_volume_dryup, flags=Wide Risk;Low Liquidity | Failed Stage 2 hold period active.",517
RELIGARE.NS,Religare Enterprises Limited,Insurance - Life,Financial Services,Financial Services,False,Cash,1,Failed Stage 2,Stage 4,Failed Stage 2,0.72,"This stock was recently Stage 2, but the latest structure no longer satisfies Stage 2 rules. It is kept as Failed Stage 2 until a fresh base/repair structure forms.",Failed Stage 2,10.7,Weak,Volume Drying Up,Volume Drying Up (0.77x vs 10W Avg),-6.87,Underperformed Nifty by 6.87% in 3 Months,False,Not Rated,Wide Risk; Low Liquidity,12.99,29.61,25.0,46.2,35.0,21.59,False,False,False,False,not_true_leader; setup_not_proper_or_not_tight; risk_not_low; not_confirmed_stage2,watchlist,weekly_watchlist,watchlist,10.7,"Stage 4, Stage 4, weekly_vcp_ok, volume_dryup, weekly_volume_dryup, weekly_strong, flags=Wide Risk;Low Liquidity, downtrend | Stage 2 failed state applied from stage memory.",518
HYUNDAI.NS,Hyundai Motor India Limited,Auto Manufacturers,Consumer Cyclical,Consumer Cyclical,True,F&O,1,Stage 3,Stage 3,Early,0.68,"Prior strength has shifted into a Stage 3 transition based on trend, relative strength, and volume evidence.",Stage 3 Early,1.33,Strong,Volume Normal,Volume Normal (1.05x vs 10W Avg),9.09,Outperformed Nifty by 9.09% in 3 Months,False,Not Rated,Wide Risk; Low Liquidity,12.05,63.19,37.5,0.0,35.0,21.57,False,False,False,False,not_true_leader; setup_not_proper_or_not_tight; risk_not_low; not_confirmed_stage2,watchlist,weekly_watchlist,watchlist,6.33,"Stage 3, Early, flags=Wide Risk;Low Liquidity, distribution_or_weakening_risk",519
JINDALPOLY.NS,Jindal Poly Films Limited,Consumer Cyclical,Consumer Cyclical,Consumer Cyclical,False,Cash,1,Stage 1,Stage 1,Stage 1,0.64,Price is building a base around long-term weekly structure without a confirmed advancing phase.,Stage 1,15.21,Strong,Volume Drying Up,Volume Drying Up (0.28x vs 10W Avg),13.89,Outperformed Nifty by 13.89% in 3 Months,False,Not Rated,Wide Weekly Base; Wide Risk; Low Liquidity,16.9,60.0,50.0,62.1,15.0,21.5,False,False,False,False,not_true_leader; setup_not_proper_or_not_tight; risk_not_low; not_confirmed_stage2,watchlist,weekly_watchlist,watchlist,17.21,"Stage 1, Stage 1, weekly_vcp_ok, volume_dryup, weekly_volume_dryup, weekly_strong, flags=Wide Weekly Base;Wide Risk;Low Liquidity, stage1_not_actionable, stage1_needs_more_base",520
BHARTIARTL.NS,Bharti Airtel Limited,Telecom Services,Communication Services,Communication Services,True,F&O,1,Stage 1,Stage 1,Stage 1,0.64,Price is building a base around long-term weekly structure without a confirmed advancing phase.,Stage 1,16.96,Weak,Volume Normal,Volume Normal (1.05x vs 10W Avg),-0.81,Underperformed Nifty by 0.81% in 3 Months,False,Not Rated,Wide Risk; Low Liquidity,13.65,16.41,12.5,70.2,35.0,21.19,False,True,False,False,not_true_leader; risk_not_low; not_confirmed_stage2,watchlist,weekly_watchlist,watchlist,16.96,"Stage 1, Stage 1, weekly_vcp_ok, weekly_strong, flags=Wide Risk;Low Liquidity, stage1_not_actionable, stage1_needs_more_base",521
BLUESTARCO.NS,Blue Star Limited,Building Products & Equipment,Industrials,Industrials,True,F&O,1,Stage 4,Stage 4,Stage 4,0.66,Price is below weekly structure.,Stage 4,4.35,Neutral,Volume Normal,Volume Normal (1.48x vs 10W Avg),2.27,Outperformed Nifty by 2.27% in 3 Months,False,Not Rated,Low Liquidity,5.32,45.45,12.5,43.1,82.0,21.17,False,False,True,False,not_true_leader; setup_not_proper_or_not_tight; not_confirmed_stage2,watchlist,weekly_watchlist,watchlist,4.35,"Stage 4, Stage 4, weekly_vcp_ok, weekly_strong, flags=Low Liquidity, downtrend",522
ELECTCAST.NS,Electrosteel Castings Limited,Building Products & Equipment,Industrials,Industrials,False,Cash,1,Failed Stage 2,Stage 1,Failed Stage 2,0.72,"This stock was recently Stage 2, but the latest structure no longer satisfies Stage 2 rules. It is kept as Failed Stage 2 until a fresh base/repair structure forms.",Failed Stage 2,11.76,Strong,Volume Expanding,Volume Expanding (6.00x vs 10W Avg),3.89,Outperformed Nifty by 3.89% in 3 Months,False,Not Rated,Wide Risk; Low Liquidity,17.5,60.5,25.0,59.9,15.0,21.1,False,False,False,False,not_true_leader; setup_not_proper_or_not_tight; risk_not_low; not_confirmed_stage2,watchlist,weekly_watchlist,watchlist,11.76,"Stage 1, Stage 1, weekly_vcp_ok, flags=Wide Risk;Low Liquidity, stage1_not_actionable, stage1_needs_more_base | Stage 2 failed state applied from stage memory.",523
GREAVESCOT.NS,Greaves Cotton Limited,Specialty Industrial Machinery,Industrials,Industrials,False,Cash,1,Stage 2,Stage 2,Advancing,0.9,Price is above constructive weekly and long-term trend structure with improving relative strength.,Stage 2 - Advancing,31.19,Strong,Volume Expanding,Volume Expanding (3.59x vs 10W Avg),10.37,Outperformed Nifty by 10.37% in 3 Months,True,Not Rated,Wide Weekly Base; Loose Structure; Wide Risk; Low Liquidity,26.22,79.33,100.0,16.0,15.0,21.08,True,False,False,False,setup_not_proper_or_not_tight; risk_not_low,watchlist,weekly_watchlist,watchlist,41.19,"Stage 2, Advancing, trend_template_ok, flags=Wide Weekly Base;Loose Structure;Wide Risk;Low Liquidity",524
BLUEDART.NS,Blue Dart Express Limited,Industrials,Industrials,Industrials,False,Cash,1,Stage 4,Stage 4,Stage 4,0.86,Price is below the 30-week trend and below long-term support structure.,Stage 4,19.42,Weak,Volume Drying Up,Volume Normal (0.97x vs 10W Avg),2.21,Outperformed Nifty by 2.21% in 3 Months,False,Not Rated,Wide Risk,21.41,27.22,0.0,76.1,15.0,21.0,False,False,False,False,not_true_leader; setup_not_proper_or_not_tight; risk_not_low; not_confirmed_stage2,watchlist,weekly_watchlist,watchlist,19.42,"Stage 4, Stage 4, weekly_vcp_ok, volume_dryup, weekly_strong, flags=Wide Risk, downtrend",525
DEEPAKFERT.NS,Deepak Fertilizers and Petrochemicals Corporation Limited,Chemicals,Basic Materials,Basic Materials,False,Cash,1,Stage 3,Stage 3,Early,0.68,"Prior strength has shifted into a Stage 3 transition based on trend, relative strength, and volume evidence.",Stage 3 Early,0.71,Neutral,Volume Drying Up,Volume Drying Up (0.81x vs 10W Avg),-8.46,Underperformed Nifty by 8.46% in 3 Months,False,Not Rated,Wide Risk; Low Liquidity,15.99,52.38,62.5,30.0,15.0,20.97,False,False,False,False,not_true_leader; setup_not_proper_or_not_tight; risk_not_low; not_confirmed_stage2,watchlist,weekly_watchlist,watchlist,5.71,"Stage 3, Early, volume_dryup, weekly_volume_dryup, flags=Wide Risk;Low Liquidity, distribution_or_weakening_risk",526
BIOCON.NS,Biocon Limited,Biotechnology,Healthcare,Healthcare,True,F&O,1,Stage 3,Stage 3,Early,0.68,"Prior strength has shifted into a Stage 3 transition based on trend, relative strength, and volume evidence.",Stage 3 Early,12.11,Weak,Volume Drying Up,Volume Drying Up (0.68x vs 10W Avg),-5.93,Underperformed Nifty by 5.93% in 3 Months,False,Not Rated,Wide Risk; Low Liquidity,12.32,20.08,25.0,53.1,35.0,20.96,False,False,False,False,not_true_leader; setup_not_proper_or_not_tight; risk_not_low; not_confirmed_stage2,watchlist,weekly_watchlist,watchlist,17.11,"Stage 3, Early, weekly_vcp_ok, weekly_volume_dryup, weekly_strong, flags=Wide Risk;Low Liquidity, distribution_or_weakening_risk",527
SBICARD.NS,SBI Cards and Payment Services Limited,Credit Services,Financial Services,Financial Services,True,F&O,1,Stage 4,Stage 4,Stage 4,0.86,Price is below the 30-week trend and below long-term support structure.,Stage 4,12.92,Weak,Volume Drying Up,Volume Drying Up (0.54x vs 10W Avg),2.58,Outperformed Nifty by 2.58% in 3 Months,False,Not Rated,Wide Risk; Low Liquidity,14.46,24.68,0.0,73.2,35.0,20.89,False,False,False,False,not_true_leader; setup_not_proper_or_not_tight; risk_not_low; not_confirmed_stage2,watchlist,weekly_watchlist,watchlist,14.92,"Stage 4, Stage 4, weekly_vcp_ok, volume_dryup, weekly_volume_dryup, weekly_strong, flags=Wide Risk;Low Liquidity, downtrend",528
EMAMILTD.NS,Emami Limited,Household & Personal Products,Consumer Defensive,Consumer Defensive,False,Cash,1,Stage 4,Stage 4,Stage 4,0.86,Price is below the 30-week trend and below long-term support structure.,Stage 4,12.23,Weak,Volume Normal,Volume Normal (1.41x vs 10W Avg),-2.25,Underperformed Nifty by 2.25% in 3 Months,False,Not Rated,Wide Risk; Low Liquidity,13.02,26.74,0.0,71.1,35.0,20.88,False,False,False,False,not_true_leader; setup_not_proper_or_not_tight; risk_not_low; not_confirmed_stage2,watchlist,weekly_watchlist,watchlist,14.23,"Stage 4, Stage 4, weekly_vcp_ok, weekly_strong, flags=Wide Risk;Low Liquidity, downtrend",529
HCLTECH.NS,HCL Technologies Limited,Information Technology Services,Technology,Technology,True,F&O,1,Stage 4,Stage 4,Stage 4,0.66,Price is below weekly structure.,Stage 4,3.83,Strong,Volume Expanding,Volume Normal (1.21x vs 10W Avg),16.35,Outperformed Nifty by 16.35% in 3 Months,False,Not Rated,Wide Risk; Low Liquidity,13.34,60.58,0.0,37.0,35.0,20.82,False,False,False,False,not_true_leader; setup_not_proper_or_not_tight; risk_not_low; not_confirmed_stage2,watchlist,weekly_watchlist,watchlist,3.83,"Stage 4, Stage 4, flags=Wide Risk;Low Liquidity, downtrend",530
BERGEPAINT.NS,Berger Paints (I) Limited,Specialty Chemicals,Basic Materials,Basic Materials,False,Cash,1,Stage 3,Stage 3,Early,0.68,"Prior strength has shifted into a Stage 3 transition based on trend, relative strength, and volume evidence.",Stage 3 Early,0.61,Weak,Volume Normal,Volume Normal (1.06x vs 10W Avg),-5.27,Underperformed Nifty by 5.27% in 3 Months,False,Not Rated,Low Liquidity,4.9,19.08,12.5,22.0,100.0,20.66,False,False,True,False,not_true_leader; setup_not_proper_or_not_tight; not_confirmed_stage2,watchlist,weekly_watchlist,watchlist,5.61,"Stage 3, Early, flags=Low Liquidity, distribution_or_weakening_risk",531
ONESOURCE.NS,Onesource Specialty Pharma Limited,Biotechnology,Healthcare,Healthcare,False,Cash,1,Not Sure,Stage 3,Pending Stage 3,0.55,Blocked public stage jump Stage 1 -> Stage 3; waiting for intermediate/confirmed structure.,Not Sure - Unclear,12.19,Weak,Volume Normal,Volume Normal (0.92x vs 10W Avg),-1.71,Underperformed Nifty by 1.71% in 3 Months,False,Not Rated,Wide Weekly Base; Wider Risk; Low Liquidity,9.13,39.95,37.5,29.1,58.0,20.65,False,False,False,False,not_true_leader; setup_not_proper_or_not_tight; risk_not_low; not_confirmed_stage2,watchlist,weekly_watchlist,watchlist,17.19,"Stage 3, Early, weekly_vcp_ok, weekly_strong, flags=Wide Weekly Base;Wider Risk;Low Liquidity, distribution_or_weakening_risk | Blocked public stage jump Stage 1 -> Stage 3; waiting for intermediate/confirmed structure.",532
NATIONALUM.NS,National Aluminium Company Limited,Basic Materials,Basic Materials,Basic Materials,True,F&O,1,Stage 3,Stage 3,Early,0.68,"Prior strength has shifted into a Stage 3 transition based on trend, relative strength, and volume evidence.",Stage 3 Early,15.22,Weak,Volume Drying Up,Volume Drying Up (0.80x vs 10W Avg),4.17,Outperformed Nifty by 4.17% in 3 Months,False,Not Rated,Wide Risk; Low Liquidity,19.18,23.75,37.5,82.2,15.0,20.63,False,False,False,False,not_true_leader; setup_not_proper_or_not_tight; risk_not_low; not_confirmed_stage2,watchlist,weekly_watchlist,watchlist,15.22,"Stage 3, Early, weekly_vcp_ok, volume_dryup, weekly_volume_dryup, weekly_strong, flags=Wide Risk;Low Liquidity, distribution_or_weakening_risk",533
ATHERENERG.NS,Ather Energy Limited,Auto Manufacturers,Consumer Cyclical,Consumer Cyclical,False,Cash,1,Stage 2,Stage 2,Extended,0.78,"Weekly advancing structure remains intact, but price is stretched versus key moving averages.",Stage 2 - Extended,30.88,Strong,Volume Drying Up,Volume Drying Up (0.74x vs 10W Avg),33.42,Outperformed Nifty by 33.42% in 3 Months,True,Not Rated,Loose Structure; Extended; Wide Risk; Low Liquidity,19.65,65.0,75.0,28.2,15.0,20.57,False,False,False,False,not_true_leader; setup_not_proper_or_not_tight; risk_not_low; extended_structure,watchlist,weekly_forming,watchlist,35.88,"Stage 2, Extended, trend_template_ok, weekly_vcp_ok, volume_dryup, weekly_volume_dryup, weekly_strong, flags=Loose Structure;Extended;Wide Risk;Low Liquidity",534
LODHA.NS,Lodha Developers Limited,Real Estate,Real Estate,Real Estate,True,F&O,1,Stage 2,Stage 2,Advancing,0.8,Price is above constructive weekly and long-term trend structure with improving relative strength.,Stage 2 - Advancing,31.43,Strong,Volume Normal,Volume Normal (1.38x vs 10W Avg),10.73,Outperformed Nifty by 10.73% in 3 Months,True,Not Rated,Wide Weekly Base; Wide Risk; Low Liquidity,19.99,64.66,75.0,28.2,15.0,20.49,False,False,False,False,not_true_leader; setup_not_proper_or_not_tight; risk_not_low,watchlist,weekly_forming,watchlist,33.43,"Stage 2, Advancing, trend_template_ok, weekly_vcp_ok, weekly_strong, flags=Wide Weekly Base;Wide Risk;Low Liquidity",535
GHCL.NS,GHCL Limited,Chemicals,Basic Materials,Basic Materials,False,Cash,1,Stage 4,Stage 4,Stage 4,0.86,Price is below the 30-week trend and below long-term support structure.,Stage 4,12.44,Weak,Volume Expanding,Volume Expanding (1.66x vs 10W Avg),1.22,Outperformed Nifty by 1.22% in 3 Months,False,Not Rated,Wide Risk; Low Liquidity,13.54,23.93,0.0,72.2,35.0,20.47,False,False,False,False,not_true_leader; setup_not_proper_or_not_tight; risk_not_low; not_confirmed_stage2,watchlist,weekly_watchlist,watchlist,17.44,"Stage 4, Stage 4, weekly_vcp_ok, weekly_strong, flags=Wide Risk;Low Liquidity, downtrend",536
ICICIGI.NS,ICICI Lombard General Insurance Company Limited,Financial Services,Financial Services,Financial Services,True,F&O,1,Stage 4,Stage 4,Stage 4,0.66,Price is below weekly structure.,Stage 4,0.5,Weak,Volume Expanding,Volume Normal (1.49x vs 10W Avg),-4.14,Underperformed Nifty by 4.14% in 3 Months,False,Not Rated,Low Liquidity,7.57,25.07,25.0,14.0,82.0,20.3,False,False,True,False,not_true_leader; setup_not_proper_or_not_tight; not_confirmed_stage2,watchlist,weekly_watchlist,watchlist,0.5,"Stage 4, Stage 4, flags=Low Liquidity, downtrend",537
QUESS.NS,Quess Corp Limited,Industrials,Industrials,Industrials,False,Cash,1,Stage 2,Stage 2,Advancing,0.8,Price is above constructive weekly and long-term trend structure with improving relative strength.,Stage 2 - Advancing,22.69,Very Strong,Volume Drying Up,Volume Drying Up (0.63x vs 10W Avg),22.0,Outperformed Nifty by 22.0% in 3 Months,True,Not Rated,Loose Structure; Wide Risk; Low Liquidity,15.43,80.0,75.0,12.0,15.0,20.28,True,False,False,False,setup_not_proper_or_not_tight; risk_not_low,watchlist,weekly_watchlist,watchlist,22.69,"Stage 2, Advancing, trend_template_ok, volume_dryup, weekly_volume_dryup, flags=Loose Structure;Wide Risk;Low Liquidity",538
IDBI.NS,IDBI Bank Limited,Banks - Regional,Financial Services,Financial Services,False,Cash,1,Stage 3,Stage 3,Early,0.68,"Prior strength has shifted into a Stage 3 transition based on trend, relative strength, and volume evidence.",Stage 3 Early,1.06,Strong,Volume Drying Up,Volume Normal (0.90x vs 10W Avg),4.69,Outperformed Nifty by 4.69% in 3 Months,False,Not Rated,Wide Risk; Low Liquidity,16.39,74.22,37.5,30.0,15.0,20.21,True,False,False,False,setup_not_proper_or_not_tight; risk_not_low; not_confirmed_stage2,watchlist,weekly_watchlist,watchlist,3.06,"Stage 3, Early, volume_dryup, weekly_volume_dryup, flags=Wide Risk;Low Liquidity, distribution_or_weakening_risk",539
SPARC.NS,Sun Pharma Advanced Research Company Limited,Drug Manufacturers - Specialty & Generic,Healthcare,Healthcare,False,Cash,1,Failed Stage 2,Stage 3,Failed Stage 2,0.72,"This stock was recently Stage 2, but the latest structure no longer satisfies Stage 2 rules. It is kept as Failed Stage 2 until a fresh base/repair structure forms.",Failed Stage 2,3.37,Neutral,Volume Normal,Volume Normal (1.46x vs 10W Avg),-17.85,Underperformed Nifty by 17.85% in 3 Months,False,Not Rated,Wide Risk; Low Liquidity,32.26,50.0,62.5,29.0,15.0,20.16,False,False,False,False,not_true_leader; setup_not_proper_or_not_tight; risk_not_low; not_confirmed_stage2,watchlist,weekly_watchlist,watchlist,13.37,"Stage 3, Early, flags=Wide Risk;Low Liquidity, distribution_or_weakening_risk | Stage 2 failed state applied from stage memory.",540
ABSLAMC.NS,Aditya Birla Sun Life AMC Limited,Asset Management,Financial Services,Financial Services,False,Cash,1,Failed Stage 2,Stage 3,Failed Stage 2,0.72,"This stock was recently Stage 2, but the latest structure no longer satisfies Stage 2 rules. It is kept as Failed Stage 2 until a fresh base/repair structure forms.",Failed Stage 2,3.44,Neutral,Volume Drying Up,Volume Drying Up (0.55x vs 10W Avg),-5.3,Underperformed Nifty by 5.3% in 3 Months,False,Not Rated,Wide Risk; Low Liquidity,15.28,51.1,50.0,40.0,15.0,20.06,False,False,False,False,not_true_leader; setup_not_proper_or_not_tight; risk_not_low; not_confirmed_stage2,watchlist,weekly_watchlist,watchlist,3.44,"Stage 3, Early, volume_dryup, weekly_volume_dryup, flags=Wide Risk;Low Liquidity, distribution_or_weakening_risk | Stage 2 failed state applied from stage memory.",541
LT.NS,Larsen & Toubro Limited,Engineering & Construction,Industrials,Industrials,True,F&O,1,Stage 1,Stage 1,Stage 1,0.64,Price is building a base around long-term weekly structure without a confirmed advancing phase.,Stage 1,0.36,Neutral,Volume Normal,Volume Normal (1.27x vs 10W Avg),-0.15,Underperformed Nifty by 0.15% in 3 Months,False,Not Rated,Wider Risk; Low Liquidity,9.74,45.34,25.0,8.0,58.0,19.88,False,False,False,False,not_true_leader; setup_not_proper_or_not_tight; risk_not_low; not_confirmed_stage2,watchlist,weekly_watchlist,watchlist,0.36,"Stage 1, Stage 1, flags=Wider Risk;Low Liquidity, stage1_not_actionable, stage1_needs_more_base",542
KKCL.NS,Kewal Kiran Clothing Limited,Apparel Manufacturing,Consumer Cyclical,Consumer Cyclical,False,Cash,1,Stage 4,Stage 4,Stage 4,0.66,Price is below weekly structure.,Stage 4,10.15,Weak,Volume Drying Up,Volume Drying Up (0.63x vs 10W Avg),-2.29,Underperformed Nifty by 2.29% in 3 Months,False,Not Rated,Wide Risk; Low Liquidity,20.3,33.11,25.0,82.2,15.0,19.87,False,False,False,False,not_true_leader; setup_not_proper_or_not_tight; risk_not_low; not_confirmed_stage2,watchlist,weekly_watchlist,watchlist,10.15,"Stage 4, Stage 4, weekly_vcp_ok, volume_dryup, weekly_volume_dryup, weekly_strong, flags=Wide Risk;Low Liquidity, downtrend",543
TORNTPOWER.NS,Torrent Power Limited,Utilities,Utilities,Utilities,False,Cash,1,Stage 4,Stage 4,Stage 4,0.86,Price is below the 30-week trend and below long-term support structure.,Stage 4,0.39,Weak,Volume Drying Up,Volume Drying Up (0.39x vs 10W Avg),-1.41,Underperformed Nifty by 1.41% in 3 Months,False,Not Rated,Wider Risk; Low Liquidity,8.87,25.36,12.5,40.0,58.0,19.77,False,False,False,False,not_true_leader; setup_not_proper_or_not_tight; risk_not_low; not_confirmed_stage2,watchlist,weekly_watchlist,watchlist,0.39,"Stage 4, Stage 4, volume_dryup, weekly_volume_dryup, flags=Wider Risk;Low Liquidity, downtrend",544
HINDALCO.NS,Hindalco Industries Limited,Basic Materials,Basic Materials,Basic Materials,True,F&O,1,Failed Stage 2,Stage 1,Failed Stage 2,0.72,"This stock was recently Stage 2, but the latest structure no longer satisfies Stage 2 rules. It is kept as Failed Stage 2 until a fresh base/repair structure forms.",Failed Stage 2,3.2,Weak,Volume Normal,Volume Normal (0.98x vs 10W Avg),3.36,Outperformed Nifty by 3.36% in 3 Months,False,Not Rated,Wide Risk; Low Liquidity,13.65,31.55,25.0,36.0,35.0,19.61,False,False,False,False,not_true_leader; setup_not_proper_or_not_tight; risk_not_low; not_confirmed_stage2,watchlist,weekly_watchlist,watchlist,3.2,"Stage 1, Stage 1, flags=Wide Risk;Low Liquidity, stage1_not_actionable, stage1_needs_more_base | Stage 2 failed state applied from stage memory.",545
SHANTIGEAR.NS,Shanthi Gears Limited,Specialty Industrial Machinery,Industrials,Industrials,False,Cash,1,Stage 2,Stage 2,Advancing,0.9,Price is above constructive weekly and long-term trend structure with improving relative strength.,Stage 2 - Advancing,14.93,Very Strong,Volume Drying Up,Volume Drying Up (0.18x vs 10W Avg),37.12,Outperformed Nifty by 37.12% in 3 Months,True,Not Rated,Loose Structure; Wide Risk; Circuit Risk; Low Liquidity,23.2,80.0,100.0,25.8,15.0,19.59,True,False,False,False,setup_not_proper_or_not_tight; risk_not_low,watchlist,weekly_watchlist,watchlist,24.93,"Stage 2, Advancing, trend_template_ok, volume_dryup, weekly_volume_dryup, flags=Loose Structure;Wide Risk;Circuit Risk;Low Liquidity",546
KIRIINDUS.NS,Kiri Industries Limited,Specialty Chemicals,Basic Materials,Basic Materials,False,Cash,1,Stage 1,Stage 1,Stage 1,0.68,Price is building a base around long-term weekly structure without a confirmed advancing phase.,Stage 1,15.21,Very Strong,Volume Drying Up,Volume Drying Up (0.64x vs 10W Avg),48.19,Outperformed Nifty by 48.19% in 3 Months,False,Not Rated,Wide Weekly Base; Loose Structure; Wide Risk; Low Liquidity,18.68,80.0,75.0,33.1,15.0,19.34,True,False,False,False,setup_not_proper_or_not_tight; risk_not_low; not_confirmed_stage2,watchlist,weekly_watchlist,watchlist,20.21,"Stage 1, Stage 1, weekly_vcp_ok, volume_dryup, weekly_volume_dryup, weekly_strong, flags=Wide Weekly Base;Loose Structure;Wide Risk;Low Liquidity, stage1_not_actionable, stage1_needs_more_base",547
HINDPETRO.NS,Hindustan Petroleum Corporation Limited,Oil & Gas Refining & Marketing,Energy,Energy,True,F&O,1,Stage 4,Stage 4,Stage 4,0.86,Price is below the 30-week trend and below long-term support structure.,Stage 4,13.02,Neutral,Volume Drying Up,Volume Drying Up (0.72x vs 10W Avg),-1.18,Underperformed Nifty by 1.18% in 3 Months,False,Not Rated,Wide Risk; Low Liquidity,15.73,55.85,0.0,82.2,15.0,19.33,False,False,False,False,not_true_leader; setup_not_proper_or_not_tight; risk_not_low; not_confirmed_stage2,watchlist,weekly_watchlist,watchlist,18.02,"Stage 4, Stage 4, weekly_vcp_ok, volume_dryup, weekly_volume_dryup, weekly_strong, flags=Wide Risk;Low Liquidity, downtrend",548
MASFIN.NS,MAS Financial Services Limited,Credit Services,Financial Services,Financial Services,False,Cash,1,Stage 4,Stage 4,Stage 4,0.66,Price is below weekly structure.,Stage 4,0.95,Weak,Volume Normal,Volume Normal (0.93x vs 10W Avg),-4.41,Underperformed Nifty by 4.41% in 3 Months,False,Not Rated,Wider Risk; Low Liquidity,11.94,26.41,12.5,37.0,58.0,19.3,False,False,False,False,not_true_leader; setup_not_proper_or_not_tight; risk_not_low; not_confirmed_stage2,watchlist,weekly_watchlist,watchlist,2.95,"Stage 4, Stage 4, flags=Wider Risk;Low Liquidity, downtrend",549
JKCEMENT.NS,JK Cement Limited,Building Materials,Basic Materials,Basic Materials,False,Cash,1,Stage 4,Stage 4,Stage 4,0.66,Price is below weekly structure.,Stage 4,0.89,Neutral,Volume Expanding,Volume Normal (0.93x vs 10W Avg),-0.07,Underperformed Nifty by 0.07% in 3 Months,False,Not Rated,Wide Risk; Low Liquidity,12.57,46.75,12.5,31.8,35.0,19.25,False,False,False,False,not_true_leader; setup_not_proper_or_not_tight; risk_not_low; not_confirmed_stage2,watchlist,weekly_watchlist,watchlist,0.89,"Stage 4, Stage 4, flags=Wide Risk;Low Liquidity, downtrend",550
SUBROS.NS,Subros Limited,Auto Parts,Consumer Cyclical,Consumer Cyclical,False,Cash,1,Stage 4,Stage 4,Stage 4,0.86,Price is below the 30-week trend and below long-term support structure.,Stage 4,9.95,Weak,Volume Drying Up,Volume Drying Up (0.69x vs 10W Avg),-9.95,Underperformed Nifty by 9.95% in 3 Months,False,Not Rated,Wider Risk; Low Liquidity,10.55,11.43,0.0,64.2,58.0,19.23,False,False,False,False,not_true_leader; setup_not_proper_or_not_tight; risk_not_low; not_confirmed_stage2,watchlist,weekly_watchlist,watchlist,14.95,"Stage 4, Stage 4, weekly_vcp_ok, volume_dryup, weekly_volume_dryup, weekly_strong, flags=Wider Risk;Low Liquidity, downtrend",551
STYLEBAAZA.NS,Baazar Style Retail Limited,Consumer Cyclical,Consumer Cyclical,Consumer Cyclical,False,Cash,1,Stage 2,Stage 2,Advancing,0.9,Price is above constructive weekly and long-term trend structure with improving relative strength.,Stage 2 - Advancing,17.42,Very Strong,Volume Expanding,Volume Expanding (1.79x vs 10W Avg),27.56,Outperformed Nifty by 27.56% in 3 Months,True,Not Rated,Wide Weekly Base; Loose Structure; Wide Risk; Circuit Risk; Low Liquidity,12.75,80.0,100.0,1.9,35.0,19.06,True,False,False,False,setup_not_proper_or_not_tight; risk_not_low,watchlist,weekly_forming,watchlist,19.42,"Stage 2, Advancing, trend_template_ok, weekly_vcp_ok, flags=Wide Weekly Base;Loose Structure;Wide Risk;Circuit Risk;Low Liquidity",552
AADHARHFC.NS,Aadhar Housing Finance Limited,Mortgage Finance,Financial Services,Financial Services,False,Cash,1,Stage 4,Stage 4,Stage 4,0.66,Price is below weekly structure.,Stage 4,10.24,Weak,Volume Normal,Volume Normal (0.88x vs 10W Avg),-14.85,Underperformed Nifty by 14.85% in 3 Months,False,Not Rated,Wide Risk; Low Liquidity,12.44,5.98,12.5,71.1,35.0,18.9,False,False,False,False,not_true_leader; setup_not_proper_or_not_tight; risk_not_low; not_confirmed_stage2,watchlist,weekly_watchlist,watchlist,10.24,"Stage 4, Stage 4, weekly_vcp_ok, weekly_volume_dryup, weekly_strong, flags=Wide Risk;Low Liquidity, downtrend",553
STARHEALTH.NS,Star Health and Allied Insurance Company Limited,Insurance - Life,Financial Services,Financial Services,False,Cash,1,Failed Stage 2,Stage 1,Failed Stage 2,0.72,"This stock was recently Stage 2, but the latest structure no longer satisfies Stage 2 rules. It is kept as Failed Stage 2 until a fresh base/repair structure forms.",Failed Stage 2,0.03,Neutral,Volume Expanding,Volume Expanding (3.66x vs 10W Avg),-1.23,Underperformed Nifty by 1.23% in 3 Months,False,Not Rated,Wide Risk; Low Liquidity,12.76,43.89,37.5,8.0,35.0,18.85,False,False,False,False,not_true_leader; setup_not_proper_or_not_tight; risk_not_low; not_confirmed_stage2,watchlist,weekly_watchlist,watchlist,0.03,"Stage 1, Stage 1, flags=Wide Risk;Low Liquidity, stage1_not_actionable, stage1_needs_more_base | Stage 2 failed state applied from stage memory.",554
SOBHA.NS,Sobha Limited,Real Estate,Real Estate,Real Estate,False,Cash,1,Stage 4,Stage 4,Stage 4,0.86,Price is below the 30-week trend and below long-term support structure.,Stage 4,3.17,Weak,Volume Drying Up,Volume Drying Up (0.51x vs 10W Avg),-9.01,Underperformed Nifty by 9.01% in 3 Months,False,Not Rated,Low Liquidity,7.15,25.86,0.0,64.2,82.0,18.53,False,False,True,False,not_true_leader; setup_not_proper_or_not_tight; not_confirmed_stage2,watchlist,weekly_watchlist,watchlist,5.17,"Stage 4, Stage 4, weekly_vcp_ok, volume_dryup, weekly_volume_dryup, weekly_strong, flags=Low Liquidity, downtrend",555
REDTAPE.NS,Redtape Limited,Consumer Cyclical,Consumer Cyclical,Consumer Cyclical,False,Cash,1,Stage 4,Stage 4,Stage 4,0.66,Price is below weekly structure.,Stage 4,5.53,Weak,Volume Drying Up,Volume Drying Up (0.55x vs 10W Avg),-6.42,Underperformed Nifty by 6.42% in 3 Months,False,Not Rated,Wide Risk; Low Liquidity,14.95,31.61,12.5,43.9,35.0,18.52,False,False,False,False,not_true_leader; setup_not_proper_or_not_tight; risk_not_low; not_confirmed_stage2,watchlist,weekly_watchlist,watchlist,7.53,"Stage 4, Stage 4, weekly_vcp_ok, volume_dryup, weekly_volume_dryup, flags=Wide Risk;Low Liquidity, downtrend",556
CHEMPLASTS.NS,Chemplast Sanmar Limited,Chemicals,Basic Materials,Basic Materials,False,Cash,1,Stage 4,Stage 4,Stage 4,0.86,Price is below the 30-week trend and below long-term support structure.,Stage 4,0.21,Weak,Volume Drying Up,Volume Drying Up (0.34x vs 10W Avg),-3.51,Underperformed Nifty by 3.51% in 3 Months,False,Not Rated,Wider Risk; Low Liquidity,9.55,21.84,12.5,38.0,58.0,18.44,False,False,False,False,not_true_leader; setup_not_proper_or_not_tight; risk_not_low; not_confirmed_stage2,watchlist,weekly_watchlist,watchlist,5.21,"Stage 4, Stage 4, weekly_volume_dryup, flags=Wider Risk;Low Liquidity, downtrend",557
ASHOKLEY.NS,Ashok Leyland Limited,Farm & Heavy Construction Machinery,Industrials,Industrials,True,F&O,1,Stage 4,Stage 4,Stage 4,0.86,Price is below the 30-week trend and below long-term support structure.,Stage 4,10.66,Neutral,Volume Drying Up,Volume Drying Up (0.85x vs 10W Avg),-0.38,Underperformed Nifty by 0.38% in 3 Months,False,Not Rated,Wide Risk; Low Liquidity,16.54,45.53,12.5,76.1,15.0,18.39,False,False,False,False,not_true_leader; setup_not_proper_or_not_tight; risk_not_low; not_confirmed_stage2,watchlist,weekly_watchlist,watchlist,12.66,"Stage 4, Stage 4, weekly_vcp_ok, volume_dryup, weekly_volume_dryup, weekly_strong, flags=Wide Risk;Low Liquidity, downtrend",558
JUBLINGREA.NS,Jubilant Ingrevia Limited,Specialty Chemicals,Basic Materials,Basic Materials,False,Cash,1,Not Sure,Stage 1,Pending Stage 1,0.55,Failed Stage 2 -> Stage 1 needs 3 confirmation runs; current count 1.,Not Sure - Unclear,17.8,Neutral,Volume Expanding,Volume Normal (1.09x vs 10W Avg),1.7,Outperformed Nifty by 1.7% in 3 Months,False,Not Rated,Wide Risk; Low Liquidity,22.89,51.33,12.5,70.2,15.0,18.37,False,True,False,False,not_true_leader; risk_not_low; not_confirmed_stage2,watchlist,weekly_watchlist,watchlist,22.8,"Stage 1, Stage 1, weekly_vcp_ok, weekly_strong, flags=Wide Risk;Low Liquidity, stage1_not_actionable, stage1_needs_more_base | Failed Stage 2 -> Stage 1 needs 3 confirmation runs; current count 1.",559
BRIGADE.NS,Brigade Enterprises Limited,Real Estate,Real Estate,Real Estate,False,Cash,1,Failed Stage 2,Stage 1,Failed Stage 2,0.72,"This stock was recently Stage 2, but the latest structure no longer satisfies Stage 2 rules. It is kept as Failed Stage 2 until a fresh base/repair structure forms.",Failed Stage 2,16.17,Strong,Volume Drying Up,Volume Drying Up (0.53x vs 10W Avg),14.22,Outperformed Nifty by 14.22% in 3 Months,False,Not Rated,Loose Structure; Wide Risk; Low Liquidity,24.28,62.01,37.5,59.2,15.0,18.29,False,False,False,False,not_true_leader; setup_not_proper_or_not_tight; risk_not_low; not_confirmed_stage2,watchlist,weekly_watchlist,watchlist,18.17,"Stage 1, Stage 1, weekly_vcp_ok, volume_dryup, weekly_volume_dryup, weekly_strong, flags=Loose Structure;Wide Risk;Low Liquidity, stage1_not_actionable, stage1_needs_more_base | Stage 2 failed state applied from stage memory.",560
FDC.NS,FDC Limited,Drug Manufacturers - Specialty & Generic,Healthcare,Healthcare,False,Cash,1,Stage 4,Stage 4,Stage 4,0.86,Price is below the 30-week trend and below long-term support structure.,Stage 4,0.0,Weak,Volume Drying Up,Volume Drying Up (0.62x vs 10W Avg),-14.35,Underperformed Nifty by 14.35% in 3 Months,False,Not Rated,Low Liquidity,7.87,24.61,0.0,30.0,82.0,18.03,False,False,True,False,not_true_leader; setup_not_proper_or_not_tight; not_confirmed_stage2,watchlist,weekly_watchlist,watchlist,10.0,"Stage 4, Stage 4, volume_dryup, weekly_volume_dryup, flags=Low Liquidity, downtrend",561
M&MFIN.NS,Mahindra & Mahindra Financial Services Limited,Credit Services,Financial Services,Financial Services,False,Cash,1,Failed Stage 2,Stage 3,Failed Stage 2,0.72,"This stock was recently Stage 2, but the latest structure no longer satisfies Stage 2 rules. It is kept as Failed Stage 2 until a fresh base/repair structure forms.",Failed Stage 2,11.54,Strong,Volume Drying Up,Volume Drying Up (0.35x vs 10W Avg),6.91,Outperformed Nifty by 6.91% in 3 Months,False,Not Rated,Wide Risk; Low Liquidity,17.29,61.22,25.0,46.2,15.0,17.98,False,False,False,False,not_true_leader; setup_not_proper_or_not_tight; risk_not_low; not_confirmed_stage2,watchlist,weekly_watchlist,watchlist,13.54,"Stage 3, Early, weekly_vcp_ok, volume_dryup, weekly_volume_dryup, weekly_strong, flags=Wide Risk;Low Liquidity, distribution_or_weakening_risk | Stage 2 failed state applied from stage memory.",562
ELECON.NS,Elecon Engineering Company Limited,Specialty Industrial Machinery,Industrials,Industrials,False,Cash,1,Stage 1,Stage 1,Stage 1,0.64,Price is building a base around long-term weekly structure without a confirmed advancing phase.,Stage 1,8.99,Neutral,Volume Expanding,Volume Expanding (1.98x vs 10W Avg),-6.24,Underperformed Nifty by 6.24% in 3 Months,False,Not Rated,Wide Risk; Low Liquidity,24.44,54.38,50.0,28.0,15.0,17.97,False,False,False,False,not_true_leader; setup_not_proper_or_not_tight; risk_not_low; not_confirmed_stage2,watchlist,weekly_watchlist,watchlist,18.99,"Stage 1, Stage 1, stage1_base_ready, flags=Wide Risk;Low Liquidity, stage1_not_actionable",563
UNIVCABLES.NS,Universal Cables Limited,Electrical Equipment & Parts,Industrials,Industrials,False,Cash,1,Stage 2,Stage 2,Extended,0.78,"Weekly advancing structure remains intact, but price is stretched versus key moving averages.",Stage 2 - Extended,19.06,Very Strong,Volume Drying Up,Volume Drying Up (0.44x vs 10W Avg),33.71,Outperformed Nifty by 33.71% in 3 Months,True,Not Rated,Loose Structure; Extended; Wide Risk; Low Liquidity,22.99,80.0,75.0,2.0,15.0,17.88,True,False,False,False,setup_not_proper_or_not_tight; risk_not_low; extended_structure,watchlist,weekly_watchlist,watchlist,29.06,"Stage 2, Extended, trend_template_ok, volume_dryup, weekly_volume_dryup, flags=Loose Structure;Extended;Wide Risk;Low Liquidity",564
RELIANCE.NS,Reliance Industries Limited,Oil & Gas Refining & Marketing,Energy,Energy,True,F&O,1,Stage 4,Stage 4,Stage 4,0.86,Price is below the 30-week trend and below long-term support structure.,Stage 4,6.62,Weak,Volume Normal,Volume Normal (1.50x vs 10W Avg),-3.36,Underperformed Nifty by 3.36% in 3 Months,False,Not Rated,Wider Risk; Low Liquidity,11.64,10.05,0.0,59.9,58.0,17.87,False,False,False,False,not_true_leader; setup_not_proper_or_not_tight; risk_not_low; not_confirmed_stage2,watchlist,weekly_watchlist,watchlist,11.62,"Stage 4, Stage 4, weekly_vcp_ok, flags=Wider Risk;Low Liquidity, downtrend",565
BASF.NS,BASF India Limited,Specialty Chemicals,Basic Materials,Basic Materials,False,Cash,1,Stage 1,Stage 1,Stage 1,0.64,Price is building a base around long-term weekly structure without a confirmed advancing phase.,Stage 1,16.09,Neutral,Volume Drying Up,Volume Drying Up (0.29x vs 10W Avg),2.14,Outperformed Nifty by 2.14% in 3 Months,False,Not Rated,Wide Risk; Low Liquidity,19.88,49.22,0.0,82.2,15.0,17.74,False,True,False,False,not_true_leader; risk_not_low; not_confirmed_stage2,watchlist,weekly_watchlist,watchlist,21.09,"Stage 1, Stage 1, weekly_vcp_ok, volume_dryup, weekly_volume_dryup, weekly_strong, flags=Wide Risk;Low Liquidity, stage1_not_actionable, stage1_needs_more_base",566
IGIL.NS,International Gemological Institute Limited,Basic Materials,Basic Materials,Basic Materials,False,Cash,1,Stage 4,Stage 4,Stage 4,0.66,Price is below weekly structure.,Stage 4,9.75,Weak,Volume Drying Up,Volume Drying Up (0.77x vs 10W Avg),-3.77,Underperformed Nifty by 3.77% in 3 Months,False,Not Rated,Wide Risk; Low Liquidity,12.3,15.88,25.0,43.1,35.0,17.56,False,False,False,False,not_true_leader; setup_not_proper_or_not_tight; risk_not_low; not_confirmed_stage2,watchlist,weekly_watchlist,watchlist,9.75,"Stage 4, Stage 4, weekly_vcp_ok, weekly_volume_dryup, weekly_strong, flags=Wide Risk;Low Liquidity, downtrend",567
ADANIGREEN.NS,Adani Green Energy Limited,Utilities - Renewable,Utilities,Utilities,True,F&O,1,Stage 3,Stage 3,Early,0.68,"Prior strength has shifted into a Stage 3 transition based on trend, relative strength, and volume evidence.",Stage 3 Early,0.0,Neutral,Volume Drying Up,Volume Normal (0.96x vs 10W Avg),-10.71,Underperformed Nifty by 10.71% in 3 Months,False,Not Rated,Wide Risk; Low Liquidity,25.13,50.36,50.0,30.0,15.0,17.49,False,False,False,False,not_true_leader; setup_not_proper_or_not_tight; risk_not_low; not_confirmed_stage2,watchlist,weekly_watchlist,watchlist,0.0,"Stage 3, Early, volume_dryup, flags=Wide Risk;Low Liquidity, distribution_or_weakening_risk",568
ESCORTS.NS,Escorts Kubota Limited,Farm & Heavy Construction Machinery,Industrials,Industrials,False,Cash,1,Stage 4,Stage 4,Stage 4,0.86,Price is below the 30-week trend and below long-term support structure.,Stage 4,9.98,Weak,Volume Normal,Volume Normal (1.13x vs 10W Avg),-2.17,Underperformed Nifty by 2.17% in 3 Months,False,Not Rated,Wide Risk; Low Liquidity,14.91,13.2,0.0,70.2,35.0,17.42,False,False,False,False,not_true_leader; setup_not_proper_or_not_tight; risk_not_low; not_confirmed_stage2,watchlist,weekly_watchlist,watchlist,11.98,"Stage 4, Stage 4, weekly_vcp_ok, weekly_strong, flags=Wide Risk;Low Liquidity, downtrend",569
GOPAL.NS,Gopal Snacks Limited,Packaged Foods,Consumer Defensive,Consumer Defensive,False,Cash,1,Stage 4,Stage 4,Stage 4,0.86,Price is below the 30-week trend and below long-term support structure.,Stage 4,9.36,Weak,Volume Drying Up,Volume Drying Up (0.70x vs 10W Avg),-2.47,Underperformed Nifty by 2.47% in 3 Months,False,Not Rated,Wider Risk; Low Liquidity,10.04,13.78,0.0,54.2,58.0,17.4,False,False,False,False,not_true_leader; setup_not_proper_or_not_tight; risk_not_low; not_confirmed_stage2,watchlist,weekly_watchlist,watchlist,9.36,"Stage 4, Stage 4, weekly_vcp_ok, volume_dryup, weekly_volume_dryup, weekly_strong, flags=Wider Risk;Low Liquidity, downtrend",570
TVSHLTD.NS,TVS Holdings Limited,Auto Parts,Consumer Cyclical,Consumer Cyclical,False,Cash,1,Stage 4,Stage 4,Stage 4,0.66,Price is below weekly structure.,Stage 4,17.74,Weak,Volume Drying Up,Volume Drying Up (0.77x vs 10W Avg),-7.24,Underperformed Nifty by 7.24% in 3 Months,False,Not Rated,Wide Risk,15.14,3.48,12.5,72.0,15.0,17.32,False,False,False,False,not_true_leader; setup_not_proper_or_not_tight; risk_not_low; not_confirmed_stage2,watchlist,weekly_watchlist,watchlist,22.74,"Stage 4, Stage 4, weekly_vcp_ok, weekly_volume_dryup, weekly_strong, flags=Wide Risk, downtrend",571
APOLLOTYRE.NS,Apollo Tyres Limited,Auto Parts,Consumer Cyclical,Consumer Cyclical,False,Cash,1,Stage 4,Stage 4,Stage 4,0.66,Price is below weekly structure.,Stage 4,11.12,Neutral,Volume Expanding,Volume Expanding (1.82x vs 10W Avg),-3.82,Underperformed Nifty by 3.82% in 3 Months,False,Not Rated,Wide Risk; Low Liquidity,17.5,44.67,12.5,72.1,15.0,17.22,False,False,False,False,not_true_leader; setup_not_proper_or_not_tight; risk_not_low; not_confirmed_stage2,watchlist,weekly_watchlist,watchlist,16.12,"Stage 4, Stage 4, weekly_vcp_ok, weekly_strong, flags=Wide Risk;Low Liquidity, downtrend",572
OLAELEC.NS,Ola Electric Mobility Limited,Auto Manufacturers,Consumer Cyclical,Consumer Cyclical,False,Cash,1,Not Sure,Stage 1,Pending Stage 1,0.55,Blocked public stage jump Stage 3 -> Stage 1; waiting for intermediate/confirmed structure.,Not Sure - Unclear,3.51,Neutral,Volume Expanding,Volume Expanding (2.48x vs 10W Avg),-6.1,Underperformed Nifty by 6.1% in 3 Months,False,Not Rated,Wide Risk; Low Liquidity,21.83,54.51,50.0,24.67,15.0,17.2,False,False,False,False,not_true_leader; setup_not_proper_or_not_tight; risk_not_low; not_confirmed_stage2,watchlist,weekly_watchlist,watchlist,8.51,"Stage 1, Stage 1, flags=Wide Risk;Low Liquidity, stage1_not_actionable, stage1_needs_more_base | Blocked public stage jump Stage 3 -> Stage 1; waiting for intermediate/confirmed structure.",573
PRSMJOHNSN.NS,Prism Johnson Limited,Building Materials,Basic Materials,Basic Materials,False,Cash,1,Stage 4,Stage 4,Stage 4,0.86,Price is below the 30-week trend and below long-term support structure.,Stage 4,0.0,Weak,Volume Drying Up,Volume Drying Up (0.18x vs 10W Avg),0.96,Outperformed Nifty by 0.96% in 3 Months,False,Not Rated,Wider Risk; Low Liquidity,8.68,36.59,0.0,30.0,58.0,17.06,False,False,False,False,not_true_leader; setup_not_proper_or_not_tight; risk_not_low; not_confirmed_stage2,watchlist,weekly_watchlist,watchlist,0.0,"Stage 4, Stage 4, volume_dryup, weekly_volume_dryup, flags=Wider Risk;Low Liquidity, downtrend",574
CHOLAFIN.NS,Cholamandalam Investment and Finance Company Limited,Credit Services,Financial Services,Financial Services,True,F&O,1,Failed Stage 2,Stage 3,Failed Stage 2,0.72,"This stock was recently Stage 2, but the latest structure no longer satisfies Stage 2 rules. It is kept as Failed Stage 2 until a fresh base/repair structure forms.",Failed Stage 2,15.25,Weak,Volume Expanding,Volume Expanding (1.67x vs 10W Avg),-5.62,Underperformed Nifty by 5.62% in 3 Months,False,Not Rated,Wide Risk; Low Liquidity,18.05,39.21,25.0,64.1,15.0,16.99,False,False,False,False,not_true_leader; setup_not_proper_or_not_tight; risk_not_low; not_confirmed_stage2,watchlist,weekly_watchlist,watchlist,17.25,"Stage 3, Early, weekly_vcp_ok, weekly_strong, flags=Wide Risk;Low Liquidity, distribution_or_weakening_risk | Stage 2 failed state applied from stage memory.",575
THOMASCOOK.NS,Thomas Cook  (India)  Limited,Consumer Cyclical,Consumer Cyclical,Consumer Cyclical,False,Cash,1,Not Sure,Not Sure,Not Sure,0.0,Stage rules did not identify a reliable structure.,Not Sure - Unclear,14.13,Strong,Volume Drying Up,Volume Drying Up (0.27x vs 10W Avg),3.07,Outperformed Nifty by 3.07% in 3 Months,False,Not Rated,Wide Weekly Base; Wide Risk; Low Liquidity,15.26,66.15,25.0,62.1,15.0,16.98,False,False,False,False,not_true_leader; setup_not_proper_or_not_tight; risk_not_low; not_confirmed_stage2,watchlist,weekly_watchlist,watchlist,16.13,"Not Sure, Unclear, weekly_vcp_ok, volume_dryup, weekly_volume_dryup, weekly_strong, flags=Wide Weekly Base;Wide Risk;Low Liquidity",576
BANKBARODA.NS,Bank of Baroda,Banks - Regional,Financial Services,Financial Services,True,F&O,1,Stage 4,Stage 4,Stage 4,0.86,Price is below the 30-week trend and below long-term support structure.,Stage 4,0.74,Weak,Volume Drying Up,Volume Drying Up (0.81x vs 10W Avg),-0.96,Underperformed Nifty by 0.96% in 3 Months,False,Not Rated,Wider Risk; Low Liquidity,8.49,27.78,0.0,38.0,58.0,16.87,False,False,False,False,not_true_leader; setup_not_proper_or_not_tight; risk_not_low; not_confirmed_stage2,watchlist,weekly_watchlist,watchlist,2.74,"Stage 4, Stage 4, volume_dryup, weekly_volume_dryup, flags=Wider Risk;Low Liquidity, downtrend",577
COLPAL.NS,Colgate Palmolive (India) Limited,Household & Personal Products,Consumer Defensive,Consumer Defensive,True,F&O,1,Stage 4,Stage 4,Stage 4,0.66,Price is below weekly structure.,Stage 4,9.18,Weak,Volume Drying Up,Volume Drying Up (0.82x vs 10W Avg),-8.41,Underperformed Nifty by 8.41% in 3 Months,False,Not Rated,Wider Risk; Low Liquidity,8.06,9.02,12.5,44.2,58.0,16.85,False,False,False,False,not_true_leader; setup_not_proper_or_not_tight; risk_not_low; not_confirmed_stage2,watchlist,weekly_watchlist,watchlist,11.18,"Stage 4, Stage 4, weekly_vcp_ok, weekly_volume_dryup, weekly_strong, flags=Wider Risk;Low Liquidity, downtrend",578
BLUEJET.NS,Blue Jet Healthcare Limited,Biotechnology,Healthcare,Healthcare,False,Cash,1,Stage 2,Stage 2,Advancing,0.8,Price is above constructive weekly and long-term trend structure with improving relative strength.,Stage 2 - Advancing,22.79,Neutral,Volume Drying Up,Volume Drying Up (0.54x vs 10W Avg),2.75,Outperformed Nifty by 2.75% in 3 Months,True,Not Rated,Wide Weekly Base; Wide Risk; Low Liquidity,17.38,57.47,75.0,20.0,15.0,16.79,False,False,False,False,not_true_leader; setup_not_proper_or_not_tight; risk_not_low,watchlist,weekly_watchlist,watchlist,27.79,"Stage 2, Advancing, trend_template_ok, volume_dryup, weekly_volume_dryup, flags=Wide Weekly Base;Wide Risk;Low Liquidity",579
STYRENIX.NS,Styrenix Performance Materials Limited,Chemicals,Basic Materials,Basic Materials,False,Cash,1,Stage 3,Stage 3,Early,0.68,"Prior strength has shifted into a Stage 3 transition based on trend, relative strength, and volume evidence.",Stage 3 Early,0.0,Weak,Volume Drying Up,Volume Drying Up (0.49x vs 10W Avg),-4.09,Underperformed Nifty by 4.09% in 3 Months,False,Not Rated,Wider Risk; Low Liquidity,9.23,20.4,25.0,20.0,58.0,16.78,False,False,False,False,not_true_leader; setup_not_proper_or_not_tight; risk_not_low; not_confirmed_stage2,watchlist,weekly_watchlist,watchlist,5.0,"Stage 3, Early, volume_dryup, weekly_volume_dryup, flags=Wider Risk;Low Liquidity, distribution_or_weakening_risk",580
JUBLCPL.NS,Jubilant Agri and Consumer Products Limited,Specialty Chemicals,Basic Materials,Basic Materials,False,Cash,1,Stage 2,Stage 2,Advancing,0.8,Price is above constructive weekly and long-term trend structure with improving relative strength.,Stage 2 - Advancing,25.4,Strong,Volume Drying Up,Volume Drying Up (0.31x vs 10W Avg),1.06,Outperformed Nifty by 1.06% in 3 Months,False,Not Rated,Wide Weekly Base; Loose Structure; Wide Risk; Low Liquidity,15.24,70.95,62.5,43.1,15.0,16.57,True,False,False,False,setup_not_proper_or_not_tight; risk_not_low,watchlist,weekly_forming,watchlist,30.4,"Stage 2, Advancing, weekly_vcp_ok, volume_dryup, weekly_volume_dryup, weekly_strong, flags=Wide Weekly Base;Loose Structure;Wide Risk;Low Liquidity",581
MPHASIS.NS,MphasiS Limited,Information Technology Services,Technology,Technology,True,F&O,1,Not Sure,Stage 1,Pending Stage 1,0.55,Blocked public stage jump Stage 4 -> Stage 1; waiting for intermediate/confirmed structure.,Not Sure - Unclear,16.91,Neutral,Volume Drying Up,Volume Drying Up (0.72x vs 10W Avg),2.68,Outperformed Nifty by 2.68% in 3 Months,False,Not Rated,Wide Risk; Low Liquidity,16.12,43.02,0.0,83.1,15.0,16.47,False,True,False,False,not_true_leader; risk_not_low; not_confirmed_stage2,watchlist,weekly_watchlist,watchlist,16.91,"Stage 1, Stage 1, weekly_vcp_ok, volume_dryup, weekly_volume_dryup, weekly_strong, flags=Wide Risk;Low Liquidity, stage1_not_actionable, stage1_needs_more_base | Blocked public stage jump Stage 4 -> Stage 1; waiting for intermediate/confirmed structure.",582
NETWEB.NS,Netweb Technologies India Limited,Technology,Technology,Technology,False,Cash,1,Stage 2,Stage 2,Advancing,0.8,Price is above constructive weekly and long-term trend structure with improving relative strength.,Stage 2 - Advancing,17.92,Strong,Volume Drying Up,Volume Drying Up (0.43x vs 10W Avg),9.96,Outperformed Nifty by 9.96% in 3 Months,True,Not Rated,Loose Structure; Wide Risk; Low Liquidity,19.24,63.96,75.0,12.0,15.0,16.43,False,False,False,False,not_true_leader; setup_not_proper_or_not_tight; risk_not_low,watchlist,weekly_watchlist,watchlist,27.92,"Stage 2, Advancing, trend_template_ok, volume_dryup, weekly_volume_dryup, flags=Loose Structure;Wide Risk;Low Liquidity",583
EIEL.NS,Enviro Infra Engineers Limited,Engineering & Construction,Industrials,Industrials,False,Cash,1,Stage 3,Stage 3,Early,0.68,"Prior strength has shifted into a Stage 3 transition based on trend, relative strength, and volume evidence.",Stage 3 Early,1.18,Weak,Volume Drying Up,Volume Drying Up (0.45x vs 10W Avg),-14.35,Underperformed Nifty by 14.35% in 3 Months,False,Not Rated,Wide Risk; Low Liquidity,13.01,34.52,12.5,31.8,35.0,16.32,False,False,False,False,not_true_leader; setup_not_proper_or_not_tight; risk_not_low; not_confirmed_stage2,watchlist,weekly_watchlist,watchlist,1.18,"Stage 3, Early, volume_dryup, weekly_volume_dryup, flags=Wide Risk;Low Liquidity, distribution_or_weakening_risk",584
BSOFT.NS,BIRLASOFT LIMITED,Information Technology Services,Technology,Technology,False,Cash,1,Stage 4,Stage 4,Stage 4,0.86,Price is below the 30-week trend and below long-term support structure.,Stage 4,9.0,Weak,Volume Drying Up,Volume Drying Up (0.67x vs 10W Avg),5.01,Outperformed Nifty by 5.01% in 3 Months,False,Not Rated,Wide Risk; Low Liquidity,12.03,24.51,0.0,54.2,35.0,16.29,False,False,False,False,not_true_leader; setup_not_proper_or_not_tight; risk_not_low; not_confirmed_stage2,watchlist,weekly_watchlist,watchlist,9.0,"Stage 4, Stage 4, weekly_vcp_ok, volume_dryup, weekly_volume_dryup, weekly_strong, flags=Wide Risk;Low Liquidity, downtrend",585
BHARTIHEXA.NS,Bharti Hexacom Limited,Telecom Services,Communication Services,Communication Services,False,Cash,1,Stage 1,Stage 1,Stage 1,0.64,Price is building a base around long-term weekly structure without a confirmed advancing phase.,Stage 1,12.09,Weak,Volume Drying Up,Volume Drying Up (0.74x vs 10W Avg),4.98,Outperformed Nifty by 4.98% in 3 Months,False,Not Rated,Wide Risk; Low Liquidity,13.69,29.79,12.5,36.0,35.0,16.19,False,False,False,False,not_true_leader; setup_not_proper_or_not_tight; risk_not_low; not_confirmed_stage2,watchlist,weekly_watchlist,watchlist,12.09,"Stage 1, Stage 1, weekly_vcp_ok, weekly_volume_dryup, weekly_strong, flags=Wide Risk;Low Liquidity, stage1_not_actionable, stage1_needs_more_base",586
AMBER.NS,Amber Enterprises India Limited,"Furnishings, Fixtures & Appliances",Consumer Cyclical,Consumer Cyclical,True,F&O,1,Stage 4,Stage 4,Stage 4,0.66,Price is below weekly structure.,Stage 4,12.8,Weak,Volume Drying Up,Volume Drying Up (0.73x vs 10W Avg),-5.57,Underperformed Nifty by 5.57% in 3 Months,False,Not Rated,Wide Risk; Low Liquidity,19.61,16.68,25.0,83.2,15.0,16.17,False,False,False,False,not_true_leader; setup_not_proper_or_not_tight; risk_not_low; not_confirmed_stage2,watchlist,weekly_watchlist,watchlist,12.8,"Stage 4, Stage 4, weekly_vcp_ok, volume_dryup, weekly_volume_dryup, weekly_strong, flags=Wide Risk;Low Liquidity, downtrend",587
ADVENZYMES.NS,Advanced Enzyme Technologies Limited,Specialty Chemicals,Basic Materials,Basic Materials,False,Cash,1,Stage 4,Stage 4,Stage 4,0.66,Price is below weekly structure.,Stage 4,0.0,Weak,Volume Drying Up,Volume Drying Up (0.68x vs 10W Avg),-5.56,Underperformed Nifty by 5.56% in 3 Months,False,Not Rated,Wider Risk; Low Liquidity,10.06,14.44,0.0,48.0,58.0,16.07,False,False,False,False,not_true_leader; setup_not_proper_or_not_tight; risk_not_low; not_confirmed_stage2,watchlist,weekly_watchlist,watchlist,5.0,"Stage 4, Stage 4, volume_dryup, weekly_volume_dryup, flags=Wider Risk;Low Liquidity, downtrend",588
BECTORFOOD.NS,Mrs. Bectors Food Specialities Limited,Packaged Foods,Consumer Defensive,Consumer Defensive,False,Cash,1,Failed Stage 2,Stage 1,Failed Stage 2,0.72,"This stock was recently Stage 2, but the latest structure no longer satisfies Stage 2 rules. It is kept as Failed Stage 2 until a fresh base/repair structure forms.",Failed Stage 2,12.36,Strong,Volume Drying Up,Volume Drying Up (0.12x vs 10W Avg),23.76,Outperformed Nifty by 23.76% in 3 Months,False,Not Rated,Loose Structure; Wide Risk; Low Liquidity,17.03,61.07,50.0,38.2,15.0,16.02,False,False,False,False,not_true_leader; setup_not_proper_or_not_tight; risk_not_low; not_confirmed_stage2,watchlist,weekly_watchlist,watchlist,12.36,"Stage 1, Stage 1, weekly_vcp_ok, volume_dryup, weekly_volume_dryup, weekly_strong, flags=Loose Structure;Wide Risk;Low Liquidity, stage1_not_actionable, stage1_needs_more_base | Stage 2 failed state applied from stage memory.",589
IRCTC.NS,Indian Railway Catering And Tourism Corporation Limited,Consumer Cyclical,Consumer Cyclical,Consumer Cyclical,False,Cash,1,Stage 4,Stage 4,Stage 4,0.86,Price is below the 30-week trend and below long-term support structure.,Stage 4,8.89,Weak,Volume Drying Up,Volume Drying Up (0.68x vs 10W Avg),-3.63,Underperformed Nifty by 3.63% in 3 Months,False,Not Rated,Wider Risk; Low Liquidity,9.5,7.65,0.0,54.2,58.0,15.92,False,False,False,False,not_true_leader; setup_not_proper_or_not_tight; risk_not_low; not_confirmed_stage2,watchlist,weekly_watchlist,watchlist,10.89,"Stage 4, Stage 4, weekly_vcp_ok, volume_dryup, weekly_volume_dryup, weekly_strong, flags=Wider Risk;Low Liquidity, downtrend",590
GPIL.NS,Godawari Power And Ispat limited,Steel,Basic Materials,Basic Materials,False,Cash,1,Stage 4,Stage 4,Stage 4,0.86,Price is below the 30-week trend and below long-term support structure.,Stage 4,1.73,Weak,Volume Drying Up,Volume Drying Up (0.65x vs 10W Avg),-6.36,Underperformed Nifty by 6.36% in 3 Months,False,Not Rated,Wide Risk; Low Liquidity,14.02,4.27,12.5,59.0,35.0,15.58,False,False,False,False,not_true_leader; setup_not_proper_or_not_tight; risk_not_low; not_confirmed_stage2,watchlist,weekly_watchlist,watchlist,11.73,"Stage 4, Stage 4, volume_dryup, weekly_volume_dryup, flags=Wide Risk;Low Liquidity, downtrend",591
IFBIND.NS,IFB Industries Limited,"Furnishings, Fixtures & Appliances",Consumer Cyclical,Consumer Cyclical,False,Cash,1,Stage 4,Stage 4,Stage 4,0.86,Price is below the 30-week trend and below long-term support structure.,Stage 4,0.0,Neutral,Volume Drying Up,Volume Drying Up (0.53x vs 10W Avg),1.02,Outperformed Nifty by 1.02% in 3 Months,False,Not Rated,Wide Weekly Base; Wider Risk; Low Liquidity,10.52,55.92,12.5,16.0,58.0,15.34,False,False,False,False,not_true_leader; setup_not_proper_or_not_tight; risk_not_low; not_confirmed_stage2,watchlist,weekly_watchlist,watchlist,0.0,"Stage 4, Stage 4, volume_dryup, weekly_volume_dryup, flags=Wide Weekly Base;Wider Risk;Low Liquidity, downtrend",592
RAINBOW.NS,Rainbow Childrens Medicare Limited,Medical Care Facilities,Healthcare,Healthcare,False,Cash,1,Failed Stage 2,Stage 3,Failed Stage 2,0.72,"This stock was recently Stage 2, but the latest structure no longer satisfies Stage 2 rules. It is kept as Failed Stage 2 until a fresh base/repair structure forms.",Failed Stage 2,0.0,Neutral,Volume Expanding,Volume Expanding (2.83x vs 10W Avg),-1.71,Underperformed Nifty by 1.71% in 3 Months,False,Not Rated,Wide Risk,13.28,41.38,25.0,0.0,35.0,15.33,False,False,False,False,not_true_leader; setup_not_proper_or_not_tight; risk_not_low; not_confirmed_stage2,watchlist,weekly_watchlist,watchlist,0.0,"Stage 3, Late, flags=Wide Risk, distribution_or_weakening_risk | Stage 2 failed state applied from stage memory.",593
ESABINDIA.NS,Esab India Limited,Tools & Accessories,Industrials,Industrials,False,Cash,1,Failed Stage 2,Stage 3,Failed Stage 2,0.72,"This stock was recently Stage 2, but the latest structure no longer satisfies Stage 2 rules. It is kept as Failed Stage 2 until a fresh base/repair structure forms.",Failed Stage 2,1.57,Weak,Volume Drying Up,Volume Drying Up (0.38x vs 10W Avg),3.98,Outperformed Nifty by 3.98% in 3 Months,False,Not Rated,Wide Risk; Low Liquidity,15.97,37.63,25.0,58.0,15.0,15.15,False,False,False,False,not_true_leader; setup_not_proper_or_not_tight; risk_not_low; not_confirmed_stage2,watchlist,weekly_watchlist,watchlist,3.57,"Stage 3, Early, volume_dryup, weekly_volume_dryup, flags=Wide Risk;Low Liquidity, distribution_or_weakening_risk | Stage 2 failed state applied from stage memory.",594
JKLAKSHMI.NS,JK Lakshmi Cement Limited,Building Materials,Basic Materials,Basic Materials,False,Cash,1,Stage 4,Stage 4,Stage 4,0.86,Price is below the 30-week trend and below long-term support structure.,Stage 4,8.97,Weak,Volume Drying Up,Volume Drying Up (0.84x vs 10W Avg),-7.25,Underperformed Nifty by 7.25% in 3 Months,False,Not Rated,Wider Risk; Low Liquidity,10.05,3.48,0.0,55.1,58.0,15.14,False,False,False,False,not_true_leader; setup_not_proper_or_not_tight; risk_not_low; not_confirmed_stage2,watchlist,weekly_watchlist,watchlist,8.97,"Stage 4, Stage 4, weekly_vcp_ok, volume_dryup, weekly_volume_dryup, weekly_strong, flags=Wider Risk;Low Liquidity, downtrend",595
TRANSRAILL.NS,Transrail Lighting Limited,Engineering & Construction,Industrials,Industrials,False,Cash,1,Stage 4,Stage 4,Stage 4,0.86,Price is below the 30-week trend and below long-term support structure.,Stage 4,2.07,Neutral,Volume Expanding,Volume Expanding (1.91x vs 10W Avg),-0.63,Underperformed Nifty by 0.63% in 3 Months,False,Not Rated,Wider Risk; Low Liquidity,11.23,45.06,12.5,34.2,58.0,15.1,False,False,False,False,not_true_leader; setup_not_proper_or_not_tight; risk_not_low; not_confirmed_stage2,watchlist,weekly_watchlist,watchlist,2.07,"Stage 4, Stage 4, weekly_vcp_ok, weekly_strong, flags=Wider Risk;Low Liquidity, downtrend",596
VBL.NS,Varun Beverages Limited,Consumer Defensive,Consumer Defensive,Consumer Defensive,True,F&O,1,Stage 3,Stage 3,Late,0.76,"Prior strength has shifted into a Stage 3 transition based on trend, relative strength, and volume evidence.",Stage 3 Late,0.0,Weak,Volume Normal,Volume Normal (0.99x vs 10W Avg),-5.8,Underperformed Nifty by 5.8% in 3 Months,False,Not Rated,Wider Risk; Low Liquidity,11.51,34.56,25.0,32.0,58.0,15.05,False,False,False,False,not_true_leader; setup_not_proper_or_not_tight; risk_not_low; not_confirmed_stage2,watchlist,weekly_watchlist,watchlist,0.0,"Stage 3, Late, flags=Wider Risk;Low Liquidity, distribution_or_weakening_risk",597
FORCEMOT.NS,FORCE MOTORS LTD,Auto Manufacturers,Consumer Cyclical,Consumer Cyclical,True,F&O,1,Stage 4,Stage 4,Stage 4,0.86,Price is below the 30-week trend and below long-term support structure.,Stage 4,11.64,Weak,Volume Drying Up,Volume Drying Up (0.82x vs 10W Avg),-1.97,Underperformed Nifty by 1.97% in 3 Months,False,Not Rated,Wide Risk; Low Liquidity,20.34,23.23,12.5,84.1,15.0,14.96,False,False,False,False,not_true_leader; setup_not_proper_or_not_tight; risk_not_low; not_confirmed_stage2,watchlist,weekly_watchlist,watchlist,16.64,"Stage 4, Stage 4, weekly_vcp_ok, volume_dryup, weekly_volume_dryup, weekly_strong, flags=Wide Risk;Low Liquidity, downtrend",598
NAM-INDIA.NS,Nippon Life India Asset Management Limited,Asset Management,Financial Services,Financial Services,True,F&O,1,Failed Stage 2,Stage 3,Failed Stage 2,0.72,"This stock was recently Stage 2, but the latest structure no longer satisfies Stage 2 rules. It is kept as Failed Stage 2 until a fresh base/repair structure forms.",Failed Stage 2,0.0,Neutral,Volume Drying Up,Volume Drying Up (0.78x vs 10W Avg),-4.59,Underperformed Nifty by 4.59% in 3 Months,False,Not Rated,Wider Risk; Low Liquidity,11.3,40.87,50.0,0.0,58.0,14.89,False,False,False,False,not_true_leader; setup_not_proper_or_not_tight; risk_not_low; not_confirmed_stage2,watchlist,weekly_watchlist,watchlist,0.0,"Stage 3, Late, volume_dryup, weekly_volume_dryup, flags=Wider Risk;Low Liquidity, distribution_or_weakening_risk | Stage 2 failed state applied from stage memory.",599
DALBHARAT.NS,Dalmia Bharat Limited,Building Materials,Basic Materials,Basic Materials,True,F&O,1,Stage 4,Stage 4,Stage 4,0.66,Price is below weekly structure.,Stage 4,11.8,Weak,Volume Drying Up,Volume Drying Up (0.48x vs 10W Avg),1.78,Outperformed Nifty by 1.78% in 3 Months,False,Not Rated,Wide Risk; Low Liquidity,15.47,23.72,12.5,83.2,15.0,14.86,False,False,False,False,not_true_leader; setup_not_proper_or_not_tight; risk_not_low; not_confirmed_stage2,watchlist,weekly_watchlist,watchlist,11.8,"Stage 4, Stage 4, weekly_vcp_ok, volume_dryup, weekly_volume_dryup, weekly_strong, flags=Wide Risk;Low Liquidity, downtrend",600
HINDUNILVR.NS,Hindustan Unilever Limited,Household & Personal Products,Consumer Defensive,Consumer Defensive,True,F&O,1,Stage 4,Stage 4,Stage 4,0.86,Price is below the 30-week trend and below long-term support structure.,Stage 4,8.53,Weak,Volume Normal,Volume Normal (1.03x vs 10W Avg),-7.86,Underperformed Nifty by 7.86% in 3 Months,False,Not Rated,Wider Risk; Low Liquidity,9.33,4.97,0.0,52.2,58.0,14.8,False,False,False,False,not_true_leader; setup_not_proper_or_not_tight; risk_not_low; not_confirmed_stage2,watchlist,weekly_watchlist,watchlist,10.53,"Stage 4, Stage 4, weekly_vcp_ok, weekly_strong, flags=Wider Risk;Low Liquidity, downtrend",601
DHANUKA.NS,Dhanuka Agritech Limited,Agricultural Inputs,Basic Materials,Basic Materials,False,Cash,1,Stage 4,Stage 4,Stage 4,0.86,Price is below the 30-week trend and below long-term support structure.,Stage 4,0.0,Weak,Volume Drying Up,Volume Drying Up (0.65x vs 10W Avg),-7.9,Underperformed Nifty by 7.9% in 3 Months,False,Not Rated,Wider Risk; Low Liquidity,10.64,8.44,0.0,48.0,58.0,14.63,False,False,False,False,not_true_leader; setup_not_proper_or_not_tight; risk_not_low; not_confirmed_stage2,watchlist,weekly_watchlist,watchlist,0.0,"Stage 4, Stage 4, volume_dryup, weekly_volume_dryup, flags=Wider Risk;Low Liquidity, downtrend",602
SHRIRAMFIN.NS,Shriram Finance Limited,Credit Services,Financial Services,Financial Services,True,F&O,1,Failed Stage 2,Stage 1,Failed Stage 2,0.72,"This stock was recently Stage 2, but the latest structure no longer satisfies Stage 2 rules. It is kept as Failed Stage 2 until a fresh base/repair structure forms.",Failed Stage 2,11.38,Weak,Volume Normal,Volume Normal (1.05x vs 10W Avg),-0.69,Underperformed Nifty by 0.69% in 3 Months,False,Not Rated,Wide Risk; Low Liquidity,15.64,37.8,37.5,43.1,15.0,14.62,False,False,False,False,not_true_leader; setup_not_proper_or_not_tight; risk_not_low; not_confirmed_stage2,watchlist,weekly_watchlist,watchlist,13.38,"Stage 1, Stage 1, weekly_vcp_ok, weekly_strong, flags=Wide Risk;Low Liquidity, stage1_not_actionable, stage1_needs_more_base | Stage 2 failed state applied from stage memory.",603
DEEPAKNTR.NS,Deepak Nitrite Limited,Chemicals,Basic Materials,Basic Materials,False,Cash,1,Failed Stage 2,Stage 3,Failed Stage 2,0.72,"This stock was recently Stage 2, but the latest structure no longer satisfies Stage 2 rules. It is kept as Failed Stage 2 until a fresh base/repair structure forms.",Failed Stage 2,10.05,Weak,Volume Drying Up,Volume Drying Up (0.32x vs 10W Avg),2.72,Outperformed Nifty by 2.72% in 3 Months,False,Not Rated,Wide Risk; Low Liquidity,16.91,39.04,25.0,54.2,15.0,14.58,False,False,False,False,not_true_leader; setup_not_proper_or_not_tight; risk_not_low; not_confirmed_stage2,watchlist,weekly_watchlist,watchlist,15.05,"Stage 3, Late, weekly_vcp_ok, volume_dryup, weekly_volume_dryup, weekly_strong, flags=Wide Risk;Low Liquidity, distribution_or_weakening_risk | Stage 2 failed state applied from stage memory.",604
EMUDHRA.NS,eMudhra Limited,Software - Application,Technology,Technology,False,Cash,1,Stage 2,Stage 2,Advancing,0.8,Price is above constructive weekly and long-term trend structure with improving relative strength.,Stage 2 - Advancing,30.68,Very Strong,Volume Drying Up,Volume Drying Up (0.61x vs 10W Avg),43.52,Outperformed Nifty by 43.52% in 3 Months,True,Not Rated,Wide Weekly Base; Loose Structure; Wide Risk; Low Liquidity,22.65,80.0,75.0,13.1,15.0,14.54,True,False,False,False,setup_not_proper_or_not_tight; risk_not_low,watchlist,weekly_breakout,watchlist,35.68,"Stage 2, Advancing, trend_template_ok, weekly_vcp_ok, weekly_volume_dryup, weekly_strong, flags=Wide Weekly Base;Loose Structure;Wide Risk;Low Liquidity",605
SFL.NS,Sheela Foam Limited,"Furnishings, Fixtures & Appliances",Consumer Cyclical,Consumer Cyclical,False,Cash,1,Failed Stage 2,Stage 3,Failed Stage 2,0.72,"This stock was recently Stage 2, but the latest structure no longer satisfies Stage 2 rules. It is kept as Failed Stage 2 until a fresh base/repair structure forms.",Failed Stage 2,0.0,Weak,Volume Drying Up,Volume Drying Up (0.42x vs 10W Avg),-8.78,Underperformed Nifty by 8.78% in 3 Months,False,Not Rated,Wide Risk; Low Liquidity,25.89,37.1,50.0,30.0,15.0,14.3,False,False,False,False,not_true_leader; setup_not_proper_or_not_tight; risk_not_low; not_confirmed_stage2,watchlist,weekly_watchlist,watchlist,0.0,"Stage 3, Early, volume_dryup, weekly_volume_dryup, flags=Wide Risk;Low Liquidity, distribution_or_weakening_risk | Stage 2 failed state applied from stage memory.",606
ASIANPAINT.NS,Asian Paints Limited,Specialty Chemicals,Basic Materials,Basic Materials,True,F&O,1,Stage 3,Stage 3,Early,0.68,"Prior strength has shifted into a Stage 3 transition based on trend, relative strength, and volume evidence.",Stage 3 Early,13.29,Weak,Volume Drying Up,Volume Normal (0.90x vs 10W Avg),-5.99,Underperformed Nifty by 5.99% in 3 Months,False,Not Rated,Wide Risk; Low Liquidity,17.01,21.3,12.5,82.2,15.0,14.04,False,False,False,False,not_true_leader; setup_not_proper_or_not_tight; risk_not_low; not_confirmed_stage2,watchlist,weekly_watchlist,watchlist,18.29,"Stage 3, Early, weekly_vcp_ok, volume_dryup, weekly_volume_dryup, weekly_strong, flags=Wide Risk;Low Liquidity, distribution_or_weakening_risk",607
INDOSTAR.NS,IndoStar Capital Finance Limited,Credit Services,Financial Services,Financial Services,False,Cash,1,Failed Stage 2,Stage 3,Failed Stage 2,0.72,"This stock was recently Stage 2, but the latest structure no longer satisfies Stage 2 rules. It is kept as Failed Stage 2 until a fresh base/repair structure forms.",Failed Stage 2,9.9,Weak,Volume Drying Up,Volume Drying Up (0.61x vs 10W Avg),-10.46,Underperformed Nifty by 10.46% in 3 Months,False,Not Rated,Wide Risk; Low Liquidity,21.45,15.79,25.0,75.1,15.0,14.01,False,False,False,False,not_true_leader; setup_not_proper_or_not_tight; risk_not_low; not_confirmed_stage2,watchlist,weekly_watchlist,watchlist,11.9,"Stage 3, Early, weekly_vcp_ok, volume_dryup, weekly_volume_dryup, weekly_strong, flags=Wide Risk;Low Liquidity, distribution_or_weakening_risk | Stage 2 failed state applied from stage memory.",608
BAJAJFINSV.NS,Bajaj Finserv Limited,Financial Services,Financial Services,Financial Services,True,F&O,1,Not Sure,Stage 1,Pending Stage 1,0.55,Blocked public stage jump Stage 4 -> Stage 1; waiting for intermediate/confirmed structure.,Not Sure - Unclear,14.33,Weak,Volume Drying Up,Volume Normal (1.10x vs 10W Avg),-0.67,Underperformed Nifty by 0.67% in 3 Months,False,Not Rated,Wide Risk; Low Liquidity,16.4,20.49,12.5,82.2,15.0,13.85,False,True,False,False,not_true_leader; risk_not_low; not_confirmed_stage2,watchlist,weekly_watchlist,watchlist,14.33,"Stage 1, Stage 1, weekly_vcp_ok, volume_dryup, weekly_strong, flags=Wide Risk;Low Liquidity, stage1_not_actionable, stage1_needs_more_base | Blocked public stage jump Stage 4 -> Stage 1; waiting for intermediate/confirmed structure.",609
CEMPRO.NS,Cemindia Projects Limited,Engineering & Construction,Industrials,Industrials,False,Cash,1,Failed Stage 2,Stage 3,Failed Stage 2,0.72,"This stock was recently Stage 2, but the latest structure no longer satisfies Stage 2 rules. It is kept as Failed Stage 2 until a fresh base/repair structure forms.",Failed Stage 2,5.04,Weak,Volume Drying Up,Volume Drying Up (0.38x vs 10W Avg),-14.84,Underperformed Nifty by 14.84% in 3 Months,False,Not Rated,Wide Base; Loose Structure; Wide Risk; Low Liquidity,13.28,35.0,62.5,21.0,35.0,13.84,False,False,False,False,not_true_leader; setup_not_proper_or_not_tight; risk_not_low; not_confirmed_stage2,watchlist,weekly_watchlist,watchlist,5.04,"Stage 3, Early, volume_dryup, weekly_volume_dryup, flags=Wide Base;Loose Structure;Wide Risk;Low Liquidity, distribution_or_weakening_risk | Stage 2 failed state applied from stage memory.",610
JSWENERGY.NS,JSW Energy Limited,Utilities,Utilities,Utilities,True,F&O,1,Stage 4,Stage 4,Stage 4,0.66,Price is below weekly structure.,Stage 4,9.74,Weak,Volume Normal,Volume Normal (0.88x vs 10W Avg),-2.83,Underperformed Nifty by 2.83% in 3 Months,False,Not Rated,Wide Risk; Low Liquidity,20.64,17.78,25.0,72.2,15.0,13.8,False,False,False,False,not_true_leader; setup_not_proper_or_not_tight; risk_not_low; not_confirmed_stage2,watchlist,weekly_watchlist,watchlist,9.74,"Stage 4, Stage 4, weekly_vcp_ok, weekly_volume_dryup, weekly_strong, flags=Wide Risk;Low Liquidity, downtrend",611
IXIGO.NS,Le Travenues Technology Limited,Consumer Cyclical,Consumer Cyclical,Consumer Cyclical,False,Cash,1,Stage 4,Stage 4,Stage 4,0.86,Price is below the 30-week trend and below long-term support structure.,Stage 4,0.0,Weak,Volume Drying Up,Volume Drying Up (0.71x vs 10W Avg),-17.68,Underperformed Nifty by 17.68% in 3 Months,False,Not Rated,Wider Risk; Low Liquidity,11.03,20.92,0.0,32.0,58.0,13.78,False,False,False,False,not_true_leader; setup_not_proper_or_not_tight; risk_not_low; not_confirmed_stage2,watchlist,weekly_watchlist,watchlist,2.0,"Stage 4, Stage 4, weekly_volume_dryup, flags=Wider Risk;Low Liquidity, downtrend",612
KPIGREEN.NS,KPI Green Energy Limited,Utilities - Renewable,Utilities,Utilities,False,Cash,1,Stage 4,Stage 4,Stage 4,0.86,Price is below the 30-week trend and below long-term support structure.,Stage 4,8.17,Weak,Volume Expanding,Volume Expanding (2.47x vs 10W Avg),-4.01,Underperformed Nifty by 4.01% in 3 Months,False,Not Rated,Wide Base; Loose Structure; Low Liquidity,0.71,25.29,25.0,24.2,100.0,13.68,False,False,True,False,not_true_leader; setup_not_proper_or_not_tight; not_confirmed_stage2,watchlist,weekly_watchlist,watchlist,8.17,"Stage 4, Stage 4, weekly_vcp_ok, weekly_strong, flags=Wide Base;Loose Structure;Low Liquidity, downtrend",613
KIRLPNU.NS,Kirloskar Pneumatic Company Limited,Specialty Industrial Machinery,Industrials,Industrials,False,Cash,1,Stage 3,Stage 3,Early,0.68,"Prior strength has shifted into a Stage 3 transition based on trend, relative strength, and volume evidence.",Stage 3 Early,4.36,Weak,Volume Drying Up,Volume Drying Up (0.31x vs 10W Avg),-19.08,Underperformed Nifty by 19.08% in 3 Months,False,Not Rated,Wide Weekly Base; Wide Risk,13.51,20.0,25.0,6.0,35.0,13.64,False,False,False,False,not_true_leader; setup_not_proper_or_not_tight; risk_not_low; not_confirmed_stage2,watchlist,weekly_watchlist,watchlist,14.36,"Stage 3, Early, volume_dryup, weekly_volume_dryup, flags=Wide Weekly Base;Wide Risk, distribution_or_weakening_risk",614
HINDCOPPER.NS,Hindustan Copper Limited,Basic Materials,Basic Materials,Basic Materials,False,Cash,1,Stage 4,Stage 4,Stage 4,0.86,Price is below the 30-week trend and below long-term support structure.,Stage 4,8.15,Weak,Volume Drying Up,Volume Drying Up (0.56x vs 10W Avg),2.72,Outperformed Nifty by 2.72% in 3 Months,False,Not Rated,Wide Weekly Base; Wide Risk; Low Liquidity,13.59,27.39,25.0,40.2,35.0,13.62,False,False,False,False,not_true_leader; setup_not_proper_or_not_tight; risk_not_low; not_confirmed_stage2,watchlist,weekly_watchlist,watchlist,8.15,"Stage 4, Stage 4, weekly_vcp_ok, volume_dryup, weekly_volume_dryup, weekly_strong, flags=Wide Weekly Base;Wide Risk;Low Liquidity, downtrend",615
VGUARD.NS,V-Guard Industries Limited,Electrical Equipment & Parts,Industrials,Industrials,False,Cash,1,Stage 1,Stage 1,Stage 1,0.64,Price is building a base around long-term weekly structure without a confirmed advancing phase.,Stage 1,16.86,Weak,Volume Drying Up,Volume Drying Up (0.29x vs 10W Avg),4.28,Outperformed Nifty by 4.28% in 3 Months,False,Not Rated,Wide Risk; Low Liquidity,15.71,27.29,12.5,74.2,15.0,13.56,False,True,False,False,not_true_leader; risk_not_low; not_confirmed_stage2,watchlist,weekly_watchlist,watchlist,26.86,"Stage 1, Stage 1, weekly_vcp_ok, volume_dryup, weekly_volume_dryup, weekly_strong, flags=Wide Risk;Low Liquidity, stage1_not_actionable, stage1_needs_more_base",616
VIPIND.NS,VIP Industries Limited,Consumer Cyclical,Consumer Cyclical,Consumer Cyclical,False,Cash,1,Stage 4,Stage 4,Stage 4,0.86,Price is below the 30-week trend and below long-term support structure.,Stage 4,10.22,Neutral,Volume Drying Up,Volume Drying Up (0.61x vs 10W Avg),3.01,Outperformed Nifty by 3.01% in 3 Months,False,Not Rated,Wide Risk; Low Liquidity,17.1,41.8,0.0,72.1,15.0,13.54,False,False,False,False,not_true_leader; setup_not_proper_or_not_tight; risk_not_low; not_confirmed_stage2,watchlist,weekly_watchlist,watchlist,12.22,"Stage 4, Stage 4, weekly_vcp_ok, weekly_volume_dryup, weekly_strong, flags=Wide Risk;Low Liquidity, downtrend",617
CARYSIL.NS,CARYSIL LIMITED,"Furnishings, Fixtures & Appliances",Consumer Cyclical,Consumer Cyclical,False,Cash,1,Failed Stage 2,Stage 3,Failed Stage 2,0.72,"This stock was recently Stage 2, but the latest structure no longer satisfies Stage 2 rules. It is kept as Failed Stage 2 until a fresh base/repair structure forms.",Failed Stage 2,0.53,Neutral,Volume Expanding,Volume Normal (1.06x vs 10W Avg),-2.62,Underperformed Nifty by 2.62% in 3 Months,False,Not Rated,Wide Risk; Low Liquidity,20.11,42.64,50.0,21.0,15.0,13.47,False,False,False,False,not_true_leader; setup_not_proper_or_not_tight; risk_not_low; not_confirmed_stage2,watchlist,weekly_watchlist,watchlist,0.53,"Stage 3, Early, flags=Wide Risk;Low Liquidity, distribution_or_weakening_risk | Stage 2 failed state applied from stage memory.",618
DIACABS.NS,Diamond Power Infrastructure Limited,Specialty Industrial Machinery,Industrials,Industrials,False,Cash,1,Stage 2,Stage 2,Extended,0.78,"Weekly advancing structure remains intact, but price is stretched versus key moving averages.",Stage 2 - Extended,9.36,Very Strong,Volume Drying Up,Volume Drying Up (0.20x vs 10W Avg),68.71,Outperformed Nifty by 68.71% in 3 Months,True,Not Rated,Loose Structure; Extended; Wide Risk; Circuit Risk; Low Liquidity,16.63,80.0,100.0,0.0,15.0,13.4,True,False,False,False,setup_not_proper_or_not_tight; risk_not_low; extended_structure,watchlist,weekly_watchlist,watchlist,19.36,"Stage 2, Extended, trend_template_ok, volume_dryup, weekly_volume_dryup, flags=Loose Structure;Extended;Wide Risk;Circuit Risk;Low Liquidity",619
VSTIND.NS,VST Industries Limited,Consumer Defensive,Consumer Defensive,Consumer Defensive,False,Cash,1,Stage 4,Stage 4,Stage 4,0.66,Price is below weekly structure.,Stage 4,0.0,Weak,Volume Drying Up,Volume Drying Up (0.53x vs 10W Avg),-13.9,Underperformed Nifty by 13.9% in 3 Months,False,Not Rated,Wide Risk; Low Liquidity,14.94,24.01,12.5,30.0,35.0,13.36,False,False,False,False,not_true_leader; setup_not_proper_or_not_tight; risk_not_low; not_confirmed_stage2,watchlist,weekly_watchlist,watchlist,0.0,"Stage 4, Stage 4, volume_dryup, weekly_volume_dryup, flags=Wide Risk;Low Liquidity, downtrend",620
AXISCADES.NS,AXISCADES Technologies Limited,Engineering & Construction,Industrials,Industrials,False,Cash,1,Stage 2,Stage 2,Extended,0.78,"Weekly advancing structure remains intact, but price is stretched versus key moving averages.",Stage 2 - Extended,28.83,Very Strong,Volume Expanding,Volume Expanding (3.07x vs 10W Avg),46.51,Outperformed Nifty by 46.51% in 3 Months,True,Not Rated,Wide Base; Wide Weekly Base; Loose Structure; Extended; Wide Risk; Low Liquidity,19.28,100.0,87.5,0.0,15.0,13.2,True,False,False,False,setup_not_proper_or_not_tight; risk_not_low; extended_structure,watchlist,weekly_watchlist,watchlist,28.83,"Stage 2, Extended, trend_template_ok, flags=Wide Base;Wide Weekly Base;Loose Structure;Extended;Wide Risk;Low Liquidity",621
GODREJCP.NS,Godrej Consumer Products Limited,Household & Personal Products,Consumer Defensive,Consumer Defensive,True,F&O,1,Stage 4,Stage 4,Stage 4,0.86,Price is below the 30-week trend and below long-term support structure.,Stage 4,1.34,Weak,Volume Drying Up,Volume Drying Up (0.62x vs 10W Avg),-15.54,Underperformed Nifty by 15.54% in 3 Months,False,Not Rated,Low Liquidity,4.99,0.0,0.0,54.2,100.0,12.81,False,False,True,False,not_true_leader; setup_not_proper_or_not_tight; not_confirmed_stage2,watchlist,weekly_watchlist,watchlist,3.34,"Stage 4, Stage 4, weekly_vcp_ok, volume_dryup, weekly_volume_dryup, weekly_strong, flags=Low Liquidity, downtrend",622
RALLIS.NS,Rallis India Limited,Agricultural Inputs,Basic Materials,Basic Materials,False,Cash,1,Stage 4,Stage 4,Stage 4,0.86,Price is below the 30-week trend and below long-term support structure.,Stage 4,0.0,Weak,Volume Drying Up,Volume Drying Up (0.52x vs 10W Avg),-7.14,Underperformed Nifty by 7.14% in 3 Months,False,Not Rated,Wider Risk; Low Liquidity,8.99,18.58,0.0,30.0,58.0,12.74,False,False,False,False,not_true_leader; setup_not_proper_or_not_tight; risk_not_low; not_confirmed_stage2,watchlist,weekly_watchlist,watchlist,0.0,"Stage 4, Stage 4, volume_dryup, weekly_volume_dryup, flags=Wider Risk;Low Liquidity, downtrend",623
INTERARCH.NS,Interarch Building Solutions Limited,Engineering & Construction,Industrials,Industrials,False,Cash,1,Stage 4,Stage 4,Stage 4,0.86,Price is below the 30-week trend and below long-term support structure.,Stage 4,0.0,Weak,Volume Normal,Volume Normal (1.09x vs 10W Avg),-3.5,Underperformed Nifty by 3.5% in 3 Months,False,Not Rated,Low Liquidity,6.46,25.48,0.0,40.4,82.0,12.73,False,False,True,False,not_true_leader; setup_not_proper_or_not_tight; not_confirmed_stage2,watchlist,weekly_watchlist,watchlist,0.0,"Stage 4, Stage 4, flags=Low Liquidity, downtrend",624
ARE&M.NS,Amara Raja Energy & Mobility Limited,Electrical Equipment & Parts,Industrials,Industrials,False,Cash,1,Stage 4,Stage 4,Stage 4,0.66,Price is below weekly structure.,Stage 4,10.82,Weak,Volume Drying Up,Volume Drying Up (0.49x vs 10W Avg),-4.05,Underperformed Nifty by 4.05% in 3 Months,False,Not Rated,Wide Risk; Low Liquidity,26.4,18.87,12.5,78.87,15.0,12.66,False,False,False,False,not_true_leader; setup_not_proper_or_not_tight; risk_not_low; not_confirmed_stage2,watchlist,weekly_watchlist,watchlist,20.82,"Stage 4, Stage 4, weekly_vcp_ok, volume_dryup, weekly_volume_dryup, weekly_strong, flags=Wide Risk;Low Liquidity, downtrend",625
M&M.NS,Mahindra & Mahindra Limited,Auto Manufacturers,Consumer Cyclical,Consumer Cyclical,True,F&O,1,Stage 4,Stage 4,Stage 4,0.66,Price is below weekly structure.,Stage 4,8.97,Weak,Volume Normal,Volume Normal (1.13x vs 10W Avg),-1.05,Underperformed Nifty by 1.05% in 3 Months,False,Not Rated,Wide Risk; Low Liquidity,17.39,27.56,12.5,70.2,15.0,12.66,False,False,False,False,not_true_leader; setup_not_proper_or_not_tight; risk_not_low; not_confirmed_stage2,watchlist,weekly_watchlist,watchlist,13.97,"Stage 4, Stage 4, weekly_vcp_ok, weekly_strong, flags=Wide Risk;Low Liquidity, downtrend",626
EMBDL.NS,Embassy Developments Limited,Real Estate,Real Estate,Real Estate,False,Cash,1,Not Sure,Stage 1,Pending Stage 1,0.55,Blocked public stage jump Stage 4 -> Stage 1; waiting for intermediate/confirmed structure.,Not Sure - Unclear,4.98,Strong,Volume Drying Up,Volume Drying Up (0.75x vs 10W Avg),0.15,Outperformed Nifty by 0.15% in 3 Months,False,Not Rated,Wide Weekly Base; Wider Risk; Low Liquidity,9.32,60.13,37.5,8.0,58.0,12.43,False,False,False,False,not_true_leader; setup_not_proper_or_not_tight; risk_not_low; not_confirmed_stage2,watchlist,weekly_watchlist,watchlist,6.98,"Stage 1, Stage 1, weekly_vcp_ok, weekly_volume_dryup, weekly_strong, flags=Wide Weekly Base;Wider Risk;Low Liquidity, stage1_not_actionable, stage1_needs_more_base | Blocked public stage jump Stage 4 -> Stage 1; waiting for intermediate/confirmed structure.",627
BIRLACORPN.NS,Birla Corporation Limited,Building Materials,Basic Materials,Basic Materials,False,Cash,1,Stage 4,Stage 4,Stage 4,0.86,Price is below the 30-week trend and below long-term support structure.,Stage 4,1.55,Weak,Volume Drying Up,Volume Drying Up (0.57x vs 10W Avg),-6.02,Underperformed Nifty by 6.02% in 3 Months,False,Not Rated,Wide Risk; Low Liquidity,14.1,26.83,0.0,69.1,35.0,12.42,False,False,False,False,not_true_leader; setup_not_proper_or_not_tight; risk_not_low; not_confirmed_stage2,watchlist,weekly_watchlist,watchlist,1.55,"Stage 4, Stage 4, weekly_vcp_ok, volume_dryup, weekly_volume_dryup, weekly_strong, flags=Wide Risk;Low Liquidity, downtrend",628
SANDHAR.NS,Sandhar Technologies Limited,Auto Parts,Consumer Cyclical,Consumer Cyclical,False,Cash,1,Failed Stage 2,Stage 3,Failed Stage 2,0.72,"This stock was recently Stage 2, but the latest structure no longer satisfies Stage 2 rules. It is kept as Failed Stage 2 until a fresh base/repair structure forms.",Failed Stage 2,0.0,Weak,Volume Drying Up,Volume Drying Up (0.55x vs 10W Avg),-7.42,Underperformed Nifty by 7.42% in 3 Months,False,Not Rated,Wide Risk; Low Liquidity,16.67,38.32,50.0,20.0,15.0,12.2,False,False,False,False,not_true_leader; setup_not_proper_or_not_tight; risk_not_low; not_confirmed_stage2,watchlist,weekly_watchlist,watchlist,5.0,"Stage 3, Early, volume_dryup, weekly_volume_dryup, flags=Wide Risk;Low Liquidity, distribution_or_weakening_risk | Stage 2 failed state applied from stage memory.",629
VMM.NS,Vishal Mega Mart Limited,Consumer Cyclical,Consumer Cyclical,Consumer Cyclical,True,F&O,1,Stage 4,Stage 4,Stage 4,0.86,Price is below the 30-week trend and below long-term support structure.,Stage 4,7.44,Weak,Volume Normal,Volume Normal (1.05x vs 10W Avg),-8.38,Underperformed Nifty by 8.38% in 3 Months,False,Not Rated,Wide Risk; Low Liquidity,13.43,19.39,0.0,42.2,35.0,12.18,False,False,False,False,not_true_leader; setup_not_proper_or_not_tight; risk_not_low; not_confirmed_stage2,watchlist,weekly_watchlist,watchlist,9.44,"Stage 4, Stage 4, weekly_vcp_ok, weekly_strong, flags=Wide Risk;Low Liquidity, downtrend",630
SWIGGY.NS,Swiggy Limited,Consumer Cyclical,Consumer Cyclical,Consumer Cyclical,True,F&O,1,Stage 4,Stage 4,Stage 4,0.86,Price is below the 30-week trend and below long-term support structure.,Stage 4,9.95,Weak,Volume Drying Up,Volume Drying Up (0.54x vs 10W Avg),7.5,Outperformed Nifty by 7.5% in 3 Months,False,Not Rated,Wide Risk; Low Liquidity,18.18,30.85,0.0,77.0,15.0,12.08,False,False,False,False,not_true_leader; setup_not_proper_or_not_tight; risk_not_low; not_confirmed_stage2,watchlist,weekly_watchlist,watchlist,11.95,"Stage 4, Stage 4, weekly_vcp_ok, volume_dryup, weekly_volume_dryup, weekly_strong, flags=Wide Risk;Low Liquidity, downtrend",631
ZENTEC.NS,Zen Technologies Limited,Aerospace & Defense,Industrials,Industrials,False,Cash,1,Failed Stage 2,Stage 3,Failed Stage 2,0.72,"This stock was recently Stage 2, but the latest structure no longer satisfies Stage 2 rules. It is kept as Failed Stage 2 until a fresh base/repair structure forms.",Failed Stage 2,0.0,Weak,Volume Drying Up,Volume Drying Up (0.55x vs 10W Avg),-6.52,Underperformed Nifty by 6.52% in 3 Months,False,Not Rated,Wide Risk; Low Liquidity,15.19,37.16,50.0,20.0,15.0,11.92,False,False,False,False,not_true_leader; setup_not_proper_or_not_tight; risk_not_low; not_confirmed_stage2,watchlist,weekly_watchlist,watchlist,10.0,"Stage 3, Early, volume_dryup, weekly_volume_dryup, flags=Wide Risk;Low Liquidity, distribution_or_weakening_risk | Stage 2 failed state applied from stage memory.",632
FINPIPE.NS,Finolex Industries Limited,Building Products & Equipment,Industrials,Industrials,False,Cash,1,Stage 4,Stage 4,Stage 4,0.86,Price is below the 30-week trend and below long-term support structure.,Stage 4,8.7,Weak,Volume Drying Up,Volume Drying Up (0.72x vs 10W Avg),-4.46,Underperformed Nifty by 4.46% in 3 Months,False,Not Rated,Wide Risk; Low Liquidity,19.39,27.67,0.0,78.87,15.0,11.77,False,False,False,False,not_true_leader; setup_not_proper_or_not_tight; risk_not_low; not_confirmed_stage2,watchlist,weekly_watchlist,watchlist,8.7,"Stage 4, Stage 4, weekly_vcp_ok, volume_dryup, weekly_volume_dryup, weekly_strong, flags=Wide Risk;Low Liquidity, downtrend",633
CONCOR.NS,Container Corporation of India Limited,Industrials,Industrials,Industrials,True,F&O,1,Not Sure,Stage 1,Pending Stage 1,0.55,Blocked public stage jump Stage 4 -> Stage 1; waiting for intermediate/confirmed structure.,Not Sure - Unclear,13.62,Weak,Volume Normal,Volume Normal (0.86x vs 10W Avg),0.25,Outperformed Nifty by 0.25% in 3 Months,False,Not Rated,Wide Risk; Low Liquidity,18.45,18.72,25.0,62.2,15.0,11.62,False,False,False,False,not_true_leader; setup_not_proper_or_not_tight; risk_not_low; not_confirmed_stage2,watchlist,weekly_watchlist,watchlist,13.62,"Stage 1, Stage 1, weekly_vcp_ok, weekly_volume_dryup, weekly_strong, flags=Wide Risk;Low Liquidity, stage1_not_actionable, stage1_needs_more_base | Blocked public stage jump Stage 4 -> Stage 1; waiting for intermediate/confirmed structure.",634
SBFC.NS,SBFC Finance Limited,Credit Services,Financial Services,Financial Services,False,Cash,1,Stage 4,Stage 4,Stage 4,0.86,Price is below the 30-week trend and below long-term support structure.,Stage 4,10.67,Weak,Volume Drying Up,Volume Normal (0.99x vs 10W Avg),-0.78,Underperformed Nifty by 0.78% in 3 Months,False,Not Rated,Wide Risk; Low Liquidity,19.91,29.29,0.0,76.2,15.0,11.52,False,False,False,False,not_true_leader; setup_not_proper_or_not_tight; risk_not_low; not_confirmed_stage2,watchlist,weekly_watchlist,watchlist,12.67,"Stage 4, Stage 4, weekly_vcp_ok, volume_dryup, weekly_strong, flags=Wide Risk;Low Liquidity, downtrend",635
BHARATFORG.NS,Bharat Forge Limited,Auto Parts,Consumer Cyclical,Consumer Cyclical,True,F&O,1,Stage 3,Stage 3,Late,0.76,"Prior strength has shifted into a Stage 3 transition based on trend, relative strength, and volume evidence.",Stage 3 Late,0.0,Neutral,Volume Normal,Volume Normal (0.89x vs 10W Avg),-3.15,Underperformed Nifty by 3.15% in 3 Months,False,Not Rated,Wide Risk; Low Liquidity,12.24,42.17,50.0,0.0,35.0,11.52,False,False,False,False,not_true_leader; setup_not_proper_or_not_tight; risk_not_low; not_confirmed_stage2,watchlist,weekly_watchlist,watchlist,5.0,"Stage 3, Late, weekly_volume_dryup, flags=Wide Risk;Low Liquidity, distribution_or_weakening_risk",636
KIOCL.NS,KIOCL Limited,Steel,Basic Materials,Basic Materials,False,Cash,1,Stage 4,Stage 4,Stage 4,0.66,Price is below weekly structure.,Stage 4,7.46,Weak,Volume Drying Up,Volume Drying Up (0.33x vs 10W Avg),-7.35,Underperformed Nifty by 7.35% in 3 Months,False,Not Rated,Wide Risk; Low Liquidity,21.36,10.52,12.5,82.2,15.0,11.45,False,False,False,False,not_true_leader; setup_not_proper_or_not_tight; risk_not_low; not_confirmed_stage2,watchlist,weekly_watchlist,watchlist,17.46,"Stage 4, Stage 4, weekly_vcp_ok, volume_dryup, weekly_volume_dryup, weekly_strong, flags=Wide Risk;Low Liquidity, downtrend",637
COFORGE.NS,Coforge Limited,Information Technology Services,Technology,Technology,True,F&O,1,Stage 2,Stage 2,Advancing,0.8,Price is above constructive weekly and long-term trend structure with improving relative strength.,Stage 2 - Advancing,18.55,Very Strong,Volume Drying Up,Volume Drying Up (0.60x vs 10W Avg),25.11,Outperformed Nifty by 25.11% in 3 Months,True,Not Rated,Wide Weekly Base; Loose Structure; Wide Risk; Low Liquidity,15.2,80.0,75.0,0.0,15.0,11.4,True,False,False,False,setup_not_proper_or_not_tight; risk_not_low,watchlist,weekly_watchlist,watchlist,18.55,"Stage 2, Advancing, trend_template_ok, volume_dryup, weekly_volume_dryup, flags=Wide Weekly Base;Loose Structure;Wide Risk;Low Liquidity",638
TANLA.NS,Tanla Platforms Limited,Software - Application,Technology,Technology,False,Cash,1,Stage 4,Stage 4,Stage 4,0.86,Price is below the 30-week trend and below long-term support structure.,Stage 4,0.41,Neutral,Volume Drying Up,Volume Drying Up (0.29x vs 10W Avg),-2.83,Underperformed Nifty by 2.83% in 3 Months,False,Not Rated,Wide Risk; Low Liquidity,25.2,42.45,12.5,49.0,15.0,11.15,False,False,False,False,not_true_leader; setup_not_proper_or_not_tight; risk_not_low; not_confirmed_stage2,watchlist,weekly_watchlist,watchlist,5.41,"Stage 4, Stage 4, volume_dryup, weekly_volume_dryup, flags=Wide Risk;Low Liquidity, downtrend",639
INDRAMEDCO.NS,Indraprastha Medical Corporation Limited,Medical Care Facilities,Healthcare,Healthcare,False,Cash,1,Stage 4,Stage 4,Stage 4,0.86,Price is below the 30-week trend and below long-term support structure.,Stage 4,7.59,Weak,Volume Drying Up,Volume Normal (0.97x vs 10W Avg),-0.63,Underperformed Nifty by 0.63% in 3 Months,False,Not Rated,Wide Weekly Base; Wider Risk; Low Liquidity,10.62,24.43,0.0,41.1,58.0,10.81,False,False,False,False,not_true_leader; setup_not_proper_or_not_tight; risk_not_low; not_confirmed_stage2,watchlist,weekly_watchlist,watchlist,7.59,"Stage 4, Stage 4, weekly_vcp_ok, volume_dryup, weekly_strong, flags=Wide Weekly Base;Wider Risk;Low Liquidity, downtrend",640
KFINTECH.NS,Kfin Technologies Limited,Software - Application,Technology,Technology,True,F&O,1,Stage 4,Stage 4,Stage 4,0.86,Price is below the 30-week trend and below long-term support structure.,Stage 4,0.0,Weak,Volume Drying Up,Volume Drying Up (0.65x vs 10W Avg),3.32,Outperformed Nifty by 3.32% in 3 Months,False,Not Rated,Wider Risk; Low Liquidity,10.11,27.78,0.0,12.0,58.0,10.63,False,False,False,False,not_true_leader; setup_not_proper_or_not_tight; risk_not_low; not_confirmed_stage2,watchlist,weekly_watchlist,watchlist,5.0,"Stage 4, Stage 4, volume_dryup, weekly_volume_dryup, flags=Wider Risk;Low Liquidity, downtrend",641
NATCOPHARM.NS,Natco Pharma Limited,Drug Manufacturers - Specialty & Generic,Healthcare,Healthcare,False,Cash,1,Stage 4,Stage 4,Stage 4,0.66,Price is below weekly structure.,Stage 4,0.0,Weak,Volume Normal,Volume Normal (1.25x vs 10W Avg),-4.26,Underperformed Nifty by 4.26% in 3 Months,False,Not Rated,Wider Risk; Low Liquidity,11.0,21.16,0.0,18.0,58.0,10.48,False,False,False,False,not_true_leader; setup_not_proper_or_not_tight; risk_not_low; not_confirmed_stage2,watchlist,weekly_watchlist,watchlist,10.0,"Stage 4, Stage 4, flags=Wider Risk;Low Liquidity, downtrend",642
POONAWALLA.NS,Poonawalla Fincorp Limited,Credit Services,Financial Services,Financial Services,False,Cash,1,Failed Stage 2,Stage 3,Failed Stage 2,0.72,"This stock was recently Stage 2, but the latest structure no longer satisfies Stage 2 rules. It is kept as Failed Stage 2 until a fresh base/repair structure forms.",Failed Stage 2,0.0,Neutral,Volume Drying Up,Volume Drying Up (0.84x vs 10W Avg),-0.02,Underperformed Nifty by 0.02% in 3 Months,False,Not Rated,Wide Risk; Low Liquidity,16.52,50.84,62.5,19.9,15.0,10.18,False,False,False,False,not_true_leader; setup_not_proper_or_not_tight; risk_not_low; not_confirmed_stage2,watchlist,weekly_watchlist,watchlist,2.0,"Stage 3, Late, weekly_vcp_ok, weekly_volume_dryup, flags=Wide Risk;Low Liquidity, distribution_or_weakening_risk | Stage 2 failed state applied from stage memory.",643
KALPATARU.NS,Kalpataru Limited,Real Estate,Real Estate,Real Estate,False,Cash,1,Stage 4,Stage 4,Stage 4,0.86,Price is below the 30-week trend and below long-term support structure.,Stage 4,0.0,Weak,Volume Drying Up,Volume Normal (0.88x vs 10W Avg),-2.89,Underperformed Nifty by 2.89% in 3 Months,False,Not Rated,Wide Weekly Base; Wide Risk; Low Liquidity,14.57,29.08,12.5,36.0,35.0,10.02,False,False,False,False,not_true_leader; setup_not_proper_or_not_tight; risk_not_low; not_confirmed_stage2,watchlist,weekly_watchlist,watchlist,2.0,"Stage 4, Stage 4, volume_dryup, weekly_volume_dryup, flags=Wide Weekly Base;Wide Risk;Low Liquidity, downtrend",644
OFSS.NS,Oracle Financial Services Software Limited,Software - Infrastructure,Technology,Technology,True,F&O,1,Failed Stage 2,Stage 3,Failed Stage 2,0.72,"This stock was recently Stage 2, but the latest structure no longer satisfies Stage 2 rules. It is kept as Failed Stage 2 until a fresh base/repair structure forms.",Failed Stage 2,0.0,Neutral,Volume Normal,Volume Normal (0.87x vs 10W Avg),2.82,Outperformed Nifty by 2.82% in 3 Months,False,Not Rated,Wide Risk; Low Liquidity,17.75,57.53,75.0,0.0,15.0,10.01,False,False,False,False,not_true_leader; setup_not_proper_or_not_tight; risk_not_low; not_confirmed_stage2,watchlist,weekly_watchlist,watchlist,2.0,"Stage 3, Late, weekly_volume_dryup, flags=Wide Risk;Low Liquidity, distribution_or_weakening_risk | Stage 2 failed state applied from stage memory.",645
RAILTEL.NS,Railtel Corporation Of India Limited,Telecom Services,Communication Services,Communication Services,False,Cash,1,Stage 4,Stage 4,Stage 4,0.86,Price is below the 30-week trend and below long-term support structure.,Stage 4,10.57,Weak,Volume Expanding,Volume Expanding (2.19x vs 10W Avg),-7.0,Underperformed Nifty by 7.0% in 3 Months,False,Not Rated,Wide Risk; Low Liquidity,24.63,27.26,0.0,71.2,15.0,9.83,False,False,False,False,not_true_leader; setup_not_proper_or_not_tight; risk_not_low; not_confirmed_stage2,watchlist,weekly_watchlist,watchlist,10.57,"Stage 4, Stage 4, weekly_vcp_ok, weekly_strong, flags=Wide Risk;Low Liquidity, downtrend",646
FSL.NS,Firstsource Solutions Limited,Information Technology Services,Technology,Technology,False,Cash,1,Stage 3,Stage 3,Early,0.68,"Prior strength has shifted into a Stage 3 transition based on trend, relative strength, and volume evidence.",Stage 3 Early,0.0,Strong,Volume Drying Up,Volume Drying Up (0.44x vs 10W Avg),9.4,Outperformed Nifty by 9.4% in 3 Months,False,Not Rated,Wide Risk; Low Liquidity,15.68,61.3,25.0,12.0,15.0,9.79,False,False,False,False,not_true_leader; setup_not_proper_or_not_tight; risk_not_low; not_confirmed_stage2,watchlist,weekly_watchlist,watchlist,0.0,"Stage 3, Early, volume_dryup, weekly_volume_dryup, flags=Wide Risk;Low Liquidity, distribution_or_weakening_risk",647
360ONE.NS,360 ONE WAM LIMITED,Asset Management,Financial Services,Financial Services,True,F&O,1,Stage 3,Stage 3,Early,0.68,"Prior strength has shifted into a Stage 3 transition based on trend, relative strength, and volume evidence.",Stage 3 Early,3.33,Weak,Volume Normal,Volume Normal (1.46x vs 10W Avg),-2.32,Underperformed Nifty by 2.32% in 3 Months,False,Not Rated,Wide Risk; Low Liquidity,16.79,25.05,25.0,48.0,15.0,9.73,False,False,False,False,not_true_leader; setup_not_proper_or_not_tight; risk_not_low; not_confirmed_stage2,watchlist,weekly_watchlist,watchlist,3.33,"Stage 3, Early, flags=Wide Risk;Low Liquidity, distribution_or_weakening_risk",648
ORIENTELEC.NS,Orient Electric Limited,"Furnishings, Fixtures & Appliances",Consumer Cyclical,Consumer Cyclical,False,Cash,1,Stage 4,Stage 4,Stage 4,0.66,Price is below weekly structure.,Stage 4,7.21,Weak,Volume Drying Up,Volume Drying Up (0.21x vs 10W Avg),-3.85,Underperformed Nifty by 3.85% in 3 Months,False,Not Rated,Wide Risk; Low Liquidity,20.24,14.51,0.0,83.1,15.0,9.63,False,False,False,False,not_true_leader; setup_not_proper_or_not_tight; risk_not_low; not_confirmed_stage2,watchlist,weekly_watchlist,watchlist,7.21,"Stage 4, Stage 4, weekly_vcp_ok, volume_dryup, weekly_volume_dryup, weekly_strong, flags=Wide Risk;Low Liquidity, downtrend",649
NIVABUPA.NS,Niva Bupa Health Insurance Company Limited,Insurance - Life,Financial Services,Financial Services,False,Cash,1,Stage 4,Stage 4,Stage 4,0.66,Price is below weekly structure.,Stage 4,0.0,Weak,Volume Expanding,Volume Expanding (2.97x vs 10W Avg),-5.87,Underperformed Nifty by 5.87% in 3 Months,False,Not Rated,Wide Risk; Low Liquidity,14.36,15.36,25.0,10.0,35.0,9.49,False,False,False,False,not_true_leader; setup_not_proper_or_not_tight; risk_not_low; not_confirmed_stage2,watchlist,weekly_watchlist,watchlist,0.0,"Stage 4, Stage 4, flags=Wide Risk;Low Liquidity, downtrend",650
FIRSTCRY.NS,Brainbees Solutions Limited,Consumer Cyclical,Consumer Cyclical,Consumer Cyclical,False,Cash,1,Stage 4,Stage 4,Stage 4,0.86,Price is below the 30-week trend and below long-term support structure.,Stage 4,6.82,Weak,Volume Expanding,Volume Expanding (4.93x vs 10W Avg),-9.99,Underperformed Nifty by 9.99% in 3 Months,False,Not Rated,Wide Risk; Low Liquidity,14.05,16.01,0.0,34.2,35.0,9.45,False,False,False,False,not_true_leader; setup_not_proper_or_not_tight; risk_not_low; not_confirmed_stage2,watchlist,weekly_watchlist,watchlist,8.82,"Stage 4, Stage 4, weekly_vcp_ok, weekly_strong, flags=Wide Risk;Low Liquidity, downtrend",651
NLCINDIA.NS,NLC India Limited,Utilities,Utilities,Utilities,False,Cash,1,Stage 4,Stage 4,Stage 4,0.66,Price is below weekly structure.,Stage 4,0.46,Weak,Volume Drying Up,Volume Drying Up (0.79x vs 10W Avg),-8.14,Underperformed Nifty by 8.14% in 3 Months,False,Not Rated,Wide Risk; Low Liquidity,30.66,24.32,12.5,60.0,15.0,9.44,False,False,False,False,not_true_leader; setup_not_proper_or_not_tight; risk_not_low; not_confirmed_stage2,watchlist,weekly_watchlist,watchlist,0.46,"Stage 4, Stage 4, volume_dryup, weekly_volume_dryup, flags=Wide Risk;Low Liquidity, downtrend",652
PRAJIND.NS,Praj Industries Limited,Engineering & Construction,Industrials,Industrials,False,Cash,1,Stage 4,Stage 4,Stage 4,0.66,Price is below weekly structure.,Stage 4,8.56,Weak,Volume Drying Up,Volume Drying Up (0.41x vs 10W Avg),-8.68,Underperformed Nifty by 8.68% in 3 Months,False,Not Rated,Wide Risk; Low Liquidity,23.18,4.87,12.5,78.87,15.0,9.3,False,False,False,False,not_true_leader; setup_not_proper_or_not_tight; risk_not_low; not_confirmed_stage2,watchlist,weekly_watchlist,watchlist,8.56,"Stage 4, Stage 4, weekly_vcp_ok, volume_dryup, weekly_volume_dryup, weekly_strong, flags=Wide Risk;Low Liquidity, downtrend",653
VTL.NS,Vardhman Textiles Limited,Textile Manufacturing,Consumer Cyclical,Consumer Cyclical,False,Cash,1,Stage 4,Stage 4,Stage 4,0.66,Price is below weekly structure.,Stage 4,0.0,Weak,Volume Drying Up,Volume Normal (0.91x vs 10W Avg),-11.74,Underperformed Nifty by 11.74% in 3 Months,False,Not Rated,Wide Risk; Low Liquidity,23.23,8.07,37.5,50.0,15.0,9.14,False,False,False,False,not_true_leader; setup_not_proper_or_not_tight; risk_not_low; not_confirmed_stage2,watchlist,weekly_watchlist,watchlist,5.0,"Stage 4, Stage 4, volume_dryup, flags=Wide Risk;Low Liquidity, downtrend",654
SIYSIL.NS,Siyaram Silk Mills Limited,Textile Manufacturing,Consumer Cyclical,Consumer Cyclical,False,Cash,1,Stage 4,Stage 4,Stage 4,0.86,Price is below the 30-week trend and below long-term support structure.,Stage 4,6.69,Weak,Volume Drying Up,Volume Drying Up (0.37x vs 10W Avg),-6.68,Underperformed Nifty by 6.68% in 3 Months,False,Not Rated,Wide Weekly Base; Wider Risk; Low Liquidity,10.85,18.04,0.0,40.2,58.0,9.06,False,False,False,False,not_true_leader; setup_not_proper_or_not_tight; risk_not_low; not_confirmed_stage2,watchlist,weekly_watchlist,watchlist,11.69,"Stage 4, Stage 4, weekly_vcp_ok, volume_dryup, weekly_volume_dryup, weekly_strong, flags=Wide Weekly Base;Wider Risk;Low Liquidity, downtrend",655
TRAVELFOOD.NS,Travel Food Services Limited,Consumer Cyclical,Consumer Cyclical,Consumer Cyclical,False,Cash,1,Not Sure,Stage 4,Pending Stage 4,0.55,Blocked public stage jump Stage 1 -> Stage 4; waiting for intermediate/confirmed structure.,Not Sure - Unclear,6.67,Weak,Volume Drying Up,Volume Normal (1.32x vs 10W Avg),-2.2,Underperformed Nifty by 2.2% in 3 Months,False,Not Rated,Wide Risk; Low Liquidity,16.82,28.26,12.5,54.2,15.0,8.99,False,False,False,False,not_true_leader; setup_not_proper_or_not_tight; risk_not_low; not_confirmed_stage2,watchlist,weekly_watchlist,watchlist,8.67,"Stage 4, Stage 4, weekly_vcp_ok, volume_dryup, weekly_strong, flags=Wide Risk;Low Liquidity, downtrend | Blocked public stage jump Stage 1 -> Stage 4; waiting for intermediate/confirmed structure.",656
CEATLTD.NS,CEAT Limited,Auto Parts,Consumer Cyclical,Consumer Cyclical,False,Cash,1,Stage 4,Stage 4,Stage 4,0.66,Price is below weekly structure.,Stage 4,8.21,Weak,Volume Drying Up,Volume Drying Up (0.58x vs 10W Avg),-6.5,Underperformed Nifty by 6.5% in 3 Months,False,Not Rated,Wide Risk; Low Liquidity,16.07,11.27,12.5,71.1,15.0,8.97,False,False,False,False,not_true_leader; setup_not_proper_or_not_tight; risk_not_low; not_confirmed_stage2,watchlist,weekly_watchlist,watchlist,13.21,"Stage 4, Stage 4, weekly_vcp_ok, weekly_volume_dryup, weekly_strong, flags=Wide Risk;Low Liquidity, downtrend",657
NMDC.NS,NMDC Limited,Steel,Basic Materials,Basic Materials,True,F&O,1,Stage 4,Stage 4,Stage 4,0.66,Price is below weekly structure.,Stage 4,0.0,Weak,Volume Drying Up,Volume Normal (0.97x vs 10W Avg),-3.23,Underperformed Nifty by 3.23% in 3 Months,False,Not Rated,Wide Risk; Low Liquidity,17.49,11.74,25.0,58.0,15.0,8.94,False,False,False,False,not_true_leader; setup_not_proper_or_not_tight; risk_not_low; not_confirmed_stage2,watchlist,weekly_watchlist,watchlist,10.0,"Stage 4, Stage 4, volume_dryup, flags=Wide Risk;Low Liquidity, downtrend",658
GREENLAM.NS,Greenlam Industries Limited,"Furnishings, Fixtures & Appliances",Consumer Cyclical,Consumer Cyclical,False,Cash,1,Stage 4,Stage 4,Stage 4,0.66,Price is below weekly structure.,Stage 4,6.64,Weak,Volume Drying Up,Volume Drying Up (0.45x vs 10W Avg),-11.57,Underperformed Nifty by 11.57% in 3 Months,False,Not Rated,Loose Structure; Wider Risk; Low Liquidity,11.64,6.87,12.5,38.2,58.0,8.9,False,False,False,False,not_true_leader; setup_not_proper_or_not_tight; risk_not_low; not_confirmed_stage2,watchlist,weekly_watchlist,watchlist,6.64,"Stage 4, Stage 4, weekly_vcp_ok, volume_dryup, weekly_volume_dryup, weekly_strong, flags=Loose Structure;Wider Risk;Low Liquidity, downtrend",659
BALUFORGE.NS,Balu Forge Industries Limited,Metal Fabrication,Industrials,Industrials,False,Cash,1,Failed Stage 2,Stage 1,Failed Stage 2,0.72,"This stock was recently Stage 2, but the latest structure no longer satisfies Stage 2 rules. It is kept as Failed Stage 2 until a fresh base/repair structure forms.",Failed Stage 2,10.14,Strong,Volume Drying Up,Volume Drying Up (0.28x vs 10W Avg),14.65,Outperformed Nifty by 14.65% in 3 Months,False,Not Rated,Wide Weekly Base; Loose Structure; Wide Risk; Low Liquidity,27.82,61.31,50.0,33.1,15.0,8.86,False,False,False,False,not_true_leader; setup_not_proper_or_not_tight; risk_not_low; not_confirmed_stage2,watchlist,weekly_watchlist,watchlist,20.14,"Stage 1, Stage 1, weekly_vcp_ok, volume_dryup, weekly_volume_dryup, weekly_strong, flags=Wide Weekly Base;Loose Structure;Wide Risk;Low Liquidity, stage1_not_actionable, stage1_needs_more_base | Stage 2 failed state applied from stage memory.",660
INFY.NS,Infosys Limited,Information Technology Services,Technology,Technology,True,F&O,1,Stage 4,Stage 4,Stage 4,0.86,Price is below the 30-week trend and below long-term support structure.,Stage 4,9.73,Weak,Volume Normal,Volume Normal (1.01x vs 10W Avg),2.18,Outperformed Nifty by 2.18% in 3 Months,False,Not Rated,Wide Risk; Low Liquidity,21.82,21.97,0.0,72.1,15.0,8.78,False,False,False,False,not_true_leader; setup_not_proper_or_not_tight; risk_not_low; not_confirmed_stage2,watchlist,weekly_watchlist,watchlist,9.73,"Stage 4, Stage 4, weekly_vcp_ok, weekly_strong, flags=Wide Risk;Low Liquidity, downtrend",661
NESTLEIND.NS,Nestle India Limited,Packaged Foods,Consumer Defensive,Consumer Defensive,True,F&O,1,Not Sure,Stage 3,Pending Stage 3,0.55,Blocked public stage jump Stage 1 -> Stage 3; waiting for intermediate/confirmed structure.,Not Sure - Unclear,0.4,Weak,Volume Drying Up,Volume Drying Up (0.54x vs 10W Avg),-3.88,Underperformed Nifty by 3.88% in 3 Months,False,Not Rated,Wide Risk; Low Liquidity,15.79,20.95,25.0,48.0,15.0,8.75,False,False,False,False,not_true_leader; setup_not_proper_or_not_tight; risk_not_low; not_confirmed_stage2,watchlist,weekly_watchlist,watchlist,0.4,"Stage 3, Early, volume_dryup, weekly_volume_dryup, flags=Wide Risk;Low Liquidity, distribution_or_weakening_risk | Blocked public stage jump Stage 1 -> Stage 3; waiting for intermediate/confirmed structure.",662
GMRAIRPORT.NS,GMR AIRPORTS LIMITED,Industrials,Industrials,Industrials,True,F&O,1,Stage 4,Stage 4,Stage 4,0.66,Price is below weekly structure.,Stage 4,6.57,Weak,Volume Normal,Volume Normal (0.87x vs 10W Avg),-9.33,Underperformed Nifty by 9.33% in 3 Months,False,Not Rated,Wide Risk; Low Liquidity,20.59,28.95,12.5,52.2,15.0,8.68,False,False,False,False,not_true_leader; setup_not_proper_or_not_tight; risk_not_low; not_confirmed_stage2,watchlist,weekly_watchlist,watchlist,6.57,"Stage 4, Stage 4, weekly_vcp_ok, weekly_volume_dryup, weekly_strong, flags=Wide Risk;Low Liquidity, downtrend",663
BANARISUG.NS,Bannari Amman Sugars Limited,Consumer Defensive,Consumer Defensive,Consumer Defensive,False,Cash,1,Stage 1,Stage 1,Stage 1,0.64,Price is building a base around long-term weekly structure without a confirmed advancing phase.,Stage 1,4.81,Weak,Volume Drying Up,Volume Drying Up (0.42x vs 10W Avg),1.88,Outperformed Nifty by 1.88% in 3 Months,False,Not Rated,Wide Risk; Low Liquidity,21.77,24.51,25.0,43.9,15.0,8.62,False,False,False,False,not_true_leader; setup_not_proper_or_not_tight; risk_not_low; not_confirmed_stage2,watchlist,weekly_watchlist,watchlist,4.81,"Stage 1, Stage 1, weekly_vcp_ok, volume_dryup, weekly_volume_dryup, flags=Wide Risk;Low Liquidity, stage1_not_actionable, stage1_needs_more_base",664
ZFCVINDIA.NS,ZF Commercial Vehicle Control Systems India Limited,Auto Parts,Consumer Cyclical,Consumer Cyclical,False,Cash,1,Stage 1,Stage 1,Stage 1,0.64,Price is building a base around long-term weekly structure without a confirmed advancing phase.,Stage 1,0.0,Neutral,Volume Drying Up,Volume Drying Up (0.82x vs 10W Avg),4.53,Outperformed Nifty by 4.53% in 3 Months,False,Not Rated,Wide Risk; Low Liquidity,24.94,50.33,25.0,18.0,15.0,8.6,False,False,False,False,not_true_leader; setup_not_proper_or_not_tight; risk_not_low; not_confirmed_stage2,watchlist,weekly_watchlist,watchlist,5.0,"Stage 1, Stage 1, weekly_volume_dryup, flags=Wide Risk;Low Liquidity, stage1_not_actionable, stage1_needs_more_base",665
PURVA.NS,Puravankara Limited,Real Estate,Real Estate,Real Estate,False,Cash,1,Stage 4,Stage 4,Stage 4,0.86,Price is below the 30-week trend and below long-term support structure.,Stage 4,6.31,Neutral,Volume Drying Up,Volume Drying Up (0.12x vs 10W Avg),-0.14,Underperformed Nifty by 0.14% in 3 Months,False,Not Rated,Wide Weekly Base; Wide Risk; Low Liquidity,23.93,59.88,0.0,57.9,15.0,8.47,False,False,False,False,not_true_leader; setup_not_proper_or_not_tight; risk_not_low; not_confirmed_stage2,watchlist,weekly_watchlist,watchlist,8.31,"Stage 4, Stage 4, weekly_vcp_ok, volume_dryup, weekly_volume_dryup, flags=Wide Weekly Base;Wide Risk;Low Liquidity, downtrend",666
SONATSOFTW.NS,Sonata Software Limited,Information Technology Services,Technology,Technology,False,Cash,1,Stage 4,Stage 4,Stage 4,0.86,Price is below the 30-week trend and below long-term support structure.,Stage 4,6.83,Weak,Volume Drying Up,Volume Drying Up (0.61x vs 10W Avg),1.67,Outperformed Nifty by 1.67% in 3 Months,False,Not Rated,Wide Weekly Base; Wide Risk; Low Liquidity,12.13,38.52,0.0,32.2,35.0,8.37,False,False,False,False,not_true_leader; setup_not_proper_or_not_tight; risk_not_low; not_confirmed_stage2,watchlist,weekly_watchlist,watchlist,6.83,"Stage 4, Stage 4, weekly_vcp_ok, volume_dryup, weekly_volume_dryup, weekly_strong, flags=Wide Weekly Base;Wide Risk;Low Liquidity, downtrend",667
CUMMINSIND.NS,Cummins India Limited,Specialty Industrial Machinery,Industrials,Industrials,True,F&O,1,Stage 4,Stage 4,Stage 4,0.66,Price is below weekly structure.,Stage 4,6.46,Weak,Volume Normal,Volume Normal (1.14x vs 10W Avg),-7.16,Underperformed Nifty by 7.16% in 3 Months,False,Not Rated,Wide Risk; Low Liquidity,16.34,15.07,25.0,52.2,15.0,8.34,False,False,False,False,not_true_leader; setup_not_proper_or_not_tight; risk_not_low; not_confirmed_stage2,watchlist,weekly_watchlist,watchlist,16.46,"Stage 4, Stage 4, weekly_vcp_ok, weekly_strong, flags=Wide Risk;Low Liquidity, downtrend",668
IGL.NS,Indraprastha Gas Limited,Utilities,Utilities,Utilities,False,Cash,1,Stage 4,Stage 4,Stage 4,0.86,Price is below the 30-week trend and below long-term support structure.,Stage 4,0.0,Neutral,Volume Normal,Volume Normal (1.14x vs 10W Avg),2.46,Outperformed Nifty by 2.46% in 3 Months,False,Not Rated,Wide Risk; Low Liquidity,20.87,45.09,0.0,47.0,15.0,8.3,False,False,False,False,not_true_leader; setup_not_proper_or_not_tight; risk_not_low; not_confirmed_stage2,watchlist,weekly_watchlist,watchlist,0.0,"Stage 4, Stage 4, flags=Wide Risk;Low Liquidity, downtrend",669
JBMA.NS,JBM Auto Limited,Auto Parts,Consumer Cyclical,Consumer Cyclical,False,Cash,1,Stage 4,Stage 4,Stage 4,0.66,Price is below weekly structure.,Stage 4,0.0,Weak,Volume Drying Up,Volume Drying Up (0.34x vs 10W Avg),-12.72,Underperformed Nifty by 12.72% in 3 Months,False,Not Rated,Wide Risk; Low Liquidity,19.45,8.71,25.0,58.0,15.0,8.21,False,False,False,False,not_true_leader; setup_not_proper_or_not_tight; risk_not_low; not_confirmed_stage2,watchlist,weekly_watchlist,watchlist,5.0,"Stage 4, Stage 4, volume_dryup, weekly_volume_dryup, flags=Wide Risk;Low Liquidity, downtrend",670
WAAREERTL.NS,Waaree Renewable Technologies Limited,Utilities - Renewable,Utilities,Utilities,False,Cash,1,Stage 4,Stage 4,Stage 4,0.86,Price is below the 30-week trend and below long-term support structure.,Stage 4,0.0,Weak,Volume Drying Up,Volume Drying Up (0.63x vs 10W Avg),-11.53,Underperformed Nifty by 11.53% in 3 Months,False,Not Rated,Wider Risk; Low Liquidity,11.54,21.09,0.0,8.0,58.0,8.06,False,False,False,False,not_true_leader; setup_not_proper_or_not_tight; risk_not_low; not_confirmed_stage2,watchlist,weekly_watchlist,watchlist,0.0,"Stage 4, Stage 4, weekly_volume_dryup, flags=Wider Risk;Low Liquidity, downtrend",671
HFCL.NS,HFCL Limited,Communication Equipment,Technology,Technology,False,Cash,1,Stage 2,Stage 2,Extended,0.78,"Weekly advancing structure remains intact, but price is stretched versus key moving averages.",Stage 2 - Extended,14.86,Strong,Volume Drying Up,Volume Drying Up (0.25x vs 10W Avg),7.81,Outperformed Nifty by 7.81% in 3 Months,True,Not Rated,Loose Structure; Extended; Wide Risk; Circuit Risk; Low Liquidity,16.78,77.03,100.0,22.0,15.0,7.97,True,False,False,False,setup_not_proper_or_not_tight; risk_not_low; extended_structure,watchlist,weekly_watchlist,watchlist,24.86,"Stage 2, Extended, trend_template_ok, volume_dryup, weekly_volume_dryup, flags=Loose Structure;Extended;Wide Risk;Circuit Risk;Low Liquidity",672
JWL.NS,Jupiter Wagons Limited,Industrials,Industrials,Industrials,False,Cash,1,Stage 4,Stage 4,Stage 4,0.86,Price is below the 30-week trend and below long-term support structure.,Stage 4,8.83,Weak,Volume Expanding,Volume Expanding (5.84x vs 10W Avg),-2.9,Underperformed Nifty by 2.9% in 3 Months,False,Not Rated,Wide Risk; Low Liquidity,23.75,22.75,0.0,67.77,15.0,7.92,False,False,False,False,not_true_leader; setup_not_proper_or_not_tight; risk_not_low; not_confirmed_stage2,watchlist,weekly_watchlist,watchlist,8.83,"Stage 4, Stage 4, weekly_vcp_ok, weekly_strong, flags=Wide Risk;Low Liquidity, downtrend",673
KNRCON.NS,KNR Constructions Limited,Engineering & Construction,Industrials,Industrials,False,Cash,1,Stage 4,Stage 4,Stage 4,0.86,Price is below the 30-week trend and below long-term support structure.,Stage 4,0.0,Weak,Volume Drying Up,Volume Drying Up (0.55x vs 10W Avg),-1.61,Underperformed Nifty by 1.61% in 3 Months,False,Not Rated,Wider Risk; Low Liquidity,9.26,20.5,0.0,8.0,58.0,7.92,False,False,False,False,not_true_leader; setup_not_proper_or_not_tight; risk_not_low; not_confirmed_stage2,watchlist,weekly_watchlist,watchlist,0.0,"Stage 4, Stage 4, weekly_volume_dryup, flags=Wider Risk;Low Liquidity, downtrend",674
VEDL.NS,Vedanta Limited,Basic Materials,Basic Materials,Basic Materials,True,F&O,1,Stage 4,Stage 4,Stage 4,0.86,Price is below the 30-week trend and below long-term support structure.,Stage 4,0.0,Weak,Volume Drying Up,Volume Drying Up (0.69x vs 10W Avg),-1.36,Underperformed Nifty by 1.36% in 3 Months,False,Not Rated,Wide Risk; Low Liquidity,13.38,23.78,0.0,20.0,35.0,7.91,False,False,False,False,not_true_leader; setup_not_proper_or_not_tight; risk_not_low; not_confirmed_stage2,watchlist,weekly_watchlist,watchlist,0.0,"Stage 4, Stage 4, volume_dryup, weekly_volume_dryup, flags=Wide Risk;Low Liquidity, downtrend",675
SAPPHIRE.NS,Sapphire Foods India Limited,Consumer Cyclical,Consumer Cyclical,Consumer Cyclical,False,Cash,1,Failed Stage 2,Stage 1,Failed Stage 2,0.72,"This stock was recently Stage 2, but the latest structure no longer satisfies Stage 2 rules. It is kept as Failed Stage 2 until a fresh base/repair structure forms.",Failed Stage 2,10.74,Strong,Volume Drying Up,Volume Drying Up (0.54x vs 10W Avg),21.75,Outperformed Nifty by 21.75% in 3 Months,False,Not Rated,Wide Weekly Base; Loose Structure; Wide Risk; Low Liquidity,20.5,65.0,50.0,25.1,15.0,7.82,False,False,False,False,not_true_leader; setup_not_proper_or_not_tight; risk_not_low; not_confirmed_stage2,watchlist,weekly_watchlist,watchlist,12.74,"Stage 1, Stage 1, weekly_vcp_ok, volume_dryup, weekly_volume_dryup, weekly_strong, flags=Wide Weekly Base;Loose Structure;Wide Risk;Low Liquidity, stage1_not_actionable, stage1_needs_more_base | Stage 2 failed state applied from stage memory.",676
RAMCOCEM.NS,The Ramco Cements Limited,Building Materials,Basic Materials,Basic Materials,False,Cash,1,Stage 4,Stage 4,Stage 4,0.86,Price is below the 30-week trend and below long-term support structure.,Stage 4,8.42,Weak,Volume Drying Up,Volume Drying Up (0.84x vs 10W Avg),-3.72,Underperformed Nifty by 3.72% in 3 Months,False,Not Rated,Wide Risk,16.82,24.09,0.0,57.2,15.0,7.71,False,False,False,False,not_true_leader; setup_not_proper_or_not_tight; risk_not_low; not_confirmed_stage2,watchlist,weekly_watchlist,watchlist,8.42,"Stage 4, Stage 4, weekly_vcp_ok, weekly_volume_dryup, weekly_strong, flags=Wide Risk, downtrend",677
HDFCAMC.NS,HDFC Asset Management Company Limited,Asset Management,Financial Services,Financial Services,True,F&O,1,Stage 4,Stage 4,Stage 4,0.66,Price is below weekly structure.,Stage 4,0.0,Weak,Volume Normal,Volume Normal (1.18x vs 10W Avg),-10.97,Underperformed Nifty by 10.97% in 3 Months,False,Not Rated,Wider Risk; Low Liquidity,9.64,8.79,12.5,39.1,58.0,7.57,False,False,False,False,not_true_leader; setup_not_proper_or_not_tight; risk_not_low; not_confirmed_stage2,watchlist,weekly_watchlist,watchlist,0.0,"Stage 4, Stage 4, weekly_vcp_ok, weekly_strong, flags=Wider Risk;Low Liquidity, downtrend",678
MTARTECH.NS,Mtar Technologies Limited,Specialty Industrial Machinery,Industrials,Industrials,False,Cash,1,Stage 2,Stage 2,Advancing,0.9,Price is above constructive weekly and long-term trend structure with improving relative strength.,Stage 2 - Advancing,10.76,Very Strong,Volume Normal,Volume Normal (1.21x vs 10W Avg),17.44,Outperformed Nifty by 17.44% in 3 Months,True,Not Rated,Wide Weekly Base; Loose Structure; Wide Risk; Circuit Risk; Low Liquidity,16.4,80.0,100.0,0.0,15.0,7.4,True,False,False,False,setup_not_proper_or_not_tight; risk_not_low,watchlist,weekly_watchlist,watchlist,20.76,"Stage 2, Advancing, trend_template_ok, flags=Wide Weekly Base;Loose Structure;Wide Risk;Circuit Risk;Low Liquidity",679
ARVINDFASN.NS,Arvind Fashions Limited,Apparel Manufacturing,Consumer Cyclical,Consumer Cyclical,False,Cash,1,Stage 4,Stage 4,Stage 4,0.86,Price is below the 30-week trend and below long-term support structure.,Stage 4,12.62,Weak,Volume Normal,Volume Normal (0.89x vs 10W Avg),-10.5,Underperformed Nifty by 10.5% in 3 Months,False,Not Rated,Wide Risk,16.78,1.34,0.0,44.2,15.0,7.13,False,False,False,False,not_true_leader; setup_not_proper_or_not_tight; risk_not_low; not_confirmed_stage2,watchlist,weekly_watchlist,watchlist,12.62,"Stage 4, Stage 4, weekly_vcp_ok, weekly_volume_dryup, weekly_strong, flags=Wide Risk, downtrend",680
NEWGEN.NS,Newgen Software Technologies Limited,Software - Infrastructure,Technology,Technology,False,Cash,1,Stage 4,Stage 4,Stage 4,0.66,Price is below weekly structure.,Stage 4,8.25,Neutral,Volume Drying Up,Volume Drying Up (0.56x vs 10W Avg),5.35,Outperformed Nifty by 5.35% in 3 Months,False,Not Rated,Wide Weekly Base; Wide Risk; Low Liquidity,19.33,52.92,0.0,59.1,15.0,7.08,False,False,False,False,not_true_leader; setup_not_proper_or_not_tight; risk_not_low; not_confirmed_stage2,watchlist,weekly_watchlist,watchlist,10.25,"Stage 4, Stage 4, weekly_vcp_ok, volume_dryup, weekly_volume_dryup, weekly_strong, flags=Wide Weekly Base;Wide Risk;Low Liquidity, downtrend",681
MAITHANALL.NS,Maithan Alloys Limited,Steel,Basic Materials,Basic Materials,False,Cash,1,Failed Stage 2,Stage 1,Failed Stage 2,0.72,"This stock was recently Stage 2, but the latest structure no longer satisfies Stage 2 rules. It is kept as Failed Stage 2 until a fresh base/repair structure forms.",Failed Stage 2,1.48,Weak,Volume Drying Up,Volume Drying Up (0.67x vs 10W Avg),-0.61,Underperformed Nifty by 0.61% in 3 Months,False,Not Rated,Wide Risk; Low Liquidity,23.68,20.58,25.0,41.0,15.0,6.98,False,False,False,False,not_true_leader; setup_not_proper_or_not_tight; risk_not_low; not_confirmed_stage2,watchlist,weekly_watchlist,watchlist,11.48,"Stage 1, Stage 1, volume_dryup, weekly_volume_dryup, flags=Wide Risk;Low Liquidity, stage1_not_actionable, stage1_needs_more_base | Stage 2 failed state applied from stage memory.",682
AMBUJACEM.NS,Ambuja Cements Limited,Building Materials,Basic Materials,Basic Materials,True,F&O,1,Stage 4,Stage 4,Stage 4,0.86,Price is below the 30-week trend and below long-term support structure.,Stage 4,8.94,Weak,Volume Drying Up,Volume Drying Up (0.84x vs 10W Avg),-8.47,Underperformed Nifty by 8.47% in 3 Months,False,Not Rated,Wide Risk; Low Liquidity,18.95,4.05,0.0,82.2,15.0,6.9,False,False,False,False,not_true_leader; setup_not_proper_or_not_tight; risk_not_low; not_confirmed_stage2,watchlist,weekly_watchlist,watchlist,8.94,"Stage 4, Stage 4, weekly_vcp_ok, volume_dryup, weekly_volume_dryup, weekly_strong, flags=Wide Risk;Low Liquidity, downtrend",683
JYOTHYLAB.NS,Jyothy Labs Limited,Household & Personal Products,Consumer Defensive,Consumer Defensive,False,Cash,1,Stage 4,Stage 4,Stage 4,0.86,Price is below the 30-week trend and below long-term support structure.,Stage 4,0.0,Weak,Volume Drying Up,Volume Drying Up (0.38x vs 10W Avg),4.54,Outperformed Nifty by 4.54% in 3 Months,False,Not Rated,Low Liquidity,7.59,25.52,0.0,16.0,82.0,6.88,False,False,True,False,not_true_leader; setup_not_proper_or_not_tight; not_confirmed_stage2,watchlist,weekly_watchlist,watchlist,2.0,"Stage 4, Stage 4, volume_dryup, weekly_volume_dryup, flags=Low Liquidity, downtrend",684
BBL.NS,Bharat Bijlee Limited,Electrical Equipment & Parts,Industrials,Industrials,False,Cash,1,Stage 4,Stage 4,Stage 4,0.86,Price is below the 30-week trend and below long-term support structure.,Stage 4,6.32,Weak,Volume Drying Up,Volume Drying Up (0.70x vs 10W Avg),-14.49,Underperformed Nifty by 14.49% in 3 Months,False,Not Rated,Wide Risk; Low Liquidity,21.2,2.88,0.0,83.1,15.0,6.84,False,False,False,False,not_true_leader; setup_not_proper_or_not_tight; risk_not_low; not_confirmed_stage2,watchlist,weekly_watchlist,watchlist,16.32,"Stage 4, Stage 4, weekly_vcp_ok, volume_dryup, weekly_volume_dryup, weekly_strong, flags=Wide Risk;Low Liquidity, downtrend",685
ZOTA.NS,Zota Health Care LImited,Biotechnology,Healthcare,Healthcare,False,Cash,1,Stage 3,Stage 3,Late,0.76,"Prior strength has shifted into a Stage 3 transition based on trend, relative strength, and volume evidence.",Stage 3 Late,0.0,Neutral,Volume Drying Up,Volume Drying Up (0.55x vs 10W Avg),-2.0,Underperformed Nifty by 2.0% in 3 Months,False,Not Rated,Wide Risk; Low Liquidity,20.2,56.71,62.5,0.0,15.0,6.81,False,False,False,False,not_true_leader; setup_not_proper_or_not_tight; risk_not_low; not_confirmed_stage2,watchlist,weekly_watchlist,watchlist,5.0,"Stage 3, Late, weekly_volume_dryup, flags=Wide Risk;Low Liquidity, distribution_or_weakening_risk",686
GENUSPOWER.NS,Genus Power Infrastructures Limited,Electrical Equipment & Parts,Industrials,Industrials,False,Cash,1,Failed Stage 2,Stage 3,Failed Stage 2,0.72,"This stock was recently Stage 2, but the latest structure no longer satisfies Stage 2 rules. It is kept as Failed Stage 2 until a fresh base/repair structure forms.",Failed Stage 2,0.0,Weak,Volume Drying Up,Volume Drying Up (0.84x vs 10W Avg),-2.27,Underperformed Nifty by 2.27% in 3 Months,False,Not Rated,Wide Risk; Low Liquidity,18.93,27.96,37.5,20.0,15.0,6.71,False,False,False,False,not_true_leader; setup_not_proper_or_not_tight; risk_not_low; not_confirmed_stage2,watchlist,weekly_watchlist,watchlist,10.0,"Stage 3, Early, volume_dryup, weekly_volume_dryup, flags=Wide Risk;Low Liquidity, distribution_or_weakening_risk | Stage 2 failed state applied from stage memory.",687
GRINFRA.NS,G R Infraprojects Limited,Engineering & Construction,Industrials,Industrials,False,Cash,1,Stage 4,Stage 4,Stage 4,0.86,Price is below the 30-week trend and below long-term support structure.,Stage 4,6.24,Weak,Volume Drying Up,Volume Drying Up (0.46x vs 10W Avg),-4.65,Underperformed Nifty by 4.65% in 3 Months,False,Not Rated,Wide Risk; Low Liquidity,16.97,12.91,0.0,72.1,15.0,6.6,False,False,False,False,not_true_leader; setup_not_proper_or_not_tight; risk_not_low; not_confirmed_stage2,watchlist,weekly_watchlist,watchlist,6.24,"Stage 4, Stage 4, weekly_vcp_ok, weekly_volume_dryup, weekly_strong, flags=Wide Risk;Low Liquidity, downtrend",688
SANOFICONR.NS,Sanofi Consumer Healthcare India Limited,Drug Manufacturers - General,Healthcare,Healthcare,False,Cash,1,Stage 4,Stage 4,Stage 4,0.66,Price is below weekly structure.,Stage 4,6.55,Weak,Volume Expanding,Volume Expanding (1.70x vs 10W Avg),-10.97,Underperformed Nifty by 10.97% in 3 Months,False,Not Rated,Wide Risk; Low Liquidity,23.09,0.13,12.5,72.0,15.0,6.51,False,False,False,False,not_true_leader; setup_not_proper_or_not_tight; risk_not_low; not_confirmed_stage2,watchlist,weekly_watchlist,watchlist,11.55,"Stage 4, Stage 4, weekly_vcp_ok, weekly_strong, flags=Wide Risk;Low Liquidity, downtrend",689
GREENPANEL.NS,Greenpanel Industries Limited,Basic Materials,Basic Materials,Basic Materials,False,Cash,1,Stage 4,Stage 4,Stage 4,0.86,Price is below the 30-week trend and below long-term support structure.,Stage 4,7.6,Weak,Volume Expanding,Volume Normal (0.89x vs 10W Avg),-8.03,Underperformed Nifty by 8.03% in 3 Months,False,Not Rated,Wide Risk; Low Liquidity,28.9,17.77,0.0,66.87,15.0,6.51,False,False,False,False,not_true_leader; setup_not_proper_or_not_tight; risk_not_low; not_confirmed_stage2,watchlist,weekly_watchlist,watchlist,7.6,"Stage 4, Stage 4, weekly_vcp_ok, weekly_volume_dryup, weekly_strong, flags=Wide Risk;Low Liquidity, downtrend",690
DCMSHRIRAM.NS,DCM Shriram Limited,Conglomerates,Industrials,Industrials,False,Cash,1,Stage 4,Stage 4,Stage 4,0.86,Price is below the 30-week trend and below long-term support structure.,Stage 4,0.0,Weak,Volume Drying Up,Volume Normal (0.88x vs 10W Avg),-2.88,Underperformed Nifty by 2.88% in 3 Months,False,Not Rated,Wide Risk; Low Liquidity,14.35,7.41,0.0,30.4,35.0,6.47,False,False,False,False,not_true_leader; setup_not_proper_or_not_tight; risk_not_low; not_confirmed_stage2,watchlist,weekly_watchlist,watchlist,0.0,"Stage 4, Stage 4, volume_dryup, weekly_volume_dryup, flags=Wide Risk;Low Liquidity, downtrend",691
CHAMBLFERT.NS,Chambal Fertilizers & Chemicals Limited,Agricultural Inputs,Basic Materials,Basic Materials,False,Cash,1,Stage 4,Stage 4,Stage 4,0.66,Price is below weekly structure.,Stage 4,0.0,Weak,Volume Normal,Volume Normal (0.91x vs 10W Avg),-6.07,Underperformed Nifty by 6.07% in 3 Months,False,Not Rated,Wide Risk; Low Liquidity,15.87,23.31,25.0,36.0,15.0,6.43,False,False,False,False,not_true_leader; setup_not_proper_or_not_tight; risk_not_low; not_confirmed_stage2,watchlist,weekly_watchlist,watchlist,0.0,"Stage 4, Stage 4, flags=Wide Risk;Low Liquidity, downtrend",692
CREDITACC.NS,CREDITACCESS GRAMEEN LIMITED,Credit Services,Financial Services,Financial Services,False,Cash,1,Failed Stage 2,Stage 4,Failed Stage 2,0.72,"This stock was recently Stage 2, but the latest structure no longer satisfies Stage 2 rules. It is kept as Failed Stage 2 until a fresh base/repair structure forms.",Failed Stage 2,5.76,Weak,Volume Drying Up,Volume Drying Up (0.77x vs 10W Avg),-13.05,Underperformed Nifty by 13.05% in 3 Months,False,Not Rated,Wide Risk; Low Liquidity,17.78,11.92,25.0,46.2,15.0,6.15,False,False,False,False,not_true_leader; setup_not_proper_or_not_tight; risk_not_low; not_confirmed_stage2,watchlist,weekly_watchlist,watchlist,7.76,"Stage 4, Stage 4, weekly_vcp_ok, volume_dryup, weekly_volume_dryup, weekly_strong, flags=Wide Risk;Low Liquidity, downtrend | Stage 2 failed state applied from stage memory.",693
CMSINFO.NS,CMS Info Systems Limited,Industrials,Industrials,Industrials,False,Cash,1,Stage 4,Stage 4,Stage 4,0.86,Price is below the 30-week trend and below long-term support structure.,Stage 4,8.22,Weak,Volume Drying Up,Volume Drying Up (0.57x vs 10W Avg),-10.19,Underperformed Nifty by 10.19% in 3 Months,False,Not Rated,Wide Risk; Low Liquidity,22.55,0.83,0.0,82.2,15.0,6.13,False,False,False,False,not_true_leader; setup_not_proper_or_not_tight; risk_not_low; not_confirmed_stage2,watchlist,weekly_watchlist,watchlist,8.22,"Stage 4, Stage 4, weekly_vcp_ok, volume_dryup, weekly_volume_dryup, weekly_strong, flags=Wide Risk;Low Liquidity, downtrend",694
XPROINDIA.NS,Xpro India Limited,Specialty Chemicals,Basic Materials,Basic Materials,False,Cash,1,Failed Stage 2,Stage 3,Failed Stage 2,0.72,"This stock was recently Stage 2, but the latest structure no longer satisfies Stage 2 rules. It is kept as Failed Stage 2 until a fresh base/repair structure forms.",Failed Stage 2,0.41,Neutral,Volume Drying Up,Volume Drying Up (0.39x vs 10W Avg),-12.76,Underperformed Nifty by 12.76% in 3 Months,False,Not Rated,Loose Structure; Wide Risk; Low Liquidity,26.37,48.94,50.0,42.2,15.0,6.07,False,False,False,False,not_true_leader; setup_not_proper_or_not_tight; risk_not_low; not_confirmed_stage2,watchlist,weekly_watchlist,watchlist,5.41,"Stage 3, Late, weekly_vcp_ok, volume_dryup, weekly_volume_dryup, weekly_strong, flags=Loose Structure;Wide Risk;Low Liquidity, distribution_or_weakening_risk | Stage 2 failed state applied from stage memory.",695
FUSION.NS,Fusion Finance Limited,Credit Services,Financial Services,Financial Services,False,Cash,1,Failed Stage 2,Stage 3,Failed Stage 2,0.72,"This stock was recently Stage 2, but the latest structure no longer satisfies Stage 2 rules. It is kept as Failed Stage 2 until a fresh base/repair structure forms.",Failed Stage 2,11.38,Weak,Volume Drying Up,Volume Normal (0.94x vs 10W Avg),-15.8,Underperformed Nifty by 15.8% in 3 Months,False,Not Rated,Loose Structure; Wide Risk; Low Liquidity,30.84,20.0,12.5,75.2,15.0,6.05,False,False,False,False,not_true_leader; setup_not_proper_or_not_tight; risk_not_low; not_confirmed_stage2,watchlist,weekly_watchlist,watchlist,13.38,"Stage 3, Early, weekly_vcp_ok, volume_dryup, weekly_strong, flags=Loose Structure;Wide Risk;Low Liquidity, distribution_or_weakening_risk | Stage 2 failed state applied from stage memory.",696
THANGAMAYL.NS,Thangamayil Jewellery Limited,Luxury Goods,Consumer Cyclical,Consumer Cyclical,False,Cash,1,Stage 1,Stage 1,Stage 1,0.64,Price is building a base around long-term weekly structure without a confirmed advancing phase.,Stage 1,0.3,Neutral,Volume Drying Up,Volume Drying Up (0.37x vs 10W Avg),-12.41,Underperformed Nifty by 12.41% in 3 Months,False,Not Rated,Wide Base; Loose Structure; Wide Risk; Low Liquidity,16.55,50.0,62.5,20.0,15.0,6.0,False,False,False,False,not_true_leader; setup_not_proper_or_not_tight; risk_not_low; not_confirmed_stage2,watchlist,weekly_watchlist,watchlist,10.3,"Stage 1, Stage 1, volume_dryup, weekly_volume_dryup, flags=Wide Base;Loose Structure;Wide Risk;Low Liquidity, stage1_not_actionable, stage1_needs_more_base",697
CELLO.NS,Cello World Limited,"Furnishings, Fixtures & Appliances",Consumer Cyclical,Consumer Cyclical,False,Cash,1,Stage 4,Stage 4,Stage 4,0.86,Price is below the 30-week trend and below long-term support structure.,Stage 4,6.2,Weak,Volume Drying Up,Volume Drying Up (0.58x vs 10W Avg),-4.08,Underperformed Nifty by 4.08% in 3 Months,False,Not Rated,Wide Risk; Low Liquidity,23.18,6.33,0.0,75.2,15.0,5.77,False,False,False,False,not_true_leader; setup_not_proper_or_not_tight; risk_not_low; not_confirmed_stage2,watchlist,weekly_watchlist,watchlist,6.2,"Stage 4, Stage 4, weekly_vcp_ok, volume_dryup, weekly_volume_dryup, weekly_strong, flags=Wide Risk;Low Liquidity, downtrend",698
GANESHHOU.NS,GANESH HOUSING LIMITED,Real Estate,Real Estate,Real Estate,False,Cash,1,Failed Stage 2,Stage 3,Failed Stage 2,0.72,"This stock was recently Stage 2, but the latest structure no longer satisfies Stage 2 rules. It is kept as Failed Stage 2 until a fresh base/repair structure forms.",Failed Stage 2,7.53,Neutral,Volume Drying Up,Volume Drying Up (0.81x vs 10W Avg),-4.32,Underperformed Nifty by 4.32% in 3 Months,False,Not Rated,Wide Weekly Base; Wide Risk; Low Liquidity,16.87,41.11,25.0,40.2,15.0,5.71,False,False,False,False,not_true_leader; setup_not_proper_or_not_tight; risk_not_low; not_confirmed_stage2,watchlist,weekly_watchlist,watchlist,9.53,"Stage 3, Early, weekly_vcp_ok, volume_dryup, weekly_volume_dryup, weekly_strong, flags=Wide Weekly Base;Wide Risk;Low Liquidity, distribution_or_weakening_risk | Stage 2 failed state applied from stage memory.",699
TRENT.NS,Trent Limited,Consumer Cyclical,Consumer Cyclical,Consumer Cyclical,True,F&O,1,Stage 4,Stage 4,Stage 4,0.86,Price is below the 30-week trend and below long-term support structure.,Stage 4,0.0,Weak,Volume Normal,Volume Normal (1.11x vs 10W Avg),-14.8,Underperformed Nifty by 14.8% in 3 Months,False,Not Rated,Wider Risk; Low Liquidity,9.55,11.2,0.0,8.0,58.0,5.69,False,False,False,False,not_true_leader; setup_not_proper_or_not_tight; risk_not_low; not_confirmed_stage2,watchlist,weekly_watchlist,watchlist,2.0,"Stage 4, Stage 4, flags=Wider Risk;Low Liquidity, downtrend",700
EPIGRAL.NS,Epigral Limited,Chemicals,Basic Materials,Basic Materials,False,Cash,1,Stage 4,Stage 4,Stage 4,0.86,Price is below the 30-week trend and below long-term support structure.,Stage 4,6.67,Neutral,Volume Drying Up,Volume Drying Up (0.39x vs 10W Avg),5.91,Outperformed Nifty by 5.91% in 3 Months,False,Not Rated,Wide Base; Wide Risk; Low Liquidity,20.21,43.36,0.0,62.2,15.0,5.53,False,False,False,False,not_true_leader; setup_not_proper_or_not_tight; risk_not_low; not_confirmed_stage2,watchlist,weekly_watchlist,watchlist,11.67,"Stage 4, Stage 4, weekly_vcp_ok, volume_dryup, weekly_volume_dryup, weekly_strong, flags=Wide Base;Wide Risk;Low Liquidity, downtrend",701
PGEL.NS,PG Electroplast Limited,Electronic Components,Technology,Technology,True,F&O,1,Stage 3,Stage 3,Early,0.68,"Prior strength has shifted into a Stage 3 transition based on trend, relative strength, and volume evidence.",Stage 3 Early,6.89,Weak,Volume Drying Up,Volume Drying Up (0.61x vs 10W Avg),-6.65,Underperformed Nifty by 6.65% in 3 Months,False,Not Rated,Wide Risk; Low Liquidity,18.55,21.53,12.5,46.2,15.0,5.46,False,False,False,False,not_true_leader; setup_not_proper_or_not_tight; risk_not_low; not_confirmed_stage2,watchlist,weekly_watchlist,watchlist,16.89,"Stage 3, Early, weekly_vcp_ok, volume_dryup, weekly_volume_dryup, weekly_strong, flags=Wide Risk;Low Liquidity, distribution_or_weakening_risk",702
DBCORP.NS,D.B.Corp Limited,Communication Services,Communication Services,Communication Services,False,Cash,1,Stage 4,Stage 4,Stage 4,0.86,Price is below the 30-week trend and below long-term support structure.,Stage 4,5.53,Weak,Volume Drying Up,Volume Drying Up (0.83x vs 10W Avg),-2.41,Underperformed Nifty by 2.41% in 3 Months,False,Not Rated,Wide Risk; Low Liquidity,19.37,9.9,0.0,70.2,15.0,5.42,False,False,False,False,not_true_leader; setup_not_proper_or_not_tight; risk_not_low; not_confirmed_stage2,watchlist,weekly_watchlist,watchlist,10.53,"Stage 4, Stage 4, weekly_vcp_ok, weekly_volume_dryup, weekly_strong, flags=Wide Risk;Low Liquidity, downtrend",703
NCC.NS,NCC Limited,Engineering & Construction,Industrials,Industrials,False,Cash,1,Stage 4,Stage 4,Stage 4,0.86,Price is below the 30-week trend and below long-term support structure.,Stage 4,6.19,Weak,Volume Expanding,Volume Expanding (3.26x vs 10W Avg),-6.2,Underperformed Nifty by 6.2% in 3 Months,False,Not Rated,Wide Risk; Low Liquidity,17.69,8.82,0.0,71.1,15.0,5.38,False,False,False,False,not_true_leader; setup_not_proper_or_not_tight; risk_not_low; not_confirmed_stage2,watchlist,weekly_watchlist,watchlist,6.19,"Stage 4, Stage 4, weekly_vcp_ok, weekly_strong, flags=Wide Risk;Low Liquidity, downtrend",704
GRSE.NS,Garden Reach Shipbuilders & Engineers Limited,Aerospace & Defense,Industrials,Industrials,False,Cash,1,Stage 4,Stage 4,Stage 4,0.66,Price is below weekly structure.,Stage 4,7.73,Weak,Volume Drying Up,Volume Drying Up (0.81x vs 10W Avg),-14.08,Underperformed Nifty by 14.08% in 3 Months,False,Not Rated,Wide Risk; Low Liquidity,22.5,5.54,0.0,74.2,15.0,5.34,False,False,False,False,not_true_leader; setup_not_proper_or_not_tight; risk_not_low; not_confirmed_stage2,watchlist,weekly_watchlist,watchlist,17.73,"Stage 4, Stage 4, weekly_vcp_ok, volume_dryup, weekly_volume_dryup, weekly_strong, flags=Wide Risk;Low Liquidity, downtrend",705
LTTS.NS,L&T Technology Services Limited,Information Technology Services,Technology,Technology,False,Cash,1,Stage 4,Stage 4,Stage 4,0.86,Price is below the 30-week trend and below long-term support structure.,Stage 4,10.02,Weak,Volume Drying Up,Volume Drying Up (0.79x vs 10W Avg),8.92,Outperformed Nifty by 8.92% in 3 Months,False,Not Rated,Wide Weekly Base; Wide Risk; Low Liquidity,17.7,35.5,0.0,69.2,15.0,5.33,False,False,False,False,not_true_leader; setup_not_proper_or_not_tight; risk_not_low; not_confirmed_stage2,watchlist,weekly_watchlist,watchlist,10.02,"Stage 4, Stage 4, weekly_vcp_ok, volume_dryup, weekly_volume_dryup, weekly_strong, flags=Wide Weekly Base;Wide Risk;Low Liquidity, downtrend",706
GODFRYPHLP.NS,Godfrey Phillips India Limited,Consumer Defensive,Consumer Defensive,Consumer Defensive,True,F&O,1,Stage 4,Stage 4,Stage 4,0.86,Price is below the 30-week trend and below long-term support structure.,Stage 4,5.49,Weak,Volume Drying Up,Volume Drying Up (0.53x vs 10W Avg),-3.63,Underperformed Nifty by 3.63% in 3 Months,False,Not Rated,Wide Risk; Low Liquidity,24.2,15.44,0.0,64.2,15.0,5.31,False,False,False,False,not_true_leader; setup_not_proper_or_not_tight; risk_not_low; not_confirmed_stage2,watchlist,weekly_watchlist,watchlist,5.49,"Stage 4, Stage 4, weekly_vcp_ok, volume_dryup, weekly_volume_dryup, weekly_strong, flags=Wide Risk;Low Liquidity, downtrend",707
ZEEL.NS,Zee Entertainment Enterprises Limited,Communication Services,Communication Services,Communication Services,False,Cash,1,Stage 4,Stage 4,Stage 4,0.86,Price is below the 30-week trend and below long-term support structure.,Stage 4,5.48,Weak,Volume Drying Up,Volume Drying Up (0.47x vs 10W Avg),-18.34,Underperformed Nifty by 18.34% in 3 Months,False,Not Rated,Loose Structure; Wide Risk; Low Liquidity,12.52,11.64,0.0,46.2,35.0,5.28,False,False,False,False,not_true_leader; setup_not_proper_or_not_tight; risk_not_low; not_confirmed_stage2,watchlist,weekly_watchlist,watchlist,10.48,"Stage 4, Stage 4, weekly_vcp_ok, volume_dryup, weekly_volume_dryup, weekly_strong, flags=Loose Structure;Wide Risk;Low Liquidity, downtrend",708
CAMPUS.NS,Campus Activewear Limited,Consumer Cyclical,Consumer Cyclical,Consumer Cyclical,False,Cash,1,Stage 4,Stage 4,Stage 4,0.86,Price is below the 30-week trend and below long-term support structure.,Stage 4,0.0,Weak,Volume Drying Up,Volume Drying Up (0.45x vs 10W Avg),-3.02,Underperformed Nifty by 3.02% in 3 Months,False,Not Rated,Wide Risk; Low Liquidity,19.67,24.75,0.0,54.67,15.0,5.26,False,False,False,False,not_true_leader; setup_not_proper_or_not_tight; risk_not_low; not_confirmed_stage2,watchlist,weekly_watchlist,watchlist,2.0,"Stage 4, Stage 4, volume_dryup, weekly_volume_dryup, flags=Wide Risk;Low Liquidity, downtrend",709
BHAGCHEM.NS,Bhagiradha Chemicals & Industries Limited,Agricultural Inputs,Basic Materials,Basic Materials,False,Cash,1,Failed Stage 2,Stage 3,Failed Stage 2,0.72,"This stock was recently Stage 2, but the latest structure no longer satisfies Stage 2 rules. It is kept as Failed Stage 2 until a fresh base/repair structure forms.",Failed Stage 2,0.0,Weak,Volume Drying Up,Volume Drying Up (0.69x vs 10W Avg),-8.98,Underperformed Nifty by 8.98% in 3 Months,False,Not Rated,Wide Risk; Low Liquidity,19.45,21.92,37.5,20.0,15.0,5.26,False,False,False,False,not_true_leader; setup_not_proper_or_not_tight; risk_not_low; not_confirmed_stage2,watchlist,weekly_watchlist,watchlist,0.0,"Stage 3, Early, volume_dryup, weekly_volume_dryup, flags=Wide Risk;Low Liquidity, distribution_or_weakening_risk | Stage 2 failed state applied from stage memory.",710
UPL.NS,UPL Limited,Agricultural Inputs,Basic Materials,Basic Materials,True,F&O,1,Stage 4,Stage 4,Stage 4,0.86,Price is below the 30-week trend and below long-term support structure.,Stage 4,0.26,Weak,Volume Normal,Volume Normal (1.13x vs 10W Avg),-3.66,Underperformed Nifty by 3.66% in 3 Months,False,Not Rated,Wide Risk; Low Liquidity,14.79,8.59,0.0,57.1,35.0,5.17,False,False,False,False,not_true_leader; setup_not_proper_or_not_tight; risk_not_low; not_confirmed_stage2,watchlist,weekly_watchlist,watchlist,0.26,"Stage 4, Stage 4, weekly_vcp_ok, weekly_strong, flags=Wide Risk;Low Liquidity, downtrend",711
ZAGGLE.NS,Zaggle Prepaid Ocean Services Limited,Software - Infrastructure,Technology,Technology,False,Cash,1,Stage 4,Stage 4,Stage 4,0.86,Price is below the 30-week trend and below long-term support structure.,Stage 4,5.75,Weak,Volume Drying Up,Volume Drying Up (0.23x vs 10W Avg),-10.53,Underperformed Nifty by 10.53% in 3 Months,False,Not Rated,Wide Weekly Base; Wider Risk; Low Liquidity,8.64,0.52,0.0,41.1,58.0,5.07,False,False,False,False,not_true_leader; setup_not_proper_or_not_tight; risk_not_low; not_confirmed_stage2,watchlist,weekly_watchlist,watchlist,7.75,"Stage 4, Stage 4, weekly_vcp_ok, volume_dryup, weekly_volume_dryup, weekly_strong, flags=Wide Weekly Base;Wider Risk;Low Liquidity, downtrend",712
BAJAJCON.NS,Bajaj Consumer Care Limited,Household & Personal Products,Consumer Defensive,Consumer Defensive,False,Cash,1,Stage 3,Stage 3,Early,0.68,"Prior strength has shifted into a Stage 3 transition based on trend, relative strength, and volume evidence.",Stage 3 Early,0.0,Neutral,Volume Drying Up,Volume Drying Up (0.68x vs 10W Avg),-13.23,Underperformed Nifty by 13.23% in 3 Months,False,Not Rated,Wide Weekly Base; Wide Risk; Low Liquidity,28.79,50.0,37.5,16.0,15.0,5.04,False,False,False,False,not_true_leader; setup_not_proper_or_not_tight; risk_not_low; not_confirmed_stage2,watchlist,weekly_watchlist,watchlist,2.0,"Stage 3, Early, volume_dryup, weekly_volume_dryup, flags=Wide Weekly Base;Wide Risk;Low Liquidity, distribution_or_weakening_risk",713
TRITURBINE.NS,Triveni Turbine Limited,Specialty Industrial Machinery,Industrials,Industrials,False,Cash,1,Stage 3,Stage 3,Early,0.68,"Prior strength has shifted into a Stage 3 transition based on trend, relative strength, and volume evidence.",Stage 3 Early,0.0,Weak,Volume Drying Up,Volume Drying Up (0.58x vs 10W Avg),-9.85,Underperformed Nifty by 9.85% in 3 Months,False,Not Rated,Wide Risk; Low Liquidity,28.84,21.13,12.5,44.67,15.0,4.99,False,False,False,False,not_true_leader; setup_not_proper_or_not_tight; risk_not_low; not_confirmed_stage2,watchlist,weekly_watchlist,watchlist,10.0,"Stage 3, Early, volume_dryup, weekly_volume_dryup, flags=Wide Risk;Low Liquidity, distribution_or_weakening_risk",714
KSCL.NS,Kaveri Seed Company Limited,Agricultural Inputs,Basic Materials,Basic Materials,False,Cash,1,Stage 4,Stage 4,Stage 4,0.86,Price is below the 30-week trend and below long-term support structure.,Stage 4,7.13,Weak,Volume Expanding,Volume Expanding (8.94x vs 10W Avg),-13.47,Underperformed Nifty by 13.47% in 3 Months,False,Not Rated,Wide Risk; Low Liquidity,26.38,15.0,0.0,63.1,15.0,4.94,False,False,False,False,not_true_leader; setup_not_proper_or_not_tight; risk_not_low; not_confirmed_stage2,watchlist,weekly_watchlist,watchlist,7.13,"Stage 4, Stage 4, weekly_vcp_ok, weekly_strong, flags=Wide Risk;Low Liquidity, downtrend",715
SHARDACROP.NS,Sharda Cropchem Limited,Agricultural Inputs,Basic Materials,Basic Materials,False,Cash,1,Stage 4,Stage 4,Stage 4,0.86,Price is below the 30-week trend and below long-term support structure.,Stage 4,5.71,Weak,Volume Drying Up,Volume Drying Up (0.62x vs 10W Avg),-13.77,Underperformed Nifty by 13.77% in 3 Months,False,Not Rated,Wide Weekly Base; Wider Risk; Low Liquidity,11.04,0.0,0.0,41.1,58.0,4.94,False,False,False,False,not_true_leader; setup_not_proper_or_not_tight; risk_not_low; not_confirmed_stage2,watchlist,weekly_watchlist,watchlist,5.71,"Stage 4, Stage 4, weekly_vcp_ok, volume_dryup, weekly_volume_dryup, weekly_strong, flags=Wide Weekly Base;Wider Risk;Low Liquidity, downtrend",716
HUDCO.NS,Housing & Urban Development Corporation Limited,Credit Services,Financial Services,Financial Services,False,Cash,1,Stage 4,Stage 4,Stage 4,0.86,Price is below the 30-week trend and below long-term support structure.,Stage 4,6.86,Weak,Volume Normal,Volume Normal (1.16x vs 10W Avg),-14.46,Underperformed Nifty by 14.46% in 3 Months,False,Not Rated,Wide Risk; Low Liquidity,19.42,7.79,0.0,70.2,15.0,4.92,False,False,False,False,not_true_leader; setup_not_proper_or_not_tight; risk_not_low; not_confirmed_stage2,watchlist,weekly_watchlist,watchlist,8.86,"Stage 4, Stage 4, weekly_vcp_ok, weekly_strong, flags=Wide Risk;Low Liquidity, downtrend",717
NFL.NS,National Fertilizers Limited,Agricultural Inputs,Basic Materials,Basic Materials,False,Cash,1,Stage 4,Stage 4,Stage 4,0.86,Price is below the 30-week trend and below long-term support structure.,Stage 4,0.0,Weak,Volume Drying Up,Volume Normal (0.86x vs 10W Avg),-4.58,Underperformed Nifty by 4.58% in 3 Months,False,Not Rated,Wide Risk; Low Liquidity,14.36,10.91,0.0,20.0,35.0,4.82,False,False,False,False,not_true_leader; setup_not_proper_or_not_tight; risk_not_low; not_confirmed_stage2,watchlist,weekly_watchlist,watchlist,0.0,"Stage 4, Stage 4, volume_dryup, weekly_volume_dryup, flags=Wide Risk;Low Liquidity, downtrend",718
TIINDIA.NS,Tube Investments of India Limited,Conglomerates,Industrials,Industrials,True,F&O,1,Stage 4,Stage 4,Stage 4,0.66,Price is below weekly structure.,Stage 4,0.0,Weak,Volume Drying Up,Volume Normal (0.88x vs 10W Avg),-14.15,Underperformed Nifty by 14.15% in 3 Months,False,Not Rated,Wider Risk; Low Liquidity,10.19,3.36,0.0,12.0,58.0,4.77,False,False,False,False,not_true_leader; setup_not_proper_or_not_tight; risk_not_low; not_confirmed_stage2,watchlist,weekly_watchlist,watchlist,0.0,"Stage 4, Stage 4, volume_dryup, weekly_volume_dryup, flags=Wider Risk;Low Liquidity, downtrend",719
BAJAJELEC.NS,Bajaj Electricals Limited,"Furnishings, Fixtures & Appliances",Consumer Cyclical,Consumer Cyclical,False,Cash,1,Stage 4,Stage 4,Stage 4,0.86,Price is below the 30-week trend and below long-term support structure.,Stage 4,0.0,Weak,Volume Drying Up,Volume Drying Up (0.36x vs 10W Avg),0.71,Outperformed Nifty by 0.71% in 3 Months,False,Not Rated,Wide Risk; Low Liquidity,12.86,10.64,0.0,20.0,35.0,4.75,False,False,False,False,not_true_leader; setup_not_proper_or_not_tight; risk_not_low; not_confirmed_stage2,watchlist,weekly_watchlist,watchlist,0.0,"Stage 4, Stage 4, volume_dryup, weekly_volume_dryup, flags=Wide Risk;Low Liquidity, downtrend",720
TATACHEM.NS,Tata Chemicals Limited,Chemicals,Basic Materials,Basic Materials,False,Cash,1,Stage 4,Stage 4,Stage 4,0.86,Price is below the 30-week trend and below long-term support structure.,Stage 4,7.06,Weak,Volume Normal,Volume Normal (0.99x vs 10W Avg),-5.37,Underperformed Nifty by 5.37% in 3 Months,False,Not Rated,Wide Risk; Low Liquidity,28.01,13.97,0.0,63.2,15.0,4.72,False,False,False,False,not_true_leader; setup_not_proper_or_not_tight; risk_not_low; not_confirmed_stage2,watchlist,weekly_watchlist,watchlist,12.06,"Stage 4, Stage 4, weekly_vcp_ok, weekly_strong, flags=Wide Risk;Low Liquidity, downtrend",721
DREDGECORP.NS,Dredging Corporation of India Limited,Engineering & Construction,Industrials,Industrials,False,Cash,1,Failed Stage 2,Stage 3,Failed Stage 2,0.72,"This stock was recently Stage 2, but the latest structure no longer satisfies Stage 2 rules. It is kept as Failed Stage 2 until a fresh base/repair structure forms.",Failed Stage 2,0.0,Weak,Volume Drying Up,Volume Drying Up (0.58x vs 10W Avg),-7.59,Underperformed Nifty by 7.59% in 3 Months,False,Not Rated,Wide Risk; Low Liquidity,24.38,19.06,25.0,33.0,15.0,4.69,False,False,False,False,not_true_leader; setup_not_proper_or_not_tight; risk_not_low; not_confirmed_stage2,watchlist,weekly_watchlist,watchlist,0.0,"Stage 3, Early, volume_dryup, weekly_volume_dryup, flags=Wide Risk;Low Liquidity, distribution_or_weakening_risk | Stage 2 failed state applied from stage memory.",722
MSUMI.NS,Motherson Sumi Wiring India Limited,Auto Parts,Consumer Cyclical,Consumer Cyclical,False,Cash,1,Stage 4,Stage 4,Stage 4,0.86,Price is below the 30-week trend and below long-term support structure.,Stage 4,5.93,Weak,Volume Normal,Volume Normal (1.07x vs 10W Avg),-8.98,Underperformed Nifty by 8.98% in 3 Months,False,Not Rated,Wide Risk; Low Liquidity,19.64,6.39,0.0,70.2,15.0,4.58,False,False,False,False,not_true_leader; setup_not_proper_or_not_tight; risk_not_low; not_confirmed_stage2,watchlist,weekly_watchlist,watchlist,10.93,"Stage 4, Stage 4, weekly_vcp_ok, weekly_strong, flags=Wide Risk;Low Liquidity, downtrend",723
SWANCORP.NS,SWAN CORP LIMITED,Conglomerates,Industrials,Industrials,False,Cash,1,Stage 4,Stage 4,Stage 4,0.86,Price is below the 30-week trend and below long-term support structure.,Stage 4,5.57,Weak,Volume Drying Up,Volume Drying Up (0.31x vs 10W Avg),-9.17,Underperformed Nifty by 9.17% in 3 Months,False,Not Rated,Wide Weekly Base; Wide Risk; Low Liquidity,13.42,3.44,0.0,51.1,35.0,4.49,False,False,False,False,not_true_leader; setup_not_proper_or_not_tight; risk_not_low; not_confirmed_stage2,watchlist,weekly_watchlist,watchlist,5.57,"Stage 4, Stage 4, weekly_vcp_ok, volume_dryup, weekly_volume_dryup, weekly_strong, flags=Wide Weekly Base;Wide Risk;Low Liquidity, downtrend",724
PREMIERENE.NS,Premier Energies Limited,Solar,Technology,Technology,True,F&O,1,Stage 4,Stage 4,Stage 4,0.66,Price is below weekly structure.,Stage 4,0.0,Weak,Volume Normal,Volume Normal (1.22x vs 10W Avg),-8.14,Underperformed Nifty by 8.14% in 3 Months,False,Not Rated,Low Liquidity,7.38,6.39,25.0,0.0,82.0,4.45,False,False,True,False,not_true_leader; setup_not_proper_or_not_tight; not_confirmed_stage2,watchlist,weekly_watchlist,watchlist,0.0,"Stage 4, Stage 4, flags=Low Liquidity, downtrend",725
STARCEMENT.NS,Star Cement Limited,Building Materials,Basic Materials,Basic Materials,False,Cash,1,Stage 4,Stage 4,Stage 4,0.86,Price is below the 30-week trend and below long-term support structure.,Stage 4,0.0,Weak,Volume Drying Up,Volume Drying Up (0.78x vs 10W Avg),-5.56,Underperformed Nifty by 5.56% in 3 Months,False,Not Rated,Wider Risk; Low Liquidity,10.94,5.0,0.0,42.2,58.0,4.41,False,False,False,False,not_true_leader; setup_not_proper_or_not_tight; risk_not_low; not_confirmed_stage2,watchlist,weekly_watchlist,watchlist,0.0,"Stage 4, Stage 4, weekly_vcp_ok, volume_dryup, weekly_volume_dryup, weekly_strong, flags=Wider Risk;Low Liquidity, downtrend",726
NH.NS,Narayana Hrudayalaya Ltd.,Medical Care Facilities,Healthcare,Healthcare,False,Cash,1,Stage 4,Stage 4,Stage 4,0.66,Price is below weekly structure.,Stage 4,0.0,Neutral,Volume Drying Up,Volume Normal (1.17x vs 10W Avg),-3.39,Underperformed Nifty by 3.39% in 3 Months,False,Not Rated,Wide Risk; Low Liquidity,17.48,49.97,25.0,34.0,15.0,4.35,False,False,False,False,not_true_leader; setup_not_proper_or_not_tight; risk_not_low; not_confirmed_stage2,watchlist,weekly_watchlist,watchlist,0.0,"Stage 4, Stage 4, volume_dryup, flags=Wide Risk;Low Liquidity, downtrend",727
MARATHON.NS,Marathon Nextgen Realty Limited,Real Estate,Real Estate,Real Estate,False,Cash,1,Stage 4,Stage 4,Stage 4,0.86,Price is below the 30-week trend and below long-term support structure.,Stage 4,5.51,Weak,Volume Drying Up,Volume Drying Up (0.19x vs 10W Avg),-0.44,Underperformed Nifty by 0.44% in 3 Months,False,Not Rated,Wide Risk; Low Liquidity,16.72,28.43,0.0,47.1,15.0,4.33,False,False,False,False,not_true_leader; setup_not_proper_or_not_tight; risk_not_low; not_confirmed_stage2,watchlist,weekly_watchlist,watchlist,7.51,"Stage 4, Stage 4, weekly_vcp_ok, volume_dryup, weekly_volume_dryup, weekly_strong, flags=Wide Risk;Low Liquidity, downtrend",728
LTM.NS,LTM Limited,Information Technology Services,Technology,Technology,True,F&O,1,Stage 4,Stage 4,Stage 4,0.66,Price is below weekly structure.,Stage 4,7.71,Neutral,Volume Normal,Volume Normal (1.23x vs 10W Avg),15.32,Outperformed Nifty by 15.32% in 3 Months,False,Not Rated,Wide Weekly Base; Wide Risk; Low Liquidity,16.62,48.68,0.0,50.1,15.0,3.91,False,False,False,False,not_true_leader; setup_not_proper_or_not_tight; risk_not_low; not_confirmed_stage2,watchlist,weekly_watchlist,watchlist,7.71,"Stage 4, Stage 4, weekly_vcp_ok, weekly_strong, flags=Wide Weekly Base;Wide Risk;Low Liquidity, downtrend",729
GILLETTE.NS,Gillette India Limited,Household & Personal Products,Consumer Defensive,Consumer Defensive,False,Cash,1,Stage 4,Stage 4,Stage 4,0.66,Price is below weekly structure.,Stage 4,0.0,Weak,Volume Expanding,Volume Normal (1.23x vs 10W Avg),-2.41,Underperformed Nifty by 2.41% in 3 Months,False,Not Rated,Wider Risk; Low Liquidity,9.33,27.73,12.5,4.0,58.0,3.7,False,False,False,False,not_true_leader; setup_not_proper_or_not_tight; risk_not_low; not_confirmed_stage2,watchlist,weekly_watchlist,watchlist,2.0,"Stage 4, Stage 4, flags=Wider Risk;Low Liquidity, downtrend",730
SENCO.NS,Senco Gold Limited,Luxury Goods,Consumer Cyclical,Consumer Cyclical,False,Cash,1,Failed Stage 2,Stage 1,Failed Stage 2,0.72,"This stock was recently Stage 2, but the latest structure no longer satisfies Stage 2 rules. It is kept as Failed Stage 2 until a fresh base/repair structure forms.",Failed Stage 2,0.0,Weak,Volume Drying Up,Volume Drying Up (0.71x vs 10W Avg),5.39,Outperformed Nifty by 5.39% in 3 Months,False,Not Rated,Wide Risk; Low Liquidity,16.21,35.26,25.0,12.0,15.0,3.54,False,False,False,False,not_true_leader; setup_not_proper_or_not_tight; risk_not_low; not_confirmed_stage2,watchlist,weekly_watchlist,watchlist,10.0,"Stage 1, Stage 1, volume_dryup, weekly_volume_dryup, flags=Wide Risk;Low Liquidity, stage1_not_actionable, stage1_needs_more_base | Stage 2 failed state applied from stage memory.",731
LEMONTREE.NS,Lemon Tree Hotels Limited,Lodging,Consumer Cyclical,Consumer Cyclical,False,Cash,1,Stage 4,Stage 4,Stage 4,0.86,Price is below the 30-week trend and below long-term support structure.,Stage 4,7.54,Weak,Volume Drying Up,Volume Drying Up (0.74x vs 10W Avg),-6.4,Underperformed Nifty by 6.4% in 3 Months,False,Not Rated,Wide Weekly Base; Wide Risk; Low Liquidity,17.75,24.95,0.0,70.2,15.0,3.04,False,False,False,False,not_true_leader; setup_not_proper_or_not_tight; risk_not_low; not_confirmed_stage2,watchlist,weekly_watchlist,watchlist,9.54,"Stage 4, Stage 4, weekly_vcp_ok, volume_dryup, weekly_volume_dryup, weekly_strong, flags=Wide Weekly Base;Wide Risk;Low Liquidity, downtrend",732
TATAINVEST.NS,Tata Investment Corporation Limited,Asset Management,Financial Services,Financial Services,False,Cash,1,Stage 4,Stage 4,Stage 4,0.86,Price is below the 30-week trend and below long-term support structure.,Stage 4,5.2,Weak,Volume Drying Up,Volume Drying Up (0.33x vs 10W Avg),0.15,Outperformed Nifty by 0.15% in 3 Months,False,Not Rated,Wide Risk; Low Liquidity,18.04,22.75,0.0,47.1,15.0,2.96,False,False,False,False,not_true_leader; setup_not_proper_or_not_tight; risk_not_low; not_confirmed_stage2,watchlist,weekly_watchlist,watchlist,5.2,"Stage 4, Stage 4, weekly_vcp_ok, volume_dryup, weekly_volume_dryup, weekly_strong, flags=Wide Risk;Low Liquidity, downtrend",733
RUSTOMJEE.NS,Keystone Realtors Limited,Real Estate,Real Estate,Real Estate,False,Cash,1,Stage 4,Stage 4,Stage 4,0.86,Price is below the 30-week trend and below long-term support structure.,Stage 4,0.0,Weak,Volume Drying Up,Volume Drying Up (0.62x vs 10W Avg),-9.02,Underperformed Nifty by 9.02% in 3 Months,False,Not Rated,Wide Risk; Low Liquidity,25.74,20.83,0.0,49.0,15.0,2.96,False,False,False,False,not_true_leader; setup_not_proper_or_not_tight; risk_not_low; not_confirmed_stage2,watchlist,weekly_watchlist,watchlist,2.0,"Stage 4, Stage 4, volume_dryup, weekly_volume_dryup, flags=Wide Risk;Low Liquidity, downtrend",734
DDEVPLSTIK.NS,Ddev Plastiks Industries Limited,Specialty Chemicals,Basic Materials,Basic Materials,False,Cash,1,Stage 4,Stage 4,Stage 4,0.86,Price is below the 30-week trend and below long-term support structure.,Stage 4,5.14,Neutral,Volume Drying Up,Volume Drying Up (0.50x vs 10W Avg),-3.33,Underperformed Nifty by 3.33% in 3 Months,False,Not Rated,Wide Weekly Base; Wide Risk; Low Liquidity,15.11,42.0,12.5,40.2,15.0,2.93,False,False,False,False,not_true_leader; setup_not_proper_or_not_tight; risk_not_low; not_confirmed_stage2,watchlist,weekly_watchlist,watchlist,10.14,"Stage 4, Stage 4, weekly_vcp_ok, volume_dryup, weekly_volume_dryup, weekly_strong, flags=Wide Weekly Base;Wide Risk;Low Liquidity, downtrend",735
JTEKTINDIA.NS,Jtekt India Limited,Auto Parts,Consumer Cyclical,Consumer Cyclical,False,Cash,1,Stage 4,Stage 4,Stage 4,0.86,Price is below the 30-week trend and below long-term support structure.,Stage 4,4.73,Weak,Volume Drying Up,Volume Drying Up (0.32x vs 10W Avg),-12.64,Underperformed Nifty by 12.64% in 3 Months,False,Not Rated,Wide Risk; Low Liquidity,20.78,3.45,0.0,66.2,15.0,2.92,False,False,False,False,not_true_leader; setup_not_proper_or_not_tight; risk_not_low; not_confirmed_stage2,watchlist,weekly_watchlist,watchlist,9.73,"Stage 4, Stage 4, weekly_vcp_ok, volume_dryup, weekly_volume_dryup, weekly_strong, flags=Wide Risk;Low Liquidity, downtrend",736
BRITANNIA.NS,Britannia Industries Limited,Packaged Foods,Consumer Defensive,Consumer Defensive,True,F&O,1,Stage 4,Stage 4,Stage 4,0.66,Price is below weekly structure.,Stage 4,0.0,Weak,Volume Expanding,Volume Normal (1.15x vs 10W Avg),-3.17,Underperformed Nifty by 3.17% in 3 Months,False,Not Rated,Wide Risk; Low Liquidity,16.52,8.26,12.5,47.8,15.0,2.65,False,False,False,False,not_true_leader; setup_not_proper_or_not_tight; risk_not_low; not_confirmed_stage2,watchlist,weekly_watchlist,watchlist,0.0,"Stage 4, Stage 4, flags=Wide Risk;Low Liquidity, downtrend",737
GMDCLTD.NS,Gujarat Mineral Development Corporation Limited,Energy,Energy,Energy,False,Cash,1,Stage 4,Stage 4,Stage 4,0.66,Price is below weekly structure.,Stage 4,0.0,Weak,Volume Drying Up,Volume Drying Up (0.60x vs 10W Avg),-6.85,Underperformed Nifty by 6.85% in 3 Months,False,Not Rated,Wide Risk; Low Liquidity,18.69,3.88,12.5,52.0,15.0,2.61,False,False,False,False,not_true_leader; setup_not_proper_or_not_tight; risk_not_low; not_confirmed_stage2,watchlist,weekly_watchlist,watchlist,5.0,"Stage 4, Stage 4, volume_dryup, weekly_volume_dryup, flags=Wide Risk;Low Liquidity, downtrend",738
DABUR.NS,Dabur India Limited,Household & Personal Products,Consumer Defensive,Consumer Defensive,True,F&O,1,Stage 4,Stage 4,Stage 4,0.86,Price is below the 30-week trend and below long-term support structure.,Stage 4,0.0,Weak,Volume Normal,Volume Normal (1.26x vs 10W Avg),-7.59,Underperformed Nifty by 7.59% in 3 Months,False,Not Rated,Wide Risk; Low Liquidity,18.17,22.33,0.0,46.0,15.0,2.6,False,False,False,False,not_true_leader; setup_not_proper_or_not_tight; risk_not_low; not_confirmed_stage2,watchlist,weekly_watchlist,watchlist,2.0,"Stage 4, Stage 4, flags=Wide Risk;Low Liquidity, downtrend",739
VIYASH.NS,Viyash Scientific Limited,Drug Manufacturers - Specialty & Generic,Healthcare,Healthcare,False,Cash,1,Failed Stage 2,Stage 3,Failed Stage 2,0.72,"This stock was recently Stage 2, but the latest structure no longer satisfies Stage 2 rules. It is kept as Failed Stage 2 until a fresh base/repair structure forms.",Failed Stage 2,0.0,Weak,Volume Drying Up,Volume Drying Up (0.38x vs 10W Avg),-11.85,Underperformed Nifty by 11.85% in 3 Months,False,Not Rated,Wide Risk; Low Liquidity,16.2,35.0,50.0,16.0,15.0,2.44,False,False,False,False,not_true_leader; setup_not_proper_or_not_tight; risk_not_low; not_confirmed_stage2,watchlist,weekly_watchlist,watchlist,10.0,"Stage 3, Late, volume_dryup, weekly_volume_dryup, flags=Wide Risk;Low Liquidity, distribution_or_weakening_risk | Stage 2 failed state applied from stage memory.",740
BOMDYEING.NS,Bombay Dyeing & Mfg Company Limited,Textile Manufacturing,Consumer Cyclical,Consumer Cyclical,False,Cash,1,Stage 4,Stage 4,Stage 4,0.86,Price is below the 30-week trend and below long-term support structure.,Stage 4,0.0,Weak,Volume Drying Up,Volume Drying Up (0.44x vs 10W Avg),-9.89,Underperformed Nifty by 9.89% in 3 Months,False,Not Rated,Wide Risk; Low Liquidity,25.41,12.9,0.0,54.67,15.0,2.42,False,False,False,False,not_true_leader; setup_not_proper_or_not_tight; risk_not_low; not_confirmed_stage2,watchlist,weekly_watchlist,watchlist,5.0,"Stage 4, Stage 4, volume_dryup, weekly_volume_dryup, flags=Wide Risk;Low Liquidity, downtrend",741
CAMS.NS,Computer Age Management Services Limited,Information Technology Services,Technology,Technology,True,F&O,1,Stage 4,Stage 4,Stage 4,0.66,Price is below weekly structure.,Stage 4,3.95,Weak,Volume Normal,Volume Normal (1.07x vs 10W Avg),-7.42,Underperformed Nifty by 7.42% in 3 Months,False,Not Rated,Wide Risk; Low Liquidity,15.58,12.82,12.5,42.2,15.0,2.4,False,False,False,False,not_true_leader; setup_not_proper_or_not_tight; risk_not_low; not_confirmed_stage2,watchlist,weekly_watchlist,watchlist,3.95,"Stage 4, Stage 4, weekly_vcp_ok, weekly_strong, flags=Wide Risk;Low Liquidity, downtrend",742
FACT.NS,Fertilizers and Chemicals Travancore Limited,Agricultural Inputs,Basic Materials,Basic Materials,False,Cash,1,Stage 4,Stage 4,Stage 4,0.66,Price is below weekly structure.,Stage 4,0.0,Weak,Volume Drying Up,Volume Drying Up (0.24x vs 10W Avg),-6.88,Underperformed Nifty by 6.88% in 3 Months,False,Not Rated,Wide Risk; Low Liquidity,19.7,25.0,12.5,30.0,15.0,2.4,False,False,False,False,not_true_leader; setup_not_proper_or_not_tight; risk_not_low; not_confirmed_stage2,watchlist,weekly_watchlist,watchlist,0.0,"Stage 4, Stage 4, volume_dryup, weekly_volume_dryup, flags=Wide Risk;Low Liquidity, downtrend",743
JAIBALAJI.NS,Jai Balaji Industries Limited,Steel,Basic Materials,Basic Materials,False,Cash,1,Stage 4,Stage 4,Stage 4,0.66,Price is below weekly structure.,Stage 4,0.0,Weak,Volume Drying Up,Volume Drying Up (0.46x vs 10W Avg),-3.98,Underperformed Nifty by 3.98% in 3 Months,False,Not Rated,Wide Weekly Base; Wide Risk; Low Liquidity,17.78,35.88,12.5,44.0,15.0,2.37,False,False,False,False,not_true_leader; setup_not_proper_or_not_tight; risk_not_low; not_confirmed_stage2,watchlist,weekly_watchlist,watchlist,10.0,"Stage 4, Stage 4, volume_dryup, weekly_volume_dryup, flags=Wide Weekly Base;Wide Risk;Low Liquidity, downtrend",744
COCHINSHIP.NS,Cochin Shipyard Limited,Aerospace & Defense,Industrials,Industrials,True,F&O,1,Stage 4,Stage 4,Stage 4,0.86,Price is below the 30-week trend and below long-term support structure.,Stage 4,4.88,Weak,Volume Drying Up,Volume Drying Up (0.75x vs 10W Avg),-5.81,Underperformed Nifty by 5.81% in 3 Months,False,Not Rated,Wide Risk; Low Liquidity,18.19,12.23,0.0,55.1,15.0,2.36,False,False,False,False,not_true_leader; setup_not_proper_or_not_tight; risk_not_low; not_confirmed_stage2,watchlist,weekly_watchlist,watchlist,14.88,"Stage 4, Stage 4, weekly_vcp_ok, volume_dryup, weekly_volume_dryup, weekly_strong, flags=Wide Risk;Low Liquidity, downtrend",745
KAYNES.NS,Kaynes Technology India Limited,Electronic Components,Technology,Technology,True,F&O,1,Stage 1,Stage 1,Stage 1,0.64,Price is building a base around long-term weekly structure without a confirmed advancing phase.,Stage 1,0.0,Neutral,Volume Normal,Volume Normal (0.96x vs 10W Avg),11.02,Outperformed Nifty by 11.02% in 3 Months,False,Not Rated,Wide Risk; Low Liquidity,20.17,49.35,0.0,18.0,15.0,2.36,False,False,False,False,not_true_leader; setup_not_proper_or_not_tight; risk_not_low; not_confirmed_stage2,watchlist,weekly_watchlist,watchlist,10.0,"Stage 1, Stage 1, flags=Wide Risk;Low Liquidity, stage1_not_actionable, stage1_needs_more_base",746
MASTEK.NS,Mastek Limited,Information Technology Services,Technology,Technology,False,Cash,1,Stage 4,Stage 4,Stage 4,0.66,Price is below weekly structure.,Stage 4,5.1,Neutral,Volume Drying Up,Volume Drying Up (0.41x vs 10W Avg),5.5,Outperformed Nifty by 5.5% in 3 Months,False,Not Rated,Wide Weekly Base; Wide Risk; Low Liquidity,21.15,51.13,0.0,41.1,15.0,2.34,False,False,False,False,not_true_leader; setup_not_proper_or_not_tight; risk_not_low; not_confirmed_stage2,watchlist,weekly_watchlist,watchlist,5.1,"Stage 4, Stage 4, weekly_vcp_ok, volume_dryup, weekly_volume_dryup, weekly_strong, flags=Wide Weekly Base;Wide Risk;Low Liquidity, downtrend",747
RESPONIND.NS,Responsive Industries Limited,Specialty Chemicals,Basic Materials,Basic Materials,False,Cash,1,Stage 4,Stage 4,Stage 4,0.86,Price is below the 30-week trend and below long-term support structure.,Stage 4,4.78,Neutral,Volume Drying Up,Volume Drying Up (0.57x vs 10W Avg),-15.81,Underperformed Nifty by 15.81% in 3 Months,False,Not Rated,Wide Weekly Base; Loose Structure; Wide Risk; Low Liquidity,34.44,50.0,25.0,42.2,15.0,2.33,False,False,False,False,not_true_leader; setup_not_proper_or_not_tight; risk_not_low; not_confirmed_stage2,watchlist,weekly_watchlist,watchlist,9.78,"Stage 4, Stage 4, weekly_vcp_ok, volume_dryup, weekly_volume_dryup, weekly_strong, flags=Wide Weekly Base;Loose Structure;Wide Risk;Low Liquidity, downtrend",748
CERA.NS,Cera Sanitaryware Limited,Building Products & Equipment,Industrials,Industrials,False,Cash,1,Stage 3,Stage 3,Early,0.68,"Prior strength has shifted into a Stage 3 transition based on trend, relative strength, and volume evidence.",Stage 3 Early,0.0,Weak,Volume Expanding,Volume Expanding (1.90x vs 10W Avg),-14.87,Underperformed Nifty by 14.87% in 3 Months,False,Not Rated,Wide Risk; Low Liquidity,22.43,14.01,25.0,28.0,15.0,2.28,False,False,False,False,not_true_leader; setup_not_proper_or_not_tight; risk_not_low; not_confirmed_stage2,watchlist,weekly_watchlist,watchlist,0.0,"Stage 3, Early, flags=Wide Risk;Low Liquidity, distribution_or_weakening_risk",749
MHRIL.NS,Mahindra Holidays & Resorts India Limited,Consumer Cyclical,Consumer Cyclical,Consumer Cyclical,False,Cash,1,Stage 4,Stage 4,Stage 4,0.86,Price is below the 30-week trend and below long-term support structure.,Stage 4,4.81,Weak,Volume Drying Up,Volume Drying Up (0.58x vs 10W Avg),-9.66,Underperformed Nifty by 9.66% in 3 Months,False,Not Rated,Wide Risk; Low Liquidity,16.74,1.31,0.0,65.1,15.0,2.14,False,False,False,False,not_true_leader; setup_not_proper_or_not_tight; risk_not_low; not_confirmed_stage2,watchlist,weekly_watchlist,watchlist,6.81,"Stage 4, Stage 4, weekly_vcp_ok, volume_dryup, weekly_volume_dryup, weekly_strong, flags=Wide Risk;Low Liquidity, downtrend",750
IFCI.NS,IFCI Limited,Credit Services,Financial Services,Financial Services,False,Cash,1,Failed Stage 2,Stage 1,Failed Stage 2,0.72,"This stock was recently Stage 2, but the latest structure no longer satisfies Stage 2 rules. It is kept as Failed Stage 2 until a fresh base/repair structure forms.",Failed Stage 2,0.0,Neutral,Volume Drying Up,Volume Drying Up (0.60x vs 10W Avg),-1.65,Underperformed Nifty by 1.65% in 3 Months,False,Not Rated,Loose Structure; Wide Risk; Low Liquidity,36.44,43.51,37.5,10.0,15.0,2.04,False,False,False,False,not_true_leader; setup_not_proper_or_not_tight; risk_not_low; not_confirmed_stage2,watchlist,weekly_watchlist,watchlist,2.0,"Stage 1, Stage 1, weekly_volume_dryup, flags=Loose Structure;Wide Risk;Low Liquidity, stage1_not_actionable, stage1_needs_more_base | Stage 2 failed state applied from stage memory.",751
ORISSAMINE.NS,The Orissa Minerals Development Company Limited,Steel,Basic Materials,Basic Materials,False,Cash,1,Stage 4,Stage 4,Stage 4,0.86,Price is below the 30-week trend and below long-term support structure.,Stage 4,4.49,Weak,Volume Drying Up,Volume Drying Up (0.21x vs 10W Avg),0.29,Outperformed Nifty by 0.29% in 3 Months,False,Not Rated,Wide Weekly Base; Loose Structure; Wider Risk; Low Liquidity,11.63,21.57,0.0,32.2,58.0,1.98,False,False,False,False,not_true_leader; setup_not_proper_or_not_tight; risk_not_low; not_confirmed_stage2,watchlist,weekly_watchlist,watchlist,14.49,"Stage 4, Stage 4, weekly_vcp_ok, volume_dryup, weekly_volume_dryup, weekly_strong, flags=Wide Weekly Base;Loose Structure;Wider Risk;Low Liquidity, downtrend",752
WAAREEENER.NS,Waaree Energies Limited,Solar,Technology,Technology,True,F&O,1,Stage 4,Stage 4,Stage 4,0.86,Price is below the 30-week trend and below long-term support structure.,Stage 4,0.0,Weak,Volume Drying Up,Volume Drying Up (0.80x vs 10W Avg),-10.58,Underperformed Nifty by 10.58% in 3 Months,False,Not Rated,Wide Risk; Low Liquidity,13.36,0.48,0.0,18.0,35.0,1.84,False,False,False,False,not_true_leader; setup_not_proper_or_not_tight; risk_not_low; not_confirmed_stage2,watchlist,weekly_watchlist,watchlist,0.0,"Stage 4, Stage 4, weekly_volume_dryup, flags=Wide Risk;Low Liquidity, downtrend",753
TATACONSUM.NS,TATA CONSUMER PRODUCTS LIMITED,Packaged Foods,Consumer Defensive,Consumer Defensive,True,F&O,1,Stage 4,Stage 4,Stage 4,0.66,Price is below weekly structure.,Stage 4,0.0,Weak,Volume Normal,Volume Normal (1.16x vs 10W Avg),-8.26,Underperformed Nifty by 8.26% in 3 Months,False,Not Rated,Wide Risk; Low Liquidity,15.48,4.77,12.5,47.8,15.0,1.82,False,False,False,False,not_true_leader; setup_not_proper_or_not_tight; risk_not_low; not_confirmed_stage2,watchlist,weekly_watchlist,watchlist,0.0,"Stage 4, Stage 4, flags=Wide Risk;Low Liquidity, downtrend",754
KANSAINER.NS,Kansai Nerolac Paints Limited,Specialty Chemicals,Basic Materials,Basic Materials,False,Cash,1,Stage 4,Stage 4,Stage 4,0.86,Price is below the 30-week trend and below long-term support structure.,Stage 4,4.37,Weak,Volume Drying Up,Volume Drying Up (0.83x vs 10W Avg),-9.16,Underperformed Nifty by 9.16% in 3 Months,False,Not Rated,Wide Risk; Low Liquidity,16.56,10.83,0.0,54.2,15.0,1.81,False,False,False,False,not_true_leader; setup_not_proper_or_not_tight; risk_not_low; not_confirmed_stage2,watchlist,weekly_watchlist,watchlist,9.37,"Stage 4, Stage 4, weekly_vcp_ok, volume_dryup, weekly_volume_dryup, weekly_strong, flags=Wide Risk;Low Liquidity, downtrend",755
TIRUMALCHM.NS,Thirumalai Chemicals Limited,Specialty Chemicals,Basic Materials,Basic Materials,False,Cash,1,Stage 4,Stage 4,Stage 4,0.86,Price is below the 30-week trend and below long-term support structure.,Stage 4,0.0,Weak,Volume Drying Up,Volume Drying Up (0.57x vs 10W Avg),-9.32,Underperformed Nifty by 9.32% in 3 Months,False,Not Rated,Wide Risk; Low Liquidity,12.65,1.89,0.0,49.1,35.0,1.64,False,False,False,False,not_true_leader; setup_not_proper_or_not_tight; risk_not_low; not_confirmed_stage2,watchlist,weekly_watchlist,watchlist,5.0,"Stage 4, Stage 4, weekly_vcp_ok, weekly_volume_dryup, weekly_strong, flags=Wide Risk;Low Liquidity, downtrend",756
BBTC.NS,The Bombay Burmah Trading Corporation Limited,Packaged Foods,Consumer Defensive,Consumer Defensive,False,Cash,1,Stage 4,Stage 4,Stage 4,0.86,Price is below the 30-week trend and below long-term support structure.,Stage 4,0.47,Weak,Volume Drying Up,Volume Drying Up (0.19x vs 10W Avg),-6.0,Underperformed Nifty by 6.0% in 3 Months,False,Not Rated,Wide Risk,17.78,9.92,0.0,12.0,15.0,1.46,False,False,False,False,not_true_leader; setup_not_proper_or_not_tight; risk_not_low; not_confirmed_stage2,watchlist,weekly_watchlist,watchlist,0.47,"Stage 4, Stage 4, volume_dryup, weekly_volume_dryup, flags=Wide Risk, downtrend",757
IMFA.NS,Indian Metals & Ferro Alloys Limited,Basic Materials,Basic Materials,Basic Materials,False,Cash,1,Stage 4,Stage 4,Stage 4,0.66,Price is below weekly structure.,Stage 4,4.57,Weak,Volume Drying Up,Volume Drying Up (0.46x vs 10W Avg),-5.17,Underperformed Nifty by 5.17% in 3 Months,False,Not Rated,Wide Risk; Low Liquidity,20.24,8.19,0.0,55.1,15.0,1.39,False,False,False,False,not_true_leader; setup_not_proper_or_not_tight; risk_not_low; not_confirmed_stage2,watchlist,weekly_watchlist,watchlist,4.57,"Stage 4, Stage 4, weekly_vcp_ok, volume_dryup, weekly_volume_dryup, weekly_strong, flags=Wide Risk;Low Liquidity, downtrend",758
HDBFS.NS,HDB Financial Services Limited,Credit Services,Financial Services,Financial Services,False,Cash,1,Stage 3,Stage 3,Late,0.76,"Prior strength has shifted into a Stage 3 transition based on trend, relative strength, and volume evidence.",Stage 3 Late,0.0,Weak,Volume Drying Up,Volume Drying Up (0.56x vs 10W Avg),-9.73,Underperformed Nifty by 9.73% in 3 Months,False,Not Rated,Wide Risk; Low Liquidity,12.06,15.25,12.5,21.9,35.0,1.32,False,False,False,False,not_true_leader; setup_not_proper_or_not_tight; risk_not_low; not_confirmed_stage2,watchlist,weekly_watchlist,watchlist,2.0,"Stage 3, Late, weekly_vcp_ok, volume_dryup, weekly_volume_dryup, flags=Wide Risk;Low Liquidity, distribution_or_weakening_risk",759
SBIN.NS,State Bank of India,Banks - Regional,Financial Services,Financial Services,True,F&O,1,Stage 1,Stage 1,Stage 1,0.64,Price is building a base around long-term weekly structure without a confirmed advancing phase.,Stage 1,2.52,Weak,Volume Normal,Volume Normal (1.41x vs 10W Avg),-0.74,Underperformed Nifty by 0.74% in 3 Months,False,Not Rated,Wide Risk; Low Liquidity,15.4,14.79,25.0,56.2,15.0,1.24,False,False,False,False,not_true_leader; setup_not_proper_or_not_tight; risk_not_low; not_confirmed_stage2,watchlist,weekly_watchlist,watchlist,4.52,"Stage 1, Stage 1, weekly_vcp_ok, weekly_strong, flags=Wide Risk;Low Liquidity, stage1_not_actionable, stage1_needs_more_base",760
TCS.NS,Tata Consultancy Services Limited,Information Technology Services,Technology,Technology,True,F&O,1,Stage 4,Stage 4,Stage 4,0.86,Price is below the 30-week trend and below long-term support structure.,Stage 4,0.0,Weak,Volume Normal,Volume Normal (1.03x vs 10W Avg),7.01,Outperformed Nifty by 7.01% in 3 Months,False,Not Rated,Wide Risk; Low Liquidity,18.54,26.31,0.0,36.0,15.0,1.15,False,False,False,False,not_true_leader; setup_not_proper_or_not_tight; risk_not_low; not_confirmed_stage2,watchlist,weekly_watchlist,watchlist,0.0,"Stage 4, Stage 4, flags=Wide Risk;Low Liquidity, downtrend",761
TARIL.NS,Transformers And Rectifiers (India) Limited,Electrical Equipment & Parts,Industrials,Industrials,False,Cash,1,Stage 4,Stage 4,Stage 4,0.66,Price is below weekly structure.,Stage 4,0.0,Weak,Volume Drying Up,Volume Drying Up (0.52x vs 10W Avg),-13.98,Underperformed Nifty by 13.98% in 3 Months,False,Not Rated,Wide Risk; Low Liquidity,18.53,9.59,12.5,40.0,15.0,1.1,False,False,False,False,not_true_leader; setup_not_proper_or_not_tight; risk_not_low; not_confirmed_stage2,watchlist,weekly_watchlist,watchlist,10.0,"Stage 4, Stage 4, volume_dryup, weekly_volume_dryup, flags=Wide Risk;Low Liquidity, downtrend",762
BATAINDIA.NS,Bata India Limited,Consumer Cyclical,Consumer Cyclical,Consumer Cyclical,False,Cash,1,Stage 4,Stage 4,Stage 4,0.86,Price is below the 30-week trend and below long-term support structure.,Stage 4,6.95,Weak,Volume Drying Up,Volume Drying Up (0.25x vs 10W Avg),0.88,Outperformed Nifty by 0.88% in 3 Months,False,Not Rated,Wide Weekly Base; Wide Risk; Low Liquidity,17.58,17.68,0.0,69.1,15.0,1.03,False,False,False,False,not_true_leader; setup_not_proper_or_not_tight; risk_not_low; not_confirmed_stage2,watchlist,weekly_watchlist,watchlist,8.95,"Stage 4, Stage 4, weekly_vcp_ok, volume_dryup, weekly_volume_dryup, weekly_strong, flags=Wide Weekly Base;Wide Risk;Low Liquidity, downtrend",763
ITI.NS,ITI Limited,Communication Equipment,Technology,Technology,False,Cash,1,Stage 4,Stage 4,Stage 4,0.86,Price is below the 30-week trend and below long-term support structure.,Stage 4,0.0,Weak,Volume Expanding,Volume Normal (1.44x vs 10W Avg),-10.27,Underperformed Nifty by 10.27% in 3 Months,False,Not Rated,Wide Risk; Low Liquidity,13.35,7.01,0.0,8.0,35.0,1.0,False,False,False,False,not_true_leader; setup_not_proper_or_not_tight; risk_not_low; not_confirmed_stage2,watchlist,weekly_watchlist,watchlist,10.0,"Stage 4, Stage 4, flags=Wide Risk;Low Liquidity, downtrend",764
RAYMONDLSL.NS,Raymond Lifestyle Limited,Apparel Manufacturing,Consumer Cyclical,Consumer Cyclical,False,Cash,1,Stage 4,Stage 4,Stage 4,0.86,Price is below the 30-week trend and below long-term support structure.,Stage 4,0.7,Weak,Volume Normal,Volume Normal (1.26x vs 10W Avg),-10.28,Underperformed Nifty by 10.28% in 3 Months,False,Not Rated,Wide Risk; Low Liquidity,17.05,0.75,0.0,59.9,15.0,0.76,False,False,False,False,not_true_leader; setup_not_proper_or_not_tight; risk_not_low; not_confirmed_stage2,watchlist,weekly_watchlist,watchlist,0.7,"Stage 4, Stage 4, weekly_vcp_ok, flags=Wide Risk;Low Liquidity, downtrend",765
SHREECEM.NS,SHREE CEMENT LIMITED,Building Materials,Basic Materials,Basic Materials,True,F&O,1,Stage 4,Stage 4,Stage 4,0.86,Price is below the 30-week trend and below long-term support structure.,Stage 4,4.01,Weak,Volume Expanding,Volume Expanding (4.44x vs 10W Avg),-9.07,Underperformed Nifty by 9.07% in 3 Months,False,Not Rated,Wide Risk; Low Liquidity,21.92,8.09,0.0,52.2,15.0,0.67,False,False,False,False,not_true_leader; setup_not_proper_or_not_tight; risk_not_low; not_confirmed_stage2,watchlist,weekly_watchlist,watchlist,4.01,"Stage 4, Stage 4, weekly_vcp_ok, weekly_strong, flags=Wide Risk;Low Liquidity, downtrend",766
SAMMAANCAP.NS,Sammaan Capital Limited,Mortgage Finance,Financial Services,Financial Services,True,F&O,1,Stage 4,Stage 4,Stage 4,0.66,Price is below weekly structure.,Stage 4,4.32,Weak,Volume Drying Up,Volume Drying Up (0.58x vs 10W Avg),-15.9,Underperformed Nifty by 15.9% in 3 Months,False,Not Rated,Wide Risk; Low Liquidity,15.87,4.93,0.0,55.1,15.0,0.61,False,False,False,False,not_true_leader; setup_not_proper_or_not_tight; risk_not_low; not_confirmed_stage2,watchlist,weekly_watchlist,watchlist,4.32,"Stage 4, Stage 4, weekly_vcp_ok, volume_dryup, weekly_volume_dryup, weekly_strong, flags=Wide Risk;Low Liquidity, downtrend",767
ABLBL.NS,Aditya Birla Lifestyle Brands Limited,Consumer Cyclical,Consumer Cyclical,Consumer Cyclical,False,Cash,1,Stage 4,Stage 4,Stage 4,0.86,Price is below the 30-week trend and below long-term support structure.,Stage 4,0.0,Weak,Volume Expanding,Volume Expanding (9.40x vs 10W Avg),-13.56,Underperformed Nifty by 13.56% in 3 Months,False,Not Rated,Wide Risk; Low Liquidity,14.27,0.0,0.0,46.2,35.0,0.49,False,False,False,False,not_true_leader; setup_not_proper_or_not_tight; risk_not_low; not_confirmed_stage2,watchlist,weekly_watchlist,watchlist,2.0,"Stage 4, Stage 4, weekly_vcp_ok, weekly_strong, flags=Wide Risk;Low Liquidity, downtrend",768
MUTHOOTFIN.NS,Muthoot Finance Limited,Credit Services,Financial Services,Financial Services,True,F&O,1,Stage 4,Stage 4,Stage 4,0.86,Price is below the 30-week trend and below long-term support structure.,Stage 4,3.89,Weak,Volume Drying Up,Volume Drying Up (0.66x vs 10W Avg),-5.96,Underperformed Nifty by 5.96% in 3 Months,False,Not Rated,Wide Risk; Low Liquidity,16.78,4.63,0.0,54.2,15.0,0.32,False,False,False,False,not_true_leader; setup_not_proper_or_not_tight; risk_not_low; not_confirmed_stage2,watchlist,weekly_watchlist,watchlist,5.89,"Stage 4, Stage 4, weekly_vcp_ok, volume_dryup, weekly_volume_dryup, weekly_strong, flags=Wide Risk;Low Liquidity, downtrend",769
JISLJALEQS.NS,Jain Irrigation Systems Limited,Conglomerates,Industrials,Industrials,False,Cash,1,Stage 4,Stage 4,Stage 4,0.86,Price is below the 30-week trend and below long-term support structure.,Stage 4,0.0,Weak,Volume Drying Up,Volume Drying Up (0.57x vs 10W Avg),-10.86,Underperformed Nifty by 10.86% in 3 Months,False,Not Rated,Wide Risk; Low Liquidity,26.89,20.66,0.0,38.0,15.0,0.28,False,False,False,False,not_true_leader; setup_not_proper_or_not_tight; risk_not_low; not_confirmed_stage2,watchlist,weekly_watchlist,watchlist,0.0,"Stage 4, Stage 4, weekly_volume_dryup, flags=Wide Risk;Low Liquidity, downtrend",770
INDIAMART.NS,Indiamart Intermesh Limited,Communication Services,Communication Services,Communication Services,False,Cash,1,Stage 4,Stage 4,Stage 4,0.86,Price is below the 30-week trend and below long-term support structure.,Stage 4,0.0,Weak,Volume Drying Up,Volume Drying Up (0.50x vs 10W Avg),-6.98,Underperformed Nifty by 6.98% in 3 Months,False,Not Rated,Wide Risk; Low Liquidity,12.33,3.72,0.0,41.1,35.0,0.16,False,False,False,False,not_true_leader; setup_not_proper_or_not_tight; risk_not_low; not_confirmed_stage2,watchlist,weekly_watchlist,watchlist,5.0,"Stage 4, Stage 4, weekly_vcp_ok, weekly_volume_dryup, weekly_strong, flags=Wide Risk;Low Liquidity, downtrend",771
SETL.NS,Standard Engineering Technology Limited,Specialty Industrial Machinery,Industrials,Industrials,False,Cash,1,Stage 2,Stage 2,Extended,0.78,"Weekly advancing structure remains intact, but price is stretched versus key moving averages.",Stage 2 - Extended,16.96,Very Strong,Volume Drying Up,Volume Drying Up (0.66x vs 10W Avg),64.74,Outperformed Nifty by 64.74% in 3 Months,True,Not Rated,Wide Weekly Base; Loose Structure; Extended; Wide Risk; Circuit Risk; Low Liquidity,16.2,80.0,100.0,10.2,15.0,0.0,True,False,False,False,setup_not_proper_or_not_tight; risk_not_low; extended_structure,watchlist,weekly_breakout,watchlist,26.96,"Stage 2, Extended, trend_template_ok, weekly_vcp_ok, weekly_volume_dryup, weekly_strong, flags=Wide Weekly Base;Loose Structure;Extended;Wide Risk;Circuit Risk;Low Liquidity",772
SHAKTIPUMP.NS,Shakti Pumps (India) Limited,Specialty Industrial Machinery,Industrials,Industrials,False,Cash,1,Stage 4,Stage 4,Stage 4,0.86,Price is below the 30-week trend and below long-term support structure.,Stage 4,7.05,Weak,Volume Drying Up,Volume Drying Up (0.50x vs 10W Avg),-16.1,Underperformed Nifty by 16.1% in 3 Months,False,Not Rated,Wide Weekly Base; Wide Risk; Low Liquidity,26.82,2.88,0.0,69.2,15.0,0.0,False,False,False,False,not_true_leader; setup_not_proper_or_not_tight; risk_not_low; not_confirmed_stage2,watchlist,weekly_watchlist,watchlist,17.05,"Stage 4, Stage 4, weekly_vcp_ok, volume_dryup, weekly_volume_dryup, weekly_strong, flags=Wide Weekly Base;Wide Risk;Low Liquidity, downtrend",773
GALLANTT.NS,Gallantt Ispat Limited,Steel,Basic Materials,Basic Materials,False,Cash,1,Stage 4,Stage 4,Stage 4,0.66,Price is below weekly structure.,Stage 4,5.78,Weak,Volume Drying Up,Volume Drying Up (0.36x vs 10W Avg),-12.51,Underperformed Nifty by 12.51% in 3 Months,False,Not Rated,Wide Base; Wide Risk; Low Liquidity,30.56,0.0,0.0,60.2,15.0,0.0,False,False,False,False,not_true_leader; setup_not_proper_or_not_tight; risk_not_low; not_confirmed_stage2,watchlist,weekly_watchlist,watchlist,15.78,"Stage 4, Stage 4, weekly_vcp_ok, weekly_volume_dryup, weekly_strong, flags=Wide Base;Wide Risk;Low Liquidity, downtrend",774
MAZDOCK.NS,Mazagon Dock Shipbuilders Limited,Aerospace & Defense,Industrials,Industrials,True,F&O,1,Stage 4,Stage 4,Stage 4,0.86,Price is below the 30-week trend and below long-term support structure.,Stage 4,4.13,Weak,Volume Drying Up,Volume Drying Up (0.76x vs 10W Avg),-10.96,Underperformed Nifty by 10.96% in 3 Months,False,Not Rated,Wide Risk; Low Liquidity,21.81,2.88,0.0,45.1,15.0,0.0,False,False,False,False,not_true_leader; setup_not_proper_or_not_tight; risk_not_low; not_confirmed_stage2,watchlist,weekly_watchlist,watchlist,14.13,"Stage 4, Stage 4, weekly_vcp_ok, weekly_volume_dryup, weekly_strong, flags=Wide Risk;Low Liquidity, downtrend",775
HAVELLS.NS,Havells India Limited,Electrical Equipment & Parts,Industrials,Industrials,True,F&O,1,Stage 4,Stage 4,Stage 4,0.86,Price is below the 30-week trend and below long-term support structure.,Stage 4,3.79,Weak,Volume Drying Up,Volume Normal (0.89x vs 10W Avg),-7.21,Underperformed Nifty by 7.21% in 3 Months,False,Not Rated,Wide Risk; Low Liquidity,22.0,3.51,0.0,46.2,15.0,0.0,False,False,False,False,not_true_leader; setup_not_proper_or_not_tight; risk_not_low; not_confirmed_stage2,watchlist,weekly_watchlist,watchlist,13.79,"Stage 4, Stage 4, weekly_vcp_ok, volume_dryup, weekly_volume_dryup, weekly_strong, flags=Wide Risk;Low Liquidity, downtrend",776
SANDUMA.NS,Sandur Manganese & Iron Ores Limited,Steel,Basic Materials,Basic Materials,False,Cash,1,Stage 4,Stage 4,Stage 4,0.86,Price is below the 30-week trend and below long-term support structure.,Stage 4,3.79,Weak,Volume Drying Up,Volume Drying Up (0.62x vs 10W Avg),-6.63,Underperformed Nifty by 6.63% in 3 Months,False,Not Rated,Wide Weekly Base; Wide Risk; Low Liquidity,16.66,12.54,0.0,40.2,15.0,0.0,False,False,False,False,not_true_leader; setup_not_proper_or_not_tight; risk_not_low; not_confirmed_stage2,watchlist,weekly_watchlist,watchlist,13.79,"Stage 4, Stage 4, weekly_vcp_ok, volume_dryup, weekly_volume_dryup, weekly_strong, flags=Wide Weekly Base;Wide Risk;Low Liquidity, downtrend",777
ANUP.NS,The Anup Engineering Limited,Specialty Industrial Machinery,Industrials,Industrials,False,Cash,1,Stage 4,Stage 4,Stage 4,0.86,Price is below the 30-week trend and below long-term support structure.,Stage 4,3.79,Weak,Volume Drying Up,Volume Drying Up (0.81x vs 10W Avg),-23.59,Underperformed Nifty by 23.59% in 3 Months,False,Not Rated,Wide Base; Wide Weekly Base; Loose Structure; Wider Risk; Low Liquidity,8.72,4.57,0.0,20.2,58.0,0.0,False,False,False,False,not_true_leader; setup_not_proper_or_not_tight; risk_not_low; not_confirmed_stage2,watchlist,weekly_watchlist,watchlist,13.79,"Stage 4, Stage 4, weekly_vcp_ok, volume_dryup, weekly_volume_dryup, weekly_strong, flags=Wide Base;Wide Weekly Base;Loose Structure;Wider Risk;Low Liquidity, downtrend",778
JKTYRE.NS,JK Tyre & Industries Limited,Auto Parts,Consumer Cyclical,Consumer Cyclical,False,Cash,1,Stage 4,Stage 4,Stage 4,0.86,Price is below the 30-week trend and below long-term support structure.,Stage 4,8.01,Weak,Volume Expanding,Volume Normal (0.99x vs 10W Avg),-7.6,Underperformed Nifty by 7.6% in 3 Months,False,Not Rated,Wide Weekly Base; Wide Risk; Low Liquidity,21.07,4.66,0.0,58.1,15.0,0.0,False,False,False,False,not_true_leader; setup_not_proper_or_not_tight; risk_not_low; not_confirmed_stage2,watchlist,weekly_watchlist,watchlist,13.01,"Stage 4, Stage 4, weekly_vcp_ok, weekly_strong, flags=Wide Weekly Base;Wide Risk;Low Liquidity, downtrend",779
BDL.NS,Bharat Dynamics Limited,Aerospace & Defense,Industrials,Industrials,True,F&O,1,Stage 4,Stage 4,Stage 4,0.86,Price is below the 30-week trend and below long-term support structure.,Stage 4,2.67,Weak,Volume Drying Up,Volume Normal (1.01x vs 10W Avg),-14.42,Underperformed Nifty by 14.42% in 3 Months,False,Not Rated,Wide Risk; Low Liquidity,22.25,1.99,0.0,43.2,15.0,0.0,False,False,False,False,not_true_leader; setup_not_proper_or_not_tight; risk_not_low; not_confirmed_stage2,watchlist,weekly_watchlist,watchlist,12.67,"Stage 4, Stage 4, weekly_vcp_ok, volume_dryup, weekly_strong, flags=Wide Risk;Low Liquidity, downtrend",780
INTELLECT.NS,Intellect Design Arena Limited,Software - Application,Technology,Technology,False,Cash,1,Stage 4,Stage 4,Stage 4,0.86,Price is below the 30-week trend and below long-term support structure.,Stage 4,5.69,Weak,Volume Drying Up,Volume Drying Up (0.70x vs 10W Avg),-12.67,Underperformed Nifty by 12.67% in 3 Months,False,Not Rated,Wide Weekly Base; Wide Risk; Low Liquidity,15.15,4.08,0.0,60.2,15.0,0.0,False,False,False,False,not_true_leader; setup_not_proper_or_not_tight; risk_not_low; not_confirmed_stage2,watchlist,weekly_watchlist,watchlist,10.69,"Stage 4, Stage 4, weekly_vcp_ok, volume_dryup, weekly_volume_dryup, weekly_strong, flags=Wide Weekly Base;Wide Risk;Low Liquidity, downtrend",781
HUBTOWN.NS,Hubtown Limited,Real Estate,Real Estate,Real Estate,False,Cash,1,Stage 4,Stage 4,Stage 4,0.86,Price is below the 30-week trend and below long-term support structure.,Stage 4,8.52,Weak,Volume Expanding,Volume Normal (1.16x vs 10W Avg),-9.44,Underperformed Nifty by 9.44% in 3 Months,False,Not Rated,Wide Weekly Base; Wide Risk; Low Liquidity,18.83,21.24,0.0,51.0,15.0,0.0,False,False,False,False,not_true_leader; setup_not_proper_or_not_tight; risk_not_low; not_confirmed_stage2,watchlist,weekly_watchlist,watchlist,10.52,"Stage 4, Stage 4, weekly_vcp_ok, weekly_strong, flags=Wide Weekly Base;Wide Risk;Low Liquidity, downtrend",782
PFIZER.NS,Pfizer Limited,Drug Manufacturers - General,Healthcare,Healthcare,False,Cash,1,Stage 4,Stage 4,Stage 4,0.86,Price is below the 30-week trend and below long-term support structure.,Stage 4,5.08,Weak,Volume Drying Up,Volume Normal (1.07x vs 10W Avg),-7.17,Underperformed Nifty by 7.17% in 3 Months,False,Not Rated,Loose Structure; Wide Risk; Low Liquidity,23.92,3.55,0.0,75.1,15.0,0.0,False,False,False,False,not_true_leader; setup_not_proper_or_not_tight; risk_not_low; not_confirmed_stage2,watchlist,weekly_watchlist,watchlist,10.08,"Stage 4, Stage 4, weekly_vcp_ok, volume_dryup, weekly_strong, flags=Loose Structure;Wide Risk;Low Liquidity, downtrend",783
LUPIN.NS,Lupin Limited,Drug Manufacturers - Specialty & Generic,Healthcare,Healthcare,True,F&O,1,Stage 4,Stage 4,Stage 4,0.66,Price is below weekly structure.,Stage 4,0.0,Weak,Volume Drying Up,Volume Drying Up (0.79x vs 10W Avg),-11.13,Underperformed Nifty by 11.13% in 3 Months,False,Not Rated,Wide Risk; Low Liquidity,19.68,1.38,25.0,34.0,15.0,0.0,False,False,False,False,not_true_leader; setup_not_proper_or_not_tight; risk_not_low; not_confirmed_stage2,watchlist,weekly_watchlist,watchlist,10.0,"Stage 4, Stage 4, volume_dryup, weekly_volume_dryup, flags=Wide Risk;Low Liquidity, downtrend",784
ASTRAZEN.NS,AstraZeneca Pharma India Limited,Drug Manufacturers - Specialty & Generic,Healthcare,Healthcare,False,Cash,1,Stage 4,Stage 4,Stage 4,0.86,Price is below the 30-week trend and below long-term support structure.,Stage 4,0.0,Weak,Volume Drying Up,Volume Normal (1.47x vs 10W Avg),-17.76,Underperformed Nifty by 17.76% in 3 Months,False,Not Rated,Loose Structure; Wide Risk; Low Liquidity,30.13,0.0,0.0,49.77,15.0,0.0,False,False,False,False,not_true_leader; setup_not_proper_or_not_tight; risk_not_low; not_confirmed_stage2,watchlist,weekly_watchlist,watchlist,10.0,"Stage 4, Stage 4, weekly_vcp_ok, volume_dryup, weekly_strong, flags=Loose Structure;Wide Risk;Low Liquidity, downtrend",785
ERIS.NS,Eris Lifesciences Limited,Drug Manufacturers - Specialty & Generic,Healthcare,Healthcare,False,Cash,1,Stage 4,Stage 4,Stage 4,0.86,Price is below the 30-week trend and below long-term support structure.,Stage 4,0.0,Weak,Volume Expanding,Volume Expanding (2.74x vs 10W Avg),-10.97,Underperformed Nifty by 10.97% in 3 Months,False,Not Rated,Wide Risk; Low Liquidity,16.45,2.33,0.0,31.1,15.0,0.0,False,False,False,False,not_true_leader; setup_not_proper_or_not_tight; risk_not_low; not_confirmed_stage2,watchlist,weekly_watchlist,watchlist,10.0,"Stage 4, Stage 4, weekly_vcp_ok, weekly_strong, flags=Wide Risk;Low Liquidity, downtrend",786
GRAVITA.NS,Gravita India Limited,Metal Fabrication,Industrials,Industrials,False,Cash,1,Stage 4,Stage 4,Stage 4,0.66,Price is below weekly structure.,Stage 4,0.0,Weak,Volume Normal,Volume Normal (1.04x vs 10W Avg),-11.49,Underperformed Nifty by 11.49% in 3 Months,False,Not Rated,Wide Risk; Low Liquidity,22.67,11.75,12.5,21.1,15.0,0.0,False,False,False,False,not_true_leader; setup_not_proper_or_not_tight; risk_not_low; not_confirmed_stage2,watchlist,weekly_watchlist,watchlist,10.0,"Stage 4, Stage 4, weekly_vcp_ok, weekly_strong, flags=Wide Risk;Low Liquidity, downtrend",787
SYNGENE.NS,Syngene International Limited,Diagnostics & Research,Healthcare,Healthcare,False,Cash,1,Stage 4,Stage 4,Stage 4,0.86,Price is below the 30-week trend and below long-term support structure.,Stage 4,0.0,Weak,Volume Drying Up,Volume Drying Up (0.30x vs 10W Avg),-8.3,Underperformed Nifty by 8.3% in 3 Months,False,Not Rated,Wide Weekly Base; Wide Risk; Low Liquidity,20.04,7.23,0.0,38.2,15.0,0.0,False,False,False,False,not_true_leader; setup_not_proper_or_not_tight; risk_not_low; not_confirmed_stage2,watchlist,weekly_watchlist,watchlist,10.0,"Stage 4, Stage 4, weekly_vcp_ok, volume_dryup, weekly_volume_dryup, weekly_strong, flags=Wide Weekly Base;Wide Risk;Low Liquidity, downtrend",788
INOXWIND.NS,Inox Wind Limited,Specialty Industrial Machinery,Industrials,Industrials,True,F&O,1,Stage 4,Stage 4,Stage 4,0.86,Price is below the 30-week trend and below long-term support structure.,Stage 4,0.0,Weak,Volume Drying Up,Volume Drying Up (0.73x vs 10W Avg),-13.26,Underperformed Nifty by 13.26% in 3 Months,False,Not Rated,Wide Weekly Base; Wide Risk; Low Liquidity,26.73,0.0,0.0,42.9,15.0,0.0,False,False,False,False,not_true_leader; setup_not_proper_or_not_tight; risk_not_low; not_confirmed_stage2,watchlist,weekly_watchlist,watchlist,10.0,"Stage 4, Stage 4, weekly_vcp_ok, volume_dryup, weekly_volume_dryup, flags=Wide Weekly Base;Wide Risk;Low Liquidity, downtrend",789
NSLNISP.NS,NMDC Steel Limited,Steel,Basic Materials,Basic Materials,False,Cash,1,Failed Stage 2,Stage 1,Failed Stage 2,0.72,"This stock was recently Stage 2, but the latest structure no longer satisfies Stage 2 rules. It is kept as Failed Stage 2 until a fresh base/repair structure forms.",Failed Stage 2,0.0,Weak,Volume Drying Up,Volume Drying Up (0.65x vs 10W Avg),0.73,Outperformed Nifty by 0.73% in 3 Months,False,Not Rated,Wide Risk; Low Liquidity,18.71,38.13,25.0,16.0,15.0,0.0,False,False,False,False,not_true_leader; setup_not_proper_or_not_tight; risk_not_low; not_confirmed_stage2,watchlist,weekly_watchlist,watchlist,10.0,"Stage 1, Stage 1, volume_dryup, weekly_volume_dryup, flags=Wide Risk;Low Liquidity, stage1_not_actionable, stage1_needs_more_base | Stage 2 failed state applied from stage memory.",790
VAIBHAVGBL.NS,Vaibhav Global Limited,Luxury Goods,Consumer Cyclical,Consumer Cyclical,False,Cash,1,Stage 4,Stage 4,Stage 4,0.86,Price is below the 30-week trend and below long-term support structure.,Stage 4,0.0,Weak,Volume Drying Up,Volume Drying Up (0.60x vs 10W Avg),-6.12,Underperformed Nifty by 6.12% in 3 Months,False,Not Rated,Wide Weekly Base; Loose Structure; Wide Risk; Low Liquidity,12.5,20.5,0.0,0.0,35.0,0.0,False,False,False,False,not_true_leader; setup_not_proper_or_not_tight; risk_not_low; not_confirmed_stage2,watchlist,weekly_watchlist,watchlist,10.0,"Stage 4, Stage 4, volume_dryup, weekly_volume_dryup, flags=Wide Weekly Base;Loose Structure;Wide Risk;Low Liquidity, downtrend",791
POLYCAB.NS,Polycab India Limited,Electrical Equipment & Parts,Industrials,Industrials,True,F&O,1,Stage 3,Stage 3,Late,0.76,"Prior strength has shifted into a Stage 3 transition based on trend, relative strength, and volume evidence.",Stage 3 Late,0.0,Weak,Volume Expanding,Volume Expanding (1.84x vs 10W Avg),-9.46,Underperformed Nifty by 9.46% in 3 Months,False,Not Rated,Wide Risk; Low Liquidity,16.82,18.69,25.0,6.0,15.0,0.0,False,False,False,False,not_true_leader; setup_not_proper_or_not_tight; risk_not_low; not_confirmed_stage2,watchlist,weekly_watchlist,watchlist,10.0,"Stage 3, Late, flags=Wide Risk;Low Liquidity, distribution_or_weakening_risk",792
SUZLON.NS,Suzlon Energy Limited,Specialty Industrial Machinery,Industrials,Industrials,True,F&O,1,Stage 4,Stage 4,Stage 4,0.86,Price is below the 30-week trend and below long-term support structure.,Stage 4,0.0,Weak,Volume Normal,Volume Normal (1.34x vs 10W Avg),-22.01,Underperformed Nifty by 22.01% in 3 Months,False,Not Rated,Loose Structure; Wide Risk; Low Liquidity,34.53,5.62,0.0,0.0,15.0,0.0,False,False,False,False,not_true_leader; setup_not_proper_or_not_tight; risk_not_low; not_confirmed_stage2,watchlist,weekly_watchlist,watchlist,10.0,"Stage 4, Stage 4, flags=Loose Structure;Wide Risk;Low Liquidity, downtrend",793
KEI.NS,KEI Industries Limited,Electrical Equipment & Parts,Industrials,Industrials,True,F&O,1,Stage 4,Stage 4,Stage 4,0.66,Price is below weekly structure.,Stage 4,0.0,Weak,Volume Drying Up,Volume Drying Up (0.54x vs 10W Avg),-8.36,Underperformed Nifty by 8.36% in 3 Months,False,Not Rated,Wide Risk; Low Liquidity,22.67,15.18,25.0,6.0,15.0,0.0,False,False,False,False,not_true_leader; setup_not_proper_or_not_tight; risk_not_low; not_confirmed_stage2,watchlist,weekly_watchlist,watchlist,10.0,"Stage 4, Stage 4, volume_dryup, weekly_volume_dryup, flags=Wide Risk;Low Liquidity, downtrend",794
OSWALPUMPS.NS,Oswal Pumps Limited,Electrical Equipment & Parts,Industrials,Industrials,False,Cash,1,Stage 4,Stage 4,Stage 4,0.86,Price is below the 30-week trend and below long-term support structure.,Stage 4,0.0,Weak,Volume Drying Up,Volume Drying Up (0.50x vs 10W Avg),-30.55,Underperformed Nifty by 30.55% in 3 Months,False,Not Rated,Wide Base; Loose Structure; Wider Risk; Low Liquidity,10.75,0.0,0.0,10.0,58.0,0.0,False,False,False,False,not_true_leader; setup_not_proper_or_not_tight; risk_not_low; not_confirmed_stage2,watchlist,weekly_watchlist,watchlist,10.0,"Stage 4, Stage 4, volume_dryup, weekly_volume_dryup, flags=Wide Base;Loose Structure;Wider Risk;Low Liquidity, downtrend",795
REFEX.NS,Refex Industries Limited,Energy,Energy,Energy,False,Cash,1,Stage 4,Stage 4,Stage 4,0.86,Price is below the 30-week trend and below long-term support structure.,Stage 4,3.98,Weak,Volume Drying Up,Volume Drying Up (0.40x vs 10W Avg),-17.54,Underperformed Nifty by 17.54% in 3 Months,False,Not Rated,Wide Weekly Base; Wide Risk; Low Liquidity,30.41,20.0,12.5,30.2,15.0,0.0,False,False,False,False,not_true_leader; setup_not_proper_or_not_tight; risk_not_low; not_confirmed_stage2,watchlist,weekly_watchlist,watchlist,8.98,"Stage 4, Stage 4, weekly_vcp_ok, weekly_volume_dryup, weekly_strong, flags=Wide Weekly Base;Wide Risk;Low Liquidity, downtrend",796
POCL.NS,Pondy Oxides & Chemicals Limited,Specialty Chemicals,Basic Materials,Basic Materials,False,Cash,1,Stage 4,Stage 4,Stage 4,0.86,Price is below the 30-week trend and below long-term support structure.,Stage 4,3.79,Weak,Volume Drying Up,Volume Drying Up (0.76x vs 10W Avg),-13.79,Underperformed Nifty by 13.79% in 3 Months,False,Not Rated,Wide Weekly Base; Wide Risk; Low Liquidity,17.23,11.32,0.0,40.2,15.0,0.0,False,False,False,False,not_true_leader; setup_not_proper_or_not_tight; risk_not_low; not_confirmed_stage2,watchlist,weekly_watchlist,watchlist,8.79,"Stage 4, Stage 4, weekly_vcp_ok, volume_dryup, weekly_volume_dryup, weekly_strong, flags=Wide Weekly Base;Wide Risk;Low Liquidity, downtrend",797
DCAL.NS,Dishman Carbogen Amcis Limited,Biotechnology,Healthcare,Healthcare,False,Cash,1,Stage 4,Stage 4,Stage 4,0.86,Price is below the 30-week trend and below long-term support structure.,Stage 4,3.79,Weak,Volume Drying Up,Volume Drying Up (0.51x vs 10W Avg),-12.81,Underperformed Nifty by 12.81% in 3 Months,False,Not Rated,Wide Weekly Base; Wide Risk; Low Liquidity,22.21,13.75,0.0,60.2,15.0,0.0,False,False,False,False,not_true_leader; setup_not_proper_or_not_tight; risk_not_low; not_confirmed_stage2,watchlist,weekly_watchlist,watchlist,8.79,"Stage 4, Stage 4, weekly_vcp_ok, volume_dryup, weekly_volume_dryup, weekly_strong, flags=Wide Weekly Base;Wide Risk;Low Liquidity, downtrend",798
SAFARI.NS,Safari Industries (India) Limited,Consumer Cyclical,Consumer Cyclical,Consumer Cyclical,False,Cash,1,Stage 4,Stage 4,Stage 4,0.86,Price is below the 30-week trend and below long-term support structure.,Stage 4,6.67,Weak,Volume Normal,Volume Normal (0.93x vs 10W Avg),-4.71,Underperformed Nifty by 4.71% in 3 Months,False,Not Rated,Wide Weekly Base; Wide Risk,16.95,26.73,0.0,43.1,15.0,0.0,False,False,False,False,not_true_leader; setup_not_proper_or_not_tight; risk_not_low; not_confirmed_stage2,watchlist,weekly_watchlist,watchlist,8.67,"Stage 4, Stage 4, weekly_vcp_ok, weekly_strong, flags=Wide Weekly Base;Wide Risk, downtrend",799
MEDIASSIST.NS,Medi Assist Healthcare Services Limited,Healthcare,Healthcare,Healthcare,False,Cash,1,Stage 4,Stage 4,Stage 4,0.86,Price is below the 30-week trend and below long-term support structure.,Stage 4,5.89,Weak,Volume Normal,Volume Normal (1.48x vs 10W Avg),-9.67,Underperformed Nifty by 9.67% in 3 Months,False,Not Rated,Wide Weekly Base; Wide Risk; Low Liquidity,21.24,5.19,0.0,50.1,15.0,0.0,False,False,False,False,not_true_leader; setup_not_proper_or_not_tight; risk_not_low; not_confirmed_stage2,watchlist,weekly_watchlist,watchlist,7.89,"Stage 4, Stage 4, weekly_vcp_ok, weekly_strong, flags=Wide Weekly Base;Wide Risk;Low Liquidity, downtrend",800
ABREL.NS,Aditya Birla Real Estate Limited,Real Estate Services,Real Estate,Real Estate,False,Cash,1,Stage 4,Stage 4,Stage 4,0.86,Price is below the 30-week trend and below long-term support structure.,Stage 4,5.41,Weak,Volume Expanding,Volume Expanding (1.71x vs 10W Avg),-13.29,Underperformed Nifty by 13.29% in 3 Months,False,Not Rated,Wide Weekly Base; Loose Structure; Wide Risk; Low Liquidity,24.49,6.1,0.0,40.2,15.0,0.0,False,False,False,False,not_true_leader; setup_not_proper_or_not_tight; risk_not_low; not_confirmed_stage2,watchlist,weekly_watchlist,watchlist,7.41,"Stage 4, Stage 4, weekly_vcp_ok, weekly_strong, flags=Wide Weekly Base;Loose Structure;Wide Risk;Low Liquidity, downtrend",801
BLS.NS,BLS International Services Limited,Industrials,Industrials,Industrials,False,Cash,1,Stage 4,Stage 4,Stage 4,0.86,Price is below the 30-week trend and below long-term support structure.,Stage 4,7.38,Weak,Volume Drying Up,Volume Drying Up (0.33x vs 10W Avg),-5.7,Underperformed Nifty by 5.7% in 3 Months,False,Not Rated,Wide Weekly Base; Wide Risk; Low Liquidity,22.99,4.87,0.0,70.1,15.0,0.0,False,False,False,False,not_true_leader; setup_not_proper_or_not_tight; risk_not_low; not_confirmed_stage2,watchlist,weekly_watchlist,watchlist,7.38,"Stage 4, Stage 4, weekly_vcp_ok, volume_dryup, weekly_volume_dryup, weekly_strong, flags=Wide Weekly Base;Wide Risk;Low Liquidity, downtrend",802
MUTHOOTMF.NS,Muthoot Microfin Limited,Credit Services,Financial Services,Financial Services,False,Cash,1,Failed Stage 2,Stage 3,Failed Stage 2,0.72,"This stock was recently Stage 2, but the latest structure no longer satisfies Stage 2 rules. It is kept as Failed Stage 2 until a fresh base/repair structure forms.",Failed Stage 2,5.13,Weak,Volume Drying Up,Volume Drying Up (0.34x vs 10W Avg),-10.35,Underperformed Nifty by 10.35% in 3 Months,False,Not Rated,Loose Structure; Wide Risk; Low Liquidity,20.75,20.53,12.5,46.2,15.0,0.0,False,False,False,False,not_true_leader; setup_not_proper_or_not_tight; risk_not_low; not_confirmed_stage2,watchlist,weekly_watchlist,watchlist,7.13,"Stage 3, Early, weekly_vcp_ok, volume_dryup, weekly_volume_dryup, weekly_strong, flags=Loose Structure;Wide Risk;Low Liquidity, distribution_or_weakening_risk | Stage 2 failed state applied from stage memory.",803
CSBBANK.NS,CSB Bank Limited,Banks - Regional,Financial Services,Financial Services,False,Cash,1,Stage 4,Stage 4,Stage 4,0.86,Price is below the 30-week trend and below long-term support structure.,Stage 4,4.93,Weak,Volume Drying Up,Volume Drying Up (0.45x vs 10W Avg),-4.3,Underperformed Nifty by 4.3% in 3 Months,False,Not Rated,Wide Weekly Base; Wide Risk; Low Liquidity,21.95,21.13,0.0,53.77,15.0,0.0,False,False,False,False,not_true_leader; setup_not_proper_or_not_tight; risk_not_low; not_confirmed_stage2,watchlist,weekly_watchlist,watchlist,6.93,"Stage 4, Stage 4, weekly_vcp_ok, weekly_volume_dryup, weekly_strong, flags=Wide Weekly Base;Wide Risk;Low Liquidity, downtrend",804
IRFC.NS,Indian Railway Finance Corporation Limited,Credit Services,Financial Services,Financial Services,True,F&O,1,Stage 4,Stage 4,Stage 4,0.86,Price is below the 30-week trend and below long-term support structure.,Stage 4,4.73,Weak,Volume Expanding,Volume Expanding (2.03x vs 10W Avg),-5.35,Underperformed Nifty by 5.35% in 3 Months,False,Not Rated,Wide Weekly Base; Wide Risk; Low Liquidity,23.93,5.19,0.0,49.2,15.0,0.0,False,False,False,False,not_true_leader; setup_not_proper_or_not_tight; risk_not_low; not_confirmed_stage2,watchlist,weekly_watchlist,watchlist,6.73,"Stage 4, Stage 4, weekly_vcp_ok, weekly_strong, flags=Wide Weekly Base;Wide Risk;Low Liquidity, downtrend",805
MOIL.NS,MOIL Limited,Basic Materials,Basic Materials,Basic Materials,False,Cash,1,Stage 4,Stage 4,Stage 4,0.86,Price is below the 30-week trend and below long-term support structure.,Stage 4,6.71,Weak,Volume Drying Up,Volume Drying Up (0.30x vs 10W Avg),-8.19,Underperformed Nifty by 8.19% in 3 Months,False,Not Rated,Wide Weekly Base; Wide Risk; Low Liquidity,24.73,2.62,0.0,68.2,15.0,0.0,False,False,False,False,not_true_leader; setup_not_proper_or_not_tight; risk_not_low; not_confirmed_stage2,watchlist,weekly_watchlist,watchlist,6.71,"Stage 4, Stage 4, weekly_vcp_ok, volume_dryup, weekly_volume_dryup, weekly_strong, flags=Wide Weekly Base;Wide Risk;Low Liquidity, downtrend",806
SUNTECK.NS,Sunteck Realty Limited,Real Estate,Real Estate,Real Estate,False,Cash,1,Stage 4,Stage 4,Stage 4,0.86,Price is below the 30-week trend and below long-term support structure.,Stage 4,4.39,Weak,Volume Drying Up,Volume Drying Up (0.59x vs 10W Avg),-10.91,Underperformed Nifty by 10.91% in 3 Months,False,Not Rated,Wide Weekly Base; Wide Risk; Low Liquidity,24.74,4.17,0.0,70.1,15.0,0.0,False,False,False,False,not_true_leader; setup_not_proper_or_not_tight; risk_not_low; not_confirmed_stage2,watchlist,weekly_watchlist,watchlist,6.39,"Stage 4, Stage 4, weekly_vcp_ok, volume_dryup, weekly_volume_dryup, weekly_strong, flags=Wide Weekly Base;Wide Risk;Low Liquidity, downtrend",807
GODREJPROP.NS,Godrej Properties Limited,Real Estate,Real Estate,Real Estate,True,F&O,1,Failed Stage 2,Stage 4,Failed Stage 2,0.72,"This stock was recently Stage 2, but the latest structure no longer satisfies Stage 2 rules. It is kept as Failed Stage 2 until a fresh base/repair structure forms.",Failed Stage 2,4.13,Weak,Volume Drying Up,Volume Drying Up (0.75x vs 10W Avg),-13.24,Underperformed Nifty by 13.24% in 3 Months,False,Not Rated,Loose Structure; Wide Risk; Low Liquidity,22.65,10.46,0.0,47.1,15.0,0.0,False,False,False,False,not_true_leader; setup_not_proper_or_not_tight; risk_not_low; not_confirmed_stage2,watchlist,weekly_watchlist,watchlist,6.13,"Stage 4, Stage 4, weekly_vcp_ok, volume_dryup, weekly_volume_dryup, weekly_strong, flags=Loose Structure;Wide Risk;Low Liquidity, downtrend | Stage 2 failed state applied from stage memory.",808
KPITTECH.NS,KPIT Technologies Limited,Software - Infrastructure,Technology,Technology,True,F&O,1,Stage 4,Stage 4,Stage 4,0.86,Price is below the 30-week trend and below long-term support structure.,Stage 4,3.79,Weak,Volume Drying Up,Volume Drying Up (0.59x vs 10W Avg),-3.0,Underperformed Nifty by 3.0% in 3 Months,False,Not Rated,Wide Base; Wide Weekly Base; Wide Risk; Low Liquidity,19.37,7.3,0.0,30.2,15.0,0.0,False,False,False,False,not_true_leader; setup_not_proper_or_not_tight; risk_not_low; not_confirmed_stage2,watchlist,weekly_watchlist,watchlist,5.79,"Stage 4, Stage 4, weekly_vcp_ok, volume_dryup, weekly_volume_dryup, weekly_strong, flags=Wide Base;Wide Weekly Base;Wide Risk;Low Liquidity, downtrend",809
RELAXO.NS,Relaxo Footwears Limited,Consumer Cyclical,Consumer Cyclical,Consumer Cyclical,False,Cash,1,Stage 4,Stage 4,Stage 4,0.86,Price is below the 30-week trend and below long-term support structure.,Stage 4,3.79,Weak,Volume Drying Up,Volume Drying Up (0.22x vs 10W Avg),-19.72,Underperformed Nifty by 19.72% in 3 Months,False,Not Rated,Wide Weekly Base; Loose Structure; Wide Risk; Low Liquidity,17.83,14.56,0.0,20.2,15.0,0.0,False,False,False,False,not_true_leader; setup_not_proper_or_not_tight; risk_not_low; not_confirmed_stage2,watchlist,weekly_watchlist,watchlist,5.79,"Stage 4, Stage 4, weekly_vcp_ok, weekly_volume_dryup, weekly_strong, flags=Wide Weekly Base;Loose Structure;Wide Risk;Low Liquidity, downtrend",810
MAPMYINDIA.NS,C.E. Info Systems Limited,Software - Infrastructure,Technology,Technology,False,Cash,1,Stage 4,Stage 4,Stage 4,0.86,Price is below the 30-week trend and below long-term support structure.,Stage 4,3.79,Weak,Volume Drying Up,Volume Drying Up (0.49x vs 10W Avg),-2.33,Underperformed Nifty by 2.33% in 3 Months,False,Not Rated,Wide Weekly Base; Loose Structure; Wide Risk; Low Liquidity,18.83,15.49,0.0,12.2,15.0,0.0,False,False,False,False,not_true_leader; setup_not_proper_or_not_tight; risk_not_low; not_confirmed_stage2,watchlist,weekly_watchlist,watchlist,5.79,"Stage 4, Stage 4, weekly_vcp_ok, weekly_volume_dryup, weekly_strong, flags=Wide Weekly Base;Loose Structure;Wide Risk;Low Liquidity, downtrend",811
APTUS.NS,Aptus Value Housing Finance India Limited,Mortgage Finance,Financial Services,Financial Services,False,Cash,1,Stage 4,Stage 4,Stage 4,0.86,Price is below the 30-week trend and below long-term support structure.,Stage 4,5.72,Weak,Volume Normal,Volume Normal (1.50x vs 10W Avg),-11.75,Underperformed Nifty by 11.75% in 3 Months,False,Not Rated,Loose Structure; Wide Risk; Low Liquidity,25.7,20.0,0.0,62.2,15.0,0.0,False,False,False,False,not_true_leader; setup_not_proper_or_not_tight; risk_not_low; not_confirmed_stage2,watchlist,weekly_watchlist,watchlist,5.72,"Stage 4, Stage 4, weekly_vcp_ok, weekly_strong, flags=Loose Structure;Wide Risk;Low Liquidity, downtrend",812
ABFRL.NS,Aditya Birla Fashion and Retail Limited,Apparel Manufacturing,Consumer Cyclical,Consumer Cyclical,False,Cash,1,Stage 4,Stage 4,Stage 4,0.86,Price is below the 30-week trend and below long-term support structure.,Stage 4,5.17,Weak,Volume Drying Up,Volume Normal (1.10x vs 10W Avg),-19.0,Underperformed Nifty by 19.0% in 3 Months,False,Not Rated,Loose Structure; Wide Risk; Low Liquidity,28.41,0.0,0.0,66.2,15.0,0.0,False,False,False,False,not_true_leader; setup_not_proper_or_not_tight; risk_not_low; not_confirmed_stage2,watchlist,weekly_watchlist,watchlist,5.17,"Stage 4, Stage 4, weekly_vcp_ok, volume_dryup, weekly_strong, flags=Loose Structure;Wide Risk;Low Liquidity, downtrend",813
FIEMIND.NS,Fiem Industries Limited,Auto Parts,Consumer Cyclical,Consumer Cyclical,False,Cash,1,Stage 4,Stage 4,Stage 4,0.86,Price is below the 30-week trend and below long-term support structure.,Stage 4,0.0,Weak,Volume Drying Up,Volume Drying Up (0.73x vs 10W Avg),-8.05,Underperformed Nifty by 8.05% in 3 Months,False,Not Rated,Loose Structure; Wide Risk; Low Liquidity,30.21,7.68,0.0,61.1,15.0,0.0,False,False,False,False,not_true_leader; setup_not_proper_or_not_tight; risk_not_low; not_confirmed_stage2,watchlist,weekly_watchlist,watchlist,5.0,"Stage 4, Stage 4, weekly_vcp_ok, volume_dryup, weekly_volume_dryup, weekly_strong, flags=Loose Structure;Wide Risk;Low Liquidity, downtrend",814
TMPV.NS,Tata Motors Passenger Vehicles Limited,Auto Manufacturers,Consumer Cyclical,Consumer Cyclical,True,F&O,1,Stage 4,Stage 4,Stage 4,0.86,Price is below the 30-week trend and below long-term support structure.,Stage 4,0.0,Weak,Volume Expanding,Volume Expanding (1.71x vs 10W Avg),-11.51,Underperformed Nifty by 11.51% in 3 Months,False,Not Rated,Wide Risk; Low Liquidity,22.93,3.91,0.0,24.0,15.0,0.0,False,False,False,False,not_true_leader; setup_not_proper_or_not_tight; risk_not_low; not_confirmed_stage2,watchlist,weekly_watchlist,watchlist,5.0,"Stage 4, Stage 4, flags=Wide Risk;Low Liquidity, downtrend",815
MARUTI.NS,Maruti Suzuki India Limited,Auto Manufacturers,Consumer Cyclical,Consumer Cyclical,True,F&O,1,Stage 4,Stage 4,Stage 4,0.86,Price is below the 30-week trend and below long-term support structure.,Stage 4,0.0,Weak,Volume Normal,Volume Normal (1.05x vs 10W Avg),-9.59,Underperformed Nifty by 9.59% in 3 Months,False,Not Rated,Wide Risk; Low Liquidity,17.25,6.58,0.0,22.0,15.0,0.0,False,False,False,False,not_true_leader; setup_not_proper_or_not_tight; risk_not_low; not_confirmed_stage2,watchlist,weekly_watchlist,watchlist,5.0,"Stage 4, Stage 4, flags=Wide Risk;Low Liquidity, downtrend",816
GRMOVER.NS,GRM Overseas Limited,Packaged Foods,Consumer Defensive,Consumer Defensive,False,Cash,1,Stage 4,Stage 4,Stage 4,0.86,Price is below the 30-week trend and below long-term support structure.,Stage 4,5.0,Weak,Volume Normal,Volume Normal (0.90x vs 10W Avg),-13.99,Underperformed Nifty by 13.99% in 3 Months,False,Not Rated,Wide Base; Wide Weekly Base; Wide Risk; Low Liquidity,19.24,0.0,0.0,44.2,15.0,0.0,False,False,False,False,not_true_leader; setup_not_proper_or_not_tight; risk_not_low; not_confirmed_stage2,watchlist,weekly_watchlist,watchlist,5.0,"Stage 4, Stage 4, weekly_vcp_ok, weekly_volume_dryup, weekly_strong, flags=Wide Base;Wide Weekly Base;Wide Risk;Low Liquidity, downtrend",817
VINATIORGA.NS,Vinati Organics Limited,Specialty Chemicals,Basic Materials,Basic Materials,False,Cash,1,Stage 4,Stage 4,Stage 4,0.86,Price is below the 30-week trend and below long-term support structure.,Stage 4,0.0,Weak,Volume Drying Up,Volume Drying Up (0.81x vs 10W Avg),-5.66,Underperformed Nifty by 5.66% in 3 Months,False,Not Rated,Wide Risk; Low Liquidity,15.31,7.83,0.0,57.1,15.0,0.0,False,False,False,False,not_true_leader; setup_not_proper_or_not_tight; risk_not_low; not_confirmed_stage2,watchlist,weekly_watchlist,watchlist,5.0,"Stage 4, Stage 4, weekly_vcp_ok, weekly_volume_dryup, weekly_strong, flags=Wide Risk;Low Liquidity, downtrend",818
AURIONPRO.NS,Aurionpro Solutions Limited,Software - Application,Technology,Technology,False,Cash,1,Stage 4,Stage 4,Stage 4,0.86,Price is below the 30-week trend and below long-term support structure.,Stage 4,0.0,Weak,Volume Drying Up,Volume Drying Up (0.63x vs 10W Avg),-20.87,Underperformed Nifty by 20.87% in 3 Months,False,Not Rated,Loose Structure; Wide Risk; Low Liquidity,27.08,0.0,0.0,34.2,15.0,0.0,False,False,False,False,not_true_leader; setup_not_proper_or_not_tight; risk_not_low; not_confirmed_stage2,watchlist,weekly_watchlist,watchlist,5.0,"Stage 4, Stage 4, weekly_vcp_ok, volume_dryup, weekly_volume_dryup, weekly_strong, flags=Loose Structure;Wide Risk;Low Liquidity, downtrend",819
ROSSARI.NS,Rossari Biotech Limited,Specialty Chemicals,Basic Materials,Basic Materials,False,Cash,1,Stage 4,Stage 4,Stage 4,0.86,Price is below the 30-week trend and below long-term support structure.,Stage 4,0.0,Weak,Volume Drying Up,Volume Drying Up (0.65x vs 10W Avg),-14.42,Underperformed Nifty by 14.42% in 3 Months,False,Not Rated,Wide Weekly Base; Wide Risk; Low Liquidity,12.43,5.04,0.0,21.9,35.0,0.0,False,False,False,False,not_true_leader; setup_not_proper_or_not_tight; risk_not_low; not_confirmed_stage2,watchlist,weekly_watchlist,watchlist,5.0,"Stage 4, Stage 4, weekly_vcp_ok, volume_dryup, weekly_volume_dryup, flags=Wide Weekly Base;Wide Risk;Low Liquidity, downtrend",820
KERNEX.NS,Kernex Microsystems (India) Limited,Software - Application,Technology,Technology,False,Cash,1,Stage 3,Stage 3,Late,0.76,"Prior strength has shifted into a Stage 3 transition based on trend, relative strength, and volume evidence.",Stage 3 Late,0.0,Weak,Volume Drying Up,Volume Drying Up (0.43x vs 10W Avg),-23.04,Underperformed Nifty by 23.04% in 3 Months,False,Not Rated,Wide Base; Wide Weekly Base; Loose Structure; Wide Risk; Low Liquidity,38.36,35.0,50.0,0.0,15.0,0.0,False,False,False,False,not_true_leader; setup_not_proper_or_not_tight; risk_not_low; not_confirmed_stage2,watchlist,weekly_watchlist,watchlist,5.0,"Stage 3, Late, volume_dryup, weekly_volume_dryup, flags=Wide Base;Wide Weekly Base;Loose Structure;Wide Risk;Low Liquidity, distribution_or_weakening_risk",821
TATAELXSI.NS,Tata Elxsi Limited,Software - Application,Technology,Technology,True,F&O,1,Stage 4,Stage 4,Stage 4,0.86,Price is below the 30-week trend and below long-term support structure.,Stage 4,0.0,Weak,Volume Normal,Volume Normal (1.07x vs 10W Avg),-8.77,Underperformed Nifty by 8.77% in 3 Months,False,Not Rated,Wide Risk; Low Liquidity,20.16,2.11,0.0,0.0,15.0,0.0,False,False,False,False,not_true_leader; setup_not_proper_or_not_tight; risk_not_low; not_confirmed_stage2,watchlist,weekly_watchlist,watchlist,5.0,"Stage 4, Stage 4, flags=Wide Risk;Low Liquidity, downtrend",822
INDIAGLYCO.NS,India Glycols Limited,Chemicals,Basic Materials,Basic Materials,False,Cash,1,Stage 4,Stage 4,Stage 4,0.86,Price is below the 30-week trend and below long-term support structure.,Stage 4,0.0,Weak,Volume Expanding,Volume Expanding (4.17x vs 10W Avg),-64.55,Underperformed Nifty by 64.55% in 3 Months,False,Not Rated,Wide Base; Wide Weekly Base; Loose Structure; Wide Risk; Circuit Risk; Corporate Action Check; Low Liquidity,79.94,0.0,12.5,0.0,15.0,0.0,False,False,False,False,not_true_leader; setup_not_proper_or_not_tight; risk_not_low; not_confirmed_stage2,watchlist,weekly_watchlist,watchlist,5.0,"Stage 4, Stage 4, flags=Wide Base;Wide Weekly Base;Loose Structure;Wide Risk;Circuit Risk;Corporate Action Check;Low Liquidity, downtrend",823
ACI.NS,Archean Chemical Industries Limited,Chemicals,Basic Materials,Basic Materials,False,Cash,1,Stage 4,Stage 4,Stage 4,0.86,Price is below the 30-week trend and below long-term support structure.,Stage 4,0.0,Weak,Volume Drying Up,Volume Drying Up (0.80x vs 10W Avg),-1.51,Underperformed Nifty by 1.51% in 3 Months,False,Not Rated,Wide Risk; Low Liquidity,13.31,23.64,0.0,16.0,35.0,0.0,False,False,False,False,not_true_leader; setup_not_proper_or_not_tight; risk_not_low; not_confirmed_stage2,watchlist,weekly_watchlist,watchlist,5.0,"Stage 4, Stage 4, volume_dryup, weekly_volume_dryup, flags=Wide Risk;Low Liquidity, downtrend",824
NAVNETEDUL.NS,Navneet Education Limited,Communication Services,Communication Services,Communication Services,False,Cash,1,Stage 4,Stage 4,Stage 4,0.66,Price is below weekly structure.,Stage 4,0.0,Weak,Volume Drying Up,Volume Drying Up (0.57x vs 10W Avg),-11.57,Underperformed Nifty by 11.57% in 3 Months,False,Not Rated,Wide Risk; Low Liquidity,13.26,3.81,12.5,16.0,35.0,0.0,False,False,False,False,not_true_leader; setup_not_proper_or_not_tight; risk_not_low; not_confirmed_stage2,watchlist,weekly_watchlist,watchlist,5.0,"Stage 4, Stage 4, volume_dryup, weekly_volume_dryup, flags=Wide Risk;Low Liquidity, downtrend",825
AWL.NS,AWL Agri Business Limited,Packaged Foods,Consumer Defensive,Consumer Defensive,False,Cash,1,Stage 4,Stage 4,Stage 4,0.86,Price is below the 30-week trend and below long-term support structure.,Stage 4,4.66,Weak,Volume Normal,Volume Normal (1.21x vs 10W Avg),-0.06,Underperformed Nifty by 0.06% in 3 Months,False,Not Rated,Wide Weekly Base; Wide Risk; Low Liquidity,15.88,18.86,0.0,56.2,15.0,0.0,False,False,False,False,not_true_leader; setup_not_proper_or_not_tight; risk_not_low; not_confirmed_stage2,watchlist,weekly_watchlist,watchlist,4.66,"Stage 4, Stage 4, weekly_vcp_ok, weekly_strong, flags=Wide Weekly Base;Wide Risk;Low Liquidity, downtrend",826
HEXT.NS,Hexaware Technologies Limited,Information Technology Services,Technology,Technology,False,Cash,1,Stage 4,Stage 4,Stage 4,0.86,Price is below the 30-week trend and below long-term support structure.,Stage 4,4.02,Neutral,Volume Drying Up,Volume Drying Up (0.22x vs 10W Avg),-0.97,Underperformed Nifty by 0.97% in 3 Months,False,Not Rated,Wide Weekly Base; Wide Risk; Low Liquidity,15.98,40.02,0.0,32.2,15.0,0.0,False,False,False,False,not_true_leader; setup_not_proper_or_not_tight; risk_not_low; not_confirmed_stage2,watchlist,weekly_watchlist,watchlist,4.02,"Stage 4, Stage 4, weekly_vcp_ok, volume_dryup, weekly_volume_dryup, weekly_strong, flags=Wide Weekly Base;Wide Risk;Low Liquidity, downtrend",827
SIGNATURE.NS,Signatureglobal (India) Limited,Real Estate,Real Estate,Real Estate,False,Cash,1,Stage 4,Stage 4,Stage 4,0.86,Price is below the 30-week trend and below long-term support structure.,Stage 4,1.9,Weak,Volume Expanding,Volume Expanding (2.72x vs 10W Avg),2.77,Outperformed Nifty by 2.77% in 3 Months,False,Not Rated,Wide Weekly Base; Wide Risk,19.85,29.5,0.0,33.9,15.0,0.0,False,False,False,False,not_true_leader; setup_not_proper_or_not_tight; risk_not_low; not_confirmed_stage2,watchlist,weekly_watchlist,watchlist,3.9,"Stage 4, Stage 4, weekly_vcp_ok, flags=Wide Weekly Base;Wide Risk, downtrend",828
MFSL.NS,Max Financial Services Limited,Insurance - Life,Financial Services,Financial Services,True,F&O,1,Stage 4,Stage 4,Stage 4,0.86,Price is below the 30-week trend and below long-term support structure.,Stage 4,3.79,Weak,Volume Expanding,Volume Expanding (3.70x vs 10W Avg),-6.37,Underperformed Nifty by 6.37% in 3 Months,False,Not Rated,Wide Risk; Low Liquidity,16.24,7.83,0.0,34.2,15.0,0.0,False,False,False,False,not_true_leader; setup_not_proper_or_not_tight; risk_not_low; not_confirmed_stage2,watchlist,weekly_watchlist,watchlist,3.79,"Stage 4, Stage 4, weekly_vcp_ok, weekly_strong, flags=Wide Risk;Low Liquidity, downtrend",829
KEC.NS,KEC International Limited,Engineering & Construction,Industrials,Industrials,False,Cash,1,Stage 4,Stage 4,Stage 4,0.86,Price is below the 30-week trend and below long-term support structure.,Stage 4,3.79,Weak,Volume Drying Up,Volume Drying Up (0.62x vs 10W Avg),-17.69,Underperformed Nifty by 17.69% in 3 Months,False,Not Rated,Loose Structure; Wide Risk; Low Liquidity,15.17,0.0,0.0,46.2,15.0,0.0,False,False,False,False,not_true_leader; setup_not_proper_or_not_tight; risk_not_low; not_confirmed_stage2,watchlist,weekly_watchlist,watchlist,3.79,"Stage 4, Stage 4, weekly_vcp_ok, volume_dryup, weekly_volume_dryup, weekly_strong, flags=Loose Structure;Wide Risk;Low Liquidity, downtrend",830
TTML.NS,Tata Teleservices (Maharashtra) Limited,Telecom Services,Communication Services,Communication Services,False,Cash,1,Stage 4,Stage 4,Stage 4,0.86,Price is below the 30-week trend and below long-term support structure.,Stage 4,3.79,Weak,Volume Expanding,Volume Expanding (6.87x vs 10W Avg),-12.02,Underperformed Nifty by 12.02% in 3 Months,False,Not Rated,Wide Risk; Low Liquidity,16.59,2.31,0.0,42.2,15.0,0.0,False,False,False,False,not_true_leader; setup_not_proper_or_not_tight; risk_not_low; not_confirmed_stage2,watchlist,weekly_watchlist,watchlist,3.79,"Stage 4, Stage 4, weekly_vcp_ok, weekly_strong, flags=Wide Risk;Low Liquidity, downtrend",831
RCF.NS,Rashtriya Chemicals and Fertilizers Limited,Agricultural Inputs,Basic Materials,Basic Materials,False,Cash,1,Stage 4,Stage 4,Stage 4,0.86,Price is below the 30-week trend and below long-term support structure.,Stage 4,3.79,Weak,Volume Normal,Volume Normal (1.05x vs 10W Avg),-7.92,Underperformed Nifty by 7.92% in 3 Months,False,Not Rated,Wide Risk; Low Liquidity,16.7,8.22,0.0,42.2,15.0,0.0,False,False,False,False,not_true_leader; setup_not_proper_or_not_tight; risk_not_low; not_confirmed_stage2,watchlist,weekly_watchlist,watchlist,3.79,"Stage 4, Stage 4, weekly_vcp_ok, weekly_strong, flags=Wide Risk;Low Liquidity, downtrend",832
ASHAPURMIN.NS,Ashapura Minechem Limited,Basic Materials,Basic Materials,Basic Materials,False,Cash,1,Stage 4,Stage 4,Stage 4,0.86,Price is below the 30-week trend and below long-term support structure.,Stage 4,3.79,Weak,Volume Drying Up,Volume Drying Up (0.70x vs 10W Avg),-14.79,Underperformed Nifty by 14.79% in 3 Months,False,Not Rated,Wide Weekly Base; Loose Structure; Wide Risk; Low Liquidity,13.25,11.51,0.0,32.2,35.0,0.0,False,False,False,False,not_true_leader; setup_not_proper_or_not_tight; risk_not_low; not_confirmed_stage2,watchlist,weekly_watchlist,watchlist,3.79,"Stage 4, Stage 4, weekly_vcp_ok, volume_dryup, weekly_volume_dryup, weekly_strong, flags=Wide Weekly Base;Loose Structure;Wide Risk;Low Liquidity, downtrend",833
ICRA.NS,ICRA Limited,Financial Services,Financial Services,Financial Services,False,Cash,1,Stage 4,Stage 4,Stage 4,0.86,Price is below the 30-week trend and below long-term support structure.,Stage 4,3.79,Weak,Volume Expanding,Volume Normal (0.91x vs 10W Avg),-11.19,Underperformed Nifty by 11.19% in 3 Months,False,Not Rated,Wide Risk; Low Liquidity,19.0,0.0,0.0,42.2,15.0,0.0,False,False,False,False,not_true_leader; setup_not_proper_or_not_tight; risk_not_low; not_confirmed_stage2,watchlist,weekly_watchlist,watchlist,3.79,"Stage 4, Stage 4, weekly_vcp_ok, weekly_strong, flags=Wide Risk;Low Liquidity, downtrend",834
SWSOLAR.NS,Sterling and Wilson Renewable Energy Limited,Solar,Technology,Technology,False,Cash,1,Stage 4,Stage 4,Stage 4,0.86,Price is below the 30-week trend and below long-term support structure.,Stage 4,3.79,Weak,Volume Drying Up,Volume Drying Up (0.81x vs 10W Avg),-23.36,Underperformed Nifty by 23.36% in 3 Months,False,Not Rated,Loose Structure; Wide Risk; Low Liquidity,17.44,11.53,0.0,34.2,15.0,0.0,False,False,False,False,not_true_leader; setup_not_proper_or_not_tight; risk_not_low; not_confirmed_stage2,watchlist,weekly_watchlist,watchlist,3.79,"Stage 4, Stage 4, weekly_vcp_ok, weekly_volume_dryup, weekly_strong, flags=Loose Structure;Wide Risk;Low Liquidity, downtrend",835
NIITMTS.NS,NIIT Learning Systems Limited,Consumer Defensive,Consumer Defensive,Consumer Defensive,False,Cash,1,Stage 4,Stage 4,Stage 4,0.86,Price is below the 30-week trend and below long-term support structure.,Stage 4,3.79,Weak,Volume Drying Up,Volume Drying Up (0.61x vs 10W Avg),-6.4,Underperformed Nifty by 6.4% in 3 Months,False,Not Rated,Wide Base; Wide Weekly Base; Wide Risk; Low Liquidity,24.7,4.24,0.0,48.2,15.0,0.0,False,False,False,False,not_true_leader; setup_not_proper_or_not_tight; risk_not_low; not_confirmed_stage2,watchlist,weekly_watchlist,watchlist,3.79,"Stage 4, Stage 4, weekly_vcp_ok, volume_dryup, weekly_volume_dryup, weekly_strong, flags=Wide Base;Wide Weekly Base;Wide Risk;Low Liquidity, downtrend",836
HGINFRA.NS,H.G. Infra Engineering Limited,Engineering & Construction,Industrials,Industrials,False,Cash,1,Stage 4,Stage 4,Stage 4,0.86,Price is below the 30-week trend and below long-term support structure.,Stage 4,3.79,Weak,Volume Expanding,Volume Expanding (6.58x vs 10W Avg),-16.91,Underperformed Nifty by 16.91% in 3 Months,False,Not Rated,Wide Weekly Base; Wide Risk; Low Liquidity,16.21,1.82,0.0,28.2,15.0,0.0,False,False,False,False,not_true_leader; setup_not_proper_or_not_tight; risk_not_low; not_confirmed_stage2,watchlist,weekly_watchlist,watchlist,3.79,"Stage 4, Stage 4, weekly_vcp_ok, weekly_strong, flags=Wide Weekly Base;Wide Risk;Low Liquidity, downtrend",837
ROUTE.NS,ROUTE MOBILE LIMITED,Telecom Services,Communication Services,Communication Services,False,Cash,1,Stage 4,Stage 4,Stage 4,0.86,Price is below the 30-week trend and below long-term support structure.,Stage 4,3.79,Weak,Volume Drying Up,Volume Drying Up (0.11x vs 10W Avg),-11.3,Underperformed Nifty by 11.3% in 3 Months,False,Not Rated,Wide Weekly Base; Wide Risk; Low Liquidity,17.05,6.51,0.0,32.2,15.0,0.0,False,False,False,False,not_true_leader; setup_not_proper_or_not_tight; risk_not_low; not_confirmed_stage2,watchlist,weekly_watchlist,watchlist,3.79,"Stage 4, Stage 4, weekly_vcp_ok, volume_dryup, weekly_volume_dryup, weekly_strong, flags=Wide Weekly Base;Wide Risk;Low Liquidity, downtrend",838
KITEX.NS,Kitex Garments Limited,Apparel Manufacturing,Consumer Cyclical,Consumer Cyclical,False,Cash,1,Stage 4,Stage 4,Stage 4,0.86,Price is below the 30-week trend and below long-term support structure.,Stage 4,3.79,Weak,Volume Drying Up,Volume Drying Up (0.84x vs 10W Avg),-17.45,Underperformed Nifty by 17.45% in 3 Months,False,Not Rated,Wide Weekly Base; Wide Risk; Low Liquidity,15.05,0.0,0.0,38.2,15.0,0.0,False,False,False,False,not_true_leader; setup_not_proper_or_not_tight; risk_not_low; not_confirmed_stage2,watchlist,weekly_watchlist,watchlist,3.79,"Stage 4, Stage 4, weekly_vcp_ok, weekly_volume_dryup, weekly_strong, flags=Wide Weekly Base;Wide Risk;Low Liquidity, downtrend",839
POKARNA.NS,Pokarna Limited,Building Products & Equipment,Industrials,Industrials,False,Cash,1,Stage 4,Stage 4,Stage 4,0.86,Price is below the 30-week trend and below long-term support structure.,Stage 4,3.79,Weak,Volume Drying Up,Volume Drying Up (0.49x vs 10W Avg),-24.03,Underperformed Nifty by 24.03% in 3 Months,False,Not Rated,Loose Structure; Wide Risk; Low Liquidity,20.33,0.0,0.0,46.2,15.0,0.0,False,False,False,False,not_true_leader; setup_not_proper_or_not_tight; risk_not_low; not_confirmed_stage2,watchlist,weekly_watchlist,watchlist,3.79,"Stage 4, Stage 4, weekly_vcp_ok, volume_dryup, weekly_volume_dryup, weekly_strong, flags=Loose Structure;Wide Risk;Low Liquidity, downtrend",840
JSLL.NS,Jeena Sikho Lifecare Limited,Medical Care Facilities,Healthcare,Healthcare,False,Cash,1,Stage 4,Stage 4,Stage 4,0.86,Price is below the 30-week trend and below long-term support structure.,Stage 4,2.35,Weak,Volume Drying Up,Volume Normal (0.90x vs 10W Avg),-3.27,Underperformed Nifty by 3.27% in 3 Months,False,Not Rated,Wide Weekly Base; Wide Risk; Low Liquidity,21.71,22.05,0.0,57.9,15.0,0.0,False,False,False,False,not_true_leader; setup_not_proper_or_not_tight; risk_not_low; not_confirmed_stage2,watchlist,weekly_watchlist,watchlist,2.35,"Stage 4, Stage 4, weekly_vcp_ok, volume_dryup, flags=Wide Weekly Base;Wide Risk;Low Liquidity, downtrend",841
OLECTRA.NS,Olectra Greentech Limited,Farm & Heavy Construction Machinery,Industrials,Industrials,False,Cash,1,Stage 3,Stage 3,Early,0.68,"Prior strength has shifted into a Stage 3 transition based on trend, relative strength, and volume evidence.",Stage 3 Early,0.0,Weak,Volume Normal,Volume Normal (0.99x vs 10W Avg),-16.48,Underperformed Nifty by 16.48% in 3 Months,False,Not Rated,Wide Risk; Low Liquidity,20.58,16.51,0.0,28.0,15.0,0.0,False,False,False,False,not_true_leader; setup_not_proper_or_not_tight; risk_not_low; not_confirmed_stage2,watchlist,weekly_watchlist,watchlist,2.0,"Stage 3, Early, flags=Wide Risk;Low Liquidity, distribution_or_weakening_risk",842
RTNINDIA.NS,RattanIndia Enterprises Limited,Consumer Cyclical,Consumer Cyclical,Consumer Cyclical,False,Cash,1,Stage 4,Stage 4,Stage 4,0.86,Price is below the 30-week trend and below long-term support structure.,Stage 4,0.0,Weak,Volume Expanding,Volume Expanding (1.67x vs 10W Avg),-14.99,Underperformed Nifty by 14.99% in 3 Months,False,Not Rated,Wide Weekly Base; Wide Risk; Low Liquidity,30.82,1.59,0.0,42.2,15.0,0.0,False,False,False,False,not_true_leader; setup_not_proper_or_not_tight; risk_not_low; not_confirmed_stage2,watchlist,weekly_watchlist,watchlist,2.0,"Stage 4, Stage 4, weekly_vcp_ok, weekly_strong, flags=Wide Weekly Base;Wide Risk;Low Liquidity, downtrend",843
CHOLAHLDNG.NS,Cholamandalam Financial Holdings Limited,Credit Services,Financial Services,Financial Services,False,Cash,1,Stage 4,Stage 4,Stage 4,0.86,Price is below the 30-week trend and below long-term support structure.,Stage 4,0.0,Weak,Volume Expanding,Volume Expanding (1.88x vs 10W Avg),-10.86,Underperformed Nifty by 10.86% in 3 Months,False,Not Rated,Wide Risk; Low Liquidity,22.17,8.85,0.0,38.9,15.0,0.0,False,False,False,False,not_true_leader; setup_not_proper_or_not_tight; risk_not_low; not_confirmed_stage2,watchlist,weekly_watchlist,watchlist,2.0,"Stage 4, Stage 4, weekly_vcp_ok, flags=Wide Risk;Low Liquidity, downtrend",844
RECLTD.NS,REC Limited,Credit Services,Financial Services,Financial Services,True,F&O,1,Stage 4,Stage 4,Stage 4,0.66,Price is below weekly structure.,Stage 4,0.0,Weak,Volume Expanding,Volume Expanding (2.44x vs 10W Avg),-9.91,Underperformed Nifty by 9.91% in 3 Months,False,Not Rated,Wide Risk; Low Liquidity,22.22,4.74,12.5,56.2,15.0,0.0,False,False,False,False,not_true_leader; setup_not_proper_or_not_tight; risk_not_low; not_confirmed_stage2,watchlist,weekly_watchlist,watchlist,2.0,"Stage 4, Stage 4, weekly_vcp_ok, weekly_strong, flags=Wide Risk;Low Liquidity, downtrend",845
PGHH.NS,Procter & Gamble Hygiene and Health Care Limited,Household & Personal Products,Consumer Defensive,Consumer Defensive,False,Cash,1,Stage 4,Stage 4,Stage 4,0.86,Price is below the 30-week trend and below long-term support structure.,Stage 4,0.0,Weak,Volume Expanding,Volume Normal (1.39x vs 10W Avg),-16.77,Underperformed Nifty by 16.77% in 3 Months,False,Not Rated,Loose Structure; Wide Risk; Low Liquidity,16.9,0.0,0.0,6.0,15.0,0.0,False,False,False,False,not_true_leader; setup_not_proper_or_not_tight; risk_not_low; not_confirmed_stage2,watchlist,weekly_watchlist,watchlist,2.0,"Stage 4, Stage 4, flags=Loose Structure;Wide Risk;Low Liquidity, downtrend",846
METROBRAND.NS,Metro Brands Limited,Consumer Cyclical,Consumer Cyclical,Consumer Cyclical,False,Cash,1,Stage 4,Stage 4,Stage 4,0.86,Price is below the 30-week trend and below long-term support structure.,Stage 4,0.0,Weak,Volume Drying Up,Volume Drying Up (0.78x vs 10W Avg),-11.98,Underperformed Nifty by 11.98% in 3 Months,False,Not Rated,Wide Risk; Low Liquidity,20.32,0.65,0.0,30.2,15.0,0.0,False,False,False,False,not_true_leader; setup_not_proper_or_not_tight; risk_not_low; not_confirmed_stage2,watchlist,weekly_watchlist,watchlist,2.0,"Stage 4, Stage 4, weekly_vcp_ok, weekly_volume_dryup, weekly_strong, flags=Wide Risk;Low Liquidity, downtrend",847
VENTIVE.NS,Ventive Hospitality Limited,Lodging,Consumer Cyclical,Consumer Cyclical,False,Cash,1,Stage 4,Stage 4,Stage 4,0.86,Price is below the 30-week trend and below long-term support structure.,Stage 4,0.0,Weak,Volume Drying Up,Volume Drying Up (0.63x vs 10W Avg),-5.01,Underperformed Nifty by 5.01% in 3 Months,False,Not Rated,Wide Risk; Low Liquidity,16.21,28.47,0.0,56.2,15.0,0.0,False,False,False,False,not_true_leader; setup_not_proper_or_not_tight; risk_not_low; not_confirmed_stage2,watchlist,weekly_watchlist,watchlist,2.0,"Stage 4, Stage 4, weekly_vcp_ok, weekly_volume_dryup, weekly_strong, flags=Wide Risk;Low Liquidity, downtrend",848
DBREALTY.NS,Valor Estate Limited,Real Estate,Real Estate,Real Estate,False,Cash,1,Stage 4,Stage 4,Stage 4,0.86,Price is below the 30-week trend and below long-term support structure.,Stage 4,0.0,Weak,Volume Normal,Volume Normal (1.18x vs 10W Avg),-9.04,Underperformed Nifty by 9.04% in 3 Months,False,Not Rated,Wide Weekly Base; Wide Risk; Low Liquidity,16.11,13.11,0.0,14.2,15.0,0.0,False,False,False,False,not_true_leader; setup_not_proper_or_not_tight; risk_not_low; not_confirmed_stage2,watchlist,weekly_watchlist,watchlist,2.0,"Stage 4, Stage 4, weekly_vcp_ok, weekly_strong, flags=Wide Weekly Base;Wide Risk;Low Liquidity, downtrend",849
PARKHOTELS.NS,Apeejay Surrendra Park Hotels Limited,Lodging,Consumer Cyclical,Consumer Cyclical,False,Cash,1,Stage 4,Stage 4,Stage 4,0.86,Price is below the 30-week trend and below long-term support structure.,Stage 4,0.0,Weak,Volume Expanding,Volume Expanding (2.43x vs 10W Avg),-6.71,Underperformed Nifty by 6.71% in 3 Months,False,Not Rated,Wide Risk; Low Liquidity,16.66,10.06,0.0,57.2,15.0,0.0,False,False,False,False,not_true_leader; setup_not_proper_or_not_tight; risk_not_low; not_confirmed_stage2,watchlist,weekly_watchlist,watchlist,2.0,"Stage 4, Stage 4, weekly_vcp_ok, weekly_strong, flags=Wide Risk;Low Liquidity, downtrend",850
PFC.NS,Power Finance Corporation Limited,Credit Services,Financial Services,Financial Services,True,F&O,1,Stage 4,Stage 4,Stage 4,0.66,Price is below weekly structure.,Stage 4,0.0,Weak,Volume Normal,Volume Normal (1.24x vs 10W Avg),-14.33,Underperformed Nifty by 14.33% in 3 Months,False,Not Rated,Loose Structure; Wide Risk; Low Liquidity,12.31,0.0,12.5,20.2,35.0,0.0,False,False,False,False,not_true_leader; setup_not_proper_or_not_tight; risk_not_low; not_confirmed_stage2,watchlist,weekly_watchlist,watchlist,2.0,"Stage 4, Stage 4, weekly_vcp_ok, weekly_strong, flags=Loose Structure;Wide Risk;Low Liquidity, downtrend",851
MEDPLUS.NS,Medplus Health Services Limited,Healthcare,Healthcare,Healthcare,False,Cash,1,Stage 4,Stage 4,Stage 4,0.86,Price is below the 30-week trend and below long-term support structure.,Stage 4,0.0,Weak,Volume Drying Up,Volume Drying Up (0.39x vs 10W Avg),-13.54,Underperformed Nifty by 13.54% in 3 Months,False,Not Rated,Wide Base; Wide Weekly Base; Wide Risk; Low Liquidity,27.3,15.0,0.0,0.0,15.0,0.0,False,False,False,False,not_true_leader; setup_not_proper_or_not_tight; risk_not_low; not_confirmed_stage2,watchlist,weekly_watchlist,watchlist,2.0,"Stage 4, Stage 4, volume_dryup, weekly_volume_dryup, flags=Wide Base;Wide Weekly Base;Wide Risk;Low Liquidity, downtrend",852
INDUSINDBK.NS,IndusInd Bank Limited,Banks - Regional,Financial Services,Financial Services,True,F&O,1,Failed Stage 2,Stage 3,Failed Stage 2,0.72,"This stock was recently Stage 2, but the latest structure no longer satisfies Stage 2 rules. It is kept as Failed Stage 2 until a fresh base/repair structure forms.",Failed Stage 2,0.0,Neutral,Volume Expanding,Volume Expanding (1.61x vs 10W Avg),-3.93,Underperformed Nifty by 3.93% in 3 Months,False,Not Rated,Wide Risk; Low Liquidity,15.56,41.08,25.0,6.0,15.0,0.0,False,False,False,False,not_true_leader; setup_not_proper_or_not_tight; risk_not_low; not_confirmed_stage2,watchlist,weekly_watchlist,watchlist,2.0,"Stage 3, Late, flags=Wide Risk;Low Liquidity, distribution_or_weakening_risk | Stage 2 failed state applied from stage memory.",853
HDFCBANK.NS,HDFC Bank Limited,Banks - Regional,Financial Services,Financial Services,True,F&O,1,Stage 4,Stage 4,Stage 4,0.86,Price is below the 30-week trend and below long-term support structure.,Stage 4,0.0,Weak,Volume Normal,Volume Normal (1.06x vs 10W Avg),-7.8,Underperformed Nifty by 7.8% in 3 Months,False,Not Rated,Wide Risk; Low Liquidity,16.71,22.4,0.0,31.0,15.0,0.0,False,False,False,False,not_true_leader; setup_not_proper_or_not_tight; risk_not_low; not_confirmed_stage2,watchlist,weekly_watchlist,watchlist,2.0,"Stage 4, Stage 4, flags=Wide Risk;Low Liquidity, downtrend",854
LTF.NS,L&T Finance Limited,Credit Services,Financial Services,Financial Services,True,F&O,1,Failed Stage 2,Stage 4,Failed Stage 2,0.72,"This stock was recently Stage 2, but the latest structure no longer satisfies Stage 2 rules. It is kept as Failed Stage 2 until a fresh base/repair structure forms.",Failed Stage 2,0.0,Weak,Volume Expanding,Volume Expanding (2.66x vs 10W Avg),-14.24,Underperformed Nifty by 14.24% in 3 Months,False,Not Rated,Wide Risk; Low Liquidity,19.21,12.72,25.0,4.0,15.0,0.0,False,False,False,False,not_true_leader; setup_not_proper_or_not_tight; risk_not_low; not_confirmed_stage2,watchlist,weekly_watchlist,watchlist,2.0,"Stage 4, Stage 4, flags=Wide Risk;Low Liquidity, downtrend | Stage 2 failed state applied from stage memory.",855
J&KBANK.NS,The Jammu & Kashmir Bank Limited,Banks - Regional,Financial Services,Financial Services,False,Cash,1,Stage 3,Stage 3,Late,0.76,"Prior strength has shifted into a Stage 3 transition based on trend, relative strength, and volume evidence.",Stage 3 Late,0.0,Weak,Volume Drying Up,Volume Drying Up (0.42x vs 10W Avg),-8.51,Underperformed Nifty by 8.51% in 3 Months,False,Not Rated,Loose Structure; Wide Risk; Low Liquidity,24.43,37.34,37.5,8.0,15.0,0.0,False,False,False,False,not_true_leader; setup_not_proper_or_not_tight; risk_not_low; not_confirmed_stage2,watchlist,weekly_watchlist,watchlist,2.0,"Stage 3, Late, volume_dryup, weekly_volume_dryup, flags=Loose Structure;Wide Risk;Low Liquidity, distribution_or_weakening_risk",856
AGIIL.NS,Agi Infra Limited,Real Estate,Real Estate,Real Estate,False,Cash,1,Stage 4,Stage 4,Stage 4,0.66,Price is below weekly structure.,Stage 4,0.0,Weak,Volume Normal,Volume Normal (1.18x vs 10W Avg),-18.79,Underperformed Nifty by 18.79% in 3 Months,False,Not Rated,Wide Risk; Low Liquidity,15.63,0.0,12.5,0.0,15.0,0.0,False,False,False,False,not_true_leader; setup_not_proper_or_not_tight; risk_not_low; not_confirmed_stage2,watchlist,weekly_watchlist,watchlist,2.0,"Stage 4, Stage 4, flags=Wide Risk;Low Liquidity, downtrend",857
HEMIPROP.NS,Hemisphere Properties India Limited,Real Estate,Real Estate,Real Estate,False,Cash,1,Stage 4,Stage 4,Stage 4,0.86,Price is below the 30-week trend and below long-term support structure.,Stage 4,0.0,Weak,Volume Normal,Volume Normal (1.14x vs 10W Avg),-12.19,Underperformed Nifty by 12.19% in 3 Months,False,Not Rated,Wide Risk; Low Liquidity,15.66,6.17,0.0,28.0,15.0,0.0,False,False,False,False,not_true_leader; setup_not_proper_or_not_tight; risk_not_low; not_confirmed_stage2,watchlist,weekly_watchlist,watchlist,2.0,"Stage 4, Stage 4, flags=Wide Risk;Low Liquidity, downtrend",858
SAMHI.NS,Samhi Hotels Limited,Lodging,Consumer Cyclical,Consumer Cyclical,False,Cash,1,Stage 4,Stage 4,Stage 4,0.86,Price is below the 30-week trend and below long-term support structure.,Stage 4,0.0,Weak,Volume Drying Up,Volume Drying Up (0.67x vs 10W Avg),-4.82,Underperformed Nifty by 4.82% in 3 Months,False,Not Rated,Wide Risk; Low Liquidity,15.62,33.23,0.0,8.0,15.0,0.0,False,False,False,False,not_true_leader; setup_not_proper_or_not_tight; risk_not_low; not_confirmed_stage2,watchlist,weekly_watchlist,watchlist,2.0,"Stage 4, Stage 4, weekly_volume_dryup, flags=Wide Risk;Low Liquidity, downtrend",859
MAXHEALTH.NS,Max Healthcare Institute Limited,Medical Care Facilities,Healthcare,Healthcare,True,F&O,1,Stage 4,Stage 4,Stage 4,0.66,Price is below weekly structure.,Stage 4,0.31,Weak,Volume Expanding,Volume Expanding (2.62x vs 10W Avg),-11.1,Underperformed Nifty by 11.1% in 3 Months,False,Not Rated,Wide Risk; Low Liquidity,22.42,9.03,12.5,50.1,15.0,0.0,False,False,False,False,not_true_leader; setup_not_proper_or_not_tight; risk_not_low; not_confirmed_stage2,watchlist,weekly_watchlist,watchlist,0.31,"Stage 4, Stage 4, weekly_vcp_ok, weekly_strong, flags=Wide Risk;Low Liquidity, downtrend",860
COROMANDEL.NS,Coromandel International Limited,Agricultural Inputs,Basic Materials,Basic Materials,False,Cash,1,Stage 4,Stage 4,Stage 4,0.86,Price is below the 30-week trend and below long-term support structure.,Stage 4,0.31,Weak,Volume Expanding,Volume Expanding (2.31x vs 10W Avg),-7.58,Underperformed Nifty by 7.58% in 3 Months,False,Not Rated,Wide Risk; Low Liquidity,18.17,3.54,0.0,50.1,15.0,0.0,False,False,False,False,not_true_leader; setup_not_proper_or_not_tight; risk_not_low; not_confirmed_stage2,watchlist,weekly_watchlist,watchlist,0.31,"Stage 4, Stage 4, weekly_vcp_ok, weekly_strong, flags=Wide Risk;Low Liquidity, downtrend",861
ASHOKA.NS,Ashoka Buildcon Limited,Engineering & Construction,Industrials,Industrials,False,Cash,1,Stage 4,Stage 4,Stage 4,0.86,Price is below the 30-week trend and below long-term support structure.,Stage 4,0.12,Weak,Volume Drying Up,Volume Drying Up (0.16x vs 10W Avg),-10.92,Underperformed Nifty by 10.92% in 3 Months,False,Not Rated,Wide Weekly Base; Wide Risk; Low Liquidity,19.56,6.34,0.0,52.4,15.0,0.0,False,False,False,False,not_true_leader; setup_not_proper_or_not_tight; risk_not_low; not_confirmed_stage2,watchlist,weekly_watchlist,watchlist,0.12,"Stage 4, Stage 4, volume_dryup, weekly_volume_dryup, flags=Wide Weekly Base;Wide Risk;Low Liquidity, downtrend",862
GLOBUSSPR.NS,Globus Spirits Limited,Consumer Defensive,Consumer Defensive,Consumer Defensive,False,Cash,1,Stage 4,Stage 4,Stage 4,0.86,Price is below the 30-week trend and below long-term support structure.,Stage 4,0.0,Weak,Volume Drying Up,Volume Drying Up (0.80x vs 10W Avg),-7.46,Underperformed Nifty by 7.46% in 3 Months,False,Not Rated,Wide Risk; Low Liquidity,22.0,5.44,0.0,49.0,15.0,0.0,False,False,False,False,not_true_leader; setup_not_proper_or_not_tight; risk_not_low; not_confirmed_stage2,watchlist,weekly_watchlist,watchlist,0.0,"Stage 4, Stage 4, volume_dryup, weekly_volume_dryup, flags=Wide Risk;Low Liquidity, downtrend",863
DMART.NS,Avenue Supermarts Limited,Consumer Defensive,Consumer Defensive,Consumer Defensive,True,F&O,1,Stage 1,Stage 1,Stage 1,0.64,Price is building a base around long-term weekly structure without a confirmed advancing phase.,Stage 1,0.0,Weak,Volume Normal,Volume Normal (0.98x vs 10W Avg),0.32,Outperformed Nifty by 0.32% in 3 Months,False,Not Rated,Wide Risk; Low Liquidity,15.45,35.29,12.5,33.0,15.0,0.0,False,False,False,False,not_true_leader; setup_not_proper_or_not_tight; risk_not_low; not_confirmed_stage2,watchlist,weekly_watchlist,watchlist,0.0,"Stage 1, Stage 1, flags=Wide Risk;Low Liquidity, stage1_not_actionable, stage1_needs_more_base",864
AVANTIFEED.NS,Avanti Feeds Limited,Packaged Foods,Consumer Defensive,Consumer Defensive,False,Cash,1,Stage 4,Stage 4,Stage 4,0.86,Price is below the 30-week trend and below long-term support structure.,Stage 4,0.0,Weak,Volume Drying Up,Volume Normal (0.93x vs 10W Avg),-16.58,Underperformed Nifty by 16.58% in 3 Months,False,Not Rated,Wide Base; Loose Structure; Wide Risk; Low Liquidity,33.88,0.0,12.5,28.0,15.0,0.0,False,False,False,False,not_true_leader; setup_not_proper_or_not_tight; risk_not_low; not_confirmed_stage2,watchlist,weekly_watchlist,watchlist,0.0,"Stage 4, Stage 4, volume_dryup, flags=Wide Base;Loose Structure;Wide Risk;Low Liquidity, downtrend",865
INDIACEM.NS,The India Cements Limited,Building Materials,Basic Materials,Basic Materials,False,Cash,1,Stage 4,Stage 4,Stage 4,0.86,Price is below the 30-week trend and below long-term support structure.,Stage 4,0.0,Weak,Volume Expanding,Volume Normal (0.92x vs 10W Avg),-14.02,Underperformed Nifty by 14.02% in 3 Months,False,Not Rated,Loose Structure; Wide Risk; Low Liquidity,28.04,0.0,0.0,32.8,15.0,0.0,False,False,False,False,not_true_leader; setup_not_proper_or_not_tight; risk_not_low; not_confirmed_stage2,watchlist,weekly_watchlist,watchlist,0.0,"Stage 4, Stage 4, flags=Loose Structure;Wide Risk;Low Liquidity, downtrend",866
UBL.NS,United Breweries Limited,Consumer Defensive,Consumer Defensive,Consumer Defensive,False,Cash,1,Stage 4,Stage 4,Stage 4,0.86,Price is below the 30-week trend and below long-term support structure.,Stage 4,0.0,Weak,Volume Expanding,Volume Normal (1.13x vs 10W Avg),-8.02,Underperformed Nifty by 8.02% in 3 Months,False,Not Rated,Wide Risk; Low Liquidity,20.96,2.79,0.0,38.0,15.0,0.0,False,False,False,False,not_true_leader; setup_not_proper_or_not_tight; risk_not_low; not_confirmed_stage2,watchlist,weekly_watchlist,watchlist,0.0,"Stage 4, Stage 4, flags=Wide Risk;Low Liquidity, downtrend",867
IRCON.NS,Ircon International Limited,Engineering & Construction,Industrials,Industrials,False,Cash,1,Stage 4,Stage 4,Stage 4,0.86,Price is below the 30-week trend and below long-term support structure.,Stage 4,0.0,Weak,Volume Expanding,Volume Expanding (12.39x vs 10W Avg),-5.42,Underperformed Nifty by 5.42% in 3 Months,False,Not Rated,Wide Weekly Base; Wide Risk; Low Liquidity,15.41,24.83,0.0,35.2,15.0,0.0,False,False,False,False,not_true_leader; setup_not_proper_or_not_tight; risk_not_low; not_confirmed_stage2,watchlist,weekly_watchlist,watchlist,0.0,"Stage 4, Stage 4, weekly_vcp_ok, weekly_strong, flags=Wide Weekly Base;Wide Risk;Low Liquidity, downtrend",868
INDIASHLTR.NS,India Shelter Finance Corporation Limited,Mortgage Finance,Financial Services,Financial Services,False,Cash,1,Stage 4,Stage 4,Stage 4,0.86,Price is below the 30-week trend and below long-term support structure.,Stage 4,0.0,Weak,Volume Drying Up,Volume Normal (0.94x vs 10W Avg),-12.73,Underperformed Nifty by 12.73% in 3 Months,False,Not Rated,Loose Structure; Wide Risk,25.22,0.0,0.0,36.0,15.0,0.0,False,False,False,False,not_true_leader; setup_not_proper_or_not_tight; risk_not_low; not_confirmed_stage2,watchlist,weekly_watchlist,watchlist,0.0,"Stage 4, Stage 4, volume_dryup, flags=Loose Structure;Wide Risk, downtrend",869
SYMPHONY.NS,Symphony Limited,"Furnishings, Fixtures & Appliances",Consumer Cyclical,Consumer Cyclical,False,Cash,1,Stage 4,Stage 4,Stage 4,0.86,Price is below the 30-week trend and below long-term support structure.,Stage 4,0.0,Weak,Volume Drying Up,Volume Drying Up (0.39x vs 10W Avg),-9.93,Underperformed Nifty by 9.93% in 3 Months,False,Not Rated,Wide Risk; Low Liquidity,28.81,16.07,0.0,69.2,15.0,0.0,False,False,False,False,not_true_leader; setup_not_proper_or_not_tight; risk_not_low; not_confirmed_stage2,watchlist,weekly_watchlist,watchlist,0.0,"Stage 4, Stage 4, weekly_vcp_ok, volume_dryup, weekly_volume_dryup, weekly_strong, flags=Wide Risk;Low Liquidity, downtrend",870
AWFIS.NS,Awfis Space Solutions Limited,Industrials,Industrials,Industrials,False,Cash,1,Stage 4,Stage 4,Stage 4,0.86,Price is below the 30-week trend and below long-term support structure.,Stage 4,0.0,Weak,Volume Drying Up,Volume Drying Up (0.59x vs 10W Avg),-12.24,Underperformed Nifty by 12.24% in 3 Months,False,Not Rated,Wide Base; Wide Weekly Base; Wide Risk; Low Liquidity,24.63,0.0,0.0,35.2,15.0,0.0,False,False,False,False,not_true_leader; setup_not_proper_or_not_tight; risk_not_low; not_confirmed_stage2,watchlist,weekly_watchlist,watchlist,0.0,"Stage 4, Stage 4, weekly_vcp_ok, volume_dryup, weekly_volume_dryup, weekly_strong, flags=Wide Base;Wide Weekly Base;Wide Risk;Low Liquidity, downtrend",871
NBCC.NS,NBCC (India) Limited,Engineering & Construction,Industrials,Industrials,True,F&O,1,Stage 4,Stage 4,Stage 4,0.86,Price is below the 30-week trend and below long-term support structure.,Stage 4,0.0,Weak,Volume Normal,Volume Normal (1.08x vs 10W Avg),-13.82,Underperformed Nifty by 13.82% in 3 Months,False,Not Rated,Wide Weekly Base; Wide Risk; Low Liquidity,23.48,4.84,0.0,32.0,15.0,0.0,False,False,False,False,not_true_leader; setup_not_proper_or_not_tight; risk_not_low; not_confirmed_stage2,watchlist,weekly_watchlist,watchlist,0.0,"Stage 4, Stage 4, flags=Wide Weekly Base;Wide Risk;Low Liquidity, downtrend",872
TRIVENI.NS,Triveni Engineering & Industries Limited,Consumer Defensive,Consumer Defensive,Consumer Defensive,False,Cash,1,Stage 4,Stage 4,Stage 4,0.86,Price is below the 30-week trend and below long-term support structure.,Stage 4,0.0,Weak,Volume Drying Up,Volume Drying Up (0.69x vs 10W Avg),-41.58,Underperformed Nifty by 41.58% in 3 Months,False,Not Rated,Wide Base; Wide Weekly Base; Loose Structure; Wide Risk; Corporate Action Check,27.18,0.0,0.0,14.0,15.0,0.0,False,False,False,False,not_true_leader; setup_not_proper_or_not_tight; risk_not_low; not_confirmed_stage2,watchlist,weekly_watchlist,watchlist,0.0,"Stage 4, Stage 4, volume_dryup, weekly_volume_dryup, flags=Wide Base;Wide Weekly Base;Loose Structure;Wide Risk;Corporate Action Check, downtrend",873
BAYERCROP.NS,Bayer Cropscience Limited,Agricultural Inputs,Basic Materials,Basic Materials,False,Cash,1,Stage 4,Stage 4,Stage 4,0.86,Price is below the 30-week trend and below long-term support structure.,Stage 4,0.0,Weak,Volume Expanding,Volume Expanding (1.90x vs 10W Avg),-5.05,Underperformed Nifty by 5.05% in 3 Months,False,Not Rated,Wide Risk; Low Liquidity,20.55,5.45,0.0,47.0,15.0,0.0,False,False,False,False,not_true_leader; setup_not_proper_or_not_tight; risk_not_low; not_confirmed_stage2,watchlist,weekly_watchlist,watchlist,0.0,"Stage 4, Stage 4, flags=Wide Risk;Low Liquidity, downtrend",874
JIOFIN.NS,Jio Financial Services Limited,Asset Management,Financial Services,Financial Services,True,F&O,1,Stage 4,Stage 4,Stage 4,0.86,Price is below the 30-week trend and below long-term support structure.,Stage 4,0.0,Weak,Volume Drying Up,Volume Normal (0.97x vs 10W Avg),-2.62,Underperformed Nifty by 2.62% in 3 Months,False,Not Rated,Wide Risk; Low Liquidity,19.65,11.4,0.0,70.1,15.0,0.0,False,False,False,False,not_true_leader; setup_not_proper_or_not_tight; risk_not_low; not_confirmed_stage2,watchlist,weekly_watchlist,watchlist,0.0,"Stage 4, Stage 4, weekly_vcp_ok, volume_dryup, weekly_strong, flags=Wide Risk;Low Liquidity, downtrend",875
PATANJALI.NS,Patanjali Foods Limited,Packaged Foods,Consumer Defensive,Consumer Defensive,True,F&O,1,Stage 4,Stage 4,Stage 4,0.86,Price is below the 30-week trend and below long-term support structure.,Stage 4,0.0,Weak,Volume Drying Up,Volume Drying Up (0.58x vs 10W Avg),-5.26,Underperformed Nifty by 5.26% in 3 Months,False,Not Rated,Wide Base; Wide Risk; Low Liquidity,20.31,20.26,12.5,26.0,15.0,0.0,False,False,False,False,not_true_leader; setup_not_proper_or_not_tight; risk_not_low; not_confirmed_stage2,watchlist,weekly_watchlist,watchlist,0.0,"Stage 4, Stage 4, weekly_volume_dryup, flags=Wide Base;Wide Risk;Low Liquidity, downtrend",876
VOLTAS.NS,Voltas Limited,"Furnishings, Fixtures & Appliances",Consumer Cyclical,Consumer Cyclical,True,F&O,1,Stage 4,Stage 4,Stage 4,0.86,Price is below the 30-week trend and below long-term support structure.,Stage 4,0.0,Weak,Volume Normal,Volume Normal (1.11x vs 10W Avg),-9.9,Underperformed Nifty by 9.9% in 3 Months,False,Not Rated,Wide Risk; Low Liquidity,24.15,1.76,0.0,58.1,15.0,0.0,False,False,False,False,not_true_leader; setup_not_proper_or_not_tight; risk_not_low; not_confirmed_stage2,watchlist,weekly_watchlist,watchlist,0.0,"Stage 4, Stage 4, weekly_vcp_ok, weekly_strong, flags=Wide Risk;Low Liquidity, downtrend",877
DELHIVERY.NS,Delhivery Limited,Industrials,Industrials,Industrials,True,F&O,1,Stage 4,Stage 4,Stage 4,0.66,Price is below weekly structure.,Stage 4,0.0,Weak,Volume Expanding,Volume Expanding (1.59x vs 10W Avg),-14.36,Underperformed Nifty by 14.36% in 3 Months,False,Not Rated,Wide Risk; Low Liquidity,15.32,3.98,25.0,57.1,15.0,0.0,False,False,False,False,not_true_leader; setup_not_proper_or_not_tight; risk_not_low; not_confirmed_stage2,watchlist,weekly_watchlist,watchlist,0.0,"Stage 4, Stage 4, weekly_vcp_ok, weekly_strong, flags=Wide Risk;Low Liquidity, downtrend",878
ORIENTCEM.NS,Orient Cement Limited,Building Materials,Basic Materials,Basic Materials,False,Cash,1,Stage 4,Stage 4,Stage 4,0.86,Price is below the 30-week trend and below long-term support structure.,Stage 4,0.0,Weak,Volume Normal,Volume Normal (1.26x vs 10W Avg),-8.88,Underperformed Nifty by 8.88% in 3 Months,False,Not Rated,Wide Risk; Low Liquidity,18.0,2.93,0.0,59.0,15.0,0.0,False,False,False,False,not_true_leader; setup_not_proper_or_not_tight; risk_not_low; not_confirmed_stage2,watchlist,weekly_watchlist,watchlist,0.0,"Stage 4, Stage 4, weekly_vcp_ok, weekly_strong, flags=Wide Risk;Low Liquidity, downtrend",879
ATGL.NS,Adani Total Gas Limited,Utilities,Utilities,Utilities,False,Cash,1,Failed Stage 2,Stage 3,Failed Stage 2,0.72,"This stock was recently Stage 2, but the latest structure no longer satisfies Stage 2 rules. It is kept as Failed Stage 2 until a fresh base/repair structure forms.",Failed Stage 2,0.0,Weak,Volume Drying Up,Volume Drying Up (0.36x vs 10W Avg),-11.2,Underperformed Nifty by 11.2% in 3 Months,False,Not Rated,Wide Risk; Low Liquidity,23.15,19.14,12.5,21.0,15.0,0.0,False,False,False,False,not_true_leader; setup_not_proper_or_not_tight; risk_not_low; not_confirmed_stage2,watchlist,weekly_watchlist,watchlist,0.0,"Stage 3, Early, weekly_volume_dryup, flags=Wide Risk;Low Liquidity, distribution_or_weakening_risk | Stage 2 failed state applied from stage memory.",880
WIPRO.NS,Wipro Limited,Information Technology Services,Technology,Technology,True,F&O,1,Stage 4,Stage 4,Stage 4,0.86,Price is below the 30-week trend and below long-term support structure.,Stage 4,0.0,Weak,Volume Expanding,Volume Expanding (3.76x vs 10W Avg),-1.24,Underperformed Nifty by 1.24% in 3 Months,False,Not Rated,Wide Risk; Low Liquidity,15.03,8.89,0.0,36.0,15.0,0.0,False,False,False,False,not_true_leader; setup_not_proper_or_not_tight; risk_not_low; not_confirmed_stage2,watchlist,weekly_watchlist,watchlist,0.0,"Stage 4, Stage 4, flags=Wide Risk;Low Liquidity, downtrend",881
HAPPSTMNDS.NS,Happiest Minds Technologies Limited,Information Technology Services,Technology,Technology,False,Cash,1,Stage 4,Stage 4,Stage 4,0.86,Price is below the 30-week trend and below long-term support structure.,Stage 4,0.0,Weak,Volume Drying Up,Volume Drying Up (0.23x vs 10W Avg),-2.92,Underperformed Nifty by 2.92% in 3 Months,False,Not Rated,Loose Structure; Wide Risk; Low Liquidity,33.79,7.38,0.0,33.0,15.0,0.0,False,False,False,False,not_true_leader; setup_not_proper_or_not_tight; risk_not_low; not_confirmed_stage2,watchlist,weekly_watchlist,watchlist,0.0,"Stage 4, Stage 4, volume_dryup, weekly_volume_dryup, flags=Loose Structure;Wide Risk;Low Liquidity, downtrend",882
SJVN.NS,SJVN Limited,Utilities - Renewable,Utilities,Utilities,False,Cash,1,Stage 4,Stage 4,Stage 4,0.86,Price is below the 30-week trend and below long-term support structure.,Stage 4,0.0,Weak,Volume Expanding,Volume Expanding (2.07x vs 10W Avg),-10.08,Underperformed Nifty by 10.08% in 3 Months,False,Not Rated,Wide Risk; Low Liquidity,15.92,1.84,0.0,49.1,15.0,0.0,False,False,False,False,not_true_leader; setup_not_proper_or_not_tight; risk_not_low; not_confirmed_stage2,watchlist,weekly_watchlist,watchlist,0.0,"Stage 4, Stage 4, weekly_vcp_ok, weekly_strong, flags=Wide Risk;Low Liquidity, downtrend",883
HOMEFIRST.NS,Home First Finance Company India Limited,Mortgage Finance,Financial Services,Financial Services,False,Cash,1,Failed Stage 2,Stage 3,Failed Stage 2,0.72,"This stock was recently Stage 2, but the latest structure no longer satisfies Stage 2 rules. It is kept as Failed Stage 2 until a fresh base/repair structure forms.",Failed Stage 2,0.0,Neutral,Volume Normal,Volume Normal (1.39x vs 10W Avg),-0.45,Underperformed Nifty by 0.45% in 3 Months,False,Not Rated,Wide Risk; Low Liquidity,17.16,43.09,25.0,20.2,15.0,0.0,False,False,False,False,not_true_leader; setup_not_proper_or_not_tight; risk_not_low; not_confirmed_stage2,watchlist,weekly_watchlist,watchlist,0.0,"Stage 3, Late, weekly_vcp_ok, weekly_strong, flags=Wide Risk;Low Liquidity, distribution_or_weakening_risk | Stage 2 failed state applied from stage memory.",884
PILANIINVS.NS,Pilani Investment and Industries Corporation Limited,Asset Management,Financial Services,Financial Services,False,Cash,1,Stage 4,Stage 4,Stage 4,0.86,Price is below the 30-week trend and below long-term support structure.,Stage 4,0.0,Weak,Volume Expanding,Volume Normal (1.16x vs 10W Avg),-3.42,Underperformed Nifty by 3.42% in 3 Months,False,Not Rated,Wide Risk; Low Liquidity,12.51,8.97,0.0,30.0,35.0,0.0,False,False,False,False,not_true_leader; setup_not_proper_or_not_tight; risk_not_low; not_confirmed_stage2,watchlist,weekly_watchlist,watchlist,0.0,"Stage 4, Stage 4, weekly_vcp_ok, weekly_strong, flags=Wide Risk;Low Liquidity, downtrend",885
HDFCLIFE.NS,HDFC Life Insurance Company Limited,Insurance - Life,Financial Services,Financial Services,True,F&O,1,Stage 4,Stage 4,Stage 4,0.86,Price is below the 30-week trend and below long-term support structure.,Stage 4,0.0,Weak,Volume Expanding,Volume Expanding (2.07x vs 10W Avg),-0.82,Underperformed Nifty by 0.82% in 3 Months,False,Not Rated,Wide Risk; Low Liquidity,16.06,26.3,0.0,53.77,15.0,0.0,False,False,False,False,not_true_leader; setup_not_proper_or_not_tight; risk_not_low; not_confirmed_stage2,watchlist,weekly_watchlist,watchlist,0.0,"Stage 4, Stage 4, weekly_vcp_ok, weekly_strong, flags=Wide Risk;Low Liquidity, downtrend",886
ACC.NS,ACC Limited,Building Materials,Basic Materials,Basic Materials,False,Cash,1,Stage 4,Stage 4,Stage 4,0.86,Price is below the 30-week trend and below long-term support structure.,Stage 4,0.0,Weak,Volume Normal,Volume Normal (1.43x vs 10W Avg),-7.01,Underperformed Nifty by 7.01% in 3 Months,False,Not Rated,Wide Weekly Base; Wide Risk; Low Liquidity,15.97,6.05,0.0,36.1,15.0,0.0,False,False,False,False,not_true_leader; setup_not_proper_or_not_tight; risk_not_low; not_confirmed_stage2,watchlist,weekly_watchlist,watchlist,0.0,"Stage 4, Stage 4, weekly_vcp_ok, weekly_strong, flags=Wide Weekly Base;Wide Risk;Low Liquidity, downtrend",887
EUREKAFORB.NS,Eureka Forbes Limited,"Furnishings, Fixtures & Appliances",Consumer Cyclical,Consumer Cyclical,False,Cash,1,Stage 4,Stage 4,Stage 4,0.86,Price is below the 30-week trend and below long-term support structure.,Stage 4,0.0,Weak,Volume Expanding,Volume Expanding (1.77x vs 10W Avg),-15.82,Underperformed Nifty by 15.82% in 3 Months,False,Not Rated,Wide Weekly Base; Wide Risk; Low Liquidity,20.65,0.0,0.0,15.1,15.0,0.0,False,False,False,False,not_true_leader; setup_not_proper_or_not_tight; risk_not_low; not_confirmed_stage2,watchlist,weekly_watchlist,watchlist,0.0,"Stage 4, Stage 4, weekly_vcp_ok, weekly_strong, flags=Wide Weekly Base;Wide Risk;Low Liquidity, downtrend",888
HEIDELBERG.NS,HeidelbergCement India Limited,Building Materials,Basic Materials,Basic Materials,False,Cash,1,Stage 4,Stage 4,Stage 4,0.86,Price is below the 30-week trend and below long-term support structure.,Stage 4,0.0,Weak,Volume Expanding,Volume Expanding (1.51x vs 10W Avg),-7.32,Underperformed Nifty by 7.32% in 3 Months,False,Not Rated,Wide Risk; Low Liquidity,17.08,8.71,0.0,49.1,15.0,0.0,False,False,False,False,not_true_leader; setup_not_proper_or_not_tight; risk_not_low; not_confirmed_stage2,watchlist,weekly_watchlist,watchlist,0.0,"Stage 4, Stage 4, weekly_vcp_ok, weekly_strong, flags=Wide Risk;Low Liquidity, downtrend",889
ICICIPRULI.NS,ICICI Prudential Life Insurance Company Limited,Insurance - Life,Financial Services,Financial Services,True,F&O,1,Stage 4,Stage 4,Stage 4,0.86,Price is below the 30-week trend and below long-term support structure.,Stage 4,0.0,Weak,Volume Expanding,Volume Expanding (1.85x vs 10W Avg),-1.71,Underperformed Nifty by 1.71% in 3 Months,False,Not Rated,Wide Risk; Low Liquidity,16.0,8.46,0.0,20.2,15.0,0.0,False,False,False,False,not_true_leader; setup_not_proper_or_not_tight; risk_not_low; not_confirmed_stage2,watchlist,weekly_watchlist,watchlist,0.0,"Stage 4, Stage 4, weekly_vcp_ok, weekly_strong, flags=Wide Risk;Low Liquidity, downtrend",890
FORTIS.NS,Fortis Healthcare Limited,Medical Care Facilities,Healthcare,Healthcare,True,F&O,1,Stage 4,Stage 4,Stage 4,0.66,Price is below weekly structure.,Stage 4,0.0,Weak,Volume Expanding,Volume Expanding (2.40x vs 10W Avg),-14.55,Underperformed Nifty by 14.55% in 3 Months,False,Not Rated,Wide Risk; Low Liquidity,19.72,3.32,12.5,20.2,15.0,0.0,False,False,False,False,not_true_leader; setup_not_proper_or_not_tight; risk_not_low; not_confirmed_stage2,watchlist,weekly_watchlist,watchlist,0.0,"Stage 4, Stage 4, weekly_vcp_ok, weekly_strong, flags=Wide Risk;Low Liquidity, downtrend",891
RVNL.NS,Rail Vikas Nigam Limited,Engineering & Construction,Industrials,Industrials,True,F&O,1,Stage 4,Stage 4,Stage 4,0.86,Price is below the 30-week trend and below long-term support structure.,Stage 4,0.0,Weak,Volume Expanding,Volume Expanding (1.50x vs 10W Avg),-6.65,Underperformed Nifty by 6.65% in 3 Months,False,Not Rated,Wide Weekly Base; Wide Risk; Low Liquidity,15.81,4.02,0.0,14.2,15.0,0.0,False,False,False,False,not_true_leader; setup_not_proper_or_not_tight; risk_not_low; not_confirmed_stage2,watchlist,weekly_watchlist,watchlist,0.0,"Stage 4, Stage 4, weekly_vcp_ok, weekly_strong, flags=Wide Weekly Base;Wide Risk;Low Liquidity, downtrend",892
CENTURYPLY.NS,Century Plyboards (India) Limited,Basic Materials,Basic Materials,Basic Materials,False,Cash,1,Stage 4,Stage 4,Stage 4,0.66,Price is below weekly structure.,Stage 4,0.0,Weak,Volume Expanding,Volume Expanding (2.09x vs 10W Avg),-5.41,Underperformed Nifty by 5.41% in 3 Months,False,Not Rated,Wide Risk; Low Liquidity,16.05,10.93,12.5,28.2,15.0,0.0,False,False,False,False,not_true_leader; setup_not_proper_or_not_tight; risk_not_low; not_confirmed_stage2,watchlist,weekly_watchlist,watchlist,0.0,"Stage 4, Stage 4, weekly_vcp_ok, weekly_strong, flags=Wide Risk;Low Liquidity, downtrend",893
BIKAJI.NS,Bikaji Foods International Limited,Packaged Foods,Consumer Defensive,Consumer Defensive,False,Cash,1,Stage 4,Stage 4,Stage 4,0.86,Price is below the 30-week trend and below long-term support structure.,Stage 4,0.0,Weak,Volume Normal,Volume Normal (1.21x vs 10W Avg),-13.4,Underperformed Nifty by 13.4% in 3 Months,False,Not Rated,Wide Risk; Low Liquidity,19.0,0.0,0.0,20.2,15.0,0.0,False,False,False,False,not_true_leader; setup_not_proper_or_not_tight; risk_not_low; not_confirmed_stage2,watchlist,weekly_watchlist,watchlist,0.0,"Stage 4, Stage 4, weekly_vcp_ok, weekly_strong, flags=Wide Risk;Low Liquidity, downtrend",894
CANFINHOME.NS,Can Fin Homes Limited,Mortgage Finance,Financial Services,Financial Services,False,Cash,1,Stage 4,Stage 4,Stage 4,0.66,Price is below weekly structure.,Stage 4,0.0,Weak,Volume Normal,Volume Normal (0.89x vs 10W Avg),-14.92,Underperformed Nifty by 14.92% in 3 Months,False,Not Rated,Wide Risk; Low Liquidity,12.42,1.21,12.5,28.2,35.0,0.0,False,False,False,False,not_true_leader; setup_not_proper_or_not_tight; risk_not_low; not_confirmed_stage2,watchlist,weekly_watchlist,watchlist,0.0,"Stage 4, Stage 4, weekly_vcp_ok, weekly_volume_dryup, weekly_strong, flags=Wide Risk;Low Liquidity, downtrend",895
JLHL.NS,Jupiter Life Line Hospitals Limited,Medical Care Facilities,Healthcare,Healthcare,False,Cash,1,Stage 4,Stage 4,Stage 4,0.66,Price is below weekly structure.,Stage 4,0.0,Weak,Volume Expanding,Volume Expanding (2.78x vs 10W Avg),-6.36,Underperformed Nifty by 6.36% in 3 Months,False,Not Rated,Loose Structure; Wide Risk; Low Liquidity,19.78,17.09,25.0,12.2,15.0,0.0,False,False,False,False,not_true_leader; setup_not_proper_or_not_tight; risk_not_low; not_confirmed_stage2,watchlist,weekly_watchlist,watchlist,0.0,"Stage 4, Stage 4, weekly_vcp_ok, weekly_strong, flags=Loose Structure;Wide Risk;Low Liquidity, downtrend",896
BORORENEW.NS,BOROSIL RENEWABLES LIMITED,Solar,Technology,Technology,False,Cash,1,Stage 4,Stage 4,Stage 4,0.86,Price is below the 30-week trend and below long-term support structure.,Stage 4,0.0,Weak,Volume Drying Up,Volume Drying Up (0.82x vs 10W Avg),-19.9,Underperformed Nifty by 19.9% in 3 Months,False,Not Rated,Wide Weekly Base; Loose Structure; Wide Risk; Low Liquidity,15.33,15.14,0.0,6.2,15.0,0.0,False,False,False,False,not_true_leader; setup_not_proper_or_not_tight; risk_not_low; not_confirmed_stage2,watchlist,weekly_watchlist,watchlist,0.0,"Stage 4, Stage 4, weekly_vcp_ok, weekly_volume_dryup, weekly_strong, flags=Wide Weekly Base;Loose Structure;Wide Risk;Low Liquidity, downtrend",897
PNCINFRA.NS,PNC Infratech Limited,Engineering & Construction,Industrials,Industrials,False,Cash,1,Stage 4,Stage 4,Stage 4,0.86,Price is below the 30-week trend and below long-term support structure.,Stage 4,0.0,Weak,Volume Normal,Volume Normal (1.04x vs 10W Avg),-37.99,Underperformed Nifty by 37.99% in 3 Months,False,Not Rated,Wide Base; Wide Weekly Base; Loose Structure; Wide Risk; Low Liquidity,55.48,0.0,0.0,4.2,15.0,0.0,False,False,False,False,not_true_leader; setup_not_proper_or_not_tight; risk_not_low; not_confirmed_stage2,watchlist,weekly_watchlist,watchlist,0.0,"Stage 4, Stage 4, weekly_vcp_ok, weekly_strong, flags=Wide Base;Wide Weekly Base;Loose Structure;Wide Risk;Low Liquidity, downtrend",898
AHLUCONT.NS,Ahluwalia Contracts (India) Limited,Engineering & Construction,Industrials,Industrials,False,Cash,1,Stage 4,Stage 4,Stage 4,0.86,Price is below the 30-week trend and below long-term support structure.,Stage 4,0.0,Weak,Volume Drying Up,Volume Normal (1.10x vs 10W Avg),-28.67,Underperformed Nifty by 28.67% in 3 Months,False,Not Rated,Loose Structure; Wide Risk; Low Liquidity,38.7,0.0,0.0,60.2,15.0,0.0,False,False,False,False,not_true_leader; setup_not_proper_or_not_tight; risk_not_low; not_confirmed_stage2,watchlist,weekly_watchlist,watchlist,0.0,"Stage 4, Stage 4, weekly_vcp_ok, volume_dryup, weekly_strong, flags=Loose Structure;Wide Risk;Low Liquidity, downtrend",899
WEBELSOLAR.NS,Websol Energy System Limited,Solar,Technology,Technology,False,Cash,1,Stage 4,Stage 4,Stage 4,0.86,Price is below the 30-week trend and below long-term support structure.,Stage 4,0.0,Weak,Volume Drying Up,Volume Drying Up (0.75x vs 10W Avg),-24.53,Underperformed Nifty by 24.53% in 3 Months,False,Not Rated,Wide Base; Wide Weekly Base; Loose Structure; Wide Risk; Low Liquidity,12.77,4.47,12.5,16.2,35.0,0.0,False,False,False,False,not_true_leader; setup_not_proper_or_not_tight; risk_not_low; not_confirmed_stage2,watchlist,weekly_watchlist,watchlist,0.0,"Stage 4, Stage 4, weekly_vcp_ok, volume_dryup, weekly_volume_dryup, weekly_strong, flags=Wide Base;Wide Weekly Base;Loose Structure;Wide Risk;Low Liquidity, downtrend",900
POLICYBZR.NS,PB Fintech Limited,Financial Services,Financial Services,Financial Services,True,F&O,1,Failed Stage 2,Stage 4,Failed Stage 2,0.72,"This stock was recently Stage 2, but the latest structure no longer satisfies Stage 2 rules. It is kept as Failed Stage 2 until a fresh base/repair structure forms.",Failed Stage 2,0.0,Weak,Volume Expanding,Volume Expanding (8.44x vs 10W Avg),-25.89,Underperformed Nifty by 25.89% in 3 Months,False,Not Rated,Loose Structure; Wide Risk; Circuit Risk; Corporate Action Check; Low Liquidity,45.95,0.0,0.0,42.1,15.0,0.0,False,False,False,False,not_true_leader; setup_not_proper_or_not_tight; risk_not_low; not_confirmed_stage2,watchlist,weekly_watchlist,watchlist,0.0,"Stage 4, Stage 4, weekly_vcp_ok, weekly_strong, flags=Loose Structure;Wide Risk;Circuit Risk;Corporate Action Check;Low Liquidity, downtrend | Stage 2 failed state applied from stage memory.",901
IEX.NS,Indian Energy Exchange Limited,Capital Markets,Financial Services,Financial Services,True,F&O,1,Stage 4,Stage 4,Stage 4,0.86,Price is below the 30-week trend and below long-term support structure.,Stage 4,0.0,Weak,Volume Drying Up,Volume Normal (0.87x vs 10W Avg),-6.69,Underperformed Nifty by 6.69% in 3 Months,False,Not Rated,Wide Risk; Low Liquidity,21.22,3.98,0.0,41.8,15.0,0.0,False,False,False,False,not_true_leader; setup_not_proper_or_not_tight; risk_not_low; not_confirmed_stage2,watchlist,weekly_watchlist,watchlist,0.0,"Stage 4, Stage 4, volume_dryup, weekly_volume_dryup, flags=Wide Risk;Low Liquidity, downtrend",902
SUMICHEM.NS,Sumitomo Chemical India Limited,Agricultural Inputs,Basic Materials,Basic Materials,False,Cash,1,Failed Stage 2,Stage 3,Failed Stage 2,0.72,"This stock was recently Stage 2, but the latest structure no longer satisfies Stage 2 rules. It is kept as Failed Stage 2 until a fresh base/repair structure forms.",Failed Stage 2,0.0,Weak,Volume Drying Up,Volume Drying Up (0.49x vs 10W Avg),-3.48,Underperformed Nifty by 3.48% in 3 Months,False,Not Rated,Loose Structure; Wide Risk; Low Liquidity,23.83,23.27,25.0,22.0,15.0,0.0,False,False,False,False,not_true_leader; setup_not_proper_or_not_tight; risk_not_low; not_confirmed_stage2,watchlist,weekly_watchlist,watchlist,0.0,"Stage 3, Early, volume_dryup, weekly_volume_dryup, flags=Loose Structure;Wide Risk;Low Liquidity, distribution_or_weakening_risk | Stage 2 failed state applied from stage memory.",903
CRIZAC.NS,Crizac Limited,Consumer Defensive,Consumer Defensive,Consumer Defensive,False,Cash,1,Stage 4,Stage 4,Stage 4,0.86,Price is below the 30-week trend and below long-term support structure.,Stage 4,0.0,Weak,Volume Drying Up,Volume Normal (1.15x vs 10W Avg),-7.81,Underperformed Nifty by 7.81% in 3 Months,False,Not Rated,Wide Weekly Base; Wide Risk; Low Liquidity,12.9,17.97,0.0,8.0,35.0,0.0,False,False,False,False,not_true_leader; setup_not_proper_or_not_tight; risk_not_low; not_confirmed_stage2,watchlist,weekly_watchlist,watchlist,0.0,"Stage 4, Stage 4, volume_dryup, flags=Wide Weekly Base;Wide Risk;Low Liquidity, downtrend",904
ADANIENSOL.NS,Adani Energy Solutions Limited,Utilities,Utilities,Utilities,True,F&O,1,Failed Stage 2,Stage 3,Failed Stage 2,0.72,"This stock was recently Stage 2, but the latest structure no longer satisfies Stage 2 rules. It is kept as Failed Stage 2 until a fresh base/repair structure forms.",Failed Stage 2,0.0,Weak,Volume Drying Up,Volume Drying Up (0.59x vs 10W Avg),-12.19,Underperformed Nifty by 12.19% in 3 Months,False,Not Rated,Loose Structure; Wide Risk; Low Liquidity,22.24,20.0,50.0,0.0,15.0,0.0,False,False,False,False,not_true_leader; setup_not_proper_or_not_tight; risk_not_low; not_confirmed_stage2,watchlist,weekly_watchlist,watchlist,0.0,"Stage 3, Late, volume_dryup, weekly_volume_dryup, flags=Loose Structure;Wide Risk;Low Liquidity, distribution_or_weakening_risk | Stage 2 failed state applied from stage memory.",905
BSE.NS,BSE Limited,Financial Services,Financial Services,Financial Services,True,F&O,1,Stage 4,Stage 4,Stage 4,0.66,Price is below weekly structure.,Stage 4,0.0,Weak,Volume Expanding,Volume Expanding (2.60x vs 10W Avg),-11.68,Underperformed Nifty by 11.68% in 3 Months,False,Not Rated,Wide Risk; Low Liquidity,16.39,12.64,25.0,4.0,15.0,0.0,False,False,False,False,not_true_leader; setup_not_proper_or_not_tight; risk_not_low; not_confirmed_stage2,watchlist,weekly_watchlist,watchlist,0.0,"Stage 4, Stage 4, flags=Wide Risk;Low Liquidity, downtrend",906
THERMAX.NS,Thermax Limited,Conglomerates,Industrials,Industrials,False,Cash,1,Stage 4,Stage 4,Stage 4,0.66,Price is below weekly structure.,Stage 4,0.0,Weak,Volume Drying Up,Volume Drying Up (0.70x vs 10W Avg),-21.58,Underperformed Nifty by 21.58% in 3 Months,False,Not Rated,Loose Structure; Wide Risk; Low Liquidity,19.02,13.28,12.5,0.0,15.0,0.0,False,False,False,False,not_true_leader; setup_not_proper_or_not_tight; risk_not_low; not_confirmed_stage2,watchlist,weekly_watchlist,watchlist,0.0,"Stage 4, Stage 4, volume_dryup, weekly_volume_dryup, flags=Loose Structure;Wide Risk;Low Liquidity, downtrend",907
PIIND.NS,PI Industries Limited,Agricultural Inputs,Basic Materials,Basic Materials,True,F&O,1,Stage 4,Stage 4,Stage 4,0.86,Price is below the 30-week trend and below long-term support structure.,Stage 4,0.0,Weak,Volume Drying Up,Volume Drying Up (0.76x vs 10W Avg),-6.58,Underperformed Nifty by 6.58% in 3 Months,False,Not Rated,Wide Risk; Low Liquidity,13.62,4.07,0.0,0.0,35.0,0.0,False,False,False,False,not_true_leader; setup_not_proper_or_not_tight; risk_not_low; not_confirmed_stage2,watchlist,weekly_watchlist,watchlist,0.0,"Stage 4, Stage 4, weekly_volume_dryup, flags=Wide Risk;Low Liquidity, downtrend",908
GODREJIND.NS,Godrej Industries Limited,Conglomerates,Industrials,Industrials,False,Cash,1,Failed Stage 2,Stage 3,Failed Stage 2,0.72,"This stock was recently Stage 2, but the latest structure no longer satisfies Stage 2 rules. It is kept as Failed Stage 2 until a fresh base/repair structure forms.",Failed Stage 2,0.0,Weak,Volume Drying Up,Volume Normal (0.89x vs 10W Avg),-7.24,Underperformed Nifty by 7.24% in 3 Months,False,Not Rated,Loose Structure; Wide Risk; Low Liquidity,17.26,23.49,25.0,22.0,15.0,0.0,False,False,False,False,not_true_leader; setup_not_proper_or_not_tight; risk_not_low; not_confirmed_stage2,watchlist,weekly_watchlist,watchlist,0.0,"Stage 3, Early, volume_dryup, weekly_volume_dryup, flags=Loose Structure;Wide Risk;Low Liquidity, distribution_or_weakening_risk | Stage 2 failed state applied from stage memory.",909
NIACL.NS,The New India Assurance Company Limited,Financial Services,Financial Services,Financial Services,False,Cash,1,Failed Stage 2,Stage 3,Failed Stage 2,0.72,"This stock was recently Stage 2, but the latest structure no longer satisfies Stage 2 rules. It is kept as Failed Stage 2 until a fresh base/repair structure forms.",Failed Stage 2,0.0,Neutral,Volume Drying Up,Volume Drying Up (0.37x vs 10W Avg),-2.69,Underperformed Nifty by 2.69% in 3 Months,False,Not Rated,Loose Structure; Wide Risk; Low Liquidity,34.14,42.58,50.0,0.0,15.0,0.0,False,False,False,False,not_true_leader; setup_not_proper_or_not_tight; risk_not_low; not_confirmed_stage2,watchlist,weekly_watchlist,watchlist,0.0,"Stage 3, Late, weekly_volume_dryup, flags=Loose Structure;Wide Risk;Low Liquidity, distribution_or_weakening_risk | Stage 2 failed state applied from stage memory.",910
CESC.NS,CESC Limited,Utilities,Utilities,Utilities,False,Cash,1,Stage 4,Stage 4,Stage 4,0.86,Price is below the 30-week trend and below long-term support structure.,Stage 4,0.0,Weak,Volume Normal,Volume Normal (1.34x vs 10W Avg),-11.17,Underperformed Nifty by 11.17% in 3 Months,False,Not Rated,Wide Risk; Low Liquidity,20.15,2.46,0.0,25.0,15.0,0.0,False,False,False,False,not_true_leader; setup_not_proper_or_not_tight; risk_not_low; not_confirmed_stage2,watchlist,weekly_watchlist,watchlist,0.0,"Stage 4, Stage 4, flags=Wide Risk;Low Liquidity, downtrend",911
CROMPTON.NS,Crompton Greaves Consumer Electricals Limited,"Furnishings, Fixtures & Appliances",Consumer Cyclical,Consumer Cyclical,True,F&O,1,Stage 4,Stage 4,Stage 4,0.86,Price is below the 30-week trend and below long-term support structure.,Stage 4,0.0,Weak,Volume Drying Up,Volume Drying Up (0.78x vs 10W Avg),-15.65,Underperformed Nifty by 15.65% in 3 Months,False,Not Rated,Wide Risk; Low Liquidity,19.43,2.12,0.0,8.0,15.0,0.0,False,False,False,False,not_true_leader; setup_not_proper_or_not_tight; risk_not_low; not_confirmed_stage2,watchlist,weekly_watchlist,watchlist,0.0,"Stage 4, Stage 4, volume_dryup, weekly_volume_dryup, flags=Wide Risk;Low Liquidity, downtrend",912
CCL.NS,CCL Products (India) Limited,Packaged Foods,Consumer Defensive,Consumer Defensive,False,Cash,1,Failed Stage 2,Stage 4,Failed Stage 2,0.72,"This stock was recently Stage 2, but the latest structure no longer satisfies Stage 2 rules. It is kept as Failed Stage 2 until a fresh base/repair structure forms.",Failed Stage 2,0.0,Weak,Volume Normal,Volume Normal (0.96x vs 10W Avg),-7.98,Underperformed Nifty by 7.98% in 3 Months,False,Not Rated,Wide Risk; Low Liquidity,20.11,4.35,25.0,28.0,15.0,0.0,False,False,False,False,not_true_leader; setup_not_proper_or_not_tight; risk_not_low; not_confirmed_stage2,watchlist,weekly_watchlist,watchlist,0.0,"Stage 4, Stage 4, flags=Wide Risk;Low Liquidity, downtrend | Stage 2 failed state applied from stage memory.",913
EIDPARRY.NS,EID Parry India Limited,Agricultural Inputs,Basic Materials,Basic Materials,False,Cash,1,Stage 4,Stage 4,Stage 4,0.86,Price is below the 30-week trend and below long-term support structure.,Stage 4,0.0,Weak,Volume Drying Up,Volume Drying Up (0.60x vs 10W Avg),-3.79,Underperformed Nifty by 3.79% in 3 Months,False,Not Rated,Wide Risk; Low Liquidity,21.45,6.59,0.0,40.0,15.0,0.0,False,False,False,False,not_true_leader; setup_not_proper_or_not_tight; risk_not_low; not_confirmed_stage2,watchlist,weekly_watchlist,watchlist,0.0,"Stage 4, Stage 4, volume_dryup, weekly_volume_dryup, flags=Wide Risk;Low Liquidity, downtrend",914
AFCONS.NS,Afcons Infrastructure Limited,Engineering & Construction,Industrials,Industrials,False,Cash,1,Stage 4,Stage 4,Stage 4,0.86,Price is below the 30-week trend and below long-term support structure.,Stage 4,0.0,Weak,Volume Drying Up,Volume Drying Up (0.34x vs 10W Avg),-13.79,Underperformed Nifty by 13.79% in 3 Months,False,Not Rated,Wide Risk; Low Liquidity,26.13,0.0,0.0,20.0,15.0,0.0,False,False,False,False,not_true_leader; setup_not_proper_or_not_tight; risk_not_low; not_confirmed_stage2,watchlist,weekly_watchlist,watchlist,0.0,"Stage 4, Stage 4, weekly_volume_dryup, flags=Wide Risk;Low Liquidity, downtrend",915
ZENSARTECH.NS,Zensar Technologies Limited,Information Technology Services,Technology,Technology,False,Cash,1,Stage 4,Stage 4,Stage 4,0.86,Price is below the 30-week trend and below long-term support structure.,Stage 4,0.0,Weak,Volume Drying Up,Volume Drying Up (0.57x vs 10W Avg),-2.74,Underperformed Nifty by 2.74% in 3 Months,False,Not Rated,Wide Risk; Low Liquidity,16.31,7.53,0.0,40.0,15.0,0.0,False,False,False,False,not_true_leader; setup_not_proper_or_not_tight; risk_not_low; not_confirmed_stage2,watchlist,weekly_watchlist,watchlist,0.0,"Stage 4, Stage 4, volume_dryup, weekly_volume_dryup, flags=Wide Risk;Low Liquidity, downtrend",916
AAVAS.NS,Aavas Financiers Limited,Mortgage Finance,Financial Services,Financial Services,False,Cash,1,Stage 4,Stage 4,Stage 4,0.86,Price is below the 30-week trend and below long-term support structure.,Stage 4,0.0,Weak,Volume Drying Up,Volume Drying Up (0.71x vs 10W Avg),-13.15,Underperformed Nifty by 13.15% in 3 Months,False,Not Rated,Wide Risk; Low Liquidity,21.94,14.51,0.0,0.0,15.0,0.0,False,False,False,False,not_true_leader; setup_not_proper_or_not_tight; risk_not_low; not_confirmed_stage2,watchlist,weekly_watchlist,watchlist,0.0,"Stage 4, Stage 4, weekly_volume_dryup, flags=Wide Risk;Low Liquidity, downtrend",917
MMTC.NS,MMTC Limited,Conglomerates,Industrials,Industrials,False,Cash,1,Stage 4,Stage 4,Stage 4,0.66,Price is below weekly structure.,Stage 4,0.0,Weak,Volume Drying Up,Volume Drying Up (0.60x vs 10W Avg),-7.31,Underperformed Nifty by 7.31% in 3 Months,False,Not Rated,Wide Risk; Low Liquidity,17.69,12.67,12.5,30.0,15.0,0.0,False,False,False,False,not_true_leader; setup_not_proper_or_not_tight; risk_not_low; not_confirmed_stage2,watchlist,weekly_watchlist,watchlist,0.0,"Stage 4, Stage 4, volume_dryup, weekly_volume_dryup, flags=Wide Risk;Low Liquidity, downtrend",918
INOXGREEN.NS,Inox Green Energy Services Limited,Utilities - Renewable,Utilities,Utilities,False,Cash,1,Stage 4,Stage 4,Stage 4,0.86,Price is below the 30-week trend and below long-term support structure.,Stage 4,0.0,Weak,Volume Normal,Volume Normal (0.90x vs 10W Avg),-15.27,Underperformed Nifty by 15.27% in 3 Months,False,Not Rated,Wide Risk; Low Liquidity,23.77,17.05,0.0,25.0,15.0,0.0,False,False,False,False,not_true_leader; setup_not_proper_or_not_tight; risk_not_low; not_confirmed_stage2,watchlist,weekly_watchlist,watchlist,0.0,"Stage 4, Stage 4, flags=Wide Risk;Low Liquidity, downtrend",919
TTKPRESTIG.NS,TTK Prestige Limited,"Furnishings, Fixtures & Appliances",Consumer Cyclical,Consumer Cyclical,False,Cash,1,Stage 4,Stage 4,Stage 4,0.86,Price is below the 30-week trend and below long-term support structure.,Stage 4,0.0,Weak,Volume Drying Up,Volume Drying Up (0.37x vs 10W Avg),-9.97,Underperformed Nifty by 9.97% in 3 Months,False,Not Rated,Loose Structure; Wide Risk; Low Liquidity,17.26,17.68,0.0,12.0,15.0,0.0,False,False,False,False,not_true_leader; setup_not_proper_or_not_tight; risk_not_low; not_confirmed_stage2,watchlist,weekly_watchlist,watchlist,0.0,"Stage 4, Stage 4, volume_dryup, weekly_volume_dryup, flags=Loose Structure;Wide Risk;Low Liquidity, downtrend",920
LATENTVIEW.NS,Latent View Analytics Limited,Industrials,Industrials,Industrials,False,Cash,1,Stage 4,Stage 4,Stage 4,0.86,Price is below the 30-week trend and below long-term support structure.,Stage 4,0.0,Weak,Volume Drying Up,Volume Drying Up (0.68x vs 10W Avg),-10.65,Underperformed Nifty by 10.65% in 3 Months,False,Not Rated,Loose Structure; Wide Risk; Low Liquidity,28.0,0.41,0.0,25.0,15.0,0.0,False,False,False,False,not_true_leader; setup_not_proper_or_not_tight; risk_not_low; not_confirmed_stage2,watchlist,weekly_watchlist,watchlist,0.0,"Stage 4, Stage 4, volume_dryup, weekly_volume_dryup, flags=Loose Structure;Wide Risk;Low Liquidity, downtrend",921
GOKEX.NS,Gokaldas Exports Limited,Apparel Manufacturing,Consumer Cyclical,Consumer Cyclical,False,Cash,1,Failed Stage 2,Stage 4,Failed Stage 2,0.72,"This stock was recently Stage 2, but the latest structure no longer satisfies Stage 2 rules. It is kept as Failed Stage 2 until a fresh base/repair structure forms.",Failed Stage 2,0.0,Weak,Volume Normal,Volume Normal (1.41x vs 10W Avg),-12.39,Underperformed Nifty by 12.39% in 3 Months,False,Not Rated,Wide Risk; Low Liquidity,17.15,17.09,0.0,8.0,15.0,0.0,False,False,False,False,not_true_leader; setup_not_proper_or_not_tight; risk_not_low; not_confirmed_stage2,watchlist,weekly_watchlist,watchlist,0.0,"Stage 4, Stage 4, flags=Wide Risk;Low Liquidity, downtrend | Stage 2 failed state applied from stage memory.",922
LUXIND.NS,Lux Industries Limited,Apparel Manufacturing,Consumer Cyclical,Consumer Cyclical,False,Cash,1,Stage 4,Stage 4,Stage 4,0.66,Price is below weekly structure.,Stage 4,0.0,Weak,Volume Drying Up,Volume Drying Up (0.74x vs 10W Avg),-6.72,Underperformed Nifty by 6.72% in 3 Months,False,Not Rated,Wide Risk; Low Liquidity,17.62,7.38,25.0,10.0,15.0,0.0,False,False,False,False,not_true_leader; setup_not_proper_or_not_tight; risk_not_low; not_confirmed_stage2,watchlist,weekly_watchlist,watchlist,0.0,"Stage 4, Stage 4, weekly_volume_dryup, flags=Wide Risk;Low Liquidity, downtrend",923
NACLIND.NS,NACL Industries Limited,Agricultural Inputs,Basic Materials,Basic Materials,False,Cash,1,Stage 4,Stage 4,Stage 4,0.86,Price is below the 30-week trend and below long-term support structure.,Stage 4,0.0,Weak,Volume Drying Up,Volume Drying Up (0.68x vs 10W Avg),-33.79,Underperformed Nifty by 33.79% in 3 Months,False,Not Rated,Wide Base; Loose Structure; Wide Risk; Low Liquidity,30.14,0.16,0.0,0.0,15.0,0.0,False,False,False,False,not_true_leader; setup_not_proper_or_not_tight; risk_not_low; not_confirmed_stage2,watchlist,weekly_watchlist,watchlist,0.0,"Stage 4, Stage 4, weekly_volume_dryup, flags=Wide Base;Loose Structure;Wide Risk;Low Liquidity, downtrend",924
INDOTHAI.NS,Indo Thai Securities Limited,Capital Markets,Financial Services,Financial Services,False,Cash,1,Stage 4,Stage 4,Stage 4,0.86,Price is below the 30-week trend and below long-term support structure.,Stage 4,0.0,Weak,Volume Drying Up,Volume Drying Up (0.42x vs 10W Avg),-79.24,Underperformed Nifty by 79.24% in 3 Months,False,Not Rated,Wide Base; Loose Structure; Wide Risk; Circuit Risk; Low Liquidity,36.36,0.0,0.0,0.0,15.0,0.0,False,False,False,False,not_true_leader; setup_not_proper_or_not_tight; risk_not_low; not_confirmed_stage2,watchlist,weekly_watchlist,watchlist,0.0,"Stage 4, Stage 4, volume_dryup, weekly_volume_dryup, flags=Wide Base;Loose Structure;Wide Risk;Circuit Risk;Low Liquidity, downtrend",925
FLAIR.NS,Flair Writing Industries Limited,Industrials,Industrials,Industrials,False,Cash,1,Stage 4,Stage 4,Stage 4,0.86,Price is below the 30-week trend and below long-term support structure.,Stage 4,0.0,Weak,Volume Drying Up,Volume Drying Up (0.70x vs 10W Avg),-5.18,Underperformed Nifty by 5.18% in 3 Months,False,Not Rated,Wider Risk; Low Liquidity,8.8,5.34,0.0,16.0,58.0,0.0,False,False,False,False,not_true_leader; setup_not_proper_or_not_tight; risk_not_low; not_confirmed_stage2,watchlist,weekly_watchlist,watchlist,0.0,"Stage 4, Stage 4, volume_dryup, weekly_volume_dryup, flags=Wider Risk;Low Liquidity, downtrend",926
RAMKY.NS,Ramky Infrastructure Limited,Engineering & Construction,Industrials,Industrials,False,Cash,1,Stage 4,Stage 4,Stage 4,0.86,Price is below the 30-week trend and below long-term support structure.,Stage 4,0.0,Weak,Volume Expanding,Volume Expanding (2.15x vs 10W Avg),-23.41,Underperformed Nifty by 23.41% in 3 Months,False,Not Rated,Loose Structure; Wide Risk; Low Liquidity,34.55,0.0,0.0,17.0,15.0,0.0,False,False,False,False,not_true_leader; setup_not_proper_or_not_tight; risk_not_low; not_confirmed_stage2,watchlist,weekly_watchlist,watchlist,0.0,"Stage 4, Stage 4, flags=Loose Structure;Wide Risk;Low Liquidity, downtrend",927
PSPPROJECT.NS,PSP Projects Limited,Engineering & Construction,Industrials,Industrials,False,Cash,1,Stage 4,Stage 4,Stage 4,0.86,Price is below the 30-week trend and below long-term support structure.,Stage 4,0.0,Weak,Volume Normal,Volume Normal (0.91x vs 10W Avg),-23.41,Underperformed Nifty by 23.41% in 3 Months,False,Not Rated,Loose Structure; Wide Risk; Low Liquidity,20.59,20.0,12.5,10.0,15.0,0.0,False,False,False,False,not_true_leader; setup_not_proper_or_not_tight; risk_not_low; not_confirmed_stage2,watchlist,weekly_watchlist,watchlist,0.0,"Stage 4, Stage 4, flags=Loose Structure;Wide Risk;Low Liquidity, downtrend",928
KPEL.NS,K.P. Energy Limited,Engineering & Construction,Industrials,Industrials,False,Cash,1,Stage 4,Stage 4,Stage 4,0.86,Price is below the 30-week trend and below long-term support structure.,Stage 4,0.0,Weak,Volume Drying Up,Volume Drying Up (0.82x vs 10W Avg),-26.65,Underperformed Nifty by 26.65% in 3 Months,False,Not Rated,Wide Base; Loose Structure; Wide Risk; Low Liquidity,24.48,0.0,0.0,0.0,15.0,0.0,False,False,False,False,not_true_leader; setup_not_proper_or_not_tight; risk_not_low; not_confirmed_stage2,watchlist,weekly_watchlist,watchlist,0.0,"Stage 4, Stage 4, weekly_volume_dryup, flags=Wide Base;Loose Structure;Wide Risk;Low Liquidity, downtrend",929
NITCO.NS,Nitco Limited,Building Products & Equipment,Industrials,Industrials,False,Cash,1,Failed Stage 2,Stage 4,Failed Stage 2,0.72,"This stock was recently Stage 2, but the latest structure no longer satisfies Stage 2 rules. It is kept as Failed Stage 2 until a fresh base/repair structure forms.",Failed Stage 2,0.0,Weak,Volume Drying Up,Volume Drying Up (0.65x vs 10W Avg),-16.57,Underperformed Nifty by 16.57% in 3 Months,False,Not Rated,Wide Risk; Low Liquidity,24.53,10.49,25.0,12.0,15.0,0.0,False,False,False,False,not_true_leader; setup_not_proper_or_not_tight; risk_not_low; not_confirmed_stage2,watchlist,weekly_watchlist,watchlist,0.0,"Stage 4, Stage 4, volume_dryup, weekly_volume_dryup, flags=Wide Risk;Low Liquidity, downtrend | Stage 2 failed state applied from stage memory.",930
