snapshot_date,ticker,Company Name,Industry,sector,is_fo_stock,fo_category,stage,stage_raw,stage_variant,stage_confidence,stage_reason,stage_state_reason,stage_failed_since,last_stage2_date,stage_pending_raw,combined_bucket,final_combined_score,public_stage_label,structure_score,relative_strength_label,volume_pattern_label,volume_pattern_display,nifty_3m_outperformance_pct,nifty_3m_outperformance_label,volume_dryup_ratio,breakout_volume_ratio,weekly_volume_ratio,volume_is_drying_up,weekly_volume_is_drying_up,technical_status,structure_status
2026-07-12,360ONE.NS,360 ONE WAM LIMITED,Asset Management,Financial Services,True,F&O,Stage 1,Stage 1,Stage 1,0.68,Price is building a base around long-term weekly structure without a confirmed advancing phase.,Initial classification; no prior stage memory available.,,,,watchlist,36.64,Stage 1,34.64,Strong,Volume Expanding,Volume Expanding (1.98x vs 10W Avg),5.72,Outperformed Nifty by 5.72% in 3 Months,1.44,1.97,1.98,False,False,Stage 1 Structure,Stage 1 Structure
2026-07-12,3MINDIA.NS,3M India Limited,Conglomerates,Industrials,False,Cash,Stage 1,Stage 1,Stage 1,0.68,Price is building a base around long-term weekly structure without a confirmed advancing phase.,Initial classification; no prior stage memory available.,,,,watchlist,33.9,Stage 1,31.9,Strong,Volume Normal,Volume Normal (0.86x vs 10W Avg),11.35,Outperformed Nifty by 11.35% in 3 Months,1.29,0.82,0.86,False,True,Stage 1 Structure,Stage 1 Structure
2026-07-12,63MOONS.NS,63 moons technologies limited,Software - Application,Technology,False,Cash,Not Sure,Not Sure,Unclear,0.0,The weekly structure does not meet reliable stage criteria.,Initial classification; no prior stage memory available.,,,,watchlist,29.24,Not Sure - Unclear,24.24,Strong,Volume Expanding,Volume Expanding (2.92x vs 10W Avg),8.5,Outperformed Nifty by 8.5% in 3 Months,1.56,0.81,2.92,False,False,Unclear Structure,Not Rated
2026-07-12,AADHARHFC.NS,Aadhar Housing Finance Limited,Mortgage Finance,Financial Services,False,Cash,Stage 1,Stage 1,Stage 1,0.68,Price is building a base around long-term weekly structure without a confirmed advancing phase.,Initial classification; no prior stage memory available.,,,,watchlist,49.39,Stage 1,47.39,Strong,Volume Normal,Volume Normal (1.01x vs 10W Avg),9.4,Outperformed Nifty by 9.4% in 3 Months,1.29,1.16,1.01,False,False,Stage 1 Structure,Stage 1 Structure
2026-07-12,AARTIDRUGS.NS,Aarti Drugs Limited,Drug Manufacturers - Specialty & Generic,Healthcare,False,Cash,Not Sure,Not Sure,Unclear,0.0,The weekly structure does not meet reliable stage criteria.,Initial classification; no prior stage memory available.,,,,watchlist,49.15,Not Sure - Unclear,39.15,Very Strong,Volume Normal,Volume Normal (1.26x vs 10W Avg),6.81,Outperformed Nifty by 6.81% in 3 Months,1.23,0.49,1.26,False,False,Unclear Structure,Not Rated
2026-07-12,AARTIIND.NS,Aarti Industries Limited,Specialty Chemicals,Basic Materials,False,Cash,Stage 2,Stage 2,Advancing,0.9,Price is above constructive weekly and long-term trend structure with improving relative strength.,Initial classification; no prior stage memory available.,,,,watchlist,58.13,Stage 2 - Advancing,53.13,Strong,Volume Drying Up,Volume Drying Up (0.48x vs 10W Avg),10.32,Outperformed Nifty by 10.32% in 3 Months,0.54,0.81,0.48,True,True,Stage 2 Structure,Stage 2 Structure
2026-07-12,AARTIPHARM.NS,Aarti Pharmalabs Limited,Drug Manufacturers - Specialty & Generic,Healthcare,False,Cash,Not Sure,Not Sure,Unclear,0.0,The weekly structure does not meet reliable stage criteria.,Initial classification; no prior stage memory available.,,,,watchlist,39.49,Not Sure - Unclear,29.49,Strong,Volume Drying Up,Volume Drying Up (0.52x vs 10W Avg),-0.85,Underperformed Nifty by 0.85% in 3 Months,0.78,0.52,0.52,True,True,Unclear Structure,Not Rated
2026-07-12,AAVAS.NS,Aavas Financiers Limited,Mortgage Finance,Financial Services,False,Cash,Not Sure,Not Sure,Unclear,0.0,The weekly structure does not meet reliable stage criteria.,Initial classification; no prior stage memory available.,,,,watchlist,44.47,Not Sure - Unclear,42.47,Very Strong,Volume Drying Up,Volume Drying Up (0.43x vs 10W Avg),16.2,Outperformed Nifty by 16.2% in 3 Months,0.61,0.24,0.43,True,True,Unclear Structure,Not Rated
2026-07-12,ABB.NS,ABB India Limited,Specialty Industrial Machinery,Industrials,True,F&O,Stage 2,Stage 2,Advancing,0.8,Price is above constructive weekly and long-term trend structure with improving relative strength.,Initial classification; no prior stage memory available.,,,,watchlist,55.68,Stage 2 - Advancing,45.68,Neutral,Volume Drying Up,Volume Drying Up (0.54x vs 10W Avg),-1.95,Underperformed Nifty by 1.95% in 3 Months,0.81,0.35,0.54,True,True,Stage 2 Structure,Stage 2 Structure
2026-07-12,ABBOTINDIA.NS,Abbott India Limited,Drug Manufacturers - Specialty & Generic,Healthcare,False,Cash,Not Sure,Not Sure,Unclear,0.0,The weekly structure does not meet reliable stage criteria.,Initial classification; no prior stage memory available.,,,,watchlist,34.51,Not Sure - Unclear,24.51,Strong,Volume Normal,Volume Normal (1.45x vs 10W Avg),2.77,Outperformed Nifty by 2.77% in 3 Months,1.38,1.59,1.45,False,False,Unclear Structure,Not Rated
2026-07-12,ABCAPITAL.NS,Aditya Birla Capital Limited,Financial Services,Financial Services,True,F&O,Stage 2,Stage 2,Advancing,0.9,Price is above constructive weekly and long-term trend structure with improving relative strength.,Initial classification; no prior stage memory available.,,,,watchlist,65.54,Stage 2 - Advancing,65.54,Very Strong,Volume Normal,Volume Normal (0.87x vs 10W Avg),16.98,Outperformed Nifty by 16.98% in 3 Months,1.06,0.75,0.87,False,True,Stage 2 Structure,Stage 2 Structure
2026-07-12,ABDL.NS,Allied Blenders and Distillers Limited,Consumer Defensive,Consumer Defensive,False,Cash,Stage 1,Stage 1,Stage 1,0.68,Price is building a base around long-term weekly structure without a confirmed advancing phase.,Initial classification; no prior stage memory available.,,,,watchlist,16.92,Stage 1,16.92,Very Strong,Volume Expanding,Volume Expanding (3.27x vs 10W Avg),29.08,Outperformed Nifty by 29.08% in 3 Months,1.96,2.75,3.27,False,False,Stage 1 Structure,Stage 1 Structure
2026-07-12,ABFRL.NS,Aditya Birla Fashion and Retail Limited,Apparel Manufacturing,Consumer Cyclical,False,Cash,Stage 4,Stage 4,Stage 4,0.86,Price is below the 30-week trend and below long-term support structure.,Initial classification; no prior stage memory available.,,,,watchlist,0.0,Stage 4,0.0,Weak,Volume Normal,Volume Normal (1.16x vs 10W Avg),-7.77,Underperformed Nifty by 7.77% in 3 Months,1.42,0.93,1.16,False,False,Stage 4 Structure,Stage 4 Structure
2026-07-12,ABREL.NS,Aditya Birla Real Estate Limited,Real Estate Services,Real Estate,False,Cash,Not Sure,Not Sure,Unclear,0.0,The weekly structure does not meet reliable stage criteria.,Initial classification; no prior stage memory available.,,,,watchlist,24.58,Not Sure - Unclear,24.58,Neutral,Volume Drying Up,Volume Drying Up (0.57x vs 10W Avg),0.79,Outperformed Nifty by 0.79% in 3 Months,0.96,0.8,0.57,False,True,Unclear Structure,Not Rated
2026-07-12,ABSLAMC.NS,Aditya Birla Sun Life AMC Limited,Asset Management,Financial Services,False,Cash,Stage 2,Stage 2,Advancing,0.9,Price is above constructive weekly and long-term trend structure with improving relative strength.,Initial classification; no prior stage memory available.,,,,watchlist,45.17,Stage 2 - Advancing,43.17,Strong,Volume Drying Up,Volume Drying Up (0.45x vs 10W Avg),7.62,Outperformed Nifty by 7.62% in 3 Months,0.87,0.45,0.45,False,True,Stage 2 Structure,Stage 2 Structure
2026-07-12,ACC.NS,ACC Limited,Building Materials,Basic Materials,False,Cash,Stage 4,Stage 4,Stage 4,0.86,Price is below the 30-week trend and below long-term support structure.,Initial classification; no prior stage memory available.,,,,watchlist,12.66,Stage 4,12.66,Weak,Volume Drying Up,Volume Drying Up (0.57x vs 10W Avg),-4.52,Underperformed Nifty by 4.52% in 3 Months,0.76,0.72,0.57,True,True,Stage 4 Structure,Stage 4 Structure
2026-07-12,ACE.NS,Action Construction Equipment Limited,Farm & Heavy Construction Machinery,Industrials,False,Cash,Not Sure,Not Sure,Unclear,0.0,The weekly structure does not meet reliable stage criteria.,Initial classification; no prior stage memory available.,,,,watchlist,41.18,Not Sure - Unclear,41.18,Strong,Volume Drying Up,Volume Drying Up (0.55x vs 10W Avg),6.7,Outperformed Nifty by 6.7% in 3 Months,0.68,0.72,0.55,True,True,Unclear Structure,Not Rated
2026-07-12,ACI.NS,Archean Chemical Industries Limited,Chemicals,Basic Materials,False,Cash,Stage 4,Stage 4,Stage 4,0.86,Price is below the 30-week trend and below long-term support structure.,Initial classification; no prior stage memory available.,,,,watchlist,26.74,Stage 4,24.74,Weak,Volume Drying Up,Volume Drying Up (0.37x vs 10W Avg),-14.67,Underperformed Nifty by 14.67% in 3 Months,0.49,0.38,0.37,True,True,Stage 4 Structure,Stage 4 Structure
2026-07-12,ACMESOLAR.NS,Acme Solar Holdings Limited,Utilities - Renewable,Utilities,False,Cash,Stage 2,Stage 2,Extended,0.78,"Weekly advancing structure remains intact, but price is stretched versus key moving averages.",Initial classification; no prior stage memory available.,,,,watchlist,37.06,Stage 2 - Extended,32.06,Very Strong,Volume Drying Up,Volume Drying Up (0.55x vs 10W Avg),30.28,Outperformed Nifty by 30.28% in 3 Months,0.8,0.55,0.55,True,True,Stage 2 Structure,Stage 2 Structure
2026-07-12,ACUTAAS.NS,Acutaas Chemicals Limited,Specialty Chemicals,Basic Materials,False,Cash,Stage 2,Stage 2,Extended,0.78,"Weekly advancing structure remains intact, but price is stretched versus key moving averages.",Initial classification; no prior stage memory available.,,,,watchlist,41.31,Stage 2 - Extended,36.31,Very Strong,Volume Normal,Volume Normal (0.97x vs 10W Avg),46.58,Outperformed Nifty by 46.58% in 3 Months,1.29,0.68,0.97,False,False,Stage 2 Structure,Stage 2 Structure
2026-07-12,ADANIENSOL.NS,Adani Energy Solutions Limited,Utilities,Utilities,True,F&O,Stage 2,Stage 2,Extended,0.78,"Weekly advancing structure remains intact, but price is stretched versus key moving averages.",Initial classification; no prior stage memory available.,,,,watchlist,43.41,Stage 2 - Extended,41.41,Very Strong,Volume Normal,Volume Normal (1.08x vs 10W Avg),39.41,Outperformed Nifty by 39.41% in 3 Months,1.08,0.56,1.08,False,False,Stage 2 Structure,Stage 2 Structure
2026-07-12,ADANIENT.NS,Adani Enterprises Limited,Energy,Energy,True,F&O,Stage 2,Stage 2,Advancing,0.8,Price is above constructive weekly and long-term trend structure with improving relative strength.,Initial classification; no prior stage memory available.,,,,watchlist,42.53,Stage 2 - Advancing,40.53,Very Strong,Volume Normal,Volume Normal (0.88x vs 10W Avg),45.48,Outperformed Nifty by 45.48% in 3 Months,1.0,1.0,0.88,False,True,Stage 2 Structure,Stage 2 Structure
2026-07-12,ADANIGREEN.NS,Adani Green Energy Limited,Utilities - Renewable,Utilities,True,F&O,Stage 2,Stage 2,Advancing,0.9,Price is above constructive weekly and long-term trend structure with improving relative strength.,Initial classification; no prior stage memory available.,,,,watchlist,75.23,Stage 2 - Advancing,70.23,Very Strong,Volume Drying Up,Volume Drying Up (0.57x vs 10W Avg),38.38,Outperformed Nifty by 38.38% in 3 Months,0.73,0.71,0.57,True,True,Stage 2 Structure,Stage 2 Structure
2026-07-12,ADANIPORTS.NS,Adani Ports and Special Economic Zone Limited,Marine Shipping,Industrials,True,F&O,Stage 2,Stage 2,Advancing,0.9,Price is above constructive weekly and long-term trend structure with improving relative strength.,Initial classification; no prior stage memory available.,,,,watchlist,47.85,Stage 2 - Advancing,42.85,Strong,Volume Drying Up,Volume Drying Up (0.53x vs 10W Avg),19.62,Outperformed Nifty by 19.62% in 3 Months,0.8,0.7,0.53,True,True,Stage 2 Structure,Stage 2 Structure
2026-07-12,ADANIPOWER.NS,Adani Power Limited,Utilities,Utilities,True,F&O,Stage 2,Stage 2,Advancing,0.8,Price is above constructive weekly and long-term trend structure with improving relative strength.,Initial classification; no prior stage memory available.,,,,watchlist,36.09,Stage 2 - Advancing,34.09,Strong,Volume Drying Up,Volume Drying Up (0.83x vs 10W Avg),17.28,Outperformed Nifty by 17.28% in 3 Months,0.92,0.84,0.83,False,True,Stage 2 Structure,Stage 2 Structure
2026-07-12,ADFFOODS.NS,ADF Foods Limited,Packaged Foods,Consumer Defensive,False,Cash,Stage 2,Stage 2,Advancing,0.9,Price is above constructive weekly and long-term trend structure with improving relative strength.,Initial classification; no prior stage memory available.,,,,watchlist,36.96,Stage 2 - Advancing,36.96,Very Strong,Volume Drying Up,Volume Drying Up (0.46x vs 10W Avg),63.46,Outperformed Nifty by 63.46% in 3 Months,3.08,0.24,0.46,False,True,Stage 2 Structure,Stage 2 Structure
2026-07-12,ADVENZYMES.NS,Advanced Enzyme Technologies Limited,Specialty Chemicals,Basic Materials,False,Cash,Stage 2,Stage 2,Advancing,0.8,Price is above constructive weekly and long-term trend structure with improving relative strength.,Initial classification; no prior stage memory available.,,,,watchlist,23.02,Stage 2 - Advancing,18.02,Strong,Volume Drying Up,Volume Drying Up (0.42x vs 10W Avg),7.41,Outperformed Nifty by 7.41% in 3 Months,1.62,0.41,0.42,False,True,Stage 2 Structure,Stage 2 Structure
2026-07-12,AEGISLOG.NS,Aegis Logistics Limited,Oil & Gas Refining & Marketing,Energy,False,Cash,Stage 2,Stage 2,Extended,0.78,"Weekly advancing structure remains intact, but price is stretched versus key moving averages.",Initial classification; no prior stage memory available.,,,,watchlist,62.73,Stage 2 - Extended,57.73,Very Strong,Volume Normal,Volume Normal (1.02x vs 10W Avg),88.34,Outperformed Nifty by 88.34% in 3 Months,1.09,0.34,1.02,False,False,Stage 2 Structure,Stage 2 Structure
2026-07-12,AEROFLEX.NS,Aeroflex Industries Limited,Metal Fabrication,Industrials,False,Cash,Stage 2,Stage 2,Extended,0.78,"Weekly advancing structure remains intact, but price is stretched versus key moving averages.",Initial classification; no prior stage memory available.,,,,watchlist,37.56,Stage 2 - Extended,27.56,Strong,Volume Drying Up,Volume Drying Up (0.60x vs 10W Avg),39.13,Outperformed Nifty by 39.13% in 3 Months,0.55,0.72,0.6,True,True,Stage 2 Structure,Stage 2 Structure
2026-07-12,AETHER.NS,Aether Industries Limited,Specialty Chemicals,Basic Materials,False,Cash,Stage 2,Stage 2,Extended,0.78,"Weekly advancing structure remains intact, but price is stretched versus key moving averages.",Initial classification; no prior stage memory available.,,,,watchlist,39.86,Stage 2 - Extended,34.86,Very Strong,Volume Expanding,Volume Expanding (2.16x vs 10W Avg),25.58,Outperformed Nifty by 25.58% in 3 Months,1.32,1.41,2.16,False,False,Stage 2 Structure,Stage 2 Structure
2026-07-12,AFCONS.NS,Afcons Infrastructure Limited,Engineering & Construction,Industrials,False,Cash,Stage 4,Stage 4,Stage 4,0.86,Price is below the 30-week trend and below long-term support structure.,Initial classification; no prior stage memory available.,,,,watchlist,17.8,Stage 4,15.8,Weak,Volume Drying Up,Volume Drying Up (0.23x vs 10W Avg),-12.65,Underperformed Nifty by 12.65% in 3 Months,0.23,0.25,0.23,True,True,Stage 4 Structure,Stage 4 Structure
2026-07-12,AFFLE.NS,Affle 3i Limited,Communication Services,Communication Services,False,Cash,Stage 4,Stage 4,Stage 4,0.86,Price is below the 30-week trend and below long-term support structure.,Initial classification; no prior stage memory available.,,,,watchlist,9.97,Stage 4,9.97,Weak,Volume Drying Up,Volume Drying Up (0.36x vs 10W Avg),2.52,Outperformed Nifty by 2.52% in 3 Months,0.44,1.35,0.36,True,True,Stage 4 Structure,Stage 4 Structure
2026-07-12,AGARWALEYE.NS,Dr. Agarwal's Health Care Limited,Healthcare,Healthcare,False,Cash,Not Sure,Not Sure,Unclear,0.0,The weekly structure does not meet reliable stage criteria.,Initial classification; no prior stage memory available.,,,,watchlist,29.13,Not Sure - Unclear,29.13,Strong,Volume Normal,Volume Normal (1.47x vs 10W Avg),9.34,Outperformed Nifty by 9.34% in 3 Months,0.95,1.03,1.47,False,False,Unclear Structure,Not Rated
2026-07-12,AGI.NS,AGI Greenpac Limited,Consumer Cyclical,Consumer Cyclical,False,Cash,Not Sure,Not Sure,Unclear,0.0,The weekly structure does not meet reliable stage criteria.,Initial classification; no prior stage memory available.,,,,watchlist,28.84,Not Sure - Unclear,28.84,Strong,Volume Drying Up,Volume Drying Up (0.12x vs 10W Avg),24.35,Outperformed Nifty by 24.35% in 3 Months,0.47,0.51,0.12,True,True,Unclear Structure,Not Rated
2026-07-12,AGIIL.NS,Agi Infra Limited,Real Estate,Real Estate,False,Cash,Stage 3,Stage 3,Late,0.76,"Prior strength has shifted into a Stage 3 transition based on trend, relative strength, and volume evidence.",Initial classification; no prior stage memory available.,,,,watchlist,4.82,Stage 3 Late,2.82,Weak,Volume Expanding,Volume Normal (1.14x vs 10W Avg),-9.56,Underperformed Nifty by 9.56% in 3 Months,0.98,2.67,1.14,False,False,Stage 3 Structure,Stage 3 Structure
2026-07-12,AHLUCONT.NS,Ahluwalia Contracts (India) Limited,Engineering & Construction,Industrials,False,Cash,Not Sure,Not Sure,Unclear,0.0,The weekly structure does not meet reliable stage criteria.,Initial classification; no prior stage memory available.,,,,watchlist,33.38,Not Sure - Unclear,31.38,Strong,Volume Drying Up,Volume Drying Up (0.80x vs 10W Avg),1.32,Outperformed Nifty by 1.32% in 3 Months,0.78,0.49,0.8,True,True,Unclear Structure,Not Rated
2026-07-12,AIAENG.NS,AIA Engineering Limited,Specialty Industrial Machinery,Industrials,False,Cash,Stage 2,Stage 2,Advancing,0.9,Price is above constructive weekly and long-term trend structure with improving relative strength.,Initial classification; no prior stage memory available.,,,,watchlist,63.59,Stage 2 - Advancing,53.59,Very Strong,Volume Normal,Volume Normal (0.89x vs 10W Avg),20.56,Outperformed Nifty by 20.56% in 3 Months,1.11,0.83,0.89,False,True,Stage 2 Structure,Stage 2 Structure
2026-07-12,AIIL.NS,Authum Investment & Infrastructure Limited,Capital Markets,Financial Services,False,Cash,Not Sure,Not Sure,Unclear,0.0,The weekly structure does not meet reliable stage criteria.,Initial classification; no prior stage memory available.,,,,watchlist,22.2,Not Sure - Unclear,22.2,Neutral,Volume Drying Up,Volume Drying Up (0.12x vs 10W Avg),13.6,Outperformed Nifty by 13.6% in 3 Months,0.21,0.05,0.12,True,True,Unclear Structure,Not Rated
2026-07-12,AJANTPHARM.NS,Ajanta Pharma Limited,Drug Manufacturers - Specialty & Generic,Healthcare,False,Cash,Stage 2,Stage 2,Advancing,0.9,Price is above constructive weekly and long-term trend structure with improving relative strength.,Initial classification; no prior stage memory available.,,,,watchlist,50.33,Stage 2 - Advancing,40.33,Very Strong,Volume Drying Up,Volume Drying Up (0.65x vs 10W Avg),14.33,Outperformed Nifty by 14.33% in 3 Months,1.24,0.38,0.65,False,True,Stage 2 Structure,Stage 2 Structure
2026-07-12,AJAXENGG.NS,Ajax Engineering Limited,Farm & Heavy Construction Machinery,Industrials,False,Cash,Not Sure,Not Sure,Unclear,0.0,The weekly structure does not meet reliable stage criteria.,Initial classification; no prior stage memory available.,,,,watchlist,7.51,Not Sure - Unclear,7.51,Neutral,Volume Drying Up,Volume Drying Up (0.57x vs 10W Avg),14.65,Outperformed Nifty by 14.65% in 3 Months,0.57,1.0,0.57,True,True,Unclear Structure,Not Rated
2026-07-12,AKUMS.NS,Akums Drugs and Pharmaceuticals Limited,Drug Manufacturers - Specialty & Generic,Healthcare,False,Cash,Stage 2,Stage 2,Extended,0.78,"Weekly advancing structure remains intact, but price is stretched versus key moving averages.",Initial classification; no prior stage memory available.,,,,watchlist,64.6,Stage 2 - Extended,54.6,Very Strong,Volume Expanding,Volume Expanding (2.18x vs 10W Avg),32.67,Outperformed Nifty by 32.67% in 3 Months,1.23,2.35,2.18,False,False,Stage 2 Structure,Stage 2 Structure
2026-07-12,ALIVUS.NS,Alivus Life Sciences Limited,Drug Manufacturers - Specialty & Generic,Healthcare,False,Cash,Stage 2,Stage 2,Advancing,0.9,Price is above constructive weekly and long-term trend structure with improving relative strength.,Initial classification; no prior stage memory available.,,,,watchlist,54.58,Stage 2 - Advancing,44.58,Very Strong,Volume Drying Up,Volume Drying Up (0.69x vs 10W Avg),7.12,Outperformed Nifty by 7.12% in 3 Months,1.23,0.74,0.69,False,True,Stage 2 Structure,Stage 2 Structure
2026-07-12,ALKEM.NS,Alkem Laboratories Limited,Drug Manufacturers - Specialty & Generic,Healthcare,True,F&O,Stage 1,Stage 1,Stage 1,0.68,Price is building a base around long-term weekly structure without a confirmed advancing phase.,Initial classification; no prior stage memory available.,,,,watchlist,44.26,Stage 1,34.26,Very Strong,Volume Drying Up,Volume Drying Up (0.74x vs 10W Avg),-0.13,Underperformed Nifty by 0.13% in 3 Months,1.32,0.54,0.74,False,True,Stage 1 Structure,Stage 1 Structure
2026-07-12,ALKYLAMINE.NS,Alkyl Amines Chemicals Limited,Specialty Chemicals,Basic Materials,False,Cash,Stage 1,Stage 1,Stage 1,0.68,Price is building a base around long-term weekly structure without a confirmed advancing phase.,Initial classification; no prior stage memory available.,,,,watchlist,31.7,Stage 1,26.7,Very Strong,Volume Drying Up,Volume Normal (1.28x vs 10W Avg),38.22,Outperformed Nifty by 38.22% in 3 Months,0.74,0.83,1.28,True,False,Stage 1 Structure,Stage 1 Structure
2026-07-12,AMBER.NS,Amber Enterprises India Limited,"Furnishings, Fixtures & Appliances",Consumer Cyclical,True,F&O,Stage 2,Stage 2,Advancing,0.8,Price is above constructive weekly and long-term trend structure with improving relative strength.,Initial classification; no prior stage memory available.,,,,watchlist,36.39,Stage 2 - Advancing,36.39,Neutral,Volume Drying Up,Volume Drying Up (0.68x vs 10W Avg),1.81,Outperformed Nifty by 1.81% in 3 Months,0.58,0.85,0.68,True,True,Stage 2 Structure,Stage 2 Structure
2026-07-12,AMBUJACEM.NS,Ambuja Cements Limited,Building Materials,Basic Materials,True,F&O,Stage 4,Stage 4,Stage 4,0.86,Price is below the 30-week trend and below long-term support structure.,Initial classification; no prior stage memory available.,,,,watchlist,17.0,Stage 4,17.0,Weak,Volume Drying Up,Volume Drying Up (0.55x vs 10W Avg),-5.21,Underperformed Nifty by 5.21% in 3 Months,0.89,0.62,0.55,False,True,Stage 4 Structure,Stage 4 Structure
2026-07-12,ANANDRATHI.NS,Anand Rathi Wealth Limited,Asset Management,Financial Services,False,Cash,Stage 2,Stage 2,Extended,0.78,"Weekly advancing structure remains intact, but price is stretched versus key moving averages.",Initial classification; no prior stage memory available.,,,,watchlist,45.27,Stage 2 - Extended,43.27,Very Strong,Volume Expanding,Volume Normal (1.07x vs 10W Avg),15.9,Outperformed Nifty by 15.9% in 3 Months,1.11,2.14,1.07,False,False,Stage 2 Structure,Stage 2 Structure
2026-07-12,ANANTRAJ.NS,Anant Raj Limited,Real Estate,Real Estate,False,Cash,Not Sure,Not Sure,Unclear,0.0,The weekly structure does not meet reliable stage criteria.,Initial classification; no prior stage memory available.,,,,watchlist,32.84,Not Sure - Unclear,30.84,Strong,Volume Expanding,Volume Expanding (1.50x vs 10W Avg),14.57,Outperformed Nifty by 14.57% in 3 Months,1.05,1.44,1.5,False,False,Unclear Structure,Not Rated
2026-07-12,ANGELONE.NS,Angel One Limited,Capital Markets,Financial Services,True,F&O,Stage 2,Stage 2,Advancing,0.9,Price is above constructive weekly and long-term trend structure with improving relative strength.,Initial classification; no prior stage memory available.,,,,watchlist,41.75,Stage 2 - Advancing,41.75,Very Strong,Volume Normal,Volume Normal (1.00x vs 10W Avg),14.4,Outperformed Nifty by 14.4% in 3 Months,0.94,0.63,1.0,False,False,Stage 2 Structure,Stage 2 Structure
2026-07-12,ANUP.NS,The Anup Engineering Limited,Specialty Industrial Machinery,Industrials,False,Cash,Not Sure,Not Sure,Unclear,0.0,The weekly structure does not meet reliable stage criteria.,Initial classification; no prior stage memory available.,,,,watchlist,45.45,Not Sure - Unclear,35.45,Strong,Volume Drying Up,Volume Drying Up (0.55x vs 10W Avg),10.46,Outperformed Nifty by 10.46% in 3 Months,0.7,0.33,0.55,True,True,Unclear Structure,Not Rated
2026-07-12,ANURAS.NS,Anupam Rasayan India Limited,Specialty Chemicals,Basic Materials,False,Cash,Stage 1,Stage 1,Stage 1,0.64,Price is building a base around long-term weekly structure without a confirmed advancing phase.,Initial classification; no prior stage memory available.,,,,watchlist,28.31,Stage 1,23.31,Weak,Volume Normal,Volume Normal (0.90x vs 10W Avg),-2.37,Underperformed Nifty by 2.37% in 3 Months,0.87,0.99,0.9,False,True,Stage 1 Structure,Stage 1 Structure
2026-07-12,APARINDS.NS,Apar Industries Limited,Electrical Equipment & Parts,Industrials,False,Cash,Stage 2,Stage 2,Advancing,0.9,Price is above constructive weekly and long-term trend structure with improving relative strength.,Initial classification; no prior stage memory available.,,,,watchlist,38.65,Stage 2 - Advancing,28.65,Strong,Volume Drying Up,Volume Drying Up (0.78x vs 10W Avg),23.62,Outperformed Nifty by 23.62% in 3 Months,1.26,0.27,0.78,False,True,Stage 2 Structure,Stage 2 Structure
2026-07-12,APCOTEXIND.NS,Apcotex Industries Limited,Specialty Chemicals,Basic Materials,False,Cash,Stage 2,Stage 2,Advancing,0.9,Price is above constructive weekly and long-term trend structure with improving relative strength.,Initial classification; no prior stage memory available.,,,,watchlist,49.54,Stage 2 - Advancing,44.54,Strong,Volume Drying Up,Volume Drying Up (0.37x vs 10W Avg),32.3,Outperformed Nifty by 32.3% in 3 Months,0.39,0.26,0.37,True,True,Stage 2 Structure,Stage 2 Structure
2026-07-12,APLAPOLLO.NS,APL Apollo Tubes Limited,Steel,Basic Materials,True,F&O,Stage 4,Stage 4,Stage 4,0.66,Price is below weekly structure.,Initial classification; no prior stage memory available.,,,,watchlist,28.34,Stage 4,23.34,Weak,Volume Normal,Volume Normal (0.90x vs 10W Avg),-11.89,Underperformed Nifty by 11.89% in 3 Months,1.04,0.77,0.9,False,True,Stage 4 Structure,Stage 4 Structure
2026-07-12,APLLTD.NS,Alembic Pharmaceuticals Limited,Drug Manufacturers - Specialty & Generic,Healthcare,False,Cash,Not Sure,Not Sure,Unclear,0.0,The weekly structure does not meet reliable stage criteria.,Initial classification; no prior stage memory available.,,,,watchlist,49.43,Not Sure - Unclear,39.43,Very Strong,Volume Drying Up,Volume Drying Up (0.73x vs 10W Avg),12.15,Outperformed Nifty by 12.15% in 3 Months,1.23,0.62,0.73,False,True,Unclear Structure,Not Rated
2026-07-12,APOLLO.NS,Apollo Micro Systems Limited,Aerospace & Defense,Industrials,False,Cash,Stage 2,Stage 2,Extended,0.78,"Weekly advancing structure remains intact, but price is stretched versus key moving averages.",Initial classification; no prior stage memory available.,,,,watchlist,59.34,Stage 2 - Extended,49.34,Very Strong,Volume Normal,Volume Normal (0.90x vs 10W Avg),71.73,Outperformed Nifty by 71.73% in 3 Months,0.88,0.83,0.9,False,False,Stage 2 Structure,Stage 2 Structure
2026-07-12,APOLLOHOSP.NS,Apollo Hospitals Enterprise Limited,Medical Care Facilities,Healthcare,True,F&O,Stage 2,Stage 2,Advancing,0.9,Price is above constructive weekly and long-term trend structure with improving relative strength.,Initial classification; no prior stage memory available.,,,,watchlist,74.25,Stage 2 - Advancing,69.25,Very Strong,Volume Drying Up,Volume Drying Up (0.78x vs 10W Avg),13.87,Outperformed Nifty by 13.87% in 3 Months,0.78,0.72,0.78,True,True,Stage 2 Structure,Stage 2 Structure
2026-07-12,APOLLOTYRE.NS,Apollo Tyres Limited,Auto Parts,Consumer Cyclical,False,Cash,Stage 4,Stage 4,Stage 4,0.66,Price is below weekly structure.,Initial classification; no prior stage memory available.,,,,watchlist,35.75,Stage 4,33.75,Neutral,Volume Drying Up,Volume Drying Up (0.53x vs 10W Avg),-1.59,Underperformed Nifty by 1.59% in 3 Months,0.74,0.43,0.53,True,True,Stage 4 Structure,Stage 4 Structure
2026-07-12,APTUS.NS,Aptus Value Housing Finance India Limited,Mortgage Finance,Financial Services,False,Cash,Not Sure,Not Sure,Unclear,0.0,The weekly structure does not meet reliable stage criteria.,Initial classification; no prior stage memory available.,,,,watchlist,41.58,Not Sure - Unclear,39.58,Strong,Volume Drying Up,Volume Drying Up (0.46x vs 10W Avg),22.37,Outperformed Nifty by 22.37% in 3 Months,0.87,0.24,0.46,False,True,Unclear Structure,Not Rated
2026-07-12,ARE&M.NS,Amara Raja Energy & Mobility Limited,Electrical Equipment & Parts,Industrials,False,Cash,Not Sure,Not Sure,Unclear,0.0,The weekly structure does not meet reliable stage criteria.,Initial classification; no prior stage memory available.,,,,watchlist,51.46,Not Sure - Unclear,41.46,Strong,Volume Expanding,Volume Normal (1.20x vs 10W Avg),15.85,Outperformed Nifty by 15.85% in 3 Months,0.97,2.82,1.2,False,False,Unclear Structure,Not Rated
2026-07-12,ARVIND.NS,Arvind Limited,Textile Manufacturing,Consumer Cyclical,False,Cash,Stage 2,Stage 2,Advancing,0.9,Price is above constructive weekly and long-term trend structure with improving relative strength.,Initial classification; no prior stage memory available.,,,,watchlist,64.02,Stage 2 - Advancing,54.02,Very Strong,Volume Drying Up,Volume Drying Up (0.67x vs 10W Avg),33.7,Outperformed Nifty by 33.7% in 3 Months,1.02,0.58,0.67,False,True,Stage 2 Structure,Stage 2 Structure
2026-07-12,ARVINDFASN.NS,Arvind Fashions Limited,Apparel Manufacturing,Consumer Cyclical,False,Cash,Not Sure,Not Sure,Unclear,0.0,The weekly structure does not meet reliable stage criteria.,Initial classification; no prior stage memory available.,,,,watchlist,22.97,Not Sure - Unclear,22.97,Weak,Volume Drying Up,Volume Drying Up (0.81x vs 10W Avg),-5.36,Underperformed Nifty by 5.36% in 3 Months,0.76,0.86,0.81,True,True,Unclear Structure,Not Rated
2026-07-12,ARVSMART.NS,Arvind SmartSpaces Limited,Real Estate,Real Estate,False,Cash,Stage 1,Stage 1,Stage 1,0.68,Price is building a base around long-term weekly structure without a confirmed advancing phase.,Initial classification; no prior stage memory available.,,,,watchlist,41.46,Stage 1,39.46,Strong,Volume Drying Up,Volume Drying Up (0.19x vs 10W Avg),2.52,Outperformed Nifty by 2.52% in 3 Months,0.19,0.12,0.19,True,True,Stage 1 Structure,Stage 1 Structure
2026-07-12,ASAHIINDIA.NS,Asahi India Glass Limited,Auto Parts,Consumer Cyclical,False,Cash,Not Sure,Not Sure,Unclear,0.0,The weekly structure does not meet reliable stage criteria.,Initial classification; no prior stage memory available.,,,,watchlist,32.8,Not Sure - Unclear,30.8,Strong,Volume Expanding,Volume Normal (1.14x vs 10W Avg),5.79,Outperformed Nifty by 5.79% in 3 Months,1.66,3.33,1.14,False,False,Unclear Structure,Not Rated
2026-07-12,ASHAPURMIN.NS,Ashapura Minechem Limited,Basic Materials,Basic Materials,False,Cash,Stage 1,Stage 1,Stage 1,0.64,Price is building a base around long-term weekly structure without a confirmed advancing phase.,Initial classification; no prior stage memory available.,,,,watchlist,6.55,Stage 1,6.55,Neutral,Volume Drying Up,Volume Drying Up (0.35x vs 10W Avg),17.45,Outperformed Nifty by 17.45% in 3 Months,0.43,0.3,0.35,True,True,Stage 1 Structure,Stage 1 Structure
2026-07-12,ASHIANA.NS,Ashiana Housing Limited,Real Estate,Real Estate,False,Cash,Stage 2,Stage 2,Advancing,0.9,Price is above constructive weekly and long-term trend structure with improving relative strength.,Initial classification; no prior stage memory available.,,,,building_setup,65.28,Stage 2 - Advancing,63.28,Strong,Volume Drying Up,Volume Drying Up (0.46x vs 10W Avg),12.51,Outperformed Nifty by 12.51% in 3 Months,0.81,0.57,0.46,True,True,Stage 2 Structure,Improving Structure Quality
2026-07-12,ASHOKA.NS,Ashoka Buildcon Limited,Engineering & Construction,Industrials,False,Cash,Stage 4,Stage 4,Stage 4,0.86,Price is below the 30-week trend and below long-term support structure.,Initial classification; no prior stage memory available.,,,,watchlist,9.11,Stage 4,7.11,Weak,Volume Drying Up,Volume Drying Up (0.39x vs 10W Avg),-4.75,Underperformed Nifty by 4.75% in 3 Months,0.48,0.45,0.39,True,True,Stage 4 Structure,Stage 4 Structure
2026-07-12,ASHOKLEY.NS,Ashok Leyland Limited,Farm & Heavy Construction Machinery,Industrials,True,F&O,Stage 4,Stage 4,Stage 4,0.66,Price is below weekly structure.,Initial classification; no prior stage memory available.,,,,watchlist,15.03,Stage 4,15.03,Weak,Volume Drying Up,Volume Drying Up (0.63x vs 10W Avg),-10.54,Underperformed Nifty by 10.54% in 3 Months,0.96,0.57,0.63,False,True,Stage 4 Structure,Stage 4 Structure
2026-07-12,ASIANPAINT.NS,Asian Paints Limited,Specialty Chemicals,Basic Materials,True,F&O,Stage 2,Stage 2,Advancing,0.8,Price is above constructive weekly and long-term trend structure with improving relative strength.,Initial classification; no prior stage memory available.,,,,watchlist,54.62,Stage 2 - Advancing,49.62,Neutral,Volume Drying Up,Volume Drying Up (0.71x vs 10W Avg),9.65,Outperformed Nifty by 9.65% in 3 Months,1.11,0.68,0.71,False,True,Stage 2 Structure,Stage 2 Structure
2026-07-12,ASKAUTOLTD.NS,ASK Automotive Limited,Auto Parts,Consumer Cyclical,False,Cash,Stage 1,Stage 1,Stage 1,0.68,Price is building a base around long-term weekly structure without a confirmed advancing phase.,Initial classification; no prior stage memory available.,,,,watchlist,36.48,Stage 1,34.48,Very Strong,Volume Expanding,Volume Expanding (2.93x vs 10W Avg),5.39,Outperformed Nifty by 5.39% in 3 Months,1.8,2.55,2.93,False,False,Stage 1 Structure,Stage 1 Structure
2026-07-12,ASTERDM.NS,Aster DM Healthcare Limited,Medical Care Facilities,Healthcare,False,Cash,Stage 2,Stage 2,Advancing,0.9,Price is above constructive weekly and long-term trend structure with improving relative strength.,Initial classification; no prior stage memory available.,,,,watchlist,63.51,Stage 2 - Advancing,58.51,Very Strong,Volume Drying Up,Volume Drying Up (0.56x vs 10W Avg),16.62,Outperformed Nifty by 16.62% in 3 Months,0.63,0.53,0.56,True,True,Stage 2 Structure,Stage 2 Structure
2026-07-12,ASTRAL.NS,Astral Limited,Building Products & Equipment,Industrials,True,F&O,Stage 4,Stage 4,Stage 4,0.66,Price is below weekly structure.,Initial classification; no prior stage memory available.,,,,watchlist,2.0,Stage 4,0.0,Weak,Volume Normal,Volume Normal (0.86x vs 10W Avg),-20.04,Underperformed Nifty by 20.04% in 3 Months,1.53,0.7,0.86,False,True,Stage 4 Structure,Stage 4 Structure
2026-07-12,ASTRAMICRO.NS,Astra Microwave Products Limited,Communication Equipment,Technology,False,Cash,Stage 2,Stage 2,Extended,0.78,"Weekly advancing structure remains intact, but price is stretched versus key moving averages.",Initial classification; no prior stage memory available.,,,,watchlist,48.63,Stage 2 - Extended,38.63,Very Strong,Volume Drying Up,Volume Drying Up (0.50x vs 10W Avg),72.88,Outperformed Nifty by 72.88% in 3 Months,0.65,0.43,0.5,True,True,Stage 2 Structure,Stage 2 Structure
2026-07-12,ASTRAZEN.NS,AstraZeneca Pharma India Limited,Drug Manufacturers - Specialty & Generic,Healthcare,False,Cash,Stage 4,Stage 4,Stage 4,0.66,Price is below weekly structure.,Initial classification; no prior stage memory available.,,,,watchlist,32.06,Stage 4,22.06,Weak,Volume Drying Up,Volume Drying Up (0.44x vs 10W Avg),-6.87,Underperformed Nifty by 6.87% in 3 Months,1.08,0.78,0.44,False,True,Stage 4 Structure,Stage 4 Structure
2026-07-12,ATGL.NS,Adani Total Gas Limited,Utilities,Utilities,False,Cash,Stage 2,Stage 2,Advancing,0.8,Price is above constructive weekly and long-term trend structure with improving relative strength.,Initial classification; no prior stage memory available.,,,,watchlist,56.58,Stage 2 - Advancing,54.58,Very Strong,Volume Drying Up,Volume Drying Up (0.38x vs 10W Avg),21.74,Outperformed Nifty by 21.74% in 3 Months,0.37,1.09,0.38,True,True,Stage 2 Structure,Stage 2 Structure
2026-07-12,ATUL.NS,Atul Limited,Specialty Chemicals,Basic Materials,False,Cash,Stage 3,Stage 3,Early,0.68,"Prior strength has shifted into a Stage 3 transition based on trend, relative strength, and volume evidence.",Initial classification; no prior stage memory available.,,,,watchlist,10.31,Stage 3 Early,5.31,Weak,Volume Expanding,Volume Normal (1.34x vs 10W Avg),-6.6,Underperformed Nifty by 6.6% in 3 Months,1.2,3.58,1.34,False,False,Stage 3 Structure,Stage 3 Structure
2026-07-12,AUBANK.NS,AU Small Finance Bank Limited,Banks - Regional,Financial Services,True,F&O,Stage 2,Stage 2,Advancing,0.9,Price is above constructive weekly and long-term trend structure with improving relative strength.,Initial classification; no prior stage memory available.,,,,watchlist,68.27,Stage 2 - Advancing,66.27,Strong,Volume Normal,Volume Normal (1.05x vs 10W Avg),7.46,Outperformed Nifty by 7.46% in 3 Months,1.44,0.69,1.05,False,False,Stage 2 Structure,Stage 2 Structure
2026-07-12,AURIONPRO.NS,Aurionpro Solutions Limited,Software - Application,Technology,False,Cash,Stage 4,Stage 4,Stage 4,0.86,Price is below the 30-week trend and below long-term support structure.,Initial classification; no prior stage memory available.,,,,watchlist,14.48,Stage 4,9.48,Weak,Volume Drying Up,Volume Drying Up (0.35x vs 10W Avg),-6.72,Underperformed Nifty by 6.72% in 3 Months,0.43,0.4,0.35,True,True,Stage 4 Structure,Stage 4 Structure
2026-07-12,AUROPHARMA.NS,Aurobindo Pharma Limited,Drug Manufacturers - Specialty & Generic,Healthcare,True,F&O,Stage 2,Stage 2,Advancing,0.9,Price is above constructive weekly and long-term trend structure with improving relative strength.,Initial classification; no prior stage memory available.,,,,watchlist,58.31,Stage 2 - Advancing,48.31,Very Strong,Volume Drying Up,Volume Drying Up (0.65x vs 10W Avg),12.07,Outperformed Nifty by 12.07% in 3 Months,1.14,0.81,0.65,False,True,Stage 2 Structure,Stage 2 Structure
2026-07-12,AUTOAXLES.NS,Automotive Axles Limited,Auto Parts,Consumer Cyclical,False,Cash,Stage 1,Stage 1,Stage 1,0.64,Price is building a base around long-term weekly structure without a confirmed advancing phase.,Initial classification; no prior stage memory available.,,,,watchlist,31.16,Stage 1,29.16,Weak,Volume Drying Up,Volume Drying Up (0.55x vs 10W Avg),0.88,Outperformed Nifty by 0.88% in 3 Months,0.68,1.1,0.55,True,True,Stage 1 Structure,Stage 1 Structure
2026-07-12,AVALON.NS,Avalon Technologies Limited,Electronic Components,Technology,False,Cash,Stage 2,Stage 2,Extended,0.78,"Weekly advancing structure remains intact, but price is stretched versus key moving averages.",Initial classification; no prior stage memory available.,,,,watchlist,57.57,Stage 2 - Extended,47.57,Very Strong,Volume Drying Up,Volume Drying Up (0.79x vs 10W Avg),63.88,Outperformed Nifty by 63.88% in 3 Months,0.7,0.59,0.79,True,True,Stage 2 Structure,Stage 2 Structure
2026-07-12,AVANTEL.NS,Avantel Limited,Communication Equipment,Technology,False,Cash,Stage 2,Stage 2,Advancing,0.8,Price is above constructive weekly and long-term trend structure with improving relative strength.,Initial classification; no prior stage memory available.,,,,watchlist,71.53,Stage 2 - Advancing,61.53,Very Strong,Volume Expanding,Volume Expanding (1.81x vs 10W Avg),15.48,Outperformed Nifty by 15.48% in 3 Months,1.25,1.17,1.81,False,False,Stage 2 Structure,Stage 2 Structure
2026-07-12,AVANTIFEED.NS,Avanti Feeds Limited,Packaged Foods,Consumer Defensive,False,Cash,Stage 4,Stage 4,Stage 4,0.66,Price is below weekly structure.,Initial classification; no prior stage memory available.,,,,watchlist,0.0,Stage 4,0.0,Weak,Volume Drying Up,Volume Drying Up (0.47x vs 10W Avg),-36.65,Underperformed Nifty by 36.65% in 3 Months,0.62,0.34,0.47,True,True,Stage 4 Structure,Stage 4 Structure
2026-07-12,AVL.NS,Aditya Vision Limited,Consumer Cyclical,Consumer Cyclical,False,Cash,Stage 2,Stage 2,Advancing,0.8,Price is above constructive weekly and long-term trend structure with improving relative strength.,Initial classification; no prior stage memory available.,,,,watchlist,59.77,Stage 2 - Advancing,59.77,Very Strong,Volume Drying Up,Volume Drying Up (0.75x vs 10W Avg),22.18,Outperformed Nifty by 22.18% in 3 Months,0.89,0.4,0.75,False,True,Stage 2 Structure,Stage 2 Structure
2026-07-12,AWFIS.NS,Awfis Space Solutions Limited,Industrials,Industrials,False,Cash,Stage 4,Stage 4,Stage 4,0.86,Price is below the 30-week trend and below long-term support structure.,Initial classification; no prior stage memory available.,,,,watchlist,9.07,Stage 4,9.07,Weak,Volume Drying Up,Volume Drying Up (0.74x vs 10W Avg),-18.13,Underperformed Nifty by 18.13% in 3 Months,0.79,2.41,0.74,True,True,Stage 4 Structure,Stage 4 Structure
2026-07-12,AWL.NS,AWL Agri Business Limited,Packaged Foods,Consumer Defensive,False,Cash,Stage 4,Stage 4,Stage 4,0.86,Price is below the 30-week trend and below long-term support structure.,Initial classification; no prior stage memory available.,,,,watchlist,0.38,Stage 4,0.38,Weak,Volume Normal,Volume Normal (0.91x vs 10W Avg),2.75,Outperformed Nifty by 2.75% in 3 Months,1.56,1.35,0.91,False,False,Stage 4 Structure,Stage 4 Structure
2026-07-12,AXISBANK.NS,Axis Bank Limited,Banks - Regional,Financial Services,True,F&O,Stage 2,Stage 2,Advancing,0.9,Price is above constructive weekly and long-term trend structure with improving relative strength.,Initial classification; no prior stage memory available.,,,,building_setup,62.6,Stage 2 - Advancing,60.6,Weak,Volume Drying Up,Volume Drying Up (0.80x vs 10W Avg),-4.09,Underperformed Nifty by 4.09% in 3 Months,0.89,0.52,0.8,False,True,Stage 2 Structure,Improving Structure Quality
2026-07-12,AXISCADES.NS,AXISCADES Technologies Limited,Engineering & Construction,Industrials,False,Cash,Stage 3,Stage 3,Late,0.76,"Prior strength has shifted into a Stage 3 transition based on trend, relative strength, and volume evidence.",Initial classification; no prior stage memory available.,,,,watchlist,2.0,Stage 3 Late,0.0,Weak,Volume Expanding,Volume Expanding (1.74x vs 10W Avg),-8.16,Underperformed Nifty by 8.16% in 3 Months,1.97,0.55,1.74,False,False,Stage 3 Structure,Stage 3 Structure
2026-07-12,AZAD.NS,Azad Engineering Limited,Specialty Industrial Machinery,Industrials,False,Cash,Stage 2,Stage 2,Extended,0.78,"Weekly advancing structure remains intact, but price is stretched versus key moving averages.",Initial classification; no prior stage memory available.,,,,watchlist,58.25,Stage 2 - Extended,48.25,Very Strong,Volume Expanding,Volume Expanding (2.73x vs 10W Avg),33.2,Outperformed Nifty by 33.2% in 3 Months,1.64,1.58,2.73,False,False,Stage 2 Structure,Stage 2 Structure
2026-07-12,BAJAJ-AUTO.NS,Bajaj Auto Limited,Auto Manufacturers,Consumer Cyclical,True,F&O,Stage 2,Stage 2,Advancing,0.8,Price is above constructive weekly and long-term trend structure with improving relative strength.,Initial classification; no prior stage memory available.,,,,watchlist,38.85,Stage 2 - Advancing,38.85,Neutral,Volume Drying Up,Volume Drying Up (0.64x vs 10W Avg),2.58,Outperformed Nifty by 2.58% in 3 Months,0.79,1.02,0.64,True,True,Stage 2 Structure,Stage 2 Structure
2026-07-12,BAJAJCON.NS,Bajaj Consumer Care Limited,Household & Personal Products,Consumer Defensive,False,Cash,Stage 2,Stage 2,Extended,0.78,"Weekly advancing structure remains intact, but price is stretched versus key moving averages.",Initial classification; no prior stage memory available.,,,,watchlist,49.95,Stage 2 - Extended,39.95,Very Strong,Volume Drying Up,Volume Normal (0.97x vs 10W Avg),49.94,Outperformed Nifty by 49.94% in 3 Months,0.78,3.25,0.97,True,False,Stage 2 Structure,Stage 2 Structure
2026-07-12,BAJAJELEC.NS,Bajaj Electricals Limited,"Furnishings, Fixtures & Appliances",Consumer Cyclical,False,Cash,Stage 4,Stage 4,Stage 4,0.86,Price is below the 30-week trend and below long-term support structure.,Initial classification; no prior stage memory available.,,,,watchlist,0.0,Stage 4,0.0,Weak,Volume Drying Up,Volume Normal (0.95x vs 10W Avg),-16.6,Underperformed Nifty by 16.6% in 3 Months,0.7,0.42,0.95,True,False,Stage 4 Structure,Stage 4 Structure
2026-07-12,BAJAJFINSV.NS,Bajaj Finserv Limited,Financial Services,Financial Services,True,F&O,Not Sure,Not Sure,Unclear,0.0,The weekly structure does not meet reliable stage criteria.,Initial classification; no prior stage memory available.,,,,watchlist,27.07,Not Sure - Unclear,27.07,Strong,Volume Normal,Volume Normal (1.21x vs 10W Avg),3.21,Outperformed Nifty by 3.21% in 3 Months,1.39,0.7,1.21,False,False,Unclear Structure,Not Rated
2026-07-12,BAJAJHFL.NS,Bajaj Housing Finance Limited,Mortgage Finance,Financial Services,False,Cash,Not Sure,Not Sure,Unclear,0.0,The weekly structure does not meet reliable stage criteria.,Initial classification; no prior stage memory available.,,,,watchlist,29.24,Not Sure - Unclear,27.24,Neutral,Volume Drying Up,Volume Drying Up (0.82x vs 10W Avg),-2.86,Underperformed Nifty by 2.86% in 3 Months,1.43,0.45,0.82,False,True,Unclear Structure,Not Rated
2026-07-12,BAJAJHLDNG.NS,Bajaj Holdings & Investment Limited,Asset Management,Financial Services,True,F&O,Not Sure,Not Sure,Unclear,0.0,The weekly structure does not meet reliable stage criteria.,Initial classification; no prior stage memory available.,,,,watchlist,37.67,Not Sure - Unclear,35.67,Strong,Volume Normal,Volume Normal (0.89x vs 10W Avg),5.42,Outperformed Nifty by 5.42% in 3 Months,1.14,0.45,0.89,False,True,Unclear Structure,Not Rated
2026-07-12,BAJFINANCE.NS,Bajaj Finance Limited,Credit Services,Financial Services,True,F&O,Not Sure,Not Sure,Unclear,0.0,The weekly structure does not meet reliable stage criteria.,Initial classification; no prior stage memory available.,,,,watchlist,47.78,Not Sure - Unclear,42.78,Strong,Volume Normal,Volume Normal (0.90x vs 10W Avg),10.63,Outperformed Nifty by 10.63% in 3 Months,1.09,0.66,0.9,False,True,Unclear Structure,Not Rated
2026-07-12,BALAMINES.NS,Balaji Amines Limited,Specialty Chemicals,Basic Materials,False,Cash,Stage 2,Stage 2,Extended,0.78,"Weekly advancing structure remains intact, but price is stretched versus key moving averages.",Initial classification; no prior stage memory available.,,,,watchlist,51.55,Stage 2 - Extended,46.55,Very Strong,Volume Expanding,Volume Expanding (1.51x vs 10W Avg),112.81,Outperformed Nifty by 112.81% in 3 Months,0.97,0.83,1.51,False,False,Stage 2 Structure,Stage 2 Structure
2026-07-12,BALKRISIND.NS,Balkrishna Industries Limited,Auto Parts,Consumer Cyclical,False,Cash,Stage 1,Stage 1,Stage 1,0.64,Price is building a base around long-term weekly structure without a confirmed advancing phase.,Initial classification; no prior stage memory available.,,,,watchlist,10.32,Stage 1,8.32,Weak,Volume Drying Up,Volume Normal (1.19x vs 10W Avg),-0.98,Underperformed Nifty by 0.98% in 3 Months,0.79,1.0,1.19,True,False,Stage 1 Structure,Stage 1 Structure
2026-07-12,BALMLAWRIE.NS,Balmer Lawrie & Company Limited,Conglomerates,Industrials,False,Cash,Stage 3,Stage 3,Early,0.68,"Prior strength has shifted into a Stage 3 transition based on trend, relative strength, and volume evidence.",Initial classification; no prior stage memory available.,,,,watchlist,12.17,Stage 3 Early,10.17,Neutral,Volume Drying Up,Volume Drying Up (0.46x vs 10W Avg),2.4,Outperformed Nifty by 2.4% in 3 Months,0.63,0.73,0.46,True,True,Stage 3 Structure,Stage 3 Structure
2026-07-12,BALRAMCHIN.NS,Balrampur Chini Mills Limited,Consumer Defensive,Consumer Defensive,False,Cash,Stage 2,Stage 2,Advancing,0.9,Price is above constructive weekly and long-term trend structure with improving relative strength.,Initial classification; no prior stage memory available.,,,,watchlist,53.97,Stage 2 - Advancing,53.97,Very Strong,Volume Drying Up,Volume Drying Up (0.59x vs 10W Avg),14.99,Outperformed Nifty by 14.99% in 3 Months,0.77,0.39,0.59,True,True,Stage 2 Structure,Stage 2 Structure
2026-07-12,BALUFORGE.NS,Balu Forge Industries Limited,Metal Fabrication,Industrials,False,Cash,Stage 4,Stage 4,Stage 4,0.86,Price is below the 30-week trend and below long-term support structure.,Initial classification; no prior stage memory available.,,,,watchlist,28.69,Stage 4,18.69,Weak,Volume Drying Up,Volume Drying Up (0.60x vs 10W Avg),-3.93,Underperformed Nifty by 3.93% in 3 Months,0.6,0.97,0.6,True,True,Stage 4 Structure,Stage 4 Structure
2026-07-12,BANARISUG.NS,Bannari Amman Sugars Limited,Consumer Defensive,Consumer Defensive,False,Cash,Stage 3,Stage 3,Late,0.76,"Prior strength has shifted into a Stage 3 transition based on trend, relative strength, and volume evidence.",Initial classification; no prior stage memory available.,,,,watchlist,16.25,Stage 3 Late,16.25,Weak,Volume Drying Up,Volume Drying Up (0.37x vs 10W Avg),-5.27,Underperformed Nifty by 5.27% in 3 Months,0.87,0.19,0.37,False,True,Stage 3 Structure,Stage 3 Structure
2026-07-12,BANCOINDIA.NS,Banco Products (I) Limited,Auto Parts,Consumer Cyclical,False,Cash,Not Sure,Not Sure,Unclear,0.0,The weekly structure does not meet reliable stage criteria.,Initial classification; no prior stage memory available.,,,,watchlist,41.62,Not Sure - Unclear,39.62,Strong,Volume Drying Up,Volume Drying Up (0.56x vs 10W Avg),15.99,Outperformed Nifty by 15.99% in 3 Months,0.76,0.64,0.56,True,True,Unclear Structure,Not Rated
2026-07-12,BANDHANBNK.NS,Bandhan Bank Limited,Banks - Regional,Financial Services,True,F&O,Stage 2,Stage 2,Advancing,0.9,Price is above constructive weekly and long-term trend structure with improving relative strength.,Initial classification; no prior stage memory available.,,,,watchlist,60.56,Stage 2 - Advancing,58.56,Very Strong,Volume Expanding,Volume Normal (0.94x vs 10W Avg),19.03,Outperformed Nifty by 19.03% in 3 Months,0.96,2.24,0.94,False,False,Stage 2 Structure,Stage 2 Structure
2026-07-12,BANKBARODA.NS,Bank of Baroda,Banks - Regional,Financial Services,True,F&O,Stage 1,Stage 1,Stage 1,0.64,Price is building a base around long-term weekly structure without a confirmed advancing phase.,Initial classification; no prior stage memory available.,,,,watchlist,24.27,Stage 1,22.27,Weak,Volume Normal,Volume Normal (1.09x vs 10W Avg),-8.98,Underperformed Nifty by 8.98% in 3 Months,1.25,1.23,1.09,False,False,Stage 1 Structure,Stage 1 Structure
2026-07-12,BANKINDIA.NS,Bank of India,Banks - Regional,Financial Services,True,F&O,Stage 1,Stage 1,Stage 1,0.64,Price is building a base around long-term weekly structure without a confirmed advancing phase.,Initial classification; no prior stage memory available.,,,,watchlist,41.64,Stage 1,39.64,Strong,Volume Normal,Volume Normal (1.23x vs 10W Avg),-0.51,Underperformed Nifty by 0.51% in 3 Months,1.05,1.51,1.23,False,False,Stage 1 Structure,Stage 1 Structure
2026-07-12,BANSALWIRE.NS,Bansal Wire Industries Limited,Steel,Basic Materials,False,Cash,Stage 2,Stage 2,Advancing,0.8,Price is above constructive weekly and long-term trend structure with improving relative strength.,Initial classification; no prior stage memory available.,,,,watchlist,29.26,Stage 2 - Advancing,24.26,Strong,Volume Normal,Volume Normal (1.23x vs 10W Avg),6.09,Outperformed Nifty by 6.09% in 3 Months,2.61,0.89,1.23,False,False,Stage 2 Structure,Stage 2 Structure
2026-07-12,BASF.NS,BASF India Limited,Specialty Chemicals,Basic Materials,False,Cash,Stage 4,Stage 4,Stage 4,0.86,Price is below the 30-week trend and below long-term support structure.,Initial classification; no prior stage memory available.,,,,watchlist,20.0,Stage 4,15.0,Weak,Volume Drying Up,Volume Drying Up (0.41x vs 10W Avg),-5.25,Underperformed Nifty by 5.25% in 3 Months,0.46,0.32,0.41,True,True,Stage 4 Structure,Stage 4 Structure
2026-07-12,BATAINDIA.NS,Bata India Limited,Consumer Cyclical,Consumer Cyclical,False,Cash,Stage 4,Stage 4,Stage 4,0.86,Price is below the 30-week trend and below long-term support structure.,Initial classification; no prior stage memory available.,,,,watchlist,14.56,Stage 4,14.56,Weak,Volume Drying Up,Volume Drying Up (0.57x vs 10W Avg),-8.54,Underperformed Nifty by 8.54% in 3 Months,0.48,1.25,0.57,True,True,Stage 4 Structure,Stage 4 Structure
2026-07-12,BAYERCROP.NS,Bayer Cropscience Limited,Agricultural Inputs,Basic Materials,False,Cash,Stage 4,Stage 4,Stage 4,0.86,Price is below the 30-week trend and below long-term support structure.,Initial classification; no prior stage memory available.,,,,watchlist,0.0,Stage 4,0.0,Weak,Volume Expanding,Volume Expanding (2.15x vs 10W Avg),-19.04,Underperformed Nifty by 19.04% in 3 Months,1.62,0.5,2.15,False,False,Stage 4 Structure,Stage 4 Structure
2026-07-12,BBL.NS,Bharat Bijlee Limited,Electrical Equipment & Parts,Industrials,False,Cash,Not Sure,Not Sure,Unclear,0.0,The weekly structure does not meet reliable stage criteria.,Initial classification; no prior stage memory available.,,,,watchlist,37.53,Not Sure - Unclear,27.53,Neutral,Volume Drying Up,Volume Drying Up (0.59x vs 10W Avg),3.42,Outperformed Nifty by 3.42% in 3 Months,0.7,1.72,0.59,True,True,Unclear Structure,Not Rated
2026-07-12,BBOX.NS,Black Box Limited,Software - Application,Technology,False,Cash,Stage 2,Stage 2,Extended,0.78,"Weekly advancing structure remains intact, but price is stretched versus key moving averages.",Initial classification; no prior stage memory available.,,,,watchlist,34.11,Stage 2 - Extended,29.11,Strong,Volume Drying Up,Volume Drying Up (0.20x vs 10W Avg),71.36,Outperformed Nifty by 71.36% in 3 Months,0.33,0.41,0.2,True,True,Stage 2 Structure,Stage 2 Structure
2026-07-12,BBTC.NS,The Bombay Burmah Trading Corporation Limited,Packaged Foods,Consumer Defensive,False,Cash,Stage 4,Stage 4,Stage 4,0.86,Price is below the 30-week trend and below long-term support structure.,Initial classification; no prior stage memory available.,,,,watchlist,13.78,Stage 4,13.78,Weak,Volume Drying Up,Volume Drying Up (0.67x vs 10W Avg),-0.03,Underperformed Nifty by 0.03% in 3 Months,0.61,0.48,0.67,True,True,Stage 4 Structure,Stage 4 Structure
2026-07-12,BDL.NS,Bharat Dynamics Limited,Aerospace & Defense,Industrials,True,F&O,Not Sure,Not Sure,Unclear,0.0,The weekly structure does not meet reliable stage criteria.,Initial classification; no prior stage memory available.,,,,watchlist,29.21,Not Sure - Unclear,19.21,Neutral,Volume Normal,Volume Normal (0.92x vs 10W Avg),-2.67,Underperformed Nifty by 2.67% in 3 Months,0.98,0.51,0.92,False,False,Unclear Structure,Not Rated
2026-07-12,BECTORFOOD.NS,Mrs. Bectors Food Specialities Limited,Packaged Foods,Consumer Defensive,False,Cash,Stage 4,Stage 4,Stage 4,0.86,Price is below the 30-week trend and below long-term support structure.,Initial classification; no prior stage memory available.,,,,watchlist,7.11,Stage 4,7.11,Weak,Volume Expanding,Volume Expanding (2.44x vs 10W Avg),-17.18,Underperformed Nifty by 17.18% in 3 Months,1.48,2.99,2.44,False,False,Stage 4 Structure,Stage 4 Structure
2026-07-12,BEL.NS,Bharat Electronics Limited,Aerospace & Defense,Industrials,True,F&O,Stage 3,Stage 3,Early,0.68,"Prior strength has shifted into a Stage 3 transition based on trend, relative strength, and volume evidence.",Initial classification; no prior stage memory available.,,,,watchlist,18.82,Stage 3 Early,8.82,Weak,Volume Normal,Volume Normal (0.93x vs 10W Avg),-9.14,Underperformed Nifty by 9.14% in 3 Months,1.05,0.72,0.93,False,False,Stage 3 Structure,Stage 3 Structure
2026-07-12,BEML.NS,BEML Limited,Conglomerates,Industrials,False,Cash,Not Sure,Not Sure,Unclear,0.0,The weekly structure does not meet reliable stage criteria.,Initial classification; no prior stage memory available.,,,,watchlist,38.14,Not Sure - Unclear,36.14,Strong,Volume Normal,Volume Normal (0.96x vs 10W Avg),7.15,Outperformed Nifty by 7.15% in 3 Months,1.45,0.9,0.96,False,False,Unclear Structure,Not Rated
2026-07-12,BERGEPAINT.NS,Berger Paints (I) Limited,Specialty Chemicals,Basic Materials,False,Cash,Stage 1,Stage 1,Stage 1,0.64,Price is building a base around long-term weekly structure without a confirmed advancing phase.,Initial classification; no prior stage memory available.,,,,watchlist,29.98,Stage 1,24.98,Neutral,Volume Drying Up,Volume Drying Up (0.40x vs 10W Avg),2.96,Outperformed Nifty by 2.96% in 3 Months,0.58,0.22,0.4,True,True,Stage 1 Structure,Stage 1 Structure
2026-07-12,BHAGCHEM.NS,Bhagiradha Chemicals & Industries Limited,Agricultural Inputs,Basic Materials,False,Cash,Stage 2,Stage 2,Advancing,0.8,Price is above constructive weekly and long-term trend structure with improving relative strength.,Initial classification; no prior stage memory available.,,,,watchlist,49.65,Stage 2 - Advancing,49.65,Very Strong,Volume Expanding,Volume Expanding (1.62x vs 10W Avg),36.04,Outperformed Nifty by 36.04% in 3 Months,1.0,0.84,1.62,False,False,Stage 2 Structure,Stage 2 Structure
2026-07-12,BHARATFORG.NS,Bharat Forge Limited,Auto Parts,Consumer Cyclical,True,F&O,Stage 2,Stage 2,Advancing,0.9,Price is above constructive weekly and long-term trend structure with improving relative strength.,Initial classification; no prior stage memory available.,,,,watchlist,50.49,Stage 2 - Advancing,48.49,Very Strong,Volume Drying Up,Volume Drying Up (0.50x vs 10W Avg),14.12,Outperformed Nifty by 14.12% in 3 Months,1.17,0.37,0.5,False,True,Stage 2 Structure,Stage 2 Structure
2026-07-12,BHARTIARTL.NS,Bharti Airtel Limited,Telecom Services,Communication Services,True,F&O,Not Sure,Not Sure,Unclear,0.0,The weekly structure does not meet reliable stage criteria.,Initial classification; no prior stage memory available.,,,,watchlist,30.9,Not Sure - Unclear,30.9,Strong,Volume Drying Up,Volume Drying Up (0.75x vs 10W Avg),1.67,Outperformed Nifty by 1.67% in 3 Months,0.76,0.78,0.75,True,True,Unclear Structure,Not Rated
2026-07-12,BHARTIHEXA.NS,Bharti Hexacom Limited,Telecom Services,Communication Services,False,Cash,Not Sure,Not Sure,Unclear,0.0,The weekly structure does not meet reliable stage criteria.,Initial classification; no prior stage memory available.,,,,watchlist,36.51,Not Sure - Unclear,36.51,Strong,Volume Expanding,Volume Expanding (1.90x vs 10W Avg),2.33,Outperformed Nifty by 2.33% in 3 Months,2.06,0.67,1.9,False,False,Unclear Structure,Not Rated
2026-07-12,BHEL.NS,Bharat Heavy Electricals Limited,Specialty Industrial Machinery,Industrials,True,F&O,Stage 2,Stage 2,Advancing,0.8,Price is above constructive weekly and long-term trend structure with improving relative strength.,Initial classification; no prior stage memory available.,,,,watchlist,46.51,Stage 2 - Advancing,36.51,Strong,Volume Drying Up,Volume Drying Up (0.81x vs 10W Avg),33.31,Outperformed Nifty by 33.31% in 3 Months,1.12,0.88,0.81,False,True,Stage 2 Structure,Stage 2 Structure
2026-07-12,BIKAJI.NS,Bikaji Foods International Limited,Packaged Foods,Consumer Defensive,False,Cash,Stage 4,Stage 4,Stage 4,0.66,Price is below weekly structure.,Initial classification; no prior stage memory available.,,,,watchlist,12.21,Stage 4,12.21,Weak,Volume Normal,Volume Normal (1.30x vs 10W Avg),-0.95,Underperformed Nifty by 0.95% in 3 Months,1.05,0.17,1.3,False,False,Stage 4 Structure,Stage 4 Structure
2026-07-12,BIOCON.NS,Biocon Limited,Biotechnology,Healthcare,True,F&O,Stage 1,Stage 1,Stage 1,0.68,Price is building a base around long-term weekly structure without a confirmed advancing phase.,Initial classification; no prior stage memory available.,,,,watchlist,49.37,Stage 1,44.37,Strong,Volume Normal,Volume Normal (0.97x vs 10W Avg),17.78,Outperformed Nifty by 17.78% in 3 Months,1.04,1.23,0.97,False,False,Stage 1 Structure,Stage 1 Structure
2026-07-12,BIRLACORPN.NS,Birla Corporation Limited,Building Materials,Basic Materials,False,Cash,Stage 4,Stage 4,Stage 4,0.86,Price is below the 30-week trend and below long-term support structure.,Initial classification; no prior stage memory available.,,,,watchlist,17.1,Stage 4,17.1,Weak,Volume Drying Up,Volume Normal (0.85x vs 10W Avg),-1.77,Underperformed Nifty by 1.77% in 3 Months,0.61,2.47,0.85,True,True,Stage 4 Structure,Stage 4 Structure
2026-07-12,BLACKBUCK.NS,BLACKBUCK LIMITED,Software - Application,Technology,False,Cash,Stage 4,Stage 4,Stage 4,0.66,Price is below weekly structure.,Initial classification; no prior stage memory available.,,,,watchlist,5.0,Stage 4,0.0,Neutral,Volume Drying Up,Volume Drying Up (0.52x vs 10W Avg),-1.37,Underperformed Nifty by 1.37% in 3 Months,0.62,0.95,0.52,True,True,Stage 4 Structure,Stage 4 Structure
2026-07-12,BLISSGVS.NS,Bliss GVS Pharma Limited,Drug Manufacturers - Specialty & Generic,Healthcare,False,Cash,Stage 2,Stage 2,Extended,0.78,"Weekly advancing structure remains intact, but price is stretched versus key moving averages.",Initial classification; no prior stage memory available.,,,,watchlist,44.54,Stage 2 - Extended,34.54,Very Strong,Volume Drying Up,Volume Drying Up (0.23x vs 10W Avg),102.26,Outperformed Nifty by 102.26% in 3 Months,0.39,0.32,0.23,True,True,Stage 2 Structure,Stage 2 Structure
2026-07-12,BLS.NS,BLS International Services Limited,Industrials,Industrials,False,Cash,Stage 4,Stage 4,Stage 4,0.86,Price is below the 30-week trend and below long-term support structure.,Initial classification; no prior stage memory available.,,,,watchlist,8.45,Stage 4,8.45,Weak,Volume Expanding,Volume Expanding (1.53x vs 10W Avg),-21.03,Underperformed Nifty by 21.03% in 3 Months,1.01,1.25,1.53,False,False,Stage 4 Structure,Stage 4 Structure
2026-07-12,BLUEDART.NS,Blue Dart Express Limited,Industrials,Industrials,False,Cash,Stage 4,Stage 4,Stage 4,0.86,Price is below the 30-week trend and below long-term support structure.,Initial classification; no prior stage memory available.,,,,watchlist,19.5,Stage 4,19.5,Weak,Volume Drying Up,Volume Drying Up (0.56x vs 10W Avg),-6.68,Underperformed Nifty by 6.68% in 3 Months,0.65,0.47,0.56,True,True,Stage 4 Structure,Stage 4 Structure
2026-07-12,BLUEJET.NS,Blue Jet Healthcare Limited,Biotechnology,Healthcare,False,Cash,Not Sure,Not Sure,Unclear,0.0,The weekly structure does not meet reliable stage criteria.,Initial classification; no prior stage memory available.,,,,watchlist,21.63,Not Sure - Unclear,16.63,Very Strong,Volume Expanding,Volume Expanding (2.46x vs 10W Avg),51.06,Outperformed Nifty by 51.06% in 3 Months,1.42,5.58,2.46,False,False,Unclear Structure,Not Rated
2026-07-12,BLUESTARCO.NS,Blue Star Limited,Building Products & Equipment,Industrials,True,F&O,Stage 4,Stage 4,Stage 4,0.66,Price is below weekly structure.,Initial classification; no prior stage memory available.,,,,watchlist,24.3,Stage 4,22.3,Weak,Volume Drying Up,Volume Drying Up (0.74x vs 10W Avg),-9.73,Underperformed Nifty by 9.73% in 3 Months,0.67,0.92,0.74,True,True,Stage 4 Structure,Stage 4 Structure
2026-07-12,BOMDYEING.NS,Bombay Dyeing & Mfg Company Limited,Textile Manufacturing,Consumer Cyclical,False,Cash,Not Sure,Not Sure,Unclear,0.0,The weekly structure does not meet reliable stage criteria.,Initial classification; no prior stage memory available.,,,,watchlist,42.81,Not Sure - Unclear,32.81,Strong,Volume Drying Up,Volume Drying Up (0.30x vs 10W Avg),10.66,Outperformed Nifty by 10.66% in 3 Months,0.32,0.37,0.3,True,True,Unclear Structure,Not Rated
2026-07-12,BOROLTD.NS,Borosil Limited,"Furnishings, Fixtures & Appliances",Consumer Cyclical,False,Cash,Stage 4,Stage 4,Stage 4,0.86,Price is below the 30-week trend and below long-term support structure.,Initial classification; no prior stage memory available.,,,,watchlist,12.02,Stage 4,12.02,Weak,Volume Normal,Volume Normal (0.85x vs 10W Avg),-11.21,Underperformed Nifty by 11.21% in 3 Months,0.89,0.62,0.85,False,True,Stage 4 Structure,Stage 4 Structure
2026-07-12,BORORENEW.NS,BOROSIL RENEWABLES LIMITED,Solar,Technology,False,Cash,Not Sure,Not Sure,Unclear,0.0,The weekly structure does not meet reliable stage criteria.,Initial classification; no prior stage memory available.,,,,watchlist,40.07,Not Sure - Unclear,30.07,Very Strong,Volume Expanding,Volume Expanding (1.85x vs 10W Avg),31.08,Outperformed Nifty by 31.08% in 3 Months,1.01,0.9,1.85,False,False,Unclear Structure,Not Rated
2026-07-12,BOSCH-HCIL.NS,BOSCH HOME COMFORT INDIA LIMITED,"Furnishings, Fixtures & Appliances",Consumer Cyclical,False,Cash,Stage 4,Stage 4,Stage 4,0.66,Price is below weekly structure.,Initial classification; no prior stage memory available.,,,,watchlist,18.55,Stage 4,18.55,Weak,Volume Drying Up,Volume Drying Up (0.60x vs 10W Avg),-2.61,Underperformed Nifty by 2.61% in 3 Months,0.53,0.25,0.6,True,True,Stage 4 Structure,Stage 4 Structure
2026-07-12,BOSCHLTD.NS,Bosch Limited,Auto Parts,Consumer Cyclical,True,F&O,Stage 2,Stage 2,Advancing,0.8,Price is above constructive weekly and long-term trend structure with improving relative strength.,Initial classification; no prior stage memory available.,,,,watchlist,55.75,Stage 2 - Advancing,53.75,Very Strong,Volume Normal,Volume Normal (0.89x vs 10W Avg),12.39,Outperformed Nifty by 12.39% in 3 Months,1.25,0.25,0.89,False,True,Stage 2 Structure,Stage 2 Structure
2026-07-12,BPCL.NS,Bharat Petroleum Corporation Limited,Oil & Gas Refining & Marketing,Energy,True,F&O,Stage 4,Stage 4,Stage 4,0.66,Price is below weekly structure.,Initial classification; no prior stage memory available.,,,,watchlist,36.35,Stage 4,31.35,Neutral,Volume Drying Up,Volume Drying Up (0.74x vs 10W Avg),-2.04,Underperformed Nifty by 2.04% in 3 Months,0.73,0.45,0.74,True,True,Stage 4 Structure,Stage 4 Structure
2026-07-12,BRIGADE.NS,Brigade Enterprises Limited,Real Estate,Real Estate,False,Cash,Not Sure,Not Sure,Unclear,0.0,The weekly structure does not meet reliable stage criteria.,Initial classification; no prior stage memory available.,,,,watchlist,29.93,Not Sure - Unclear,27.93,Neutral,Volume Expanding,Volume Expanding (3.48x vs 10W Avg),1.86,Outperformed Nifty by 1.86% in 3 Months,1.78,2.77,3.48,False,False,Unclear Structure,Not Rated
2026-07-12,BRITANNIA.NS,Britannia Industries Limited,Packaged Foods,Consumer Defensive,True,F&O,Stage 4,Stage 4,Stage 4,0.66,Price is below weekly structure.,Initial classification; no prior stage memory available.,,,,watchlist,0.0,Stage 4,0.0,Weak,Volume Drying Up,Volume Drying Up (0.41x vs 10W Avg),-7.15,Underperformed Nifty by 7.15% in 3 Months,0.68,0.45,0.41,True,True,Stage 4 Structure,Stage 4 Structure
2026-07-12,BSE.NS,BSE Limited,Financial Services,Financial Services,True,F&O,Stage 2,Stage 2,Advancing,0.8,Price is above constructive weekly and long-term trend structure with improving relative strength.,Initial classification; no prior stage memory available.,,,,watchlist,32.49,Stage 2 - Advancing,32.49,Strong,Volume Normal,Volume Normal (0.98x vs 10W Avg),10.89,Outperformed Nifty by 10.89% in 3 Months,0.87,0.65,0.98,False,False,Stage 2 Structure,Stage 2 Structure
2026-07-12,BSOFT.NS,BIRLASOFT LIMITED,Information Technology Services,Technology,False,Cash,Stage 4,Stage 4,Stage 4,0.86,Price is below the 30-week trend and below long-term support structure.,Initial classification; no prior stage memory available.,,,,watchlist,8.57,Stage 4,8.57,Weak,Volume Expanding,Volume Expanding (2.06x vs 10W Avg),-24.33,Underperformed Nifty by 24.33% in 3 Months,1.81,2.89,2.06,False,False,Stage 4 Structure,Stage 4 Structure
2026-07-12,CAMPUS.NS,Campus Activewear Limited,Consumer Cyclical,Consumer Cyclical,False,Cash,Stage 4,Stage 4,Stage 4,0.66,Price is below weekly structure.,Initial classification; no prior stage memory available.,,,,watchlist,24.39,Stage 4,24.39,Weak,Volume Drying Up,Volume Drying Up (0.66x vs 10W Avg),-8.81,Underperformed Nifty by 8.81% in 3 Months,0.59,0.73,0.66,True,True,Stage 4 Structure,Stage 4 Structure
2026-07-12,CAMS.NS,Computer Age Management Services Limited,Information Technology Services,Technology,True,F&O,Stage 2,Stage 2,Advancing,0.8,Price is above constructive weekly and long-term trend structure with improving relative strength.,Initial classification; no prior stage memory available.,,,,watchlist,46.59,Stage 2 - Advancing,46.59,Strong,Volume Drying Up,Volume Drying Up (0.75x vs 10W Avg),7.32,Outperformed Nifty by 7.32% in 3 Months,0.86,1.34,0.75,False,True,Stage 2 Structure,Stage 2 Structure
2026-07-12,CANBK.NS,Canara Bank,Banks - Regional,Financial Services,True,F&O,Stage 1,Stage 1,Stage 1,0.64,Price is building a base around long-term weekly structure without a confirmed advancing phase.,Initial classification; no prior stage memory available.,,,,watchlist,30.89,Stage 1,28.89,Weak,Volume Normal,Volume Normal (0.95x vs 10W Avg),-7.94,Underperformed Nifty by 7.94% in 3 Months,1.27,1.24,0.95,False,False,Stage 1 Structure,Stage 1 Structure
2026-07-12,CANFINHOME.NS,Can Fin Homes Limited,Mortgage Finance,Financial Services,False,Cash,Stage 2,Stage 2,Advancing,0.8,Price is above constructive weekly and long-term trend structure with improving relative strength.,Initial classification; no prior stage memory available.,,,,watchlist,66.91,Stage 2 - Advancing,64.91,Very Strong,Volume Normal,Volume Normal (1.31x vs 10W Avg),6.67,Outperformed Nifty by 6.67% in 3 Months,2.23,0.83,1.31,False,False,Stage 2 Structure,Stage 2 Structure
2026-07-12,CAPLIPOINT.NS,Caplin Point Laboratories Limited,Drug Manufacturers - Specialty & Generic,Healthcare,False,Cash,Stage 2,Stage 2,Extended,0.78,"Weekly advancing structure remains intact, but price is stretched versus key moving averages.",Initial classification; no prior stage memory available.,,,,watchlist,50.94,Stage 2 - Extended,40.94,Very Strong,Volume Drying Up,Volume Drying Up (0.63x vs 10W Avg),51.63,Outperformed Nifty by 51.63% in 3 Months,0.72,0.67,0.63,True,True,Stage 2 Structure,Stage 2 Structure
2026-07-12,CARBORUNIV.NS,Carborundum Universal Limited,Conglomerates,Industrials,False,Cash,Stage 2,Stage 2,Advancing,0.9,Price is above constructive weekly and long-term trend structure with improving relative strength.,Initial classification; no prior stage memory available.,,,,watchlist,32.55,Stage 2 - Advancing,30.55,Strong,Volume Drying Up,Volume Drying Up (0.39x vs 10W Avg),21.05,Outperformed Nifty by 21.05% in 3 Months,0.43,0.24,0.39,True,True,Stage 2 Structure,Stage 2 Structure
2026-07-12,CARERATING.NS,CARE Ratings Limited,Financial Services,Financial Services,False,Cash,Stage 1,Stage 1,Stage 1,0.68,Price is building a base around long-term weekly structure without a confirmed advancing phase.,Initial classification; no prior stage memory available.,,,,watchlist,19.51,Stage 1,19.51,Neutral,Volume Drying Up,Volume Drying Up (0.66x vs 10W Avg),5.78,Outperformed Nifty by 5.78% in 3 Months,0.62,1.58,0.66,True,True,Stage 1 Structure,Stage 1 Structure
2026-07-12,CARRARO.NS,Carraro India Limited,Auto Parts,Consumer Cyclical,False,Cash,Stage 2,Stage 2,Advancing,0.9,Price is above constructive weekly and long-term trend structure with improving relative strength.,Initial classification; no prior stage memory available.,,,,watchlist,55.51,Stage 2 - Advancing,53.51,Strong,Volume Expanding,Volume Expanding (1.79x vs 10W Avg),14.74,Outperformed Nifty by 14.74% in 3 Months,1.29,0.95,1.79,False,False,Stage 2 Structure,Stage 2 Structure
2026-07-12,CARTRADE.NS,Cartrade Tech Limited,Consumer Cyclical,Consumer Cyclical,False,Cash,Not Sure,Not Sure,Unclear,0.0,The weekly structure does not meet reliable stage criteria.,Initial classification; no prior stage memory available.,,,,watchlist,20.26,Not Sure - Unclear,20.26,Very Strong,Volume Drying Up,Volume Drying Up (0.45x vs 10W Avg),55.61,Outperformed Nifty by 55.61% in 3 Months,0.48,0.38,0.45,True,True,Unclear Structure,Not Rated
2026-07-12,CARYSIL.NS,CARYSIL LIMITED,"Furnishings, Fixtures & Appliances",Consumer Cyclical,False,Cash,Stage 2,Stage 2,Advancing,0.9,Price is above constructive weekly and long-term trend structure with improving relative strength.,Initial classification; no prior stage memory available.,,,,watchlist,56.0,Stage 2 - Advancing,56.0,Very Strong,Volume Drying Up,Volume Drying Up (0.58x vs 10W Avg),30.74,Outperformed Nifty by 30.74% in 3 Months,0.48,0.56,0.58,True,True,Stage 2 Structure,Stage 2 Structure
2026-07-12,CASTROLIND.NS,Castrol India Limited,Oil & Gas Refining & Marketing,Energy,False,Cash,Stage 1,Stage 1,Stage 1,0.64,Price is building a base around long-term weekly structure without a confirmed advancing phase.,Initial classification; no prior stage memory available.,,,,watchlist,43.9,Stage 1,38.9,Neutral,Volume Drying Up,Volume Drying Up (0.78x vs 10W Avg),0.31,Outperformed Nifty by 0.31% in 3 Months,0.97,0.7,0.78,False,True,Stage 1 Structure,Stage 1 Structure
2026-07-12,CCL.NS,CCL Products (India) Limited,Packaged Foods,Consumer Defensive,False,Cash,Stage 2,Stage 2,Advancing,0.9,Price is above constructive weekly and long-term trend structure with improving relative strength.,Initial classification; no prior stage memory available.,,,,watchlist,50.22,Stage 2 - Advancing,50.22,Very Strong,Volume Drying Up,Volume Drying Up (0.61x vs 10W Avg),10.49,Outperformed Nifty by 10.49% in 3 Months,0.5,0.35,0.61,True,True,Stage 2 Structure,Stage 2 Structure
2026-07-12,CDSL.NS,Central Depository Services (India) Limited,Capital Markets,Financial Services,True,F&O,Not Sure,Not Sure,Unclear,0.0,The weekly structure does not meet reliable stage criteria.,Initial classification; no prior stage memory available.,,,,watchlist,42.38,Not Sure - Unclear,42.38,Very Strong,Volume Expanding,Volume Expanding (1.53x vs 10W Avg),5.06,Outperformed Nifty by 5.06% in 3 Months,1.09,5.25,1.53,False,False,Unclear Structure,Not Rated
2026-07-12,CEATLTD.NS,CEAT Limited,Auto Parts,Consumer Cyclical,False,Cash,Not Sure,Not Sure,Unclear,0.0,The weekly structure does not meet reliable stage criteria.,Initial classification; no prior stage memory available.,,,,watchlist,34.73,Not Sure - Unclear,32.73,Very Strong,Volume Normal,Volume Normal (1.30x vs 10W Avg),4.84,Outperformed Nifty by 4.84% in 3 Months,1.5,1.31,1.3,False,False,Unclear Structure,Not Rated
2026-07-12,CEIGALL.NS,Ceigall India Limited,Engineering & Construction,Industrials,False,Cash,Stage 2,Stage 2,Advancing,0.9,Price is above constructive weekly and long-term trend structure with improving relative strength.,Initial classification; no prior stage memory available.,,,,watchlist,40.45,Stage 2 - Advancing,38.45,Strong,Volume Drying Up,Volume Drying Up (0.75x vs 10W Avg),20.98,Outperformed Nifty by 20.98% in 3 Months,0.77,0.36,0.75,True,True,Stage 2 Structure,Stage 2 Structure
2026-07-12,CELLO.NS,Cello World Limited,"Furnishings, Fixtures & Appliances",Consumer Cyclical,False,Cash,Stage 4,Stage 4,Stage 4,0.86,Price is below the 30-week trend and below long-term support structure.,Initial classification; no prior stage memory available.,,,,watchlist,0.89,Stage 4,0.89,Weak,Volume Normal,Volume Normal (1.05x vs 10W Avg),-14.27,Underperformed Nifty by 14.27% in 3 Months,1.1,0.89,1.05,False,False,Stage 4 Structure,Stage 4 Structure
2026-07-12,CEMPRO.NS,Cemindia Projects Limited,Engineering & Construction,Industrials,False,Cash,Stage 2,Stage 2,Extended,0.78,"Weekly advancing structure remains intact, but price is stretched versus key moving averages.",Initial classification; no prior stage memory available.,,,,watchlist,29.89,Stage 2 - Extended,27.89,Very Strong,Volume Drying Up,Volume Drying Up (0.44x vs 10W Avg),143.68,Outperformed Nifty by 143.68% in 3 Months,0.55,0.41,0.44,True,True,Stage 2 Structure,Stage 2 Structure
2026-07-12,CENTRALBK.NS,Central Bank of India,Banks - Regional,Financial Services,False,Cash,Stage 4,Stage 4,Stage 4,0.66,Price is below weekly structure.,Initial classification; no prior stage memory available.,,,,watchlist,24.94,Stage 4,22.94,Weak,Volume Drying Up,Volume Drying Up (0.52x vs 10W Avg),-9.08,Underperformed Nifty by 9.08% in 3 Months,0.87,0.71,0.52,False,True,Stage 4 Structure,Stage 4 Structure
2026-07-12,CENTUM.NS,Centum Electronics Limited,Electronic Components,Technology,False,Cash,Stage 2,Stage 2,Advancing,0.9,Price is above constructive weekly and long-term trend structure with improving relative strength.,Initial classification; no prior stage memory available.,,,,watchlist,55.1,Stage 2 - Advancing,45.1,Very Strong,Volume Drying Up,Volume Drying Up (0.58x vs 10W Avg),28.59,Outperformed Nifty by 28.59% in 3 Months,0.59,0.85,0.58,True,True,Stage 2 Structure,Stage 2 Structure
2026-07-12,CENTURYPLY.NS,Century Plyboards (India) Limited,Basic Materials,Basic Materials,False,Cash,Stage 1,Stage 1,Stage 1,0.68,Price is building a base around long-term weekly structure without a confirmed advancing phase.,Initial classification; no prior stage memory available.,,,,watchlist,47.52,Stage 1,47.52,Strong,Volume Drying Up,Volume Drying Up (0.59x vs 10W Avg),4.96,Outperformed Nifty by 4.96% in 3 Months,0.53,3.25,0.59,True,True,Stage 1 Structure,Stage 1 Structure
2026-07-12,CERA.NS,Cera Sanitaryware Limited,Building Products & Equipment,Industrials,False,Cash,Stage 2,Stage 2,Advancing,0.8,Price is above constructive weekly and long-term trend structure with improving relative strength.,Initial classification; no prior stage memory available.,,,,watchlist,44.82,Stage 2 - Advancing,42.82,Very Strong,Volume Drying Up,Volume Drying Up (0.43x vs 10W Avg),18.7,Outperformed Nifty by 18.7% in 3 Months,0.42,0.2,0.43,True,True,Stage 2 Structure,Stage 2 Structure
2026-07-12,CESC.NS,CESC Limited,Utilities,Utilities,False,Cash,Stage 3,Stage 3,Early,0.68,"Prior strength has shifted into a Stage 3 transition based on trend, relative strength, and volume evidence.",Initial classification; no prior stage memory available.,,,,watchlist,9.67,Stage 3 Early,7.67,Neutral,Volume Drying Up,Volume Drying Up (0.37x vs 10W Avg),-1.46,Underperformed Nifty by 1.46% in 3 Months,0.48,1.05,0.37,True,True,Stage 3 Structure,Stage 3 Structure
2026-07-12,CGCL.NS,Capri Global Capital Limited,Credit Services,Financial Services,False,Cash,Stage 2,Stage 2,Extended,0.78,"Weekly advancing structure remains intact, but price is stretched versus key moving averages.",Initial classification; no prior stage memory available.,,,,watchlist,43.64,Stage 2 - Extended,38.64,Very Strong,Volume Expanding,Volume Expanding (3.10x vs 10W Avg),34.05,Outperformed Nifty by 34.05% in 3 Months,1.92,2.08,3.1,False,False,Stage 2 Structure,Stage 2 Structure
2026-07-12,CGPOWER.NS,CG Power and Industrial Solutions Limited,Electrical Equipment & Parts,Industrials,True,F&O,Stage 2,Stage 2,Advancing,0.9,Price is above constructive weekly and long-term trend structure with improving relative strength.,Initial classification; no prior stage memory available.,,,,watchlist,61.75,Stage 2 - Advancing,51.75,Strong,Volume Normal,Volume Normal (1.07x vs 10W Avg),20.72,Outperformed Nifty by 20.72% in 3 Months,1.56,0.41,1.07,False,False,Stage 2 Structure,Stage 2 Structure
2026-07-12,CHALET.NS,Chalet Hotels Limited,Lodging,Consumer Cyclical,False,Cash,Not Sure,Not Sure,Unclear,0.0,The weekly structure does not meet reliable stage criteria.,Initial classification; no prior stage memory available.,,,,watchlist,34.16,Not Sure - Unclear,34.16,Very Strong,Volume Drying Up,Volume Drying Up (0.70x vs 10W Avg),6.63,Outperformed Nifty by 6.63% in 3 Months,0.76,0.96,0.7,True,True,Unclear Structure,Not Rated
2026-07-12,CHAMBLFERT.NS,Chambal Fertilizers & Chemicals Limited,Agricultural Inputs,Basic Materials,False,Cash,Stage 1,Stage 1,Stage 1,0.64,Price is building a base around long-term weekly structure without a confirmed advancing phase.,Initial classification; no prior stage memory available.,,,,watchlist,38.05,Stage 1,38.05,Weak,Volume Drying Up,Volume Drying Up (0.36x vs 10W Avg),-2.27,Underperformed Nifty by 2.27% in 3 Months,0.42,0.42,0.36,True,True,Stage 1 Structure,Stage 1 Structure
2026-07-12,CHEMPLASTS.NS,Chemplast Sanmar Limited,Chemicals,Basic Materials,False,Cash,Stage 4,Stage 4,Stage 4,0.86,Price is below the 30-week trend and below long-term support structure.,Initial classification; no prior stage memory available.,,,,watchlist,2.0,Stage 4,0.0,Weak,Volume Drying Up,Volume Drying Up (0.58x vs 10W Avg),-16.9,Underperformed Nifty by 16.9% in 3 Months,0.76,0.23,0.58,True,True,Stage 4 Structure,Stage 4 Structure
2026-07-12,CHENNPETRO.NS,Chennai Petroleum Corporation Limited,Oil & Gas Refining & Marketing,Energy,False,Cash,Stage 2,Stage 2,Advancing,0.9,Price is above constructive weekly and long-term trend structure with improving relative strength.,Initial classification; no prior stage memory available.,,,,watchlist,61.08,Stage 2 - Advancing,56.08,Very Strong,Volume Drying Up,Volume Drying Up (0.74x vs 10W Avg),19.77,Outperformed Nifty by 19.77% in 3 Months,0.88,1.97,0.74,False,True,Stage 2 Structure,Stage 2 Structure
2026-07-12,CHOICEIN.NS,Choice International Limited,Capital Markets,Financial Services,False,Cash,Not Sure,Not Sure,Unclear,0.0,The weekly structure does not meet reliable stage criteria.,Initial classification; no prior stage memory available.,,,,watchlist,42.51,Not Sure - Unclear,42.51,Very Strong,Volume Expanding,Volume Expanding (4.24x vs 10W Avg),18.16,Outperformed Nifty by 18.16% in 3 Months,2.31,2.63,4.24,False,False,Unclear Structure,Not Rated
2026-07-12,CHOLAFIN.NS,Cholamandalam Investment and Finance Company Limited,Credit Services,Financial Services,True,F&O,Stage 1,Stage 1,Stage 1,0.68,Price is building a base around long-term weekly structure without a confirmed advancing phase.,Initial classification; no prior stage memory available.,,,,watchlist,40.35,Stage 1,35.35,Very Strong,Volume Normal,Volume Normal (1.01x vs 10W Avg),14.77,Outperformed Nifty by 14.77% in 3 Months,1.03,0.4,1.01,False,False,Stage 1 Structure,Stage 1 Structure
2026-07-12,CHOLAHLDNG.NS,Cholamandalam Financial Holdings Limited,Credit Services,Financial Services,False,Cash,Not Sure,Not Sure,Unclear,0.0,The weekly structure does not meet reliable stage criteria.,Initial classification; no prior stage memory available.,,,,watchlist,44.41,Not Sure - Unclear,39.41,Strong,Volume Drying Up,Volume Drying Up (0.66x vs 10W Avg),3.81,Outperformed Nifty by 3.81% in 3 Months,0.59,1.9,0.66,True,True,Unclear Structure,Not Rated
2026-07-12,CIEINDIA.NS,CIE Automotive India Limited,Auto Parts,Consumer Cyclical,False,Cash,Stage 1,Stage 1,Stage 1,0.64,Price is building a base around long-term weekly structure without a confirmed advancing phase.,Initial classification; no prior stage memory available.,,,,watchlist,19.63,Stage 1,17.63,Neutral,Volume Drying Up,Volume Drying Up (0.40x vs 10W Avg),-4.43,Underperformed Nifty by 4.43% in 3 Months,0.65,0.58,0.4,True,True,Stage 1 Structure,Stage 1 Structure
2026-07-12,CIPLA.NS,Cipla Limited,Drug Manufacturers - Specialty & Generic,Healthcare,True,F&O,Not Sure,Not Sure,Unclear,0.0,The weekly structure does not meet reliable stage criteria.,Initial classification; no prior stage memory available.,,,,watchlist,53.11,Not Sure - Unclear,43.11,Strong,Volume Drying Up,Volume Drying Up (0.53x vs 10W Avg),16.59,Outperformed Nifty by 16.59% in 3 Months,0.82,0.42,0.53,True,True,Unclear Structure,Not Rated
2026-07-12,CLEAN.NS,Clean Science and Technology Limited,Specialty Chemicals,Basic Materials,False,Cash,Stage 4,Stage 4,Stage 4,0.86,Price is below the 30-week trend and below long-term support structure.,Initial classification; no prior stage memory available.,,,,watchlist,23.31,Stage 4,18.31,Weak,Volume Drying Up,Volume Drying Up (0.56x vs 10W Avg),0.5,Outperformed Nifty by 0.5% in 3 Months,0.52,0.44,0.56,True,True,Stage 4 Structure,Stage 4 Structure
2026-07-12,CMSINFO.NS,CMS Info Systems Limited,Industrials,Industrials,False,Cash,Stage 4,Stage 4,Stage 4,0.86,Price is below the 30-week trend and below long-term support structure.,Initial classification; no prior stage memory available.,,,,watchlist,7.45,Stage 4,7.45,Weak,Volume Expanding,Volume Normal (1.49x vs 10W Avg),-16.04,Underperformed Nifty by 16.04% in 3 Months,1.23,3.15,1.49,False,False,Stage 4 Structure,Stage 4 Structure
2026-07-12,COALINDIA.NS,Coal India Limited,Energy,Energy,True,F&O,Stage 3,Stage 3,Early,0.68,"Prior strength has shifted into a Stage 3 transition based on trend, relative strength, and volume evidence.",Initial classification; no prior stage memory available.,,,,watchlist,18.33,Stage 3 Early,16.33,Weak,Volume Drying Up,Volume Drying Up (0.31x vs 10W Avg),-3.31,Underperformed Nifty by 3.31% in 3 Months,0.46,0.4,0.31,True,True,Stage 3 Structure,Stage 3 Structure
2026-07-12,COCHINSHIP.NS,Cochin Shipyard Limited,Aerospace & Defense,Industrials,True,F&O,Stage 4,Stage 4,Stage 4,0.86,Price is below the 30-week trend and below long-term support structure.,Initial classification; no prior stage memory available.,,,,watchlist,21.94,Stage 4,11.94,Weak,Volume Expanding,Volume Expanding (2.27x vs 10W Avg),-5.95,Underperformed Nifty by 5.95% in 3 Months,1.57,0.76,2.27,False,False,Stage 4 Structure,Stage 4 Structure
2026-07-12,COFORGE.NS,Coforge Limited,Information Technology Services,Technology,True,F&O,Not Sure,Not Sure,Unclear,0.0,The weekly structure does not meet reliable stage criteria.,Initial classification; no prior stage memory available.,,,,watchlist,8.62,Not Sure - Unclear,8.62,Strong,Volume Drying Up,Volume Drying Up (0.62x vs 10W Avg),15.42,Outperformed Nifty by 15.42% in 3 Months,0.92,0.75,0.62,False,True,Unclear Structure,Not Rated
2026-07-12,COHANCE.NS,Cohance Lifesciences Limited,Drug Manufacturers - Specialty & Generic,Healthcare,False,Cash,Not Sure,Not Sure,Unclear,0.0,The weekly structure does not meet reliable stage criteria.,Initial classification; no prior stage memory available.,,,,watchlist,27.07,Not Sure - Unclear,17.07,Strong,Volume Drying Up,Volume Drying Up (0.15x vs 10W Avg),24.98,Outperformed Nifty by 24.98% in 3 Months,0.27,0.34,0.15,True,True,Unclear Structure,Not Rated
2026-07-12,COLPAL.NS,Colgate Palmolive (India) Limited,Household & Personal Products,Consumer Defensive,True,F&O,Stage 3,Stage 3,Late,0.76,"Prior strength has shifted into a Stage 3 transition based on trend, relative strength, and volume evidence.",Initial classification; no prior stage memory available.,,,,watchlist,21.42,Stage 3 Late,11.42,Neutral,Volume Drying Up,Volume Drying Up (0.54x vs 10W Avg),4.86,Outperformed Nifty by 4.86% in 3 Months,0.76,0.28,0.54,True,True,Stage 3 Structure,Stage 3 Structure
2026-07-12,CONCOR.NS,Container Corporation of India Limited,Industrials,Industrials,True,F&O,Stage 4,Stage 4,Stage 4,0.86,Price is below the 30-week trend and below long-term support structure.,Initial classification; no prior stage memory available.,,,,watchlist,7.41,Stage 4,7.41,Weak,Volume Expanding,Volume Normal (1.04x vs 10W Avg),-7.02,Underperformed Nifty by 7.02% in 3 Months,1.25,1.87,1.04,False,False,Stage 4 Structure,Stage 4 Structure
2026-07-12,CONCORDBIO.NS,Concord Biotech Limited,Biotechnology,Healthcare,False,Cash,Not Sure,Not Sure,Unclear,0.0,The weekly structure does not meet reliable stage criteria.,Initial classification; no prior stage memory available.,,,,watchlist,44.06,Not Sure - Unclear,39.06,Strong,Volume Drying Up,Volume Drying Up (0.35x vs 10W Avg),23.56,Outperformed Nifty by 23.56% in 3 Months,0.35,0.41,0.35,True,True,Unclear Structure,Not Rated
2026-07-12,COROMANDEL.NS,Coromandel International Limited,Agricultural Inputs,Basic Materials,False,Cash,Stage 4,Stage 4,Stage 4,0.66,Price is below weekly structure.,Initial classification; no prior stage memory available.,,,,watchlist,17.52,Stage 4,17.52,Neutral,Volume Drying Up,Volume Drying Up (0.48x vs 10W Avg),-2.86,Underperformed Nifty by 2.86% in 3 Months,0.9,0.4,0.48,False,True,Stage 4 Structure,Stage 4 Structure
2026-07-12,CRAFTSMAN.NS,Craftsman Automation Limited,Auto Parts,Consumer Cyclical,False,Cash,Stage 2,Stage 2,Advancing,0.9,Price is above constructive weekly and long-term trend structure with improving relative strength.,Initial classification; no prior stage memory available.,,,,watchlist,46.61,Stage 2 - Advancing,44.61,Very Strong,Volume Drying Up,Volume Drying Up (0.27x vs 10W Avg),23.9,Outperformed Nifty by 23.9% in 3 Months,0.34,0.19,0.27,True,True,Stage 2 Structure,Stage 2 Structure
2026-07-12,CREDITACC.NS,CREDITACCESS GRAMEEN LIMITED,Credit Services,Financial Services,False,Cash,Stage 2,Stage 2,Advancing,0.8,Price is above constructive weekly and long-term trend structure with improving relative strength.,Initial classification; no prior stage memory available.,,,,building_setup,71.28,Stage 2 - Advancing,66.28,Very Strong,Volume Drying Up,Volume Drying Up (0.64x vs 10W Avg),22.06,Outperformed Nifty by 22.06% in 3 Months,0.64,1.03,0.64,True,True,Stage 2 Structure,Improving Structure Quality
2026-07-12,CRISIL.NS,CRISIL Limited,Financial Services,Financial Services,False,Cash,Stage 4,Stage 4,Stage 4,0.86,Price is below the 30-week trend and below long-term support structure.,Initial classification; no prior stage memory available.,,,,watchlist,20.91,Stage 4,20.91,Weak,Volume Expanding,Volume Expanding (1.96x vs 10W Avg),-2.2,Underperformed Nifty by 2.2% in 3 Months,1.38,2.34,1.96,False,False,Stage 4 Structure,Stage 4 Structure
2026-07-12,CROMPTON.NS,Crompton Greaves Consumer Electricals Limited,"Furnishings, Fixtures & Appliances",Consumer Cyclical,True,F&O,Stage 3,Stage 3,Early,0.68,"Prior strength has shifted into a Stage 3 transition based on trend, relative strength, and volume evidence.",Initial classification; no prior stage memory available.,,,,watchlist,9.53,Stage 3 Early,9.53,Neutral,Volume Drying Up,Volume Drying Up (0.41x vs 10W Avg),3.73,Outperformed Nifty by 3.73% in 3 Months,0.67,0.77,0.41,True,True,Stage 3 Structure,Stage 3 Structure
2026-07-12,CSBBANK.NS,CSB Bank Limited,Banks - Regional,Financial Services,False,Cash,Stage 4,Stage 4,Stage 4,0.86,Price is below the 30-week trend and below long-term support structure.,Initial classification; no prior stage memory available.,,,,watchlist,7.27,Stage 4,5.27,Weak,Volume Drying Up,Volume Drying Up (0.54x vs 10W Avg),-14.39,Underperformed Nifty by 14.39% in 3 Months,0.78,1.21,0.54,True,True,Stage 4 Structure,Stage 4 Structure
2026-07-12,CUB.NS,City Union Bank Limited,Banks - Regional,Financial Services,False,Cash,Stage 2,Stage 2,Extended,0.78,"Weekly advancing structure remains intact, but price is stretched versus key moving averages.",Initial classification; no prior stage memory available.,,,,watchlist,63.84,Stage 2 - Extended,61.84,Very Strong,Volume Normal,Volume Normal (0.98x vs 10W Avg),19.5,Outperformed Nifty by 19.5% in 3 Months,1.22,0.84,0.98,False,False,Stage 2 Structure,Stage 2 Structure
2026-07-12,CUMMINSIND.NS,Cummins India Limited,Specialty Industrial Machinery,Industrials,True,F&O,Stage 2,Stage 2,Advancing,0.9,Price is above constructive weekly and long-term trend structure with improving relative strength.,Initial classification; no prior stage memory available.,,,,watchlist,66.38,Stage 2 - Advancing,56.38,Strong,Volume Normal,Volume Normal (0.92x vs 10W Avg),10.54,Outperformed Nifty by 10.54% in 3 Months,1.24,0.9,0.92,False,False,Stage 2 Structure,Stage 2 Structure
2026-07-12,CUPID.NS,Cupid Limited,Household & Personal Products,Consumer Defensive,False,Cash,Stage 2,Stage 2,Extended,0.78,"Weekly advancing structure remains intact, but price is stretched versus key moving averages.",Initial classification; no prior stage memory available.,,,,watchlist,46.39,Stage 2 - Extended,36.39,Very Strong,Volume Expanding,Volume Expanding (4.76x vs 10W Avg),125.42,Outperformed Nifty by 125.42% in 3 Months,2.11,3.39,4.76,False,False,Stage 2 Structure,Stage 2 Structure
2026-07-12,CYIENT.NS,Cyient Limited,Conglomerates,Industrials,False,Cash,Stage 4,Stage 4,Stage 4,0.86,Price is below the 30-week trend and below long-term support structure.,Initial classification; no prior stage memory available.,,,,watchlist,2.0,Stage 4,0.0,Weak,Volume Normal,Volume Normal (1.13x vs 10W Avg),-14.43,Underperformed Nifty by 14.43% in 3 Months,0.87,0.63,1.13,False,False,Stage 4 Structure,Stage 4 Structure
2026-07-12,CYIENTDLM.NS,Cyient DLM Limited,Electronic Components,Technology,False,Cash,Stage 2,Stage 2,Extended,0.78,"Weekly advancing structure remains intact, but price is stretched versus key moving averages.",Initial classification; no prior stage memory available.,,,,watchlist,46.77,Stage 2 - Extended,36.77,Very Strong,Volume Expanding,Volume Expanding (3.23x vs 10W Avg),65.82,Outperformed Nifty by 65.82% in 3 Months,2.33,1.34,3.23,False,False,Stage 2 Structure,Stage 2 Structure
2026-07-12,DABUR.NS,Dabur India Limited,Household & Personal Products,Consumer Defensive,True,F&O,Stage 4,Stage 4,Stage 4,0.66,Price is below weekly structure.,Initial classification; no prior stage memory available.,,,,watchlist,33.73,Stage 4,23.73,Weak,Volume Normal,Volume Normal (0.94x vs 10W Avg),0.55,Outperformed Nifty by 0.55% in 3 Months,1.18,0.68,0.94,False,False,Stage 4 Structure,Stage 4 Structure
2026-07-12,DALBHARAT.NS,Dalmia Bharat Limited,Building Materials,Basic Materials,True,F&O,Stage 4,Stage 4,Stage 4,0.86,Price is below the 30-week trend and below long-term support structure.,Initial classification; no prior stage memory available.,,,,watchlist,7.85,Stage 4,7.85,Weak,Volume Drying Up,Volume Drying Up (0.65x vs 10W Avg),-9.82,Underperformed Nifty by 9.82% in 3 Months,0.87,0.74,0.65,False,True,Stage 4 Structure,Stage 4 Structure
2026-07-12,DALMIASUG.NS,Dalmia Bharat Sugar and Industries Limited,Consumer Defensive,Consumer Defensive,False,Cash,Stage 2,Stage 2,Advancing,0.8,Price is above constructive weekly and long-term trend structure with improving relative strength.,Initial classification; no prior stage memory available.,,,,watchlist,43.91,Stage 2 - Advancing,43.91,Neutral,Volume Expanding,Volume Expanding (11.02x vs 10W Avg),-7.0,Underperformed Nifty by 7.0% in 3 Months,3.11,0.17,11.02,False,False,Stage 2 Structure,Stage 2 Structure
2026-07-12,DATAMATICS.NS,Datamatics Global Services Limited,Information Technology Services,Technology,False,Cash,Not Sure,Not Sure,Unclear,0.0,The weekly structure does not meet reliable stage criteria.,Initial classification; no prior stage memory available.,,,,watchlist,32.8,Not Sure - Unclear,32.8,Very Strong,Volume Expanding,Volume Expanding (3.65x vs 10W Avg),21.86,Outperformed Nifty by 21.86% in 3 Months,1.79,3.19,3.65,False,False,Unclear Structure,Not Rated
2026-07-12,DATAPATTNS.NS,Data Patterns (India) Limited,Aerospace & Defense,Industrials,False,Cash,Stage 2,Stage 2,Advancing,0.9,Price is above constructive weekly and long-term trend structure with improving relative strength.,Initial classification; no prior stage memory available.,,,,watchlist,47.43,Stage 2 - Advancing,37.43,Strong,Volume Drying Up,Volume Drying Up (0.60x vs 10W Avg),24.02,Outperformed Nifty by 24.02% in 3 Months,0.64,0.41,0.6,True,True,Stage 2 Structure,Stage 2 Structure
2026-07-12,DBCORP.NS,D.B.Corp Limited,Communication Services,Communication Services,False,Cash,Stage 4,Stage 4,Stage 4,0.86,Price is below the 30-week trend and below long-term support structure.,Initial classification; no prior stage memory available.,,,,watchlist,4.43,Stage 4,4.43,Weak,Volume Expanding,Volume Expanding (24.84x vs 10W Avg),-4.39,Underperformed Nifty by 4.39% in 3 Months,3.76,2.17,24.84,False,False,Stage 4 Structure,Stage 4 Structure
2026-07-12,DBL.NS,Dilip Buildcon Limited,Engineering & Construction,Industrials,False,Cash,Stage 4,Stage 4,Stage 4,0.86,Price is below the 30-week trend and below long-term support structure.,Initial classification; no prior stage memory available.,,,,watchlist,18.89,Stage 4,16.89,Weak,Volume Normal,Volume Normal (0.87x vs 10W Avg),-4.37,Underperformed Nifty by 4.37% in 3 Months,0.88,0.61,0.87,False,True,Stage 4 Structure,Stage 4 Structure
2026-07-12,DBREALTY.NS,Valor Estate Limited,Real Estate,Real Estate,False,Cash,Not Sure,Not Sure,Unclear,0.0,The weekly structure does not meet reliable stage criteria.,Initial classification; no prior stage memory available.,,,,watchlist,19.15,Not Sure - Unclear,17.15,Neutral,Volume Drying Up,Volume Drying Up (0.13x vs 10W Avg),2.22,Outperformed Nifty by 2.22% in 3 Months,0.17,0.38,0.13,True,True,Unclear Structure,Not Rated
2026-07-12,DCAL.NS,Dishman Carbogen Amcis Limited,Biotechnology,Healthcare,False,Cash,Not Sure,Not Sure,Unclear,0.0,The weekly structure does not meet reliable stage criteria.,Initial classification; no prior stage memory available.,,,,watchlist,22.38,Not Sure - Unclear,17.38,Strong,Volume Drying Up,Volume Drying Up (0.68x vs 10W Avg),21.19,Outperformed Nifty by 21.19% in 3 Months,0.93,0.87,0.68,False,True,Unclear Structure,Not Rated
2026-07-12,DCBBANK.NS,DCB Bank Limited,Banks - Regional,Financial Services,False,Cash,Stage 2,Stage 2,Advancing,0.9,Price is above constructive weekly and long-term trend structure with improving relative strength.,Initial classification; no prior stage memory available.,,,,watchlist,56.85,Stage 2 - Advancing,54.85,Strong,Volume Drying Up,Volume Drying Up (0.62x vs 10W Avg),-0.97,Underperformed Nifty by 0.97% in 3 Months,0.85,0.89,0.62,True,True,Stage 2 Structure,Stage 2 Structure
2026-07-12,DCMSHRIRAM.NS,DCM Shriram Limited,Conglomerates,Industrials,False,Cash,Stage 4,Stage 4,Stage 4,0.86,Price is below the 30-week trend and below long-term support structure.,Initial classification; no prior stage memory available.,,,,watchlist,13.17,Stage 4,11.17,Weak,Volume Normal,Volume Normal (1.29x vs 10W Avg),-12.01,Underperformed Nifty by 12.01% in 3 Months,1.46,0.62,1.29,False,False,Stage 4 Structure,Stage 4 Structure
2026-07-12,DDEVPLSTIK.NS,Ddev Plastiks Industries Limited,Specialty Chemicals,Basic Materials,False,Cash,Not Sure,Not Sure,Unclear,0.0,The weekly structure does not meet reliable stage criteria.,Initial classification; no prior stage memory available.,,,,watchlist,39.79,Not Sure - Unclear,34.79,Very Strong,Volume Drying Up,Volume Drying Up (0.74x vs 10W Avg),17.64,Outperformed Nifty by 17.64% in 3 Months,0.85,0.88,0.74,True,True,Unclear Structure,Not Rated
2026-07-12,DEEDEV.NS,DEE Development Engineers Limited,Metal Fabrication,Industrials,False,Cash,Stage 2,Stage 2,Extended,0.78,"Weekly advancing structure remains intact, but price is stretched versus key moving averages.",Initial classification; no prior stage memory available.,,,,watchlist,28.78,Stage 2 - Extended,18.78,Very Strong,Volume Drying Up,Volume Drying Up (0.38x vs 10W Avg),80.66,Outperformed Nifty by 80.66% in 3 Months,0.4,0.71,0.38,True,True,Stage 2 Structure,Stage 2 Structure
2026-07-12,DEEPAKFERT.NS,Deepak Fertilizers and Petrochemicals Corporation Limited,Chemicals,Basic Materials,False,Cash,Stage 2,Stage 2,Advancing,0.8,Price is above constructive weekly and long-term trend structure with improving relative strength.,Initial classification; no prior stage memory available.,,,,watchlist,41.9,Stage 2 - Advancing,39.9,Very Strong,Volume Drying Up,Volume Drying Up (0.54x vs 10W Avg),24.09,Outperformed Nifty by 24.09% in 3 Months,0.57,0.45,0.54,True,True,Stage 2 Structure,Stage 2 Structure
2026-07-12,DEEPAKNTR.NS,Deepak Nitrite Limited,Chemicals,Basic Materials,False,Cash,Stage 3,Stage 3,Late,0.76,"Prior strength has shifted into a Stage 3 transition based on trend, relative strength, and volume evidence.",Initial classification; no prior stage memory available.,,,,watchlist,16.7,Stage 3 Late,14.7,Neutral,Volume Normal,Volume Normal (1.18x vs 10W Avg),9.76,Outperformed Nifty by 9.76% in 3 Months,1.15,1.11,1.18,False,False,Stage 3 Structure,Stage 3 Structure
2026-07-12,DEEPINDS.NS,Deep Industries Limited,Energy,Energy,False,Cash,Stage 3,Stage 3,Early,0.68,"Prior strength has shifted into a Stage 3 transition based on trend, relative strength, and volume evidence.",Initial classification; no prior stage memory available.,,,,watchlist,12.03,Stage 3 Early,10.03,Neutral,Volume Drying Up,Volume Drying Up (0.62x vs 10W Avg),-6.85,Underperformed Nifty by 6.85% in 3 Months,0.51,0.47,0.62,True,True,Stage 3 Structure,Stage 3 Structure
2026-07-12,DELHIVERY.NS,Delhivery Limited,Industrials,Industrials,True,F&O,Stage 2,Stage 2,Advancing,0.8,Price is above constructive weekly and long-term trend structure with improving relative strength.,Initial classification; no prior stage memory available.,,,,watchlist,66.21,Stage 2 - Advancing,66.21,Very Strong,Volume Expanding,Volume Expanding (2.10x vs 10W Avg),11.34,Outperformed Nifty by 11.34% in 3 Months,2.03,2.9,2.1,False,False,Stage 2 Structure,Stage 2 Structure
2026-07-12,DEVYANI.NS,Devyani International Limited,Consumer Cyclical,Consumer Cyclical,False,Cash,Stage 4,Stage 4,Stage 4,0.86,Price is below the 30-week trend and below long-term support structure.,Initial classification; no prior stage memory available.,,,,watchlist,9.93,Stage 4,9.93,Weak,Volume Drying Up,Volume Drying Up (0.62x vs 10W Avg),2.88,Outperformed Nifty by 2.88% in 3 Months,0.81,0.67,0.62,True,True,Stage 4 Structure,Stage 4 Structure
2026-07-12,DHANUKA.NS,Dhanuka Agritech Limited,Agricultural Inputs,Basic Materials,False,Cash,Stage 4,Stage 4,Stage 4,0.86,Price is below the 30-week trend and below long-term support structure.,Initial classification; no prior stage memory available.,,,,watchlist,8.15,Stage 4,8.15,Weak,Volume Drying Up,Volume Drying Up (0.23x vs 10W Avg),2.0,Outperformed Nifty by 2.0% in 3 Months,0.23,0.82,0.23,True,True,Stage 4 Structure,Stage 4 Structure
2026-07-12,DIACABS.NS,Diamond Power Infrastructure Limited,Specialty Industrial Machinery,Industrials,False,Cash,Stage 2,Stage 2,Extended,0.78,"Weekly advancing structure remains intact, but price is stretched versus key moving averages.",Initial classification; no prior stage memory available.,,,,watchlist,72.9,Stage 2 - Extended,62.9,Very Strong,Volume Expanding,Volume Expanding (2.37x vs 10W Avg),60.29,Outperformed Nifty by 60.29% in 3 Months,1.24,1.71,2.37,False,False,Stage 2 Structure,Stage 2 Structure
2026-07-12,DIVISLAB.NS,Divi's Laboratories Limited,Drug Manufacturers - Specialty & Generic,Healthcare,True,F&O,Stage 1,Stage 1,Stage 1,0.68,Price is building a base around long-term weekly structure without a confirmed advancing phase.,Initial classification; no prior stage memory available.,,,,watchlist,53.19,Stage 1,43.19,Strong,Volume Normal,Volume Normal (1.07x vs 10W Avg),10.8,Outperformed Nifty by 10.8% in 3 Months,1.13,0.63,1.07,False,False,Stage 1 Structure,Stage 1 Structure
2026-07-12,DIXON.NS,Dixon Technologies (India) Limited,Technology,Technology,True,F&O,Not Sure,Not Sure,Unclear,0.0,The weekly structure does not meet reliable stage criteria.,Initial classification; no prior stage memory available.,,,,watchlist,48.72,Not Sure - Unclear,38.72,Very Strong,Volume Expanding,Volume Expanding (1.76x vs 10W Avg),19.44,Outperformed Nifty by 19.44% in 3 Months,1.15,3.05,1.76,False,False,Unclear Structure,Not Rated
2026-07-12,DLF.NS,DLF Limited,Real Estate,Real Estate,True,F&O,Not Sure,Not Sure,Unclear,0.0,The weekly structure does not meet reliable stage criteria.,Initial classification; no prior stage memory available.,,,,watchlist,29.88,Not Sure - Unclear,27.88,Very Strong,Volume Expanding,Volume Expanding (1.85x vs 10W Avg),14.92,Outperformed Nifty by 14.92% in 3 Months,1.37,2.39,1.85,False,False,Unclear Structure,Not Rated
2026-07-12,DMART.NS,Avenue Supermarts Limited,Consumer Defensive,Consumer Defensive,True,F&O,Stage 3,Stage 3,Early,0.68,"Prior strength has shifted into a Stage 3 transition based on trend, relative strength, and volume evidence.",Initial classification; no prior stage memory available.,,,,watchlist,7.84,Stage 3 Early,7.84,Weak,Volume Normal,Volume Normal (1.06x vs 10W Avg),-10.58,Underperformed Nifty by 10.58% in 3 Months,1.5,1.18,1.06,False,False,Stage 3 Structure,Stage 3 Structure
2026-07-12,DODLA.NS,Dodla Dairy Limited,Consumer Defensive,Consumer Defensive,False,Cash,Not Sure,Not Sure,Unclear,0.0,The weekly structure does not meet reliable stage criteria.,Initial classification; no prior stage memory available.,,,,watchlist,34.95,Not Sure - Unclear,34.95,Strong,Volume Drying Up,Volume Drying Up (0.77x vs 10W Avg),5.46,Outperformed Nifty by 5.46% in 3 Months,0.73,0.61,0.77,True,True,Unclear Structure,Not Rated
2026-07-12,DOMS.NS,DOMS Industries Limited,Industrials,Industrials,False,Cash,Not Sure,Not Sure,Unclear,0.0,The weekly structure does not meet reliable stage criteria.,Initial classification; no prior stage memory available.,,,,watchlist,39.19,Not Sure - Unclear,39.19,Neutral,Volume Drying Up,Volume Drying Up (0.20x vs 10W Avg),-1.7,Underperformed Nifty by 1.7% in 3 Months,0.31,0.34,0.2,True,True,Unclear Structure,Not Rated
2026-07-12,DREDGECORP.NS,Dredging Corporation of India Limited,Engineering & Construction,Industrials,False,Cash,Stage 2,Stage 2,Advancing,0.8,Price is above constructive weekly and long-term trend structure with improving relative strength.,Initial classification; no prior stage memory available.,,,,watchlist,39.89,Stage 2 - Advancing,37.89,Strong,Volume Drying Up,Volume Drying Up (0.17x vs 10W Avg),14.03,Outperformed Nifty by 14.03% in 3 Months,0.28,0.29,0.17,True,True,Stage 2 Structure,Stage 2 Structure
2026-07-12,DRREDDY.NS,Dr. Reddy's Laboratories Limited,Drug Manufacturers - Specialty & Generic,Healthcare,True,F&O,Stage 3,Stage 3,Early,0.68,"Prior strength has shifted into a Stage 3 transition based on trend, relative strength, and volume evidence.",Initial classification; no prior stage memory available.,,,,watchlist,30.73,Stage 3 Early,20.73,Weak,Volume Expanding,Volume Expanding (1.94x vs 10W Avg),1.01,Outperformed Nifty by 1.01% in 3 Months,1.54,4.2,1.94,False,False,Stage 3 Structure,Stage 3 Structure
2026-07-12,DYNAMATECH.NS,Dynamatic Technologies Limited,Auto Parts,Consumer Cyclical,False,Cash,Stage 2,Stage 2,Advancing,0.8,Price is above constructive weekly and long-term trend structure with improving relative strength.,Initial classification; no prior stage memory available.,,,,watchlist,44.25,Stage 2 - Advancing,42.25,Neutral,Volume Drying Up,Volume Drying Up (0.65x vs 10W Avg),1.04,Outperformed Nifty by 1.04% in 3 Months,0.73,0.77,0.65,True,True,Stage 2 Structure,Stage 2 Structure
2026-07-12,ECLERX.NS,eClerx Services Limited,Information Technology Services,Technology,False,Cash,Stage 4,Stage 4,Stage 4,0.86,Price is below the 30-week trend and below long-term support structure.,Initial classification; no prior stage memory available.,,,,watchlist,10.74,Stage 4,10.74,Neutral,Volume Normal,Volume Normal (1.03x vs 10W Avg),7.09,Outperformed Nifty by 7.09% in 3 Months,1.4,1.69,1.03,False,False,Stage 4 Structure,Stage 4 Structure
2026-07-12,EDELWEISS.NS,Edelweiss Financial Services Limited,Financial Services,Financial Services,False,Cash,Stage 2,Stage 2,Advancing,0.8,Price is above constructive weekly and long-term trend structure with improving relative strength.,Initial classification; no prior stage memory available.,,,,watchlist,62.78,Stage 2 - Advancing,62.78,Strong,Volume Drying Up,Volume Drying Up (0.61x vs 10W Avg),0.44,Outperformed Nifty by 0.44% in 3 Months,0.67,0.32,0.61,True,True,Stage 2 Structure,Stage 2 Structure
2026-07-12,EICHERMOT.NS,Eicher Motors Limited,Auto Manufacturers,Consumer Cyclical,True,F&O,Stage 2,Stage 2,Advancing,0.9,Price is above constructive weekly and long-term trend structure with improving relative strength.,Initial classification; no prior stage memory available.,,,,watchlist,55.94,Stage 2 - Advancing,55.94,Neutral,Volume Normal,Volume Normal (1.05x vs 10W Avg),1.52,Outperformed Nifty by 1.52% in 3 Months,1.65,0.77,1.05,False,False,Stage 2 Structure,Stage 2 Structure
2026-07-12,EIDPARRY.NS,EID Parry India Limited,Agricultural Inputs,Basic Materials,False,Cash,Stage 4,Stage 4,Stage 4,0.86,Price is below the 30-week trend and below long-term support structure.,Initial classification; no prior stage memory available.,,,,watchlist,0.0,Stage 4,0.0,Weak,Volume Normal,Volume Normal (1.34x vs 10W Avg),-13.24,Underperformed Nifty by 13.24% in 3 Months,1.11,0.5,1.34,False,False,Stage 4 Structure,Stage 4 Structure
2026-07-12,EIEL.NS,Enviro Infra Engineers Limited,Engineering & Construction,Industrials,False,Cash,Not Sure,Not Sure,Unclear,0.0,The weekly structure does not meet reliable stage criteria.,Initial classification; no prior stage memory available.,,,,watchlist,22.02,Not Sure - Unclear,20.02,Very Strong,Volume Expanding,Volume Normal (1.46x vs 10W Avg),12.62,Outperformed Nifty by 12.62% in 3 Months,1.48,2.61,1.46,False,False,Unclear Structure,Not Rated
2026-07-12,EIHOTEL.NS,EIH Limited,Lodging,Consumer Cyclical,False,Cash,Not Sure,Not Sure,Unclear,0.0,The weekly structure does not meet reliable stage criteria.,Initial classification; no prior stage memory available.,,,,watchlist,37.58,Not Sure - Unclear,37.58,Strong,Volume Expanding,Volume Expanding (3.28x vs 10W Avg),2.85,Outperformed Nifty by 2.85% in 3 Months,1.84,0.87,3.28,False,False,Unclear Structure,Not Rated
2026-07-12,ELECON.NS,Elecon Engineering Company Limited,Specialty Industrial Machinery,Industrials,False,Cash,Stage 2,Stage 2,Advancing,0.8,Price is above constructive weekly and long-term trend structure with improving relative strength.,Initial classification; no prior stage memory available.,,,,watchlist,41.95,Stage 2 - Advancing,31.95,Strong,Volume Expanding,Volume Normal (1.43x vs 10W Avg),22.2,Outperformed Nifty by 22.2% in 3 Months,0.9,6.57,1.43,False,False,Stage 2 Structure,Stage 2 Structure
2026-07-12,ELECTCAST.NS,Electrosteel Castings Limited,Building Products & Equipment,Industrials,False,Cash,Not Sure,Not Sure,Unclear,0.0,The weekly structure does not meet reliable stage criteria.,Initial classification; no prior stage memory available.,,,,watchlist,20.27,Not Sure - Unclear,18.27,Weak,Volume Drying Up,Volume Drying Up (0.41x vs 10W Avg),-10.25,Underperformed Nifty by 10.25% in 3 Months,0.53,0.57,0.41,True,True,Unclear Structure,Not Rated
2026-07-12,ELGIEQUIP.NS,Elgi Equipments Limited,Specialty Industrial Machinery,Industrials,False,Cash,Stage 2,Stage 2,Advancing,0.8,Price is above constructive weekly and long-term trend structure with improving relative strength.,Initial classification; no prior stage memory available.,,,,watchlist,70.67,Stage 2 - Advancing,60.67,Strong,Volume Drying Up,Volume Drying Up (0.52x vs 10W Avg),6.72,Outperformed Nifty by 6.72% in 3 Months,0.73,0.59,0.52,True,True,Stage 2 Structure,Stage 2 Structure
2026-07-12,EMAMILTD.NS,Emami Limited,Household & Personal Products,Consumer Defensive,False,Cash,Stage 4,Stage 4,Stage 4,0.86,Price is below the 30-week trend and below long-term support structure.,Initial classification; no prior stage memory available.,,,,watchlist,18.13,Stage 4,8.13,Weak,Volume Normal,Volume Normal (0.87x vs 10W Avg),-2.55,Underperformed Nifty by 2.55% in 3 Months,1.14,0.5,0.87,False,True,Stage 4 Structure,Stage 4 Structure
2026-07-12,EMBDL.NS,Embassy Developments Limited,Real Estate,Real Estate,False,Cash,Not Sure,Not Sure,Unclear,0.0,The weekly structure does not meet reliable stage criteria.,Initial classification; no prior stage memory available.,,,,watchlist,24.53,Not Sure - Unclear,22.53,Strong,Volume Normal,Volume Normal (1.26x vs 10W Avg),30.11,Outperformed Nifty by 30.11% in 3 Months,0.94,1.43,1.26,False,False,Unclear Structure,Not Rated
2026-07-12,EMCURE.NS,Emcure Pharmaceuticals Limited,Drug Manufacturers - Specialty & Generic,Healthcare,False,Cash,Stage 2,Stage 2,Advancing,0.9,Price is above constructive weekly and long-term trend structure with improving relative strength.,Initial classification; no prior stage memory available.,,,,watchlist,51.3,Stage 2 - Advancing,41.3,Strong,Volume Drying Up,Volume Drying Up (0.49x vs 10W Avg),8.36,Outperformed Nifty by 8.36% in 3 Months,0.68,0.35,0.49,True,True,Stage 2 Structure,Stage 2 Structure
2026-07-12,EMIL.NS,Electronics Mart India Limited,Consumer Cyclical,Consumer Cyclical,False,Cash,Not Sure,Not Sure,Unclear,0.0,The weekly structure does not meet reliable stage criteria.,Initial classification; no prior stage memory available.,,,,watchlist,8.55,Not Sure - Unclear,8.55,Very Strong,Volume Drying Up,Volume Drying Up (0.70x vs 10W Avg),28.97,Outperformed Nifty by 28.97% in 3 Months,1.81,0.67,0.7,False,True,Unclear Structure,Not Rated
2026-07-12,EMUDHRA.NS,eMudhra Limited,Software - Application,Technology,False,Cash,Stage 4,Stage 4,Stage 4,0.86,Price is below the 30-week trend and below long-term support structure.,Initial classification; no prior stage memory available.,,,,watchlist,9.77,Stage 4,4.77,Weak,Volume Expanding,Volume Expanding (14.94x vs 10W Avg),-7.73,Underperformed Nifty by 7.73% in 3 Months,3.24,83.56,14.94,False,False,Stage 4 Structure,Stage 4 Structure
2026-07-12,ENDURANCE.NS,Endurance Technologies Limited,Auto Parts,Consumer Cyclical,False,Cash,Stage 1,Stage 1,Stage 1,0.68,Price is building a base around long-term weekly structure without a confirmed advancing phase.,Initial classification; no prior stage memory available.,,,,watchlist,38.96,Stage 1,36.96,Strong,Volume Drying Up,Volume Normal (0.97x vs 10W Avg),9.54,Outperformed Nifty by 9.54% in 3 Months,0.78,1.62,0.97,True,False,Stage 1 Structure,Stage 1 Structure
2026-07-12,ENGINERSIN.NS,Engineers India Limited,Engineering & Construction,Industrials,False,Cash,Stage 2,Stage 2,Advancing,0.8,Price is above constructive weekly and long-term trend structure with improving relative strength.,Initial classification; no prior stage memory available.,,,,watchlist,36.74,Stage 2 - Advancing,34.74,Strong,Volume Drying Up,Volume Drying Up (0.59x vs 10W Avg),7.17,Outperformed Nifty by 7.17% in 3 Months,0.61,0.41,0.59,True,True,Stage 2 Structure,Stage 2 Structure
2026-07-12,ENTERO.NS,Entero Healthcare Solutions Limited,Healthcare,Healthcare,False,Cash,Stage 2,Stage 2,Advancing,0.9,Price is above constructive weekly and long-term trend structure with improving relative strength.,Initial classification; no prior stage memory available.,,,,watchlist,53.63,Stage 2 - Advancing,53.63,Strong,Volume Drying Up,Volume Drying Up (0.48x vs 10W Avg),-4.12,Underperformed Nifty by 4.12% in 3 Months,0.48,0.83,0.48,True,True,Stage 2 Structure,Stage 2 Structure
2026-07-12,EPIGRAL.NS,Epigral Limited,Chemicals,Basic Materials,False,Cash,Stage 4,Stage 4,Stage 4,0.86,Price is below the 30-week trend and below long-term support structure.,Initial classification; no prior stage memory available.,,,,watchlist,2.0,Stage 4,0.0,Weak,Volume Expanding,Volume Normal (1.30x vs 10W Avg),-20.22,Underperformed Nifty by 20.22% in 3 Months,0.98,6.1,1.3,False,False,Stage 4 Structure,Stage 4 Structure
2026-07-12,EPL.NS,EPL Limited,Consumer Cyclical,Consumer Cyclical,False,Cash,Stage 2,Stage 2,Advancing,0.9,Price is above constructive weekly and long-term trend structure with improving relative strength.,Initial classification; no prior stage memory available.,,,,watchlist,52.61,Stage 2 - Advancing,52.61,Strong,Volume Normal,Volume Normal (1.15x vs 10W Avg),-0.49,Underperformed Nifty by 0.49% in 3 Months,0.99,0.42,1.15,False,False,Stage 2 Structure,Stage 2 Structure
2026-07-12,EQUITASBNK.NS,Equitas Small Finance Bank Limited,Banks - Regional,Financial Services,False,Cash,Stage 2,Stage 2,Advancing,0.9,Price is above constructive weekly and long-term trend structure with improving relative strength.,Initial classification; no prior stage memory available.,,,,watchlist,65.19,Stage 2 - Advancing,63.19,Very Strong,Volume Drying Up,Volume Normal (1.22x vs 10W Avg),24.47,Outperformed Nifty by 24.47% in 3 Months,0.76,2.08,1.22,True,False,Stage 2 Structure,Stage 2 Structure
2026-07-12,ERIS.NS,Eris Lifesciences Limited,Drug Manufacturers - Specialty & Generic,Healthcare,False,Cash,Not Sure,Not Sure,Unclear,0.0,The weekly structure does not meet reliable stage criteria.,Initial classification; no prior stage memory available.,,,,watchlist,36.77,Not Sure - Unclear,26.77,Strong,Volume Drying Up,Volume Drying Up (0.65x vs 10W Avg),1.69,Outperformed Nifty by 1.69% in 3 Months,0.63,1.54,0.65,True,True,Unclear Structure,Not Rated
2026-07-12,ESABINDIA.NS,Esab India Limited,Tools & Accessories,Industrials,False,Cash,Stage 1,Stage 1,Stage 1,0.64,Price is building a base around long-term weekly structure without a confirmed advancing phase.,Initial classification; no prior stage memory available.,,,,watchlist,7.81,Stage 1,7.81,Weak,Volume Drying Up,Volume Drying Up (0.30x vs 10W Avg),4.53,Outperformed Nifty by 4.53% in 3 Months,0.36,0.5,0.3,True,True,Stage 1 Structure,Stage 1 Structure
2026-07-12,ESCORTS.NS,Escorts Kubota Limited,Farm & Heavy Construction Machinery,Industrials,False,Cash,Stage 4,Stage 4,Stage 4,0.66,Price is below weekly structure.,Initial classification; no prior stage memory available.,,,,watchlist,10.28,Stage 4,10.28,Weak,Volume Drying Up,Volume Drying Up (0.67x vs 10W Avg),-9.73,Underperformed Nifty by 9.73% in 3 Months,0.72,0.68,0.67,True,True,Stage 4 Structure,Stage 4 Structure
2026-07-12,ETERNAL.NS,ETERNAL LIMITED,Consumer Cyclical,Consumer Cyclical,True,F&O,Not Sure,Not Sure,Unclear,0.0,The weekly structure does not meet reliable stage criteria.,Initial classification; no prior stage memory available.,,,,watchlist,40.1,Not Sure - Unclear,40.1,Very Strong,Volume Normal,Volume Normal (1.22x vs 10W Avg),15.61,Outperformed Nifty by 15.61% in 3 Months,1.4,0.76,1.22,False,False,Unclear Structure,Not Rated
2026-07-12,ETHOSLTD.NS,Ethos Limited,Luxury Goods,Consumer Cyclical,False,Cash,Not Sure,Not Sure,Unclear,0.0,The weekly structure does not meet reliable stage criteria.,Initial classification; no prior stage memory available.,,,,watchlist,25.11,Not Sure - Unclear,15.11,Neutral,Volume Expanding,Volume Expanding (7.30x vs 10W Avg),0.3,Outperformed Nifty by 0.3% in 3 Months,2.57,52.15,7.3,False,False,Unclear Structure,Not Rated
2026-07-12,EUREKAFORB.NS,Eureka Forbes Limited,"Furnishings, Fixtures & Appliances",Consumer Cyclical,False,Cash,Stage 4,Stage 4,Stage 4,0.86,Price is below the 30-week trend and below long-term support structure.,Initial classification; no prior stage memory available.,,,,watchlist,12.9,Stage 4,12.9,Weak,Volume Drying Up,Volume Drying Up (0.63x vs 10W Avg),-11.8,Underperformed Nifty by 11.8% in 3 Months,0.94,0.87,0.63,False,True,Stage 4 Structure,Stage 4 Structure
2026-07-12,EXIDEIND.NS,Exide Industries Limited,Auto Parts,Consumer Cyclical,True,F&O,Stage 2,Stage 2,Advancing,0.8,Price is above constructive weekly and long-term trend structure with improving relative strength.,Initial classification; no prior stage memory available.,,,,watchlist,55.16,Stage 2 - Advancing,53.16,Very Strong,Volume Normal,Volume Normal (1.13x vs 10W Avg),27.41,Outperformed Nifty by 27.41% in 3 Months,1.32,0.95,1.13,False,False,Stage 2 Structure,Stage 2 Structure
2026-07-12,FACT.NS,Fertilizers and Chemicals Travancore Limited,Agricultural Inputs,Basic Materials,False,Cash,Stage 1,Stage 1,Stage 1,0.64,Price is building a base around long-term weekly structure without a confirmed advancing phase.,Initial classification; no prior stage memory available.,,,,watchlist,28.09,Stage 1,28.09,Weak,Volume Drying Up,Volume Drying Up (0.22x vs 10W Avg),-3.04,Underperformed Nifty by 3.04% in 3 Months,0.3,0.13,0.22,True,True,Stage 1 Structure,Stage 1 Structure
2026-07-12,FDC.NS,FDC Limited,Drug Manufacturers - Specialty & Generic,Healthcare,False,Cash,Stage 1,Stage 1,Stage 1,0.68,Price is building a base around long-term weekly structure without a confirmed advancing phase.,Initial classification; no prior stage memory available.,,,,watchlist,45.14,Stage 1,35.14,Very Strong,Volume Drying Up,Volume Drying Up (0.55x vs 10W Avg),20.46,Outperformed Nifty by 20.46% in 3 Months,0.68,0.44,0.55,True,True,Stage 1 Structure,Stage 1 Structure
2026-07-12,FEDERALBNK.NS,The Federal Bank  Limited,Banks - Regional,Financial Services,True,F&O,Stage 2,Stage 2,Advancing,0.9,Price is above constructive weekly and long-term trend structure with improving relative strength.,Initial classification; no prior stage memory available.,,,,watchlist,61.01,Stage 2 - Advancing,59.01,Very Strong,Volume Drying Up,Volume Drying Up (0.33x vs 10W Avg),13.17,Outperformed Nifty by 13.17% in 3 Months,0.58,0.34,0.33,True,True,Stage 2 Structure,Stage 2 Structure
2026-07-12,FEDFINA.NS,Fedbank Financial Services Limited,Credit Services,Financial Services,False,Cash,Stage 2,Stage 2,Advancing,0.8,Price is above constructive weekly and long-term trend structure with improving relative strength.,Initial classification; no prior stage memory available.,,,,watchlist,57.54,Stage 2 - Advancing,52.54,Strong,Volume Normal,Volume Normal (1.16x vs 10W Avg),12.01,Outperformed Nifty by 12.01% in 3 Months,0.97,1.69,1.16,False,False,Stage 2 Structure,Stage 2 Structure
2026-07-12,FIEMIND.NS,Fiem Industries Limited,Auto Parts,Consumer Cyclical,False,Cash,Stage 1,Stage 1,Stage 1,0.64,Price is building a base around long-term weekly structure without a confirmed advancing phase.,Initial classification; no prior stage memory available.,,,,watchlist,26.57,Stage 1,24.57,Neutral,Volume Drying Up,Volume Drying Up (0.61x vs 10W Avg),-1.43,Underperformed Nifty by 1.43% in 3 Months,0.56,0.64,0.61,True,True,Stage 1 Structure,Stage 1 Structure
2026-07-12,FINCABLES.NS,Finolex Cables Limited,Electrical Equipment & Parts,Industrials,False,Cash,Stage 2,Stage 2,Advancing,0.8,Price is above constructive weekly and long-term trend structure with improving relative strength.,Initial classification; no prior stage memory available.,,,,watchlist,44.41,Stage 2 - Advancing,34.41,Strong,Volume Drying Up,Volume Drying Up (0.38x vs 10W Avg),17.53,Outperformed Nifty by 17.53% in 3 Months,0.61,0.26,0.38,True,True,Stage 2 Structure,Stage 2 Structure
2026-07-12,FINEORG.NS,Fine Organic Industries Limited,Specialty Chemicals,Basic Materials,False,Cash,Stage 2,Stage 2,Advancing,0.9,Price is above constructive weekly and long-term trend structure with improving relative strength.,Initial classification; no prior stage memory available.,,,,watchlist,68.35,Stage 2 - Advancing,63.35,Strong,Volume Drying Up,Volume Drying Up (0.68x vs 10W Avg),5.89,Outperformed Nifty by 5.89% in 3 Months,0.87,0.49,0.68,False,True,Stage 2 Structure,Stage 2 Structure
2026-07-12,FINPIPE.NS,Finolex Industries Limited,Building Products & Equipment,Industrials,False,Cash,Stage 1,Stage 1,Stage 1,0.64,Price is building a base around long-term weekly structure without a confirmed advancing phase.,Initial classification; no prior stage memory available.,,,,watchlist,8.58,Stage 1,6.58,Weak,Volume Drying Up,Volume Drying Up (0.33x vs 10W Avg),0.81,Outperformed Nifty by 0.81% in 3 Months,0.39,0.48,0.33,True,True,Stage 1 Structure,Stage 1 Structure
2026-07-12,FIRSTCRY.NS,Brainbees Solutions Limited,Consumer Cyclical,Consumer Cyclical,False,Cash,Stage 4,Stage 4,Stage 4,0.86,Price is below the 30-week trend and below long-term support structure.,Initial classification; no prior stage memory available.,,,,watchlist,13.38,Stage 4,13.38,Weak,Volume Drying Up,Volume Drying Up (0.59x vs 10W Avg),-16.14,Underperformed Nifty by 16.14% in 3 Months,0.78,0.98,0.59,True,True,Stage 4 Structure,Stage 4 Structure
2026-07-12,FIVESTAR.NS,Five-Star Business Finance Limited,Credit Services,Financial Services,False,Cash,Not Sure,Not Sure,Unclear,0.0,The weekly structure does not meet reliable stage criteria.,Initial classification; no prior stage memory available.,,,,watchlist,38.46,Not Sure - Unclear,33.46,Very Strong,Volume Drying Up,Volume Drying Up (0.54x vs 10W Avg),28.06,Outperformed Nifty by 28.06% in 3 Months,0.86,0.59,0.54,False,True,Unclear Structure,Not Rated
2026-07-12,FLAIR.NS,Flair Writing Industries Limited,Industrials,Industrials,False,Cash,Stage 4,Stage 4,Stage 4,0.86,Price is below the 30-week trend and below long-term support structure.,Initial classification; no prior stage memory available.,,,,watchlist,0.0,Stage 4,0.0,Weak,Volume Drying Up,Volume Drying Up (0.47x vs 10W Avg),-19.62,Underperformed Nifty by 19.62% in 3 Months,1.07,0.88,0.47,False,True,Stage 4 Structure,Stage 4 Structure
2026-07-12,FLUOROCHEM.NS,Gujarat Fluorochemicals Limited,Specialty Chemicals,Basic Materials,False,Cash,Stage 2,Stage 2,Advancing,0.8,Price is above constructive weekly and long-term trend structure with improving relative strength.,Initial classification; no prior stage memory available.,,,,watchlist,76.66,Stage 2 - Advancing,71.66,Very Strong,Volume Normal,Volume Normal (1.16x vs 10W Avg),14.83,Outperformed Nifty by 14.83% in 3 Months,1.24,0.95,1.16,False,False,Stage 2 Structure,Stage 2 Structure
2026-07-12,FMGOETZE.NS,Federal-Mogul Goetze (India) Limited.,Auto Parts,Consumer Cyclical,False,Cash,Not Sure,Not Sure,Unclear,0.0,The weekly structure does not meet reliable stage criteria.,Initial classification; no prior stage memory available.,,,,watchlist,32.48,Not Sure - Unclear,30.48,Neutral,Volume Drying Up,Volume Drying Up (0.59x vs 10W Avg),0.21,Outperformed Nifty by 0.21% in 3 Months,0.69,0.87,0.59,True,True,Unclear Structure,Not Rated
2026-07-12,FORCEMOT.NS,FORCE MOTORS LTD,Auto Manufacturers,Consumer Cyclical,True,F&O,Stage 4,Stage 4,Stage 4,0.66,Price is below weekly structure.,Initial classification; no prior stage memory available.,,,,watchlist,17.91,Stage 4,17.91,Weak,Volume Drying Up,Volume Drying Up (0.63x vs 10W Avg),-20.62,Underperformed Nifty by 20.62% in 3 Months,1.11,0.46,0.63,False,True,Stage 4 Structure,Stage 4 Structure
2026-07-12,FORTIS.NS,Fortis Healthcare Limited,Medical Care Facilities,Healthcare,True,F&O,Stage 2,Stage 2,Advancing,0.8,Price is above constructive weekly and long-term trend structure with improving relative strength.,Initial classification; no prior stage memory available.,,,,watchlist,56.45,Stage 2 - Advancing,51.45,Strong,Volume Normal,Volume Normal (1.24x vs 10W Avg),8.49,Outperformed Nifty by 8.49% in 3 Months,1.45,1.04,1.24,False,False,Stage 2 Structure,Stage 2 Structure
2026-07-12,FOSECOIND.NS,Foseco India Limited,Chemicals,Basic Materials,False,Cash,Stage 1,Stage 1,Stage 1,0.68,Price is building a base around long-term weekly structure without a confirmed advancing phase.,Initial classification; no prior stage memory available.,,,,watchlist,34.72,Stage 1,32.72,Very Strong,Volume Drying Up,Volume Drying Up (0.28x vs 10W Avg),15.0,Outperformed Nifty by 15.0% in 3 Months,0.47,0.47,0.28,True,True,Stage 1 Structure,Stage 1 Structure
2026-07-12,FSL.NS,Firstsource Solutions Limited,Information Technology Services,Technology,False,Cash,Not Sure,Not Sure,Unclear,0.0,The weekly structure does not meet reliable stage criteria.,Initial classification; no prior stage memory available.,,,,watchlist,9.9,Not Sure - Unclear,9.9,Strong,Volume Drying Up,Volume Drying Up (0.38x vs 10W Avg),16.04,Outperformed Nifty by 16.04% in 3 Months,0.39,2.55,0.38,True,True,Unclear Structure,Not Rated
2026-07-12,FUSION.NS,Fusion Finance Limited,Credit Services,Financial Services,False,Cash,Stage 2,Stage 2,Extended,0.78,"Weekly advancing structure remains intact, but price is stretched versus key moving averages.",Initial classification; no prior stage memory available.,,,,watchlist,53.7,Stage 2 - Extended,48.7,Very Strong,Volume Expanding,Volume Expanding (1.84x vs 10W Avg),46.94,Outperformed Nifty by 46.94% in 3 Months,2.29,1.88,1.84,False,False,Stage 2 Structure,Stage 2 Structure
2026-07-12,GABRIEL.NS,Gabriel India Limited,Auto Parts,Consumer Cyclical,False,Cash,Stage 2,Stage 2,Advancing,0.8,Price is above constructive weekly and long-term trend structure with improving relative strength.,Initial classification; no prior stage memory available.,,,,watchlist,65.96,Stage 2 - Advancing,63.96,Very Strong,Volume Drying Up,Volume Drying Up (0.62x vs 10W Avg),27.88,Outperformed Nifty by 27.88% in 3 Months,0.74,0.38,0.62,True,True,Stage 2 Structure,Stage 2 Structure
2026-07-12,GAEL.NS,Gujarat Ambuja Exports Limited,Packaged Foods,Consumer Defensive,False,Cash,Stage 2,Stage 2,Advancing,0.8,Price is above constructive weekly and long-term trend structure with improving relative strength.,Initial classification; no prior stage memory available.,,,,watchlist,31.93,Stage 2 - Advancing,31.93,Neutral,Volume Normal,Volume Normal (0.99x vs 10W Avg),-2.13,Underperformed Nifty by 2.13% in 3 Months,1.03,1.35,0.99,False,False,Stage 2 Structure,Stage 2 Structure
2026-07-12,GAIL.NS,GAIL (India) Limited,Utilities,Utilities,True,F&O,Stage 1,Stage 1,Stage 1,0.68,Price is building a base around long-term weekly structure without a confirmed advancing phase.,Initial classification; no prior stage memory available.,,,,watchlist,40.22,Stage 1,38.22,Strong,Volume Drying Up,Volume Drying Up (0.73x vs 10W Avg),9.46,Outperformed Nifty by 9.46% in 3 Months,0.69,0.39,0.73,True,True,Stage 1 Structure,Stage 1 Structure
2026-07-12,GALAXYSURF.NS,Galaxy Surfactants Limited,Specialty Chemicals,Basic Materials,False,Cash,Not Sure,Not Sure,Unclear,0.0,The weekly structure does not meet reliable stage criteria.,Initial classification; no prior stage memory available.,,,,watchlist,45.06,Not Sure - Unclear,40.06,Strong,Volume Drying Up,Volume Drying Up (0.64x vs 10W Avg),9.11,Outperformed Nifty by 9.11% in 3 Months,0.74,0.3,0.64,True,True,Unclear Structure,Not Rated
2026-07-12,GALLANTT.NS,Gallantt Ispat Limited,Steel,Basic Materials,False,Cash,Stage 3,Stage 3,Early,0.68,"Prior strength has shifted into a Stage 3 transition based on trend, relative strength, and volume evidence.",Initial classification; no prior stage memory available.,,,,watchlist,8.29,Stage 3 Early,3.29,Neutral,Volume Drying Up,Volume Drying Up (0.11x vs 10W Avg),-17.33,Underperformed Nifty by 17.33% in 3 Months,0.16,0.5,0.11,True,True,Stage 3 Structure,Stage 3 Structure
2026-07-12,GANECOS.NS,Ganesha Ecosphere Limited,Textile Manufacturing,Consumer Cyclical,False,Cash,Not Sure,Not Sure,Unclear,0.0,The weekly structure does not meet reliable stage criteria.,Initial classification; no prior stage memory available.,,,,watchlist,29.15,Not Sure - Unclear,19.15,Strong,Volume Expanding,Volume Expanding (1.67x vs 10W Avg),3.05,Outperformed Nifty by 3.05% in 3 Months,1.73,1.17,1.67,False,False,Unclear Structure,Not Rated
2026-07-12,GANESHHOU.NS,GANESH HOUSING LIMITED,Real Estate,Real Estate,False,Cash,Not Sure,Not Sure,Unclear,0.0,The weekly structure does not meet reliable stage criteria.,Initial classification; no prior stage memory available.,,,,watchlist,24.5,Not Sure - Unclear,22.5,Very Strong,Volume Expanding,Volume Expanding (9.62x vs 10W Avg),39.76,Outperformed Nifty by 39.76% in 3 Months,2.89,0.36,9.62,False,False,Unclear Structure,Not Rated
2026-07-12,GARFIBRES.NS,Garware Technical Fibres Limited,Textile Manufacturing,Consumer Cyclical,False,Cash,Stage 1,Stage 1,Stage 1,0.68,Price is building a base around long-term weekly structure without a confirmed advancing phase.,Initial classification; no prior stage memory available.,,,,watchlist,17.84,Stage 1,7.84,Very Strong,Volume Drying Up,Volume Drying Up (0.29x vs 10W Avg),12.29,Outperformed Nifty by 12.29% in 3 Months,0.39,0.22,0.29,True,True,Stage 1 Structure,Stage 1 Structure
2026-07-12,GATEWAY.NS,Gateway Distriparks Limited,Industrials,Industrials,False,Cash,Stage 1,Stage 1,Stage 1,0.68,Price is building a base around long-term weekly structure without a confirmed advancing phase.,Initial classification; no prior stage memory available.,,,,watchlist,40.41,Stage 1,40.41,Neutral,Volume Drying Up,Volume Drying Up (0.75x vs 10W Avg),0.09,Outperformed Nifty by 0.09% in 3 Months,0.96,0.41,0.75,False,True,Stage 1 Structure,Stage 1 Structure
2026-07-12,GENUSPOWER.NS,Genus Power Infrastructures Limited,Electrical Equipment & Parts,Industrials,False,Cash,Stage 2,Stage 2,Advancing,0.8,Price is above constructive weekly and long-term trend structure with improving relative strength.,Initial classification; no prior stage memory available.,,,,watchlist,54.07,Stage 2 - Advancing,44.07,Neutral,Volume Normal,Volume Normal (1.04x vs 10W Avg),5.05,Outperformed Nifty by 5.05% in 3 Months,3.49,0.55,1.04,False,False,Stage 2 Structure,Stage 2 Structure
2026-07-12,GESHIP.NS,The Great Eastern Shipping Company Limited,Marine Shipping,Industrials,False,Cash,Stage 2,Stage 2,Advancing,0.8,Price is above constructive weekly and long-term trend structure with improving relative strength.,Initial classification; no prior stage memory available.,,,,watchlist,37.72,Stage 2 - Advancing,32.72,Neutral,Volume Drying Up,Volume Drying Up (0.25x vs 10W Avg),0.34,Outperformed Nifty by 0.34% in 3 Months,0.35,0.42,0.25,True,True,Stage 2 Structure,Stage 2 Structure
2026-07-12,GHCL.NS,GHCL Limited,Chemicals,Basic Materials,False,Cash,Stage 4,Stage 4,Stage 4,0.86,Price is below the 30-week trend and below long-term support structure.,Initial classification; no prior stage memory available.,,,,watchlist,10.14,Stage 4,8.14,Weak,Volume Drying Up,Volume Drying Up (0.58x vs 10W Avg),-13.08,Underperformed Nifty by 13.08% in 3 Months,0.52,0.34,0.58,True,True,Stage 4 Structure,Stage 4 Structure
2026-07-12,GICRE.NS,General Insurance Corporation of India,Financial Services,Financial Services,False,Cash,Stage 3,Stage 3,Early,0.68,"Prior strength has shifted into a Stage 3 transition based on trend, relative strength, and volume evidence.",Initial classification; no prior stage memory available.,,,,watchlist,7.62,Stage 3 Early,7.62,Weak,Volume Drying Up,Volume Drying Up (0.67x vs 10W Avg),-10.37,Underperformed Nifty by 10.37% in 3 Months,0.63,0.49,0.67,True,True,Stage 3 Structure,Stage 3 Structure
2026-07-12,GILLETTE.NS,Gillette India Limited,Household & Personal Products,Consumer Defensive,False,Cash,Stage 4,Stage 4,Stage 4,0.86,Price is below the 30-week trend and below long-term support structure.,Initial classification; no prior stage memory available.,,,,watchlist,37.66,Stage 4,27.66,Weak,Volume Drying Up,Volume Drying Up (0.67x vs 10W Avg),-1.41,Underperformed Nifty by 1.41% in 3 Months,0.87,0.45,0.67,False,True,Stage 4 Structure,Stage 4 Structure
2026-07-12,GLAND.NS,Gland Pharma Limited,Drug Manufacturers - Specialty & Generic,Healthcare,False,Cash,Stage 2,Stage 2,Advancing,0.9,Price is above constructive weekly and long-term trend structure with improving relative strength.,Initial classification; no prior stage memory available.,,,,watchlist,47.39,Stage 2 - Advancing,37.39,Very Strong,Volume Normal,Volume Normal (0.96x vs 10W Avg),39.65,Outperformed Nifty by 39.65% in 3 Months,1.04,0.46,0.96,False,False,Stage 2 Structure,Stage 2 Structure
2026-07-12,GLAXO.NS,GlaxoSmithKline Pharmaceuticals Limited,Drug Manufacturers - General,Healthcare,False,Cash,Not Sure,Not Sure,Unclear,0.0,The weekly structure does not meet reliable stage criteria.,Initial classification; no prior stage memory available.,,,,watchlist,36.88,Not Sure - Unclear,31.88,Strong,Volume Drying Up,Volume Drying Up (0.50x vs 10W Avg),2.14,Outperformed Nifty by 2.14% in 3 Months,0.81,0.17,0.5,True,True,Unclear Structure,Not Rated
2026-07-12,GLENMARK.NS,Glenmark Pharmaceuticals Limited,Drug Manufacturers - Specialty & Generic,Healthcare,True,F&O,Stage 2,Stage 2,Advancing,0.9,Price is above constructive weekly and long-term trend structure with improving relative strength.,Initial classification; no prior stage memory available.,,,,watchlist,72.94,Stage 2 - Advancing,62.94,Strong,Volume Drying Up,Volume Drying Up (0.79x vs 10W Avg),-0.73,Underperformed Nifty by 0.73% in 3 Months,0.96,0.9,0.79,False,True,Stage 2 Structure,Stage 2 Structure
2026-07-12,GLOBUSSPR.NS,Globus Spirits Limited,Consumer Defensive,Consumer Defensive,False,Cash,Stage 4,Stage 4,Stage 4,0.66,Price is below weekly structure.,Initial classification; no prior stage memory available.,,,,watchlist,14.29,Stage 4,14.29,Neutral,Volume Drying Up,Volume Drying Up (0.67x vs 10W Avg),-0.72,Underperformed Nifty by 0.72% in 3 Months,0.8,0.62,0.67,True,True,Stage 4 Structure,Stage 4 Structure
2026-07-12,GMDCLTD.NS,Gujarat Mineral Development Corporation Limited,Energy,Energy,False,Cash,Stage 3,Stage 3,Early,0.68,"Prior strength has shifted into a Stage 3 transition based on trend, relative strength, and volume evidence.",Initial classification; no prior stage memory available.,,,,watchlist,27.8,Stage 3 Early,25.8,Weak,Volume Drying Up,Volume Drying Up (0.43x vs 10W Avg),-7.05,Underperformed Nifty by 7.05% in 3 Months,0.69,0.63,0.43,True,True,Stage 3 Structure,Stage 3 Structure
2026-07-12,GMMPFAUDLR.NS,GMM Pfaudler Limited,Specialty Industrial Machinery,Industrials,False,Cash,Stage 4,Stage 4,Stage 4,0.86,Price is below the 30-week trend and below long-term support structure.,Initial classification; no prior stage memory available.,,,,watchlist,17.47,Stage 4,7.47,Weak,Volume Drying Up,Volume Drying Up (0.67x vs 10W Avg),-20.94,Underperformed Nifty by 20.94% in 3 Months,0.63,0.99,0.67,True,True,Stage 4 Structure,Stage 4 Structure
2026-07-12,GMRAIRPORT.NS,GMR AIRPORTS LIMITED,Industrials,Industrials,True,F&O,Stage 2,Stage 2,Advancing,0.9,Price is above constructive weekly and long-term trend structure with improving relative strength.,Initial classification; no prior stage memory available.,,,,watchlist,55.33,Stage 2 - Advancing,55.33,Very Strong,Volume Drying Up,Volume Drying Up (0.84x vs 10W Avg),11.58,Outperformed Nifty by 11.58% in 3 Months,1.22,0.37,0.84,False,True,Stage 2 Structure,Stage 2 Structure
2026-07-12,GMRP&UI.NS,GMR Power and Urban Infra Limited,Energy,Energy,False,Cash,Stage 4,Stage 4,Stage 4,0.86,Price is below the 30-week trend and below long-term support structure.,Initial classification; no prior stage memory available.,,,,watchlist,20.98,Stage 4,18.98,Weak,Volume Drying Up,Volume Drying Up (0.48x vs 10W Avg),-9.23,Underperformed Nifty by 9.23% in 3 Months,0.48,0.79,0.48,True,True,Stage 4 Structure,Stage 4 Structure
2026-07-12,GNFC.NS,Gujarat Narmada Valley Fertilizers and Chemicals Limited,Chemicals,Basic Materials,False,Cash,Stage 2,Stage 2,Advancing,0.8,Price is above constructive weekly and long-term trend structure with improving relative strength.,Initial classification; no prior stage memory available.,,,,watchlist,29.69,Stage 2 - Advancing,27.69,Strong,Volume Drying Up,Volume Drying Up (0.55x vs 10W Avg),9.75,Outperformed Nifty by 9.75% in 3 Months,0.53,0.84,0.55,True,True,Stage 2 Structure,Stage 2 Structure
2026-07-12,GODFRYPHLP.NS,Godfrey Phillips India Limited,Consumer Defensive,Consumer Defensive,True,F&O,Stage 4,Stage 4,Stage 4,0.86,Price is below the 30-week trend and below long-term support structure.,Initial classification; no prior stage memory available.,,,,watchlist,6.23,Stage 4,6.23,Weak,Volume Drying Up,Volume Drying Up (0.27x vs 10W Avg),-0.74,Underperformed Nifty by 0.74% in 3 Months,0.41,0.4,0.27,True,True,Stage 4 Structure,Stage 4 Structure
2026-07-12,GODIGIT.NS,Go Digit General Insurance Limited,Financial Services,Financial Services,False,Cash,Stage 4,Stage 4,Stage 4,0.66,Price is below weekly structure.,Initial classification; no prior stage memory available.,,,,watchlist,20.57,Stage 4,20.57,Weak,Volume Drying Up,Volume Drying Up (0.25x vs 10W Avg),-4.35,Underperformed Nifty by 4.35% in 3 Months,1.02,0.36,0.25,False,True,Stage 4 Structure,Stage 4 Structure
2026-07-12,GODREJAGRO.NS,Godrej Agrovet Limited,Packaged Foods,Consumer Defensive,False,Cash,Stage 4,Stage 4,Stage 4,0.86,Price is below the 30-week trend and below long-term support structure.,Initial classification; no prior stage memory available.,,,,watchlist,23.82,Stage 4,23.82,Weak,Volume Drying Up,Volume Drying Up (0.75x vs 10W Avg),-8.99,Underperformed Nifty by 8.99% in 3 Months,0.74,1.22,0.75,True,True,Stage 4 Structure,Stage 4 Structure
2026-07-12,GODREJCP.NS,Godrej Consumer Products Limited,Household & Personal Products,Consumer Defensive,True,F&O,Stage 4,Stage 4,Stage 4,0.66,Price is below weekly structure.,Initial classification; no prior stage memory available.,,,,watchlist,40.37,Stage 4,30.37,Neutral,Volume Drying Up,Volume Drying Up (0.76x vs 10W Avg),-1.05,Underperformed Nifty by 1.05% in 3 Months,0.74,0.21,0.76,True,True,Stage 4 Structure,Stage 4 Structure
2026-07-12,GODREJIND.NS,Godrej Industries Limited,Conglomerates,Industrials,False,Cash,Stage 2,Stage 2,Extended,0.78,"Weekly advancing structure remains intact, but price is stretched versus key moving averages.",Initial classification; no prior stage memory available.,,,,watchlist,38.63,Stage 2 - Extended,36.63,Very Strong,Volume Expanding,Volume Expanding (2.07x vs 10W Avg),54.6,Outperformed Nifty by 54.6% in 3 Months,1.07,15.04,2.07,False,False,Stage 2 Structure,Stage 2 Structure
2026-07-12,GODREJPROP.NS,Godrej Properties Limited,Real Estate,Real Estate,True,F&O,Not Sure,Not Sure,Unclear,0.0,The weekly structure does not meet reliable stage criteria.,Initial classification; no prior stage memory available.,,,,watchlist,41.76,Not Sure - Unclear,39.76,Very Strong,Volume Expanding,Volume Normal (1.44x vs 10W Avg),20.78,Outperformed Nifty by 20.78% in 3 Months,1.21,1.81,1.44,False,False,Unclear Structure,Not Rated
2026-07-12,GOKEX.NS,Gokaldas Exports Limited,Apparel Manufacturing,Consumer Cyclical,False,Cash,Not Sure,Not Sure,Unclear,0.0,The weekly structure does not meet reliable stage criteria.,Initial classification; no prior stage memory available.,,,,watchlist,41.24,Not Sure - Unclear,41.24,Very Strong,Volume Drying Up,Volume Drying Up (0.52x vs 10W Avg),18.04,Outperformed Nifty by 18.04% in 3 Months,0.7,0.2,0.52,True,True,Unclear Structure,Not Rated
2026-07-12,GOKULAGRO.NS,Gokul Agro Resources Limited,Packaged Foods,Consumer Defensive,False,Cash,Stage 2,Stage 2,Advancing,0.8,Price is above constructive weekly and long-term trend structure with improving relative strength.,Initial classification; no prior stage memory available.,,,,watchlist,31.49,Stage 2 - Advancing,31.49,Neutral,Volume Drying Up,Volume Drying Up (0.52x vs 10W Avg),5.54,Outperformed Nifty by 5.54% in 3 Months,0.54,1.25,0.52,True,True,Stage 2 Structure,Stage 2 Structure
2026-07-12,GOLDIAM.NS,Goldiam International Limited,Luxury Goods,Consumer Cyclical,False,Cash,Stage 2,Stage 2,Extended,0.78,"Weekly advancing structure remains intact, but price is stretched versus key moving averages.",Initial classification; no prior stage memory available.,,,,watchlist,58.78,Stage 2 - Extended,48.78,Very Strong,Volume Expanding,Volume Expanding (2.30x vs 10W Avg),29.6,Outperformed Nifty by 29.6% in 3 Months,1.38,6.41,2.3,False,False,Stage 2 Structure,Stage 2 Structure
2026-07-12,GOODLUCK.NS,Goodluck India Limited,Steel,Basic Materials,False,Cash,Stage 2,Stage 2,Advancing,0.8,Price is above constructive weekly and long-term trend structure with improving relative strength.,Initial classification; no prior stage memory available.,,,,watchlist,50.05,Stage 2 - Advancing,45.05,Very Strong,Volume Normal,Volume Normal (1.09x vs 10W Avg),40.41,Outperformed Nifty by 40.41% in 3 Months,1.48,0.94,1.09,False,False,Stage 2 Structure,Stage 2 Structure
2026-07-12,GOPAL.NS,Gopal Snacks Limited,Packaged Foods,Consumer Defensive,False,Cash,Stage 4,Stage 4,Stage 4,0.86,Price is below the 30-week trend and below long-term support structure.,Initial classification; no prior stage memory available.,,,,watchlist,7.76,Stage 4,7.76,Weak,Volume Drying Up,Volume Drying Up (0.30x vs 10W Avg),-2.48,Underperformed Nifty by 2.48% in 3 Months,0.49,1.07,0.3,True,True,Stage 4 Structure,Stage 4 Structure
2026-07-12,GPIL.NS,Godawari Power And Ispat limited,Steel,Basic Materials,False,Cash,Stage 4,Stage 4,Stage 4,0.66,Price is below weekly structure.,Initial classification; no prior stage memory available.,,,,watchlist,20.88,Stage 4,15.88,Weak,Volume Drying Up,Volume Drying Up (0.33x vs 10W Avg),-17.97,Underperformed Nifty by 17.97% in 3 Months,0.43,0.77,0.33,True,True,Stage 4 Structure,Stage 4 Structure
2026-07-12,GPPL.NS,Gujarat Pipavav Port Limited,Marine Shipping,Industrials,False,Cash,Stage 4,Stage 4,Stage 4,0.66,Price is below weekly structure.,Initial classification; no prior stage memory available.,,,,watchlist,11.68,Stage 4,6.68,Weak,Volume Drying Up,Volume Drying Up (0.77x vs 10W Avg),-1.54,Underperformed Nifty by 1.54% in 3 Months,0.68,0.71,0.77,True,True,Stage 4 Structure,Stage 4 Structure
2026-07-12,GRANULES.NS,Granules India Limited,Drug Manufacturers - Specialty & Generic,Healthcare,False,Cash,Stage 2,Stage 2,Extended,0.78,"Weekly advancing structure remains intact, but price is stretched versus key moving averages.",Initial classification; no prior stage memory available.,,,,watchlist,48.97,Stage 2 - Extended,38.97,Very Strong,Volume Normal,Volume Normal (1.23x vs 10W Avg),34.53,Outperformed Nifty by 34.53% in 3 Months,1.23,1.29,1.23,False,False,Stage 2 Structure,Stage 2 Structure
2026-07-12,GRAPHITE.NS,Graphite India Limited,Electrical Equipment & Parts,Industrials,False,Cash,Stage 4,Stage 4,Stage 4,0.66,Price is below weekly structure.,Initial classification; no prior stage memory available.,,,,watchlist,10.76,Stage 4,0.76,Weak,Volume Drying Up,Volume Normal (0.99x vs 10W Avg),-9.88,Underperformed Nifty by 9.88% in 3 Months,0.72,3.18,0.99,True,False,Stage 4 Structure,Stage 4 Structure
2026-07-12,GRASIM.NS,Grasim Industries Limited,Building Materials,Basic Materials,True,F&O,Stage 2,Stage 2,Advancing,0.9,Price is above constructive weekly and long-term trend structure with improving relative strength.,Initial classification; no prior stage memory available.,,,,watchlist,55.8,Stage 2 - Advancing,55.8,Very Strong,Volume Drying Up,Volume Drying Up (0.70x vs 10W Avg),15.41,Outperformed Nifty by 15.41% in 3 Months,0.82,0.78,0.7,True,True,Stage 2 Structure,Stage 2 Structure
2026-07-12,GRAVITA.NS,Gravita India Limited,Metal Fabrication,Industrials,False,Cash,Stage 2,Stage 2,Advancing,0.8,Price is above constructive weekly and long-term trend structure with improving relative strength.,Initial classification; no prior stage memory available.,,,,watchlist,77.03,Stage 2 - Advancing,67.03,Very Strong,Volume Expanding,Volume Expanding (3.11x vs 10W Avg),12.86,Outperformed Nifty by 12.86% in 3 Months,1.68,2.55,3.11,False,False,Stage 2 Structure,Stage 2 Structure
2026-07-12,GREAVESCOT.NS,Greaves Cotton Limited,Specialty Industrial Machinery,Industrials,False,Cash,Stage 1,Stage 1,Stage 1,0.68,Price is building a base around long-term weekly structure without a confirmed advancing phase.,Initial classification; no prior stage memory available.,,,,watchlist,31.69,Stage 1,21.69,Very Strong,Volume Expanding,Volume Expanding (3.19x vs 10W Avg),65.71,Outperformed Nifty by 65.71% in 3 Months,2.13,7.68,3.19,False,False,Stage 1 Structure,Stage 1 Structure
2026-07-12,GREENLAM.NS,Greenlam Industries Limited,"Furnishings, Fixtures & Appliances",Consumer Cyclical,False,Cash,Stage 1,Stage 1,Stage 1,0.68,Price is building a base around long-term weekly structure without a confirmed advancing phase.,Initial classification; no prior stage memory available.,,,,watchlist,23.54,Stage 1,23.54,Strong,Volume Drying Up,Volume Drying Up (0.20x vs 10W Avg),17.43,Outperformed Nifty by 17.43% in 3 Months,0.2,0.1,0.2,True,True,Stage 1 Structure,Stage 1 Structure
2026-07-12,GREENPANEL.NS,Greenpanel Industries Limited,Basic Materials,Basic Materials,False,Cash,Stage 4,Stage 4,Stage 4,0.86,Price is below the 30-week trend and below long-term support structure.,Initial classification; no prior stage memory available.,,,,watchlist,9.64,Stage 4,9.64,Weak,Volume Drying Up,Volume Drying Up (0.83x vs 10W Avg),-11.54,Underperformed Nifty by 11.54% in 3 Months,0.72,1.9,0.83,True,True,Stage 4 Structure,Stage 4 Structure
2026-07-12,GREENPLY.NS,Greenply Industries Limited,Basic Materials,Basic Materials,False,Cash,Stage 1,Stage 1,Stage 1,0.68,Price is building a base around long-term weekly structure without a confirmed advancing phase.,Initial classification; no prior stage memory available.,,,,watchlist,21.49,Stage 1,21.49,Very Strong,Volume Drying Up,Volume Drying Up (0.17x vs 10W Avg),45.26,Outperformed Nifty by 45.26% in 3 Months,0.98,0.72,0.17,False,True,Stage 1 Structure,Stage 1 Structure
2026-07-12,GRINDWELL.NS,Grindwell Norton Limited,Building Products & Equipment,Industrials,False,Cash,Stage 2,Stage 2,Advancing,0.9,Price is above constructive weekly and long-term trend structure with improving relative strength.,Initial classification; no prior stage memory available.,,,,watchlist,37.22,Stage 2 - Advancing,35.22,Very Strong,Volume Expanding,Volume Expanding (1.66x vs 10W Avg),33.49,Outperformed Nifty by 33.49% in 3 Months,1.18,0.36,1.66,False,False,Stage 2 Structure,Stage 2 Structure
2026-07-12,GRINFRA.NS,G R Infraprojects Limited,Engineering & Construction,Industrials,False,Cash,Stage 4,Stage 4,Stage 4,0.86,Price is below the 30-week trend and below long-term support structure.,Initial classification; no prior stage memory available.,,,,watchlist,25.63,Stage 4,23.63,Weak,Volume Drying Up,Volume Drying Up (0.22x vs 10W Avg),0.97,Outperformed Nifty by 0.97% in 3 Months,0.35,0.3,0.22,True,True,Stage 4 Structure,Stage 4 Structure
2026-07-12,GRMOVER.NS,GRM Overseas Limited,Packaged Foods,Consumer Defensive,False,Cash,Stage 4,Stage 4,Stage 4,0.86,Price is below the 30-week trend and below long-term support structure.,Initial classification; no prior stage memory available.,,,,watchlist,0.0,Stage 4,0.0,Weak,Volume Drying Up,Volume Drying Up (0.33x vs 10W Avg),-42.89,Underperformed Nifty by 42.89% in 3 Months,0.32,0.09,0.33,True,True,Stage 4 Structure,Stage 4 Structure
2026-07-12,GRSE.NS,Garden Reach Shipbuilders & Engineers Limited,Aerospace & Defense,Industrials,False,Cash,Stage 2,Stage 2,Advancing,0.8,Price is above constructive weekly and long-term trend structure with improving relative strength.,Initial classification; no prior stage memory available.,,,,watchlist,44.82,Stage 2 - Advancing,34.82,Neutral,Volume Drying Up,Volume Drying Up (0.27x vs 10W Avg),1.93,Outperformed Nifty by 1.93% in 3 Months,0.48,0.38,0.27,True,True,Stage 2 Structure,Stage 2 Structure
2026-07-12,GRWRHITECH.NS,Garware Hi-Tech Films Limited,Specialty Chemicals,Basic Materials,False,Cash,Stage 2,Stage 2,Extended,0.78,"Weekly advancing structure remains intact, but price is stretched versus key moving averages.",Initial classification; no prior stage memory available.,,,,watchlist,53.26,Stage 2 - Extended,48.26,Very Strong,Volume Drying Up,Volume Drying Up (0.49x vs 10W Avg),71.75,Outperformed Nifty by 71.75% in 3 Months,0.51,0.87,0.49,True,True,Stage 2 Structure,Stage 2 Structure
2026-07-12,GSFC.NS,Gujarat State Fertilizers & Chemicals Limited,Agricultural Inputs,Basic Materials,False,Cash,Stage 4,Stage 4,Stage 4,0.66,Price is below weekly structure.,Initial classification; no prior stage memory available.,,,,watchlist,2.69,Stage 4,2.69,Weak,Volume Drying Up,Volume Drying Up (0.70x vs 10W Avg),-6.57,Underperformed Nifty by 6.57% in 3 Months,0.78,1.21,0.7,True,True,Stage 4 Structure,Stage 4 Structure
2026-07-12,GUFICBIO.NS,Gufic Biosciences Limited,Drug Manufacturers - Specialty & Generic,Healthcare,False,Cash,Stage 2,Stage 2,Extended,0.78,"Weekly advancing structure remains intact, but price is stretched versus key moving averages.",Initial classification; no prior stage memory available.,,,,watchlist,55.03,Stage 2 - Extended,45.03,Very Strong,Volume Drying Up,Volume Drying Up (0.56x vs 10W Avg),25.67,Outperformed Nifty by 25.67% in 3 Months,3.31,0.29,0.56,False,True,Stage 2 Structure,Stage 2 Structure
2026-07-12,GUJALKALI.NS,Gujarat Alkalies and Chemicals Limited,Chemicals,Basic Materials,False,Cash,Stage 3,Stage 3,Early,0.68,"Prior strength has shifted into a Stage 3 transition based on trend, relative strength, and volume evidence.",Initial classification; no prior stage memory available.,,,,watchlist,6.69,Stage 3 Early,4.69,Weak,Volume Drying Up,Volume Drying Up (0.13x vs 10W Avg),-11.92,Underperformed Nifty by 11.92% in 3 Months,0.27,0.28,0.13,True,True,Stage 3 Structure,Stage 3 Structure
2026-07-12,GUJGASLTD.NS,Gujarat Gas Limited,Utilities,Utilities,False,Cash,Stage 4,Stage 4,Stage 4,0.86,Price is below the 30-week trend and below long-term support structure.,Initial classification; no prior stage memory available.,,,,watchlist,2.0,Stage 4,0.0,Weak,Volume Normal,Volume Normal (0.95x vs 10W Avg),-12.86,Underperformed Nifty by 12.86% in 3 Months,1.05,1.17,0.95,False,False,Stage 4 Structure,Stage 4 Structure
2026-07-12,GUJTHEM.NS,Gujarat Themis Biosyn Limited,Drug Manufacturers - Specialty & Generic,Healthcare,False,Cash,Not Sure,Not Sure,Unclear,0.0,The weekly structure does not meet reliable stage criteria.,Initial classification; no prior stage memory available.,,,,watchlist,31.86,Not Sure - Unclear,21.86,Neutral,Volume Drying Up,Volume Drying Up (0.35x vs 10W Avg),26.13,Outperformed Nifty by 26.13% in 3 Months,0.44,1.23,0.35,True,True,Unclear Structure,Not Rated
2026-07-12,GULFOILLUB.NS,Gulf Oil Lubricants India Limited,Specialty Chemicals,Basic Materials,False,Cash,Not Sure,Not Sure,Unclear,0.0,The weekly structure does not meet reliable stage criteria.,Initial classification; no prior stage memory available.,,,,watchlist,43.19,Not Sure - Unclear,38.19,Strong,Volume Drying Up,Volume Drying Up (0.75x vs 10W Avg),10.67,Outperformed Nifty by 10.67% in 3 Months,0.95,0.73,0.75,False,True,Unclear Structure,Not Rated
2026-07-12,GVT&D.NS,GE Vernova T&D India Limited,Specialty Industrial Machinery,Industrials,False,Cash,Stage 2,Stage 2,Advancing,0.8,Price is above constructive weekly and long-term trend structure with improving relative strength.,Initial classification; no prior stage memory available.,,,,watchlist,37.66,Stage 2 - Advancing,27.66,Strong,Volume Normal,Volume Normal (0.93x vs 10W Avg),11.31,Outperformed Nifty by 11.31% in 3 Months,1.47,0.42,0.93,False,False,Stage 2 Structure,Stage 2 Structure
2026-07-12,HAL.NS,Hindustan Aeronautics Limited,Aerospace & Defense,Industrials,True,F&O,Stage 1,Stage 1,Stage 1,0.68,Price is building a base around long-term weekly structure without a confirmed advancing phase.,Initial classification; no prior stage memory available.,,,,watchlist,52.72,Stage 1,42.72,Strong,Volume Drying Up,Volume Drying Up (0.66x vs 10W Avg),4.5,Outperformed Nifty by 4.5% in 3 Months,0.6,1.2,0.66,True,True,Stage 1 Structure,Stage 1 Structure
2026-07-12,HAPPSTMNDS.NS,Happiest Minds Technologies Limited,Information Technology Services,Technology,False,Cash,Stage 4,Stage 4,Stage 4,0.66,Price is below weekly structure.,Initial classification; no prior stage memory available.,,,,watchlist,17.38,Stage 4,17.38,Neutral,Volume Expanding,Volume Expanding (2.42x vs 10W Avg),-0.4,Underperformed Nifty by 0.4% in 3 Months,1.55,4.59,2.42,False,False,Stage 4 Structure,Stage 4 Structure
2026-07-12,HAPPYFORGE.NS,Happy Forgings Limited,Metal Fabrication,Industrials,False,Cash,Stage 2,Stage 2,Advancing,0.9,Price is above constructive weekly and long-term trend structure with improving relative strength.,Initial classification; no prior stage memory available.,,,,watchlist,56.75,Stage 2 - Advancing,46.75,Very Strong,Volume Drying Up,Volume Drying Up (0.63x vs 10W Avg),19.53,Outperformed Nifty by 19.53% in 3 Months,0.6,0.5,0.63,True,True,Stage 2 Structure,Stage 2 Structure
2026-07-12,HARSHA.NS,Harsha Engineers International Limited,Tools & Accessories,Industrials,False,Cash,Stage 2,Stage 2,Advancing,0.8,Price is above constructive weekly and long-term trend structure with improving relative strength.,Initial classification; no prior stage memory available.,,,,watchlist,39.76,Stage 2 - Advancing,39.76,Strong,Volume Drying Up,Volume Drying Up (0.66x vs 10W Avg),10.77,Outperformed Nifty by 10.77% in 3 Months,0.8,0.43,0.66,True,True,Stage 2 Structure,Stage 2 Structure
2026-07-12,HATSUN.NS,Hatsun Agro Product Limited,Packaged Foods,Consumer Defensive,False,Cash,Stage 4,Stage 4,Stage 4,0.66,Price is below weekly structure.,Initial classification; no prior stage memory available.,,,,watchlist,21.14,Stage 4,21.14,Weak,Volume Normal,Volume Normal (1.47x vs 10W Avg),-1.59,Underperformed Nifty by 1.59% in 3 Months,1.24,0.83,1.47,False,False,Stage 4 Structure,Stage 4 Structure
2026-07-12,HAVELLS.NS,Havells India Limited,Electrical Equipment & Parts,Industrials,True,F&O,Stage 4,Stage 4,Stage 4,0.86,Price is below the 30-week trend and below long-term support structure.,Initial classification; no prior stage memory available.,,,,watchlist,17.76,Stage 4,7.76,Weak,Volume Expanding,Volume Expanding (2.03x vs 10W Avg),-8.89,Underperformed Nifty by 8.89% in 3 Months,1.47,2.48,2.03,False,False,Stage 4 Structure,Stage 4 Structure
2026-07-12,HBLENGINE.NS,HBL Engineering Limited,Electrical Equipment & Parts,Industrials,False,Cash,Stage 4,Stage 4,Stage 4,0.86,Price is below the 30-week trend and below long-term support structure.,Initial classification; no prior stage memory available.,,,,watchlist,37.94,Stage 4,27.94,Weak,Volume Drying Up,Volume Drying Up (0.61x vs 10W Avg),-4.37,Underperformed Nifty by 4.37% in 3 Months,0.72,0.67,0.61,True,True,Stage 4 Structure,Stage 4 Structure
2026-07-12,HCG.NS,Healthcare Global Enterprises Limited,Medical Care Facilities,Healthcare,False,Cash,Not Sure,Not Sure,Unclear,0.0,The weekly structure does not meet reliable stage criteria.,Initial classification; no prior stage memory available.,,,,watchlist,33.4,Not Sure - Unclear,28.4,Very Strong,Volume Expanding,Volume Expanding (1.81x vs 10W Avg),17.0,Outperformed Nifty by 17.0% in 3 Months,1.31,1.77,1.81,False,False,Unclear Structure,Not Rated
2026-07-12,HCLTECH.NS,HCL Technologies Limited,Information Technology Services,Technology,True,F&O,Stage 4,Stage 4,Stage 4,0.86,Price is below the 30-week trend and below long-term support structure.,Initial classification; no prior stage memory available.,,,,watchlist,5.92,Stage 4,5.92,Weak,Volume Normal,Volume Normal (0.89x vs 10W Avg),-20.07,Underperformed Nifty by 20.07% in 3 Months,1.25,0.92,0.89,False,True,Stage 4 Structure,Stage 4 Structure
2026-07-12,HDFCAMC.NS,HDFC Asset Management Company Limited,Asset Management,Financial Services,True,F&O,Stage 2,Stage 2,Advancing,0.8,Price is above constructive weekly and long-term trend structure with improving relative strength.,Initial classification; no prior stage memory available.,,,,watchlist,65.55,Stage 2 - Advancing,63.55,Strong,Volume Normal,Volume Normal (0.92x vs 10W Avg),4.11,Outperformed Nifty by 4.11% in 3 Months,0.98,0.93,0.92,False,False,Stage 2 Structure,Stage 2 Structure
2026-07-12,HDFCBANK.NS,HDFC Bank Limited,Banks - Regional,Financial Services,True,F&O,Stage 4,Stage 4,Stage 4,0.66,Price is below weekly structure.,Initial classification; no prior stage memory available.,,,,watchlist,31.33,Stage 4,29.33,Neutral,Volume Normal,Volume Normal (1.28x vs 10W Avg),1.73,Outperformed Nifty by 1.73% in 3 Months,1.09,0.61,1.28,False,False,Stage 4 Structure,Stage 4 Structure
2026-07-12,HDFCLIFE.NS,HDFC Life Insurance Company Limited,Insurance - Life,Financial Services,True,F&O,Stage 4,Stage 4,Stage 4,0.86,Price is below the 30-week trend and below long-term support structure.,Initial classification; no prior stage memory available.,,,,watchlist,11.61,Stage 4,11.61,Weak,Volume Expanding,Volume Normal (1.16x vs 10W Avg),-12.86,Underperformed Nifty by 12.86% in 3 Months,1.05,1.83,1.16,False,False,Stage 4 Structure,Stage 4 Structure
2026-07-12,HEG.NS,HEG Limited,Electrical Equipment & Parts,Industrials,False,Cash,Stage 1,Stage 1,Stage 1,0.64,Price is building a base around long-term weekly structure without a confirmed advancing phase.,Initial classification; no prior stage memory available.,,,,watchlist,21.56,Stage 1,11.56,Weak,Volume Expanding,Volume Expanding (2.29x vs 10W Avg),-9.55,Underperformed Nifty by 9.55% in 3 Months,1.47,6.1,2.29,False,False,Stage 1 Structure,Stage 1 Structure
2026-07-12,HEIDELBERG.NS,HeidelbergCement India Limited,Building Materials,Basic Materials,False,Cash,Stage 4,Stage 4,Stage 4,0.86,Price is below the 30-week trend and below long-term support structure.,Initial classification; no prior stage memory available.,,,,watchlist,16.57,Stage 4,16.57,Weak,Volume Expanding,Volume Expanding (1.88x vs 10W Avg),-1.78,Underperformed Nifty by 1.78% in 3 Months,1.09,0.42,1.88,False,False,Stage 4 Structure,Stage 4 Structure
2026-07-12,HEMIPROP.NS,Hemisphere Properties India Limited,Real Estate,Real Estate,False,Cash,Stage 3,Stage 3,Early,0.68,"Prior strength has shifted into a Stage 3 transition based on trend, relative strength, and volume evidence.",Initial classification; no prior stage memory available.,,,,watchlist,15.43,Stage 3 Early,13.43,Neutral,Volume Drying Up,Volume Drying Up (0.34x vs 10W Avg),6.93,Outperformed Nifty by 6.93% in 3 Months,0.55,0.54,0.34,True,True,Stage 3 Structure,Stage 3 Structure
2026-07-12,HERITGFOOD.NS,Heritage Foods Limited,Packaged Foods,Consumer Defensive,False,Cash,Stage 4,Stage 4,Stage 4,0.86,Price is below the 30-week trend and below long-term support structure.,Initial classification; no prior stage memory available.,,,,watchlist,13.71,Stage 4,13.71,Weak,Volume Drying Up,Volume Drying Up (0.78x vs 10W Avg),-7.48,Underperformed Nifty by 7.48% in 3 Months,0.73,0.58,0.78,True,True,Stage 4 Structure,Stage 4 Structure
2026-07-12,HEROMOTOCO.NS,Hero MotoCorp Limited,Auto Manufacturers,Consumer Cyclical,True,F&O,Stage 4,Stage 4,Stage 4,0.66,Price is below weekly structure.,Initial classification; no prior stage memory available.,,,,watchlist,17.45,Stage 4,17.45,Weak,Volume Normal,Volume Normal (1.04x vs 10W Avg),-8.22,Underperformed Nifty by 8.22% in 3 Months,1.46,0.95,1.04,False,False,Stage 4 Structure,Stage 4 Structure
2026-07-12,HEXT.NS,Hexaware Technologies Limited,Information Technology Services,Technology,False,Cash,Not Sure,Not Sure,Unclear,0.0,The weekly structure does not meet reliable stage criteria.,Initial classification; no prior stage memory available.,,,,watchlist,18.27,Not Sure - Unclear,18.27,Strong,Volume Expanding,Volume Expanding (2.43x vs 10W Avg),13.78,Outperformed Nifty by 13.78% in 3 Months,2.56,0.92,2.43,False,False,Unclear Structure,Not Rated
2026-07-12,HFCL.NS,HFCL Limited,Communication Equipment,Technology,False,Cash,Stage 2,Stage 2,Extended,0.78,"Weekly advancing structure remains intact, but price is stretched versus key moving averages.",Initial classification; no prior stage memory available.,,,,watchlist,38.73,Stage 2 - Extended,28.73,Very Strong,Volume Drying Up,Volume Drying Up (0.40x vs 10W Avg),144.72,Outperformed Nifty by 144.72% in 3 Months,0.47,0.46,0.4,True,True,Stage 2 Structure,Stage 2 Structure
2026-07-12,HGINFRA.NS,H.G. Infra Engineering Limited,Engineering & Construction,Industrials,False,Cash,Stage 4,Stage 4,Stage 4,0.86,Price is below the 30-week trend and below long-term support structure.,Initial classification; no prior stage memory available.,,,,watchlist,12.01,Stage 4,10.01,Weak,Volume Drying Up,Volume Drying Up (0.18x vs 10W Avg),-12.42,Underperformed Nifty by 12.42% in 3 Months,0.29,0.14,0.18,True,True,Stage 4 Structure,Stage 4 Structure
2026-07-12,HIKAL.NS,Hikal Limited,Drug Manufacturers - Specialty & Generic,Healthcare,False,Cash,Not Sure,Not Sure,Unclear,0.0,The weekly structure does not meet reliable stage criteria.,Initial classification; no prior stage memory available.,,,,watchlist,40.49,Not Sure - Unclear,30.49,Very Strong,Volume Expanding,Volume Expanding (7.91x vs 10W Avg),28.68,Outperformed Nifty by 28.68% in 3 Months,2.52,2.15,7.91,False,False,Unclear Structure,Not Rated
2026-07-12,HINDALCO.NS,Hindalco Industries Limited,Basic Materials,Basic Materials,True,F&O,Stage 3,Stage 3,Early,0.68,"Prior strength has shifted into a Stage 3 transition based on trend, relative strength, and volume evidence.",Initial classification; no prior stage memory available.,,,,watchlist,22.21,Stage 3 Early,22.21,Weak,Volume Normal,Volume Normal (0.95x vs 10W Avg),-5.67,Underperformed Nifty by 5.67% in 3 Months,0.98,0.9,0.95,False,False,Stage 3 Structure,Stage 3 Structure
2026-07-12,HINDCOPPER.NS,Hindustan Copper Limited,Basic Materials,Basic Materials,False,Cash,Stage 3,Stage 3,Early,0.68,"Prior strength has shifted into a Stage 3 transition based on trend, relative strength, and volume evidence.",Initial classification; no prior stage memory available.,,,,watchlist,5.66,Stage 3 Early,5.66,Weak,Volume Drying Up,Volume Drying Up (0.63x vs 10W Avg),-10.9,Underperformed Nifty by 10.9% in 3 Months,0.66,2.07,0.63,True,True,Stage 3 Structure,Stage 3 Structure
2026-07-12,HINDPETRO.NS,Hindustan Petroleum Corporation Limited,Oil & Gas Refining & Marketing,Energy,True,F&O,Stage 4,Stage 4,Stage 4,0.66,Price is below weekly structure.,Initial classification; no prior stage memory available.,,,,watchlist,9.63,Stage 4,4.63,Weak,Volume Normal,Volume Normal (1.05x vs 10W Avg),6.0,Outperformed Nifty by 6.0% in 3 Months,0.9,0.48,1.05,False,False,Stage 4 Structure,Stage 4 Structure
2026-07-12,HINDUNILVR.NS,Hindustan Unilever Limited,Household & Personal Products,Consumer Defensive,True,F&O,Stage 4,Stage 4,Stage 4,0.66,Price is below weekly structure.,Initial classification; no prior stage memory available.,,,,watchlist,23.01,Stage 4,13.01,Weak,Volume Normal,Volume Normal (1.09x vs 10W Avg),-1.13,Underperformed Nifty by 1.13% in 3 Months,1.11,0.78,1.09,False,False,Stage 4 Structure,Stage 4 Structure
2026-07-12,HINDZINC.NS,Hindustan Zinc Limited,Basic Materials,Basic Materials,True,F&O,Stage 1,Stage 1,Stage 1,0.64,Price is building a base around long-term weekly structure without a confirmed advancing phase.,Initial classification; no prior stage memory available.,,,,watchlist,9.13,Stage 1,9.13,Weak,Volume Drying Up,Volume Drying Up (0.67x vs 10W Avg),-7.63,Underperformed Nifty by 7.63% in 3 Months,0.75,0.99,0.67,True,True,Stage 1 Structure,Stage 1 Structure
2026-07-12,HIRECT.NS,Hind Rectifiers Limited,Electrical Equipment & Parts,Industrials,False,Cash,Stage 2,Stage 2,Advancing,0.8,Price is above constructive weekly and long-term trend structure with improving relative strength.,Initial classification; no prior stage memory available.,,,,watchlist,57.44,Stage 2 - Advancing,47.44,Strong,Volume Drying Up,Volume Drying Up (0.36x vs 10W Avg),22.94,Outperformed Nifty by 22.94% in 3 Months,0.44,0.37,0.36,True,True,Stage 2 Structure,Stage 2 Structure
2026-07-12,HNDFDS.NS,Hindustan Foods Limited,Conglomerates,Industrials,False,Cash,Stage 2,Stage 2,Advancing,0.8,Price is above constructive weekly and long-term trend structure with improving relative strength.,Initial classification; no prior stage memory available.,,,,watchlist,69.51,Stage 2 - Advancing,67.51,Very Strong,Volume Expanding,Volume Normal (1.41x vs 10W Avg),8.33,Outperformed Nifty by 8.33% in 3 Months,1.15,2.36,1.41,False,False,Stage 2 Structure,Stage 2 Structure
2026-07-12,HOMEFIRST.NS,Home First Finance Company India Limited,Mortgage Finance,Financial Services,False,Cash,Stage 1,Stage 1,Stage 1,0.68,Price is building a base around long-term weekly structure without a confirmed advancing phase.,Initial classification; no prior stage memory available.,,,,watchlist,44.06,Stage 1,42.06,Very Strong,Volume Normal,Volume Normal (1.21x vs 10W Avg),10.53,Outperformed Nifty by 10.53% in 3 Months,1.28,0.58,1.21,False,False,Stage 1 Structure,Stage 1 Structure
2026-07-12,HONASA.NS,Honasa Consumer Limited,Household & Personal Products,Consumer Defensive,False,Cash,Stage 2,Stage 2,Extended,0.78,"Weekly advancing structure remains intact, but price is stretched versus key moving averages.",Initial classification; no prior stage memory available.,,,,watchlist,49.43,Stage 2 - Extended,39.43,Very Strong,Volume Drying Up,Volume Drying Up (0.42x vs 10W Avg),36.06,Outperformed Nifty by 36.06% in 3 Months,0.67,0.52,0.42,True,True,Stage 2 Structure,Stage 2 Structure
2026-07-12,HONAUT.NS,Honeywell Automation India Limited,Electrical Equipment & Parts,Industrials,False,Cash,Stage 2,Stage 2,Advancing,0.8,Price is above constructive weekly and long-term trend structure with improving relative strength.,Initial classification; no prior stage memory available.,,,,watchlist,62.45,Stage 2 - Advancing,52.45,Very Strong,Volume Drying Up,Volume Drying Up (0.41x vs 10W Avg),28.47,Outperformed Nifty by 28.47% in 3 Months,0.41,0.76,0.41,True,True,Stage 2 Structure,Stage 2 Structure
2026-07-12,HSCL.NS,Himadri Speciality Chemical Limited,Specialty Chemicals,Basic Materials,False,Cash,Stage 2,Stage 2,Advancing,0.9,Price is above constructive weekly and long-term trend structure with improving relative strength.,Initial classification; no prior stage memory available.,,,,watchlist,41.96,Stage 2 - Advancing,36.96,Very Strong,Volume Drying Up,Volume Drying Up (0.80x vs 10W Avg),33.03,Outperformed Nifty by 33.03% in 3 Months,0.9,0.19,0.8,False,True,Stage 2 Structure,Stage 2 Structure
2026-07-12,HUBTOWN.NS,Hubtown Limited,Real Estate,Real Estate,False,Cash,Stage 4,Stage 4,Stage 4,0.86,Price is below the 30-week trend and below long-term support structure.,Initial classification; no prior stage memory available.,,,,watchlist,13.91,Stage 4,11.91,Weak,Volume Normal,Volume Normal (1.19x vs 10W Avg),-1.5,Underperformed Nifty by 1.5% in 3 Months,1.04,1.48,1.19,False,False,Stage 4 Structure,Stage 4 Structure
2026-07-12,HUDCO.NS,Housing & Urban Development Corporation Limited,Credit Services,Financial Services,False,Cash,Not Sure,Not Sure,Unclear,0.0,The weekly structure does not meet reliable stage criteria.,Initial classification; no prior stage memory available.,,,,watchlist,29.14,Not Sure - Unclear,24.14,Neutral,Volume Normal,Volume Normal (0.96x vs 10W Avg),7.52,Outperformed Nifty by 7.52% in 3 Months,1.05,0.77,0.96,False,False,Unclear Structure,Not Rated
2026-07-12,HYUNDAI.NS,Hyundai Motor India Limited,Auto Manufacturers,Consumer Cyclical,True,F&O,Stage 4,Stage 4,Stage 4,0.86,Price is below the 30-week trend and below long-term support structure.,Initial classification; no prior stage memory available.,,,,watchlist,18.11,Stage 4,18.11,Neutral,Volume Drying Up,Volume Drying Up (0.43x vs 10W Avg),9.61,Outperformed Nifty by 9.61% in 3 Months,0.42,0.25,0.43,True,True,Stage 4 Structure,Stage 4 Structure
2026-07-12,ICICIBANK.NS,ICICI Bank Limited,Banks - Regional,Financial Services,True,F&O,Stage 1,Stage 1,Stage 1,0.68,Price is building a base around long-term weekly structure without a confirmed advancing phase.,Initial classification; no prior stage memory available.,,,,watchlist,59.08,Stage 1,57.08,Very Strong,Volume Drying Up,Volume Drying Up (0.75x vs 10W Avg),2.12,Outperformed Nifty by 2.12% in 3 Months,0.83,0.43,0.75,True,True,Stage 1 Structure,Stage 1 Structure
2026-07-12,ICICIGI.NS,ICICI Lombard General Insurance Company Limited,Financial Services,Financial Services,True,F&O,Stage 4,Stage 4,Stage 4,0.66,Price is below weekly structure.,Initial classification; no prior stage memory available.,,,,watchlist,30.96,Stage 4,30.96,Strong,Volume Drying Up,Volume Drying Up (0.79x vs 10W Avg),-3.15,Underperformed Nifty by 3.15% in 3 Months,1.0,0.72,0.79,False,True,Stage 4 Structure,Stage 4 Structure
2026-07-12,ICICIPRULI.NS,ICICI Prudential Life Insurance Company Limited,Insurance - Life,Financial Services,True,F&O,Stage 4,Stage 4,Stage 4,0.86,Price is below the 30-week trend and below long-term support structure.,Initial classification; no prior stage memory available.,,,,watchlist,4.64,Stage 4,4.64,Weak,Volume Normal,Volume Normal (0.94x vs 10W Avg),-10.57,Underperformed Nifty by 10.57% in 3 Months,0.88,1.7,0.94,False,False,Stage 4 Structure,Stage 4 Structure
2026-07-12,ICIL.NS,Indo Count Industries Limited,Textile Manufacturing,Consumer Cyclical,False,Cash,Stage 2,Stage 2,Extended,0.78,"Weekly advancing structure remains intact, but price is stretched versus key moving averages.",Initial classification; no prior stage memory available.,,,,watchlist,40.61,Stage 2 - Extended,30.61,Very Strong,Volume Drying Up,Volume Drying Up (0.27x vs 10W Avg),55.17,Outperformed Nifty by 55.17% in 3 Months,0.56,0.17,0.27,True,True,Stage 2 Structure,Stage 2 Structure
2026-07-12,ICRA.NS,ICRA Limited,Financial Services,Financial Services,False,Cash,Stage 4,Stage 4,Stage 4,0.66,Price is below weekly structure.,Initial classification; no prior stage memory available.,,,,watchlist,28.15,Stage 4,28.15,Weak,Volume Expanding,Volume Expanding (2.71x vs 10W Avg),-3.1,Underperformed Nifty by 3.1% in 3 Months,2.0,4.93,2.71,False,False,Stage 4 Structure,Stage 4 Structure
2026-07-12,IDBI.NS,IDBI Bank Limited,Banks - Regional,Financial Services,False,Cash,Stage 4,Stage 4,Stage 4,0.86,Price is below the 30-week trend and below long-term support structure.,Initial classification; no prior stage memory available.,,,,watchlist,22.76,Stage 4,20.76,Neutral,Volume Drying Up,Volume Drying Up (0.49x vs 10W Avg),9.61,Outperformed Nifty by 9.61% in 3 Months,0.71,0.52,0.49,True,True,Stage 4 Structure,Stage 4 Structure
2026-07-12,IDEAFORGE.NS,Ideaforge Technology Limited,Technology,Technology,False,Cash,Stage 2,Stage 2,Extended,0.78,"Weekly advancing structure remains intact, but price is stretched versus key moving averages.",Initial classification; no prior stage memory available.,,,,watchlist,40.65,Stage 2 - Extended,30.65,Very Strong,Volume Drying Up,Volume Drying Up (0.18x vs 10W Avg),95.24,Outperformed Nifty by 95.24% in 3 Months,0.17,1.29,0.18,True,True,Stage 2 Structure,Stage 2 Structure
2026-07-12,IDFCFIRSTB.NS,IDFC First Bank Limited,Banks - Regional,Financial Services,True,F&O,Stage 1,Stage 1,Stage 1,0.68,Price is building a base around long-term weekly structure without a confirmed advancing phase.,Initial classification; no prior stage memory available.,,,,watchlist,35.05,Stage 1,33.05,Very Strong,Volume Drying Up,Volume Drying Up (0.66x vs 10W Avg),18.99,Outperformed Nifty by 18.99% in 3 Months,0.96,0.51,0.66,False,True,Stage 1 Structure,Stage 1 Structure
2026-07-12,IEX.NS,Indian Energy Exchange Limited,Capital Markets,Financial Services,True,F&O,Stage 4,Stage 4,Stage 4,0.86,Price is below the 30-week trend and below long-term support structure.,Initial classification; no prior stage memory available.,,,,watchlist,0.0,Stage 4,0.0,Weak,Volume Normal,Volume Normal (1.26x vs 10W Avg),-10.31,Underperformed Nifty by 10.31% in 3 Months,1.15,1.59,1.26,False,False,Stage 4 Structure,Stage 4 Structure
2026-07-12,IFBIND.NS,IFB Industries Limited,"Furnishings, Fixtures & Appliances",Consumer Cyclical,False,Cash,Not Sure,Not Sure,Unclear,0.0,The weekly structure does not meet reliable stage criteria.,Initial classification; no prior stage memory available.,,,,watchlist,26.87,Not Sure - Unclear,26.87,Very Strong,Volume Drying Up,Volume Normal (1.30x vs 10W Avg),24.64,Outperformed Nifty by 24.64% in 3 Months,0.75,5.78,1.3,True,False,Unclear Structure,Not Rated
2026-07-12,IFCI.NS,IFCI Limited,Credit Services,Financial Services,False,Cash,Stage 2,Stage 2,Advancing,0.9,Price is above constructive weekly and long-term trend structure with improving relative strength.,Initial classification; no prior stage memory available.,,,,watchlist,49.82,Stage 2 - Advancing,44.82,Very Strong,Volume Drying Up,Volume Drying Up (0.53x vs 10W Avg),30.78,Outperformed Nifty by 30.78% in 3 Months,0.5,0.37,0.53,True,True,Stage 2 Structure,Stage 2 Structure
2026-07-12,IGIL.NS,International Gemological Institute Limited,Basic Materials,Basic Materials,False,Cash,Stage 1,Stage 1,Stage 1,0.64,Price is building a base around long-term weekly structure without a confirmed advancing phase.,Initial classification; no prior stage memory available.,,,,watchlist,23.88,Stage 1,23.88,Neutral,Volume Drying Up,Volume Drying Up (0.66x vs 10W Avg),-3.01,Underperformed Nifty by 3.01% in 3 Months,0.93,0.47,0.66,False,True,Stage 1 Structure,Stage 1 Structure
2026-07-12,IGL.NS,Indraprastha Gas Limited,Utilities,Utilities,False,Cash,Stage 4,Stage 4,Stage 4,0.86,Price is below the 30-week trend and below long-term support structure.,Initial classification; no prior stage memory available.,,,,watchlist,19.09,Stage 4,17.09,Weak,Volume Drying Up,Volume Drying Up (0.67x vs 10W Avg),-9.01,Underperformed Nifty by 9.01% in 3 Months,0.84,0.76,0.67,True,True,Stage 4 Structure,Stage 4 Structure
2026-07-12,IIFL.NS,IIFL Finance Limited,Credit Services,Financial Services,False,Cash,Stage 1,Stage 1,Stage 1,0.68,Price is building a base around long-term weekly structure without a confirmed advancing phase.,Initial classification; no prior stage memory available.,,,,watchlist,38.86,Stage 1,33.86,Strong,Volume Drying Up,Volume Drying Up (0.57x vs 10W Avg),15.97,Outperformed Nifty by 15.97% in 3 Months,0.68,0.77,0.57,True,True,Stage 1 Structure,Stage 1 Structure
2026-07-12,IIFLCAPS.NS,IIFL Capital Services Limited,Capital Markets,Financial Services,False,Cash,Stage 2,Stage 2,Advancing,0.8,Price is above constructive weekly and long-term trend structure with improving relative strength.,Initial classification; no prior stage memory available.,,,,building_setup,56.38,Stage 2 - Advancing,56.38,Neutral,Volume Drying Up,Volume Drying Up (0.34x vs 10W Avg),12.16,Outperformed Nifty by 12.16% in 3 Months,0.45,0.55,0.34,True,True,Stage 2 Structure,Stage 2 Structure
2026-07-12,IKS.NS,Inventurus Knowledge Solutions Limited,Healthcare,Healthcare,False,Cash,Stage 2,Stage 2,Extended,0.78,"Weekly advancing structure remains intact, but price is stretched versus key moving averages.",Initial classification; no prior stage memory available.,,,,watchlist,45.35,Stage 2 - Extended,45.35,Very Strong,Volume Normal,Volume Normal (1.23x vs 10W Avg),25.28,Outperformed Nifty by 25.28% in 3 Months,2.09,1.32,1.23,False,False,Stage 2 Structure,Stage 2 Structure
2026-07-12,IMAGICAA.NS,Imagicaaworld Entertainment Limited,Communication Services,Communication Services,False,Cash,Not Sure,Not Sure,Unclear,0.0,The weekly structure does not meet reliable stage criteria.,Initial classification; no prior stage memory available.,,,,watchlist,24.27,Not Sure - Unclear,24.27,Neutral,Volume Drying Up,Volume Drying Up (0.75x vs 10W Avg),-2.75,Underperformed Nifty by 2.75% in 3 Months,0.93,0.38,0.75,False,True,Unclear Structure,Not Rated
2026-07-12,IMFA.NS,Indian Metals & Ferro Alloys Limited,Basic Materials,Basic Materials,False,Cash,Stage 2,Stage 2,Advancing,0.8,Price is above constructive weekly and long-term trend structure with improving relative strength.,Initial classification; no prior stage memory available.,,,,watchlist,51.22,Stage 2 - Advancing,51.22,Neutral,Volume Drying Up,Volume Drying Up (0.46x vs 10W Avg),-2.95,Underperformed Nifty by 2.95% in 3 Months,0.77,1.15,0.46,True,True,Stage 2 Structure,Stage 2 Structure
2026-07-12,INDGN.NS,Indegene Limited,Healthcare,Healthcare,False,Cash,Stage 3,Stage 3,Early,0.68,"Prior strength has shifted into a Stage 3 transition based on trend, relative strength, and volume evidence.",Initial classification; no prior stage memory available.,,,,watchlist,19.35,Stage 3 Early,19.35,Neutral,Volume Expanding,Volume Normal (1.38x vs 10W Avg),0.73,Outperformed Nifty by 0.73% in 3 Months,1.1,1.86,1.38,False,False,Stage 3 Structure,Stage 3 Structure
2026-07-12,INDHOTEL.NS,The Indian Hotels Company Limited,Lodging,Consumer Cyclical,True,F&O,Stage 1,Stage 1,Stage 1,0.68,Price is building a base around long-term weekly structure without a confirmed advancing phase.,Initial classification; no prior stage memory available.,,,,watchlist,34.65,Stage 1,34.65,Very Strong,Volume Normal,Volume Normal (0.98x vs 10W Avg),15.09,Outperformed Nifty by 15.09% in 3 Months,1.23,1.15,0.98,False,False,Stage 1 Structure,Stage 1 Structure
2026-07-12,INDIACEM.NS,The India Cements Limited,Building Materials,Basic Materials,False,Cash,Stage 1,Stage 1,Stage 1,0.64,Price is building a base around long-term weekly structure without a confirmed advancing phase.,Initial classification; no prior stage memory available.,,,,watchlist,12.98,Stage 1,12.98,Weak,Volume Drying Up,Volume Drying Up (0.21x vs 10W Avg),-5.22,Underperformed Nifty by 5.22% in 3 Months,0.83,0.57,0.21,True,True,Stage 1 Structure,Stage 1 Structure
2026-07-12,INDIAGLYCO.NS,India Glycols Limited,Chemicals,Basic Materials,False,Cash,Stage 2,Stage 2,Advancing,0.8,Price is above constructive weekly and long-term trend structure with improving relative strength.,Initial classification; no prior stage memory available.,,,,watchlist,60.16,Stage 2 - Advancing,58.16,Very Strong,Volume Normal,Volume Normal (1.06x vs 10W Avg),12.28,Outperformed Nifty by 12.28% in 3 Months,1.6,1.17,1.06,False,False,Stage 2 Structure,Stage 2 Structure
2026-07-12,INDIAMART.NS,Indiamart Intermesh Limited,Communication Services,Communication Services,False,Cash,Stage 4,Stage 4,Stage 4,0.86,Price is below the 30-week trend and below long-term support structure.,Initial classification; no prior stage memory available.,,,,watchlist,12.12,Stage 4,12.12,Weak,Volume Drying Up,Volume Drying Up (0.80x vs 10W Avg),-8.45,Underperformed Nifty by 8.45% in 3 Months,0.98,0.66,0.8,False,True,Stage 4 Structure,Stage 4 Structure
2026-07-12,INDIANB.NS,Indian Bank,Banks - Regional,Financial Services,True,F&O,Stage 3,Stage 3,Late,0.76,"Prior strength has shifted into a Stage 3 transition based on trend, relative strength, and volume evidence.",Initial classification; no prior stage memory available.,,,,watchlist,4.33,Stage 3 Late,2.33,Neutral,Volume Expanding,Volume Expanding (1.88x vs 10W Avg),-7.82,Underperformed Nifty by 7.82% in 3 Months,1.62,4.59,1.88,False,False,Stage 3 Structure,Stage 3 Structure
2026-07-12,INDIASHLTR.NS,India Shelter Finance Corporation Limited,Mortgage Finance,Financial Services,False,Cash,Not Sure,Not Sure,Unclear,0.0,The weekly structure does not meet reliable stage criteria.,Initial classification; no prior stage memory available.,,,,watchlist,39.61,Not Sure - Unclear,37.61,Strong,Volume Normal,Volume Normal (0.95x vs 10W Avg),2.58,Outperformed Nifty by 2.58% in 3 Months,1.09,0.69,0.95,False,False,Unclear Structure,Not Rated
2026-07-12,INDIGO.NS,InterGlobe Aviation Limited,Industrials,Industrials,True,F&O,Not Sure,Not Sure,Unclear,0.0,The weekly structure does not meet reliable stage criteria.,Initial classification; no prior stage memory available.,,,,watchlist,41.41,Not Sure - Unclear,41.41,Very Strong,Volume Drying Up,Volume Drying Up (0.75x vs 10W Avg),18.17,Outperformed Nifty by 18.17% in 3 Months,0.9,0.37,0.75,False,True,Unclear Structure,Not Rated
2026-07-12,INDIGOPNTS.NS,Indigo Paints Limited,Specialty Chemicals,Basic Materials,False,Cash,Not Sure,Not Sure,Unclear,0.0,The weekly structure does not meet reliable stage criteria.,Initial classification; no prior stage memory available.,,,,watchlist,28.77,Not Sure - Unclear,23.77,Strong,Volume Drying Up,Volume Drying Up (0.72x vs 10W Avg),24.2,Outperformed Nifty by 24.2% in 3 Months,0.96,0.28,0.72,False,True,Unclear Structure,Not Rated
2026-07-12,INDOSTAR.NS,IndoStar Capital Finance Limited,Credit Services,Financial Services,False,Cash,Stage 2,Stage 2,Extended,0.78,"Weekly advancing structure remains intact, but price is stretched versus key moving averages.",Initial classification; no prior stage memory available.,,,,watchlist,65.03,Stage 2 - Extended,60.03,Very Strong,Volume Drying Up,Volume Normal (0.86x vs 10W Avg),22.31,Outperformed Nifty by 22.31% in 3 Months,0.72,0.93,0.86,True,True,Stage 2 Structure,Stage 2 Structure
2026-07-12,INDOTECH.NS,Indo Tech Transformers Limited,Electrical Equipment & Parts,Industrials,False,Cash,Stage 2,Stage 2,Extended,0.78,"Weekly advancing structure remains intact, but price is stretched versus key moving averages.",Initial classification; no prior stage memory available.,,,,watchlist,34.21,Stage 2 - Extended,24.21,Very Strong,Volume Drying Up,Volume Drying Up (0.38x vs 10W Avg),90.64,Outperformed Nifty by 90.64% in 3 Months,1.16,0.58,0.38,False,True,Stage 2 Structure,Stage 2 Structure
2026-07-12,INDOTHAI.NS,Indo Thai Securities Limited,Capital Markets,Financial Services,False,Cash,Stage 4,Stage 4,Stage 4,0.86,Price is below the 30-week trend and below long-term support structure.,Initial classification; no prior stage memory available.,,,,watchlist,0.0,Stage 4,0.0,Weak,Volume Normal,Volume Normal (0.97x vs 10W Avg),-24.57,Underperformed Nifty by 24.57% in 3 Months,1.09,0.65,0.97,False,False,Stage 4 Structure,Stage 4 Structure
2026-07-12,INDRAMEDCO.NS,Indraprastha Medical Corporation Limited,Medical Care Facilities,Healthcare,False,Cash,Stage 4,Stage 4,Stage 4,0.86,Price is below the 30-week trend and below long-term support structure.,Initial classification; no prior stage memory available.,,,,watchlist,15.17,Stage 4,10.17,Weak,Volume Drying Up,Volume Drying Up (0.41x vs 10W Avg),-13.42,Underperformed Nifty by 13.42% in 3 Months,0.41,0.32,0.41,True,True,Stage 4 Structure,Stage 4 Structure
2026-07-12,INDUSINDBK.NS,IndusInd Bank Limited,Banks - Regional,Financial Services,True,F&O,Stage 2,Stage 2,Advancing,0.9,Price is above constructive weekly and long-term trend structure with improving relative strength.,Initial classification; no prior stage memory available.,,,,watchlist,55.0,Stage 2 - Advancing,53.0,Very Strong,Volume Expanding,Volume Expanding (1.58x vs 10W Avg),19.29,Outperformed Nifty by 19.29% in 3 Months,1.46,0.44,1.58,False,False,Stage 2 Structure,Stage 2 Structure
2026-07-12,INDUSTOWER.NS,Indus Towers Limited,Telecom Services,Communication Services,True,F&O,Stage 1,Stage 1,Stage 1,0.64,Price is building a base around long-term weekly structure without a confirmed advancing phase.,Initial classification; no prior stage memory available.,,,,watchlist,17.13,Stage 1,17.13,Weak,Volume Expanding,Volume Expanding (1.96x vs 10W Avg),-5.17,Underperformed Nifty by 5.17% in 3 Months,1.29,0.69,1.96,False,False,Stage 1 Structure,Stage 1 Structure
2026-07-12,INFY.NS,Infosys Limited,Information Technology Services,Technology,True,F&O,Stage 4,Stage 4,Stage 4,0.86,Price is below the 30-week trend and below long-term support structure.,Initial classification; no prior stage memory available.,,,,watchlist,5.29,Stage 4,5.29,Weak,Volume Drying Up,Volume Drying Up (0.80x vs 10W Avg),-18.23,Underperformed Nifty by 18.23% in 3 Months,0.99,0.6,0.8,False,True,Stage 4 Structure,Stage 4 Structure
2026-07-12,INGERRAND.NS,Ingersoll Rand (India) Limited,Specialty Industrial Machinery,Industrials,False,Cash,Stage 2,Stage 2,Advancing,0.9,Price is above constructive weekly and long-term trend structure with improving relative strength.,Initial classification; no prior stage memory available.,,,,watchlist,52.24,Stage 2 - Advancing,42.24,Strong,Volume Drying Up,Volume Drying Up (0.47x vs 10W Avg),7.74,Outperformed Nifty by 7.74% in 3 Months,0.49,0.56,0.47,True,True,Stage 2 Structure,Stage 2 Structure
2026-07-12,INNOVACAP.NS,Innova Captab Limited,Drug Manufacturers - Specialty & Generic,Healthcare,False,Cash,Stage 2,Stage 2,Advancing,0.8,Price is above constructive weekly and long-term trend structure with improving relative strength.,Initial classification; no prior stage memory available.,,,,watchlist,68.18,Stage 2 - Advancing,58.18,Very Strong,Volume Drying Up,Volume Normal (0.98x vs 10W Avg),40.68,Outperformed Nifty by 40.68% in 3 Months,0.79,0.95,0.98,True,False,Stage 2 Structure,Stage 2 Structure
2026-07-12,INOXGREEN.NS,Inox Green Energy Services Limited,Utilities - Renewable,Utilities,False,Cash,Not Sure,Not Sure,Unclear,0.0,The weekly structure does not meet reliable stage criteria.,Initial classification; no prior stage memory available.,,,,watchlist,42.7,Not Sure - Unclear,37.7,Strong,Volume Drying Up,Volume Normal (0.92x vs 10W Avg),14.86,Outperformed Nifty by 14.86% in 3 Months,0.79,0.34,0.92,True,False,Unclear Structure,Not Rated
2026-07-12,INOXINDIA.NS,INOX India Limited,Specialty Industrial Machinery,Industrials,False,Cash,Stage 2,Stage 2,Extended,0.78,"Weekly advancing structure remains intact, but price is stretched versus key moving averages.",Initial classification; no prior stage memory available.,,,,watchlist,48.87,Stage 2 - Extended,38.87,Very Strong,Volume Normal,Volume Normal (1.43x vs 10W Avg),33.03,Outperformed Nifty by 33.03% in 3 Months,0.97,0.35,1.43,False,False,Stage 2 Structure,Stage 2 Structure
2026-07-12,INOXWIND.NS,Inox Wind Limited,Specialty Industrial Machinery,Industrials,True,F&O,Stage 4,Stage 4,Stage 4,0.86,Price is below the 30-week trend and below long-term support structure.,Initial classification; no prior stage memory available.,,,,watchlist,23.22,Stage 4,13.22,Weak,Volume Drying Up,Volume Normal (0.89x vs 10W Avg),-13.38,Underperformed Nifty by 13.38% in 3 Months,0.73,2.32,0.89,True,True,Stage 4 Structure,Stage 4 Structure
2026-07-12,INTELLECT.NS,Intellect Design Arena Limited,Software - Application,Technology,False,Cash,Stage 4,Stage 4,Stage 4,0.66,Price is below weekly structure.,Initial classification; no prior stage memory available.,,,,watchlist,28.08,Stage 4,23.08,Neutral,Volume Drying Up,Volume Drying Up (0.70x vs 10W Avg),8.16,Outperformed Nifty by 8.16% in 3 Months,0.92,1.03,0.7,False,True,Stage 4 Structure,Stage 4 Structure
2026-07-12,INTERARCH.NS,Interarch Building Solutions Limited,Engineering & Construction,Industrials,False,Cash,Stage 4,Stage 4,Stage 4,0.86,Price is below the 30-week trend and below long-term support structure.,Initial classification; no prior stage memory available.,,,,watchlist,4.44,Stage 4,2.44,Weak,Volume Drying Up,Volume Drying Up (0.41x vs 10W Avg),-5.13,Underperformed Nifty by 5.13% in 3 Months,0.4,0.72,0.41,True,True,Stage 4 Structure,Stage 4 Structure
2026-07-12,IOC.NS,Indian Oil Corporation Limited,Oil & Gas Refining & Marketing,Energy,True,F&O,Stage 4,Stage 4,Stage 4,0.66,Price is below weekly structure.,Initial classification; no prior stage memory available.,,,,watchlist,29.35,Stage 4,24.35,Weak,Volume Normal,Volume Normal (1.17x vs 10W Avg),-6.13,Underperformed Nifty by 6.13% in 3 Months,1.06,0.58,1.17,False,False,Stage 4 Structure,Stage 4 Structure
2026-07-12,IOLCP.NS,IOL Chemicals and Pharmaceuticals Limited,Drug Manufacturers - Specialty & Generic,Healthcare,False,Cash,Stage 2,Stage 2,Extended,0.78,"Weekly advancing structure remains intact, but price is stretched versus key moving averages.",Initial classification; no prior stage memory available.,,,,watchlist,61.5,Stage 2 - Extended,51.5,Very Strong,Volume Expanding,Volume Expanding (4.01x vs 10W Avg),101.32,Outperformed Nifty by 101.32% in 3 Months,1.99,0.72,4.01,False,False,Stage 2 Structure,Stage 2 Structure
2026-07-12,IONEXCHANG.NS,ION Exchange (India) Limited,Industrials,Industrials,False,Cash,Stage 2,Stage 2,Extended,0.78,"Weekly advancing structure remains intact, but price is stretched versus key moving averages.",Initial classification; no prior stage memory available.,,,,watchlist,53.06,Stage 2 - Extended,53.06,Very Strong,Volume Expanding,Volume Expanding (5.83x vs 10W Avg),15.24,Outperformed Nifty by 15.24% in 3 Months,2.45,19.71,5.83,False,False,Stage 2 Structure,Stage 2 Structure
2026-07-12,IPCALAB.NS,IPCA Laboratories Limited,Drug Manufacturers - Specialty & Generic,Healthcare,False,Cash,Stage 2,Stage 2,Advancing,0.9,Price is above constructive weekly and long-term trend structure with improving relative strength.,Initial classification; no prior stage memory available.,,,,watchlist,69.56,Stage 2 - Advancing,59.56,Very Strong,Volume Drying Up,Volume Drying Up (0.68x vs 10W Avg),19.74,Outperformed Nifty by 19.74% in 3 Months,1.13,0.54,0.68,False,True,Stage 2 Structure,Stage 2 Structure
2026-07-12,IRCON.NS,Ircon International Limited,Engineering & Construction,Industrials,False,Cash,Stage 4,Stage 4,Stage 4,0.86,Price is below the 30-week trend and below long-term support structure.,Initial classification; no prior stage memory available.,,,,watchlist,15.65,Stage 4,13.65,Weak,Volume Drying Up,Volume Drying Up (0.49x vs 10W Avg),-8.9,Underperformed Nifty by 8.9% in 3 Months,0.74,0.71,0.49,True,True,Stage 4 Structure,Stage 4 Structure
2026-07-12,IRCTC.NS,Indian Railway Catering And Tourism Corporation Limited,Consumer Cyclical,Consumer Cyclical,False,Cash,Stage 4,Stage 4,Stage 4,0.86,Price is below the 30-week trend and below long-term support structure.,Initial classification; no prior stage memory available.,,,,watchlist,21.75,Stage 4,21.75,Weak,Volume Drying Up,Volume Normal (0.86x vs 10W Avg),-10.9,Underperformed Nifty by 10.9% in 3 Months,0.83,1.24,0.86,True,True,Stage 4 Structure,Stage 4 Structure
2026-07-12,IREDA.NS,Indian Renewable Energy Development Agency Limited,Credit Services,Financial Services,True,F&O,Stage 4,Stage 4,Stage 4,0.86,Price is below the 30-week trend and below long-term support structure.,Initial classification; no prior stage memory available.,,,,watchlist,28.96,Stage 4,23.96,Weak,Volume Drying Up,Volume Drying Up (0.64x vs 10W Avg),-1.86,Underperformed Nifty by 1.86% in 3 Months,0.67,1.02,0.64,True,True,Stage 4 Structure,Stage 4 Structure
2026-07-12,IRFC.NS,Indian Railway Finance Corporation Limited,Credit Services,Financial Services,True,F&O,Stage 4,Stage 4,Stage 4,0.86,Price is below the 30-week trend and below long-term support structure.,Initial classification; no prior stage memory available.,,,,watchlist,5.0,Stage 4,0.0,Weak,Volume Drying Up,Volume Drying Up (0.72x vs 10W Avg),-13.44,Underperformed Nifty by 13.44% in 3 Months,0.98,0.64,0.72,False,True,Stage 4 Structure,Stage 4 Structure
2026-07-12,ISGEC.NS,Isgec Heavy Engineering Limited,Specialty Industrial Machinery,Industrials,False,Cash,Stage 3,Stage 3,Early,0.68,"Prior strength has shifted into a Stage 3 transition based on trend, relative strength, and volume evidence.",Initial classification; no prior stage memory available.,,,,watchlist,10.84,Stage 3 Early,0.84,Weak,Volume Drying Up,Volume Normal (1.19x vs 10W Avg),-11.35,Underperformed Nifty by 11.35% in 3 Months,0.84,0.78,1.19,True,False,Stage 3 Structure,Stage 3 Structure
2026-07-12,ITC.NS,ITC Limited,Consumer Defensive,Consumer Defensive,True,F&O,Stage 4,Stage 4,Stage 4,0.86,Price is below the 30-week trend and below long-term support structure.,Initial classification; no prior stage memory available.,,,,watchlist,3.31,Stage 4,3.31,Weak,Volume Normal,Volume Normal (1.16x vs 10W Avg),-6.0,Underperformed Nifty by 6.0% in 3 Months,0.9,0.8,1.16,False,False,Stage 4 Structure,Stage 4 Structure
2026-07-12,ITCHOTELS.NS,ITC Hotels Limited,Consumer Cyclical,Consumer Cyclical,False,Cash,Not Sure,Not Sure,Unclear,0.0,The weekly structure does not meet reliable stage criteria.,Initial classification; no prior stage memory available.,,,,watchlist,41.29,Not Sure - Unclear,41.29,Very Strong,Volume Drying Up,Volume Normal (1.08x vs 10W Avg),14.31,Outperformed Nifty by 14.31% in 3 Months,0.83,0.72,1.08,True,False,Unclear Structure,Not Rated
2026-07-12,ITDC.NS,India Tourism Development Corporation Limited,Lodging,Consumer Cyclical,False,Cash,Stage 2,Stage 2,Extended,0.78,"Weekly advancing structure remains intact, but price is stretched versus key moving averages.",Initial classification; no prior stage memory available.,,,,watchlist,40.57,Stage 2 - Extended,40.57,Very Strong,Volume Expanding,Volume Expanding (23.53x vs 10W Avg),11.48,Outperformed Nifty by 11.48% in 3 Months,3.53,1.19,23.53,False,False,Stage 2 Structure,Stage 2 Structure
2026-07-12,ITI.NS,ITI Limited,Communication Equipment,Technology,False,Cash,Stage 1,Stage 1,Stage 1,0.64,Price is building a base around long-term weekly structure without a confirmed advancing phase.,Initial classification; no prior stage memory available.,,,,watchlist,44.27,Stage 1,34.27,Weak,Volume Drying Up,Volume Drying Up (0.45x vs 10W Avg),-2.28,Underperformed Nifty by 2.28% in 3 Months,0.53,0.44,0.45,True,True,Stage 1 Structure,Stage 1 Structure
2026-07-12,IXIGO.NS,Le Travenues Technology Limited,Consumer Cyclical,Consumer Cyclical,False,Cash,Not Sure,Not Sure,Unclear,0.0,The weekly structure does not meet reliable stage criteria.,Initial classification; no prior stage memory available.,,,,watchlist,30.71,Not Sure - Unclear,30.71,Strong,Volume Drying Up,Volume Drying Up (0.68x vs 10W Avg),16.11,Outperformed Nifty by 16.11% in 3 Months,1.02,0.99,0.68,False,True,Unclear Structure,Not Rated
2026-07-12,J&KBANK.NS,The Jammu & Kashmir Bank Limited,Banks - Regional,Financial Services,False,Cash,Stage 2,Stage 2,Extended,0.78,"Weekly advancing structure remains intact, but price is stretched versus key moving averages.",Initial classification; no prior stage memory available.,,,,watchlist,40.53,Stage 2 - Extended,38.53,Very Strong,Volume Expanding,Volume Expanding (1.96x vs 10W Avg),49.69,Outperformed Nifty by 49.69% in 3 Months,1.42,5.35,1.96,False,False,Stage 2 Structure,Stage 2 Structure
2026-07-12,JAIBALAJI.NS,Jai Balaji Industries Limited,Steel,Basic Materials,False,Cash,Stage 4,Stage 4,Stage 4,0.86,Price is below the 30-week trend and below long-term support structure.,Initial classification; no prior stage memory available.,,,,watchlist,5.0,Stage 4,0.0,Weak,Volume Drying Up,Volume Drying Up (0.12x vs 10W Avg),-2.39,Underperformed Nifty by 2.39% in 3 Months,0.25,0.61,0.12,True,True,Stage 4 Structure,Stage 4 Structure
2026-07-12,JAMNAAUTO.NS,Jamna Auto Industries Limited,Auto Parts,Consumer Cyclical,False,Cash,Stage 2,Stage 2,Advancing,0.8,Price is above constructive weekly and long-term trend structure with improving relative strength.,Initial classification; no prior stage memory available.,,,,watchlist,66.22,Stage 2 - Advancing,64.22,Strong,Volume Normal,Volume Normal (0.90x vs 10W Avg),8.48,Outperformed Nifty by 8.48% in 3 Months,0.97,0.35,0.9,False,False,Stage 2 Structure,Stage 2 Structure
2026-07-12,JASH.NS,Jash Engineering Limited,Specialty Industrial Machinery,Industrials,False,Cash,Stage 1,Stage 1,Stage 1,0.68,Price is building a base around long-term weekly structure without a confirmed advancing phase.,Initial classification; no prior stage memory available.,,,,watchlist,36.9,Stage 1,26.9,Very Strong,Volume Expanding,Volume Normal (1.23x vs 10W Avg),36.31,Outperformed Nifty by 36.31% in 3 Months,1.43,2.18,1.23,False,False,Stage 1 Structure,Stage 1 Structure
2026-07-12,JAYNECOIND.NS,Jayaswal Neco Industries Limited,Steel,Basic Materials,False,Cash,Stage 2,Stage 2,Advancing,0.8,Price is above constructive weekly and long-term trend structure with improving relative strength.,Initial classification; no prior stage memory available.,,,,watchlist,51.41,Stage 2 - Advancing,46.41,Neutral,Volume Drying Up,Volume Drying Up (0.44x vs 10W Avg),-1.99,Underperformed Nifty by 1.99% in 3 Months,0.65,0.68,0.44,True,True,Stage 2 Structure,Stage 2 Structure
2026-07-12,JBCHEPHARM.NS,JB Chemicals & Pharmaceuticals Limited,Drug Manufacturers - Specialty & Generic,Healthcare,False,Cash,Stage 2,Stage 2,Advancing,0.9,Price is above constructive weekly and long-term trend structure with improving relative strength.,Initial classification; no prior stage memory available.,,,,watchlist,61.33,Stage 2 - Advancing,51.33,Very Strong,Volume Expanding,Volume Expanding (2.00x vs 10W Avg),21.64,Outperformed Nifty by 21.64% in 3 Months,1.47,1.29,2.0,False,False,Stage 2 Structure,Stage 2 Structure
2026-07-12,JBMA.NS,JBM Auto Limited,Auto Parts,Consumer Cyclical,False,Cash,Stage 2,Stage 2,Advancing,0.8,Price is above constructive weekly and long-term trend structure with improving relative strength.,Initial classification; no prior stage memory available.,,,,watchlist,55.14,Stage 2 - Advancing,53.14,Strong,Volume Drying Up,Volume Drying Up (0.28x vs 10W Avg),7.19,Outperformed Nifty by 7.19% in 3 Months,0.36,0.39,0.28,True,True,Stage 2 Structure,Stage 2 Structure
2026-07-12,JINDALPOLY.NS,Jindal Poly Films Limited,Consumer Cyclical,Consumer Cyclical,False,Cash,Stage 1,Stage 1,Stage 1,0.64,Price is building a base around long-term weekly structure without a confirmed advancing phase.,Initial classification; no prior stage memory available.,,,,watchlist,4.86,Stage 1,4.86,Neutral,Volume Normal,Volume Normal (1.16x vs 10W Avg),-2.78,Underperformed Nifty by 2.78% in 3 Months,1.05,0.74,1.16,False,False,Stage 1 Structure,Stage 1 Structure
2026-07-12,JINDALSAW.NS,Jindal Saw Limited,Steel,Basic Materials,False,Cash,Stage 2,Stage 2,Advancing,0.9,Price is above constructive weekly and long-term trend structure with improving relative strength.,Initial classification; no prior stage memory available.,,,,watchlist,50.96,Stage 2 - Advancing,45.96,Very Strong,Volume Drying Up,Volume Normal (0.93x vs 10W Avg),25.14,Outperformed Nifty by 25.14% in 3 Months,0.82,1.31,0.93,True,False,Stage 2 Structure,Stage 2 Structure
2026-07-12,JINDALSTEL.NS,JINDAL STEEL LIMITED,Steel,Basic Materials,True,F&O,Stage 3,Stage 3,Early,0.68,"Prior strength has shifted into a Stage 3 transition based on trend, relative strength, and volume evidence.",Initial classification; no prior stage memory available.,,,,watchlist,12.55,Stage 3 Early,7.55,Weak,Volume Drying Up,Volume Drying Up (0.85x vs 10W Avg),-15.74,Underperformed Nifty by 15.74% in 3 Months,0.99,0.88,0.85,False,True,Stage 3 Structure,Stage 3 Structure
2026-07-12,JIOFIN.NS,Jio Financial Services Limited,Asset Management,Financial Services,True,F&O,Stage 4,Stage 4,Stage 4,0.86,Price is below the 30-week trend and below long-term support structure.,Initial classification; no prior stage memory available.,,,,watchlist,29.92,Stage 4,27.92,Weak,Volume Expanding,Volume Expanding (1.75x vs 10W Avg),-2.1,Underperformed Nifty by 2.1% in 3 Months,1.17,2.25,1.75,False,False,Stage 4 Structure,Stage 4 Structure
2026-07-12,JISLJALEQS.NS,Jain Irrigation Systems Limited,Conglomerates,Industrials,False,Cash,Stage 4,Stage 4,Stage 4,0.86,Price is below the 30-week trend and below long-term support structure.,Initial classification; no prior stage memory available.,,,,watchlist,17.62,Stage 4,15.62,Weak,Volume Drying Up,Volume Drying Up (0.42x vs 10W Avg),-6.69,Underperformed Nifty by 6.69% in 3 Months,0.41,0.41,0.42,True,True,Stage 4 Structure,Stage 4 Structure
2026-07-12,JKCEMENT.NS,JK Cement Limited,Building Materials,Basic Materials,False,Cash,Stage 4,Stage 4,Stage 4,0.86,Price is below the 30-week trend and below long-term support structure.,Initial classification; no prior stage memory available.,,,,watchlist,8.98,Stage 4,8.98,Weak,Volume Normal,Volume Normal (1.02x vs 10W Avg),-2.08,Underperformed Nifty by 2.08% in 3 Months,1.27,0.38,1.02,False,False,Stage 4 Structure,Stage 4 Structure
2026-07-12,JKIL.NS,J.Kumar Infraprojects Limited,Engineering & Construction,Industrials,False,Cash,Stage 4,Stage 4,Stage 4,0.86,Price is below the 30-week trend and below long-term support structure.,Initial classification; no prior stage memory available.,,,,watchlist,26.14,Stage 4,24.14,Weak,Volume Expanding,Volume Expanding (1.99x vs 10W Avg),0.85,Outperformed Nifty by 0.85% in 3 Months,1.24,1.69,1.99,False,False,Stage 4 Structure,Stage 4 Structure
2026-07-12,JKLAKSHMI.NS,JK Lakshmi Cement Limited,Building Materials,Basic Materials,False,Cash,Stage 4,Stage 4,Stage 4,0.86,Price is below the 30-week trend and below long-term support structure.,Initial classification; no prior stage memory available.,,,,watchlist,6.85,Stage 4,6.85,Weak,Volume Drying Up,Volume Drying Up (0.76x vs 10W Avg),-15.26,Underperformed Nifty by 15.26% in 3 Months,1.12,2.08,0.76,False,True,Stage 4 Structure,Stage 4 Structure
2026-07-12,JKPAPER.NS,JK Paper Limited,Basic Materials,Basic Materials,False,Cash,Stage 1,Stage 1,Stage 1,0.64,Price is building a base around long-term weekly structure without a confirmed advancing phase.,Initial classification; no prior stage memory available.,,,,watchlist,28.27,Stage 1,28.27,Neutral,Volume Normal,Volume Normal (1.26x vs 10W Avg),-2.03,Underperformed Nifty by 2.03% in 3 Months,0.96,1.68,1.26,False,False,Stage 1 Structure,Stage 1 Structure
2026-07-12,JKTYRE.NS,JK Tyre & Industries Limited,Auto Parts,Consumer Cyclical,False,Cash,Stage 4,Stage 4,Stage 4,0.86,Price is below the 30-week trend and below long-term support structure.,Initial classification; no prior stage memory available.,,,,watchlist,23.79,Stage 4,21.79,Weak,Volume Normal,Volume Normal (1.01x vs 10W Avg),-5.16,Underperformed Nifty by 5.16% in 3 Months,1.05,1.21,1.01,False,False,Stage 4 Structure,Stage 4 Structure
2026-07-12,JLHL.NS,Jupiter Life Line Hospitals Limited,Medical Care Facilities,Healthcare,False,Cash,Not Sure,Not Sure,Unclear,0.0,The weekly structure does not meet reliable stage criteria.,Initial classification; no prior stage memory available.,,,,watchlist,47.49,Not Sure - Unclear,42.49,Very Strong,Volume Drying Up,Volume Drying Up (0.42x vs 10W Avg),15.33,Outperformed Nifty by 15.33% in 3 Months,0.76,0.49,0.42,True,True,Unclear Structure,Not Rated
2026-07-12,JMFINANCIL.NS,JM Financial Limited,Capital Markets,Financial Services,False,Cash,Stage 4,Stage 4,Stage 4,0.86,Price is below the 30-week trend and below long-term support structure.,Initial classification; no prior stage memory available.,,,,watchlist,13.99,Stage 4,13.99,Weak,Volume Normal,Volume Normal (1.04x vs 10W Avg),-8.19,Underperformed Nifty by 8.19% in 3 Months,1.07,1.35,1.04,False,False,Stage 4 Structure,Stage 4 Structure
2026-07-12,JSFB.NS,Jana Small Finance Bank Limited,Banks - Regional,Financial Services,False,Cash,Stage 2,Stage 2,Advancing,0.8,Price is above constructive weekly and long-term trend structure with improving relative strength.,Initial classification; no prior stage memory available.,,,,watchlist,60.91,Stage 2 - Advancing,58.91,Strong,Volume Normal,Volume Normal (1.14x vs 10W Avg),15.13,Outperformed Nifty by 15.13% in 3 Months,0.98,1.44,1.14,False,False,Stage 2 Structure,Stage 2 Structure
2026-07-12,JSL.NS,Jindal Stainless Limited,Steel,Basic Materials,False,Cash,Stage 4,Stage 4,Stage 4,0.66,Price is below weekly structure.,Initial classification; no prior stage memory available.,,,,watchlist,12.11,Stage 4,7.11,Weak,Volume Normal,Volume Normal (0.97x vs 10W Avg),-10.16,Underperformed Nifty by 10.16% in 3 Months,1.12,0.93,0.97,False,False,Stage 4 Structure,Stage 4 Structure
2026-07-12,JSLL.NS,Jeena Sikho Lifecare Limited,Medical Care Facilities,Healthcare,False,Cash,Stage 4,Stage 4,Stage 4,0.86,Price is below the 30-week trend and below long-term support structure.,Initial classification; no prior stage memory available.,,,,watchlist,10.47,Stage 4,5.47,Weak,Volume Drying Up,Volume Drying Up (0.26x vs 10W Avg),-14.76,Underperformed Nifty by 14.76% in 3 Months,0.27,0.15,0.26,True,True,Stage 4 Structure,Stage 4 Structure
2026-07-12,JSWDULUX.NS,JSW Dulux Limited,Specialty Chemicals,Basic Materials,False,Cash,Stage 4,Stage 4,Stage 4,0.66,Price is below weekly structure.,Initial classification; no prior stage memory available.,,,,watchlist,31.12,Stage 4,26.12,Weak,Volume Normal,Volume Normal (1.01x vs 10W Avg),-2.48,Underperformed Nifty by 2.48% in 3 Months,1.19,1.52,1.01,False,False,Stage 4 Structure,Stage 4 Structure
2026-07-12,JSWENERGY.NS,JSW Energy Limited,Utilities,Utilities,True,F&O,Stage 2,Stage 2,Advancing,0.8,Price is above constructive weekly and long-term trend structure with improving relative strength.,Initial classification; no prior stage memory available.,,,,watchlist,34.21,Stage 2 - Advancing,32.21,Neutral,Volume Drying Up,Volume Drying Up (0.84x vs 10W Avg),3.32,Outperformed Nifty by 3.32% in 3 Months,0.93,0.8,0.84,False,True,Stage 2 Structure,Stage 2 Structure
2026-07-12,JSWHL.NS,JSW Holdings Limited,Conglomerates,Industrials,False,Cash,Stage 4,Stage 4,Stage 4,0.86,Price is below the 30-week trend and below long-term support structure.,Initial classification; no prior stage memory available.,,,,watchlist,3.49,Stage 4,1.49,Weak,Volume Expanding,Volume Expanding (2.27x vs 10W Avg),-16.66,Underperformed Nifty by 16.66% in 3 Months,1.26,1.94,2.27,False,False,Stage 4 Structure,Stage 4 Structure
2026-07-12,JSWINFRA.NS,JSW Infrastructure Limited,Marine Shipping,Industrials,False,Cash,Stage 2,Stage 2,Advancing,0.8,Price is above constructive weekly and long-term trend structure with improving relative strength.,Initial classification; no prior stage memory available.,,,,watchlist,62.35,Stage 2 - Advancing,57.35,Very Strong,Volume Drying Up,Volume Drying Up (0.80x vs 10W Avg),20.42,Outperformed Nifty by 20.42% in 3 Months,0.99,0.67,0.8,False,True,Stage 2 Structure,Stage 2 Structure
2026-07-12,JSWSTEEL.NS,JSW Steel Limited,Steel,Basic Materials,True,F&O,Stage 1,Stage 1,Stage 1,0.64,Price is building a base around long-term weekly structure without a confirmed advancing phase.,Initial classification; no prior stage memory available.,,,,watchlist,20.55,Stage 1,15.55,Neutral,Volume Normal,Volume Normal (0.92x vs 10W Avg),0.97,Outperformed Nifty by 0.97% in 3 Months,0.93,1.04,0.92,False,False,Stage 1 Structure,Stage 1 Structure
2026-07-12,JTEKTINDIA.NS,Jtekt India Limited,Auto Parts,Consumer Cyclical,False,Cash,Not Sure,Not Sure,Unclear,0.0,The weekly structure does not meet reliable stage criteria.,Initial classification; no prior stage memory available.,,,,watchlist,31.45,Not Sure - Unclear,29.45,Strong,Volume Drying Up,Volume Drying Up (0.43x vs 10W Avg),6.98,Outperformed Nifty by 6.98% in 3 Months,3.96,0.16,0.43,False,True,Unclear Structure,Not Rated
2026-07-12,JTLIND.NS,JTL INDUSTRIES LIMITED,Steel,Basic Materials,False,Cash,Stage 2,Stage 2,Advancing,0.8,Price is above constructive weekly and long-term trend structure with improving relative strength.,Initial classification; no prior stage memory available.,,,,watchlist,52.55,Stage 2 - Advancing,47.55,Very Strong,Volume Normal,Volume Normal (1.06x vs 10W Avg),12.29,Outperformed Nifty by 12.29% in 3 Months,1.14,0.6,1.06,False,False,Stage 2 Structure,Stage 2 Structure
2026-07-12,JUBLCPL.NS,Jubilant Agri and Consumer Products Limited,Specialty Chemicals,Basic Materials,False,Cash,Not Sure,Not Sure,Unclear,0.0,The weekly structure does not meet reliable stage criteria.,Initial classification; no prior stage memory available.,,,,watchlist,29.62,Not Sure - Unclear,24.62,Strong,Volume Drying Up,Volume Drying Up (0.78x vs 10W Avg),17.16,Outperformed Nifty by 17.16% in 3 Months,1.28,0.47,0.78,False,True,Unclear Structure,Not Rated
2026-07-12,JUBLFOOD.NS,Jubilant Foodworks Limited,Consumer Cyclical,Consumer Cyclical,True,F&O,Stage 4,Stage 4,Stage 4,0.86,Price is below the 30-week trend and below long-term support structure.,Initial classification; no prior stage memory available.,,,,watchlist,6.61,Stage 4,6.61,Weak,Volume Expanding,Volume Expanding (1.80x vs 10W Avg),-5.51,Underperformed Nifty by 5.51% in 3 Months,1.02,0.48,1.8,False,False,Stage 4 Structure,Stage 4 Structure
2026-07-12,JUBLINGREA.NS,Jubilant Ingrevia Limited,Specialty Chemicals,Basic Materials,False,Cash,Stage 2,Stage 2,Advancing,0.8,Price is above constructive weekly and long-term trend structure with improving relative strength.,Initial classification; no prior stage memory available.,,,,watchlist,51.8,Stage 2 - Advancing,46.8,Strong,Volume Expanding,Volume Expanding (2.21x vs 10W Avg),6.33,Outperformed Nifty by 6.33% in 3 Months,1.57,1.89,2.21,False,False,Stage 2 Structure,Stage 2 Structure
2026-07-12,JUBLPHARMA.NS,Jubilant Pharmova Limited,Drug Manufacturers - Specialty & Generic,Healthcare,False,Cash,Not Sure,Not Sure,Unclear,0.0,The weekly structure does not meet reliable stage criteria.,Initial classification; no prior stage memory available.,,,,watchlist,44.7,Not Sure - Unclear,34.7,Neutral,Volume Normal,Volume Normal (0.86x vs 10W Avg),6.24,Outperformed Nifty by 6.24% in 3 Months,0.87,1.26,0.86,False,True,Unclear Structure,Not Rated
2026-07-12,JUNIPER.NS,Juniper Hotels Limited,Lodging,Consumer Cyclical,False,Cash,Stage 4,Stage 4,Stage 4,0.86,Price is below the 30-week trend and below long-term support structure.,Initial classification; no prior stage memory available.,,,,watchlist,16.17,Stage 4,16.17,Weak,Volume Drying Up,Volume Drying Up (0.42x vs 10W Avg),-11.22,Underperformed Nifty by 11.22% in 3 Months,0.71,0.33,0.42,True,True,Stage 4 Structure,Stage 4 Structure
2026-07-12,JUSTDIAL.NS,Just Dial Limited,Communication Services,Communication Services,False,Cash,Stage 4,Stage 4,Stage 4,0.86,Price is below the 30-week trend and below long-term support structure.,Initial classification; no prior stage memory available.,,,,watchlist,13.14,Stage 4,13.14,Weak,Volume Expanding,Volume Expanding (1.72x vs 10W Avg),1.89,Outperformed Nifty by 1.89% in 3 Months,1.55,3.48,1.72,False,False,Stage 4 Structure,Stage 4 Structure
2026-07-12,JWL.NS,Jupiter Wagons Limited,Industrials,Industrials,False,Cash,Stage 4,Stage 4,Stage 4,0.86,Price is below the 30-week trend and below long-term support structure.,Initial classification; no prior stage memory available.,,,,watchlist,18.31,Stage 4,18.31,Weak,Volume Drying Up,Volume Drying Up (0.47x vs 10W Avg),-7.8,Underperformed Nifty by 7.8% in 3 Months,0.6,0.62,0.47,True,True,Stage 4 Structure,Stage 4 Structure
2026-07-12,JYOTHYLAB.NS,Jyothy Labs Limited,Household & Personal Products,Consumer Defensive,False,Cash,Stage 4,Stage 4,Stage 4,0.86,Price is below the 30-week trend and below long-term support structure.,Initial classification; no prior stage memory available.,,,,watchlist,10.0,Stage 4,0.0,Weak,Volume Normal,Volume Normal (1.08x vs 10W Avg),-11.04,Underperformed Nifty by 11.04% in 3 Months,1.01,0.94,1.08,False,False,Stage 4 Structure,Stage 4 Structure
2026-07-12,JYOTICNC.NS,Jyoti CNC Automation Limited,Specialty Industrial Machinery,Industrials,False,Cash,Not Sure,Not Sure,Unclear,0.0,The weekly structure does not meet reliable stage criteria.,Initial classification; no prior stage memory available.,,,,watchlist,36.03,Not Sure - Unclear,26.03,Neutral,Volume Drying Up,Volume Drying Up (0.58x vs 10W Avg),12.2,Outperformed Nifty by 12.2% in 3 Months,0.66,0.65,0.58,True,True,Unclear Structure,Not Rated
2026-07-12,KAJARIACER.NS,Kajaria Ceramics Limited,Building Products & Equipment,Industrials,False,Cash,Stage 2,Stage 2,Advancing,0.8,Price is above constructive weekly and long-term trend structure with improving relative strength.,Initial classification; no prior stage memory available.,,,,watchlist,50.59,Stage 2 - Advancing,48.59,Strong,Volume Drying Up,Volume Drying Up (0.51x vs 10W Avg),3.17,Outperformed Nifty by 3.17% in 3 Months,0.88,0.68,0.51,False,True,Stage 2 Structure,Stage 2 Structure
2026-07-12,KALYANKJIL.NS,Kalyan Jewellers India Limited,Luxury Goods,Consumer Cyclical,True,F&O,Not Sure,Not Sure,Unclear,0.0,The weekly structure does not meet reliable stage criteria.,Initial classification; no prior stage memory available.,,,,watchlist,32.57,Not Sure - Unclear,22.57,Very Strong,Volume Expanding,Volume Expanding (7.46x vs 10W Avg),5.79,Outperformed Nifty by 5.79% in 3 Months,2.35,8.11,7.46,False,False,Unclear Structure,Not Rated
2026-07-12,KANSAINER.NS,Kansai Nerolac Paints Limited,Specialty Chemicals,Basic Materials,False,Cash,Stage 4,Stage 4,Stage 4,0.66,Price is below weekly structure.,Initial classification; no prior stage memory available.,,,,watchlist,16.51,Stage 4,11.51,Weak,Volume Drying Up,Volume Drying Up (0.26x vs 10W Avg),6.88,Outperformed Nifty by 6.88% in 3 Months,0.38,0.29,0.26,True,True,Stage 4 Structure,Stage 4 Structure
2026-07-12,KARURVYSYA.NS,Karur Vysya Bank Limited,Banks - Regional,Financial Services,False,Cash,Stage 2,Stage 2,Advancing,0.9,Price is above constructive weekly and long-term trend structure with improving relative strength.,Initial classification; no prior stage memory available.,,,,watchlist,66.18,Stage 2 - Advancing,64.18,Strong,Volume Normal,Volume Normal (0.88x vs 10W Avg),7.4,Outperformed Nifty by 7.4% in 3 Months,1.14,0.78,0.88,False,True,Stage 2 Structure,Stage 2 Structure
2026-07-12,KAYNES.NS,Kaynes Technology India Limited,Electronic Components,Technology,True,F&O,Stage 4,Stage 4,Stage 4,0.86,Price is below the 30-week trend and below long-term support structure.,Initial classification; no prior stage memory available.,,,,watchlist,15.98,Stage 4,5.98,Weak,Volume Normal,Volume Normal (1.04x vs 10W Avg),-18.76,Underperformed Nifty by 18.76% in 3 Months,0.9,1.28,1.04,False,False,Stage 4 Structure,Stage 4 Structure
2026-07-12,KDDL.NS,KDDL Limited,Luxury Goods,Consumer Cyclical,False,Cash,Stage 2,Stage 2,Extended,0.78,"Weekly advancing structure remains intact, but price is stretched versus key moving averages.",Initial classification; no prior stage memory available.,,,,watchlist,62.41,Stage 2 - Extended,52.41,Very Strong,Volume Drying Up,Volume Drying Up (0.32x vs 10W Avg),35.39,Outperformed Nifty by 35.39% in 3 Months,0.41,0.42,0.32,True,True,Stage 2 Structure,Stage 2 Structure
2026-07-12,KEC.NS,KEC International Limited,Engineering & Construction,Industrials,False,Cash,Stage 4,Stage 4,Stage 4,0.86,Price is below the 30-week trend and below long-term support structure.,Initial classification; no prior stage memory available.,,,,watchlist,13.26,Stage 4,11.26,Weak,Volume Drying Up,Volume Drying Up (0.63x vs 10W Avg),-12.52,Underperformed Nifty by 12.52% in 3 Months,1.45,1.13,0.63,False,True,Stage 4 Structure,Stage 4 Structure
2026-07-12,KEI.NS,KEI Industries Limited,Electrical Equipment & Parts,Industrials,True,F&O,Stage 2,Stage 2,Advancing,0.8,Price is above constructive weekly and long-term trend structure with improving relative strength.,Initial classification; no prior stage memory available.,,,,watchlist,42.31,Stage 2 - Advancing,32.31,Strong,Volume Drying Up,Volume Drying Up (0.75x vs 10W Avg),10.17,Outperformed Nifty by 10.17% in 3 Months,1.18,0.77,0.75,False,True,Stage 2 Structure,Stage 2 Structure
2026-07-12,KERNEX.NS,Kernex Microsystems (India) Limited,Software - Application,Technology,False,Cash,Stage 2,Stage 2,Extended,0.78,"Weekly advancing structure remains intact, but price is stretched versus key moving averages.",Initial classification; no prior stage memory available.,,,,watchlist,40.05,Stage 2 - Extended,35.05,Very Strong,Volume Drying Up,Volume Drying Up (0.76x vs 10W Avg),83.34,Outperformed Nifty by 83.34% in 3 Months,0.76,0.39,0.76,True,True,Stage 2 Structure,Stage 2 Structure
2026-07-12,KFINTECH.NS,Kfin Technologies Limited,Software - Application,Technology,True,F&O,Stage 4,Stage 4,Stage 4,0.86,Price is below the 30-week trend and below long-term support structure.,Initial classification; no prior stage memory available.,,,,watchlist,17.35,Stage 4,12.35,Weak,Volume Normal,Volume Normal (1.27x vs 10W Avg),-5.18,Underperformed Nifty by 5.18% in 3 Months,1.09,1.74,1.27,False,False,Stage 4 Structure,Stage 4 Structure
2026-07-12,KIMS.NS,Krishna Institute of Medical Sciences Limited,Medical Care Facilities,Healthcare,False,Cash,Stage 2,Stage 2,Advancing,0.8,Price is above constructive weekly and long-term trend structure with improving relative strength.,Initial classification; no prior stage memory available.,,,,watchlist,68.93,Stage 2 - Advancing,63.93,Very Strong,Volume Drying Up,Volume Drying Up (0.83x vs 10W Avg),20.72,Outperformed Nifty by 20.72% in 3 Months,0.92,0.61,0.83,False,True,Stage 2 Structure,Stage 2 Structure
2026-07-12,KINGFA.NS,Kingfa Science & Technology (India) Limited,Specialty Chemicals,Basic Materials,False,Cash,Stage 2,Stage 2,Advancing,0.8,Price is above constructive weekly and long-term trend structure with improving relative strength.,Initial classification; no prior stage memory available.,,,,watchlist,38.78,Stage 2 - Advancing,33.78,Strong,Volume Normal,Volume Normal (1.14x vs 10W Avg),14.83,Outperformed Nifty by 14.83% in 3 Months,0.96,0.63,1.14,False,False,Stage 2 Structure,Stage 2 Structure
2026-07-12,KIOCL.NS,KIOCL Limited,Steel,Basic Materials,False,Cash,Stage 1,Stage 1,Stage 1,0.64,Price is building a base around long-term weekly structure without a confirmed advancing phase.,Initial classification; no prior stage memory available.,,,,watchlist,18.63,Stage 1,13.63,Neutral,Volume Drying Up,Volume Drying Up (0.34x vs 10W Avg),2.1,Outperformed Nifty by 2.1% in 3 Months,0.4,0.46,0.34,True,True,Stage 1 Structure,Stage 1 Structure
2026-07-12,KIRIINDUS.NS,Kiri Industries Limited,Specialty Chemicals,Basic Materials,False,Cash,Stage 4,Stage 4,Stage 4,0.86,Price is below the 30-week trend and below long-term support structure.,Initial classification; no prior stage memory available.,,,,watchlist,19.49,Stage 4,14.49,Weak,Volume Expanding,Volume Expanding (1.52x vs 10W Avg),-9.83,Underperformed Nifty by 9.83% in 3 Months,1.13,0.75,1.52,False,False,Stage 4 Structure,Stage 4 Structure
2026-07-12,KIRLOSBROS.NS,Kirloskar Brothers Limited,Specialty Industrial Machinery,Industrials,False,Cash,Stage 2,Stage 2,Advancing,0.8,Price is above constructive weekly and long-term trend structure with improving relative strength.,Initial classification; no prior stage memory available.,,,,watchlist,37.33,Stage 2 - Advancing,27.33,Strong,Volume Drying Up,Volume Drying Up (0.50x vs 10W Avg),6.13,Outperformed Nifty by 6.13% in 3 Months,0.95,0.17,0.5,False,True,Stage 2 Structure,Stage 2 Structure
2026-07-12,KIRLOSENG.NS,Kirloskar Oil Engines Limited,Specialty Industrial Machinery,Industrials,False,Cash,Stage 2,Stage 2,Extended,0.78,"Weekly advancing structure remains intact, but price is stretched versus key moving averages.",Initial classification; no prior stage memory available.,,,,watchlist,42.31,Stage 2 - Extended,32.31,Very Strong,Volume Normal,Volume Normal (1.49x vs 10W Avg),54.22,Outperformed Nifty by 54.22% in 3 Months,1.12,0.53,1.49,False,False,Stage 2 Structure,Stage 2 Structure
2026-07-12,KIRLOSIND.NS,Kirloskar Industries Limited,Metal Fabrication,Industrials,False,Cash,Stage 1,Stage 1,Stage 1,0.68,Price is building a base around long-term weekly structure without a confirmed advancing phase.,Initial classification; no prior stage memory available.,,,,watchlist,45.05,Stage 1,35.05,Very Strong,Volume Drying Up,Volume Drying Up (0.44x vs 10W Avg),39.97,Outperformed Nifty by 39.97% in 3 Months,0.45,0.21,0.44,True,True,Stage 1 Structure,Stage 1 Structure
2026-07-12,KIRLPNU.NS,Kirloskar Pneumatic Company Limited,Specialty Industrial Machinery,Industrials,False,Cash,Stage 2,Stage 2,Advancing,0.9,Price is above constructive weekly and long-term trend structure with improving relative strength.,Initial classification; no prior stage memory available.,,,,watchlist,40.6,Stage 2 - Advancing,30.6,Very Strong,Volume Drying Up,Volume Drying Up (0.46x vs 10W Avg),42.89,Outperformed Nifty by 42.89% in 3 Months,0.85,0.48,0.46,False,True,Stage 2 Structure,Stage 2 Structure
2026-07-12,KITEX.NS,Kitex Garments Limited,Apparel Manufacturing,Consumer Cyclical,False,Cash,Stage 4,Stage 4,Stage 4,0.86,Price is below the 30-week trend and below long-term support structure.,Initial classification; no prior stage memory available.,,,,watchlist,9.82,Stage 4,9.82,Weak,Volume Drying Up,Volume Drying Up (0.36x vs 10W Avg),-11.33,Underperformed Nifty by 11.33% in 3 Months,0.51,0.2,0.36,True,True,Stage 4 Structure,Stage 4 Structure
2026-07-12,KKCL.NS,Kewal Kiran Clothing Limited,Apparel Manufacturing,Consumer Cyclical,False,Cash,Not Sure,Not Sure,Unclear,0.0,The weekly structure does not meet reliable stage criteria.,Initial classification; no prior stage memory available.,,,,watchlist,37.82,Not Sure - Unclear,37.82,Strong,Volume Normal,Volume Normal (1.14x vs 10W Avg),2.54,Outperformed Nifty by 2.54% in 3 Months,1.91,0.91,1.14,False,False,Unclear Structure,Not Rated
2026-07-12,KMEW.NS,Knowledge Marine & Engineering Works Limited,Marine Shipping,Industrials,False,Cash,Stage 2,Stage 2,Extended,0.78,"Weekly advancing structure remains intact, but price is stretched versus key moving averages.",Initial classification; no prior stage memory available.,,,,watchlist,45.69,Stage 2 - Extended,40.69,Very Strong,Volume Drying Up,Volume Drying Up (0.62x vs 10W Avg),32.18,Outperformed Nifty by 32.18% in 3 Months,0.76,1.39,0.62,True,True,Stage 2 Structure,Stage 2 Structure
2026-07-12,KNRCON.NS,KNR Constructions Limited,Engineering & Construction,Industrials,False,Cash,Stage 4,Stage 4,Stage 4,0.86,Price is below the 30-week trend and below long-term support structure.,Initial classification; no prior stage memory available.,,,,watchlist,9.09,Stage 4,7.09,Weak,Volume Drying Up,Volume Drying Up (0.43x vs 10W Avg),1.83,Outperformed Nifty by 1.83% in 3 Months,0.44,0.74,0.43,True,True,Stage 4 Structure,Stage 4 Structure
2026-07-12,KOLTEPATIL.NS,Kolte - Patil Developers Limited,Real Estate,Real Estate,False,Cash,Not Sure,Not Sure,Unclear,0.0,The weekly structure does not meet reliable stage criteria.,Initial classification; no prior stage memory available.,,,,watchlist,25.81,Not Sure - Unclear,23.81,Neutral,Volume Drying Up,Volume Drying Up (0.69x vs 10W Avg),8.73,Outperformed Nifty by 8.73% in 3 Months,0.62,0.91,0.69,True,True,Unclear Structure,Not Rated
2026-07-12,KOTAKBANK.NS,Kotak Mahindra Bank Limited,Banks - Regional,Financial Services,True,F&O,Stage 4,Stage 4,Stage 4,0.66,Price is below weekly structure.,Initial classification; no prior stage memory available.,,,,watchlist,4.29,Stage 4,2.29,Weak,Volume Expanding,Volume Expanding (1.52x vs 10W Avg),-3.07,Underperformed Nifty by 3.07% in 3 Months,1.32,0.89,1.52,False,False,Stage 4 Structure,Stage 4 Structure
2026-07-12,KPEL.NS,K.P. Energy Limited,Engineering & Construction,Industrials,False,Cash,Not Sure,Not Sure,Unclear,0.0,The weekly structure does not meet reliable stage criteria.,Initial classification; no prior stage memory available.,,,,watchlist,19.27,Not Sure - Unclear,17.27,Neutral,Volume Drying Up,Volume Drying Up (0.57x vs 10W Avg),-2.02,Underperformed Nifty by 2.02% in 3 Months,0.5,1.03,0.57,True,True,Unclear Structure,Not Rated
2026-07-12,KPIGREEN.NS,KPI Green Energy Limited,Utilities - Renewable,Utilities,False,Cash,Stage 4,Stage 4,Stage 4,0.86,Price is below the 30-week trend and below long-term support structure.,Initial classification; no prior stage memory available.,,,,watchlist,28.87,Stage 4,23.87,Weak,Volume Drying Up,Volume Drying Up (0.39x vs 10W Avg),-8.7,Underperformed Nifty by 8.7% in 3 Months,0.46,0.55,0.39,True,True,Stage 4 Structure,Stage 4 Structure
2026-07-12,KPIL.NS,Kalpataru Projects International Limited,Engineering & Construction,Industrials,False,Cash,Stage 2,Stage 2,Advancing,0.8,Price is above constructive weekly and long-term trend structure with improving relative strength.,Initial classification; no prior stage memory available.,,,,watchlist,38.82,Stage 2 - Advancing,36.82,Strong,Volume Drying Up,Volume Drying Up (0.42x vs 10W Avg),10.63,Outperformed Nifty by 10.63% in 3 Months,0.79,0.35,0.42,True,True,Stage 2 Structure,Stage 2 Structure
2026-07-12,KPITTECH.NS,KPIT Technologies Limited,Software - Infrastructure,Technology,True,F&O,Stage 4,Stage 4,Stage 4,0.86,Price is below the 30-week trend and below long-term support structure.,Initial classification; no prior stage memory available.,,,,watchlist,0.0,Stage 4,0.0,Weak,Volume Normal,Volume Normal (1.30x vs 10W Avg),-24.72,Underperformed Nifty by 24.72% in 3 Months,2.23,1.43,1.3,False,False,Stage 4 Structure,Stage 4 Structure
2026-07-12,KPRMILL.NS,K.P.R. Mill Limited,Textile Manufacturing,Consumer Cyclical,False,Cash,Stage 2,Stage 2,Advancing,0.8,Price is above constructive weekly and long-term trend structure with improving relative strength.,Initial classification; no prior stage memory available.,,,,watchlist,67.8,Stage 2 - Advancing,57.8,Very Strong,Volume Drying Up,Volume Drying Up (0.33x vs 10W Avg),20.52,Outperformed Nifty by 20.52% in 3 Months,0.6,0.17,0.33,True,True,Stage 2 Structure,Stage 2 Structure
2026-07-12,KRBL.NS,KRBL Limited,Packaged Foods,Consumer Defensive,False,Cash,Not Sure,Not Sure,Unclear,0.0,The weekly structure does not meet reliable stage criteria.,Initial classification; no prior stage memory available.,,,,watchlist,40.76,Not Sure - Unclear,40.76,Neutral,Volume Drying Up,Volume Drying Up (0.74x vs 10W Avg),10.79,Outperformed Nifty by 10.79% in 3 Months,0.61,0.7,0.74,True,True,Unclear Structure,Not Rated
2026-07-12,KRISHANA.NS,Krishana Phoschem Limited,Agricultural Inputs,Basic Materials,False,Cash,Stage 2,Stage 2,Advancing,0.9,Price is above constructive weekly and long-term trend structure with improving relative strength.,Initial classification; no prior stage memory available.,,,,watchlist,53.46,Stage 2 - Advancing,53.46,Very Strong,Volume Normal,Volume Normal (0.98x vs 10W Avg),13.09,Outperformed Nifty by 13.09% in 3 Months,1.18,0.45,0.98,False,False,Stage 2 Structure,Stage 2 Structure
2026-07-12,KRN.NS,KRN Heat Exchanger and Refrigeration Limited,Electronic Components,Technology,False,Cash,Stage 2,Stage 2,Advancing,0.9,Price is above constructive weekly and long-term trend structure with improving relative strength.,Initial classification; no prior stage memory available.,,,,watchlist,62.51,Stage 2 - Advancing,52.51,Strong,Volume Drying Up,Volume Drying Up (0.20x vs 10W Avg),7.8,Outperformed Nifty by 7.8% in 3 Months,0.36,0.46,0.2,True,True,Stage 2 Structure,Stage 2 Structure
2026-07-12,KSB.NS,Ksb Limited,Specialty Industrial Machinery,Industrials,False,Cash,Stage 2,Stage 2,Advancing,0.9,Price is above constructive weekly and long-term trend structure with improving relative strength.,Initial classification; no prior stage memory available.,,,,watchlist,59.92,Stage 2 - Advancing,49.92,Strong,Volume Drying Up,Volume Drying Up (0.47x vs 10W Avg),-1.44,Underperformed Nifty by 1.44% in 3 Months,0.58,0.27,0.47,True,True,Stage 2 Structure,Stage 2 Structure
2026-07-12,KSCL.NS,Kaveri Seed Company Limited,Agricultural Inputs,Basic Materials,False,Cash,Stage 4,Stage 4,Stage 4,0.86,Price is below the 30-week trend and below long-term support structure.,Initial classification; no prior stage memory available.,,,,watchlist,20.09,Stage 4,20.09,Weak,Volume Drying Up,Volume Drying Up (0.29x vs 10W Avg),-7.78,Underperformed Nifty by 7.78% in 3 Months,0.32,0.13,0.29,True,True,Stage 4 Structure,Stage 4 Structure
2026-07-12,KSL.NS,Kalyani Steels Limited,Steel,Basic Materials,False,Cash,Stage 2,Stage 2,Extended,0.78,"Weekly advancing structure remains intact, but price is stretched versus key moving averages.",Initial classification; no prior stage memory available.,,,,watchlist,55.21,Stage 2 - Extended,50.21,Very Strong,Volume Expanding,Volume Expanding (3.33x vs 10W Avg),37.14,Outperformed Nifty by 37.14% in 3 Months,1.85,3.26,3.33,False,False,Stage 2 Structure,Stage 2 Structure
2026-07-12,KTKBANK.NS,The Karnataka Bank Limited,Banks - Regional,Financial Services,False,Cash,Stage 2,Stage 2,Advancing,0.9,Price is above constructive weekly and long-term trend structure with improving relative strength.,Initial classification; no prior stage memory available.,,,,watchlist,62.44,Stage 2 - Advancing,60.44,Very Strong,Volume Drying Up,Volume Drying Up (0.83x vs 10W Avg),12.13,Outperformed Nifty by 12.13% in 3 Months,0.79,1.73,0.83,True,True,Stage 2 Structure,Stage 2 Structure
2026-07-12,LALPATHLAB.NS,Dr. Lal Path Labs Ltd.,Diagnostics & Research,Healthcare,False,Cash,Stage 2,Stage 2,Advancing,0.8,Price is above constructive weekly and long-term trend structure with improving relative strength.,Initial classification; no prior stage memory available.,,,,watchlist,45.95,Stage 2 - Advancing,40.95,Very Strong,Volume Drying Up,Volume Drying Up (0.61x vs 10W Avg),16.21,Outperformed Nifty by 16.21% in 3 Months,0.58,0.36,0.61,True,True,Stage 2 Structure,Stage 2 Structure
2026-07-12,LATENTVIEW.NS,Latent View Analytics Limited,Industrials,Industrials,False,Cash,Stage 4,Stage 4,Stage 4,0.86,Price is below the 30-week trend and below long-term support structure.,Initial classification; no prior stage memory available.,,,,watchlist,11.86,Stage 4,11.86,Weak,Volume Expanding,Volume Expanding (1.70x vs 10W Avg),-2.28,Underperformed Nifty by 2.28% in 3 Months,1.49,0.54,1.7,False,False,Stage 4 Structure,Stage 4 Structure
2026-07-12,LAURUSLABS.NS,Laurus Labs Limited,Drug Manufacturers - Specialty & Generic,Healthcare,True,F&O,Stage 2,Stage 2,Advancing,0.9,Price is above constructive weekly and long-term trend structure with improving relative strength.,Initial classification; no prior stage memory available.,,,,watchlist,66.73,Stage 2 - Advancing,56.73,Very Strong,Volume Normal,Volume Normal (0.89x vs 10W Avg),35.92,Outperformed Nifty by 35.92% in 3 Months,1.43,0.86,0.89,False,True,Stage 2 Structure,Stage 2 Structure
2026-07-12,LEMONTREE.NS,Lemon Tree Hotels Limited,Lodging,Consumer Cyclical,False,Cash,Stage 4,Stage 4,Stage 4,0.86,Price is below the 30-week trend and below long-term support structure.,Initial classification; no prior stage memory available.,,,,watchlist,24.95,Stage 4,24.95,Weak,Volume Normal,Volume Normal (1.07x vs 10W Avg),1.75,Outperformed Nifty by 1.75% in 3 Months,0.93,0.5,1.07,False,False,Stage 4 Structure,Stage 4 Structure
2026-07-12,LGBBROSLTD.NS,LG Balakrishnan & Bros Limited,Auto Parts,Consumer Cyclical,False,Cash,Stage 4,Stage 4,Stage 4,0.66,Price is below weekly structure.,Initial classification; no prior stage memory available.,,,,watchlist,8.6,Stage 4,6.6,Weak,Volume Drying Up,Volume Drying Up (0.79x vs 10W Avg),-10.39,Underperformed Nifty by 10.39% in 3 Months,0.69,0.61,0.79,True,True,Stage 4 Structure,Stage 4 Structure
2026-07-12,LICHSGFIN.NS,LIC Housing Finance Limited,Mortgage Finance,Financial Services,True,F&O,Stage 3,Stage 3,Early,0.68,"Prior strength has shifted into a Stage 3 transition based on trend, relative strength, and volume evidence.",Initial classification; no prior stage memory available.,,,,watchlist,36.75,Stage 3 Early,34.75,Neutral,Volume Drying Up,Volume Drying Up (0.60x vs 10W Avg),1.89,Outperformed Nifty by 1.89% in 3 Months,1.04,1.02,0.6,False,True,Stage 3 Structure,Stage 3 Structure
2026-07-12,LICI.NS,Life Insurance Corporation Of India,Insurance - Life,Financial Services,True,F&O,Stage 1,Stage 1,Stage 1,0.68,Price is building a base around long-term weekly structure without a confirmed advancing phase.,Initial classification; no prior stage memory available.,,,,watchlist,50.56,Stage 1,50.56,Very Strong,Volume Drying Up,Volume Drying Up (0.69x vs 10W Avg),5.87,Outperformed Nifty by 5.87% in 3 Months,0.67,0.79,0.69,True,True,Stage 1 Structure,Stage 1 Structure
2026-07-12,LINDEINDIA.NS,Linde India Limited,Specialty Chemicals,Basic Materials,False,Cash,Stage 3,Stage 3,Early,0.68,"Prior strength has shifted into a Stage 3 transition based on trend, relative strength, and volume evidence.",Initial classification; no prior stage memory available.,,,,watchlist,19.76,Stage 3 Early,14.76,Neutral,Volume Drying Up,Volume Drying Up (0.50x vs 10W Avg),-5.49,Underperformed Nifty by 5.49% in 3 Months,0.88,0.93,0.5,False,True,Stage 3 Structure,Stage 3 Structure
2026-07-12,LLOYDSENGG.NS,LLOYDS ENGINEERING WORKS LIMITED,Specialty Industrial Machinery,Industrials,False,Cash,Stage 2,Stage 2,Extended,0.78,"Weekly advancing structure remains intact, but price is stretched versus key moving averages.",Initial classification; no prior stage memory available.,,,,watchlist,52.33,Stage 2 - Extended,42.33,Very Strong,Volume Drying Up,Volume Normal (1.08x vs 10W Avg),73.19,Outperformed Nifty by 73.19% in 3 Months,0.76,0.86,1.08,True,False,Stage 2 Structure,Stage 2 Structure
2026-07-12,LLOYDSENT.NS,Lloyds Enterprises Limited,Steel,Basic Materials,False,Cash,Stage 2,Stage 2,Advancing,0.8,Price is above constructive weekly and long-term trend structure with improving relative strength.,Initial classification; no prior stage memory available.,,,,watchlist,42.79,Stage 2 - Advancing,37.79,Very Strong,Volume Normal,Volume Normal (1.26x vs 10W Avg),27.37,Outperformed Nifty by 27.37% in 3 Months,1.0,1.44,1.26,False,False,Stage 2 Structure,Stage 2 Structure
2026-07-12,LLOYDSME.NS,Lloyds Metals And Energy Limited,Steel,Basic Materials,False,Cash,Stage 2,Stage 2,Advancing,0.9,Price is above constructive weekly and long-term trend structure with improving relative strength.,Initial classification; no prior stage memory available.,,,,watchlist,65.15,Stage 2 - Advancing,60.15,Very Strong,Volume Drying Up,Volume Drying Up (0.72x vs 10W Avg),17.3,Outperformed Nifty by 17.3% in 3 Months,0.9,1.42,0.72,False,True,Stage 2 Structure,Stage 2 Structure
2026-07-12,LMW.NS,LMW Limited,Specialty Industrial Machinery,Industrials,False,Cash,Stage 2,Stage 2,Advancing,0.8,Price is above constructive weekly and long-term trend structure with improving relative strength.,Initial classification; no prior stage memory available.,,,,watchlist,63.7,Stage 2 - Advancing,53.7,Very Strong,Volume Drying Up,Volume Normal (0.89x vs 10W Avg),17.65,Outperformed Nifty by 17.65% in 3 Months,0.73,2.28,0.89,True,True,Stage 2 Structure,Stage 2 Structure
2026-07-12,LODHA.NS,Lodha Developers Limited,Real Estate,Real Estate,True,F&O,Not Sure,Not Sure,Unclear,0.0,The weekly structure does not meet reliable stage criteria.,Initial classification; no prior stage memory available.,,,,watchlist,37.79,Not Sure - Unclear,35.79,Very Strong,Volume Expanding,Volume Expanding (2.69x vs 10W Avg),40.05,Outperformed Nifty by 40.05% in 3 Months,1.99,2.02,2.69,False,False,Unclear Structure,Not Rated
2026-07-12,LT.NS,Larsen & Toubro Limited,Engineering & Construction,Industrials,True,F&O,Stage 3,Stage 3,Early,0.68,"Prior strength has shifted into a Stage 3 transition based on trend, relative strength, and volume evidence.",Initial classification; no prior stage memory available.,,,,watchlist,37.03,Stage 3 Early,35.03,Weak,Volume Normal,Volume Normal (1.16x vs 10W Avg),-4.07,Underperformed Nifty by 4.07% in 3 Months,1.0,0.61,1.16,False,False,Stage 3 Structure,Stage 3 Structure
2026-07-12,LTF.NS,L&T Finance Limited,Credit Services,Financial Services,True,F&O,Stage 2,Stage 2,Advancing,0.9,Price is above constructive weekly and long-term trend structure with improving relative strength.,Initial classification; no prior stage memory available.,,,,watchlist,68.34,Stage 2 - Advancing,63.34,Strong,Volume Normal,Volume Normal (1.37x vs 10W Avg),13.68,Outperformed Nifty by 13.68% in 3 Months,1.66,1.49,1.37,False,False,Stage 2 Structure,Stage 2 Structure
2026-07-12,LTFOODS.NS,LT Foods Limited,Packaged Foods,Consumer Defensive,False,Cash,Stage 3,Stage 3,Early,0.68,"Prior strength has shifted into a Stage 3 transition based on trend, relative strength, and volume evidence.",Initial classification; no prior stage memory available.,,,,watchlist,26.61,Stage 3 Early,26.61,Weak,Volume Normal,Volume Normal (1.23x vs 10W Avg),-7.35,Underperformed Nifty by 7.35% in 3 Months,1.06,0.69,1.23,False,False,Stage 3 Structure,Stage 3 Structure
2026-07-12,LTM.NS,LTM Limited,Information Technology Services,Technology,True,F&O,Stage 4,Stage 4,Stage 4,0.86,Price is below the 30-week trend and below long-term support structure.,Initial classification; no prior stage memory available.,,,,watchlist,20.44,Stage 4,20.44,Weak,Volume Expanding,Volume Normal (1.19x vs 10W Avg),-13.43,Underperformed Nifty by 13.43% in 3 Months,1.11,2.06,1.19,False,False,Stage 4 Structure,Stage 4 Structure
2026-07-12,LTTS.NS,L&T Technology Services Limited,Information Technology Services,Technology,False,Cash,Stage 4,Stage 4,Stage 4,0.86,Price is below the 30-week trend and below long-term support structure.,Initial classification; no prior stage memory available.,,,,watchlist,0.0,Stage 4,0.0,Weak,Volume Normal,Volume Normal (1.20x vs 10W Avg),-5.18,Underperformed Nifty by 5.18% in 3 Months,1.33,0.78,1.2,False,False,Stage 4 Structure,Stage 4 Structure
2026-07-12,LUMAXIND.NS,Lumax Industries Limited,Auto Parts,Consumer Cyclical,False,Cash,Stage 1,Stage 1,Stage 1,0.64,Price is building a base around long-term weekly structure without a confirmed advancing phase.,Initial classification; no prior stage memory available.,,,,watchlist,20.36,Stage 1,18.36,Weak,Volume Drying Up,Volume Drying Up (0.73x vs 10W Avg),-2.16,Underperformed Nifty by 2.16% in 3 Months,0.7,0.71,0.73,True,True,Stage 1 Structure,Stage 1 Structure
2026-07-12,LUMAXTECH.NS,Lumax Auto Technologies Limited,Auto Parts,Consumer Cyclical,False,Cash,Stage 4,Stage 4,Stage 4,0.66,Price is below weekly structure.,Initial classification; no prior stage memory available.,,,,watchlist,24.83,Stage 4,22.83,Weak,Volume Drying Up,Volume Drying Up (0.55x vs 10W Avg),-18.02,Underperformed Nifty by 18.02% in 3 Months,0.64,0.45,0.55,True,True,Stage 4 Structure,Stage 4 Structure
2026-07-12,LUPIN.NS,Lupin Limited,Drug Manufacturers - Specialty & Generic,Healthcare,True,F&O,Stage 2,Stage 2,Advancing,0.9,Price is above constructive weekly and long-term trend structure with improving relative strength.,Initial classification; no prior stage memory available.,,,,watchlist,61.47,Stage 2 - Advancing,51.47,Very Strong,Volume Drying Up,Volume Drying Up (0.63x vs 10W Avg),4.91,Outperformed Nifty by 4.91% in 3 Months,0.82,0.66,0.63,True,True,Stage 2 Structure,Stage 2 Structure
2026-07-12,LUXIND.NS,Lux Industries Limited,Apparel Manufacturing,Consumer Cyclical,False,Cash,Stage 3,Stage 3,Early,0.68,"Prior strength has shifted into a Stage 3 transition based on trend, relative strength, and volume evidence.",Initial classification; no prior stage memory available.,,,,watchlist,18.92,Stage 3 Early,18.92,Weak,Volume Expanding,Volume Normal (1.23x vs 10W Avg),-11.93,Underperformed Nifty by 11.93% in 3 Months,0.93,7.25,1.23,False,False,Stage 3 Structure,Stage 3 Structure
2026-07-12,LXCHEM.NS,Laxmi Organic Industries Limited,Specialty Chemicals,Basic Materials,False,Cash,Stage 3,Stage 3,Early,0.68,"Prior strength has shifted into a Stage 3 transition based on trend, relative strength, and volume evidence.",Initial classification; no prior stage memory available.,,,,watchlist,16.21,Stage 3 Early,11.21,Neutral,Volume Drying Up,Volume Drying Up (0.31x vs 10W Avg),11.09,Outperformed Nifty by 11.09% in 3 Months,0.33,0.12,0.31,True,True,Stage 3 Structure,Stage 3 Structure
2026-07-12,M&M.NS,Mahindra & Mahindra Limited,Auto Manufacturers,Consumer Cyclical,True,F&O,Stage 4,Stage 4,Stage 4,0.66,Price is below weekly structure.,Initial classification; no prior stage memory available.,,,,watchlist,18.78,Stage 4,18.78,Weak,Volume Drying Up,Volume Drying Up (0.84x vs 10W Avg),-4.71,Underperformed Nifty by 4.71% in 3 Months,0.92,0.55,0.84,False,True,Stage 4 Structure,Stage 4 Structure
2026-07-12,M&MFIN.NS,Mahindra & Mahindra Financial Services Limited,Credit Services,Financial Services,False,Cash,Stage 1,Stage 1,Stage 1,0.68,Price is building a base around long-term weekly structure without a confirmed advancing phase.,Initial classification; no prior stage memory available.,,,,watchlist,45.86,Stage 1,40.86,Strong,Volume Normal,Volume Normal (1.20x vs 10W Avg),11.82,Outperformed Nifty by 11.82% in 3 Months,1.63,1.15,1.2,False,False,Stage 1 Structure,Stage 1 Structure
2026-07-12,MAHABANK.NS,Bank of Maharashtra,Banks - Regional,Financial Services,False,Cash,Stage 2,Stage 2,Advancing,0.9,Price is above constructive weekly and long-term trend structure with improving relative strength.,Initial classification; no prior stage memory available.,,,,watchlist,51.67,Stage 2 - Advancing,49.67,Strong,Volume Expanding,Volume Expanding (1.73x vs 10W Avg),18.0,Outperformed Nifty by 18.0% in 3 Months,1.44,4.09,1.73,False,False,Stage 2 Structure,Stage 2 Structure
2026-07-12,MAHLIFE.NS,Mahindra Lifespace Developers Limited,Real Estate,Real Estate,False,Cash,Not Sure,Not Sure,Unclear,0.0,The weekly structure does not meet reliable stage criteria.,Initial classification; no prior stage memory available.,,,,watchlist,30.14,Not Sure - Unclear,28.14,Very Strong,Volume Expanding,Volume Expanding (2.28x vs 10W Avg),9.86,Outperformed Nifty by 9.86% in 3 Months,1.58,8.73,2.28,False,False,Unclear Structure,Not Rated
2026-07-12,MAHLOG.NS,Mahindra Logistics Limited,Industrials,Industrials,False,Cash,Stage 2,Stage 2,Advancing,0.9,Price is above constructive weekly and long-term trend structure with improving relative strength.,Initial classification; no prior stage memory available.,,,,watchlist,36.68,Stage 2 - Advancing,36.68,Neutral,Volume Drying Up,Volume Drying Up (0.79x vs 10W Avg),-6.62,Underperformed Nifty by 6.62% in 3 Months,1.34,0.48,0.79,False,True,Stage 2 Structure,Stage 2 Structure
2026-07-12,MAHSCOOTER.NS,Maharashtra Scooters Limited,Asset Management,Financial Services,False,Cash,Not Sure,Not Sure,Unclear,0.0,The weekly structure does not meet reliable stage criteria.,Initial classification; no prior stage memory available.,,,,watchlist,36.65,Not Sure - Unclear,34.65,Neutral,Volume Drying Up,Volume Drying Up (0.56x vs 10W Avg),-1.31,Underperformed Nifty by 1.31% in 3 Months,0.65,0.75,0.56,True,True,Unclear Structure,Not Rated
2026-07-12,MAHSEAMLES.NS,Maharashtra Seamless Limited,Steel,Basic Materials,False,Cash,Stage 3,Stage 3,Early,0.68,"Prior strength has shifted into a Stage 3 transition based on trend, relative strength, and volume evidence.",Initial classification; no prior stage memory available.,,,,watchlist,10.92,Stage 3 Early,5.92,Weak,Volume Drying Up,Volume Drying Up (0.47x vs 10W Avg),-7.91,Underperformed Nifty by 7.91% in 3 Months,1.96,0.36,0.47,False,True,Stage 3 Structure,Stage 3 Structure
2026-07-12,MAITHANALL.NS,Maithan Alloys Limited,Steel,Basic Materials,False,Cash,Stage 2,Stage 2,Advancing,0.8,Price is above constructive weekly and long-term trend structure with improving relative strength.,Initial classification; no prior stage memory available.,,,,watchlist,48.02,Stage 2 - Advancing,43.02,Strong,Volume Drying Up,Volume Drying Up (0.73x vs 10W Avg),4.75,Outperformed Nifty by 4.75% in 3 Months,0.58,0.52,0.73,True,True,Stage 2 Structure,Stage 2 Structure
2026-07-12,MANAPPURAM.NS,Manappuram Finance Limited,Credit Services,Financial Services,True,F&O,Stage 2,Stage 2,Advancing,0.9,Price is above constructive weekly and long-term trend structure with improving relative strength.,Initial classification; no prior stage memory available.,,,,watchlist,69.82,Stage 2 - Advancing,64.82,Very Strong,Volume Normal,Volume Normal (1.21x vs 10W Avg),25.24,Outperformed Nifty by 25.24% in 3 Months,1.1,0.59,1.21,False,False,Stage 2 Structure,Stage 2 Structure
2026-07-12,MANINDS.NS,Man Industries (India) Limited,Steel,Basic Materials,False,Cash,Stage 2,Stage 2,Advancing,0.9,Price is above constructive weekly and long-term trend structure with improving relative strength.,Initial classification; no prior stage memory available.,,,,watchlist,43.89,Stage 2 - Advancing,38.89,Very Strong,Volume Drying Up,Volume Drying Up (0.27x vs 10W Avg),15.59,Outperformed Nifty by 15.59% in 3 Months,0.26,0.21,0.27,True,True,Stage 2 Structure,Stage 2 Structure
2026-07-12,MANINFRA.NS,Man Infraconstruction Limited,Engineering & Construction,Industrials,False,Cash,Stage 4,Stage 4,Stage 4,0.86,Price is below the 30-week trend and below long-term support structure.,Initial classification; no prior stage memory available.,,,,watchlist,2.0,Stage 4,0.0,Weak,Volume Drying Up,Volume Drying Up (0.60x vs 10W Avg),7.27,Outperformed Nifty by 7.27% in 3 Months,0.73,0.68,0.6,True,True,Stage 4 Structure,Stage 4 Structure
2026-07-12,MANKIND.NS,Mankind Pharma Limited,Drug Manufacturers - Specialty & Generic,Healthcare,True,F&O,Stage 2,Stage 2,Advancing,0.8,Price is above constructive weekly and long-term trend structure with improving relative strength.,Initial classification; no prior stage memory available.,,,,watchlist,55.6,Stage 2 - Advancing,45.6,Very Strong,Volume Drying Up,Volume Drying Up (0.49x vs 10W Avg),19.73,Outperformed Nifty by 19.73% in 3 Months,0.56,1.08,0.49,True,True,Stage 2 Structure,Stage 2 Structure
2026-07-12,MANORAMA.NS,Manorama Industries Limited,Packaged Foods,Consumer Defensive,False,Cash,Stage 2,Stage 2,Advancing,0.9,Price is above constructive weekly and long-term trend structure with improving relative strength.,Initial classification; no prior stage memory available.,,,,watchlist,59.47,Stage 2 - Advancing,59.47,Very Strong,Volume Normal,Volume Normal (1.14x vs 10W Avg),16.32,Outperformed Nifty by 16.32% in 3 Months,1.2,1.0,1.14,False,False,Stage 2 Structure,Stage 2 Structure
2026-07-12,MANYAVAR.NS,Vedant Fashions Limited,Apparel Manufacturing,Consumer Cyclical,False,Cash,Stage 4,Stage 4,Stage 4,0.86,Price is below the 30-week trend and below long-term support structure.,Initial classification; no prior stage memory available.,,,,watchlist,8.3,Stage 4,8.3,Weak,Volume Normal,Volume Normal (1.04x vs 10W Avg),-8.02,Underperformed Nifty by 8.02% in 3 Months,0.91,0.36,1.04,False,False,Stage 4 Structure,Stage 4 Structure
2026-07-12,MAPMYINDIA.NS,C.E. Info Systems Limited,Software - Infrastructure,Technology,False,Cash,Stage 4,Stage 4,Stage 4,0.66,Price is below weekly structure.,Initial classification; no prior stage memory available.,,,,watchlist,25.58,Stage 4,25.58,Strong,Volume Expanding,Volume Expanding (4.01x vs 10W Avg),15.74,Outperformed Nifty by 15.74% in 3 Months,2.31,2.22,4.01,False,False,Stage 4 Structure,Stage 4 Structure
2026-07-12,MARATHON.NS,Marathon Nextgen Realty Limited,Real Estate,Real Estate,False,Cash,Stage 4,Stage 4,Stage 4,0.86,Price is below the 30-week trend and below long-term support structure.,Initial classification; no prior stage memory available.,,,,watchlist,9.62,Stage 4,7.62,Weak,Volume Normal,Volume Normal (0.91x vs 10W Avg),-15.89,Underperformed Nifty by 15.89% in 3 Months,1.05,1.31,0.91,False,False,Stage 4 Structure,Stage 4 Structure
2026-07-12,MARICO.NS,Marico Limited,Household & Personal Products,Consumer Defensive,True,F&O,Stage 1,Stage 1,Stage 1,0.68,Price is building a base around long-term weekly structure without a confirmed advancing phase.,Initial classification; no prior stage memory available.,,,,watchlist,56.94,Stage 1,46.94,Strong,Volume Normal,Volume Normal (0.98x vs 10W Avg),11.02,Outperformed Nifty by 11.02% in 3 Months,1.38,0.58,0.98,False,False,Stage 1 Structure,Stage 1 Structure
2026-07-12,MARINE.NS,Marine Electricals (India) Limited,Electrical Equipment & Parts,Industrials,False,Cash,Stage 2,Stage 2,Advancing,0.8,Price is above constructive weekly and long-term trend structure with improving relative strength.,Initial classification; no prior stage memory available.,,,,watchlist,54.18,Stage 2 - Advancing,44.18,Very Strong,Volume Normal,Volume Normal (0.93x vs 10W Avg),26.99,Outperformed Nifty by 26.99% in 3 Months,0.92,0.61,0.93,False,False,Stage 2 Structure,Stage 2 Structure
2026-07-12,MARKSANS.NS,Marksans Pharma Limited,Drug Manufacturers - General,Healthcare,False,Cash,Stage 2,Stage 2,Extended,0.78,"Weekly advancing structure remains intact, but price is stretched versus key moving averages.",Initial classification; no prior stage memory available.,,,,watchlist,48.6,Stage 2 - Extended,43.6,Very Strong,Volume Drying Up,Volume Drying Up (0.80x vs 10W Avg),50.43,Outperformed Nifty by 50.43% in 3 Months,0.64,0.81,0.8,True,True,Stage 2 Structure,Stage 2 Structure
2026-07-12,MARUTI.NS,Maruti Suzuki India Limited,Auto Manufacturers,Consumer Cyclical,True,F&O,Stage 4,Stage 4,Stage 4,0.66,Price is below weekly structure.,Initial classification; no prior stage memory available.,,,,watchlist,18.96,Stage 4,18.96,Neutral,Volume Normal,Volume Normal (0.94x vs 10W Avg),2.44,Outperformed Nifty by 2.44% in 3 Months,1.54,0.8,0.94,False,False,Stage 4 Structure,Stage 4 Structure
2026-07-12,MASFIN.NS,MAS Financial Services Limited,Credit Services,Financial Services,False,Cash,Stage 1,Stage 1,Stage 1,0.68,Price is building a base around long-term weekly structure without a confirmed advancing phase.,Initial classification; no prior stage memory available.,,,,watchlist,31.03,Stage 1,26.03,Strong,Volume Drying Up,Volume Drying Up (0.84x vs 10W Avg),0.97,Outperformed Nifty by 0.97% in 3 Months,1.14,0.83,0.84,False,True,Stage 1 Structure,Stage 1 Structure
2026-07-12,MASTEK.NS,Mastek Limited,Information Technology Services,Technology,False,Cash,Stage 4,Stage 4,Stage 4,0.86,Price is below the 30-week trend and below long-term support structure.,Initial classification; no prior stage memory available.,,,,watchlist,18.63,Stage 4,18.63,Weak,Volume Expanding,Volume Normal (1.05x vs 10W Avg),0.7,Outperformed Nifty by 0.7% in 3 Months,1.0,1.97,1.05,False,False,Stage 4 Structure,Stage 4 Structure
2026-07-12,MAXESTATES.NS,Max Estates Limited,Real Estate,Real Estate,False,Cash,Not Sure,Not Sure,Unclear,0.0,The weekly structure does not meet reliable stage criteria.,Initial classification; no prior stage memory available.,,,,watchlist,22.93,Not Sure - Unclear,20.93,Strong,Volume Expanding,Volume Expanding (7.47x vs 10W Avg),18.08,Outperformed Nifty by 18.08% in 3 Months,2.84,8.23,7.47,False,False,Unclear Structure,Not Rated
2026-07-12,MAXHEALTH.NS,Max Healthcare Institute Limited,Medical Care Facilities,Healthcare,True,F&O,Not Sure,Not Sure,Unclear,0.0,The weekly structure does not meet reliable stage criteria.,Initial classification; no prior stage memory available.,,,,watchlist,34.99,Not Sure - Unclear,29.99,Strong,Volume Drying Up,Volume Drying Up (0.74x vs 10W Avg),10.31,Outperformed Nifty by 10.31% in 3 Months,0.75,0.62,0.74,True,True,Unclear Structure,Not Rated
2026-07-12,MAYURUNIQ.NS,Mayur Uniquoters Ltd,Textile Manufacturing,Consumer Cyclical,False,Cash,Stage 2,Stage 2,Advancing,0.9,Price is above constructive weekly and long-term trend structure with improving relative strength.,Initial classification; no prior stage memory available.,,,,watchlist,58.29,Stage 2 - Advancing,48.29,Very Strong,Volume Drying Up,Volume Drying Up (0.34x vs 10W Avg),44.94,Outperformed Nifty by 44.94% in 3 Months,0.49,0.56,0.34,True,True,Stage 2 Structure,Stage 2 Structure
2026-07-12,MAZDOCK.NS,Mazagon Dock Shipbuilders Limited,Aerospace & Defense,Industrials,True,F&O,Stage 4,Stage 4,Stage 4,0.86,Price is below the 30-week trend and below long-term support structure.,Initial classification; no prior stage memory available.,,,,watchlist,30.13,Stage 4,20.13,Weak,Volume Normal,Volume Normal (0.95x vs 10W Avg),-6.48,Underperformed Nifty by 6.48% in 3 Months,1.06,1.18,0.95,False,False,Stage 4 Structure,Stage 4 Structure
2026-07-12,MBAPL.NS,Madhya Bharat Agro Products Limited,Agricultural Inputs,Basic Materials,False,Cash,Stage 2,Stage 2,Extended,0.78,"Weekly advancing structure remains intact, but price is stretched versus key moving averages.",Initial classification; no prior stage memory available.,,,,watchlist,39.79,Stage 2 - Extended,39.79,Very Strong,Volume Expanding,Volume Expanding (1.63x vs 10W Avg),17.88,Outperformed Nifty by 17.88% in 3 Months,1.51,0.87,1.63,False,False,Stage 2 Structure,Stage 2 Structure
2026-07-12,MCX.NS,Multi Commodity Exchange of India Limited,Financial Services,Financial Services,True,F&O,Stage 3,Stage 3,Late,0.76,"Prior strength has shifted into a Stage 3 transition based on trend, relative strength, and volume evidence.",Initial classification; no prior stage memory available.,,,,watchlist,0.0,Stage 3 Late,0.0,Neutral,Volume Normal,Volume Normal (1.20x vs 10W Avg),-4.64,Underperformed Nifty by 4.64% in 3 Months,1.27,0.64,1.2,False,False,Stage 3 Structure,Stage 3 Structure
2026-07-12,MEDANTA.NS,Global Health Limited,Medical Care Facilities,Healthcare,False,Cash,Stage 2,Stage 2,Advancing,0.8,Price is above constructive weekly and long-term trend structure with improving relative strength.,Initial classification; no prior stage memory available.,,,,watchlist,66.03,Stage 2 - Advancing,61.03,Very Strong,Volume Drying Up,Volume Drying Up (0.57x vs 10W Avg),24.13,Outperformed Nifty by 24.13% in 3 Months,0.59,0.37,0.57,True,True,Stage 2 Structure,Stage 2 Structure
2026-07-12,MEDIASSIST.NS,Medi Assist Healthcare Services Limited,Healthcare,Healthcare,False,Cash,Stage 4,Stage 4,Stage 4,0.86,Price is below the 30-week trend and below long-term support structure.,Initial classification; no prior stage memory available.,,,,watchlist,13.06,Stage 4,13.06,Weak,Volume Drying Up,Volume Drying Up (0.76x vs 10W Avg),0.34,Outperformed Nifty by 0.34% in 3 Months,0.93,1.3,0.76,False,True,Stage 4 Structure,Stage 4 Structure
2026-07-12,MEDPLUS.NS,Medplus Health Services Limited,Healthcare,Healthcare,False,Cash,Stage 3,Stage 3,Early,0.68,"Prior strength has shifted into a Stage 3 transition based on trend, relative strength, and volume evidence.",Initial classification; no prior stage memory available.,,,,watchlist,19.01,Stage 3 Early,19.01,Weak,Volume Drying Up,Volume Drying Up (0.39x vs 10W Avg),-6.72,Underperformed Nifty by 6.72% in 3 Months,0.77,0.49,0.39,True,True,Stage 3 Structure,Stage 3 Structure
2026-07-12,METROBRAND.NS,Metro Brands Limited,Consumer Cyclical,Consumer Cyclical,False,Cash,Not Sure,Not Sure,Unclear,0.0,The weekly structure does not meet reliable stage criteria.,Initial classification; no prior stage memory available.,,,,watchlist,36.85,Not Sure - Unclear,36.85,Strong,Volume Normal,Volume Normal (1.00x vs 10W Avg),1.99,Outperformed Nifty by 1.99% in 3 Months,1.47,1.36,1.0,False,False,Unclear Structure,Not Rated
2026-07-12,METROPOLIS.NS,Metropolis Healthcare Limited,Diagnostics & Research,Healthcare,False,Cash,Stage 2,Stage 2,Advancing,0.8,Price is above constructive weekly and long-term trend structure with improving relative strength.,Initial classification; no prior stage memory available.,,,,watchlist,49.07,Stage 2 - Advancing,44.07,Very Strong,Volume Drying Up,Volume Drying Up (0.71x vs 10W Avg),17.35,Outperformed Nifty by 17.35% in 3 Months,0.75,0.52,0.71,True,True,Stage 2 Structure,Stage 2 Structure
2026-07-12,MFSL.NS,Max Financial Services Limited,Insurance - Life,Financial Services,True,F&O,Stage 1,Stage 1,Stage 1,0.64,Price is building a base around long-term weekly structure without a confirmed advancing phase.,Initial classification; no prior stage memory available.,,,,watchlist,32.94,Stage 1,32.94,Weak,Volume Normal,Volume Normal (1.46x vs 10W Avg),-5.72,Underperformed Nifty by 5.72% in 3 Months,1.61,1.03,1.46,False,False,Stage 1 Structure,Stage 1 Structure
2026-07-12,MGL.NS,Mahanagar Gas Limited,Utilities,Utilities,False,Cash,Not Sure,Not Sure,Unclear,0.0,The weekly structure does not meet reliable stage criteria.,Initial classification; no prior stage memory available.,,,,watchlist,35.39,Not Sure - Unclear,33.39,Neutral,Volume Drying Up,Volume Drying Up (0.66x vs 10W Avg),3.35,Outperformed Nifty by 3.35% in 3 Months,0.85,0.51,0.66,True,True,Unclear Structure,Not Rated
2026-07-12,MHRIL.NS,Mahindra Holidays & Resorts India Limited,Consumer Cyclical,Consumer Cyclical,False,Cash,Stage 4,Stage 4,Stage 4,0.86,Price is below the 30-week trend and below long-term support structure.,Initial classification; no prior stage memory available.,,,,watchlist,5.55,Stage 4,5.55,Weak,Volume Drying Up,Volume Drying Up (0.24x vs 10W Avg),-15.82,Underperformed Nifty by 15.82% in 3 Months,0.31,0.16,0.24,True,True,Stage 4 Structure,Stage 4 Structure
2026-07-12,MIDHANI.NS,Mishra Dhatu Nigam Limited,Steel,Basic Materials,False,Cash,Stage 2,Stage 2,Advancing,0.8,Price is above constructive weekly and long-term trend structure with improving relative strength.,Initial classification; no prior stage memory available.,,,,watchlist,56.25,Stage 2 - Advancing,51.25,Strong,Volume Drying Up,Volume Drying Up (0.49x vs 10W Avg),17.47,Outperformed Nifty by 17.47% in 3 Months,0.5,0.59,0.49,True,True,Stage 2 Structure,Stage 2 Structure
2026-07-12,MINDACORP.NS,Minda Corporation Limited,Auto Parts,Consumer Cyclical,False,Cash,Stage 2,Stage 2,Advancing,0.8,Price is above constructive weekly and long-term trend structure with improving relative strength.,Initial classification; no prior stage memory available.,,,,watchlist,66.78,Stage 2 - Advancing,64.78,Very Strong,Volume Drying Up,Volume Drying Up (0.59x vs 10W Avg),35.42,Outperformed Nifty by 35.42% in 3 Months,0.76,0.56,0.59,True,True,Stage 2 Structure,Stage 2 Structure
2026-07-12,MMTC.NS,MMTC Limited,Conglomerates,Industrials,False,Cash,Stage 1,Stage 1,Stage 1,0.64,Price is building a base around long-term weekly structure without a confirmed advancing phase.,Initial classification; no prior stage memory available.,,,,watchlist,35.93,Stage 1,33.93,Neutral,Volume Drying Up,Volume Drying Up (0.32x vs 10W Avg),5.73,Outperformed Nifty by 5.73% in 3 Months,0.36,0.28,0.32,True,True,Stage 1 Structure,Stage 1 Structure
2026-07-12,MOIL.NS,MOIL Limited,Basic Materials,Basic Materials,False,Cash,Stage 4,Stage 4,Stage 4,0.86,Price is below the 30-week trend and below long-term support structure.,Initial classification; no prior stage memory available.,,,,watchlist,4.04,Stage 4,4.04,Weak,Volume Drying Up,Volume Drying Up (0.53x vs 10W Avg),-13.14,Underperformed Nifty by 13.14% in 3 Months,0.69,0.7,0.53,True,True,Stage 4 Structure,Stage 4 Structure
2026-07-12,MOSCHIP.NS,Moschip Technologies Limited,Technology,Technology,False,Cash,Not Sure,Not Sure,Unclear,0.0,The weekly structure does not meet reliable stage criteria.,Initial classification; no prior stage memory available.,,,,watchlist,37.39,Not Sure - Unclear,27.39,Very Strong,Volume Expanding,Volume Expanding (3.28x vs 10W Avg),26.85,Outperformed Nifty by 26.85% in 3 Months,1.85,1.2,3.28,False,False,Unclear Structure,Not Rated
2026-07-12,MOTHERSON.NS,Samvardhana Motherson International Limited,Auto Parts,Consumer Cyclical,True,F&O,Stage 2,Stage 2,Advancing,0.9,Price is above constructive weekly and long-term trend structure with improving relative strength.,Initial classification; no prior stage memory available.,,,,watchlist,49.57,Stage 2 - Advancing,47.57,Strong,Volume Normal,Volume Normal (0.85x vs 10W Avg),14.08,Outperformed Nifty by 14.08% in 3 Months,1.02,0.34,0.85,False,True,Stage 2 Structure,Stage 2 Structure
2026-07-12,MOTILALOFS.NS,Motilal Oswal Financial Services Limited,Capital Markets,Financial Services,True,F&O,Stage 1,Stage 1,Stage 1,0.68,Price is building a base around long-term weekly structure without a confirmed advancing phase.,Initial classification; no prior stage memory available.,,,,watchlist,29.11,Stage 1,29.11,Very Strong,Volume Drying Up,Volume Drying Up (0.84x vs 10W Avg),21.98,Outperformed Nifty by 21.98% in 3 Months,0.84,1.5,0.84,True,True,Stage 1 Structure,Stage 1 Structure
2026-07-12,MPHASIS.NS,MphasiS Limited,Information Technology Services,Technology,True,F&O,Stage 4,Stage 4,Stage 4,0.66,Price is below weekly structure.,Initial classification; no prior stage memory available.,,,,watchlist,24.69,Stage 4,24.69,Neutral,Volume Normal,Volume Normal (1.25x vs 10W Avg),-2.86,Underperformed Nifty by 2.86% in 3 Months,1.28,1.09,1.25,False,False,Stage 4 Structure,Stage 4 Structure
2026-07-12,MPSLTD.NS,MPS Limited,Communication Services,Communication Services,False,Cash,Not Sure,Not Sure,Unclear,0.0,The weekly structure does not meet reliable stage criteria.,Initial classification; no prior stage memory available.,,,,watchlist,35.72,Not Sure - Unclear,35.72,Very Strong,Volume Expanding,Volume Expanding (2.87x vs 10W Avg),9.63,Outperformed Nifty by 9.63% in 3 Months,1.54,0.66,2.87,False,False,Unclear Structure,Not Rated
2026-07-12,MRF.NS,MRF Limited,Auto Parts,Consumer Cyclical,False,Cash,Stage 4,Stage 4,Stage 4,0.66,Price is below weekly structure.,Initial classification; no prior stage memory available.,,,,watchlist,28.05,Stage 4,26.05,Weak,Volume Normal,Volume Normal (1.07x vs 10W Avg),-4.34,Underperformed Nifty by 4.34% in 3 Months,1.4,0.46,1.07,False,False,Stage 4 Structure,Stage 4 Structure
2026-07-12,MRPL.NS,Mangalore Refinery and Petrochemicals Limited,Oil & Gas Refining & Marketing,Energy,False,Cash,Stage 1,Stage 1,Stage 1,0.64,Price is building a base around long-term weekly structure without a confirmed advancing phase.,Initial classification; no prior stage memory available.,,,,watchlist,26.52,Stage 1,21.52,Weak,Volume Expanding,Volume Normal (1.49x vs 10W Avg),-9.39,Underperformed Nifty by 9.39% in 3 Months,0.9,5.87,1.49,False,False,Stage 1 Structure,Stage 1 Structure
2026-07-12,MSTCLTD.NS,Mstc Limited,Conglomerates,Industrials,False,Cash,Stage 2,Stage 2,Extended,0.78,"Weekly advancing structure remains intact, but price is stretched versus key moving averages.",Initial classification; no prior stage memory available.,,,,watchlist,48.21,Stage 2 - Extended,46.21,Very Strong,Volume Drying Up,Volume Drying Up (0.53x vs 10W Avg),47.22,Outperformed Nifty by 47.22% in 3 Months,0.66,0.15,0.53,True,True,Stage 2 Structure,Stage 2 Structure
2026-07-12,MSUMI.NS,Motherson Sumi Wiring India Limited,Auto Parts,Consumer Cyclical,False,Cash,Stage 4,Stage 4,Stage 4,0.66,Price is below weekly structure.,Initial classification; no prior stage memory available.,,,,watchlist,29.24,Stage 4,27.24,Weak,Volume Drying Up,Volume Drying Up (0.77x vs 10W Avg),1.05,Outperformed Nifty by 1.05% in 3 Months,1.06,0.37,0.77,False,True,Stage 4 Structure,Stage 4 Structure
2026-07-12,MTARTECH.NS,Mtar Technologies Limited,Specialty Industrial Machinery,Industrials,False,Cash,Stage 2,Stage 2,Extended,0.78,"Weekly advancing structure remains intact, but price is stretched versus key moving averages.",Initial classification; no prior stage memory available.,,,,watchlist,24.48,Stage 2 - Extended,14.48,Strong,Volume Drying Up,Volume Drying Up (0.09x vs 10W Avg),41.9,Outperformed Nifty by 41.9% in 3 Months,0.11,0.1,0.09,True,True,Stage 2 Structure,Stage 2 Structure
2026-07-12,MUTHOOTFIN.NS,Muthoot Finance Limited,Credit Services,Financial Services,True,F&O,Stage 4,Stage 4,Stage 4,0.66,Price is below weekly structure.,Initial classification; no prior stage memory available.,,,,watchlist,15.89,Stage 4,10.89,Weak,Volume Normal,Volume Normal (1.28x vs 10W Avg),-14.1,Underperformed Nifty by 14.1% in 3 Months,1.55,0.72,1.28,False,False,Stage 4 Structure,Stage 4 Structure
2026-07-12,MUTHOOTMF.NS,Muthoot Microfin Limited,Credit Services,Financial Services,False,Cash,Stage 2,Stage 2,Extended,0.78,"Weekly advancing structure remains intact, but price is stretched versus key moving averages.",Initial classification; no prior stage memory available.,,,,watchlist,67.65,Stage 2 - Extended,62.65,Very Strong,Volume Expanding,Volume Expanding (9.66x vs 10W Avg),32.93,Outperformed Nifty by 32.93% in 3 Months,2.91,53.11,9.66,False,False,Stage 2 Structure,Stage 2 Structure
2026-07-12,NACLIND.NS,NACL Industries Limited,Agricultural Inputs,Basic Materials,False,Cash,Stage 1,Stage 1,Stage 1,0.68,Price is building a base around long-term weekly structure without a confirmed advancing phase.,Initial classification; no prior stage memory available.,,,,watchlist,21.72,Stage 1,21.72,Very Strong,Volume Expanding,Volume Expanding (1.81x vs 10W Avg),34.07,Outperformed Nifty by 34.07% in 3 Months,2.28,0.95,1.81,False,False,Stage 1 Structure,Stage 1 Structure
2026-07-12,NAM-INDIA.NS,Nippon Life India Asset Management Limited,Asset Management,Financial Services,True,F&O,Stage 2,Stage 2,Advancing,0.9,Price is above constructive weekly and long-term trend structure with improving relative strength.,Initial classification; no prior stage memory available.,,,,watchlist,47.57,Stage 2 - Advancing,45.57,Very Strong,Volume Drying Up,Volume Drying Up (0.61x vs 10W Avg),27.02,Outperformed Nifty by 27.02% in 3 Months,0.77,0.45,0.61,True,True,Stage 2 Structure,Stage 2 Structure
2026-07-12,NATCOPHARM.NS,Natco Pharma Limited,Drug Manufacturers - Specialty & Generic,Healthcare,False,Cash,Stage 3,Stage 3,Late,0.76,"Prior strength has shifted into a Stage 3 transition based on trend, relative strength, and volume evidence.",Initial classification; no prior stage memory available.,,,,watchlist,21.9,Stage 3 Late,11.9,Weak,Volume Normal,Volume Normal (1.24x vs 10W Avg),-11.66,Underperformed Nifty by 11.66% in 3 Months,0.94,0.7,1.24,False,False,Stage 3 Structure,Stage 3 Structure
2026-07-12,NATIONALUM.NS,National Aluminium Company Limited,Basic Materials,Basic Materials,True,F&O,Stage 3,Stage 3,Early,0.68,"Prior strength has shifted into a Stage 3 transition based on trend, relative strength, and volume evidence.",Initial classification; no prior stage memory available.,,,,watchlist,12.85,Stage 3 Early,12.85,Weak,Volume Drying Up,Volume Drying Up (0.69x vs 10W Avg),-17.69,Underperformed Nifty by 17.69% in 3 Months,0.98,0.64,0.69,False,True,Stage 3 Structure,Stage 3 Structure
2026-07-12,NAUKRI.NS,Info Edge (India) Limited,Communication Services,Communication Services,True,F&O,Not Sure,Not Sure,Unclear,0.0,The weekly structure does not meet reliable stage criteria.,Initial classification; no prior stage memory available.,,,,watchlist,30.86,Not Sure - Unclear,30.86,Strong,Volume Expanding,Volume Expanding (3.34x vs 10W Avg),15.3,Outperformed Nifty by 15.3% in 3 Months,1.61,0.71,3.34,False,False,Unclear Structure,Not Rated
2026-07-12,NAVA.NS,NAVA LIMITED,Conglomerates,Industrials,False,Cash,Stage 3,Stage 3,Late,0.76,"Prior strength has shifted into a Stage 3 transition based on trend, relative strength, and volume evidence.",Initial classification; no prior stage memory available.,,,,watchlist,2.0,Stage 3 Late,0.0,Weak,Volume Drying Up,Volume Drying Up (0.45x vs 10W Avg),-5.59,Underperformed Nifty by 5.59% in 3 Months,0.47,0.6,0.45,True,True,Stage 3 Structure,Stage 3 Structure
2026-07-12,NAVINFLUOR.NS,Navin Fluorine International Limited,Chemicals,Basic Materials,False,Cash,Stage 2,Stage 2,Advancing,0.9,Price is above constructive weekly and long-term trend structure with improving relative strength.,Initial classification; no prior stage memory available.,,,,watchlist,59.8,Stage 2 - Advancing,57.8,Very Strong,Volume Drying Up,Volume Drying Up (0.55x vs 10W Avg),22.27,Outperformed Nifty by 22.27% in 3 Months,0.8,0.64,0.55,True,True,Stage 2 Structure,Stage 2 Structure
2026-07-12,NAVNETEDUL.NS,Navneet Education Limited,Communication Services,Communication Services,False,Cash,Stage 1,Stage 1,Stage 1,0.68,Price is building a base around long-term weekly structure without a confirmed advancing phase.,Initial classification; no prior stage memory available.,,,,watchlist,40.14,Stage 1,40.14,Strong,Volume Normal,Volume Normal (0.98x vs 10W Avg),10.11,Outperformed Nifty by 10.11% in 3 Months,1.2,0.81,0.98,False,False,Stage 1 Structure,Stage 1 Structure
2026-07-12,NAZARA.NS,Nazara Technologies Limited,Communication Services,Communication Services,False,Cash,Stage 2,Stage 2,Advancing,0.9,Price is above constructive weekly and long-term trend structure with improving relative strength.,Initial classification; no prior stage memory available.,,,,watchlist,56.47,Stage 2 - Advancing,56.47,Very Strong,Volume Drying Up,Volume Drying Up (0.68x vs 10W Avg),16.67,Outperformed Nifty by 16.67% in 3 Months,0.75,0.67,0.68,True,True,Stage 2 Structure,Stage 2 Structure
2026-07-12,NBCC.NS,NBCC (India) Limited,Engineering & Construction,Industrials,True,F&O,Not Sure,Not Sure,Unclear,0.0,The weekly structure does not meet reliable stage criteria.,Initial classification; no prior stage memory available.,,,,watchlist,9.18,Not Sure - Unclear,7.18,Neutral,Volume Drying Up,Volume Drying Up (0.70x vs 10W Avg),8.05,Outperformed Nifty by 8.05% in 3 Months,0.73,0.63,0.7,True,True,Unclear Structure,Not Rated
2026-07-12,NCC.NS,NCC Limited,Engineering & Construction,Industrials,False,Cash,Stage 4,Stage 4,Stage 4,0.86,Price is below the 30-week trend and below long-term support structure.,Initial classification; no prior stage memory available.,,,,watchlist,23.69,Stage 4,21.69,Weak,Volume Drying Up,Volume Drying Up (0.79x vs 10W Avg),-8.05,Underperformed Nifty by 8.05% in 3 Months,0.77,1.22,0.79,True,True,Stage 4 Structure,Stage 4 Structure
2026-07-12,NEOGEN.NS,Neogen Chemicals Limited,Specialty Chemicals,Basic Materials,False,Cash,Stage 2,Stage 2,Advancing,0.9,Price is above constructive weekly and long-term trend structure with improving relative strength.,Initial classification; no prior stage memory available.,,,,watchlist,57.81,Stage 2 - Advancing,52.81,Very Strong,Volume Drying Up,Volume Drying Up (0.73x vs 10W Avg),42.11,Outperformed Nifty by 42.11% in 3 Months,1.27,1.1,0.73,False,True,Stage 2 Structure,Stage 2 Structure
2026-07-12,NESCO.NS,Nesco Limited,Conglomerates,Industrials,False,Cash,Stage 4,Stage 4,Stage 4,0.86,Price is below the 30-week trend and below long-term support structure.,Initial classification; no prior stage memory available.,,,,watchlist,3.7,Stage 4,1.7,Weak,Volume Expanding,Volume Expanding (2.35x vs 10W Avg),-5.39,Underperformed Nifty by 5.39% in 3 Months,1.68,1.41,2.35,False,False,Stage 4 Structure,Stage 4 Structure
2026-07-12,NESTLEIND.NS,Nestle India Limited,Packaged Foods,Consumer Defensive,True,F&O,Stage 2,Stage 2,Advancing,0.9,Price is above constructive weekly and long-term trend structure with improving relative strength.,Initial classification; no prior stage memory available.,,,,watchlist,40.89,Stage 2 - Advancing,40.89,Very Strong,Volume Drying Up,Volume Drying Up (0.78x vs 10W Avg),14.55,Outperformed Nifty by 14.55% in 3 Months,1.06,0.74,0.78,False,True,Stage 2 Structure,Stage 2 Structure
2026-07-12,NETWEB.NS,Netweb Technologies India Limited,Technology,Technology,False,Cash,Stage 2,Stage 2,Advancing,0.8,Price is above constructive weekly and long-term trend structure with improving relative strength.,Initial classification; no prior stage memory available.,,,,watchlist,51.89,Stage 2 - Advancing,41.89,Strong,Volume Drying Up,Volume Drying Up (0.45x vs 10W Avg),18.99,Outperformed Nifty by 18.99% in 3 Months,0.63,0.25,0.45,True,True,Stage 2 Structure,Stage 2 Structure
2026-07-12,NEULANDLAB.NS,Neuland Laboratories Limited,Drug Manufacturers - Specialty & Generic,Healthcare,False,Cash,Stage 2,Stage 2,Advancing,0.8,Price is above constructive weekly and long-term trend structure with improving relative strength.,Initial classification; no prior stage memory available.,,,,watchlist,60.07,Stage 2 - Advancing,50.07,Very Strong,Volume Drying Up,Volume Normal (0.86x vs 10W Avg),28.38,Outperformed Nifty by 28.38% in 3 Months,0.84,0.51,0.86,True,True,Stage 2 Structure,Stage 2 Structure
2026-07-12,NEWGEN.NS,Newgen Software Technologies Limited,Software - Infrastructure,Technology,False,Cash,Stage 4,Stage 4,Stage 4,0.86,Price is below the 30-week trend and below long-term support structure.,Initial classification; no prior stage memory available.,,,,watchlist,22.89,Stage 4,22.89,Neutral,Volume Expanding,Volume Expanding (2.71x vs 10W Avg),7.57,Outperformed Nifty by 7.57% in 3 Months,1.37,10.71,2.71,False,False,Stage 4 Structure,Stage 4 Structure
2026-07-12,NFL.NS,National Fertilizers Limited,Agricultural Inputs,Basic Materials,False,Cash,Stage 4,Stage 4,Stage 4,0.86,Price is below the 30-week trend and below long-term support structure.,Initial classification; no prior stage memory available.,,,,watchlist,12.59,Stage 4,12.59,Weak,Volume Drying Up,Volume Drying Up (0.55x vs 10W Avg),-4.31,Underperformed Nifty by 4.31% in 3 Months,0.59,0.45,0.55,True,True,Stage 4 Structure,Stage 4 Structure
2026-07-12,NH.NS,Narayana Hrudayalaya Ltd.,Medical Care Facilities,Healthcare,False,Cash,Stage 2,Stage 2,Advancing,0.9,Price is above constructive weekly and long-term trend structure with improving relative strength.,Initial classification; no prior stage memory available.,,,,watchlist,58.35,Stage 2 - Advancing,53.35,Strong,Volume Drying Up,Volume Drying Up (0.61x vs 10W Avg),10.96,Outperformed Nifty by 10.96% in 3 Months,0.97,0.51,0.61,False,True,Stage 2 Structure,Stage 2 Structure
2026-07-12,NHPC.NS,NHPC Limited,Utilities - Renewable,Utilities,True,F&O,Stage 1,Stage 1,Stage 1,0.68,Price is building a base around long-term weekly structure without a confirmed advancing phase.,Initial classification; no prior stage memory available.,,,,watchlist,35.02,Stage 1,30.02,Strong,Volume Drying Up,Volume Drying Up (0.36x vs 10W Avg),-2.76,Underperformed Nifty by 2.76% in 3 Months,0.7,0.16,0.36,True,True,Stage 1 Structure,Stage 1 Structure
2026-07-12,NIACL.NS,The New India Assurance Company Limited,Financial Services,Financial Services,False,Cash,Stage 1,Stage 1,Stage 1,0.68,Price is building a base around long-term weekly structure without a confirmed advancing phase.,Initial classification; no prior stage memory available.,,,,watchlist,10.87,Stage 1,10.87,Strong,Volume Drying Up,Volume Drying Up (0.17x vs 10W Avg),5.81,Outperformed Nifty by 5.81% in 3 Months,0.38,0.06,0.17,True,True,Stage 1 Structure,Stage 1 Structure
2026-07-12,NIITMTS.NS,NIIT Learning Systems Limited,Consumer Defensive,Consumer Defensive,False,Cash,Stage 4,Stage 4,Stage 4,0.86,Price is below the 30-week trend and below long-term support structure.,Initial classification; no prior stage memory available.,,,,watchlist,0.0,Stage 4,0.0,Weak,Volume Expanding,Volume Expanding (6.13x vs 10W Avg),-26.79,Underperformed Nifty by 26.79% in 3 Months,2.07,0.35,6.13,False,False,Stage 4 Structure,Stage 4 Structure
2026-07-12,NITCO.NS,Nitco Limited,Building Products & Equipment,Industrials,False,Cash,Stage 1,Stage 1,Stage 1,0.68,Price is building a base around long-term weekly structure without a confirmed advancing phase.,Initial classification; no prior stage memory available.,,,,watchlist,35.94,Stage 1,33.94,Very Strong,Volume Drying Up,Volume Drying Up (0.39x vs 10W Avg),16.7,Outperformed Nifty by 16.7% in 3 Months,0.6,0.23,0.39,True,True,Stage 1 Structure,Stage 1 Structure
2026-07-12,NITINSPIN.NS,Nitin Spinners Limited,Textile Manufacturing,Consumer Cyclical,False,Cash,Stage 2,Stage 2,Advancing,0.9,Price is above constructive weekly and long-term trend structure with improving relative strength.,Initial classification; no prior stage memory available.,,,,watchlist,51.69,Stage 2 - Advancing,41.69,Very Strong,Volume Drying Up,Volume Drying Up (0.34x vs 10W Avg),30.74,Outperformed Nifty by 30.74% in 3 Months,0.47,0.46,0.34,True,True,Stage 2 Structure,Stage 2 Structure
2026-07-12,NIVABUPA.NS,Niva Bupa Health Insurance Company Limited,Insurance - Life,Financial Services,False,Cash,Stage 2,Stage 2,Advancing,0.9,Price is above constructive weekly and long-term trend structure with improving relative strength.,Initial classification; no prior stage memory available.,,,,watchlist,57.23,Stage 2 - Advancing,57.23,Very Strong,Volume Drying Up,Volume Drying Up (0.41x vs 10W Avg),14.6,Outperformed Nifty by 14.6% in 3 Months,0.34,1.04,0.41,True,True,Stage 2 Structure,Stage 2 Structure
2026-07-12,NLCINDIA.NS,NLC India Limited,Utilities,Utilities,False,Cash,Stage 2,Stage 2,Advancing,0.8,Price is above constructive weekly and long-term trend structure with improving relative strength.,Initial classification; no prior stage memory available.,,,,watchlist,37.25,Stage 2 - Advancing,35.25,Strong,Volume Drying Up,Volume Drying Up (0.36x vs 10W Avg),12.61,Outperformed Nifty by 12.61% in 3 Months,0.39,0.57,0.36,True,True,Stage 2 Structure,Stage 2 Structure
2026-07-12,NMDC.NS,NMDC Limited,Steel,Basic Materials,True,F&O,Stage 3,Stage 3,Early,0.68,"Prior strength has shifted into a Stage 3 transition based on trend, relative strength, and volume evidence.",Initial classification; no prior stage memory available.,,,,watchlist,30.17,Stage 3 Early,25.17,Neutral,Volume Drying Up,Volume Drying Up (0.54x vs 10W Avg),-4.4,Underperformed Nifty by 4.4% in 3 Months,0.83,0.47,0.54,True,True,Stage 3 Structure,Stage 3 Structure
2026-07-12,NOCIL.NS,NOCIL Limited,Specialty Chemicals,Basic Materials,False,Cash,Stage 1,Stage 1,Stage 1,0.68,Price is building a base around long-term weekly structure without a confirmed advancing phase.,Initial classification; no prior stage memory available.,,,,watchlist,23.53,Stage 1,18.53,Strong,Volume Drying Up,Volume Drying Up (0.28x vs 10W Avg),1.14,Outperformed Nifty by 1.14% in 3 Months,0.35,0.13,0.28,True,True,Stage 1 Structure,Stage 1 Structure
2026-07-12,NORTHARC.NS,Northern Arc Capital Limited,Credit Services,Financial Services,False,Cash,Stage 2,Stage 2,Advancing,0.8,Price is above constructive weekly and long-term trend structure with improving relative strength.,Initial classification; no prior stage memory available.,,,,watchlist,50.6,Stage 2 - Advancing,45.6,Very Strong,Volume Expanding,Volume Normal (0.95x vs 10W Avg),34.04,Outperformed Nifty by 34.04% in 3 Months,0.97,3.51,0.95,False,False,Stage 2 Structure,Stage 2 Structure
2026-07-12,NPST.NS,Network People Services Technologies Limited,Software - Application,Technology,False,Cash,Not Sure,Not Sure,Unclear,0.0,The weekly structure does not meet reliable stage criteria.,Initial classification; no prior stage memory available.,,,,watchlist,24.17,Not Sure - Unclear,19.17,Very Strong,Volume Drying Up,Volume Drying Up (0.54x vs 10W Avg),30.38,Outperformed Nifty by 30.38% in 3 Months,0.7,0.19,0.54,True,True,Unclear Structure,Not Rated
2026-07-12,NRBBEARING.NS,NRB Bearing Limited,Auto Parts,Consumer Cyclical,False,Cash,Stage 2,Stage 2,Advancing,0.9,Price is above constructive weekly and long-term trend structure with improving relative strength.,Initial classification; no prior stage memory available.,,,,watchlist,56.7,Stage 2 - Advancing,54.7,Very Strong,Volume Drying Up,Volume Drying Up (0.32x vs 10W Avg),67.49,Outperformed Nifty by 67.49% in 3 Months,0.68,0.14,0.32,True,True,Stage 2 Structure,Stage 2 Structure
2026-07-12,NSIL.NS,Nalwa Sons Investments Limited,Asset Management,Financial Services,False,Cash,Stage 4,Stage 4,Stage 4,0.86,Price is below the 30-week trend and below long-term support structure.,Initial classification; no prior stage memory available.,,,,watchlist,18.49,Stage 4,16.49,Weak,Volume Normal,Volume Normal (0.94x vs 10W Avg),-7.76,Underperformed Nifty by 7.76% in 3 Months,1.07,0.64,0.94,False,False,Stage 4 Structure,Stage 4 Structure
2026-07-12,NSLNISP.NS,NMDC Steel Limited,Steel,Basic Materials,False,Cash,Stage 2,Stage 2,Advancing,0.8,Price is above constructive weekly and long-term trend structure with improving relative strength.,Initial classification; no prior stage memory available.,,,,watchlist,42.55,Stage 2 - Advancing,37.55,Neutral,Volume Drying Up,Volume Drying Up (0.27x vs 10W Avg),2.82,Outperformed Nifty by 2.82% in 3 Months,0.35,0.2,0.27,True,True,Stage 2 Structure,Stage 2 Structure
2026-07-12,NTPC.NS,NTPC Limited,Utilities,Utilities,True,F&O,Stage 3,Stage 3,Late,0.76,"Prior strength has shifted into a Stage 3 transition based on trend, relative strength, and volume evidence.",Initial classification; no prior stage memory available.,,,,watchlist,2.0,Stage 3 Late,0.0,Weak,Volume Normal,Volume Normal (0.97x vs 10W Avg),-14.06,Underperformed Nifty by 14.06% in 3 Months,1.16,0.96,0.97,False,False,Stage 3 Structure,Stage 3 Structure
2026-07-12,NTPCGREEN.NS,NTPC Green Energy Limited,Utilities - Renewable,Utilities,False,Cash,Stage 3,Stage 3,Early,0.68,"Prior strength has shifted into a Stage 3 transition based on trend, relative strength, and volume evidence.",Initial classification; no prior stage memory available.,,,,watchlist,24.81,Stage 3 Early,19.81,Weak,Volume Drying Up,Volume Drying Up (0.63x vs 10W Avg),-14.1,Underperformed Nifty by 14.1% in 3 Months,0.64,0.69,0.63,True,True,Stage 3 Structure,Stage 3 Structure
2026-07-12,NUVAMA.NS,Nuvama Wealth Management Limited,Asset Management,Financial Services,True,F&O,Stage 2,Stage 2,Extended,0.78,"Weekly advancing structure remains intact, but price is stretched versus key moving averages.",Initial classification; no prior stage memory available.,,,,watchlist,42.49,Stage 2 - Extended,40.49,Very Strong,Volume Drying Up,Volume Drying Up (0.73x vs 10W Avg),47.11,Outperformed Nifty by 47.11% in 3 Months,0.95,0.95,0.73,False,True,Stage 2 Structure,Stage 2 Structure
2026-07-12,NUVOCO.NS,Nuvoco Vistas Corporation Limited,Building Materials,Basic Materials,False,Cash,Stage 4,Stage 4,Stage 4,0.86,Price is below the 30-week trend and below long-term support structure.,Initial classification; no prior stage memory available.,,,,watchlist,19.12,Stage 4,19.12,Weak,Volume Drying Up,Volume Drying Up (0.32x vs 10W Avg),3.18,Outperformed Nifty by 3.18% in 3 Months,0.42,0.69,0.32,True,True,Stage 4 Structure,Stage 4 Structure
2026-07-12,NYKAA.NS,FSN E-Commerce Ventures Limited,Consumer Cyclical,Consumer Cyclical,True,F&O,Stage 2,Stage 2,Extended,0.78,"Weekly advancing structure remains intact, but price is stretched versus key moving averages.",Initial classification; no prior stage memory available.,,,,watchlist,63.11,Stage 2 - Extended,63.11,Very Strong,Volume Normal,Volume Normal (1.36x vs 10W Avg),24.21,Outperformed Nifty by 24.21% in 3 Months,1.34,1.18,1.36,False,False,Stage 2 Structure,Stage 2 Structure
2026-07-12,OBEROIRLTY.NS,Oberoi Realty Limited,Real Estate,Real Estate,True,F&O,Stage 2,Stage 2,Advancing,0.8,Price is above constructive weekly and long-term trend structure with improving relative strength.,Initial classification; no prior stage memory available.,,,,watchlist,65.08,Stage 2 - Advancing,63.08,Very Strong,Volume Expanding,Volume Expanding (2.41x vs 10W Avg),12.54,Outperformed Nifty by 12.54% in 3 Months,1.84,1.17,2.41,False,False,Stage 2 Structure,Stage 2 Structure
2026-07-12,OFSS.NS,Oracle Financial Services Software Limited,Software - Infrastructure,Technology,True,F&O,Stage 2,Stage 2,Extended,0.78,"Weekly advancing structure remains intact, but price is stretched versus key moving averages.",Initial classification; no prior stage memory available.,,,,watchlist,33.68,Stage 2 - Extended,33.68,Very Strong,Volume Drying Up,Volume Drying Up (0.77x vs 10W Avg),57.08,Outperformed Nifty by 57.08% in 3 Months,1.02,1.54,0.77,False,True,Stage 2 Structure,Stage 2 Structure
2026-07-12,OIL.NS,Oil India Limited,Energy,Energy,True,F&O,Stage 3,Stage 3,Early,0.68,"Prior strength has shifted into a Stage 3 transition based on trend, relative strength, and volume evidence.",Initial classification; no prior stage memory available.,,,,watchlist,4.99,Stage 3 Early,2.99,Weak,Volume Drying Up,Volume Drying Up (0.57x vs 10W Avg),-10.08,Underperformed Nifty by 10.08% in 3 Months,0.73,0.47,0.57,True,True,Stage 3 Structure,Stage 3 Structure
2026-07-12,OLAELEC.NS,Ola Electric Mobility Limited,Auto Manufacturers,Consumer Cyclical,False,Cash,Not Sure,Not Sure,Unclear,0.0,The weekly structure does not meet reliable stage criteria.,Initial classification; no prior stage memory available.,,,,watchlist,11.31,Not Sure - Unclear,11.31,Neutral,Volume Drying Up,Volume Drying Up (0.59x vs 10W Avg),2.9,Outperformed Nifty by 2.9% in 3 Months,1.05,0.3,0.59,False,True,Unclear Structure,Not Rated
2026-07-12,OLECTRA.NS,Olectra Greentech Limited,Farm & Heavy Construction Machinery,Industrials,False,Cash,Stage 1,Stage 1,Stage 1,0.68,Price is building a base around long-term weekly structure without a confirmed advancing phase.,Initial classification; no prior stage memory available.,,,,watchlist,30.9,Stage 1,30.9,Very Strong,Volume Drying Up,Volume Drying Up (0.59x vs 10W Avg),14.25,Outperformed Nifty by 14.25% in 3 Months,0.84,0.58,0.59,True,True,Stage 1 Structure,Stage 1 Structure
2026-07-12,ONESOURCE.NS,Onesource Specialty Pharma Limited,Biotechnology,Healthcare,False,Cash,Stage 1,Stage 1,Stage 1,0.64,Price is building a base around long-term weekly structure without a confirmed advancing phase.,Initial classification; no prior stage memory available.,,,,watchlist,8.88,Stage 1,3.88,Neutral,Volume Expanding,Volume Expanding (2.10x vs 10W Avg),3.96,Outperformed Nifty by 3.96% in 3 Months,1.4,3.95,2.1,False,False,Stage 1 Structure,Stage 1 Structure
2026-07-12,ONGC.NS,Oil & Natural Gas Corporation Limited,Energy,Energy,True,F&O,Stage 3,Stage 3,Early,0.68,"Prior strength has shifted into a Stage 3 transition based on trend, relative strength, and volume evidence.",Initial classification; no prior stage memory available.,,,,watchlist,2.0,Stage 3 Early,0.0,Weak,Volume Normal,Volume Normal (0.99x vs 10W Avg),-16.64,Underperformed Nifty by 16.64% in 3 Months,1.1,0.47,0.99,False,False,Stage 3 Structure,Stage 3 Structure
2026-07-12,OPTIEMUS.NS,Optiemus Infracom Limited,Technology,Technology,False,Cash,Not Sure,Not Sure,Unclear,0.0,The weekly structure does not meet reliable stage criteria.,Initial classification; no prior stage memory available.,,,,watchlist,34.37,Not Sure - Unclear,24.37,Very Strong,Volume Expanding,Volume Expanding (1.77x vs 10W Avg),34.66,Outperformed Nifty by 34.66% in 3 Months,1.67,0.81,1.77,False,False,Unclear Structure,Not Rated
2026-07-12,ORCHPHARMA.NS,Orchid Pharma Limited,Drug Manufacturers - Specialty & Generic,Healthcare,False,Cash,Stage 2,Stage 2,Extended,0.78,"Weekly advancing structure remains intact, but price is stretched versus key moving averages.",Initial classification; no prior stage memory available.,,,,watchlist,44.54,Stage 2 - Extended,34.54,Very Strong,Volume Expanding,Volume Expanding (7.41x vs 10W Avg),77.11,Outperformed Nifty by 77.11% in 3 Months,2.37,1.06,7.41,False,False,Stage 2 Structure,Stage 2 Structure
2026-07-12,ORIENTCEM.NS,Orient Cement Limited,Building Materials,Basic Materials,False,Cash,Stage 4,Stage 4,Stage 4,0.86,Price is below the 30-week trend and below long-term support structure.,Initial classification; no prior stage memory available.,,,,watchlist,19.4,Stage 4,19.4,Weak,Volume Normal,Volume Normal (1.09x vs 10W Avg),-2.18,Underperformed Nifty by 2.18% in 3 Months,1.19,0.78,1.09,False,False,Stage 4 Structure,Stage 4 Structure
2026-07-12,ORIENTELEC.NS,Orient Electric Limited,"Furnishings, Fixtures & Appliances",Consumer Cyclical,False,Cash,Stage 3,Stage 3,Early,0.68,"Prior strength has shifted into a Stage 3 transition based on trend, relative strength, and volume evidence.",Initial classification; no prior stage memory available.,,,,watchlist,32.72,Stage 3 Early,32.72,Neutral,Volume Drying Up,Volume Normal (0.96x vs 10W Avg),2.45,Outperformed Nifty by 2.45% in 3 Months,0.73,2.31,0.96,True,False,Stage 3 Structure,Stage 3 Structure
2026-07-12,ORISSAMINE.NS,The Orissa Minerals Development Company Limited,Steel,Basic Materials,False,Cash,Stage 4,Stage 4,Stage 4,0.86,Price is below the 30-week trend and below long-term support structure.,Initial classification; no prior stage memory available.,,,,watchlist,5.0,Stage 4,0.0,Weak,Volume Drying Up,Volume Drying Up (0.54x vs 10W Avg),-2.15,Underperformed Nifty by 2.15% in 3 Months,0.75,1.04,0.54,True,True,Stage 4 Structure,Stage 4 Structure
2026-07-12,PAGEIND.NS,Page Industries Limited,Apparel Manufacturing,Consumer Cyclical,True,F&O,Stage 2,Stage 2,Advancing,0.8,Price is above constructive weekly and long-term trend structure with improving relative strength.,Initial classification; no prior stage memory available.,,,,watchlist,57.23,Stage 2 - Advancing,57.23,Strong,Volume Expanding,Volume Expanding (1.74x vs 10W Avg),8.5,Outperformed Nifty by 8.5% in 3 Months,1.51,1.29,1.74,False,False,Stage 2 Structure,Stage 2 Structure
2026-07-12,PAISALO.NS,Paisalo Digital Limited,Credit Services,Financial Services,False,Cash,Stage 2,Stage 2,Extended,0.78,"Weekly advancing structure remains intact, but price is stretched versus key moving averages.",Initial classification; no prior stage memory available.,,,,watchlist,52.95,Stage 2 - Extended,47.95,Very Strong,Volume Normal,Volume Normal (1.22x vs 10W Avg),66.51,Outperformed Nifty by 66.51% in 3 Months,1.95,0.99,1.22,False,False,Stage 2 Structure,Stage 2 Structure
2026-07-12,PARADEEP.NS,Paradeep Phosphates Limited,Agricultural Inputs,Basic Materials,False,Cash,Not Sure,Not Sure,Unclear,0.0,The weekly structure does not meet reliable stage criteria.,Initial classification; no prior stage memory available.,,,,watchlist,34.66,Not Sure - Unclear,34.66,Strong,Volume Normal,Volume Normal (0.90x vs 10W Avg),13.96,Outperformed Nifty by 13.96% in 3 Months,0.99,0.88,0.9,False,False,Unclear Structure,Not Rated
2026-07-12,PARAGMILK.NS,Parag Milk Foods Limited,Packaged Foods,Consumer Defensive,False,Cash,Not Sure,Not Sure,Unclear,0.0,The weekly structure does not meet reliable stage criteria.,Initial classification; no prior stage memory available.,,,,watchlist,29.2,Not Sure - Unclear,29.2,Neutral,Volume Drying Up,Volume Drying Up (0.51x vs 10W Avg),3.12,Outperformed Nifty by 3.12% in 3 Months,0.6,0.4,0.51,True,True,Unclear Structure,Not Rated
2026-07-12,PARAS.NS,Paras Defence and Space Technologies Limited,Aerospace & Defense,Industrials,False,Cash,Stage 2,Stage 2,Extended,0.78,"Weekly advancing structure remains intact, but price is stretched versus key moving averages.",Initial classification; no prior stage memory available.,,,,watchlist,40.47,Stage 2 - Extended,30.47,Very Strong,Volume Drying Up,Volume Drying Up (0.85x vs 10W Avg),64.19,Outperformed Nifty by 64.19% in 3 Months,0.85,0.59,0.85,False,True,Stage 2 Structure,Stage 2 Structure
2026-07-12,PARKHOTELS.NS,Apeejay Surrendra Park Hotels Limited,Lodging,Consumer Cyclical,False,Cash,Not Sure,Not Sure,Unclear,0.0,The weekly structure does not meet reliable stage criteria.,Initial classification; no prior stage memory available.,,,,watchlist,32.13,Not Sure - Unclear,32.13,Strong,Volume Normal,Volume Normal (1.05x vs 10W Avg),5.1,Outperformed Nifty by 5.1% in 3 Months,0.89,1.4,1.05,False,False,Unclear Structure,Not Rated
2026-07-12,PATANJALI.NS,Patanjali Foods Limited,Packaged Foods,Consumer Defensive,True,F&O,Stage 4,Stage 4,Stage 4,0.86,Price is below the 30-week trend and below long-term support structure.,Initial classification; no prior stage memory available.,,,,watchlist,14.04,Stage 4,14.04,Weak,Volume Drying Up,Volume Drying Up (0.57x vs 10W Avg),-12.44,Underperformed Nifty by 12.44% in 3 Months,0.88,0.46,0.57,False,True,Stage 4 Structure,Stage 4 Structure
2026-07-12,PAYTM.NS,One 97 Communications Limited,Software - Infrastructure,Technology,True,F&O,Not Sure,Not Sure,Unclear,0.0,The weekly structure does not meet reliable stage criteria.,Initial classification; no prior stage memory available.,,,,watchlist,34.94,Not Sure - Unclear,34.94,Very Strong,Volume Expanding,Volume Normal (1.34x vs 10W Avg),15.88,Outperformed Nifty by 15.88% in 3 Months,1.49,2.84,1.34,False,False,Unclear Structure,Not Rated
2026-07-12,PCBL.NS,PCBL Chemical Limited,Specialty Chemicals,Basic Materials,False,Cash,Not Sure,Not Sure,Unclear,0.0,The weekly structure does not meet reliable stage criteria.,Initial classification; no prior stage memory available.,,,,watchlist,43.14,Not Sure - Unclear,38.14,Strong,Volume Drying Up,Volume Drying Up (0.49x vs 10W Avg),8.67,Outperformed Nifty by 8.67% in 3 Months,0.64,0.42,0.49,True,True,Unclear Structure,Not Rated
2026-07-12,PDSL.NS,PDS Limited,Industrials,Industrials,False,Cash,Not Sure,Not Sure,Unclear,0.0,The weekly structure does not meet reliable stage criteria.,Initial classification; no prior stage memory available.,,,,watchlist,31.4,Not Sure - Unclear,31.4,Strong,Volume Drying Up,Volume Drying Up (0.44x vs 10W Avg),21.75,Outperformed Nifty by 21.75% in 3 Months,0.81,0.16,0.44,True,True,Unclear Structure,Not Rated
2026-07-12,PERSISTENT.NS,Persistent Systems Limited,Information Technology Services,Technology,True,F&O,Stage 4,Stage 4,Stage 4,0.66,Price is below weekly structure.,Initial classification; no prior stage memory available.,,,,watchlist,5.0,Stage 4,5.0,Weak,Volume Normal,Volume Normal (1.14x vs 10W Avg),-9.73,Underperformed Nifty by 9.73% in 3 Months,2.1,1.29,1.14,False,False,Stage 4 Structure,Stage 4 Structure
2026-07-12,PETRONET.NS,Petronet LNG Limited,Oil & Gas Refining & Marketing,Energy,True,F&O,Stage 1,Stage 1,Stage 1,0.68,Price is building a base around long-term weekly structure without a confirmed advancing phase.,Initial classification; no prior stage memory available.,,,,watchlist,38.78,Stage 1,33.78,Strong,Volume Drying Up,Volume Normal (0.86x vs 10W Avg),2.29,Outperformed Nifty by 2.29% in 3 Months,0.78,0.22,0.86,True,True,Stage 1 Structure,Stage 1 Structure
2026-07-12,PFC.NS,Power Finance Corporation Limited,Credit Services,Financial Services,True,F&O,Stage 3,Stage 3,Early,0.68,"Prior strength has shifted into a Stage 3 transition based on trend, relative strength, and volume evidence.",Initial classification; no prior stage memory available.,,,,watchlist,11.14,Stage 3 Early,6.14,Weak,Volume Normal,Volume Normal (0.94x vs 10W Avg),-10.42,Underperformed Nifty by 10.42% in 3 Months,0.94,0.55,0.94,False,False,Stage 3 Structure,Stage 3 Structure
2026-07-12,PFIZER.NS,Pfizer Limited,Drug Manufacturers - General,Healthcare,False,Cash,Stage 4,Stage 4,Stage 4,0.66,Price is below weekly structure.,Initial classification; no prior stage memory available.,,,,watchlist,20.26,Stage 4,15.26,Neutral,Volume Normal,Volume Normal (1.10x vs 10W Avg),-4.3,Underperformed Nifty by 4.3% in 3 Months,1.27,1.2,1.1,False,False,Stage 4 Structure,Stage 4 Structure
2026-07-12,PFOCUS.NS,Prime Focus Limited,Communication Services,Communication Services,False,Cash,Stage 1,Stage 1,Stage 1,0.64,Price is building a base around long-term weekly structure without a confirmed advancing phase.,Initial classification; no prior stage memory available.,,,,watchlist,0.0,Stage 1,0.0,Weak,Volume Drying Up,Volume Drying Up (0.64x vs 10W Avg),-26.63,Underperformed Nifty by 26.63% in 3 Months,0.84,1.48,0.64,True,True,Stage 1 Structure,Stage 1 Structure
2026-07-12,PGEL.NS,PG Electroplast Limited,Electronic Components,Technology,True,F&O,Not Sure,Not Sure,Unclear,0.0,The weekly structure does not meet reliable stage criteria.,Initial classification; no prior stage memory available.,,,,watchlist,43.96,Not Sure - Unclear,33.96,Strong,Volume Drying Up,Volume Normal (0.88x vs 10W Avg),6.6,Outperformed Nifty by 6.6% in 3 Months,0.7,0.36,0.88,True,True,Unclear Structure,Not Rated
2026-07-12,PGHH.NS,Procter & Gamble Hygiene and Health Care Limited,Household & Personal Products,Consumer Defensive,False,Cash,Stage 4,Stage 4,Stage 4,0.86,Price is below the 30-week trend and below long-term support structure.,Initial classification; no prior stage memory available.,,,,watchlist,10.0,Stage 4,0.0,Weak,Volume Drying Up,Volume Drying Up (0.75x vs 10W Avg),-11.51,Underperformed Nifty by 11.51% in 3 Months,1.1,0.67,0.75,False,True,Stage 4 Structure,Stage 4 Structure
2026-07-12,PGHL.NS,Procter & Gamble Health Limited,Drug Manufacturers - Specialty & Generic,Healthcare,False,Cash,Stage 2,Stage 2,Extended,0.78,"Weekly advancing structure remains intact, but price is stretched versus key moving averages.",Initial classification; no prior stage memory available.,,,,watchlist,74.35,Stage 2 - Extended,64.35,Very Strong,Volume Expanding,Volume Normal (1.48x vs 10W Avg),35.62,Outperformed Nifty by 35.62% in 3 Months,0.89,4.55,1.48,False,False,Stage 2 Structure,Stage 2 Structure
2026-07-12,PGIL.NS,Pearl Global Industries Limited,Apparel Manufacturing,Consumer Cyclical,False,Cash,Stage 2,Stage 2,Extended,0.78,"Weekly advancing structure remains intact, but price is stretched versus key moving averages.",Initial classification; no prior stage memory available.,,,,watchlist,48.43,Stage 2 - Extended,48.43,Very Strong,Volume Drying Up,Volume Drying Up (0.33x vs 10W Avg),29.47,Outperformed Nifty by 29.47% in 3 Months,0.5,0.33,0.33,True,True,Stage 2 Structure,Stage 2 Structure
2026-07-12,PHOENIXLTD.NS,The Phoenix Mills Limited,Real Estate,Real Estate,True,F&O,Stage 2,Stage 2,Extended,0.78,"Weekly advancing structure remains intact, but price is stretched versus key moving averages.",Initial classification; no prior stage memory available.,,,,watchlist,67.81,Stage 2 - Extended,65.81,Very Strong,Volume Expanding,Volume Expanding (2.89x vs 10W Avg),20.41,Outperformed Nifty by 20.41% in 3 Months,2.05,1.23,2.89,False,False,Stage 2 Structure,Stage 2 Structure
2026-07-12,PIDILITIND.NS,Pidilite Industries Limited,Specialty Chemicals,Basic Materials,True,F&O,Stage 2,Stage 2,Advancing,0.8,Price is above constructive weekly and long-term trend structure with improving relative strength.,Initial classification; no prior stage memory available.,,,,watchlist,51.78,Stage 2 - Advancing,46.78,Very Strong,Volume Drying Up,Volume Drying Up (0.56x vs 10W Avg),18.42,Outperformed Nifty by 18.42% in 3 Months,0.72,0.81,0.56,True,True,Stage 2 Structure,Stage 2 Structure
2026-07-12,PIIND.NS,PI Industries Limited,Agricultural Inputs,Basic Materials,True,F&O,Stage 4,Stage 4,Stage 4,0.86,Price is below the 30-week trend and below long-term support structure.,Initial classification; no prior stage memory available.,,,,watchlist,7.84,Stage 4,7.84,Weak,Volume Drying Up,Volume Drying Up (0.48x vs 10W Avg),-16.11,Underperformed Nifty by 16.11% in 3 Months,0.74,0.53,0.48,True,True,Stage 4 Structure,Stage 4 Structure
2026-07-12,PILANIINVS.NS,Pilani Investment and Industries Corporation Limited,Asset Management,Financial Services,False,Cash,Stage 4,Stage 4,Stage 4,0.66,Price is below weekly structure.,Initial classification; no prior stage memory available.,,,,watchlist,14.59,Stage 4,12.59,Weak,Volume Drying Up,Volume Drying Up (0.68x vs 10W Avg),-3.91,Underperformed Nifty by 3.91% in 3 Months,0.58,1.67,0.68,True,True,Stage 4 Structure,Stage 4 Structure
2026-07-12,PITTIENG.NS,Pitti Engineering Limited,Metal Fabrication,Industrials,False,Cash,Stage 2,Stage 2,Advancing,0.8,Price is above constructive weekly and long-term trend structure with improving relative strength.,Initial classification; no prior stage memory available.,,,,watchlist,70.42,Stage 2 - Advancing,60.42,Strong,Volume Drying Up,Volume Drying Up (0.85x vs 10W Avg),15.17,Outperformed Nifty by 15.17% in 3 Months,1.18,0.75,0.85,False,True,Stage 2 Structure,Stage 2 Structure
2026-07-12,PNB.NS,Punjab National Bank,Banks - Regional,Financial Services,True,F&O,Stage 4,Stage 4,Stage 4,0.66,Price is below weekly structure.,Initial classification; no prior stage memory available.,,,,watchlist,16.18,Stage 4,14.18,Weak,Volume Normal,Volume Normal (0.98x vs 10W Avg),-5.89,Underperformed Nifty by 5.89% in 3 Months,0.88,1.46,0.98,False,False,Stage 4 Structure,Stage 4 Structure
2026-07-12,PNBHOUSING.NS,PNB Housing Finance Limited,Mortgage Finance,Financial Services,True,F&O,Stage 2,Stage 2,Advancing,0.9,Price is above constructive weekly and long-term trend structure with improving relative strength.,Initial classification; no prior stage memory available.,,,,watchlist,60.05,Stage 2 - Advancing,58.05,Very Strong,Volume Normal,Volume Normal (1.48x vs 10W Avg),26.35,Outperformed Nifty by 26.35% in 3 Months,1.31,1.09,1.48,False,False,Stage 2 Structure,Stage 2 Structure
2026-07-12,PNCINFRA.NS,PNC Infratech Limited,Engineering & Construction,Industrials,False,Cash,Not Sure,Not Sure,Unclear,0.0,The weekly structure does not meet reliable stage criteria.,Initial classification; no prior stage memory available.,,,,watchlist,31.75,Not Sure - Unclear,29.75,Very Strong,Volume Drying Up,Volume Normal (0.92x vs 10W Avg),21.52,Outperformed Nifty by 21.52% in 3 Months,0.8,0.54,0.92,True,False,Unclear Structure,Not Rated
2026-07-12,PNGJL.NS,P N Gadgil Jewellers Limited,Luxury Goods,Consumer Cyclical,False,Cash,Not Sure,Not Sure,Unclear,0.0,The weekly structure does not meet reliable stage criteria.,Initial classification; no prior stage memory available.,,,,watchlist,21.26,Not Sure - Unclear,11.26,Neutral,Volume Expanding,Volume Expanding (1.90x vs 10W Avg),-12.5,Underperformed Nifty by 12.5% in 3 Months,1.15,2.33,1.9,False,False,Unclear Structure,Not Rated
2026-07-12,POCL.NS,Pondy Oxides & Chemicals Limited,Specialty Chemicals,Basic Materials,False,Cash,Stage 2,Stage 2,Advancing,0.8,Price is above constructive weekly and long-term trend structure with improving relative strength.,Initial classification; no prior stage memory available.,,,,watchlist,53.69,Stage 2 - Advancing,48.69,Strong,Volume Normal,Volume Normal (1.05x vs 10W Avg),16.04,Outperformed Nifty by 16.04% in 3 Months,1.28,1.01,1.05,False,False,Stage 2 Structure,Stage 2 Structure
2026-07-12,POKARNA.NS,Pokarna Limited,Building Products & Equipment,Industrials,False,Cash,Stage 2,Stage 2,Extended,0.78,"Weekly advancing structure remains intact, but price is stretched versus key moving averages.",Initial classification; no prior stage memory available.,,,,watchlist,56.55,Stage 2 - Extended,54.55,Very Strong,Volume Drying Up,Volume Drying Up (0.71x vs 10W Avg),13.83,Outperformed Nifty by 13.83% in 3 Months,0.72,0.52,0.71,True,True,Stage 2 Structure,Stage 2 Structure
2026-07-12,POLICYBZR.NS,PB Fintech Limited,Financial Services,Financial Services,True,F&O,Stage 4,Stage 4,Stage 4,0.66,Price is below weekly structure.,Initial classification; no prior stage memory available.,,,,watchlist,14.39,Stage 4,14.39,Weak,Volume Expanding,Volume Expanding (1.57x vs 10W Avg),4.92,Outperformed Nifty by 4.92% in 3 Months,1.98,0.75,1.57,False,False,Stage 4 Structure,Stage 4 Structure
2026-07-12,POLYCAB.NS,Polycab India Limited,Electrical Equipment & Parts,Industrials,True,F&O,Stage 2,Stage 2,Advancing,0.8,Price is above constructive weekly and long-term trend structure with improving relative strength.,Initial classification; no prior stage memory available.,,,,watchlist,44.42,Stage 2 - Advancing,34.42,Strong,Volume Drying Up,Volume Drying Up (0.83x vs 10W Avg),16.96,Outperformed Nifty by 16.96% in 3 Months,1.11,1.24,0.83,False,True,Stage 2 Structure,Stage 2 Structure
2026-07-12,POLYMED.NS,Poly Medicure Limited,Healthcare,Healthcare,False,Cash,Not Sure,Not Sure,Unclear,0.0,The weekly structure does not meet reliable stage criteria.,Initial classification; no prior stage memory available.,,,,watchlist,27.42,Not Sure - Unclear,27.42,Very Strong,Volume Drying Up,Volume Drying Up (0.37x vs 10W Avg),11.49,Outperformed Nifty by 11.49% in 3 Months,0.75,0.16,0.37,True,True,Unclear Structure,Not Rated
2026-07-12,POLYPLEX.NS,Polyplex Corporation Limited,Specialty Chemicals,Basic Materials,False,Cash,Stage 2,Stage 2,Advancing,0.8,Price is above constructive weekly and long-term trend structure with improving relative strength.,Initial classification; no prior stage memory available.,,,,watchlist,60.71,Stage 2 - Advancing,55.71,Very Strong,Volume Normal,Volume Normal (0.94x vs 10W Avg),18.7,Outperformed Nifty by 18.7% in 3 Months,0.88,1.22,0.94,False,False,Stage 2 Structure,Stage 2 Structure
2026-07-12,POONAWALLA.NS,Poonawalla Fincorp Limited,Credit Services,Financial Services,False,Cash,Not Sure,Not Sure,Unclear,0.0,The weekly structure does not meet reliable stage criteria.,Initial classification; no prior stage memory available.,,,,watchlist,42.41,Not Sure - Unclear,37.41,Very Strong,Volume Normal,Volume Normal (1.23x vs 10W Avg),13.29,Outperformed Nifty by 13.29% in 3 Months,1.03,0.82,1.23,False,False,Unclear Structure,Not Rated
2026-07-12,POWERGRID.NS,Power Grid Corporation of India Limited,Utilities,Utilities,True,F&O,Stage 3,Stage 3,Early,0.68,"Prior strength has shifted into a Stage 3 transition based on trend, relative strength, and volume evidence.",Initial classification; no prior stage memory available.,,,,watchlist,12.47,Stage 3 Early,10.47,Weak,Volume Drying Up,Volume Drying Up (0.65x vs 10W Avg),-11.21,Underperformed Nifty by 11.21% in 3 Months,0.81,0.56,0.65,True,True,Stage 3 Structure,Stage 3 Structure
2026-07-12,POWERINDIA.NS,Hitachi Energy India Limited,Electrical Equipment & Parts,Industrials,True,F&O,Stage 2,Stage 2,Advancing,0.8,Price is above constructive weekly and long-term trend structure with improving relative strength.,Initial classification; no prior stage memory available.,,,,watchlist,38.86,Stage 2 - Advancing,28.86,Strong,Volume Normal,Volume Normal (0.90x vs 10W Avg),12.85,Outperformed Nifty by 12.85% in 3 Months,1.28,0.46,0.9,False,False,Stage 2 Structure,Stage 2 Structure
2026-07-12,POWERMECH.NS,Power Mech Projects Limited,Engineering & Construction,Industrials,False,Cash,Stage 1,Stage 1,Stage 1,0.68,Price is building a base around long-term weekly structure without a confirmed advancing phase.,Initial classification; no prior stage memory available.,,,,watchlist,19.05,Stage 1,17.05,Strong,Volume Drying Up,Volume Drying Up (0.57x vs 10W Avg),12.74,Outperformed Nifty by 12.74% in 3 Months,0.57,0.33,0.57,True,True,Stage 1 Structure,Stage 1 Structure
2026-07-12,PPLPHARMA.NS,Piramal Pharma Limited,Drug Manufacturers - Specialty & Generic,Healthcare,False,Cash,Not Sure,Not Sure,Unclear,0.0,The weekly structure does not meet reliable stage criteria.,Initial classification; no prior stage memory available.,,,,watchlist,43.91,Not Sure - Unclear,33.91,Strong,Volume Normal,Volume Normal (0.96x vs 10W Avg),17.48,Outperformed Nifty by 17.48% in 3 Months,1.13,0.63,0.96,False,False,Unclear Structure,Not Rated
2026-07-12,PRAJIND.NS,Praj Industries Limited,Engineering & Construction,Industrials,False,Cash,Stage 1,Stage 1,Stage 1,0.64,Price is building a base around long-term weekly structure without a confirmed advancing phase.,Initial classification; no prior stage memory available.,,,,watchlist,15.41,Stage 1,13.41,Neutral,Volume Drying Up,Volume Drying Up (0.52x vs 10W Avg),-0.87,Underperformed Nifty by 0.87% in 3 Months,0.79,0.23,0.52,True,True,Stage 1 Structure,Stage 1 Structure
2026-07-12,PRAKASH.NS,Prakash Industries Limited,Steel,Basic Materials,False,Cash,Stage 4,Stage 4,Stage 4,0.86,Price is below the 30-week trend and below long-term support structure.,Initial classification; no prior stage memory available.,,,,watchlist,6.54,Stage 4,1.54,Weak,Volume Normal,Volume Normal (1.43x vs 10W Avg),-9.72,Underperformed Nifty by 9.72% in 3 Months,1.01,0.8,1.43,False,False,Stage 4 Structure,Stage 4 Structure
2026-07-12,PRECWIRE.NS,Precision Wires India Limited,Electrical Equipment & Parts,Industrials,False,Cash,Stage 2,Stage 2,Advancing,0.8,Price is above constructive weekly and long-term trend structure with improving relative strength.,Initial classification; no prior stage memory available.,,,,watchlist,53.16,Stage 2 - Advancing,43.16,Strong,Volume Drying Up,Volume Drying Up (0.52x vs 10W Avg),9.69,Outperformed Nifty by 9.69% in 3 Months,0.58,0.63,0.52,True,True,Stage 2 Structure,Stage 2 Structure
2026-07-12,PREMEXPLN.NS,Premier Explosives Limited,Specialty Chemicals,Basic Materials,False,Cash,Stage 2,Stage 2,Advancing,0.8,Price is above constructive weekly and long-term trend structure with improving relative strength.,Initial classification; no prior stage memory available.,,,,watchlist,40.47,Stage 2 - Advancing,35.47,Very Strong,Volume Normal,Volume Normal (1.04x vs 10W Avg),42.43,Outperformed Nifty by 42.43% in 3 Months,1.08,1.41,1.04,False,False,Stage 2 Structure,Stage 2 Structure
2026-07-12,PREMIERENE.NS,Premier Energies Limited,Solar,Technology,True,F&O,Stage 2,Stage 2,Advancing,0.8,Price is above constructive weekly and long-term trend structure with improving relative strength.,Initial classification; no prior stage memory available.,,,,watchlist,66.64,Stage 2 - Advancing,56.64,Very Strong,Volume Drying Up,Volume Normal (1.18x vs 10W Avg),10.15,Outperformed Nifty by 10.15% in 3 Months,0.83,1.91,1.18,True,False,Stage 2 Structure,Stage 2 Structure
2026-07-12,PRESTIGE.NS,Prestige Estates Projects Limited,Real Estate,Real Estate,True,F&O,Not Sure,Not Sure,Unclear,0.0,The weekly structure does not meet reliable stage criteria.,Initial classification; no prior stage memory available.,,,,watchlist,41.45,Not Sure - Unclear,39.45,Very Strong,Volume Expanding,Volume Expanding (1.67x vs 10W Avg),27.3,Outperformed Nifty by 27.3% in 3 Months,1.38,1.03,1.67,False,False,Unclear Structure,Not Rated
2026-07-12,PRICOLLTD.NS,Pricol Limited,Auto Parts,Consumer Cyclical,False,Cash,Stage 2,Stage 2,Advancing,0.8,Price is above constructive weekly and long-term trend structure with improving relative strength.,Initial classification; no prior stage memory available.,,,,watchlist,57.48,Stage 2 - Advancing,55.48,Very Strong,Volume Drying Up,Volume Drying Up (0.52x vs 10W Avg),6.76,Outperformed Nifty by 6.76% in 3 Months,0.85,0.66,0.52,True,True,Stage 2 Structure,Stage 2 Structure
2026-07-12,PRINCEPIPE.NS,Prince Pipes And Fittings Limited,Building Products & Equipment,Industrials,False,Cash,Not Sure,Not Sure,Unclear,0.0,The weekly structure does not meet reliable stage criteria.,Initial classification; no prior stage memory available.,,,,watchlist,23.78,Not Sure - Unclear,21.78,Strong,Volume Drying Up,Volume Drying Up (0.26x vs 10W Avg),9.53,Outperformed Nifty by 9.53% in 3 Months,0.3,0.34,0.26,True,True,Unclear Structure,Not Rated
2026-07-12,PRIVISCL.NS,Privi Speciality Chemicals Limited,Specialty Chemicals,Basic Materials,False,Cash,Stage 2,Stage 2,Advancing,0.9,Price is above constructive weekly and long-term trend structure with improving relative strength.,Initial classification; no prior stage memory available.,,,,watchlist,73.13,Stage 2 - Advancing,68.13,Very Strong,Volume Drying Up,Volume Drying Up (0.58x vs 10W Avg),23.2,Outperformed Nifty by 23.2% in 3 Months,0.67,0.56,0.58,True,True,Stage 2 Structure,Stage 2 Structure
2026-07-12,PRSMJOHNSN.NS,Prism Johnson Limited,Building Materials,Basic Materials,False,Cash,Stage 4,Stage 4,Stage 4,0.86,Price is below the 30-week trend and below long-term support structure.,Initial classification; no prior stage memory available.,,,,watchlist,0.0,Stage 4,0.0,Weak,Volume Drying Up,Volume Drying Up (0.32x vs 10W Avg),-10.77,Underperformed Nifty by 10.77% in 3 Months,0.33,0.36,0.32,True,True,Stage 4 Structure,Stage 4 Structure
2026-07-12,PRUDENT.NS,Prudent Corporate Advisory Services Limited,Asset Management,Financial Services,False,Cash,Stage 2,Stage 2,Advancing,0.9,Price is above constructive weekly and long-term trend structure with improving relative strength.,Initial classification; no prior stage memory available.,,,,watchlist,69.48,Stage 2 - Advancing,67.48,Very Strong,Volume Drying Up,Volume Drying Up (0.72x vs 10W Avg),17.29,Outperformed Nifty by 17.29% in 3 Months,0.7,1.36,0.72,True,True,Stage 2 Structure,Stage 2 Structure
2026-07-12,PSPPROJECT.NS,PSP Projects Limited,Engineering & Construction,Industrials,False,Cash,Stage 2,Stage 2,Extended,0.78,"Weekly advancing structure remains intact, but price is stretched versus key moving averages.",Initial classification; no prior stage memory available.,,,,watchlist,48.45,Stage 2 - Extended,46.45,Very Strong,Volume Expanding,Volume Expanding (1.95x vs 10W Avg),51.89,Outperformed Nifty by 51.89% in 3 Months,1.26,0.29,1.95,False,False,Stage 2 Structure,Stage 2 Structure
2026-07-12,PTC.NS,PTC India Limited,Utilities,Utilities,False,Cash,Stage 3,Stage 3,Early,0.68,"Prior strength has shifted into a Stage 3 transition based on trend, relative strength, and volume evidence.",Initial classification; no prior stage memory available.,,,,watchlist,3.02,Stage 3 Early,1.02,Weak,Volume Drying Up,Volume Drying Up (0.48x vs 10W Avg),-3.48,Underperformed Nifty by 3.48% in 3 Months,0.51,0.68,0.48,True,True,Stage 3 Structure,Stage 3 Structure
2026-07-12,PTCIL.NS,PTC Industries Limited,Metal Fabrication,Industrials,False,Cash,Stage 2,Stage 2,Advancing,0.8,Price is above constructive weekly and long-term trend structure with improving relative strength.,Initial classification; no prior stage memory available.,,,,watchlist,45.23,Stage 2 - Advancing,35.23,Neutral,Volume Drying Up,Volume Drying Up (0.42x vs 10W Avg),9.9,Outperformed Nifty by 9.9% in 3 Months,0.56,0.2,0.42,True,True,Stage 2 Structure,Stage 2 Structure
2026-07-12,PURVA.NS,Puravankara Limited,Real Estate,Real Estate,False,Cash,Not Sure,Not Sure,Unclear,0.0,The weekly structure does not meet reliable stage criteria.,Initial classification; no prior stage memory available.,,,,watchlist,24.98,Not Sure - Unclear,22.98,Strong,Volume Drying Up,Volume Drying Up (0.30x vs 10W Avg),1.92,Outperformed Nifty by 1.92% in 3 Months,0.42,1.23,0.3,True,True,Unclear Structure,Not Rated
2026-07-12,PVRINOX.NS,PVR INOX Limited,Communication Services,Communication Services,False,Cash,Not Sure,Not Sure,Unclear,0.0,The weekly structure does not meet reliable stage criteria.,Initial classification; no prior stage memory available.,,,,watchlist,20.56,Not Sure - Unclear,20.56,Neutral,Volume Drying Up,Volume Drying Up (0.73x vs 10W Avg),4.46,Outperformed Nifty by 4.46% in 3 Months,0.79,0.54,0.73,True,True,Unclear Structure,Not Rated
2026-07-12,QPOWER.NS,Quality Power Electrical Equipments Limited,Electrical Equipment & Parts,Industrials,False,Cash,Stage 2,Stage 2,Advancing,0.9,Price is above constructive weekly and long-term trend structure with improving relative strength.,Initial classification; no prior stage memory available.,,,,watchlist,29.35,Stage 2 - Advancing,19.35,Strong,Volume Drying Up,Volume Drying Up (0.24x vs 10W Avg),7.63,Outperformed Nifty by 7.63% in 3 Months,0.32,0.81,0.24,True,True,Stage 2 Structure,Stage 2 Structure
2026-07-12,QUESS.NS,Quess Corp Limited,Industrials,Industrials,False,Cash,Stage 2,Stage 2,Extended,0.78,"Weekly advancing structure remains intact, but price is stretched versus key moving averages.",Initial classification; no prior stage memory available.,,,,watchlist,48.75,Stage 2 - Extended,48.75,Very Strong,Volume Drying Up,Volume Drying Up (0.39x vs 10W Avg),47.8,Outperformed Nifty by 47.8% in 3 Months,0.7,0.2,0.39,True,True,Stage 2 Structure,Stage 2 Structure
2026-07-12,RADICO.NS,Radico Khaitan Limited,Consumer Defensive,Consumer Defensive,False,Cash,Stage 2,Stage 2,Advancing,0.9,Price is above constructive weekly and long-term trend structure with improving relative strength.,Initial classification; no prior stage memory available.,,,,watchlist,48.13,Stage 2 - Advancing,48.13,Very Strong,Volume Normal,Volume Normal (1.41x vs 10W Avg),38.33,Outperformed Nifty by 38.33% in 3 Months,1.28,0.85,1.41,False,False,Stage 2 Structure,Stage 2 Structure
2026-07-12,RAILTEL.NS,Railtel Corporation Of India Limited,Telecom Services,Communication Services,False,Cash,Stage 4,Stage 4,Stage 4,0.86,Price is below the 30-week trend and below long-term support structure.,Initial classification; no prior stage memory available.,,,,watchlist,15.52,Stage 4,15.52,Weak,Volume Drying Up,Volume Drying Up (0.65x vs 10W Avg),-10.5,Underperformed Nifty by 10.5% in 3 Months,0.88,1.23,0.65,False,True,Stage 4 Structure,Stage 4 Structure
2026-07-12,RAIN.NS,Rain Industries Limited,Specialty Chemicals,Basic Materials,False,Cash,Stage 2,Stage 2,Extended,0.78,"Weekly advancing structure remains intact, but price is stretched versus key moving averages.",Initial classification; no prior stage memory available.,,,,watchlist,40.35,Stage 2 - Extended,35.35,Very Strong,Volume Drying Up,Volume Normal (0.99x vs 10W Avg),61.05,Outperformed Nifty by 61.05% in 3 Months,0.61,0.69,0.99,True,False,Stage 2 Structure,Stage 2 Structure
2026-07-12,RAINBOW.NS,Rainbow Childrens Medicare Limited,Medical Care Facilities,Healthcare,False,Cash,Stage 2,Stage 2,Advancing,0.8,Price is above constructive weekly and long-term trend structure with improving relative strength.,Initial classification; no prior stage memory available.,,,,watchlist,60.96,Stage 2 - Advancing,55.96,Very Strong,Volume Drying Up,Volume Drying Up (0.79x vs 10W Avg),14.42,Outperformed Nifty by 14.42% in 3 Months,0.76,0.63,0.79,True,True,Stage 2 Structure,Stage 2 Structure
2026-07-12,RALLIS.NS,Rallis India Limited,Agricultural Inputs,Basic Materials,False,Cash,Stage 4,Stage 4,Stage 4,0.86,Price is below the 30-week trend and below long-term support structure.,Initial classification; no prior stage memory available.,,,,watchlist,5.55,Stage 4,5.55,Weak,Volume Normal,Volume Normal (1.23x vs 10W Avg),-13.33,Underperformed Nifty by 13.33% in 3 Months,1.09,1.44,1.23,False,False,Stage 4 Structure,Stage 4 Structure
2026-07-12,RAMCOCEM.NS,The Ramco Cements Limited,Building Materials,Basic Materials,False,Cash,Stage 4,Stage 4,Stage 4,0.66,Price is below weekly structure.,Initial classification; no prior stage memory available.,,,,watchlist,24.05,Stage 4,24.05,Weak,Volume Drying Up,Volume Drying Up (0.28x vs 10W Avg),-7.93,Underperformed Nifty by 7.93% in 3 Months,1.15,0.37,0.28,False,True,Stage 4 Structure,Stage 4 Structure
2026-07-12,RAMKY.NS,Ramky Infrastructure Limited,Engineering & Construction,Industrials,False,Cash,Stage 4,Stage 4,Stage 4,0.86,Price is below the 30-week trend and below long-term support structure.,Initial classification; no prior stage memory available.,,,,watchlist,4.14,Stage 4,2.14,Weak,Volume Normal,Volume Normal (1.08x vs 10W Avg),-18.35,Underperformed Nifty by 18.35% in 3 Months,1.01,1.6,1.08,False,False,Stage 4 Structure,Stage 4 Structure
2026-07-12,RAMRAT.NS,Ram Ratna Wires Limited,Electrical Equipment & Parts,Industrials,False,Cash,Stage 2,Stage 2,Advancing,0.9,Price is above constructive weekly and long-term trend structure with improving relative strength.,Initial classification; no prior stage memory available.,,,,watchlist,60.64,Stage 2 - Advancing,50.64,Very Strong,Volume Drying Up,Volume Drying Up (0.63x vs 10W Avg),19.33,Outperformed Nifty by 19.33% in 3 Months,0.57,1.01,0.63,True,True,Stage 2 Structure,Stage 2 Structure
2026-07-12,RATEGAIN.NS,Rategain Travel Technologies Limited,Software - Application,Technology,False,Cash,Stage 2,Stage 2,Extended,0.78,"Weekly advancing structure remains intact, but price is stretched versus key moving averages.",Initial classification; no prior stage memory available.,,,,watchlist,45.88,Stage 2 - Extended,40.88,Very Strong,Volume Drying Up,Volume Drying Up (0.50x vs 10W Avg),62.62,Outperformed Nifty by 62.62% in 3 Months,0.7,0.42,0.5,True,True,Stage 2 Structure,Stage 2 Structure
2026-07-12,RATNAMANI.NS,Ratnamani Metals & Tubes Limited,Steel,Basic Materials,False,Cash,Stage 2,Stage 2,Advancing,0.9,Price is above constructive weekly and long-term trend structure with improving relative strength.,Initial classification; no prior stage memory available.,,,,watchlist,45.41,Stage 2 - Advancing,40.41,Very Strong,Volume Normal,Volume Normal (0.93x vs 10W Avg),14.71,Outperformed Nifty by 14.71% in 3 Months,1.12,0.84,0.93,False,False,Stage 2 Structure,Stage 2 Structure
2026-07-12,RAYMOND.NS,Raymond Limited,Specialty Industrial Machinery,Industrials,False,Cash,Stage 2,Stage 2,Extended,0.78,"Weekly advancing structure remains intact, but price is stretched versus key moving averages.",Initial classification; no prior stage memory available.,,,,watchlist,51.76,Stage 2 - Extended,41.76,Very Strong,Volume Drying Up,Volume Normal (0.98x vs 10W Avg),48.55,Outperformed Nifty by 48.55% in 3 Months,0.64,0.81,0.98,True,False,Stage 2 Structure,Stage 2 Structure
2026-07-12,RAYMONDLSL.NS,Raymond Lifestyle Limited,Apparel Manufacturing,Consumer Cyclical,False,Cash,Stage 4,Stage 4,Stage 4,0.86,Price is below the 30-week trend and below long-term support structure.,Initial classification; no prior stage memory available.,,,,watchlist,16.4,Stage 4,16.4,Weak,Volume Drying Up,Volume Drying Up (0.49x vs 10W Avg),-8.59,Underperformed Nifty by 8.59% in 3 Months,0.41,0.63,0.49,True,True,Stage 4 Structure,Stage 4 Structure
2026-07-12,RBA.NS,Restaurant Brands Asia Limited,Consumer Cyclical,Consumer Cyclical,False,Cash,Stage 2,Stage 2,Advancing,0.8,Price is above constructive weekly and long-term trend structure with improving relative strength.,Initial classification; no prior stage memory available.,,,,watchlist,30.15,Stage 2 - Advancing,30.15,Very Strong,Volume Drying Up,Volume Drying Up (0.54x vs 10W Avg),15.68,Outperformed Nifty by 15.68% in 3 Months,0.77,0.44,0.54,True,True,Stage 2 Structure,Stage 2 Structure
2026-07-12,RBLBANK.NS,RBL Bank Limited,Banks - Regional,Financial Services,True,F&O,Stage 2,Stage 2,Advancing,0.9,Price is above constructive weekly and long-term trend structure with improving relative strength.,Initial classification; no prior stage memory available.,,,,watchlist,62.58,Stage 2 - Advancing,60.58,Very Strong,Volume Normal,Volume Normal (1.15x vs 10W Avg),17.25,Outperformed Nifty by 17.25% in 3 Months,1.2,1.66,1.15,False,False,Stage 2 Structure,Stage 2 Structure
2026-07-12,RCF.NS,Rashtriya Chemicals and Fertilizers Limited,Agricultural Inputs,Basic Materials,False,Cash,Not Sure,Not Sure,Unclear,0.0,The weekly structure does not meet reliable stage criteria.,Initial classification; no prior stage memory available.,,,,watchlist,36.83,Not Sure - Unclear,36.83,Neutral,Volume Drying Up,Volume Normal (1.25x vs 10W Avg),0.45,Outperformed Nifty by 0.45% in 3 Months,0.83,0.61,1.25,True,False,Unclear Structure,Not Rated
2026-07-12,RECLTD.NS,REC Limited,Credit Services,Financial Services,True,F&O,Stage 1,Stage 1,Stage 1,0.64,Price is building a base around long-term weekly structure without a confirmed advancing phase.,Initial classification; no prior stage memory available.,,,,watchlist,43.38,Stage 1,38.38,Weak,Volume Drying Up,Volume Drying Up (0.84x vs 10W Avg),-2.01,Underperformed Nifty by 2.01% in 3 Months,1.18,0.67,0.84,False,True,Stage 1 Structure,Stage 1 Structure
2026-07-12,REDINGTON.NS,Redington Limited,Information Technology Services,Technology,False,Cash,Not Sure,Not Sure,Unclear,0.0,The weekly structure does not meet reliable stage criteria.,Initial classification; no prior stage memory available.,,,,watchlist,42.96,Not Sure - Unclear,42.96,Strong,Volume Drying Up,Volume Drying Up (0.40x vs 10W Avg),25.67,Outperformed Nifty by 25.67% in 3 Months,0.53,0.33,0.4,True,True,Unclear Structure,Not Rated
2026-07-12,REDTAPE.NS,Redtape Limited,Consumer Cyclical,Consumer Cyclical,False,Cash,Stage 1,Stage 1,Stage 1,0.68,Price is building a base around long-term weekly structure without a confirmed advancing phase.,Initial classification; no prior stage memory available.,,,,watchlist,24.27,Stage 1,24.27,Strong,Volume Drying Up,Volume Drying Up (0.28x vs 10W Avg),9.15,Outperformed Nifty by 9.15% in 3 Months,0.29,0.22,0.28,True,True,Stage 1 Structure,Stage 1 Structure
2026-07-12,REFEX.NS,Refex Industries Limited,Energy,Energy,False,Cash,Not Sure,Not Sure,Unclear,0.0,The weekly structure does not meet reliable stage criteria.,Initial classification; no prior stage memory available.,,,,watchlist,31.1,Not Sure - Unclear,29.1,Very Strong,Volume Drying Up,Volume Drying Up (0.34x vs 10W Avg),47.33,Outperformed Nifty by 47.33% in 3 Months,0.53,0.43,0.34,True,True,Unclear Structure,Not Rated
2026-07-12,RELAXO.NS,Relaxo Footwears Limited,Consumer Cyclical,Consumer Cyclical,False,Cash,Not Sure,Not Sure,Unclear,0.0,The weekly structure does not meet reliable stage criteria.,Initial classification; no prior stage memory available.,,,,watchlist,27.83,Not Sure - Unclear,27.83,Strong,Volume Drying Up,Volume Drying Up (0.23x vs 10W Avg),32.04,Outperformed Nifty by 32.04% in 3 Months,0.57,0.12,0.23,True,True,Unclear Structure,Not Rated
2026-07-12,RELIANCE.NS,Reliance Industries Limited,Oil & Gas Refining & Marketing,Energy,True,F&O,Stage 4,Stage 4,Stage 4,0.66,Price is below weekly structure.,Initial classification; no prior stage memory available.,,,,watchlist,12.2,Stage 4,7.2,Weak,Volume Drying Up,Volume Drying Up (0.77x vs 10W Avg),-4.07,Underperformed Nifty by 4.07% in 3 Months,0.82,0.52,0.77,True,True,Stage 4 Structure,Stage 4 Structure
2026-07-12,RELIGARE.NS,Religare Enterprises Limited,Insurance - Life,Financial Services,False,Cash,Stage 1,Stage 1,Stage 1,0.68,Price is building a base around long-term weekly structure without a confirmed advancing phase.,Initial classification; no prior stage memory available.,,,,watchlist,30.23,Stage 1,30.23,Strong,Volume Drying Up,Volume Drying Up (0.73x vs 10W Avg),20.45,Outperformed Nifty by 20.45% in 3 Months,0.64,0.47,0.73,True,True,Stage 1 Structure,Stage 1 Structure
2026-07-12,RESPONIND.NS,Responsive Industries Limited,Specialty Chemicals,Basic Materials,False,Cash,Stage 1,Stage 1,Stage 1,0.68,Price is building a base around long-term weekly structure without a confirmed advancing phase.,Initial classification; no prior stage memory available.,,,,watchlist,15.28,Stage 1,10.28,Strong,Volume Expanding,Volume Expanding (1.85x vs 10W Avg),25.98,Outperformed Nifty by 25.98% in 3 Months,0.96,0.59,1.85,False,False,Stage 1 Structure,Stage 1 Structure
2026-07-12,RHIM.NS,RHI MAGNESITA INDIA LIMITED,Metal Fabrication,Industrials,False,Cash,Not Sure,Not Sure,Unclear,0.0,The weekly structure does not meet reliable stage criteria.,Initial classification; no prior stage memory available.,,,,watchlist,30.32,Not Sure - Unclear,20.32,Strong,Volume Normal,Volume Normal (1.02x vs 10W Avg),7.01,Outperformed Nifty by 7.01% in 3 Months,3.87,1.5,1.02,False,False,Unclear Structure,Not Rated
2026-07-12,RITES.NS,RITES Limited,Engineering & Construction,Industrials,False,Cash,Not Sure,Not Sure,Unclear,0.0,The weekly structure does not meet reliable stage criteria.,Initial classification; no prior stage memory available.,,,,watchlist,41.56,Not Sure - Unclear,39.56,Very Strong,Volume Expanding,Volume Expanding (8.30x vs 10W Avg),4.63,Outperformed Nifty by 4.63% in 3 Months,4.39,0.21,8.3,False,False,Unclear Structure,Not Rated
2026-07-12,RKFORGE.NS,Ramkrishna Forgings Limited,Metal Fabrication,Industrials,False,Cash,Stage 1,Stage 1,Stage 1,0.64,Price is building a base around long-term weekly structure without a confirmed advancing phase.,Initial classification; no prior stage memory available.,,,,watchlist,50.62,Stage 1,40.62,Neutral,Volume Drying Up,Volume Drying Up (0.67x vs 10W Avg),3.72,Outperformed Nifty by 3.72% in 3 Months,0.64,1.61,0.67,True,True,Stage 1 Structure,Stage 1 Structure
2026-07-12,ROLEXRINGS.NS,Rolex Rings Limited,Metal Fabrication,Industrials,False,Cash,Stage 2,Stage 2,Advancing,0.8,Price is above constructive weekly and long-term trend structure with improving relative strength.,Initial classification; no prior stage memory available.,,,,watchlist,50.47,Stage 2 - Advancing,40.47,Neutral,Volume Drying Up,Volume Drying Up (0.51x vs 10W Avg),3.49,Outperformed Nifty by 3.49% in 3 Months,0.88,0.82,0.51,False,True,Stage 2 Structure,Stage 2 Structure
2026-07-12,ROSSARI.NS,Rossari Biotech Limited,Specialty Chemicals,Basic Materials,False,Cash,Not Sure,Not Sure,Unclear,0.0,The weekly structure does not meet reliable stage criteria.,Initial classification; no prior stage memory available.,,,,watchlist,36.45,Not Sure - Unclear,31.45,Neutral,Volume Drying Up,Volume Drying Up (0.28x vs 10W Avg),14.12,Outperformed Nifty by 14.12% in 3 Months,0.4,0.53,0.28,True,True,Unclear Structure,Not Rated
2026-07-12,ROSSTECH.NS,Rossell Techsys Limited,Aerospace & Defense,Industrials,False,Cash,Stage 2,Stage 2,Advancing,0.9,Price is above constructive weekly and long-term trend structure with improving relative strength.,Initial classification; no prior stage memory available.,,,,watchlist,50.05,Stage 2 - Advancing,40.05,Strong,Volume Drying Up,Volume Drying Up (0.77x vs 10W Avg),1.61,Outperformed Nifty by 1.61% in 3 Months,0.82,0.56,0.77,True,True,Stage 2 Structure,Stage 2 Structure
2026-07-12,ROUTE.NS,ROUTE MOBILE LIMITED,Telecom Services,Communication Services,False,Cash,Not Sure,Not Sure,Unclear,0.0,The weekly structure does not meet reliable stage criteria.,Initial classification; no prior stage memory available.,,,,watchlist,21.47,Not Sure - Unclear,21.47,Neutral,Volume Drying Up,Volume Drying Up (0.54x vs 10W Avg),7.74,Outperformed Nifty by 7.74% in 3 Months,1.0,0.59,0.54,False,True,Unclear Structure,Not Rated
2026-07-12,RPEL.NS,Raghav Productivity Enhancers Limited,Chemicals,Basic Materials,False,Cash,Stage 2,Stage 2,Extended,0.78,"Weekly advancing structure remains intact, but price is stretched versus key moving averages.",Initial classification; no prior stage memory available.,,,,watchlist,47.25,Stage 2 - Extended,45.25,Very Strong,Volume Drying Up,Volume Drying Up (0.48x vs 10W Avg),85.33,Outperformed Nifty by 85.33% in 3 Months,0.49,0.27,0.48,True,True,Stage 2 Structure,Stage 2 Structure
2026-07-12,RPGLIFE.NS,RPG Life Sciences Limited,Drug Manufacturers - Specialty & Generic,Healthcare,False,Cash,Stage 2,Stage 2,Extended,0.78,"Weekly advancing structure remains intact, but price is stretched versus key moving averages.",Initial classification; no prior stage memory available.,,,,watchlist,59.81,Stage 2 - Extended,49.81,Very Strong,Volume Expanding,Volume Expanding (1.52x vs 10W Avg),48.52,Outperformed Nifty by 48.52% in 3 Months,1.87,11.36,1.52,False,False,Stage 2 Structure,Stage 2 Structure
2026-07-12,RPSGVENT.NS,RPSG VENTURES LIMITED,Information Technology Services,Technology,False,Cash,Stage 3,Stage 3,Early,0.68,"Prior strength has shifted into a Stage 3 transition based on trend, relative strength, and volume evidence.",Initial classification; no prior stage memory available.,,,,watchlist,7.39,Stage 3 Early,7.39,Weak,Volume Drying Up,Volume Drying Up (0.82x vs 10W Avg),-8.57,Underperformed Nifty by 8.57% in 3 Months,0.61,0.73,0.82,True,True,Stage 3 Structure,Stage 3 Structure
2026-07-12,RPTECH.NS,Rashi Peripherals Limited,Technology,Technology,False,Cash,Stage 2,Stage 2,Extended,0.78,"Weekly advancing structure remains intact, but price is stretched versus key moving averages.",Initial classification; no prior stage memory available.,,,,watchlist,64.36,Stage 2 - Extended,54.36,Very Strong,Volume Drying Up,Volume Drying Up (0.43x vs 10W Avg),76.03,Outperformed Nifty by 76.03% in 3 Months,0.53,0.22,0.43,True,True,Stage 2 Structure,Stage 2 Structure
2026-07-12,RRKABEL.NS,R R Kabel Limited,Electrical Equipment & Parts,Industrials,False,Cash,Stage 2,Stage 2,Advancing,0.9,Price is above constructive weekly and long-term trend structure with improving relative strength.,Initial classification; no prior stage memory available.,,,,watchlist,56.94,Stage 2 - Advancing,46.94,Very Strong,Volume Drying Up,Volume Drying Up (0.41x vs 10W Avg),58.48,Outperformed Nifty by 58.48% in 3 Months,0.72,0.28,0.41,True,True,Stage 2 Structure,Stage 2 Structure
2026-07-12,RSYSTEMS.NS,R Systems International Limited,Information Technology Services,Technology,False,Cash,Stage 4,Stage 4,Stage 4,0.86,Price is below the 30-week trend and below long-term support structure.,Initial classification; no prior stage memory available.,,,,watchlist,2.9,Stage 4,2.9,Weak,Volume Expanding,Volume Expanding (3.81x vs 10W Avg),-12.16,Underperformed Nifty by 12.16% in 3 Months,2.01,3.04,3.81,False,False,Stage 4 Structure,Stage 4 Structure
2026-07-12,RTNINDIA.NS,RattanIndia Enterprises Limited,Consumer Cyclical,Consumer Cyclical,False,Cash,Stage 4,Stage 4,Stage 4,0.86,Price is below the 30-week trend and below long-term support structure.,Initial classification; no prior stage memory available.,,,,watchlist,15.49,Stage 4,15.49,Weak,Volume Drying Up,Volume Drying Up (0.44x vs 10W Avg),-4.06,Underperformed Nifty by 4.06% in 3 Months,0.68,0.3,0.44,True,True,Stage 4 Structure,Stage 4 Structure
2026-07-12,RUSTOMJEE.NS,Keystone Realtors Limited,Real Estate,Real Estate,False,Cash,Stage 4,Stage 4,Stage 4,0.86,Price is below the 30-week trend and below long-term support structure.,Initial classification; no prior stage memory available.,,,,watchlist,18.25,Stage 4,16.25,Weak,Volume Drying Up,Volume Drying Up (0.20x vs 10W Avg),3.88,Outperformed Nifty by 3.88% in 3 Months,3.97,0.15,0.2,False,True,Stage 4 Structure,Stage 4 Structure
2026-07-12,RVNL.NS,Rail Vikas Nigam Limited,Engineering & Construction,Industrials,True,F&O,Stage 4,Stage 4,Stage 4,0.86,Price is below the 30-week trend and below long-term support structure.,Initial classification; no prior stage memory available.,,,,watchlist,2.0,Stage 4,0.0,Weak,Volume Drying Up,Volume Drying Up (0.44x vs 10W Avg),-20.76,Underperformed Nifty by 20.76% in 3 Months,0.46,0.77,0.44,True,True,Stage 4 Structure,Stage 4 Structure
2026-07-12,SAFARI.NS,Safari Industries (India) Limited,Consumer Cyclical,Consumer Cyclical,False,Cash,Stage 4,Stage 4,Stage 4,0.86,Price is below the 30-week trend and below long-term support structure.,Initial classification; no prior stage memory available.,,,,watchlist,26.6,Stage 4,26.6,Weak,Volume Drying Up,Volume Drying Up (0.67x vs 10W Avg),4.83,Outperformed Nifty by 4.83% in 3 Months,0.64,0.19,0.67,True,True,Stage 4 Structure,Stage 4 Structure
2026-07-12,SAGILITY.NS,SAGILITY LIMITED,Healthcare,Healthcare,False,Cash,Stage 4,Stage 4,Stage 4,0.66,Price is below weekly structure.,Initial classification; no prior stage memory available.,,,,watchlist,11.41,Stage 4,11.41,Weak,Volume Expanding,Volume Expanding (1.83x vs 10W Avg),-2.49,Underperformed Nifty by 2.49% in 3 Months,1.5,2.49,1.83,False,False,Stage 4 Structure,Stage 4 Structure
2026-07-12,SAIL.NS,Steel Authority of India Limited,Steel,Basic Materials,True,F&O,Stage 2,Stage 2,Advancing,0.8,Price is above constructive weekly and long-term trend structure with improving relative strength.,Initial classification; no prior stage memory available.,,,,watchlist,35.16,Stage 2 - Advancing,30.16,Neutral,Volume Drying Up,Volume Drying Up (0.45x vs 10W Avg),-1.22,Underperformed Nifty by 1.22% in 3 Months,0.78,0.68,0.45,True,True,Stage 2 Structure,Stage 2 Structure
2026-07-12,SAILIFE.NS,Sai Life Sciences Limited,Diagnostics & Research,Healthcare,False,Cash,Stage 2,Stage 2,Advancing,0.9,Price is above constructive weekly and long-term trend structure with improving relative strength.,Initial classification; no prior stage memory available.,,,,watchlist,65.1,Stage 2 - Advancing,60.1,Very Strong,Volume Drying Up,Volume Drying Up (0.58x vs 10W Avg),27.09,Outperformed Nifty by 27.09% in 3 Months,0.71,2.09,0.58,True,True,Stage 2 Structure,Stage 2 Structure
2026-07-12,SAMHI.NS,Samhi Hotels Limited,Lodging,Consumer Cyclical,False,Cash,Not Sure,Not Sure,Unclear,0.0,The weekly structure does not meet reliable stage criteria.,Initial classification; no prior stage memory available.,,,,watchlist,34.12,Not Sure - Unclear,34.12,Strong,Volume Drying Up,Volume Drying Up (0.54x vs 10W Avg),5.67,Outperformed Nifty by 5.67% in 3 Months,0.6,0.5,0.54,True,True,Unclear Structure,Not Rated
2026-07-12,SAMMAANCAP.NS,Sammaan Capital Limited,Mortgage Finance,Financial Services,True,F&O,Stage 2,Stage 2,Advancing,0.8,Price is above constructive weekly and long-term trend structure with improving relative strength.,Initial classification; no prior stage memory available.,,,,watchlist,52.77,Stage 2 - Advancing,50.77,Neutral,Volume Drying Up,Volume Drying Up (0.55x vs 10W Avg),4.59,Outperformed Nifty by 4.59% in 3 Months,0.95,0.52,0.55,False,True,Stage 2 Structure,Stage 2 Structure
2026-07-12,SANATHAN.NS,Sanathan Textiles Limited,Textile Manufacturing,Consumer Cyclical,False,Cash,Not Sure,Not Sure,Unclear,0.0,The weekly structure does not meet reliable stage criteria.,Initial classification; no prior stage memory available.,,,,watchlist,44.84,Not Sure - Unclear,34.84,Strong,Volume Normal,Volume Normal (1.10x vs 10W Avg),4.95,Outperformed Nifty by 4.95% in 3 Months,0.96,0.94,1.1,False,False,Unclear Structure,Not Rated
2026-07-12,SANDHAR.NS,Sandhar Technologies Limited,Auto Parts,Consumer Cyclical,False,Cash,Stage 2,Stage 2,Advancing,0.9,Price is above constructive weekly and long-term trend structure with improving relative strength.,Initial classification; no prior stage memory available.,,,,watchlist,38.84,Stage 2 - Advancing,36.84,Very Strong,Volume Drying Up,Volume Drying Up (0.29x vs 10W Avg),32.78,Outperformed Nifty by 32.78% in 3 Months,0.45,0.26,0.29,True,True,Stage 2 Structure,Stage 2 Structure
2026-07-12,SANDUMA.NS,Sandur Manganese & Iron Ores Limited,Steel,Basic Materials,False,Cash,Stage 1,Stage 1,Stage 1,0.64,Price is building a base around long-term weekly structure without a confirmed advancing phase.,Initial classification; no prior stage memory available.,,,,watchlist,18.61,Stage 1,13.61,Weak,Volume Drying Up,Volume Drying Up (0.46x vs 10W Avg),-3.75,Underperformed Nifty by 3.75% in 3 Months,0.47,1.16,0.46,True,True,Stage 1 Structure,Stage 1 Structure
2026-07-12,SANGAMIND.NS,Sangam (India) Limited,Textile Manufacturing,Consumer Cyclical,False,Cash,Stage 2,Stage 2,Advancing,0.9,Price is above constructive weekly and long-term trend structure with improving relative strength.,Initial classification; no prior stage memory available.,,,,watchlist,49.65,Stage 2 - Advancing,39.65,Very Strong,Volume Normal,Volume Normal (1.28x vs 10W Avg),23.56,Outperformed Nifty by 23.56% in 3 Months,0.97,0.31,1.28,False,False,Stage 2 Structure,Stage 2 Structure
2026-07-12,SANGHVIMOV.NS,Sanghvi Movers Limited,Industrials,Industrials,False,Cash,Stage 2,Stage 2,Extended,0.78,"Weekly advancing structure remains intact, but price is stretched versus key moving averages.",Initial classification; no prior stage memory available.,,,,watchlist,50.65,Stage 2 - Extended,50.65,Very Strong,Volume Drying Up,Volume Drying Up (0.69x vs 10W Avg),48.04,Outperformed Nifty by 48.04% in 3 Months,0.75,0.57,0.69,True,True,Stage 2 Structure,Stage 2 Structure
2026-07-12,SANOFI.NS,Sanofi India Limited,Drug Manufacturers - General,Healthcare,False,Cash,Stage 4,Stage 4,Stage 4,0.86,Price is below the 30-week trend and below long-term support structure.,Initial classification; no prior stage memory available.,,,,watchlist,24.58,Stage 4,19.58,Weak,Volume Expanding,Volume Normal (1.10x vs 10W Avg),-3.86,Underperformed Nifty by 3.86% in 3 Months,0.92,2.93,1.1,False,False,Stage 4 Structure,Stage 4 Structure
2026-07-12,SANOFICONR.NS,Sanofi Consumer Healthcare India Limited,Drug Manufacturers - General,Healthcare,False,Cash,Stage 3,Stage 3,Early,0.68,"Prior strength has shifted into a Stage 3 transition based on trend, relative strength, and volume evidence.",Initial classification; no prior stage memory available.,,,,watchlist,33.04,Stage 3 Early,28.04,Neutral,Volume Drying Up,Volume Drying Up (0.81x vs 10W Avg),-3.16,Underperformed Nifty by 3.16% in 3 Months,1.05,0.2,0.81,False,True,Stage 3 Structure,Stage 3 Structure
2026-07-12,SANSERA.NS,Sansera Engineering Limited,Auto Parts,Consumer Cyclical,False,Cash,Stage 2,Stage 2,Extended,0.78,"Weekly advancing structure remains intact, but price is stretched versus key moving averages.",Initial classification; no prior stage memory available.,,,,watchlist,46.38,Stage 2 - Extended,44.38,Very Strong,Volume Drying Up,Volume Drying Up (0.85x vs 10W Avg),39.33,Outperformed Nifty by 39.33% in 3 Months,0.75,1.13,0.85,True,True,Stage 2 Structure,Stage 2 Structure
2026-07-12,SAPPHIRE.NS,Sapphire Foods India Limited,Consumer Cyclical,Consumer Cyclical,False,Cash,Stage 4,Stage 4,Stage 4,0.86,Price is below the 30-week trend and below long-term support structure.,Initial classification; no prior stage memory available.,,,,watchlist,16.56,Stage 4,16.56,Weak,Volume Drying Up,Volume Drying Up (0.19x vs 10W Avg),2.17,Outperformed Nifty by 2.17% in 3 Months,0.32,0.15,0.19,True,True,Stage 4 Structure,Stage 4 Structure
2026-07-12,SARDAEN.NS,Sarda Energy & Minerals Limited,Steel,Basic Materials,False,Cash,Stage 3,Stage 3,Early,0.68,"Prior strength has shifted into a Stage 3 transition based on trend, relative strength, and volume evidence.",Initial classification; no prior stage memory available.,,,,watchlist,16.65,Stage 3 Early,11.65,Weak,Volume Drying Up,Volume Drying Up (0.43x vs 10W Avg),-15.94,Underperformed Nifty by 15.94% in 3 Months,0.72,0.63,0.43,True,True,Stage 3 Structure,Stage 3 Structure
2026-07-12,SAREGAMA.NS,Saregama India Limited,Communication Services,Communication Services,False,Cash,Stage 2,Stage 2,Advancing,0.8,Price is above constructive weekly and long-term trend structure with improving relative strength.,Initial classification; no prior stage memory available.,,,,watchlist,59.6,Stage 2 - Advancing,59.6,Very Strong,Volume Drying Up,Volume Drying Up (0.13x vs 10W Avg),38.18,Outperformed Nifty by 38.18% in 3 Months,0.15,0.21,0.13,True,True,Stage 2 Structure,Stage 2 Structure
2026-07-12,SBCL.NS,Shivalik Bimetal Controls Limited,Metal Fabrication,Industrials,False,Cash,Stage 2,Stage 2,Advancing,0.9,Price is above constructive weekly and long-term trend structure with improving relative strength.,Initial classification; no prior stage memory available.,,,,watchlist,44.88,Stage 2 - Advancing,34.88,Very Strong,Volume Normal,Volume Normal (1.20x vs 10W Avg),42.32,Outperformed Nifty by 42.32% in 3 Months,1.22,0.42,1.2,False,False,Stage 2 Structure,Stage 2 Structure
2026-07-12,SBFC.NS,SBFC Finance Limited,Credit Services,Financial Services,False,Cash,Stage 4,Stage 4,Stage 4,0.66,Price is below weekly structure.,Initial classification; no prior stage memory available.,,,,watchlist,17.88,Stage 4,12.88,Weak,Volume Expanding,Volume Expanding (1.72x vs 10W Avg),-5.35,Underperformed Nifty by 5.35% in 3 Months,1.12,3.61,1.72,False,False,Stage 4 Structure,Stage 4 Structure
2026-07-12,SBICARD.NS,SBI Cards and Payment Services Limited,Credit Services,Financial Services,True,F&O,Stage 4,Stage 4,Stage 4,0.86,Price is below the 30-week trend and below long-term support structure.,Initial classification; no prior stage memory available.,,,,watchlist,6.88,Stage 4,1.88,Weak,Volume Drying Up,Volume Drying Up (0.65x vs 10W Avg),-12.46,Underperformed Nifty by 12.46% in 3 Months,0.96,1.01,0.65,False,True,Stage 4 Structure,Stage 4 Structure
2026-07-12,SBILIFE.NS,SBI Life Insurance Company Limited,Insurance - Life,Financial Services,True,F&O,Stage 1,Stage 1,Stage 1,0.64,Price is building a base around long-term weekly structure without a confirmed advancing phase.,Initial classification; no prior stage memory available.,,,,watchlist,34.81,Stage 1,34.81,Weak,Volume Normal,Volume Normal (1.08x vs 10W Avg),-7.3,Underperformed Nifty by 7.3% in 3 Months,1.28,0.77,1.08,False,False,Stage 1 Structure,Stage 1 Structure
2026-07-12,SBIN.NS,State Bank of India,Banks - Regional,Financial Services,True,F&O,Stage 2,Stage 2,Advancing,0.8,Price is above constructive weekly and long-term trend structure with improving relative strength.,Initial classification; no prior stage memory available.,,,,watchlist,53.24,Stage 2 - Advancing,51.24,Neutral,Volume Drying Up,Volume Drying Up (0.69x vs 10W Avg),-3.39,Underperformed Nifty by 3.39% in 3 Months,0.74,0.67,0.69,True,True,Stage 2 Structure,Stage 2 Structure
2026-07-12,SCHAEFFLER.NS,Schaeffler India Limited,Auto Parts,Consumer Cyclical,False,Cash,Stage 1,Stage 1,Stage 1,0.64,Price is building a base around long-term weekly structure without a confirmed advancing phase.,Initial classification; no prior stage memory available.,,,,watchlist,43.27,Stage 1,41.27,Neutral,Volume Drying Up,Volume Drying Up (0.41x vs 10W Avg),2.64,Outperformed Nifty by 2.64% in 3 Months,0.63,0.42,0.41,True,True,Stage 1 Structure,Stage 1 Structure
2026-07-12,SCI.NS,Shipping Corporation Of India Limited,Marine Shipping,Industrials,False,Cash,Stage 2,Stage 2,Advancing,0.8,Price is above constructive weekly and long-term trend structure with improving relative strength.,Initial classification; no prior stage memory available.,,,,watchlist,35.82,Stage 2 - Advancing,30.82,Strong,Volume Drying Up,Volume Drying Up (0.34x vs 10W Avg),10.64,Outperformed Nifty by 10.64% in 3 Months,0.35,0.38,0.34,True,True,Stage 2 Structure,Stage 2 Structure
2026-07-12,SEAMECLTD.NS,Seamec Limited,Marine Shipping,Industrials,False,Cash,Stage 3,Stage 3,Early,0.68,"Prior strength has shifted into a Stage 3 transition based on trend, relative strength, and volume evidence.",Initial classification; no prior stage memory available.,,,,watchlist,13.01,Stage 3 Early,8.01,Weak,Volume Drying Up,Volume Drying Up (0.27x vs 10W Avg),-7.75,Underperformed Nifty by 7.75% in 3 Months,0.34,0.24,0.27,True,True,Stage 3 Structure,Stage 3 Structure
2026-07-12,SENCO.NS,Senco Gold Limited,Luxury Goods,Consumer Cyclical,False,Cash,Stage 2,Stage 2,Advancing,0.8,Price is above constructive weekly and long-term trend structure with improving relative strength.,Initial classification; no prior stage memory available.,,,,watchlist,55.61,Stage 2 - Advancing,45.61,Strong,Volume Expanding,Volume Expanding (4.50x vs 10W Avg),9.17,Outperformed Nifty by 9.17% in 3 Months,1.78,4.36,4.5,False,False,Stage 2 Structure,Stage 2 Structure
2026-07-12,SENORES.NS,Senores Pharmaceuticals Limited,Drug Manufacturers - General,Healthcare,False,Cash,Stage 2,Stage 2,Extended,0.78,"Weekly advancing structure remains intact, but price is stretched versus key moving averages.",Initial classification; no prior stage memory available.,,,,watchlist,49.08,Stage 2 - Extended,44.08,Very Strong,Volume Drying Up,Volume Drying Up (0.78x vs 10W Avg),64.23,Outperformed Nifty by 64.23% in 3 Months,0.68,0.48,0.78,True,True,Stage 2 Structure,Stage 2 Structure
2026-07-12,SETL.NS,Standard Engineering Technology Limited,Specialty Industrial Machinery,Industrials,False,Cash,Stage 2,Stage 2,Extended,0.78,"Weekly advancing structure remains intact, but price is stretched versus key moving averages.",Initial classification; no prior stage memory available.,,,,watchlist,38.1,Stage 2 - Extended,28.1,Very Strong,Volume Normal,Volume Normal (1.39x vs 10W Avg),118.44,Outperformed Nifty by 118.44% in 3 Months,2.06,0.52,1.39,False,False,Stage 2 Structure,Stage 2 Structure
2026-07-12,SFL.NS,Sheela Foam Limited,"Furnishings, Fixtures & Appliances",Consumer Cyclical,False,Cash,Stage 2,Stage 2,Extended,0.78,"Weekly advancing structure remains intact, but price is stretched versus key moving averages.",Initial classification; no prior stage memory available.,,,,watchlist,66.02,Stage 2 - Extended,66.02,Very Strong,Volume Drying Up,Volume Drying Up (0.56x vs 10W Avg),40.98,Outperformed Nifty by 40.98% in 3 Months,0.47,0.64,0.56,True,True,Stage 2 Structure,Stage 2 Structure
2026-07-12,SHAILY.NS,Shaily Engineering Plastics Limited,Specialty Chemicals,Basic Materials,False,Cash,Stage 3,Stage 3,Late,0.76,"Prior strength has shifted into a Stage 3 transition based on trend, relative strength, and volume evidence.",Initial classification; no prior stage memory available.,,,,watchlist,5.62,Stage 3 Late,0.62,Strong,Volume Drying Up,Volume Normal (1.02x vs 10W Avg),45.19,Outperformed Nifty by 45.19% in 3 Months,0.85,0.71,1.02,True,False,Stage 3 Structure,Stage 3 Structure
2026-07-12,SHAKTIPUMP.NS,Shakti Pumps (India) Limited,Specialty Industrial Machinery,Industrials,False,Cash,Not Sure,Not Sure,Unclear,0.0,The weekly structure does not meet reliable stage criteria.,Initial classification; no prior stage memory available.,,,,watchlist,31.53,Not Sure - Unclear,21.53,Neutral,Volume Expanding,Volume Expanding (4.18x vs 10W Avg),7.5,Outperformed Nifty by 7.5% in 3 Months,1.91,0.46,4.18,False,False,Unclear Structure,Not Rated
2026-07-12,SHANTIGEAR.NS,Shanthi Gears Limited,Specialty Industrial Machinery,Industrials,False,Cash,Stage 4,Stage 4,Stage 4,0.86,Price is below the 30-week trend and below long-term support structure.,Initial classification; no prior stage memory available.,,,,watchlist,19.94,Stage 4,9.94,Weak,Volume Normal,Volume Normal (0.99x vs 10W Avg),-6.94,Underperformed Nifty by 6.94% in 3 Months,0.86,0.84,0.99,False,False,Stage 4 Structure,Stage 4 Structure
2026-07-12,SHARDACROP.NS,Sharda Cropchem Limited,Agricultural Inputs,Basic Materials,False,Cash,Stage 3,Stage 3,Early,0.68,"Prior strength has shifted into a Stage 3 transition based on trend, relative strength, and volume evidence.",Initial classification; no prior stage memory available.,,,,watchlist,17.79,Stage 3 Early,17.79,Weak,Volume Drying Up,Volume Drying Up (0.41x vs 10W Avg),-14.16,Underperformed Nifty by 14.16% in 3 Months,0.39,1.2,0.41,True,True,Stage 3 Structure,Stage 3 Structure
2026-07-12,SHARDAMOTR.NS,Sharda Motor Industries Limited,Auto Parts,Consumer Cyclical,False,Cash,Not Sure,Not Sure,Unclear,0.0,The weekly structure does not meet reliable stage criteria.,Initial classification; no prior stage memory available.,,,,watchlist,31.53,Not Sure - Unclear,29.53,Strong,Volume Drying Up,Volume Drying Up (0.47x vs 10W Avg),0.59,Outperformed Nifty by 0.59% in 3 Months,0.79,0.66,0.47,True,True,Unclear Structure,Not Rated
2026-07-12,SHAREINDIA.NS,Share India Securities Limited,Capital Markets,Financial Services,False,Cash,Not Sure,Not Sure,Unclear,0.0,The weekly structure does not meet reliable stage criteria.,Initial classification; no prior stage memory available.,,,,watchlist,41.81,Not Sure - Unclear,41.81,Very Strong,Volume Expanding,Volume Expanding (70.54x vs 10W Avg),20.03,Outperformed Nifty by 20.03% in 3 Months,4.48,1.03,70.54,False,False,Unclear Structure,Not Rated
2026-07-12,SHILPAMED.NS,Shilpa Medicare Limited,Drug Manufacturers - Specialty & Generic,Healthcare,False,Cash,Stage 2,Stage 2,Extended,0.78,"Weekly advancing structure remains intact, but price is stretched versus key moving averages.",Initial classification; no prior stage memory available.,,,,watchlist,61.82,Stage 2 - Extended,51.82,Very Strong,Volume Drying Up,Volume Drying Up (0.58x vs 10W Avg),49.6,Outperformed Nifty by 49.6% in 3 Months,1.05,0.46,0.58,False,True,Stage 2 Structure,Stage 2 Structure
2026-07-12,SHOPERSTOP.NS,Shoppers Stop Limited,Consumer Cyclical,Consumer Cyclical,False,Cash,Not Sure,Not Sure,Unclear,0.0,The weekly structure does not meet reliable stage criteria.,Initial classification; no prior stage memory available.,,,,watchlist,7.57,Not Sure - Unclear,7.57,Strong,Volume Expanding,Volume Expanding (5.74x vs 10W Avg),20.08,Outperformed Nifty by 20.08% in 3 Months,1.93,68.4,5.74,False,False,Unclear Structure,Not Rated
2026-07-12,SHREECEM.NS,SHREE CEMENT LIMITED,Building Materials,Basic Materials,True,F&O,Not Sure,Not Sure,Unclear,0.0,The weekly structure does not meet reliable stage criteria.,Initial classification; no prior stage memory available.,,,,watchlist,40.68,Not Sure - Unclear,40.68,Very Strong,Volume Drying Up,Volume Drying Up (0.38x vs 10W Avg),4.79,Outperformed Nifty by 4.79% in 3 Months,0.95,0.21,0.38,False,True,Unclear Structure,Not Rated
2026-07-12,SHRIPISTON.NS,Shriram Pistons & Rings Limited,Auto Parts,Consumer Cyclical,False,Cash,Stage 2,Stage 2,Extended,0.78,"Weekly advancing structure remains intact, but price is stretched versus key moving averages.",Initial classification; no prior stage memory available.,,,,watchlist,33.67,Stage 2 - Extended,31.67,Very Strong,Volume Drying Up,Volume Drying Up (0.51x vs 10W Avg),14.22,Outperformed Nifty by 14.22% in 3 Months,1.02,0.38,0.51,False,True,Stage 2 Structure,Stage 2 Structure
2026-07-12,SHRIRAMFIN.NS,Shriram Finance Limited,Credit Services,Financial Services,True,F&O,Stage 2,Stage 2,Advancing,0.8,Price is above constructive weekly and long-term trend structure with improving relative strength.,Initial classification; no prior stage memory available.,,,,watchlist,69.67,Stage 2 - Advancing,64.67,Strong,Volume Normal,Volume Normal (0.88x vs 10W Avg),1.03,Outperformed Nifty by 1.03% in 3 Months,0.99,0.47,0.88,False,True,Stage 2 Structure,Stage 2 Structure
2026-07-12,SHYAMMETL.NS,Shyam Metalics and Energy Limited,Steel,Basic Materials,False,Cash,Stage 2,Stage 2,Advancing,0.8,Price is above constructive weekly and long-term trend structure with improving relative strength.,Initial classification; no prior stage memory available.,,,,watchlist,60.83,Stage 2 - Advancing,55.83,Very Strong,Volume Drying Up,Volume Drying Up (0.76x vs 10W Avg),11.4,Outperformed Nifty by 11.4% in 3 Months,0.66,0.57,0.76,True,True,Stage 2 Structure,Stage 2 Structure
2026-07-12,SIEMENS.NS,Siemens Limited,Specialty Industrial Machinery,Industrials,True,F&O,Stage 3,Stage 3,Early,0.68,"Prior strength has shifted into a Stage 3 transition based on trend, relative strength, and volume evidence.",Initial classification; no prior stage memory available.,,,,watchlist,44.8,Stage 3 Early,34.8,Neutral,Volume Drying Up,Volume Drying Up (0.76x vs 10W Avg),-4.04,Underperformed Nifty by 4.04% in 3 Months,0.75,0.55,0.76,True,True,Stage 3 Structure,Stage 3 Structure
2026-07-12,SIGNATURE.NS,Signatureglobal (India) Limited,Real Estate,Real Estate,False,Cash,Stage 4,Stage 4,Stage 4,0.86,Price is below the 30-week trend and below long-term support structure.,Initial classification; no prior stage memory available.,,,,watchlist,7.04,Stage 4,5.04,Weak,Volume Expanding,Volume Expanding (2.84x vs 10W Avg),4.4,Outperformed Nifty by 4.4% in 3 Months,1.67,1.94,2.84,False,False,Stage 4 Structure,Stage 4 Structure
2026-07-12,SIS.NS,SIS LIMITED,Industrials,Industrials,False,Cash,Stage 2,Stage 2,Advancing,0.9,Price is above constructive weekly and long-term trend structure with improving relative strength.,Initial classification; no prior stage memory available.,,,,watchlist,34.53,Stage 2 - Advancing,34.53,Very Strong,Volume Drying Up,Volume Drying Up (0.24x vs 10W Avg),41.13,Outperformed Nifty by 41.13% in 3 Months,0.43,0.19,0.24,True,True,Stage 2 Structure,Stage 2 Structure
2026-07-12,SIYSIL.NS,Siyaram Silk Mills Limited,Textile Manufacturing,Consumer Cyclical,False,Cash,Not Sure,Not Sure,Unclear,0.0,The weekly structure does not meet reliable stage criteria.,Initial classification; no prior stage memory available.,,,,watchlist,38.48,Not Sure - Unclear,28.48,Very Strong,Volume Drying Up,Volume Drying Up (0.62x vs 10W Avg),17.53,Outperformed Nifty by 17.53% in 3 Months,0.5,0.46,0.62,True,True,Unclear Structure,Not Rated
2026-07-12,SJS.NS,S.J.S. Enterprises Limited,Auto Parts,Consumer Cyclical,False,Cash,Stage 2,Stage 2,Advancing,0.9,Price is above constructive weekly and long-term trend structure with improving relative strength.,Initial classification; no prior stage memory available.,,,,watchlist,57.16,Stage 2 - Advancing,55.16,Very Strong,Volume Drying Up,Volume Normal (0.97x vs 10W Avg),23.37,Outperformed Nifty by 23.37% in 3 Months,0.82,0.98,0.97,True,False,Stage 2 Structure,Stage 2 Structure
2026-07-12,SJVN.NS,SJVN Limited,Utilities - Renewable,Utilities,False,Cash,Stage 4,Stage 4,Stage 4,0.86,Price is below the 30-week trend and below long-term support structure.,Initial classification; no prior stage memory available.,,,,watchlist,27.75,Stage 4,22.75,Weak,Volume Drying Up,Volume Drying Up (0.50x vs 10W Avg),-7.64,Underperformed Nifty by 7.64% in 3 Months,0.82,0.46,0.5,True,True,Stage 4 Structure,Stage 4 Structure
2026-07-12,SKFINDIA.NS,SKF India Limited,Tools & Accessories,Industrials,False,Cash,Stage 4,Stage 4,Stage 4,0.86,Price is below the 30-week trend and below long-term support structure.,Initial classification; no prior stage memory available.,,,,watchlist,2.0,Stage 4,2.0,Weak,Volume Normal,Volume Normal (1.40x vs 10W Avg),-4.58,Underperformed Nifty by 4.58% in 3 Months,1.43,0.89,1.4,False,False,Stage 4 Structure,Stage 4 Structure
2026-07-12,SKIPPER.NS,Skipper Limited,Engineering & Construction,Industrials,False,Cash,Stage 2,Stage 2,Advancing,0.8,Price is above constructive weekly and long-term trend structure with improving relative strength.,Initial classification; no prior stage memory available.,,,,watchlist,56.07,Stage 2 - Advancing,54.07,Very Strong,Volume Drying Up,Volume Drying Up (0.67x vs 10W Avg),41.89,Outperformed Nifty by 41.89% in 3 Months,0.81,0.43,0.67,True,True,Stage 2 Structure,Stage 2 Structure
2026-07-12,SKYGOLD.NS,SKY GOLD AND DIAMONDS LIMITED,Luxury Goods,Consumer Cyclical,False,Cash,Stage 2,Stage 2,Extended,0.78,"Weekly advancing structure remains intact, but price is stretched versus key moving averages.",Initial classification; no prior stage memory available.,,,,watchlist,44.47,Stage 2 - Extended,34.47,Very Strong,Volume Normal,Volume Normal (1.18x vs 10W Avg),46.86,Outperformed Nifty by 46.86% in 3 Months,0.93,1.03,1.18,False,False,Stage 2 Structure,Stage 2 Structure
2026-07-12,SMLMAH.NS,SML Mahindra Limited,Auto Manufacturers,Consumer Cyclical,False,Cash,Stage 2,Stage 2,Advancing,0.8,Price is above constructive weekly and long-term trend structure with improving relative strength.,Initial classification; no prior stage memory available.,,,,watchlist,59.76,Stage 2 - Advancing,59.76,Neutral,Volume Normal,Volume Normal (1.13x vs 10W Avg),-3.22,Underperformed Nifty by 3.22% in 3 Months,1.04,1.25,1.13,False,False,Stage 2 Structure,Stage 2 Structure
2026-07-12,SMSPHARMA.NS,SMS Pharmaceuticals Limited,Drug Manufacturers - General,Healthcare,False,Cash,Stage 2,Stage 2,Advancing,0.9,Price is above constructive weekly and long-term trend structure with improving relative strength.,Initial classification; no prior stage memory available.,,,,watchlist,29.71,Stage 2 - Advancing,24.71,Neutral,Volume Drying Up,Volume Drying Up (0.71x vs 10W Avg),-5.21,Underperformed Nifty by 5.21% in 3 Months,2.68,0.8,0.71,False,True,Stage 2 Structure,Stage 2 Structure
2026-07-12,SOBHA.NS,Sobha Limited,Real Estate,Real Estate,False,Cash,Not Sure,Not Sure,Unclear,0.0,The weekly structure does not meet reliable stage criteria.,Initial classification; no prior stage memory available.,,,,watchlist,46.54,Not Sure - Unclear,44.54,Very Strong,Volume Expanding,Volume Expanding (2.24x vs 10W Avg),13.08,Outperformed Nifty by 13.08% in 3 Months,1.53,2.79,2.24,False,False,Unclear Structure,Not Rated
2026-07-12,SOLARINDS.NS,Solar Industries India Limited,Specialty Chemicals,Basic Materials,True,F&O,Stage 2,Stage 2,Advancing,0.9,Price is above constructive weekly and long-term trend structure with improving relative strength.,Initial classification; no prior stage memory available.,,,,watchlist,50.66,Stage 2 - Advancing,45.66,Very Strong,Volume Normal,Volume Normal (1.14x vs 10W Avg),20.69,Outperformed Nifty by 20.69% in 3 Months,1.16,1.36,1.14,False,False,Stage 2 Structure,Stage 2 Structure
2026-07-12,SONACOMS.NS,Sona BLW Precision Forgings Limited,Auto Parts,Consumer Cyclical,True,F&O,Stage 2,Stage 2,Advancing,0.9,Price is above constructive weekly and long-term trend structure with improving relative strength.,Initial classification; no prior stage memory available.,,,,watchlist,67.25,Stage 2 - Advancing,65.25,Very Strong,Volume Normal,Volume Normal (0.93x vs 10W Avg),12.66,Outperformed Nifty by 12.66% in 3 Months,1.23,0.65,0.93,False,False,Stage 2 Structure,Stage 2 Structure
2026-07-12,SONATSOFTW.NS,Sonata Software Limited,Information Technology Services,Technology,False,Cash,Not Sure,Not Sure,Unclear,0.0,The weekly structure does not meet reliable stage criteria.,Initial classification; no prior stage memory available.,,,,watchlist,24.11,Not Sure - Unclear,24.11,Strong,Volume Drying Up,Volume Drying Up (0.46x vs 10W Avg),10.62,Outperformed Nifty by 10.62% in 3 Months,1.17,0.94,0.46,False,True,Unclear Structure,Not Rated
2026-07-12,SOTL.NS,Savita Oil Technologies Limited,Specialty Chemicals,Basic Materials,False,Cash,Stage 2,Stage 2,Extended,0.78,"Weekly advancing structure remains intact, but price is stretched versus key moving averages.",Initial classification; no prior stage memory available.,,,,watchlist,41.76,Stage 2 - Extended,36.76,Very Strong,Volume Drying Up,Volume Normal (1.22x vs 10W Avg),68.72,Outperformed Nifty by 68.72% in 3 Months,0.65,0.81,1.22,True,False,Stage 2 Structure,Stage 2 Structure
2026-07-12,SOUTHBANK.NS,The South Indian Bank Limited,Banks - Regional,Financial Services,False,Cash,Stage 2,Stage 2,Advancing,0.9,Price is above constructive weekly and long-term trend structure with improving relative strength.,Initial classification; no prior stage memory available.,,,,watchlist,62.62,Stage 2 - Advancing,60.62,Very Strong,Volume Expanding,Volume Expanding (1.98x vs 10W Avg),16.53,Outperformed Nifty by 16.53% in 3 Months,1.31,1.02,1.98,False,False,Stage 2 Structure,Stage 2 Structure
2026-07-12,SPARC.NS,Sun Pharma Advanced Research Company Limited,Drug Manufacturers - Specialty & Generic,Healthcare,False,Cash,Stage 2,Stage 2,Extended,0.78,"Weekly advancing structure remains intact, but price is stretched versus key moving averages.",Initial classification; no prior stage memory available.,,,,watchlist,63.61,Stage 2 - Extended,53.61,Very Strong,Volume Drying Up,Volume Normal (0.87x vs 10W Avg),73.67,Outperformed Nifty by 73.67% in 3 Months,0.51,0.8,0.87,True,True,Stage 2 Structure,Stage 2 Structure
2026-07-12,SPLPETRO.NS,Supreme Petrochem Limited,Specialty Chemicals,Basic Materials,False,Cash,Stage 2,Stage 2,Advancing,0.8,Price is above constructive weekly and long-term trend structure with improving relative strength.,Initial classification; no prior stage memory available.,,,,watchlist,42.34,Stage 2 - Advancing,37.34,Neutral,Volume Drying Up,Volume Drying Up (0.57x vs 10W Avg),-6.13,Underperformed Nifty by 6.13% in 3 Months,0.68,0.27,0.57,True,True,Stage 2 Structure,Stage 2 Structure
2026-07-12,SRF.NS,SRF Limited,Conglomerates,Industrials,True,F&O,Not Sure,Not Sure,Unclear,0.0,The weekly structure does not meet reliable stage criteria.,Initial classification; no prior stage memory available.,,,,watchlist,29.57,Not Sure - Unclear,27.57,Strong,Volume Drying Up,Volume Drying Up (0.58x vs 10W Avg),9.15,Outperformed Nifty by 9.15% in 3 Months,0.88,0.2,0.58,False,True,Unclear Structure,Not Rated
2026-07-12,SSWL.NS,Steel Strips Wheels Limited,Auto Parts,Consumer Cyclical,False,Cash,Stage 2,Stage 2,Advancing,0.8,Price is above constructive weekly and long-term trend structure with improving relative strength.,Initial classification; no prior stage memory available.,,,,watchlist,64.89,Stage 2 - Advancing,62.89,Very Strong,Volume Drying Up,Volume Drying Up (0.74x vs 10W Avg),12.75,Outperformed Nifty by 12.75% in 3 Months,1.19,0.49,0.74,False,True,Stage 2 Structure,Stage 2 Structure
2026-07-12,STAR.NS,Strides Pharma Science Limited,Drug Manufacturers - Specialty & Generic,Healthcare,False,Cash,Stage 2,Stage 2,Advancing,0.8,Price is above constructive weekly and long-term trend structure with improving relative strength.,Initial classification; no prior stage memory available.,,,,watchlist,47.24,Stage 2 - Advancing,37.24,Strong,Volume Drying Up,Volume Drying Up (0.54x vs 10W Avg),6.27,Outperformed Nifty by 6.27% in 3 Months,0.58,1.54,0.54,True,True,Stage 2 Structure,Stage 2 Structure
2026-07-12,STARCEMENT.NS,Star Cement Limited,Building Materials,Basic Materials,False,Cash,Stage 4,Stage 4,Stage 4,0.86,Price is below the 30-week trend and below long-term support structure.,Initial classification; no prior stage memory available.,,,,watchlist,9.53,Stage 4,9.53,Weak,Volume Drying Up,Volume Drying Up (0.55x vs 10W Avg),-8.44,Underperformed Nifty by 8.44% in 3 Months,0.56,0.4,0.55,True,True,Stage 4 Structure,Stage 4 Structure
2026-07-12,STARHEALTH.NS,Star Health and Allied Insurance Company Limited,Insurance - Life,Financial Services,False,Cash,Stage 2,Stage 2,Advancing,0.9,Price is above constructive weekly and long-term trend structure with improving relative strength.,Initial classification; no prior stage memory available.,,,,watchlist,43.56,Stage 2 - Advancing,43.56,Very Strong,Volume Drying Up,Volume Drying Up (0.64x vs 10W Avg),24.12,Outperformed Nifty by 24.12% in 3 Months,0.76,0.51,0.64,True,True,Stage 2 Structure,Stage 2 Structure
2026-07-12,STEELCAS.NS,Steelcast Limited,Steel,Basic Materials,False,Cash,Stage 2,Stage 2,Advancing,0.9,Price is above constructive weekly and long-term trend structure with improving relative strength.,Initial classification; no prior stage memory available.,,,,watchlist,50.52,Stage 2 - Advancing,45.52,Very Strong,Volume Drying Up,Volume Drying Up (0.62x vs 10W Avg),4.77,Outperformed Nifty by 4.77% in 3 Months,0.5,0.23,0.62,True,True,Stage 2 Structure,Stage 2 Structure
2026-07-12,STLTECH.NS,Sterlite Technologies Limited,Communication Equipment,Technology,False,Cash,Stage 2,Stage 2,Extended,0.78,"Weekly advancing structure remains intact, but price is stretched versus key moving averages.",Initial classification; no prior stage memory available.,,,,watchlist,37.69,Stage 2 - Extended,27.69,Strong,Volume Drying Up,Volume Drying Up (0.70x vs 10W Avg),111.22,Outperformed Nifty by 111.22% in 3 Months,0.78,0.71,0.7,True,True,Stage 2 Structure,Stage 2 Structure
2026-07-12,STYLAMIND.NS,Stylam Industries Limited,"Furnishings, Fixtures & Appliances",Consumer Cyclical,False,Cash,Stage 2,Stage 2,Advancing,0.9,Price is above constructive weekly and long-term trend structure with improving relative strength.,Initial classification; no prior stage memory available.,,,,watchlist,52.83,Stage 2 - Advancing,52.83,Very Strong,Volume Drying Up,Volume Drying Up (0.83x vs 10W Avg),44.14,Outperformed Nifty by 44.14% in 3 Months,0.57,2.31,0.83,True,True,Stage 2 Structure,Stage 2 Structure
2026-07-12,STYLEBAAZA.NS,Baazar Style Retail Limited,Consumer Cyclical,Consumer Cyclical,False,Cash,Stage 4,Stage 4,Stage 4,0.86,Price is below the 30-week trend and below long-term support structure.,Initial classification; no prior stage memory available.,,,,watchlist,0.0,Stage 4,0.0,Weak,Volume Drying Up,Volume Drying Up (0.46x vs 10W Avg),-2.51,Underperformed Nifty by 2.51% in 3 Months,0.74,0.96,0.46,True,True,Stage 4 Structure,Stage 4 Structure
2026-07-12,STYRENIX.NS,Styrenix Performance Materials Limited,Chemicals,Basic Materials,False,Cash,Stage 3,Stage 3,Early,0.68,"Prior strength has shifted into a Stage 3 transition based on trend, relative strength, and volume evidence.",Initial classification; no prior stage memory available.,,,,watchlist,13.14,Stage 3 Early,11.14,Neutral,Volume Drying Up,Volume Drying Up (0.74x vs 10W Avg),0.89,Outperformed Nifty by 0.89% in 3 Months,0.71,1.41,0.74,True,True,Stage 3 Structure,Stage 3 Structure
2026-07-12,SUBROS.NS,Subros Limited,Auto Parts,Consumer Cyclical,False,Cash,Not Sure,Not Sure,Unclear,0.0,The weekly structure does not meet reliable stage criteria.,Initial classification; no prior stage memory available.,,,,watchlist,34.75,Not Sure - Unclear,32.75,Strong,Volume Drying Up,Volume Drying Up (0.20x vs 10W Avg),4.29,Outperformed Nifty by 4.29% in 3 Months,0.28,0.09,0.2,True,True,Unclear Structure,Not Rated
2026-07-12,SUDARSCHEM.NS,Sudarshan Chemical Industries Limited,Specialty Chemicals,Basic Materials,False,Cash,Not Sure,Not Sure,Unclear,0.0,The weekly structure does not meet reliable stage criteria.,Initial classification; no prior stage memory available.,,,,watchlist,20.18,Not Sure - Unclear,15.18,Strong,Volume Expanding,Volume Expanding (1.91x vs 10W Avg),22.62,Outperformed Nifty by 22.62% in 3 Months,1.1,3.15,1.91,False,False,Unclear Structure,Not Rated
2026-07-12,SUMICHEM.NS,Sumitomo Chemical India Limited,Agricultural Inputs,Basic Materials,False,Cash,Stage 1,Stage 1,Stage 1,0.68,Price is building a base around long-term weekly structure without a confirmed advancing phase.,Initial classification; no prior stage memory available.,,,,watchlist,44.57,Stage 1,44.57,Very Strong,Volume Normal,Volume Normal (1.50x vs 10W Avg),17.93,Outperformed Nifty by 17.93% in 3 Months,3.54,1.56,1.5,False,False,Stage 1 Structure,Stage 1 Structure
2026-07-12,SUNCLAY.NS,Sundaram Clayton Limited,Metal Fabrication,Industrials,False,Cash,Stage 3,Stage 3,Early,0.68,"Prior strength has shifted into a Stage 3 transition based on trend, relative strength, and volume evidence.",Initial classification; no prior stage memory available.,,,,watchlist,34.38,Stage 3 Early,24.38,Neutral,Volume Drying Up,Volume Drying Up (0.49x vs 10W Avg),-1.44,Underperformed Nifty by 1.44% in 3 Months,0.89,0.85,0.49,False,True,Stage 3 Structure,Stage 3 Structure
2026-07-12,SUNDARMFIN.NS,Sundaram Finance Limited,Credit Services,Financial Services,False,Cash,Stage 1,Stage 1,Stage 1,0.64,Price is building a base around long-term weekly structure without a confirmed advancing phase.,Initial classification; no prior stage memory available.,,,,watchlist,27.86,Stage 1,22.86,Weak,Volume Normal,Volume Normal (1.27x vs 10W Avg),-8.24,Underperformed Nifty by 8.24% in 3 Months,1.15,1.45,1.27,False,False,Stage 1 Structure,Stage 1 Structure
2026-07-12,SUNDRMFAST.NS,Sundram Fasteners Limited,Auto Parts,Consumer Cyclical,False,Cash,Not Sure,Not Sure,Unclear,0.0,The weekly structure does not meet reliable stage criteria.,Initial classification; no prior stage memory available.,,,,watchlist,45.51,Not Sure - Unclear,43.51,Very Strong,Volume Normal,Volume Normal (1.01x vs 10W Avg),15.29,Outperformed Nifty by 15.29% in 3 Months,1.52,0.4,1.01,False,False,Unclear Structure,Not Rated
2026-07-12,SUNFLAG.NS,Sunflag Iron And Steel Company Limited,Steel,Basic Materials,False,Cash,Stage 2,Stage 2,Advancing,0.8,Price is above constructive weekly and long-term trend structure with improving relative strength.,Initial classification; no prior stage memory available.,,,,watchlist,34.06,Stage 2 - Advancing,29.06,Strong,Volume Drying Up,Volume Drying Up (0.15x vs 10W Avg),26.88,Outperformed Nifty by 26.88% in 3 Months,0.17,0.44,0.15,True,True,Stage 2 Structure,Stage 2 Structure
2026-07-12,SUNPHARMA.NS,Sun Pharmaceutical Industries Limited,Drug Manufacturers - Specialty & Generic,Healthcare,True,F&O,Stage 1,Stage 1,Stage 1,0.68,Price is building a base around long-term weekly structure without a confirmed advancing phase.,Initial classification; no prior stage memory available.,,,,watchlist,59.63,Stage 1,49.63,Very Strong,Volume Drying Up,Volume Drying Up (0.72x vs 10W Avg),12.56,Outperformed Nifty by 12.56% in 3 Months,0.86,0.61,0.72,False,True,Stage 1 Structure,Stage 1 Structure
2026-07-12,SUNTECK.NS,Sunteck Realty Limited,Real Estate,Real Estate,False,Cash,Stage 4,Stage 4,Stage 4,0.86,Price is below the 30-week trend and below long-term support structure.,Initial classification; no prior stage memory available.,,,,watchlist,15.28,Stage 4,13.28,Weak,Volume Expanding,Volume Expanding (1.71x vs 10W Avg),-2.26,Underperformed Nifty by 2.26% in 3 Months,1.08,0.97,1.71,False,False,Stage 4 Structure,Stage 4 Structure
2026-07-12,SUNTV.NS,Sun TV Network Limited,Communication Services,Communication Services,False,Cash,Stage 4,Stage 4,Stage 4,0.66,Price is below weekly structure.,Initial classification; no prior stage memory available.,,,,watchlist,1.12,Stage 4,1.12,Weak,Volume Drying Up,Volume Drying Up (0.37x vs 10W Avg),-21.29,Underperformed Nifty by 21.29% in 3 Months,0.58,0.52,0.37,True,True,Stage 4 Structure,Stage 4 Structure
2026-07-12,SUPRAJIT.NS,Suprajit Engineering Limited,Auto Parts,Consumer Cyclical,False,Cash,Stage 2,Stage 2,Advancing,0.8,Price is above constructive weekly and long-term trend structure with improving relative strength.,Initial classification; no prior stage memory available.,,,,watchlist,65.03,Stage 2 - Advancing,63.03,Very Strong,Volume Expanding,Volume Expanding (1.51x vs 10W Avg),21.85,Outperformed Nifty by 21.85% in 3 Months,0.87,1.33,1.51,False,False,Stage 2 Structure,Stage 2 Structure
2026-07-12,SUPREMEIND.NS,Supreme Industries Limited,Building Products & Equipment,Industrials,True,F&O,Stage 4,Stage 4,Stage 4,0.86,Price is below the 30-week trend and below long-term support structure.,Initial classification; no prior stage memory available.,,,,watchlist,19.53,Stage 4,17.53,Weak,Volume Normal,Volume Normal (0.96x vs 10W Avg),-14.54,Underperformed Nifty by 14.54% in 3 Months,1.6,0.83,0.96,False,False,Stage 4 Structure,Stage 4 Structure
2026-07-12,SUPRIYA.NS,Supriya Lifescience Limited,Biotechnology,Healthcare,False,Cash,Stage 2,Stage 2,Advancing,0.8,Price is above constructive weekly and long-term trend structure with improving relative strength.,Initial classification; no prior stage memory available.,,,,watchlist,32.72,Stage 2 - Advancing,27.72,Strong,Volume Expanding,Volume Expanding (1.61x vs 10W Avg),32.69,Outperformed Nifty by 32.69% in 3 Months,1.09,0.26,1.61,False,False,Stage 2 Structure,Stage 2 Structure
2026-07-12,SURYAROSNI.NS,Surya Roshni Limited,Steel,Basic Materials,False,Cash,Stage 1,Stage 1,Stage 1,0.68,Price is building a base around long-term weekly structure without a confirmed advancing phase.,Initial classification; no prior stage memory available.,,,,watchlist,40.32,Stage 1,35.32,Neutral,Volume Drying Up,Volume Drying Up (0.63x vs 10W Avg),7.5,Outperformed Nifty by 7.5% in 3 Months,0.55,0.69,0.63,True,True,Stage 1 Structure,Stage 1 Structure
2026-07-12,SUVEN.NS,Suven Life Sciences Limited,Drug Manufacturers - Specialty & Generic,Healthcare,False,Cash,Stage 2,Stage 2,Extended,0.78,"Weekly advancing structure remains intact, but price is stretched versus key moving averages.",Initial classification; no prior stage memory available.,,,,watchlist,57.72,Stage 2 - Extended,47.72,Very Strong,Volume Normal,Volume Normal (1.05x vs 10W Avg),84.64,Outperformed Nifty by 84.64% in 3 Months,1.31,1.66,1.05,False,False,Stage 2 Structure,Stage 2 Structure
2026-07-12,SUZLON.NS,Suzlon Energy Limited,Specialty Industrial Machinery,Industrials,True,F&O,Stage 2,Stage 2,Advancing,0.8,Price is above constructive weekly and long-term trend structure with improving relative strength.,Initial classification; no prior stage memory available.,,,,watchlist,41.36,Stage 2 - Advancing,31.36,Strong,Volume Drying Up,Volume Drying Up (0.59x vs 10W Avg),7.93,Outperformed Nifty by 7.93% in 3 Months,0.74,0.47,0.59,True,True,Stage 2 Structure,Stage 2 Structure
2026-07-12,SWANCORP.NS,SWAN CORP LIMITED,Conglomerates,Industrials,False,Cash,Stage 4,Stage 4,Stage 4,0.86,Price is below the 30-week trend and below long-term support structure.,Initial classification; no prior stage memory available.,,,,watchlist,15.03,Stage 4,13.03,Weak,Volume Expanding,Volume Expanding (2.20x vs 10W Avg),-5.73,Underperformed Nifty by 5.73% in 3 Months,1.27,0.55,2.2,False,False,Stage 4 Structure,Stage 4 Structure
2026-07-12,SWARAJENG.NS,Swaraj Engines Limited,Auto Parts,Consumer Cyclical,False,Cash,Stage 1,Stage 1,Stage 1,0.64,Price is building a base around long-term weekly structure without a confirmed advancing phase.,Initial classification; no prior stage memory available.,,,,watchlist,26.67,Stage 1,24.67,Neutral,Volume Normal,Volume Normal (1.03x vs 10W Avg),-2.41,Underperformed Nifty by 2.41% in 3 Months,1.77,0.47,1.03,False,False,Stage 1 Structure,Stage 1 Structure
2026-07-12,SWIGGY.NS,Swiggy Limited,Consumer Cyclical,Consumer Cyclical,True,F&O,Stage 4,Stage 4,Stage 4,0.86,Price is below the 30-week trend and below long-term support structure.,Initial classification; no prior stage memory available.,,,,watchlist,20.28,Stage 4,20.28,Weak,Volume Expanding,Volume Expanding (3.01x vs 10W Avg),-1.45,Underperformed Nifty by 1.45% in 3 Months,1.63,1.7,3.01,False,False,Stage 4 Structure,Stage 4 Structure
2026-07-12,SWSOLAR.NS,Sterling and Wilson Renewable Energy Limited,Solar,Technology,False,Cash,Stage 1,Stage 1,Stage 1,0.68,Price is building a base around long-term weekly structure without a confirmed advancing phase.,Initial classification; no prior stage memory available.,,,,watchlist,45.5,Stage 1,35.5,Very Strong,Volume Drying Up,Volume Drying Up (0.64x vs 10W Avg),23.53,Outperformed Nifty by 23.53% in 3 Months,0.97,0.44,0.64,False,True,Stage 1 Structure,Stage 1 Structure
2026-07-12,SYMPHONY.NS,Symphony Limited,"Furnishings, Fixtures & Appliances",Consumer Cyclical,False,Cash,Stage 4,Stage 4,Stage 4,0.86,Price is below the 30-week trend and below long-term support structure.,Initial classification; no prior stage memory available.,,,,watchlist,19.08,Stage 4,19.08,Weak,Volume Expanding,Volume Normal (1.08x vs 10W Avg),-11.0,Underperformed Nifty by 11.0% in 3 Months,1.05,2.68,1.08,False,False,Stage 4 Structure,Stage 4 Structure
2026-07-12,SYNGENE.NS,Syngene International Limited,Diagnostics & Research,Healthcare,False,Cash,Stage 4,Stage 4,Stage 4,0.86,Price is below the 30-week trend and below long-term support structure.,Initial classification; no prior stage memory available.,,,,watchlist,15.0,Stage 4,10.0,Weak,Volume Drying Up,Volume Drying Up (0.46x vs 10W Avg),-0.24,Underperformed Nifty by 0.24% in 3 Months,0.78,0.67,0.46,True,True,Stage 4 Structure,Stage 4 Structure
2026-07-12,SYRMA.NS,Syrma SGS Technology Limited,Electronic Components,Technology,False,Cash,Stage 2,Stage 2,Extended,0.78,"Weekly advancing structure remains intact, but price is stretched versus key moving averages.",Initial classification; no prior stage memory available.,,,,watchlist,65.76,Stage 2 - Extended,55.76,Very Strong,Volume Normal,Volume Normal (0.98x vs 10W Avg),60.4,Outperformed Nifty by 60.4% in 3 Months,0.89,0.88,0.98,False,False,Stage 2 Structure,Stage 2 Structure
2026-07-12,TANLA.NS,Tanla Platforms Limited,Software - Application,Technology,False,Cash,Not Sure,Not Sure,Unclear,0.0,The weekly structure does not meet reliable stage criteria.,Initial classification; no prior stage memory available.,,,,watchlist,43.52,Not Sure - Unclear,38.52,Very Strong,Volume Drying Up,Volume Drying Up (0.60x vs 10W Avg),14.0,Outperformed Nifty by 14.0% in 3 Months,1.0,2.89,0.6,False,True,Unclear Structure,Not Rated
2026-07-12,TARC.NS,TARC Limited,Real Estate,Real Estate,False,Cash,Stage 4,Stage 4,Stage 4,0.86,Price is below the 30-week trend and below long-term support structure.,Initial classification; no prior stage memory available.,,,,watchlist,13.77,Stage 4,11.77,Weak,Volume Expanding,Volume Expanding (38.22x vs 10W Avg),-1.39,Underperformed Nifty by 1.39% in 3 Months,4.15,0.27,38.22,False,False,Stage 4 Structure,Stage 4 Structure
2026-07-12,TARIL.NS,Transformers And Rectifiers (India) Limited,Electrical Equipment & Parts,Industrials,False,Cash,Not Sure,Not Sure,Unclear,0.0,The weekly structure does not meet reliable stage criteria.,Initial classification; no prior stage memory available.,,,,watchlist,44.24,Not Sure - Unclear,34.24,Strong,Volume Drying Up,Volume Drying Up (0.63x vs 10W Avg),9.81,Outperformed Nifty by 9.81% in 3 Months,1.45,0.65,0.63,False,True,Unclear Structure,Not Rated
2026-07-12,TATACHEM.NS,Tata Chemicals Limited,Chemicals,Basic Materials,False,Cash,Not Sure,Not Sure,Unclear,0.0,The weekly structure does not meet reliable stage criteria.,Initial classification; no prior stage memory available.,,,,watchlist,18.19,Not Sure - Unclear,16.19,Neutral,Volume Drying Up,Volume Drying Up (0.34x vs 10W Avg),-0.03,Underperformed Nifty by 0.03% in 3 Months,0.65,0.53,0.34,True,True,Unclear Structure,Not Rated
2026-07-12,TATACOMM.NS,Tata Communications Limited,Telecom Services,Communication Services,False,Cash,Stage 2,Stage 2,Advancing,0.8,Price is above constructive weekly and long-term trend structure with improving relative strength.,Initial classification; no prior stage memory available.,,,,watchlist,36.06,Stage 2 - Advancing,36.06,Strong,Volume Drying Up,Volume Drying Up (0.43x vs 10W Avg),18.14,Outperformed Nifty by 18.14% in 3 Months,0.61,0.83,0.43,True,True,Stage 2 Structure,Stage 2 Structure
2026-07-12,TATACONSUM.NS,TATA CONSUMER PRODUCTS LIMITED,Packaged Foods,Consumer Defensive,True,F&O,Stage 1,Stage 1,Stage 1,0.64,Price is building a base around long-term weekly structure without a confirmed advancing phase.,Initial classification; no prior stage memory available.,,,,watchlist,12.5,Stage 1,12.5,Weak,Volume Drying Up,Volume Drying Up (0.56x vs 10W Avg),0.66,Outperformed Nifty by 0.66% in 3 Months,0.87,0.63,0.56,False,True,Stage 1 Structure,Stage 1 Structure
2026-07-12,TATAELXSI.NS,Tata Elxsi Limited,Software - Application,Technology,True,F&O,Stage 4,Stage 4,Stage 4,0.86,Price is below the 30-week trend and below long-term support structure.,Initial classification; no prior stage memory available.,,,,watchlist,10.45,Stage 4,5.45,Weak,Volume Normal,Volume Normal (0.89x vs 10W Avg),-19.09,Underperformed Nifty by 19.09% in 3 Months,1.63,1.14,0.89,False,True,Stage 4 Structure,Stage 4 Structure
2026-07-12,TATAINVEST.NS,Tata Investment Corporation Limited,Asset Management,Financial Services,False,Cash,Not Sure,Not Sure,Unclear,0.0,The weekly structure does not meet reliable stage criteria.,Initial classification; no prior stage memory available.,,,,watchlist,34.19,Not Sure - Unclear,32.19,Strong,Volume Drying Up,Volume Normal (1.03x vs 10W Avg),-4.21,Underperformed Nifty by 4.21% in 3 Months,0.78,1.2,1.03,True,False,Unclear Structure,Not Rated
2026-07-12,TATAPOWER.NS,Tata Power Company Limited,Utilities,Utilities,True,F&O,Stage 3,Stage 3,Early,0.68,"Prior strength has shifted into a Stage 3 transition based on trend, relative strength, and volume evidence.",Initial classification; no prior stage memory available.,,,,watchlist,26.51,Stage 3 Early,24.51,Weak,Volume Drying Up,Volume Drying Up (0.72x vs 10W Avg),-10.87,Underperformed Nifty by 10.87% in 3 Months,0.96,0.67,0.72,False,True,Stage 3 Structure,Stage 3 Structure
2026-07-12,TATASTEEL.NS,Tata Steel Limited,Steel,Basic Materials,True,F&O,Stage 3,Stage 3,Late,0.76,"Prior strength has shifted into a Stage 3 transition based on trend, relative strength, and volume evidence.",Initial classification; no prior stage memory available.,,,,watchlist,6.17,Stage 3 Late,1.17,Weak,Volume Drying Up,Volume Drying Up (0.66x vs 10W Avg),-8.33,Underperformed Nifty by 8.33% in 3 Months,0.93,0.78,0.66,False,True,Stage 3 Structure,Stage 3 Structure
2026-07-12,TATATECH.NS,Tata Technologies Limited,Information Technology Services,Technology,False,Cash,Stage 2,Stage 2,Advancing,0.8,Price is above constructive weekly and long-term trend structure with improving relative strength.,Initial classification; no prior stage memory available.,,,,watchlist,50.83,Stage 2 - Advancing,50.83,Very Strong,Volume Drying Up,Volume Drying Up (0.49x vs 10W Avg),24.91,Outperformed Nifty by 24.91% in 3 Months,0.72,0.33,0.49,True,True,Stage 2 Structure,Stage 2 Structure
2026-07-12,TATVA.NS,Tatva Chintan Pharma Chem Limited,Specialty Chemicals,Basic Materials,False,Cash,Not Sure,Not Sure,Unclear,0.0,The weekly structure does not meet reliable stage criteria.,Initial classification; no prior stage memory available.,,,,watchlist,22.99,Not Sure - Unclear,17.99,Strong,Volume Expanding,Volume Normal (1.20x vs 10W Avg),4.58,Outperformed Nifty by 4.58% in 3 Months,1.05,2.85,1.2,False,False,Unclear Structure,Not Rated
2026-07-12,TBOTEK.NS,TBO Tek Limited,Consumer Cyclical,Consumer Cyclical,False,Cash,Not Sure,Not Sure,Unclear,0.0,The weekly structure does not meet reliable stage criteria.,Initial classification; no prior stage memory available.,,,,watchlist,33.13,Not Sure - Unclear,33.13,Strong,Volume Normal,Volume Normal (1.28x vs 10W Avg),20.9,Outperformed Nifty by 20.9% in 3 Months,1.84,1.69,1.28,False,False,Unclear Structure,Not Rated
2026-07-12,TCI.NS,Transport Corporation of India Limited,Industrials,Industrials,False,Cash,Stage 4,Stage 4,Stage 4,0.86,Price is below the 30-week trend and below long-term support structure.,Initial classification; no prior stage memory available.,,,,watchlist,19.87,Stage 4,19.87,Weak,Volume Normal,Volume Normal (0.87x vs 10W Avg),-7.96,Underperformed Nifty by 7.96% in 3 Months,0.88,0.24,0.87,False,True,Stage 4 Structure,Stage 4 Structure
2026-07-12,TCPLPACK.NS,TCPL Packaging Limited,Consumer Cyclical,Consumer Cyclical,False,Cash,Not Sure,Not Sure,Unclear,0.0,The weekly structure does not meet reliable stage criteria.,Initial classification; no prior stage memory available.,,,,watchlist,35.1,Not Sure - Unclear,35.1,Strong,Volume Drying Up,Volume Drying Up (0.78x vs 10W Avg),14.45,Outperformed Nifty by 14.45% in 3 Months,1.71,0.84,0.78,False,True,Unclear Structure,Not Rated
2026-07-12,TCS.NS,Tata Consultancy Services Limited,Information Technology Services,Technology,True,F&O,Stage 4,Stage 4,Stage 4,0.86,Price is below the 30-week trend and below long-term support structure.,Initial classification; no prior stage memory available.,,,,watchlist,5.74,Stage 4,5.74,Weak,Volume Normal,Volume Normal (0.90x vs 10W Avg),-19.74,Underperformed Nifty by 19.74% in 3 Months,0.95,1.21,0.9,False,True,Stage 4 Structure,Stage 4 Structure
2026-07-12,TDPOWERSYS.NS,TD Power Systems Limited,Specialty Industrial Machinery,Industrials,False,Cash,Stage 2,Stage 2,Advancing,0.8,Price is above constructive weekly and long-term trend structure with improving relative strength.,Initial classification; no prior stage memory available.,,,,watchlist,53.79,Stage 2 - Advancing,43.79,Strong,Volume Normal,Volume Normal (0.96x vs 10W Avg),20.3,Outperformed Nifty by 20.3% in 3 Months,0.9,0.91,0.96,False,False,Stage 2 Structure,Stage 2 Structure
2026-07-12,TECHM.NS,Tech Mahindra Limited,Information Technology Services,Technology,True,F&O,Stage 1,Stage 1,Stage 1,0.68,Price is building a base around long-term weekly structure without a confirmed advancing phase.,Initial classification; no prior stage memory available.,,,,watchlist,10.14,Stage 1,10.14,Strong,Volume Drying Up,Volume Drying Up (0.83x vs 10W Avg),-1.22,Underperformed Nifty by 1.22% in 3 Months,1.02,0.67,0.83,False,True,Stage 1 Structure,Stage 1 Structure
2026-07-12,TECHNOE.NS,Techno Electric & Engineering Company Limited,Engineering & Construction,Industrials,False,Cash,Stage 4,Stage 4,Stage 4,0.86,Price is below the 30-week trend and below long-term support structure.,Initial classification; no prior stage memory available.,,,,watchlist,3.11,Stage 4,1.11,Weak,Volume Drying Up,Volume Drying Up (0.34x vs 10W Avg),-13.95,Underperformed Nifty by 13.95% in 3 Months,0.49,0.39,0.34,True,True,Stage 4 Structure,Stage 4 Structure
2026-07-12,TEGA.NS,Tega Industries Limited,Specialty Industrial Machinery,Industrials,False,Cash,Stage 4,Stage 4,Stage 4,0.66,Price is below weekly structure.,Initial classification; no prior stage memory available.,,,,watchlist,34.26,Stage 4,24.26,Weak,Volume Drying Up,Volume Drying Up (0.36x vs 10W Avg),-3.04,Underperformed Nifty by 3.04% in 3 Months,0.31,0.19,0.36,True,True,Stage 4 Structure,Stage 4 Structure
2026-07-12,TEJASNET.NS,Tejas Networks Limited,Communication Equipment,Technology,False,Cash,Stage 2,Stage 2,Advancing,0.8,Price is above constructive weekly and long-term trend structure with improving relative strength.,Initial classification; no prior stage memory available.,,,,watchlist,51.61,Stage 2 - Advancing,41.61,Very Strong,Volume Drying Up,Volume Drying Up (0.30x vs 10W Avg),23.7,Outperformed Nifty by 23.7% in 3 Months,0.33,0.34,0.3,True,True,Stage 2 Structure,Stage 2 Structure
2026-07-12,TEXRAIL.NS,Texmaco Rail & Engineering Limited,Industrials,Industrials,False,Cash,Not Sure,Not Sure,Unclear,0.0,The weekly structure does not meet reliable stage criteria.,Initial classification; no prior stage memory available.,,,,watchlist,25.38,Not Sure - Unclear,25.38,Strong,Volume Drying Up,Volume Normal (0.89x vs 10W Avg),12.71,Outperformed Nifty by 12.71% in 3 Months,0.65,0.54,0.89,True,True,Unclear Structure,Not Rated
2026-07-12,TFCILTD.NS,Tourism Finance Corporation of India Limited,Credit Services,Financial Services,False,Cash,Stage 2,Stage 2,Advancing,0.8,Price is above constructive weekly and long-term trend structure with improving relative strength.,Initial classification; no prior stage memory available.,,,,watchlist,36.39,Stage 2 - Advancing,31.39,Neutral,Volume Expanding,Volume Expanding (1.52x vs 10W Avg),5.2,Outperformed Nifty by 5.2% in 3 Months,0.91,0.3,1.52,False,False,Stage 2 Structure,Stage 2 Structure
2026-07-12,THANGAMAYL.NS,Thangamayil Jewellery Limited,Luxury Goods,Consumer Cyclical,False,Cash,Stage 2,Stage 2,Extended,0.78,"Weekly advancing structure remains intact, but price is stretched versus key moving averages.",Initial classification; no prior stage memory available.,,,,watchlist,50.17,Stage 2 - Extended,40.17,Very Strong,Volume Expanding,Volume Expanding (1.54x vs 10W Avg),51.98,Outperformed Nifty by 51.98% in 3 Months,1.6,0.84,1.54,False,False,Stage 2 Structure,Stage 2 Structure
2026-07-12,THERMAX.NS,Thermax Limited,Conglomerates,Industrials,False,Cash,Stage 2,Stage 2,Advancing,0.9,Price is above constructive weekly and long-term trend structure with improving relative strength.,Initial classification; no prior stage memory available.,,,,watchlist,46.35,Stage 2 - Advancing,44.35,Very Strong,Volume Drying Up,Volume Drying Up (0.58x vs 10W Avg),16.39,Outperformed Nifty by 16.39% in 3 Months,0.88,0.48,0.58,False,True,Stage 2 Structure,Stage 2 Structure
2026-07-12,THOMASCOOK.NS,Thomas Cook  (India)  Limited,Consumer Cyclical,Consumer Cyclical,False,Cash,Stage 4,Stage 4,Stage 4,0.86,Price is below the 30-week trend and below long-term support structure.,Initial classification; no prior stage memory available.,,,,watchlist,18.86,Stage 4,18.86,Weak,Volume Drying Up,Volume Drying Up (0.23x vs 10W Avg),-6.2,Underperformed Nifty by 6.2% in 3 Months,0.24,0.06,0.23,True,True,Stage 4 Structure,Stage 4 Structure
2026-07-12,THYROCARE.NS,Thyrocare Technologies Limited,Diagnostics & Research,Healthcare,False,Cash,Stage 2,Stage 2,Advancing,0.9,Price is above constructive weekly and long-term trend structure with improving relative strength.,Initial classification; no prior stage memory available.,,,,watchlist,46.0,Stage 2 - Advancing,41.0,Very Strong,Volume Drying Up,Volume Drying Up (0.48x vs 10W Avg),29.28,Outperformed Nifty by 29.28% in 3 Months,0.47,1.08,0.48,True,True,Stage 2 Structure,Stage 2 Structure
2026-07-12,TI.NS,Tilaknagar Industries Limited,Consumer Defensive,Consumer Defensive,False,Cash,Not Sure,Not Sure,Unclear,0.0,The weekly structure does not meet reliable stage criteria.,Initial classification; no prior stage memory available.,,,,watchlist,23.48,Not Sure - Unclear,23.48,Neutral,Volume Normal,Volume Normal (0.85x vs 10W Avg),1.92,Outperformed Nifty by 1.92% in 3 Months,0.99,0.4,0.85,False,True,Unclear Structure,Not Rated
2026-07-12,TIIL.NS,Technocraft Industries (India) Limited,Tools & Accessories,Industrials,False,Cash,Stage 1,Stage 1,Stage 1,0.64,Price is building a base around long-term weekly structure without a confirmed advancing phase.,Initial classification; no prior stage memory available.,,,,watchlist,28.7,Stage 1,28.7,Neutral,Volume Drying Up,Volume Drying Up (0.71x vs 10W Avg),2.1,Outperformed Nifty by 2.1% in 3 Months,0.62,0.28,0.71,True,True,Stage 1 Structure,Stage 1 Structure
2026-07-12,TIINDIA.NS,Tube Investments of India Limited,Conglomerates,Industrials,True,F&O,Stage 2,Stage 2,Advancing,0.8,Price is above constructive weekly and long-term trend structure with improving relative strength.,Initial classification; no prior stage memory available.,,,,watchlist,42.78,Stage 2 - Advancing,40.78,Strong,Volume Drying Up,Volume Drying Up (0.42x vs 10W Avg),5.57,Outperformed Nifty by 5.57% in 3 Months,0.84,0.25,0.42,True,True,Stage 2 Structure,Stage 2 Structure
2026-07-12,TIMETECHNO.NS,Time Technoplast Limited,Consumer Cyclical,Consumer Cyclical,False,Cash,Not Sure,Not Sure,Unclear,0.0,The weekly structure does not meet reliable stage criteria.,Initial classification; no prior stage memory available.,,,,watchlist,33.06,Not Sure - Unclear,33.06,Neutral,Volume Expanding,Volume Normal (1.04x vs 10W Avg),-5.54,Underperformed Nifty by 5.54% in 3 Months,1.13,1.97,1.04,False,False,Unclear Structure,Not Rated
2026-07-12,TIMKEN.NS,Timken India Limited,Tools & Accessories,Industrials,False,Cash,Stage 3,Stage 3,Early,0.68,"Prior strength has shifted into a Stage 3 transition based on trend, relative strength, and volume evidence.",Initial classification; no prior stage memory available.,,,,watchlist,8.48,Stage 3 Early,8.48,Weak,Volume Drying Up,Volume Drying Up (0.58x vs 10W Avg),-12.07,Underperformed Nifty by 12.07% in 3 Months,0.91,0.37,0.58,False,True,Stage 3 Structure,Stage 3 Structure
2026-07-12,TIPSMUSIC.NS,Tips Music Limited,Communication Services,Communication Services,False,Cash,Stage 2,Stage 2,Advancing,0.9,Price is above constructive weekly and long-term trend structure with improving relative strength.,Initial classification; no prior stage memory available.,,,,watchlist,51.04,Stage 2 - Advancing,51.04,Very Strong,Volume Normal,Volume Normal (1.44x vs 10W Avg),27.24,Outperformed Nifty by 27.24% in 3 Months,1.28,1.23,1.44,False,False,Stage 2 Structure,Stage 2 Structure
2026-07-12,TIRUMALCHM.NS,Thirumalai Chemicals Limited,Specialty Chemicals,Basic Materials,False,Cash,Stage 4,Stage 4,Stage 4,0.86,Price is below the 30-week trend and below long-term support structure.,Initial classification; no prior stage memory available.,,,,watchlist,10.19,Stage 4,5.19,Weak,Volume Drying Up,Volume Drying Up (0.58x vs 10W Avg),-16.14,Underperformed Nifty by 16.14% in 3 Months,2.76,0.7,0.58,False,True,Stage 4 Structure,Stage 4 Structure
2026-07-12,TITAGARH.NS,TITAGARH RAIL SYSTEMS LIMITED,Industrials,Industrials,False,Cash,Stage 2,Stage 2,Advancing,0.8,Price is above constructive weekly and long-term trend structure with improving relative strength.,Initial classification; no prior stage memory available.,,,,watchlist,50.76,Stage 2 - Advancing,50.76,Strong,Volume Drying Up,Volume Drying Up (0.26x vs 10W Avg),14.66,Outperformed Nifty by 14.66% in 3 Months,0.31,0.26,0.26,True,True,Stage 2 Structure,Stage 2 Structure
2026-07-12,TITAN.NS,Titan Company Limited,Luxury Goods,Consumer Cyclical,True,F&O,Stage 2,Stage 2,Advancing,0.9,Price is above constructive weekly and long-term trend structure with improving relative strength.,Initial classification; no prior stage memory available.,,,,watchlist,58.92,Stage 2 - Advancing,48.92,Very Strong,Volume Normal,Volume Normal (1.41x vs 10W Avg),-0.11,Underperformed Nifty by 0.11% in 3 Months,1.02,0.67,1.41,False,False,Stage 2 Structure,Stage 2 Structure
2026-07-12,TMB.NS,Tamilnad Mercantile Bank Limited,Banks - Regional,Financial Services,False,Cash,Stage 2,Stage 2,Advancing,0.9,Price is above constructive weekly and long-term trend structure with improving relative strength.,Initial classification; no prior stage memory available.,,,,watchlist,55.94,Stage 2 - Advancing,53.94,Very Strong,Volume Drying Up,Volume Drying Up (0.43x vs 10W Avg),18.1,Outperformed Nifty by 18.1% in 3 Months,0.99,1.01,0.43,False,True,Stage 2 Structure,Stage 2 Structure
2026-07-12,TMPV.NS,Tata Motors Passenger Vehicles Limited,Auto Manufacturers,Consumer Cyclical,True,F&O,Stage 4,Stage 4,Stage 4,0.86,Price is below the 30-week trend and below long-term support structure.,Initial classification; no prior stage memory available.,,,,watchlist,6.82,Stage 4,6.82,Weak,Volume Normal,Volume Normal (0.90x vs 10W Avg),-6.61,Underperformed Nifty by 6.61% in 3 Months,0.96,1.51,0.9,False,True,Stage 4 Structure,Stage 4 Structure
2026-07-12,TORNTPHARM.NS,Torrent Pharmaceuticals Limited,Drug Manufacturers - Specialty & Generic,Healthcare,True,F&O,Stage 2,Stage 2,Advancing,0.9,Price is above constructive weekly and long-term trend structure with improving relative strength.,Initial classification; no prior stage memory available.,,,,watchlist,61.95,Stage 2 - Advancing,51.95,Very Strong,Volume Normal,Volume Normal (1.46x vs 10W Avg),16.26,Outperformed Nifty by 16.26% in 3 Months,1.35,1.65,1.46,False,False,Stage 2 Structure,Stage 2 Structure
2026-07-12,TORNTPOWER.NS,Torrent Power Limited,Utilities,Utilities,False,Cash,Stage 3,Stage 3,Early,0.68,"Prior strength has shifted into a Stage 3 transition based on trend, relative strength, and volume evidence.",Initial classification; no prior stage memory available.,,,,watchlist,24.9,Stage 3 Early,22.9,Weak,Volume Drying Up,Volume Drying Up (0.75x vs 10W Avg),-7.28,Underperformed Nifty by 7.28% in 3 Months,0.85,0.78,0.75,True,True,Stage 3 Structure,Stage 3 Structure
2026-07-12,TRANSRAILL.NS,Transrail Lighting Limited,Engineering & Construction,Industrials,False,Cash,Stage 4,Stage 4,Stage 4,0.86,Price is below the 30-week trend and below long-term support structure.,Initial classification; no prior stage memory available.,,,,watchlist,18.23,Stage 4,16.23,Weak,Volume Drying Up,Volume Drying Up (0.55x vs 10W Avg),-10.88,Underperformed Nifty by 10.88% in 3 Months,0.84,0.35,0.55,True,True,Stage 4 Structure,Stage 4 Structure
2026-07-12,TRENT.NS,Trent Limited,Consumer Cyclical,Consumer Cyclical,True,F&O,Not Sure,Not Sure,Unclear,0.0,The weekly structure does not meet reliable stage criteria.,Initial classification; no prior stage memory available.,,,,watchlist,27.76,Not Sure - Unclear,27.76,Strong,Volume Expanding,Volume Expanding (2.28x vs 10W Avg),7.8,Outperformed Nifty by 7.8% in 3 Months,1.47,0.57,2.28,False,False,Unclear Structure,Not Rated
2026-07-12,TRITURBINE.NS,Triveni Turbine Limited,Specialty Industrial Machinery,Industrials,False,Cash,Stage 2,Stage 2,Advancing,0.8,Price is above constructive weekly and long-term trend structure with improving relative strength.,Initial classification; no prior stage memory available.,,,,watchlist,37.82,Stage 2 - Advancing,27.82,Strong,Volume Drying Up,Volume Drying Up (0.34x vs 10W Avg),26.51,Outperformed Nifty by 26.51% in 3 Months,0.37,0.9,0.34,True,True,Stage 2 Structure,Stage 2 Structure
2026-07-12,TRIVENI.NS,Triveni Engineering & Industries Limited,Consumer Defensive,Consumer Defensive,False,Cash,Stage 2,Stage 2,Extended,0.78,"Weekly advancing structure remains intact, but price is stretched versus key moving averages.",Initial classification; no prior stage memory available.,,,,watchlist,59.76,Stage 2 - Extended,59.76,Very Strong,Volume Normal,Volume Normal (0.92x vs 10W Avg),16.98,Outperformed Nifty by 16.98% in 3 Months,1.9,0.59,0.92,False,False,Stage 2 Structure,Stage 2 Structure
2026-07-12,TSFINV.NS,TSF INVESTMENTS LIMITED,Asset Management,Financial Services,False,Cash,Not Sure,Not Sure,Unclear,0.0,The weekly structure does not meet reliable stage criteria.,Initial classification; no prior stage memory available.,,,,watchlist,42.21,Not Sure - Unclear,40.21,Very Strong,Volume Normal,Volume Normal (1.49x vs 10W Avg),21.03,Outperformed Nifty by 21.03% in 3 Months,2.34,1.06,1.49,False,False,Unclear Structure,Not Rated
2026-07-12,TTKPRESTIG.NS,TTK Prestige Limited,"Furnishings, Fixtures & Appliances",Consumer Cyclical,False,Cash,Not Sure,Not Sure,Unclear,0.0,The weekly structure does not meet reliable stage criteria.,Initial classification; no prior stage memory available.,,,,watchlist,22.13,Not Sure - Unclear,22.13,Very Strong,Volume Drying Up,Volume Drying Up (0.24x vs 10W Avg),29.47,Outperformed Nifty by 29.47% in 3 Months,0.52,0.33,0.24,True,True,Unclear Structure,Not Rated
2026-07-12,TTML.NS,Tata Teleservices (Maharashtra) Limited,Telecom Services,Communication Services,False,Cash,Stage 4,Stage 4,Stage 4,0.86,Price is below the 30-week trend and below long-term support structure.,Initial classification; no prior stage memory available.,,,,watchlist,17.6,Stage 4,17.6,Weak,Volume Drying Up,Volume Drying Up (0.32x vs 10W Avg),-6.15,Underperformed Nifty by 6.15% in 3 Months,0.42,0.25,0.32,True,True,Stage 4 Structure,Stage 4 Structure
2026-07-12,TVSHLTD.NS,TVS Holdings Limited,Auto Parts,Consumer Cyclical,False,Cash,Stage 1,Stage 1,Stage 1,0.64,Price is building a base around long-term weekly structure without a confirmed advancing phase.,Initial classification; no prior stage memory available.,,,,watchlist,35.86,Stage 1,33.86,Neutral,Volume Drying Up,Volume Drying Up (0.66x vs 10W Avg),-2.53,Underperformed Nifty by 2.53% in 3 Months,0.86,0.61,0.66,False,True,Stage 1 Structure,Stage 1 Structure
2026-07-12,TVSMOTOR.NS,TVS Motor Company Limited,Auto Manufacturers,Consumer Cyclical,True,F&O,Stage 2,Stage 2,Advancing,0.8,Price is above constructive weekly and long-term trend structure with improving relative strength.,Initial classification; no prior stage memory available.,,,,watchlist,40.77,Stage 2 - Advancing,40.77,Neutral,Volume Drying Up,Volume Drying Up (0.64x vs 10W Avg),-6.05,Underperformed Nifty by 6.05% in 3 Months,1.07,0.31,0.64,False,True,Stage 2 Structure,Stage 2 Structure
2026-07-12,TVSSRICHAK.NS,TVS Srichakra Limited,Auto Parts,Consumer Cyclical,False,Cash,Not Sure,Not Sure,Unclear,0.0,The weekly structure does not meet reliable stage criteria.,Initial classification; no prior stage memory available.,,,,watchlist,39.95,Not Sure - Unclear,37.95,Strong,Volume Drying Up,Volume Drying Up (0.52x vs 10W Avg),1.67,Outperformed Nifty by 1.67% in 3 Months,0.74,0.85,0.52,True,True,Unclear Structure,Not Rated
2026-07-12,UBL.NS,United Breweries Limited,Consumer Defensive,Consumer Defensive,False,Cash,Stage 4,Stage 4,Stage 4,0.86,Price is below the 30-week trend and below long-term support structure.,Initial classification; no prior stage memory available.,,,,watchlist,4.59,Stage 4,4.59,Weak,Volume Drying Up,Volume Drying Up (0.45x vs 10W Avg),-11.43,Underperformed Nifty by 11.43% in 3 Months,0.59,0.41,0.45,True,True,Stage 4 Structure,Stage 4 Structure
2026-07-12,UFLEX.NS,UFLEX Limited,Consumer Cyclical,Consumer Cyclical,False,Cash,Not Sure,Not Sure,Unclear,0.0,The weekly structure does not meet reliable stage criteria.,Initial classification; no prior stage memory available.,,,,watchlist,33.29,Not Sure - Unclear,33.29,Strong,Volume Drying Up,Volume Drying Up (0.33x vs 10W Avg),13.63,Outperformed Nifty by 13.63% in 3 Months,0.35,0.72,0.33,True,True,Unclear Structure,Not Rated
2026-07-12,UJJIVANSFB.NS,Ujjivan Small Finance Bank Limited,Banks - Regional,Financial Services,False,Cash,Stage 2,Stage 2,Extended,0.78,"Weekly advancing structure remains intact, but price is stretched versus key moving averages.",Initial classification; no prior stage memory available.,,,,watchlist,39.42,Stage 2 - Extended,37.42,Very Strong,Volume Expanding,Volume Expanding (1.68x vs 10W Avg),9.76,Outperformed Nifty by 9.76% in 3 Months,1.6,3.22,1.68,False,False,Stage 2 Structure,Stage 2 Structure
2026-07-12,ULTRACEMCO.NS,UltraTech Cement Limited,Building Materials,Basic Materials,True,F&O,Stage 1,Stage 1,Stage 1,0.64,Price is building a base around long-term weekly structure without a confirmed advancing phase.,Initial classification; no prior stage memory available.,,,,watchlist,26.31,Stage 1,26.31,Strong,Volume Drying Up,Volume Drying Up (0.50x vs 10W Avg),-2.44,Underperformed Nifty by 2.44% in 3 Months,0.59,0.41,0.5,True,True,Stage 1 Structure,Stage 1 Structure
2026-07-12,UNICHEMLAB.NS,Unichem Laboratories Limited,Drug Manufacturers - Specialty & Generic,Healthcare,False,Cash,Not Sure,Not Sure,Unclear,0.0,The weekly structure does not meet reliable stage criteria.,Initial classification; no prior stage memory available.,,,,watchlist,32.83,Not Sure - Unclear,22.83,Very Strong,Volume Expanding,Volume Expanding (4.15x vs 10W Avg),82.29,Outperformed Nifty by 82.29% in 3 Months,1.55,0.69,4.15,False,False,Unclear Structure,Not Rated
2026-07-12,UNIMECH.NS,Unimech Aerospace and Manufacturing Limited,Aerospace & Defense,Industrials,False,Cash,Stage 2,Stage 2,Advancing,0.8,Price is above constructive weekly and long-term trend structure with improving relative strength.,Initial classification; no prior stage memory available.,,,,watchlist,61.41,Stage 2 - Advancing,51.41,Very Strong,Volume Normal,Volume Normal (1.16x vs 10W Avg),28.78,Outperformed Nifty by 28.78% in 3 Months,1.27,0.69,1.16,False,False,Stage 2 Structure,Stage 2 Structure
2026-07-12,UNIONBANK.NS,Union Bank of India,Banks - Regional,Financial Services,True,F&O,Stage 1,Stage 1,Stage 1,0.64,Price is building a base around long-term weekly structure without a confirmed advancing phase.,Initial classification; no prior stage memory available.,,,,watchlist,10.78,Stage 1,8.78,Weak,Volume Normal,Volume Normal (1.13x vs 10W Avg),-12.07,Underperformed Nifty by 12.07% in 3 Months,1.28,1.7,1.13,False,False,Stage 1 Structure,Stage 1 Structure
2026-07-12,UNITDSPR.NS,United Spirits Limited,Consumer Defensive,Consumer Defensive,True,F&O,Stage 1,Stage 1,Stage 1,0.68,Price is building a base around long-term weekly structure without a confirmed advancing phase.,Initial classification; no prior stage memory available.,,,,watchlist,40.52,Stage 1,40.52,Strong,Volume Normal,Volume Normal (1.22x vs 10W Avg),9.68,Outperformed Nifty by 9.68% in 3 Months,1.03,0.62,1.22,False,False,Stage 1 Structure,Stage 1 Structure
2026-07-12,UNIVCABLES.NS,Universal Cables Limited,Electrical Equipment & Parts,Industrials,False,Cash,Stage 2,Stage 2,Advancing,0.8,Price is above constructive weekly and long-term trend structure with improving relative strength.,Initial classification; no prior stage memory available.,,,,watchlist,37.83,Stage 2 - Advancing,27.83,Strong,Volume Drying Up,Volume Drying Up (0.28x vs 10W Avg),39.43,Outperformed Nifty by 39.43% in 3 Months,0.34,0.28,0.28,True,True,Stage 2 Structure,Stage 2 Structure
2026-07-12,UNOMINDA.NS,UNO Minda Limited,Auto Parts,Consumer Cyclical,True,F&O,Not Sure,Not Sure,Unclear,0.0,The weekly structure does not meet reliable stage criteria.,Initial classification; no prior stage memory available.,,,,watchlist,30.72,Not Sure - Unclear,28.72,Strong,Volume Normal,Volume Normal (1.41x vs 10W Avg),4.35,Outperformed Nifty by 4.35% in 3 Months,1.11,1.06,1.41,False,False,Unclear Structure,Not Rated
2026-07-12,UPL.NS,UPL Limited,Agricultural Inputs,Basic Materials,True,F&O,Stage 4,Stage 4,Stage 4,0.86,Price is below the 30-week trend and below long-term support structure.,Initial classification; no prior stage memory available.,,,,watchlist,0.93,Stage 4,0.93,Weak,Volume Normal,Volume Normal (1.14x vs 10W Avg),-11.68,Underperformed Nifty by 11.68% in 3 Months,1.57,0.35,1.14,False,False,Stage 4 Structure,Stage 4 Structure
2026-07-12,USHAMART.NS,Usha Martin Limited,Steel,Basic Materials,False,Cash,Stage 2,Stage 2,Advancing,0.8,Price is above constructive weekly and long-term trend structure with improving relative strength.,Initial classification; no prior stage memory available.,,,,watchlist,61.16,Stage 2 - Advancing,56.16,Very Strong,Volume Drying Up,Volume Drying Up (0.46x vs 10W Avg),13.6,Outperformed Nifty by 13.6% in 3 Months,0.81,0.62,0.46,True,True,Stage 2 Structure,Stage 2 Structure
2026-07-12,UTIAMC.NS,UTI Asset Management Company Limited,Asset Management,Financial Services,False,Cash,Not Sure,Not Sure,Unclear,0.0,The weekly structure does not meet reliable stage criteria.,Initial classification; no prior stage memory available.,,,,watchlist,28.89,Not Sure - Unclear,26.89,Neutral,Volume Expanding,Volume Expanding (3.07x vs 10W Avg),-2.34,Underperformed Nifty by 2.34% in 3 Months,2.42,4.07,3.07,False,False,Unclear Structure,Not Rated
2026-07-12,V2RETAIL.NS,V2 Retail Limited,Consumer Cyclical,Consumer Cyclical,False,Cash,Stage 3,Stage 3,Early,0.68,"Prior strength has shifted into a Stage 3 transition based on trend, relative strength, and volume evidence.",Initial classification; no prior stage memory available.,,,,watchlist,19.48,Stage 3 Early,19.48,Neutral,Volume Drying Up,Volume Drying Up (0.64x vs 10W Avg),10.8,Outperformed Nifty by 10.8% in 3 Months,1.06,1.0,0.64,False,True,Stage 3 Structure,Stage 3 Structure
2026-07-12,VADILALIND.NS,Vadilal Industries Limited,Packaged Foods,Consumer Defensive,False,Cash,Stage 2,Stage 2,Extended,0.78,"Weekly advancing structure remains intact, but price is stretched versus key moving averages.",Initial classification; no prior stage memory available.,,,,watchlist,66.05,Stage 2 - Extended,66.05,Very Strong,Volume Drying Up,Volume Drying Up (0.40x vs 10W Avg),42.01,Outperformed Nifty by 42.01% in 3 Months,0.43,0.23,0.4,True,True,Stage 2 Structure,Stage 2 Structure
2026-07-12,VAIBHAVGBL.NS,Vaibhav Global Limited,Luxury Goods,Consumer Cyclical,False,Cash,Stage 1,Stage 1,Stage 1,0.68,Price is building a base around long-term weekly structure without a confirmed advancing phase.,Initial classification; no prior stage memory available.,,,,watchlist,32.84,Stage 1,22.84,Very Strong,Volume Expanding,Volume Expanding (4.31x vs 10W Avg),22.3,Outperformed Nifty by 22.3% in 3 Months,1.8,2.72,4.31,False,False,Stage 1 Structure,Stage 1 Structure
2026-07-12,VARROC.NS,Varroc Engineering Limited,Auto Parts,Consumer Cyclical,False,Cash,Stage 1,Stage 1,Stage 1,0.68,Price is building a base around long-term weekly structure without a confirmed advancing phase.,Initial classification; no prior stage memory available.,,,,watchlist,43.08,Stage 1,41.08,Very Strong,Volume Expanding,Volume Expanding (1.59x vs 10W Avg),25.79,Outperformed Nifty by 25.79% in 3 Months,1.57,1.17,1.59,False,False,Stage 1 Structure,Stage 1 Structure
2026-07-12,VBL.NS,Varun Beverages Limited,Consumer Defensive,Consumer Defensive,True,F&O,Stage 2,Stage 2,Advancing,0.8,Price is above constructive weekly and long-term trend structure with improving relative strength.,Initial classification; no prior stage memory available.,,,,watchlist,30.26,Stage 2 - Advancing,30.26,Neutral,Volume Normal,Volume Normal (1.19x vs 10W Avg),5.59,Outperformed Nifty by 5.59% in 3 Months,1.05,1.79,1.19,False,False,Stage 2 Structure,Stage 2 Structure
2026-07-12,VEDL.NS,Vedanta Limited,Basic Materials,Basic Materials,True,F&O,Stage 4,Stage 4,Stage 4,0.86,Price is below the 30-week trend and below long-term support structure.,Initial classification; no prior stage memory available.,,,,watchlist,0.0,Stage 4,0.0,Weak,Volume Drying Up,Volume Drying Up (0.39x vs 10W Avg),-66.24,Underperformed Nifty by 66.24% in 3 Months,0.58,0.49,0.39,True,True,Stage 4 Structure,Stage 4 Structure
2026-07-12,VEEDOL.NS,Veedol Corporation Limited,Specialty Chemicals,Basic Materials,False,Cash,Not Sure,Not Sure,Unclear,0.0,The weekly structure does not meet reliable stage criteria.,Initial classification; no prior stage memory available.,,,,watchlist,38.67,Not Sure - Unclear,33.67,Neutral,Volume Drying Up,Volume Drying Up (0.85x vs 10W Avg),1.01,Outperformed Nifty by 1.01% in 3 Months,0.71,0.67,0.85,True,True,Unclear Structure,Not Rated
2026-07-12,VENTIVE.NS,Ventive Hospitality Limited,Lodging,Consumer Cyclical,False,Cash,Stage 4,Stage 4,Stage 4,0.66,Price is below weekly structure.,Initial classification; no prior stage memory available.,,,,watchlist,20.35,Stage 4,20.35,Weak,Volume Drying Up,Volume Drying Up (0.43x vs 10W Avg),-1.05,Underperformed Nifty by 1.05% in 3 Months,0.36,0.44,0.43,True,True,Stage 4 Structure,Stage 4 Structure
2026-07-12,VENUSPIPES.NS,Venus Pipes & Tubes Limited,Steel,Basic Materials,False,Cash,Stage 2,Stage 2,Extended,0.78,"Weekly advancing structure remains intact, but price is stretched versus key moving averages.",Initial classification; no prior stage memory available.,,,,watchlist,48.46,Stage 2 - Extended,43.46,Very Strong,Volume Normal,Volume Normal (1.33x vs 10W Avg),44.88,Outperformed Nifty by 44.88% in 3 Months,1.26,0.45,1.33,False,False,Stage 2 Structure,Stage 2 Structure
2026-07-12,VESUVIUS.NS,Vesuvius India Limited,Specialty Industrial Machinery,Industrials,False,Cash,Stage 3,Stage 3,Early,0.68,"Prior strength has shifted into a Stage 3 transition based on trend, relative strength, and volume evidence.",Initial classification; no prior stage memory available.,,,,watchlist,32.55,Stage 3 Early,22.55,Weak,Volume Drying Up,Volume Drying Up (0.72x vs 10W Avg),-6.18,Underperformed Nifty by 6.18% in 3 Months,1.49,0.96,0.72,False,True,Stage 3 Structure,Stage 3 Structure
2026-07-12,VGUARD.NS,V-Guard Industries Limited,Electrical Equipment & Parts,Industrials,False,Cash,Stage 4,Stage 4,Stage 4,0.66,Price is below weekly structure.,Initial classification; no prior stage memory available.,,,,watchlist,22.76,Stage 4,12.76,Weak,Volume Drying Up,Volume Drying Up (0.41x vs 10W Avg),-4.44,Underperformed Nifty by 4.44% in 3 Months,0.57,1.02,0.41,True,True,Stage 4 Structure,Stage 4 Structure
2026-07-12,VIJAYA.NS,Vijaya Diagnostic Centre Limited,Diagnostics & Research,Healthcare,False,Cash,Stage 2,Stage 2,Advancing,0.9,Price is above constructive weekly and long-term trend structure with improving relative strength.,Initial classification; no prior stage memory available.,,,,watchlist,45.0,Stage 2 - Advancing,40.0,Very Strong,Volume Drying Up,Volume Drying Up (0.53x vs 10W Avg),35.0,Outperformed Nifty by 35.0% in 3 Months,1.38,0.56,0.53,False,True,Stage 2 Structure,Stage 2 Structure
2026-07-12,VINATIORGA.NS,Vinati Organics Limited,Specialty Chemicals,Basic Materials,False,Cash,Stage 4,Stage 4,Stage 4,0.86,Price is below the 30-week trend and below long-term support structure.,Initial classification; no prior stage memory available.,,,,watchlist,33.17,Stage 4,28.17,Weak,Volume Normal,Volume Normal (1.39x vs 10W Avg),6.43,Outperformed Nifty by 6.43% in 3 Months,1.05,1.69,1.39,False,False,Stage 4 Structure,Stage 4 Structure
2026-07-12,VIPIND.NS,VIP Industries Limited,Consumer Cyclical,Consumer Cyclical,False,Cash,Stage 4,Stage 4,Stage 4,0.86,Price is below the 30-week trend and below long-term support structure.,Initial classification; no prior stage memory available.,,,,watchlist,23.35,Stage 4,23.35,Weak,Volume Drying Up,Volume Drying Up (0.17x vs 10W Avg),-7.94,Underperformed Nifty by 7.94% in 3 Months,0.19,0.17,0.17,True,True,Stage 4 Structure,Stage 4 Structure
2026-07-12,VISHNU.NS,Vishnu Chemicals Limited,Specialty Chemicals,Basic Materials,False,Cash,Stage 2,Stage 2,Advancing,0.8,Price is above constructive weekly and long-term trend structure with improving relative strength.,Initial classification; no prior stage memory available.,,,,watchlist,36.74,Stage 2 - Advancing,31.74,Strong,Volume Drying Up,Volume Drying Up (0.50x vs 10W Avg),9.07,Outperformed Nifty by 9.07% in 3 Months,0.55,0.4,0.5,True,True,Stage 2 Structure,Stage 2 Structure
2026-07-12,VIYASH.NS,Viyash Scientific Limited,Drug Manufacturers - Specialty & Generic,Healthcare,False,Cash,Stage 2,Stage 2,Advancing,0.9,Price is above constructive weekly and long-term trend structure with improving relative strength.,Initial classification; no prior stage memory available.,,,,watchlist,50.36,Stage 2 - Advancing,40.36,Very Strong,Volume Drying Up,Volume Drying Up (0.64x vs 10W Avg),30.34,Outperformed Nifty by 30.34% in 3 Months,0.88,0.58,0.64,False,True,Stage 2 Structure,Stage 2 Structure
2026-07-12,VMART.NS,V-Mart Retail Limited,Consumer Cyclical,Consumer Cyclical,False,Cash,Not Sure,Not Sure,Unclear,0.0,The weekly structure does not meet reliable stage criteria.,Initial classification; no prior stage memory available.,,,,watchlist,35.55,Not Sure - Unclear,35.55,Very Strong,Volume Drying Up,Volume Drying Up (0.41x vs 10W Avg),25.12,Outperformed Nifty by 25.12% in 3 Months,0.67,0.42,0.41,True,True,Unclear Structure,Not Rated
2026-07-12,VMM.NS,Vishal Mega Mart Limited,Consumer Cyclical,Consumer Cyclical,True,F&O,Stage 4,Stage 4,Stage 4,0.66,Price is below weekly structure.,Initial classification; no prior stage memory available.,,,,watchlist,24.41,Stage 4,24.41,Weak,Volume Drying Up,Volume Drying Up (0.71x vs 10W Avg),-0.59,Underperformed Nifty by 0.59% in 3 Months,1.02,0.53,0.71,False,True,Stage 4 Structure,Stage 4 Structure
2026-07-12,VOLTAMP.NS,Voltamp Transformers Limited,Electrical Equipment & Parts,Industrials,False,Cash,Stage 2,Stage 2,Advancing,0.8,Price is above constructive weekly and long-term trend structure with improving relative strength.,Initial classification; no prior stage memory available.,,,,watchlist,31.84,Stage 2 - Advancing,21.84,Neutral,Volume Drying Up,Volume Drying Up (0.21x vs 10W Avg),-1.48,Underperformed Nifty by 1.48% in 3 Months,0.39,0.38,0.21,True,True,Stage 2 Structure,Stage 2 Structure
2026-07-12,VOLTAS.NS,Voltas Limited,"Furnishings, Fixtures & Appliances",Consumer Cyclical,True,F&O,Stage 1,Stage 1,Stage 1,0.64,Price is building a base around long-term weekly structure without a confirmed advancing phase.,Initial classification; no prior stage memory available.,,,,watchlist,27.94,Stage 1,27.94,Weak,Volume Drying Up,Volume Normal (0.98x vs 10W Avg),-9.76,Underperformed Nifty by 9.76% in 3 Months,0.81,0.41,0.98,True,False,Stage 1 Structure,Stage 1 Structure
2026-07-12,VRLLOG.NS,VRL Logistics Limited,Industrials,Industrials,False,Cash,Stage 4,Stage 4,Stage 4,0.86,Price is below the 30-week trend and below long-term support structure.,Initial classification; no prior stage memory available.,,,,watchlist,12.75,Stage 4,12.75,Weak,Volume Drying Up,Volume Drying Up (0.57x vs 10W Avg),-15.21,Underperformed Nifty by 15.21% in 3 Months,0.58,0.61,0.57,True,True,Stage 4 Structure,Stage 4 Structure
2026-07-12,VSSL.NS,Vardhman Special Steels Limited,Steel,Basic Materials,False,Cash,Stage 1,Stage 1,Stage 1,0.68,Price is building a base around long-term weekly structure without a confirmed advancing phase.,Initial classification; no prior stage memory available.,,,,watchlist,40.51,Stage 1,35.51,Neutral,Volume Drying Up,Volume Drying Up (0.19x vs 10W Avg),7.79,Outperformed Nifty by 7.79% in 3 Months,0.63,0.45,0.19,True,True,Stage 1 Structure,Stage 1 Structure
2026-07-12,VSTIND.NS,VST Industries Limited,Consumer Defensive,Consumer Defensive,False,Cash,Stage 3,Stage 3,Late,0.76,"Prior strength has shifted into a Stage 3 transition based on trend, relative strength, and volume evidence.",Initial classification; no prior stage memory available.,,,,watchlist,7.44,Stage 3 Late,7.44,Strong,Volume Expanding,Volume Expanding (2.79x vs 10W Avg),7.49,Outperformed Nifty by 7.49% in 3 Months,1.79,2.06,2.79,False,False,Stage 3 Structure,Stage 3 Structure
2026-07-12,VSTTILLERS.NS,V.S.T Tillers Tractors Limited,Farm & Heavy Construction Machinery,Industrials,False,Cash,Stage 4,Stage 4,Stage 4,0.86,Price is below the 30-week trend and below long-term support structure.,Initial classification; no prior stage memory available.,,,,watchlist,13.62,Stage 4,13.62,Weak,Volume Normal,Volume Normal (0.95x vs 10W Avg),-13.5,Underperformed Nifty by 13.5% in 3 Months,1.13,1.25,0.95,False,False,Stage 4 Structure,Stage 4 Structure
2026-07-12,VTL.NS,Vardhman Textiles Limited,Textile Manufacturing,Consumer Cyclical,False,Cash,Stage 2,Stage 2,Advancing,0.9,Price is above constructive weekly and long-term trend structure with improving relative strength.,Initial classification; no prior stage memory available.,,,,watchlist,53.17,Stage 2 - Advancing,43.17,Very Strong,Volume Drying Up,Volume Drying Up (0.60x vs 10W Avg),12.19,Outperformed Nifty by 12.19% in 3 Months,0.8,0.29,0.6,True,True,Stage 2 Structure,Stage 2 Structure
2026-07-12,WAAREEENER.NS,Waaree Energies Limited,Solar,Technology,True,F&O,Stage 3,Stage 3,Late,0.76,"Prior strength has shifted into a Stage 3 transition based on trend, relative strength, and volume evidence.",Initial classification; no prior stage memory available.,,,,watchlist,11.13,Stage 3 Late,1.13,Weak,Volume Drying Up,Volume Drying Up (0.43x vs 10W Avg),-16.5,Underperformed Nifty by 16.5% in 3 Months,0.94,0.75,0.43,False,True,Stage 3 Structure,Stage 3 Structure
2026-07-12,WAAREERTL.NS,Waaree Renewable Technologies Limited,Utilities - Renewable,Utilities,False,Cash,Not Sure,Not Sure,Unclear,0.0,The weekly structure does not meet reliable stage criteria.,Initial classification; no prior stage memory available.,,,,watchlist,27.83,Not Sure - Unclear,22.83,Strong,Volume Drying Up,Volume Drying Up (0.78x vs 10W Avg),-4.04,Underperformed Nifty by 4.04% in 3 Months,1.05,0.88,0.78,False,True,Unclear Structure,Not Rated
2026-07-12,WABAG.NS,VA Tech Wabag Limited,Engineering & Construction,Industrials,False,Cash,Stage 2,Stage 2,Extended,0.78,"Weekly advancing structure remains intact, but price is stretched versus key moving averages.",Initial classification; no prior stage memory available.,,,,watchlist,39.19,Stage 2 - Extended,37.19,Very Strong,Volume Expanding,Volume Expanding (1.92x vs 10W Avg),59.91,Outperformed Nifty by 59.91% in 3 Months,1.66,1.53,1.92,False,False,Stage 2 Structure,Stage 2 Structure
2026-07-12,WEBELSOLAR.NS,Websol Energy System Limited,Solar,Technology,False,Cash,Stage 3,Stage 3,Early,0.68,"Prior strength has shifted into a Stage 3 transition based on trend, relative strength, and volume evidence.",Initial classification; no prior stage memory available.,,,,watchlist,37.34,Stage 3 Early,27.34,Strong,Volume Drying Up,Volume Drying Up (0.43x vs 10W Avg),12.19,Outperformed Nifty by 12.19% in 3 Months,0.63,0.69,0.43,True,True,Stage 3 Structure,Stage 3 Structure
2026-07-12,WELCORP.NS,Welspun Corp Limited,Steel,Basic Materials,False,Cash,Stage 2,Stage 2,Extended,0.78,"Weekly advancing structure remains intact, but price is stretched versus key moving averages.",Initial classification; no prior stage memory available.,,,,watchlist,58.77,Stage 2 - Extended,53.77,Very Strong,Volume Expanding,Volume Expanding (3.27x vs 10W Avg),51.89,Outperformed Nifty by 51.89% in 3 Months,1.85,1.29,3.27,False,False,Stage 2 Structure,Stage 2 Structure
2026-07-12,WELENT.NS,Welspun Enterprises Limited,Engineering & Construction,Industrials,False,Cash,Stage 2,Stage 2,Advancing,0.8,Price is above constructive weekly and long-term trend structure with improving relative strength.,Initial classification; no prior stage memory available.,,,,watchlist,72.99,Stage 2 - Advancing,70.99,Very Strong,Volume Expanding,Volume Normal (0.98x vs 10W Avg),35.67,Outperformed Nifty by 35.67% in 3 Months,1.58,1.81,0.98,False,False,Stage 2 Structure,Stage 2 Structure
2026-07-12,WELSPUNLIV.NS,Welspun Living Limited,Textile Manufacturing,Consumer Cyclical,False,Cash,Stage 2,Stage 2,Advancing,0.9,Price is above constructive weekly and long-term trend structure with improving relative strength.,Initial classification; no prior stage memory available.,,,,watchlist,51.89,Stage 2 - Advancing,41.89,Very Strong,Volume Drying Up,Volume Drying Up (0.64x vs 10W Avg),31.46,Outperformed Nifty by 31.46% in 3 Months,0.8,0.29,0.64,True,True,Stage 2 Structure,Stage 2 Structure
2026-07-12,WESTLIFE.NS,WESTLIFE FOODWORLD LIMITED,Consumer Cyclical,Consumer Cyclical,False,Cash,Not Sure,Not Sure,Unclear,0.0,The weekly structure does not meet reliable stage criteria.,Initial classification; no prior stage memory available.,,,,watchlist,36.1,Not Sure - Unclear,36.1,Strong,Volume Drying Up,Volume Drying Up (0.38x vs 10W Avg),6.24,Outperformed Nifty by 6.24% in 3 Months,0.66,0.5,0.38,True,True,Unclear Structure,Not Rated
2026-07-12,WHEELS.NS,Wheels India Limited,Auto Parts,Consumer Cyclical,False,Cash,Stage 2,Stage 2,Advancing,0.8,Price is above constructive weekly and long-term trend structure with improving relative strength.,Initial classification; no prior stage memory available.,,,,watchlist,27.98,Stage 2 - Advancing,25.98,Strong,Volume Drying Up,Volume Drying Up (0.62x vs 10W Avg),45.56,Outperformed Nifty by 45.56% in 3 Months,1.35,0.93,0.62,False,True,Stage 2 Structure,Stage 2 Structure
2026-07-12,WHIRLPOOL.NS,Whirlpool of India Limited,"Furnishings, Fixtures & Appliances",Consumer Cyclical,False,Cash,Stage 4,Stage 4,Stage 4,0.86,Price is below the 30-week trend and below long-term support structure.,Initial classification; no prior stage memory available.,,,,watchlist,0.47,Stage 4,0.47,Weak,Volume Normal,Volume Normal (0.97x vs 10W Avg),-7.77,Underperformed Nifty by 7.77% in 3 Months,1.13,0.79,0.97,False,False,Stage 4 Structure,Stage 4 Structure
2026-07-12,WINDMACHIN.NS,Windsor Machines Limited,Specialty Industrial Machinery,Industrials,False,Cash,Stage 2,Stage 2,Advancing,0.8,Price is above constructive weekly and long-term trend structure with improving relative strength.,Initial classification; no prior stage memory available.,,,,watchlist,56.7,Stage 2 - Advancing,46.7,Strong,Volume Drying Up,Volume Drying Up (0.83x vs 10W Avg),6.58,Outperformed Nifty by 6.58% in 3 Months,0.59,0.31,0.83,True,True,Stage 2 Structure,Stage 2 Structure
2026-07-12,WIPRO.NS,Wipro Limited,Information Technology Services,Technology,True,F&O,Stage 4,Stage 4,Stage 4,0.86,Price is below the 30-week trend and below long-term support structure.,Initial classification; no prior stage memory available.,,,,watchlist,0.13,Stage 4,0.13,Weak,Volume Drying Up,Volume Drying Up (0.52x vs 10W Avg),-18.16,Underperformed Nifty by 18.16% in 3 Months,0.87,0.56,0.52,False,True,Stage 4 Structure,Stage 4 Structure
2026-07-12,WOCKPHARMA.NS,Wockhardt Limited,Drug Manufacturers - Specialty & Generic,Healthcare,False,Cash,Stage 2,Stage 2,Advancing,0.8,Price is above constructive weekly and long-term trend structure with improving relative strength.,Initial classification; no prior stage memory available.,,,,watchlist,38.83,Stage 2 - Advancing,28.83,Strong,Volume Drying Up,Volume Drying Up (0.21x vs 10W Avg),31.94,Outperformed Nifty by 31.94% in 3 Months,0.24,0.25,0.21,True,True,Stage 2 Structure,Stage 2 Structure
2026-07-12,WONDERLA.NS,Wonderla Holidays Limited,Consumer Cyclical,Consumer Cyclical,False,Cash,Stage 4,Stage 4,Stage 4,0.86,Price is below the 30-week trend and below long-term support structure.,Initial classification; no prior stage memory available.,,,,watchlist,0.0,Stage 4,0.0,Weak,Volume Drying Up,Volume Drying Up (0.73x vs 10W Avg),-16.5,Underperformed Nifty by 16.5% in 3 Months,0.7,0.64,0.73,True,True,Stage 4 Structure,Stage 4 Structure
2026-07-12,WSTCSTPAPR.NS,West Coast Paper Mills Limited,Basic Materials,Basic Materials,False,Cash,Stage 2,Stage 2,Advancing,0.8,Price is above constructive weekly and long-term trend structure with improving relative strength.,Initial classification; no prior stage memory available.,,,,watchlist,49.72,Stage 2 - Advancing,49.72,Very Strong,Volume Expanding,Volume Expanding (2.09x vs 10W Avg),8.55,Outperformed Nifty by 8.55% in 3 Months,1.79,0.55,2.09,False,False,Stage 2 Structure,Stage 2 Structure
2026-07-12,XPROINDIA.NS,Xpro India Limited,Specialty Chemicals,Basic Materials,False,Cash,Stage 2,Stage 2,Extended,0.78,"Weekly advancing structure remains intact, but price is stretched versus key moving averages.",Initial classification; no prior stage memory available.,,,,watchlist,50.71,Stage 2 - Extended,45.71,Very Strong,Volume Drying Up,Volume Drying Up (0.53x vs 10W Avg),35.35,Outperformed Nifty by 35.35% in 3 Months,0.79,0.32,0.53,True,True,Stage 2 Structure,Stage 2 Structure
2026-07-12,YATHARTH.NS,Yatharth Hospital & Trauma Care Services Limited,Medical Care Facilities,Healthcare,False,Cash,Stage 2,Stage 2,Advancing,0.8,Price is above constructive weekly and long-term trend structure with improving relative strength.,Initial classification; no prior stage memory available.,,,,watchlist,57.42,Stage 2 - Advancing,52.42,Neutral,Volume Drying Up,Volume Drying Up (0.54x vs 10W Avg),3.42,Outperformed Nifty by 3.42% in 3 Months,0.69,0.61,0.54,True,True,Stage 2 Structure,Stage 2 Structure
2026-07-12,ZAGGLE.NS,Zaggle Prepaid Ocean Services Limited,Software - Infrastructure,Technology,False,Cash,Stage 4,Stage 4,Stage 4,0.86,Price is below the 30-week trend and below long-term support structure.,Initial classification; no prior stage memory available.,,,,watchlist,14.53,Stage 4,14.53,Weak,Volume Drying Up,Volume Drying Up (0.35x vs 10W Avg),-22.36,Underperformed Nifty by 22.36% in 3 Months,0.46,0.63,0.35,True,True,Stage 4 Structure,Stage 4 Structure
2026-07-12,ZEEL.NS,Zee Entertainment Enterprises Limited,Communication Services,Communication Services,False,Cash,Stage 1,Stage 1,Stage 1,0.64,Price is building a base around long-term weekly structure without a confirmed advancing phase.,Initial classification; no prior stage memory available.,,,,watchlist,29.86,Stage 1,29.86,Strong,Volume Drying Up,Volume Drying Up (0.57x vs 10W Avg),16.02,Outperformed Nifty by 16.02% in 3 Months,0.74,0.4,0.57,True,True,Stage 1 Structure,Stage 1 Structure
2026-07-12,ZENSARTECH.NS,Zensar Technologies Limited,Information Technology Services,Technology,False,Cash,Stage 4,Stage 4,Stage 4,0.86,Price is below the 30-week trend and below long-term support structure.,Initial classification; no prior stage memory available.,,,,watchlist,23.01,Stage 4,23.01,Weak,Volume Expanding,Volume Expanding (4.77x vs 10W Avg),-11.6,Underperformed Nifty by 11.6% in 3 Months,4.32,10.51,4.77,False,False,Stage 4 Structure,Stage 4 Structure
2026-07-12,ZENTEC.NS,Zen Technologies Limited,Aerospace & Defense,Industrials,False,Cash,Stage 2,Stage 2,Advancing,0.9,Price is above constructive weekly and long-term trend structure with improving relative strength.,Initial classification; no prior stage memory available.,,,,watchlist,53.05,Stage 2 - Advancing,43.05,Very Strong,Volume Normal,Volume Normal (1.35x vs 10W Avg),22.1,Outperformed Nifty by 22.1% in 3 Months,0.92,0.57,1.35,False,False,Stage 2 Structure,Stage 2 Structure
2026-07-12,ZFCVINDIA.NS,ZF Commercial Vehicle Control Systems India Limited,Auto Parts,Consumer Cyclical,False,Cash,Stage 3,Stage 3,Early,0.68,"Prior strength has shifted into a Stage 3 transition based on trend, relative strength, and volume evidence.",Initial classification; no prior stage memory available.,,,,watchlist,14.56,Stage 3 Early,12.56,Weak,Volume Normal,Volume Normal (0.94x vs 10W Avg),-1.69,Underperformed Nifty by 1.69% in 3 Months,1.32,1.39,0.94,False,False,Stage 3 Structure,Stage 3 Structure
2026-07-12,ZOTA.NS,Zota Health Care LImited,Biotechnology,Healthcare,False,Cash,Not Sure,Not Sure,Unclear,0.0,The weekly structure does not meet reliable stage criteria.,Initial classification; no prior stage memory available.,,,,watchlist,33.49,Not Sure - Unclear,28.49,Strong,Volume Normal,Volume Normal (1.15x vs 10W Avg),5.67,Outperformed Nifty by 5.67% in 3 Months,1.27,1.33,1.15,False,False,Unclear Structure,Not Rated
2026-07-12,ZYDUSLIFE.NS,Zydus Lifesciences Limited,Drug Manufacturers - Specialty & Generic,Healthcare,True,F&O,Stage 2,Stage 2,Advancing,0.8,Price is above constructive weekly and long-term trend structure with improving relative strength.,Initial classification; no prior stage memory available.,,,,watchlist,50.4,Stage 2 - Advancing,40.4,Very Strong,Volume Normal,Volume Normal (0.94x vs 10W Avg),21.13,Outperformed Nifty by 21.13% in 3 Months,0.86,0.57,0.94,False,False,Stage 2 Structure,Stage 2 Structure
2026-07-12,ZYDUSWELL.NS,Zydus Wellness Limited,Packaged Foods,Consumer Defensive,False,Cash,Stage 2,Stage 2,Extended,0.78,"Weekly advancing structure remains intact, but price is stretched versus key moving averages.",Initial classification; no prior stage memory available.,,,,watchlist,46.86,Stage 2 - Extended,46.86,Very Strong,Volume Drying Up,Volume Drying Up (0.77x vs 10W Avg),14.43,Outperformed Nifty by 14.43% in 3 Months,2.91,0.51,0.77,False,True,Stage 2 Structure,Stage 2 Structure
