ticker,Company Name,Industry,sector,is_fo_stock,fo_category,stage,overall_setup_label,final_combined_score,change_1d_pct,change_1w_pct,change_1m_pct,change_ytd_pct,last_close
IRCON.NS,Ircon International Limited,Engineering & Construction,Industrials,False,Cash,Stage 4,watchlist,0.0,14.27,6.32,-1.03,-33.26,117.09
HUBTOWN.NS,Hubtown Limited,Real Estate,Real Estate,False,Cash,Stage 4,watchlist,10.52,9.54,2.78,1.08,-28.9,182.28
SUNTV.NS,Sun TV Network Limited,Communication Services,Communication Services,False,Cash,Not Sure,watchlist,22.81,9.35,23.42,30.91,4.76,605.0
RITES.NS,RITES Limited,Engineering & Construction,Industrials,False,Cash,Stage 3,watchlist,18.08,8.7,2.45,-2.09,-11.65,209.05
CUPID.NS,Cupid Limited,Household & Personal Products,Consumer Defensive,False,Cash,Stage 2,watchlist,33.1,8.21,13.8,13.31,196.87,311.65
AXISCADES.NS,AXISCADES Technologies Limited,Engineering & Construction,Industrials,False,Cash,Stage 2,watchlist,28.83,7.92,15.0,35.7,66.17,2231.2
THELEELA.NS,Leela Palaces Hotels & Resorts Limited,Lodging,Consumer Cyclical,False,Cash,Stage 2,watchlist,53.17,7.53,5.29,0.6,32.01,573.8
EMIL.NS,Electronics Mart India Limited,Consumer Cyclical,Consumer Cyclical,False,Cash,Stage 2,watchlist,34.16,7.12,7.34,16.88,92.61,205.36
GREENPLY.NS,Greenply Industries Limited,Basic Materials,Basic Materials,False,Cash,Failed Stage 2,watchlist,37.38,7.03,0.52,4.8,12.01,299.95
NPST.NS,Network People Services Technologies Limited,Software - Application,Technology,False,Cash,Stage 2,watchlist,29.7,6.76,-4.33,6.71,29.31,1764.8
BOROLTD.NS,Borosil Limited,"Furnishings, Fixtures & Appliances",Consumer Cyclical,False,Cash,Stage 1,watchlist,20.52,6.22,9.67,21.31,6.07,293.38
AEGISLOG.NS,Aegis Logistics Limited,Oil & Gas Refining & Marketing,Energy,False,Cash,Stage 2,watchlist,31.42,6.18,-1.74,13.19,94.51,1380.1
JWL.NS,Jupiter Wagons Limited,Industrials,Industrials,False,Cash,Stage 4,watchlist,8.83,6.05,-0.02,-3.81,-30.85,233.12
VESUVIUS.NS,Vesuvius India Limited,Specialty Industrial Machinery,Industrials,False,Cash,Stage 4,watchlist,24.21,6.0,7.09,1.96,-11.8,424.2
ICIL.NS,Indo Count Industries Limited,Textile Manufacturing,Consumer Cyclical,False,Cash,Stage 2,watchlist,50.02,5.85,-3.39,6.22,62.87,460.4
SOLARINDS.NS,Solar Industries India Limited,Specialty Chemicals,Basic Materials,True,F&O,Stage 2,watchlist,35.91,5.63,-0.15,-1.79,62.02,19700.0
TRANSRAILL.NS,Transrail Lighting Limited,Engineering & Construction,Industrials,False,Cash,Stage 4,watchlist,2.07,5.48,-2.56,10.44,-13.6,476.4
SYRMA.NS,Syrma SGS Technology Limited,Electronic Components,Technology,False,Cash,Stage 2,watchlist,57.59,5.33,3.69,23.14,148.09,1782.9
RPEL.NS,Raghav Productivity Enhancers Limited,Chemicals,Basic Materials,False,Cash,Stage 2,watchlist,30.43,5.29,5.68,4.74,87.63,1809.0
JKCEMENT.NS,JK Cement Limited,Building Materials,Basic Materials,False,Cash,Stage 4,watchlist,0.89,5.21,-0.18,-0.05,-7.33,5076.0
CUB.NS,City Union Bank Limited,Banks - Regional,Financial Services,False,Cash,Stage 2,watchlist,53.01,5.18,0.32,-3.8,5.27,226.05
STLTECH.NS,Sterlite Technologies Limited,Communication Equipment,Technology,False,Cash,Stage 2,watchlist,34.41,5.0,4.94,31.17,787.71,909.9
HFCL.NS,HFCL Limited,Communication Equipment,Technology,False,Cash,Stage 2,watchlist,24.86,5.0,4.44,-3.98,229.7,227.02
MTARTECH.NS,Mtar Technologies Limited,Specialty Industrial Machinery,Industrials,False,Cash,Stage 2,watchlist,20.76,5.0,7.01,12.24,225.49,7797.0
INDOTHAI.NS,Indo Thai Securities Limited,Capital Markets,Financial Services,False,Cash,Stage 4,watchlist,0.0,4.98,8.94,-19.41,-88.07,33.52
ICICIGI.NS,ICICI Lombard General Insurance Company Limited,Financial Services,Financial Services,True,F&O,Stage 4,watchlist,0.5,4.95,5.96,1.47,-18.44,1590.0
TEXRAIL.NS,Texmaco Rail & Engineering Limited,Industrials,Industrials,False,Cash,Stage 1,watchlist,33.31,4.82,5.6,17.25,-2.98,131.73
LTTS.NS,L&T Technology Services Limited,Information Technology Services,Technology,False,Cash,Stage 4,watchlist,10.02,4.77,-0.08,-10.01,-25.46,3228.6
WSTCSTPAPR.NS,West Coast Paper Mills Limited,Basic Materials,Basic Materials,False,Cash,Stage 2,watchlist,32.44,4.71,-1.43,12.7,77.77,736.6
ITDC.NS,India Tourism Development Corporation Limited,Lodging,Consumer Cyclical,False,Cash,Stage 2,watchlist,32.8,4.64,-2.13,7.11,13.76,687.65
GMRP&UI.NS,GMR Power and Urban Infra Limited,Energy,Energy,False,Cash,Not Sure,watchlist,32.63,4.63,7.39,17.21,-5.3,105.38
CREDITACC.NS,CREDITACCESS GRAMEEN LIMITED,Credit Services,Financial Services,False,Cash,Failed Stage 2,watchlist,7.76,4.58,-5.75,-8.71,1.02,1272.0
PRESTIGE.NS,Prestige Estates Projects Limited,Real Estate,Real Estate,True,F&O,Failed Stage 2,watchlist,17.88,4.54,-0.54,-5.61,-7.5,1481.9
MIDHANI.NS,Mishra Dhatu Nigam Limited,Steel,Basic Materials,False,Cash,Stage 2,watchlist,36.77,4.43,5.15,5.16,28.79,437.65
PVRINOX.NS,PVR INOX Limited,Communication Services,Communication Services,False,Cash,Stage 2,watchlist,39.1,4.42,-5.68,1.18,22.19,1242.7
CARBORUNIV.NS,Carborundum Universal Limited,Conglomerates,Industrials,False,Cash,Stage 2,watchlist,36.26,4.33,-0.95,13.81,46.31,1252.5
CYIENT.NS,Cyient Limited,Conglomerates,Industrials,False,Cash,Stage 1,watchlist,17.5,4.3,2.66,-5.49,-0.76,1100.7
DYNAMATECH.NS,Dynamatic Technologies Limited,Auto Parts,Consumer Cyclical,False,Cash,Stage 2,watchlist,35.02,4.18,8.36,16.55,47.15,13611.0
ABSLAMC.NS,Aditya Birla Sun Life AMC Limited,Asset Management,Financial Services,False,Cash,Failed Stage 2,watchlist,3.44,4.12,-3.05,-3.28,20.97,995.3
GRINDWELL.NS,Grindwell Norton Limited,Building Products & Equipment,Industrials,False,Cash,Stage 2,watchlist,33.22,4.04,0.83,0.54,29.19,1994.1
SANSERA.NS,Sansera Engineering Limited,Auto Parts,Consumer Cyclical,False,Cash,Stage 2,watchlist,27.13,4.02,-1.82,16.37,157.27,4537.5
FIVESTAR.NS,Five-Star Business Finance Limited,Credit Services,Financial Services,False,Cash,Failed Stage 2,watchlist,29.88,3.94,-5.98,-3.95,-2.92,516.85
ADANIPOWER.NS,Adani Power Limited,Utilities,Utilities,True,F&O,Failed Stage 2,watchlist,11.72,3.92,-0.39,-0.18,37.13,204.0
POWERMECH.NS,Power Mech Projects Limited,Engineering & Construction,Industrials,False,Cash,Not Sure,watchlist,42.84,3.89,1.51,0.44,9.39,2490.5
GPPL.NS,Gujarat Pipavav Port Limited,Marine Shipping,Industrials,False,Cash,Not Sure,watchlist,42.38,3.87,1.6,1.66,-5.66,166.75
EMBDL.NS,Embassy Developments Limited,Real Estate,Real Estate,False,Cash,Not Sure,watchlist,6.98,3.87,-4.43,-1.88,-1.6,58.51
PARKHOTELS.NS,Apeejay Surrendra Park Hotels Limited,Lodging,Consumer Cyclical,False,Cash,Stage 4,watchlist,2.0,3.82,-0.35,-4.69,-19.57,105.92
KSB.NS,Ksb Limited,Specialty Industrial Machinery,Industrials,False,Cash,Not Sure,watchlist,50.92,3.79,4.0,3.37,15.29,856.1
NTPCGREEN.NS,NTPC Green Energy Limited,Utilities - Renewable,Utilities,False,Cash,Stage 1,watchlist,20.63,3.76,-2.15,4.66,-1.93,93.37
KAJARIACER.NS,Kajaria Ceramics Limited,Building Products & Equipment,Industrials,False,Cash,Failed Stage 2,watchlist,70.99,3.75,1.54,-0.28,28.92,1235.1
JKTYRE.NS,JK Tyre & Industries Limited,Auto Parts,Consumer Cyclical,False,Cash,Stage 4,watchlist,13.01,3.64,-2.35,-7.21,-32.16,347.0
EDELWEISS.NS,Edelweiss Financial Services Limited,Financial Services,Financial Services,False,Cash,Stage 2,watchlist,51.34,3.6,0.49,11.92,32.81,142.73
DEEDEV.NS,DEE Development Engineers Limited,Metal Fabrication,Industrials,False,Cash,Stage 2,watchlist,28.02,3.58,-4.82,9.39,224.55,676.9
KITEX.NS,Kitex Garments Limited,Apparel Manufacturing,Consumer Cyclical,False,Cash,Stage 4,watchlist,3.79,3.45,-1.47,-4.72,-33.51,119.55
UJJIVANSFB.NS,Ujjivan Small Finance Bank Limited,Banks - Regional,Financial Services,False,Cash,Stage 2,watchlist,39.19,3.43,2.26,3.27,26.4,67.5
GICRE.NS,General Insurance Corporation of India,Financial Services,Financial Services,False,Cash,Stage 1,watchlist,6.69,3.4,-3.78,-3.05,-8.97,331.15
ASKAUTOLTD.NS,ASK Automotive Limited,Auto Parts,Consumer Cyclical,False,Cash,Stage 2,watchlist,60.39,3.27,-1.71,0.7,34.32,640.1
AVANTEL.NS,Avantel Limited,Communication Equipment,Technology,False,Cash,Failed Stage 2,watchlist,28.92,3.24,5.4,-1.67,-1.42,154.06
LUMAXTECH.NS,Lumax Auto Technologies Limited,Auto Parts,Consumer Cyclical,False,Cash,Stage 2,watchlist,36.52,3.23,1.56,0.81,28.88,2076.7
DLF.NS,DLF Limited,Real Estate,Real Estate,True,F&O,Failed Stage 2,watchlist,26.52,3.22,-0.15,-0.17,-1.29,674.0
DEEPAKFERT.NS,Deepak Fertilizers and Petrochemicals Corporation Limited,Chemicals,Basic Materials,False,Cash,Stage 3,watchlist,5.71,3.22,-2.54,-5.36,9.39,1351.0
JSWHL.NS,JSW Holdings Limited,Conglomerates,Industrials,False,Cash,Stage 4,watchlist,23.12,3.15,0.11,-5.66,-42.62,11346.0
MAXESTATES.NS,Max Estates Limited,Real Estate,Real Estate,False,Cash,Stage 2,watchlist,46.54,3.14,-2.67,14.56,28.5,587.1
THERMAX.NS,Thermax Limited,Conglomerates,Industrials,False,Cash,Stage 4,watchlist,0.0,3.08,-2.1,-13.31,11.19,3392.2
BOSCHLTD.NS,Bosch Limited,Auto Parts,Consumer Cyclical,True,F&O,Stage 2,building_setup,75.74,3.06,-1.78,-5.8,31.18,47100.0
VARROC.NS,Varroc Engineering Limited,Auto Parts,Consumer Cyclical,False,Cash,Stage 2,watchlist,53.91,3.05,3.16,-1.6,42.37,862.95
RPTECH.NS,Rashi Peripherals Limited,Technology,Technology,False,Cash,Stage 2,watchlist,46.35,3.04,6.1,17.85,165.07,953.5
TATATECH.NS,Tata Technologies Limited,Information Technology Services,Technology,False,Cash,Failed Stage 2,watchlist,17.61,3.02,-1.25,-13.18,11.5,707.5
UNIONBANK.NS,Union Bank of India,Banks - Regional,Financial Services,True,F&O,Failed Stage 2,watchlist,17.69,3.01,-5.0,-7.52,14.63,171.0
MINDACORP.NS,Minda Corporation Limited,Auto Parts,Consumer Cyclical,False,Cash,Stage 2,watchlist,34.0,2.99,0.55,-2.74,18.71,692.85
MOTHERSON.NS,Samvardhana Motherson International Limited,Auto Parts,Consumer Cyclical,True,F&O,Stage 2,watchlist,45.39,2.96,-0.69,-1.41,33.9,163.26
UNIMECH.NS,Unimech Aerospace and Manufacturing Limited,Aerospace & Defense,Industrials,False,Cash,Stage 2,watchlist,46.67,2.93,0.46,16.87,88.75,1724.0
GABRIEL.NS,Gabriel India Limited,Auto Parts,Consumer Cyclical,False,Cash,Stage 2,watchlist,41.56,2.91,-6.04,-5.92,29.42,1341.8
SAMHI.NS,Samhi Hotels Limited,Lodging,Consumer Cyclical,False,Cash,Stage 4,watchlist,2.0,2.91,-3.96,0.41,-14.26,153.68
ECLERX.NS,eClerx Services Limited,Information Technology Services,Technology,False,Cash,Stage 3,watchlist,4.07,2.84,-5.42,-7.8,-24.47,1819.9
DALBHARAT.NS,Dalmia Bharat Limited,Building Materials,Basic Materials,True,F&O,Stage 4,watchlist,11.8,2.83,-3.46,-6.8,-20.95,1683.7
IOLCP.NS,IOL Chemicals and Pharmaceuticals Limited,Drug Manufacturers - Specialty & Generic,Healthcare,False,Cash,Stage 2,watchlist,51.24,2.78,0.23,8.71,155.4,207.08
EQUITASBNK.NS,Equitas Small Finance Bank Limited,Banks - Regional,Financial Services,False,Cash,Failed Stage 2,watchlist,15.4,2.77,-4.62,-6.12,7.67,68.93
LTM.NS,LTM Limited,Information Technology Services,Technology,True,F&O,Stage 4,watchlist,7.71,2.77,-0.98,-12.54,-32.93,4045.0
FSL.NS,Firstsource Solutions Limited,Information Technology Services,Technology,False,Cash,Stage 3,watchlist,0.0,2.77,-4.5,-3.83,-21.74,255.8
IOC.NS,Indian Oil Corporation Limited,Oil & Gas Refining & Marketing,Energy,True,F&O,Stage 3,watchlist,26.47,2.74,-2.33,-1.17,-16.9,134.93
KOTAKBANK.NS,Kotak Mahindra Bank Limited,Banks - Regional,Financial Services,True,F&O,Stage 1,watchlist,31.61,2.71,0.91,-1.88,-5.83,417.0
GODIGIT.NS,Go Digit General Insurance Limited,Financial Services,Financial Services,False,Cash,Stage 4,watchlist,2.62,2.71,6.14,-0.27,-25.01,260.05
INDUSINDBK.NS,IndusInd Bank Limited,Banks - Regional,Financial Services,True,F&O,Failed Stage 2,watchlist,2.0,2.67,-6.04,-9.19,1.42,901.4
DOMS.NS,DOMS Industries Limited,Industrials,Industrials,False,Cash,Stage 4,watchlist,22.78,2.66,-1.61,-5.62,-18.88,2107.0
SAREGAMA.NS,Saregama India Limited,Communication Services,Communication Services,False,Cash,Stage 2,watchlist,50.95,2.65,-0.09,2.59,44.42,506.55
JKIL.NS,J.Kumar Infraprojects Limited,Engineering & Construction,Industrials,False,Cash,Stage 4,watchlist,15.49,2.64,-3.4,-3.95,-18.74,463.3
CIEINDIA.NS,CIE Automotive India Limited,Auto Parts,Consumer Cyclical,False,Cash,Stage 4,watchlist,7.06,2.62,0.55,-1.16,-9.72,386.3
HAL.NS,Hindustan Aeronautics Limited,Aerospace & Defense,Industrials,True,F&O,Stage 2,watchlist,59.94,2.61,-3.47,-2.9,7.24,4668.0
RATEGAIN.NS,Rategain Travel Technologies Limited,Software - Application,Technology,False,Cash,Failed Stage 2,watchlist,30.05,2.6,-0.03,-6.55,21.3,851.55
PNCINFRA.NS,PNC Infratech Limited,Engineering & Construction,Industrials,False,Cash,Stage 4,watchlist,0.0,2.6,-4.3,-29.14,-46.76,133.18
MASTEK.NS,Mastek Limited,Information Technology Services,Technology,False,Cash,Stage 4,watchlist,5.1,2.59,-0.67,-13.27,-25.03,1562.8
JMFINANCIL.NS,JM Financial Limited,Capital Markets,Financial Services,False,Cash,Stage 1,watchlist,27.21,2.58,1.18,0.6,-11.22,129.02
HDFCAMC.NS,HDFC Asset Management Company Limited,Asset Management,Financial Services,True,F&O,Stage 4,watchlist,0.0,2.58,-6.85,-10.38,-11.99,2280.7
LODHA.NS,Lodha Developers Limited,Real Estate,Real Estate,True,F&O,Stage 2,watchlist,33.43,2.57,-2.37,-4.93,6.17,1135.0
IGL.NS,Indraprastha Gas Limited,Utilities,Utilities,False,Cash,Stage 4,watchlist,0.0,2.53,-1.01,-2.83,-22.69,145.61
CENTURYPLY.NS,Century Plyboards (India) Limited,Basic Materials,Basic Materials,False,Cash,Stage 4,watchlist,0.0,2.53,-4.22,-9.62,-17.37,681.85
IDFCFIRSTB.NS,IDFC First Bank Limited,Banks - Regional,Financial Services,True,F&O,Stage 2,watchlist,40.74,2.49,-7.35,-4.08,-4.59,81.44
HEXT.NS,Hexaware Technologies Limited,Information Technology Services,Technology,False,Cash,Stage 4,watchlist,4.02,2.49,-1.18,-10.34,-33.58,494.1
RAILTEL.NS,Railtel Corporation Of India Limited,Telecom Services,Communication Services,False,Cash,Stage 4,watchlist,10.57,2.47,-1.15,-4.41,-27.82,265.65
NAVA.NS,NAVA LIMITED,Conglomerates,Industrials,False,Cash,Stage 4,watchlist,15.5,2.45,1.03,-0.75,-0.08,559.35
MPSLTD.NS,MPS Limited,Communication Services,Communication Services,False,Cash,Stage 2,watchlist,52.84,2.44,0.29,1.75,34.64,2699.0
CLEAN.NS,Clean Science and Technology Limited,Specialty Chemicals,Basic Materials,False,Cash,Stage 1,watchlist,25.22,2.4,-5.05,-3.51,-6.86,794.35
MAHLOG.NS,Mahindra Logistics Limited,Industrials,Industrials,False,Cash,Stage 2,watchlist,47.87,2.38,4.63,12.56,37.28,435.85
ELGIEQUIP.NS,Elgi Equipments Limited,Specialty Industrial Machinery,Industrials,False,Cash,Stage 2,watchlist,43.62,2.35,-0.95,-3.19,28.47,608.85
NLCINDIA.NS,NLC India Limited,Utilities,Utilities,False,Cash,Stage 4,watchlist,0.46,2.33,-2.02,-4.5,3.72,261.7
RAYMOND.NS,Raymond Limited,Specialty Industrial Machinery,Industrials,False,Cash,Stage 2,watchlist,39.84,2.3,8.83,90.94,185.02,1213.05
NUVOCO.NS,Nuvoco Vistas Corporation Limited,Building Materials,Basic Materials,False,Cash,Not Sure,watchlist,31.28,2.3,-2.02,4.63,-3.54,337.8
INDIGO.NS,InterGlobe Aviation Limited,Industrials,Industrials,True,F&O,Failed Stage 2,watchlist,13.71,2.3,-0.88,-1.35,-2.48,4984.0
BDL.NS,Bharat Dynamics Limited,Aerospace & Defense,Industrials,True,F&O,Stage 4,watchlist,12.67,2.3,-4.38,-11.16,-24.78,1110.1
ICICIBANK.NS,ICICI Bank Limited,Banks - Regional,Financial Services,True,F&O,Stage 3,watchlist,17.63,2.28,-1.37,-8.09,-0.39,1321.7
MBAPL.NS,Madhya Bharat Agro Products Limited,Agricultural Inputs,Basic Materials,False,Cash,Stage 2,watchlist,39.5,2.27,1.86,6.13,99.49,170.63
PERSISTENT.NS,Persistent Systems Limited,Information Technology Services,Technology,True,F&O,Stage 1,watchlist,2.99,2.27,0.74,-8.98,-15.38,5279.0
GARFIBRES.NS,Garware Technical Fibres Limited,Textile Manufacturing,Consumer Cyclical,False,Cash,Stage 2,watchlist,30.01,2.26,-2.07,-8.53,10.8,770.85
AMBUJACEM.NS,Ambuja Cements Limited,Building Materials,Basic Materials,True,F&O,Stage 4,watchlist,8.94,2.26,-4.77,-7.01,-32.84,374.0
TEGA.NS,Tega Industries Limited,Specialty Industrial Machinery,Industrials,False,Cash,Stage 2,watchlist,41.77,2.24,1.34,34.3,8.17,2106.7
ITCHOTELS.NS,ITC Hotels Limited,Consumer Cyclical,Consumer Cyclical,False,Cash,Not Sure,watchlist,9.85,2.24,1.8,1.58,-15.94,164.13
RECLTD.NS,REC Limited,Credit Services,Financial Services,True,F&O,Stage 4,watchlist,2.0,2.24,-4.01,-4.79,-15.56,299.0
JUBLINGREA.NS,Jubilant Ingrevia Limited,Specialty Chemicals,Basic Materials,False,Cash,Not Sure,watchlist,22.8,2.21,1.91,-5.78,-6.95,653.2
MAHSEAMLES.NS,Maharashtra Seamless Limited,Steel,Basic Materials,False,Cash,Stage 2,watchlist,48.2,2.19,4.97,13.55,34.99,737.65
ACE.NS,Action Construction Equipment Limited,Farm & Heavy Construction Machinery,Industrials,False,Cash,Stage 2,watchlist,62.98,2.17,-1.75,12.84,30.76,1232.0
BRIGADE.NS,Brigade Enterprises Limited,Real Estate,Real Estate,False,Cash,Failed Stage 2,watchlist,18.17,2.17,-6.68,-10.83,-14.16,575.25
SRF.NS,SRF Limited,Conglomerates,Industrials,True,F&O,Stage 4,watchlist,4.02,2.17,-3.04,-4.61,-18.82,2472.5
STARCEMENT.NS,Star Cement Limited,Building Materials,Basic Materials,False,Cash,Stage 4,watchlist,0.0,2.17,-3.84,-1.98,-17.72,181.96
TFCILTD.NS,Tourism Finance Corporation of India Limited,Credit Services,Financial Services,False,Cash,Stage 2,watchlist,37.11,2.15,0.25,0.6,106.59,141.91
INDOSTAR.NS,IndoStar Capital Finance Limited,Credit Services,Financial Services,False,Cash,Failed Stage 2,watchlist,11.9,2.15,-6.04,-15.29,-11.54,213.54
OFSS.NS,Oracle Financial Services Software Limited,Software - Infrastructure,Technology,True,F&O,Failed Stage 2,watchlist,2.0,2.15,-2.02,-12.78,42.24,10630.0
MCX.NS,Multi Commodity Exchange of India Limited,Financial Services,Financial Services,True,F&O,Stage 2,watchlist,51.83,2.12,-2.18,-0.08,50.54,3300.4
TORNTPOWER.NS,Torrent Power Limited,Utilities,Utilities,False,Cash,Stage 4,watchlist,0.39,2.11,-1.07,2.18,-4.81,1245.9
KARURVYSYA.NS,Karur Vysya Bank Limited,Banks - Regional,Financial Services,False,Cash,Stage 2,watchlist,42.08,2.09,0.11,-6.56,21.5,324.8
NIVABUPA.NS,Niva Bupa Health Insurance Company Limited,Insurance - Life,Financial Services,False,Cash,Stage 4,watchlist,0.0,2.09,-6.76,-9.1,-0.36,74.81
SHREECEM.NS,SHREE CEMENT LIMITED,Building Materials,Basic Materials,True,F&O,Stage 4,watchlist,4.01,2.03,-0.69,-4.87,-16.52,22345.0
KPRMILL.NS,K.P.R. Mill Limited,Textile Manufacturing,Consumer Cyclical,False,Cash,Stage 2,watchlist,46.99,2.02,-2.94,-6.31,21.53,1103.3
FOSECOIND.NS,Foseco India Limited,Chemicals,Basic Materials,False,Cash,Stage 2,watchlist,53.43,2.01,-1.41,2.44,32.6,6462.5
INDHOTEL.NS,The Indian Hotels Company Limited,Lodging,Consumer Cyclical,True,F&O,Stage 2,watchlist,62.79,2.0,-2.02,1.48,-0.91,728.65
RPSGVENT.NS,RPSG VENTURES LIMITED,Information Technology Services,Technology,False,Cash,Failed Stage 2,watchlist,18.14,2.0,-0.15,0.25,13.86,850.5
PNBHOUSING.NS,PNB Housing Finance Limited,Mortgage Finance,Financial Services,True,F&O,Stage 2,watchlist,54.22,1.99,-1.62,-2.78,14.41,1120.0
LINDEINDIA.NS,Linde India Limited,Specialty Chemicals,Basic Materials,False,Cash,Stage 4,watchlist,7.41,1.99,0.59,-0.78,7.21,6323.0
RVNL.NS,Rail Vikas Nigam Limited,Engineering & Construction,Industrials,True,F&O,Stage 4,watchlist,0.0,1.95,-4.73,-3.18,-43.84,201.76
ETHOSLTD.NS,Ethos Limited,Luxury Goods,Consumer Cyclical,False,Cash,Failed Stage 2,watchlist,31.0,1.9,-4.62,-12.47,-13.84,2537.2
MAHSCOOTER.NS,Maharashtra Scooters Limited,Asset Management,Financial Services,False,Cash,Stage 3,watchlist,28.35,1.9,-5.22,-6.95,-9.99,12576.0
JSWINFRA.NS,JSW Infrastructure Limited,Marine Shipping,Industrials,False,Cash,Stage 2,watchlist,49.52,1.89,-1.93,6.51,26.28,356.6
LALPATHLAB.NS,Dr. Lal Path Labs Ltd.,Diagnostics & Research,Healthcare,False,Cash,Stage 2,watchlist,48.58,1.88,3.26,4.34,32.61,1987.0
ZFCVINDIA.NS,ZF Commercial Vehicle Control Systems India Limited,Auto Parts,Consumer Cyclical,False,Cash,Stage 1,watchlist,5.0,1.88,-0.69,-8.12,-4.47,2341.0
SSWL.NS,Steel Strips Wheels Limited,Auto Parts,Consumer Cyclical,False,Cash,Stage 2,watchlist,28.14,1.86,9.72,14.71,95.22,408.1
ADFFOODS.NS,ADF Foods Limited,Packaged Foods,Consumer Defensive,False,Cash,Failed Stage 2,watchlist,28.71,1.79,1.88,3.0,34.08,273.1
MRF.NS,MRF Limited,Auto Parts,Consumer Cyclical,False,Cash,Stage 4,watchlist,23.91,1.79,0.56,-5.33,-17.18,125280.0
BANCOINDIA.NS,Banco Products (I) Limited,Auto Parts,Consumer Cyclical,False,Cash,Stage 4,watchlist,20.57,1.79,-0.89,-0.97,-8.77,606.3
AJANTPHARM.NS,Ajanta Pharma Limited,Drug Manufacturers - Specialty & Generic,Healthcare,False,Cash,Stage 2,watchlist,48.3,1.78,1.48,3.31,24.35,3620.8
GULFOILLUB.NS,Gulf Oil Lubricants India Limited,Specialty Chemicals,Basic Materials,False,Cash,Stage 2,watchlist,44.51,1.77,2.43,2.1,-3.11,1125.4
BAJAJHLDNG.NS,Bajaj Holdings & Investment Limited,Asset Management,Financial Services,True,F&O,Failed Stage 2,watchlist,43.29,1.77,-5.77,-4.06,-3.14,10788.0
POLYMED.NS,Poly Medicure Limited,Healthcare,Healthcare,False,Cash,Stage 2,watchlist,39.88,1.77,-3.06,-4.7,-3.75,1673.8
HEIDELBERG.NS,HeidelbergCement India Limited,Building Materials,Basic Materials,False,Cash,Stage 4,watchlist,0.0,1.77,-6.34,-12.26,-20.56,132.6
SONACOMS.NS,Sona BLW Precision Forgings Limited,Auto Parts,Consumer Cyclical,True,F&O,Stage 2,watchlist,59.7,1.76,-0.36,2.53,76.07,830.0
GANESHHOU.NS,GANESH HOUSING LIMITED,Real Estate,Real Estate,False,Cash,Failed Stage 2,watchlist,9.53,1.75,-3.63,-7.46,-10.35,719.0
ABB.NS,ABB India Limited,Specialty Industrial Machinery,Industrials,True,F&O,Failed Stage 2,watchlist,15.69,1.73,-4.83,-8.38,32.98,6776.0
PRAKASH.NS,Prakash Industries Limited,Steel,Basic Materials,False,Cash,Not Sure,watchlist,12.82,1.73,3.28,-0.48,-13.91,123.72
RCF.NS,Rashtriya Chemicals and Fertilizers Limited,Agricultural Inputs,Basic Materials,False,Cash,Stage 4,watchlist,3.79,1.72,0.31,-2.78,-23.2,109.97
GVT&D.NS,GE Vernova T&D India Limited,Specialty Industrial Machinery,Industrials,False,Cash,Failed Stage 2,watchlist,14.27,1.71,-4.89,-2.84,33.08,4201.0
EPL.NS,EPL Limited,Consumer Cyclical,Consumer Cyclical,False,Cash,Stage 2,watchlist,40.51,1.69,-0.88,-1.39,9.62,237.0
AZAD.NS,Azad Engineering Limited,Specialty Industrial Machinery,Industrials,False,Cash,Stage 2,watchlist,56.18,1.68,9.21,4.18,82.26,2963.2
VRLLOG.NS,VRL Logistics Limited,Industrials,Industrials,False,Cash,Failed Stage 2,watchlist,49.75,1.68,-1.58,-4.24,8.65,287.15
ALIVUS.NS,Alivus Life Sciences Limited,Drug Manufacturers - Specialty & Generic,Healthcare,False,Cash,Stage 2,watchlist,54.13,1.66,-0.27,-4.46,52.51,1379.3
TIPSMUSIC.NS,Tips Music Limited,Communication Services,Communication Services,False,Cash,Stage 2,watchlist,36.69,1.65,-1.89,2.23,21.94,657.85
IXIGO.NS,Le Travenues Technology Limited,Consumer Cyclical,Consumer Cyclical,False,Cash,Stage 4,watchlist,2.0,1.65,-0.62,2.72,-32.37,162.89
SAMBHV.NS,Sambhv Steel Tubes Limited,Steel,Basic Materials,False,Cash,Stage 2,watchlist,43.08,1.64,4.22,29.91,71.54,164.9
KRISHANA.NS,Krishana Phoschem Limited,Agricultural Inputs,Basic Materials,False,Cash,Stage 2,watchlist,32.44,1.64,0.04,-2.08,80.31,188.23
BERGEPAINT.NS,Berger Paints (I) Limited,Specialty Chemicals,Basic Materials,False,Cash,Stage 3,watchlist,5.61,1.62,-0.94,-7.21,-14.01,455.45
TIMKEN.NS,Timken India Limited,Tools & Accessories,Industrials,False,Cash,Not Sure,watchlist,12.17,1.61,-4.62,-2.29,3.2,3136.0
GODFRYPHLP.NS,Godfrey Phillips India Limited,Consumer Defensive,Consumer Defensive,True,F&O,Stage 4,watchlist,5.49,1.6,-5.55,-8.97,-16.2,1891.8
NITCO.NS,Nitco Limited,Building Products & Equipment,Industrials,False,Cash,Failed Stage 2,watchlist,0.0,1.58,-4.61,-5.68,-12.89,88.12
UFLEX.NS,UFLEX Limited,Consumer Cyclical,Consumer Cyclical,False,Cash,Stage 2,watchlist,39.32,1.57,-1.88,1.98,32.87,657.85
COFORGE.NS,Coforge Limited,Information Technology Services,Technology,True,F&O,Stage 2,watchlist,18.55,1.57,-1.87,-12.06,6.13,1749.1
IDEAFORGE.NS,Ideaforge Technology Limited,Technology,Technology,False,Cash,Stage 3,watchlist,21.47,1.56,1.46,-6.72,57.48,730.95
RTNINDIA.NS,RattanIndia Enterprises Limited,Consumer Cyclical,Consumer Cyclical,False,Cash,Stage 4,watchlist,2.0,1.56,-5.06,-13.19,-36.16,26.06
DATAPATTNS.NS,Data Patterns (India) Limited,Aerospace & Defense,Industrials,False,Cash,Stage 2,watchlist,31.76,1.55,-3.06,-5.06,65.16,4286.9
INDUSTOWER.NS,Indus Towers Limited,Telecom Services,Communication Services,True,F&O,Stage 4,watchlist,18.34,1.54,-3.01,-0.48,-11.14,373.2
HSCL.NS,Himadri Speciality Chemical Limited,Specialty Chemicals,Basic Materials,False,Cash,Stage 2,watchlist,54.94,1.53,1.51,-0.45,39.83,677.8
MAPMYINDIA.NS,C.E. Info Systems Limited,Software - Infrastructure,Technology,False,Cash,Stage 4,watchlist,5.79,1.53,-5.37,-14.16,-50.27,858.1
GMRAIRPORT.NS,GMR AIRPORTS LIMITED,Industrials,Industrials,True,F&O,Stage 4,watchlist,6.57,1.49,-4.02,1.09,-9.81,95.15
JUSTDIAL.NS,Just Dial Limited,Communication Services,Communication Services,False,Cash,Stage 2,watchlist,33.84,1.47,-3.95,-5.6,-8.28,666.15
JSWDULUX.NS,JSW Dulux Limited,Specialty Chemicals,Basic Materials,False,Cash,Stage 1,watchlist,10.79,1.47,-2.59,-2.05,-1.85,3079.0
KTKBANK.NS,The Karnataka Bank Limited,Banks - Regional,Financial Services,False,Cash,Stage 2,watchlist,36.78,1.46,-4.1,0.98,61.48,329.0
AVL.NS,Aditya Vision Limited,Consumer Cyclical,Consumer Cyclical,False,Cash,Stage 2,watchlist,30.81,1.46,-4.81,-1.61,23.57,594.35
STEELCAS.NS,Steelcast Limited,Steel,Basic Materials,False,Cash,Stage 2,watchlist,40.1,1.45,4.87,10.99,79.95,377.2
AGI.NS,AGI Greenpac Limited,Consumer Cyclical,Consumer Cyclical,False,Cash,Stage 2,watchlist,37.95,1.45,-3.92,3.78,7.91,804.4
ROSSTECH.NS,Rossell Techsys Limited,Aerospace & Defense,Industrials,False,Cash,Stage 2,watchlist,37.66,1.45,3.68,32.33,139.86,1503.2
GESHIP.NS,The Great Eastern Shipping Company Limited,Marine Shipping,Industrials,False,Cash,Stage 2,watchlist,45.53,1.44,5.14,17.68,43.49,1560.0
ADANIGREEN.NS,Adani Green Energy Limited,Utilities - Renewable,Utilities,True,F&O,Stage 3,watchlist,0.0,1.43,-1.76,1.03,24.57,1278.0
FEDFINA.NS,Fedbank Financial Services Limited,Credit Services,Financial Services,False,Cash,Failed Stage 2,watchlist,32.36,1.41,-1.6,-3.99,-2.28,150.96
MOSCHIP.NS,Moschip Technologies Limited,Technology,Technology,False,Cash,Stage 3,watchlist,16.59,1.4,-2.93,-6.51,-0.46,201.25
CENTRALBK.NS,Central Bank of India,Banks - Regional,Financial Services,False,Cash,Stage 4,watchlist,16.14,1.4,-3.7,0.49,-17.22,30.46
CEIGALL.NS,Ceigall India Limited,Engineering & Construction,Industrials,False,Cash,Stage 2,watchlist,42.77,1.38,-1.57,11.19,41.06,382.75
EXIDEIND.NS,Exide Industries Limited,Auto Parts,Consumer Cyclical,True,F&O,Stage 2,watchlist,32.45,1.38,-3.13,-5.42,14.13,412.6
GALAXYSURF.NS,Galaxy Surfactants Limited,Specialty Chemicals,Basic Materials,False,Cash,Stage 2,watchlist,67.13,1.37,4.99,3.42,15.98,2332.8
DMART.NS,Avenue Supermarts Limited,Consumer Defensive,Consumer Defensive,True,F&O,Stage 1,watchlist,0.0,1.37,-0.87,-0.59,2.3,3801.4
GOKEX.NS,Gokaldas Exports Limited,Apparel Manufacturing,Consumer Cyclical,False,Cash,Failed Stage 2,watchlist,0.0,1.36,-3.16,-11.88,-6.05,687.8
INDIANB.NS,Indian Bank,Banks - Regional,Financial Services,True,F&O,Stage 1,watchlist,23.25,1.34,-4.29,-8.6,-1.14,805.9
LICI.NS,Life Insurance Corporation Of India,Insurance - Life,Financial Services,True,F&O,Not Sure,watchlist,4.81,1.33,-3.02,-4.11,-5.14,395.2
ZYDUSWELL.NS,Zydus Wellness Limited,Packaged Foods,Consumer Defensive,False,Cash,Failed Stage 2,watchlist,26.68,1.32,-3.43,-3.03,10.68,512.8
JYOTHYLAB.NS,Jyothy Labs Limited,Household & Personal Products,Consumer Defensive,False,Cash,Stage 4,watchlist,2.0,1.32,-3.82,-8.84,-31.6,186.7
CCL.NS,CCL Products (India) Limited,Packaged Foods,Consumer Defensive,False,Cash,Failed Stage 2,watchlist,0.0,1.32,-2.27,-7.33,12.61,1019.5
BEML.NS,BEML Limited,Conglomerates,Industrials,False,Cash,Stage 2,watchlist,41.61,1.31,-4.92,1.72,8.78,1992.4
PREMEXPLN.NS,Premier Explosives Limited,Specialty Chemicals,Basic Materials,False,Cash,Stage 2,watchlist,42.63,1.3,1.33,3.11,32.37,684.1
CARRARO.NS,Carraro India Limited,Auto Parts,Consumer Cyclical,False,Cash,Failed Stage 2,watchlist,21.64,1.29,-4.89,-1.49,1.99,527.5
BPCL.NS,Bharat Petroleum Corporation Limited,Oil & Gas Refining & Marketing,Energy,True,F&O,Stage 3,watchlist,7.47,1.29,-3.97,-4.55,-18.28,303.2
ATHERENERG.NS,Ather Energy Limited,Auto Manufacturers,Consumer Cyclical,False,Cash,Stage 2,watchlist,35.88,1.28,-4.96,-17.42,92.96,1425.0
BANKBARODA.NS,Bank of Baroda,Banks - Regional,Financial Services,True,F&O,Stage 4,watchlist,2.74,1.26,-2.67,-3.01,-20.86,230.55
BORORENEW.NS,BOROSIL RENEWABLES LIMITED,Solar,Technology,False,Cash,Stage 4,watchlist,0.0,1.25,-3.55,-7.84,-14.99,458.15
VEEDOL.NS,Veedol Corporation Limited,Specialty Chemicals,Basic Materials,False,Cash,Not Sure,watchlist,18.13,1.24,0.55,-7.82,-13.67,1373.3
MAZDOCK.NS,Mazagon Dock Shipbuilders Limited,Aerospace & Defense,Industrials,True,F&O,Stage 4,watchlist,14.13,1.24,-4.45,-14.97,-14.26,2113.0
JSL.NS,Jindal Stainless Limited,Steel,Basic Materials,False,Cash,Stage 1,watchlist,36.22,1.23,-1.47,1.83,-11.98,747.4
AARTIIND.NS,Aarti Industries Limited,Specialty Chemicals,Basic Materials,False,Cash,Failed Stage 2,watchlist,24.31,1.23,-3.19,-9.18,26.87,475.7
ITI.NS,ITI Limited,Communication Equipment,Technology,False,Cash,Stage 4,watchlist,10.0,1.23,-4.2,-8.25,-20.73,246.4
SBFC.NS,SBFC Finance Limited,Credit Services,Financial Services,False,Cash,Stage 4,watchlist,12.67,1.21,-6.28,-14.48,-16.9,85.48
PNB.NS,Punjab National Bank,Banks - Regional,Financial Services,True,F&O,Stage 3,watchlist,33.37,1.17,-4.43,-1.87,-6.13,113.06
ULTRACEMCO.NS,UltraTech Cement Limited,Building Materials,Basic Materials,True,F&O,Stage 1,watchlist,16.7,1.17,-1.78,-3.89,-6.06,10956.0
BLUEDART.NS,Blue Dart Express Limited,Industrials,Industrials,False,Cash,Stage 4,watchlist,19.42,1.16,-3.55,-5.99,-18.45,4629.0
NAZARA.NS,Nazara Technologies Limited,Communication Services,Communication Services,False,Cash,Stage 2,watchlist,50.31,1.15,5.41,6.85,40.3,392.85
AXISBANK.NS,Axis Bank Limited,Banks - Regional,Financial Services,True,F&O,Stage 4,watchlist,14.8,1.15,-1.38,-2.54,-3.72,1226.0
PARAGMILK.NS,Parag Milk Foods Limited,Packaged Foods,Consumer Defensive,False,Cash,Stage 1,watchlist,14.77,1.15,1.02,5.27,-10.0,271.65
SHRIRAMFIN.NS,Shriram Finance Limited,Credit Services,Financial Services,True,F&O,Failed Stage 2,watchlist,13.38,1.15,-2.78,-7.21,-3.08,982.7
KPIL.NS,Kalpataru Projects International Limited,Engineering & Construction,Industrials,False,Cash,Stage 2,watchlist,41.0,1.14,-2.21,-1.97,15.76,1380.6
HARSHA.NS,Harsha Engineers International Limited,Tools & Accessories,Industrials,False,Cash,Stage 2,watchlist,57.52,1.13,1.25,3.66,21.04,470.3
SAIL.NS,Steel Authority of India Limited,Steel,Basic Materials,True,F&O,Stage 2,watchlist,49.5,1.13,-0.85,-4.73,23.86,181.49
TDPOWERSYS.NS,TD Power Systems Limited,Specialty Industrial Machinery,Industrials,False,Cash,Stage 2,watchlist,36.32,1.12,2.68,3.69,133.56,786.05
INDIGOPNTS.NS,Indigo Paints Limited,Specialty Chemicals,Basic Materials,False,Cash,Stage 2,watchlist,23.12,1.12,-4.3,-6.55,-7.7,1091.0
MARATHON.NS,Marathon Nextgen Realty Limited,Real Estate,Real Estate,False,Cash,Stage 4,watchlist,7.51,1.1,-7.21,-10.22,-28.37,389.15
AFCONS.NS,Afcons Infrastructure Limited,Engineering & Construction,Industrials,False,Cash,Stage 4,watchlist,0.0,1.1,-4.07,-13.13,-36.5,247.8
SMARTWORKS.NS,Smartworks Coworking Spaces Limited,Real Estate Services,Real Estate,False,Cash,Stage 2,watchlist,25.12,1.09,-3.92,-1.15,2.84,519.85
WIPRO.NS,Wipro Limited,Information Technology Services,Technology,True,F&O,Stage 4,watchlist,0.0,1.09,-3.88,-12.77,-38.49,158.5
BHARTIHEXA.NS,Bharti Hexacom Limited,Telecom Services,Communication Services,False,Cash,Stage 1,watchlist,12.09,1.07,-6.6,-5.77,-20.45,1424.5
NOCIL.NS,NOCIL Limited,Specialty Chemicals,Basic Materials,False,Cash,Stage 2,watchlist,31.09,1.06,-17.06,0.88,13.08,171.11
CHOLAHLDNG.NS,Cholamandalam Financial Holdings Limited,Credit Services,Financial Services,False,Cash,Stage 4,watchlist,2.0,1.05,-5.85,-6.02,-26.15,1386.2
FINCABLES.NS,Finolex Cables Limited,Electrical Equipment & Parts,Industrials,False,Cash,Stage 2,watchlist,43.95,1.03,-1.35,17.01,85.75,1450.3
FUSION.NS,Fusion Finance Limited,Credit Services,Financial Services,False,Cash,Failed Stage 2,watchlist,13.38,1.03,-4.95,-10.05,9.75,175.08
AMBER.NS,Amber Enterprises India Limited,"Furnishings, Fixtures & Appliances",Consumer Cyclical,True,F&O,Stage 4,watchlist,12.8,1.0,-5.55,-11.13,3.49,6672.5
INDIAMART.NS,Indiamart Intermesh Limited,Communication Services,Communication Services,False,Cash,Stage 4,watchlist,5.0,1.0,-1.42,-7.67,-23.61,1629.0
MAYURUNIQ.NS,Mayur Uniquoters Ltd,Textile Manufacturing,Consumer Cyclical,False,Cash,Failed Stage 2,watchlist,19.85,0.98,1.58,-1.06,43.61,734.35
PRUDENT.NS,Prudent Corporate Advisory Services Limited,Asset Management,Financial Services,False,Cash,Failed Stage 2,watchlist,13.04,0.98,-6.67,-6.66,22.79,3129.2
BSOFT.NS,BIRLASOFT LIMITED,Information Technology Services,Technology,False,Cash,Stage 4,watchlist,9.0,0.98,-3.34,-8.15,-36.18,271.7
PDSL.NS,PDS Limited,Industrials,Industrials,False,Cash,Stage 2,watchlist,22.45,0.96,-2.52,-4.29,-5.29,352.3
ORIENTELEC.NS,Orient Electric Limited,"Furnishings, Fixtures & Appliances",Consumer Cyclical,False,Cash,Stage 4,watchlist,7.21,0.95,-5.93,-12.08,-8.55,158.11
VTL.NS,Vardhman Textiles Limited,Textile Manufacturing,Consumer Cyclical,False,Cash,Stage 4,watchlist,5.0,0.95,-4.78,-11.24,23.81,534.6
INDIAGLYCO.NS,India Glycols Limited,Chemicals,Basic Materials,False,Cash,Stage 4,watchlist,5.0,0.95,19.29,-72.35,-69.28,307.4
HOMEFIRST.NS,Home First Finance Company India Limited,Mortgage Finance,Financial Services,False,Cash,Failed Stage 2,watchlist,0.0,0.95,-8.38,-6.59,0.83,1104.8
WELSPUNLIV.NS,Welspun Living Limited,Textile Manufacturing,Consumer Cyclical,False,Cash,Stage 2,watchlist,31.94,0.94,1.59,14.58,72.26,227.33
ATGL.NS,Adani Total Gas Limited,Utilities,Utilities,False,Cash,Failed Stage 2,watchlist,0.0,0.93,-5.01,-3.22,0.0,593.9
PIIND.NS,PI Industries Limited,Agricultural Inputs,Basic Materials,True,F&O,Stage 4,watchlist,0.0,0.93,-3.19,-3.63,-27.86,2310.0
ANANDRATHI.NS,Anand Rathi Wealth Limited,Asset Management,Financial Services,False,Cash,Stage 2,watchlist,31.42,0.92,-2.27,-3.5,37.27,2120.0
GATEWAY.NS,Gateway Distriparks Limited,Industrials,Industrials,False,Cash,Stage 4,watchlist,13.22,0.91,-1.2,-1.55,-9.11,52.04
BAJAJHFL.NS,Bajaj Housing Finance Limited,Mortgage Finance,Financial Services,False,Cash,Stage 4,watchlist,7.9,0.91,-1.82,-1.03,-14.68,82.0
TMPV.NS,Tata Motors Passenger Vehicles Limited,Auto Manufacturers,Consumer Cyclical,True,F&O,Stage 4,watchlist,5.0,0.91,-5.66,-8.55,-22.23,283.5
NAVNETEDUL.NS,Navneet Education Limited,Communication Services,Communication Services,False,Cash,Stage 4,watchlist,5.0,0.91,-0.99,-8.98,-12.81,122.52
TMB.NS,Tamilnad Mercantile Bank Limited,Banks - Regional,Financial Services,False,Cash,Stage 2,watchlist,30.33,0.9,-5.44,-4.05,70.86,871.3
CONCOR.NS,Container Corporation of India Limited,Industrials,Industrials,True,F&O,Not Sure,watchlist,13.62,0.9,-3.69,-12.76,-13.63,447.5
TCS.NS,Tata Consultancy Services Limited,Information Technology Services,Technology,True,F&O,Stage 4,watchlist,0.0,0.9,-1.87,-13.44,-34.07,2050.6
AIIL.NS,Authum Investment & Infrastructure Limited,Capital Markets,Financial Services,False,Cash,Stage 2,watchlist,37.23,0.89,-2.64,1.35,-12.85,546.6
TECHM.NS,Tech Mahindra Limited,Information Technology Services,Technology,True,F&O,Stage 1,watchlist,21.8,0.89,-2.12,-6.96,-2.74,1524.0
FORCEMOT.NS,FORCE MOTORS LTD,Auto Manufacturers,Consumer Cyclical,True,F&O,Stage 4,watchlist,16.64,0.88,-1.72,-3.5,-18.01,17054.0
AEGISVOPAK.NS,Aegis Vopak Terminals Limited,Energy,Energy,False,Cash,Stage 2,watchlist,35.2,0.87,-1.98,9.89,17.76,296.8
AIAENG.NS,AIA Engineering Limited,Specialty Industrial Machinery,Industrials,False,Cash,Not Sure,watchlist,28.87,0.87,-2.54,-8.78,-3.64,3869.0
PNGJL.NS,P N Gadgil Jewellers Limited,Luxury Goods,Consumer Cyclical,False,Cash,Stage 1,watchlist,27.9,0.87,-2.45,0.6,-2.41,590.15
DCMSHRIRAM.NS,DCM Shriram Limited,Conglomerates,Industrials,False,Cash,Stage 4,watchlist,0.0,0.86,-6.57,-11.14,-27.35,915.6
3MINDIA.NS,3M India Limited,Conglomerates,Industrials,False,Cash,Stage 3,watchlist,7.96,0.85,-7.09,-3.48,-9.37,32160.0
DODLA.NS,Dodla Dairy Limited,Consumer Defensive,Consumer Defensive,False,Cash,Stage 4,watchlist,14.27,0.82,-2.78,-5.66,-16.93,1019.4
HINDUNILVR.NS,Hindustan Unilever Limited,Household & Personal Products,Consumer Defensive,True,F&O,Stage 4,watchlist,10.53,0.82,-3.64,-5.8,-18.29,1879.1
AADHARHFC.NS,Aadhar Housing Finance Limited,Mortgage Finance,Financial Services,False,Cash,Stage 4,watchlist,10.24,0.81,-4.08,-8.49,-9.43,436.0
GREENPANEL.NS,Greenpanel Industries Limited,Basic Materials,Basic Materials,False,Cash,Stage 4,watchlist,7.6,0.8,-5.18,0.14,-30.39,160.32
WHEELS.NS,Wheels India Limited,Auto Parts,Consumer Cyclical,False,Cash,Stage 2,watchlist,29.61,0.77,-0.86,44.05,159.9,2221.0
MARUTI.NS,Maruti Suzuki India Limited,Auto Manufacturers,Consumer Cyclical,True,F&O,Stage 4,watchlist,5.0,0.76,-2.15,-7.59,-27.66,11967.0
CEATLTD.NS,CEAT Limited,Auto Parts,Consumer Cyclical,False,Cash,Stage 4,watchlist,13.21,0.75,-4.89,-3.99,-12.64,3264.4
CAMS.NS,Computer Age Management Services Limited,Information Technology Services,Technology,True,F&O,Stage 4,watchlist,3.95,0.75,-7.31,-10.77,-7.5,671.0
SHAILY.NS,Shaily Engineering Plastics Limited,Specialty Chemicals,Basic Materials,False,Cash,Stage 2,watchlist,29.46,0.73,-4.61,-6.14,37.71,3063.0
SHAKTIPUMP.NS,Shakti Pumps (India) Limited,Specialty Industrial Machinery,Industrials,False,Cash,Stage 4,watchlist,17.05,0.73,-3.24,-3.47,-37.48,461.35
PURVA.NS,Puravankara Limited,Real Estate,Real Estate,False,Cash,Stage 4,watchlist,8.31,0.73,-4.83,-2.84,-14.34,206.34
STYRENIX.NS,Styrenix Performance Materials Limited,Chemicals,Basic Materials,False,Cash,Stage 3,watchlist,5.0,0.73,-5.38,0.19,1.62,2015.5
PITTIENG.NS,Pitti Engineering Limited,Metal Fabrication,Industrials,False,Cash,Stage 2,watchlist,66.82,0.72,-2.36,3.22,38.5,1139.5
MGL.NS,Mahanagar Gas Limited,Utilities,Utilities,False,Cash,Stage 3,watchlist,22.77,0.71,-3.18,-1.83,-3.69,1058.0
VAIBHAVGBL.NS,Vaibhav Global Limited,Luxury Goods,Consumer Cyclical,False,Cash,Stage 4,watchlist,10.0,0.7,-2.47,-6.75,-13.15,204.32
ABCAPITAL.NS,Aditya Birla Capital Limited,Financial Services,Financial Services,True,F&O,Stage 2,watchlist,39.68,0.69,-5.43,-3.51,5.15,380.6
UNOMINDA.NS,UNO Minda Limited,Auto Parts,Consumer Cyclical,True,F&O,Failed Stage 2,watchlist,18.36,0.69,-4.34,-8.19,-8.86,1170.0
BAYERCROP.NS,Bayer Cropscience Limited,Agricultural Inputs,Basic Materials,False,Cash,Stage 4,watchlist,0.0,0.69,-3.59,-9.03,-19.03,3627.6
NEOGEN.NS,Neogen Chemicals Limited,Specialty Chemicals,Basic Materials,False,Cash,Stage 2,watchlist,37.0,0.67,2.49,13.82,108.57,2451.6
AFFLE.NS,Affle 3i Limited,Communication Services,Communication Services,False,Cash,Stage 3,watchlist,22.48,0.67,-4.63,-3.46,-15.18,1511.0
ADANIENSOL.NS,Adani Energy Solutions Limited,Utilities,Utilities,True,F&O,Failed Stage 2,watchlist,0.0,0.67,-4.74,-4.88,25.63,1314.6
HCLTECH.NS,HCL Technologies Limited,Information Technology Services,Technology,True,F&O,Stage 4,watchlist,3.83,0.65,-2.12,-8.98,-21.96,1230.0
MANYAVAR.NS,Vedant Fashions Limited,Apparel Manufacturing,Consumer Cyclical,False,Cash,Stage 2,watchlist,46.93,0.64,0.74,-0.74,-5.71,535.1
JTEKTINDIA.NS,Jtekt India Limited,Auto Parts,Consumer Cyclical,False,Cash,Stage 4,watchlist,9.73,0.64,-2.84,-7.27,-16.95,116.58
HEROMOTOCO.NS,Hero MotoCorp Limited,Auto Manufacturers,Consumer Cyclical,True,F&O,Stage 1,watchlist,24.78,0.63,-2.84,-5.65,-7.19,5241.0
IRCTC.NS,Indian Railway Catering And Tourism Corporation Limited,Consumer Cyclical,Consumer Cyclical,False,Cash,Stage 4,watchlist,10.89,0.63,-1.81,-5.29,-33.14,455.4
NBCC.NS,NBCC (India) Limited,Engineering & Construction,Industrials,True,F&O,Stage 4,watchlist,0.0,0.63,-6.54,-7.86,-35.18,78.5
NFL.NS,National Fertilizers Limited,Agricultural Inputs,Basic Materials,False,Cash,Stage 4,watchlist,0.0,0.63,-3.89,-6.15,-26.74,65.2
NESCO.NS,Nesco Limited,Conglomerates,Industrials,False,Cash,Stage 4,watchlist,14.23,0.62,-2.93,0.28,-13.99,1046.9
HAPPSTMNDS.NS,Happiest Minds Technologies Limited,Information Technology Services,Technology,False,Cash,Stage 4,watchlist,0.0,0.62,-2.23,-14.36,-31.22,310.6
CRIZAC.NS,Crizac Limited,Consumer Defensive,Consumer Defensive,False,Cash,Stage 4,watchlist,0.0,0.62,-3.61,3.33,-38.12,170.12
DIACABS.NS,Diamond Power Infrastructure Limited,Specialty Industrial Machinery,Industrials,False,Cash,Stage 2,watchlist,19.36,0.61,-6.26,3.99,156.83,354.2
IREDA.NS,Indian Renewable Energy Development Agency Limited,Credit Services,Financial Services,True,F&O,Stage 4,watchlist,12.76,0.61,0.61,-1.56,-18.9,111.68
HUDCO.NS,Housing & Urban Development Corporation Limited,Credit Services,Financial Services,False,Cash,Stage 4,watchlist,8.86,0.61,-6.37,-6.72,-24.78,166.58
JKPAPER.NS,JK Paper Limited,Basic Materials,Basic Materials,False,Cash,Stage 2,watchlist,45.87,0.6,-5.19,-1.83,12.43,393.7
DCBBANK.NS,DCB Bank Limited,Banks - Regional,Financial Services,False,Cash,Stage 2,watchlist,44.52,0.58,-9.01,-9.29,16.69,203.54
BAJAJ-AUTO.NS,Bajaj Auto Limited,Auto Manufacturers,Consumer Cyclical,True,F&O,Stage 2,watchlist,21.66,0.58,-4.61,-12.03,15.37,10874.0
IEX.NS,Indian Energy Exchange Limited,Capital Markets,Financial Services,True,F&O,Stage 4,watchlist,0.0,0.57,-5.44,-10.23,-17.54,107.0
SUDARSCHEM.NS,Sudarshan Chemical Industries Limited,Specialty Chemicals,Basic Materials,False,Cash,Stage 2,watchlist,35.82,0.55,-2.67,-2.97,28.32,1203.9
PETRONET.NS,Petronet LNG Limited,Oil & Gas Refining & Marketing,Energy,True,F&O,Stage 3,watchlist,35.25,0.55,-0.47,-2.67,-0.11,284.5
UTIAMC.NS,UTI Asset Management Company Limited,Asset Management,Financial Services,False,Cash,Stage 4,watchlist,7.43,0.55,-3.03,0.33,-17.68,882.4
SANDHAR.NS,Sandhar Technologies Limited,Auto Parts,Consumer Cyclical,False,Cash,Failed Stage 2,watchlist,5.0,0.55,-0.99,-9.72,8.79,585.9
AARTIDRUGS.NS,Aarti Drugs Limited,Drug Manufacturers - Specialty & Generic,Healthcare,False,Cash,Stage 2,watchlist,64.94,0.54,-1.23,0.89,3.98,430.9
CHALET.NS,Chalet Hotels Limited,Lodging,Consumer Cyclical,False,Cash,Failed Stage 2,watchlist,27.48,0.53,-4.39,-5.72,-5.95,845.2
BHEL.NS,Bharat Heavy Electricals Limited,Specialty Industrial Machinery,Industrials,True,F&O,Stage 2,watchlist,50.47,0.52,-1.8,-2.59,43.02,415.5
BAJAJCON.NS,Bajaj Consumer Care Limited,Household & Personal Products,Consumer Defensive,False,Cash,Stage 3,watchlist,2.0,0.52,-2.04,5.0,86.51,495.55
GILLETTE.NS,Gillette India Limited,Household & Personal Products,Consumer Defensive,False,Cash,Stage 4,watchlist,2.0,0.52,-1.33,-5.65,-11.64,7000.0
AUBANK.NS,AU Small Finance Bank Limited,Banks - Regional,Financial Services,True,F&O,Failed Stage 2,watchlist,10.32,0.51,-4.06,-6.38,1.18,1010.3
LXCHEM.NS,Laxmi Organic Industries Limited,Specialty Chemicals,Basic Materials,False,Cash,Stage 2,watchlist,46.2,0.49,-5.88,7.56,5.81,177.36
SAPPHIRE.NS,Sapphire Foods India Limited,Consumer Cyclical,Consumer Cyclical,False,Cash,Failed Stage 2,watchlist,12.74,0.49,-8.38,-7.78,-19.27,212.08
ASHOKLEY.NS,Ashok Leyland Limited,Farm & Heavy Construction Machinery,Industrials,True,F&O,Stage 4,watchlist,12.66,0.49,-5.34,-9.58,-15.18,154.19
SUMICHEM.NS,Sumitomo Chemical India Limited,Agricultural Inputs,Basic Materials,False,Cash,Failed Stage 2,watchlist,0.0,0.49,-6.67,-15.74,-7.5,433.25
HINDZINC.NS,Hindustan Zinc Limited,Basic Materials,Basic Materials,True,F&O,Stage 1,watchlist,23.0,0.48,-4.95,-5.19,-5.82,566.0
NCC.NS,NCC Limited,Engineering & Construction,Industrials,False,Cash,Stage 4,watchlist,6.19,0.48,-5.27,-12.0,-19.03,128.88
SUNDARMFIN.NS,Sundaram Finance Limited,Credit Services,Financial Services,False,Cash,Stage 4,watchlist,14.98,0.47,-6.44,-4.08,-17.48,4355.0
VBL.NS,Varun Beverages Limited,Consumer Defensive,Consumer Defensive,True,F&O,Stage 3,watchlist,0.0,0.47,-0.95,6.44,-11.86,432.0
MASFIN.NS,MAS Financial Services Limited,Credit Services,Financial Services,False,Cash,Stage 4,watchlist,2.95,0.46,-0.63,-7.16,-10.97,282.7
GPIL.NS,Godawari Power And Ispat limited,Steel,Basic Materials,False,Cash,Stage 4,watchlist,11.73,0.45,-5.26,-8.66,-16.26,222.34
ZEEL.NS,Zee Entertainment Enterprises Limited,Communication Services,Communication Services,False,Cash,Stage 4,watchlist,10.48,0.45,-3.64,-18.37,-15.73,74.47
TCI.NS,Transport Corporation of India Limited,Industrials,Industrials,False,Cash,Stage 4,watchlist,11.94,0.44,5.15,-1.22,-18.79,872.5
JKLAKSHMI.NS,JK Lakshmi Cement Limited,Building Materials,Basic Materials,False,Cash,Stage 4,watchlist,8.97,0.44,-3.7,-6.07,-37.25,492.3
JINDALSTEL.NS,JINDAL STEEL LIMITED,Steel,Basic Materials,True,F&O,Stage 1,watchlist,38.02,0.43,-3.44,-2.16,6.41,1134.9
MUTHOOTMF.NS,Muthoot Microfin Limited,Credit Services,Financial Services,False,Cash,Failed Stage 2,watchlist,7.13,0.43,-5.7,-9.08,3.43,178.4
PFC.NS,Power Finance Corporation Limited,Credit Services,Financial Services,True,F&O,Stage 4,watchlist,2.0,0.43,-5.92,-5.87,-6.91,325.5
SIEMENS.NS,Siemens Limited,Specialty Industrial Machinery,Industrials,True,F&O,Stage 2,watchlist,36.9,0.42,-4.13,-7.55,21.11,3725.6
RELIANCE.NS,Reliance Industries Limited,Oil & Gas Refining & Marketing,Energy,True,F&O,Stage 4,watchlist,11.62,0.42,-4.89,-9.32,-24.32,1187.0
SOBHA.NS,Sobha Limited,Real Estate,Real Estate,False,Cash,Stage 4,watchlist,5.17,0.42,-1.78,-1.87,-16.15,1221.6
AUTOAXLES.NS,Automotive Axles Limited,Auto Parts,Consumer Cyclical,False,Cash,Stage 4,watchlist,19.91,0.41,1.46,-1.28,-7.73,1706.5
SFL.NS,Sheela Foam Limited,"Furnishings, Fixtures & Appliances",Consumer Cyclical,False,Cash,Failed Stage 2,watchlist,0.0,0.41,-1.4,-1.65,7.61,634.1
REDINGTON.NS,Redington Limited,Information Technology Services,Technology,False,Cash,Stage 2,watchlist,44.95,0.38,1.56,16.42,51.28,407.0
TVSMOTOR.NS,TVS Motor Company Limited,Auto Manufacturers,Consumer Cyclical,True,F&O,Failed Stage 2,watchlist,40.94,0.36,-0.7,-2.31,8.59,4106.0
BASF.NS,BASF India Limited,Specialty Chemicals,Basic Materials,False,Cash,Stage 1,watchlist,21.09,0.36,-3.7,-8.32,-11.35,3447.8
ESABINDIA.NS,Esab India Limited,Tools & Accessories,Industrials,False,Cash,Failed Stage 2,watchlist,3.57,0.36,-1.33,-9.96,-9.22,5530.0
CASTROLIND.NS,Castrol India Limited,Oil & Gas Refining & Marketing,Energy,False,Cash,Stage 1,watchlist,32.57,0.35,3.77,7.79,11.74,200.52
SYMPHONY.NS,Symphony Limited,"Furnishings, Fixtures & Appliances",Consumer Cyclical,False,Cash,Stage 4,watchlist,0.0,0.35,-1.71,1.4,-35.77,582.45
RBLBANK.NS,RBL Bank Limited,Banks - Regional,Financial Services,True,F&O,Stage 2,watchlist,36.8,0.34,-5.76,6.01,28.26,403.35
ISGEC.NS,Isgec Heavy Engineering Limited,Specialty Industrial Machinery,Industrials,False,Cash,Stage 1,watchlist,16.71,0.34,1.76,14.35,-1.02,883.1
ABDL.NS,Allied Blenders and Distillers Limited,Consumer Defensive,Consumer Defensive,False,Cash,Stage 2,watchlist,39.28,0.33,9.52,16.48,20.62,718.9
HINDPETRO.NS,Hindustan Petroleum Corporation Limited,Oil & Gas Refining & Marketing,Energy,True,F&O,Stage 4,watchlist,18.02,0.33,-2.68,-3.51,-26.11,350.35
ESCORTS.NS,Escorts Kubota Limited,Farm & Heavy Construction Machinery,Industrials,False,Cash,Stage 4,watchlist,11.98,0.33,-2.92,-9.98,-27.77,2715.2
UPL.NS,UPL Limited,Agricultural Inputs,Basic Materials,True,F&O,Stage 4,watchlist,0.26,0.33,-2.42,-4.82,-32.33,539.75
ANUP.NS,The Anup Engineering Limited,Specialty Industrial Machinery,Industrials,False,Cash,Stage 4,watchlist,13.79,0.32,-6.01,-11.82,-28.01,1596.3
PHOENIXLTD.NS,The Phoenix Mills Limited,Real Estate,Real Estate,True,F&O,Stage 2,high_conviction_near_pivot,47.17,0.31,-2.92,2.38,3.46,1935.0
TRAVELFOOD.NS,Travel Food Services Limited,Consumer Cyclical,Consumer Cyclical,False,Cash,Not Sure,watchlist,8.67,0.31,-1.17,-4.77,4.41,1200.3
TANLA.NS,Tanla Platforms Limited,Software - Application,Technology,False,Cash,Stage 4,watchlist,5.41,0.31,-1.65,-9.39,-4.53,492.15
LUXIND.NS,Lux Industries Limited,Apparel Manufacturing,Consumer Cyclical,False,Cash,Stage 4,watchlist,0.0,0.31,-6.7,-7.01,-0.3,1107.0
NACLIND.NS,NACL Industries Limited,Agricultural Inputs,Basic Materials,False,Cash,Stage 4,watchlist,0.0,0.31,-4.58,-21.2,-22.73,132.86
IIFLCAPS.NS,IIFL Capital Services Limited,Capital Markets,Financial Services,False,Cash,Stage 2,watchlist,59.06,0.3,-2.0,1.72,-8.05,346.0
GAIL.NS,GAIL (India) Limited,Utilities,Utilities,True,F&O,Stage 2,watchlist,48.26,0.3,-1.39,-0.95,2.68,170.55
DDEVPLSTIK.NS,Ddev Plastiks Industries Limited,Specialty Chemicals,Basic Materials,False,Cash,Stage 4,watchlist,10.14,0.3,-4.99,-10.05,-16.41,249.5
ORIENTCEM.NS,Orient Cement Limited,Building Materials,Basic Materials,False,Cash,Stage 4,watchlist,0.0,0.3,-4.9,-7.33,-30.8,118.77
LT.NS,Larsen & Toubro Limited,Engineering & Construction,Industrials,True,F&O,Stage 1,watchlist,0.36,0.29,-4.32,-5.53,-8.3,3760.0
SURYAROSNI.NS,Surya Roshni Limited,Steel,Basic Materials,False,Cash,Stage 4,watchlist,23.98,0.28,3.14,1.17,-18.75,221.37
PIDILITIND.NS,Pidilite Industries Limited,Specialty Chemicals,Basic Materials,True,F&O,Failed Stage 2,watchlist,10.18,0.28,-7.75,-10.85,0.43,1465.1
SHARDACROP.NS,Sharda Cropchem Limited,Agricultural Inputs,Basic Materials,False,Cash,Stage 4,watchlist,5.71,0.28,-4.56,-8.22,-15.37,723.5
MAHABANK.NS,Bank of Maharashtra,Banks - Regional,Financial Services,False,Cash,Failed Stage 2,watchlist,33.18,0.27,-5.64,-4.03,28.56,79.37
ANURAS.NS,Anupam Rasayan India Limited,Specialty Chemicals,Basic Materials,False,Cash,Stage 1,watchlist,20.33,0.27,-1.04,-6.14,-10.86,1181.0
SANGHVIMOV.NS,Sanghvi Movers Limited,Industrials,Industrials,False,Cash,Stage 2,watchlist,36.06,0.26,3.04,-0.62,31.48,455.2
MMTC.NS,MMTC Limited,Conglomerates,Industrials,False,Cash,Stage 4,watchlist,0.0,0.26,-5.89,-8.68,-13.39,56.91
SOTL.NS,Savita Oil Technologies Limited,Specialty Chemicals,Basic Materials,False,Cash,Stage 2,watchlist,31.47,0.25,0.45,-6.82,89.67,718.8
ACMESOLAR.NS,Acme Solar Holdings Limited,Utilities - Renewable,Utilities,False,Cash,Stage 2,watchlist,36.47,0.24,-2.94,8.74,84.74,439.0
MSTCLTD.NS,Mstc Limited,Conglomerates,Industrials,False,Cash,Stage 2,watchlist,25.67,0.24,-4.99,-0.89,42.89,714.75
IONEXCHANG.NS,ION Exchange (India) Limited,Industrials,Industrials,False,Cash,Stage 2,watchlist,28.85,0.23,-4.41,11.85,10.44,411.15
WHIRLPOOL.NS,Whirlpool of India Limited,"Furnishings, Fixtures & Appliances",Consumer Cyclical,False,Cash,Stage 1,watchlist,17.5,0.23,2.89,11.12,0.59,890.25
GHCL.NS,GHCL Limited,Chemicals,Basic Materials,False,Cash,Stage 4,watchlist,17.44,0.23,-4.36,-6.91,-25.88,405.5
CGCL.NS,Capri Global Capital Limited,Credit Services,Financial Services,False,Cash,Stage 2,watchlist,28.15,0.22,-7.87,-1.3,33.57,247.45
FINPIPE.NS,Finolex Industries Limited,Building Products & Equipment,Industrials,False,Cash,Stage 4,watchlist,8.7,0.22,-1.74,-0.75,-12.28,151.48
APOLLO.NS,Apollo Micro Systems Limited,Aerospace & Defense,Industrials,False,Cash,Stage 2,watchlist,40.81,0.21,-0.28,6.38,46.27,403.45
KFINTECH.NS,Kfin Technologies Limited,Software - Application,Technology,True,F&O,Stage 4,watchlist,5.0,0.21,-7.89,-10.4,-20.93,840.0
LATENTVIEW.NS,Latent View Analytics Limited,Industrials,Industrials,False,Cash,Stage 4,watchlist,0.0,0.21,-6.87,-13.41,-48.14,236.0
PCBL.NS,PCBL Chemical Limited,Specialty Chemicals,Basic Materials,False,Cash,Stage 2,watchlist,45.67,0.2,-4.15,4.28,13.32,331.1
HERITGFOOD.NS,Heritage Foods Limited,Packaged Foods,Consumer Defensive,False,Cash,Stage 1,watchlist,30.02,0.2,-5.2,13.66,-10.39,402.0
GRMOVER.NS,GRM Overseas Limited,Packaged Foods,Consumer Defensive,False,Cash,Stage 4,watchlist,5.0,0.2,-3.21,-7.47,-51.12,78.92
OSWALPUMPS.NS,Oswal Pumps Limited,Electrical Equipment & Parts,Industrials,False,Cash,Stage 4,watchlist,10.0,0.19,-6.16,-8.44,-49.22,266.75
POONAWALLA.NS,Poonawalla Fincorp Limited,Credit Services,Financial Services,False,Cash,Failed Stage 2,watchlist,2.0,0.19,-7.31,-3.71,-8.14,443.85
NAM-INDIA.NS,Nippon Life India Asset Management Limited,Asset Management,Financial Services,True,F&O,Failed Stage 2,watchlist,0.0,0.19,-8.15,-9.24,23.61,1070.0
ANGELONE.NS,Angel One Limited,Capital Markets,Financial Services,True,F&O,Stage 3,watchlist,2.05,0.18,-8.67,-2.68,18.2,274.0
BBTC.NS,The Bombay Burmah Trading Corporation Limited,Packaged Foods,Consumer Defensive,False,Cash,Stage 4,watchlist,0.47,0.18,-6.4,-9.68,-26.62,1357.4
CDSL.NS,Central Depository Services (India) Limited,Capital Markets,Financial Services,True,F&O,Not Sure,watchlist,19.15,0.17,-6.45,-9.13,-11.8,1264.0
ABFRL.NS,Aditya Birla Fashion and Retail Limited,Apparel Manufacturing,Consumer Cyclical,False,Cash,Stage 4,watchlist,5.17,0.17,-5.64,-9.35,-39.13,46.32
OBEROIRLTY.NS,Oberoi Realty Limited,Real Estate,Real Estate,True,F&O,Stage 2,watchlist,14.86,0.16,-4.56,-6.11,4.5,1765.7
RAMCOCEM.NS,The Ramco Cements Limited,Building Materials,Basic Materials,False,Cash,Stage 4,watchlist,8.42,0.15,-4.46,-3.87,-19.88,845.55
SUPREMEIND.NS,Supreme Industries Limited,Building Products & Equipment,Industrials,True,F&O,Stage 1,watchlist,7.62,0.15,-1.32,-4.27,-0.26,3451.0
JAYNECOIND.NS,Jayaswal Neco Industries Limited,Steel,Basic Materials,False,Cash,Stage 2,watchlist,35.2,0.14,1.57,-4.22,6.74,92.79
BEL.NS,Bharat Electronics Limited,Aerospace & Defense,Industrials,True,F&O,Not Sure,watchlist,23.06,0.14,-1.96,-5.57,-1.81,388.3
MEDPLUS.NS,Medplus Health Services Limited,Healthcare,Healthcare,False,Cash,Stage 4,watchlist,2.0,0.14,-1.07,-2.7,-19.21,654.9
LLOYDSENT.NS,Lloyds Enterprises Limited,Steel,Basic Materials,False,Cash,Stage 2,watchlist,42.4,0.13,6.85,11.06,26.67,79.23
PARADEEP.NS,Paradeep Phosphates Limited,Agricultural Inputs,Basic Materials,False,Cash,Stage 2,watchlist,41.14,0.13,0.01,-1.08,-5.51,154.28
NAVINFLUOR.NS,Navin Fluorine International Limited,Chemicals,Basic Materials,False,Cash,Stage 2,watchlist,34.32,0.13,-2.51,-4.53,39.15,8245.0
XPROINDIA.NS,Xpro India Limited,Specialty Chemicals,Basic Materials,False,Cash,Failed Stage 2,watchlist,5.41,0.13,-5.03,2.3,21.0,1161.9
ACC.NS,ACC Limited,Building Materials,Basic Materials,False,Cash,Stage 4,watchlist,0.0,0.12,-3.78,-5.36,-30.41,1204.1
KSL.NS,Kalyani Steels Limited,Steel,Basic Materials,False,Cash,Stage 2,watchlist,56.98,0.11,-3.29,7.27,29.63,965.4
SIS.NS,SIS LIMITED,Industrials,Industrials,False,Cash,Stage 2,watchlist,37.46,0.11,-0.56,-1.98,29.02,419.1
BANKINDIA.NS,Bank of India,Banks - Regional,Financial Services,True,F&O,Stage 4,watchlist,16.3,0.1,-6.74,-8.51,-8.5,130.24
REDTAPE.NS,Redtape Limited,Consumer Cyclical,Consumer Cyclical,False,Cash,Stage 4,watchlist,7.53,0.1,-2.89,-3.76,-3.88,117.6
VSTIND.NS,VST Industries Limited,Consumer Defensive,Consumer Defensive,False,Cash,Stage 4,watchlist,0.0,0.1,-2.7,-2.33,-16.71,203.16
FACT.NS,Fertilizers and Chemicals Travancore Limited,Agricultural Inputs,Basic Materials,False,Cash,Stage 4,watchlist,0.0,0.1,-4.86,-7.03,-16.12,757.95
ASAHIINDIA.NS,Asahi India Glass Limited,Auto Parts,Consumer Cyclical,False,Cash,Stage 1,watchlist,36.31,0.09,-1.28,1.01,-3.69,958.85
SAGILITY.NS,SAGILITY LIMITED,Healthcare,Healthcare,False,Cash,Stage 1,watchlist,29.23,0.09,-7.41,-8.33,-17.96,42.58
TATACOMM.NS,Tata Communications Limited,Telecom Services,Communication Services,False,Cash,Failed Stage 2,watchlist,3.34,0.09,-2.61,-4.48,-7.74,1656.2
J&KBANK.NS,The Jammu & Kashmir Bank Limited,Banks - Regional,Financial Services,False,Cash,Stage 3,watchlist,2.0,0.09,-7.1,-5.92,37.22,138.65
LEMONTREE.NS,Lemon Tree Hotels Limited,Lodging,Consumer Cyclical,False,Cash,Stage 4,watchlist,9.54,0.08,-3.4,-1.79,-33.55,104.25
360ONE.NS,360 ONE WAM LIMITED,Asset Management,Financial Services,True,F&O,Stage 3,watchlist,3.33,0.08,-7.04,-11.63,-12.18,1030.0
NH.NS,Narayana Hrudayalaya Ltd.,Medical Care Facilities,Healthcare,False,Cash,Stage 4,watchlist,0.0,0.08,-6.66,-7.6,-7.19,1791.4
APLAPOLLO.NS,APL Apollo Tubes Limited,Steel,Basic Materials,True,F&O,Stage 2,watchlist,61.28,0.07,-0.22,-1.59,11.6,2190.1
WINDMACHIN.NS,Windsor Machines Limited,Specialty Industrial Machinery,Industrials,False,Cash,Stage 2,watchlist,44.05,0.07,1.62,-2.37,12.6,300.2
M&M.NS,Mahindra & Mahindra Limited,Auto Manufacturers,Consumer Cyclical,True,F&O,Stage 4,watchlist,13.97,0.07,-2.8,-9.48,-20.74,2950.0
INTELLECT.NS,Intellect Design Arena Limited,Software - Application,Technology,False,Cash,Stage 4,watchlist,10.69,0.07,-8.14,-11.67,-34.63,613.65
JAMNAAUTO.NS,Jamna Auto Industries Limited,Auto Parts,Consumer Cyclical,False,Cash,Stage 2,watchlist,55.09,0.06,5.25,14.15,9.04,136.35
TVSSRICHAK.NS,TVS Srichakra Limited,Auto Parts,Consumer Cyclical,False,Cash,Stage 2,watchlist,35.17,0.06,-4.59,-19.1,3.08,4437.5
INDOTECH.NS,Indo Tech Transformers Limited,Electrical Equipment & Parts,Industrials,False,Cash,Stage 2,watchlist,34.63,0.06,-3.0,-13.63,105.12,3188.2
ENDURANCE.NS,Endurance Technologies Limited,Auto Parts,Consumer Cyclical,False,Cash,Failed Stage 2,watchlist,26.11,0.06,-0.49,-6.52,4.89,2656.5
PGEL.NS,PG Electroplast Limited,Electronic Components,Technology,True,F&O,Stage 3,watchlist,16.89,0.06,-5.32,-13.37,-14.73,493.45
SWSOLAR.NS,Sterling and Wilson Renewable Energy Limited,Solar,Technology,False,Cash,Stage 4,watchlist,3.79,0.06,-5.3,-8.67,-20.39,171.18
LAURUSLABS.NS,Laurus Labs Limited,Drug Manufacturers - Specialty & Generic,Healthcare,True,F&O,Stage 2,watchlist,54.39,0.05,-2.65,6.36,78.49,1980.0
RADICO.NS,Radico Khaitan Limited,Consumer Defensive,Consumer Defensive,False,Cash,Stage 2,watchlist,33.19,0.05,-5.13,-2.42,34.48,4366.0
DEEPAKNTR.NS,Deepak Nitrite Limited,Chemicals,Basic Materials,False,Cash,Failed Stage 2,watchlist,15.05,0.05,-6.48,-14.19,-9.67,1529.8
SAMMAANCAP.NS,Sammaan Capital Limited,Mortgage Finance,Financial Services,True,F&O,Stage 4,watchlist,4.32,0.04,-5.5,-7.2,-5.32,136.54
TBOTEK.NS,TBO Tek Limited,Consumer Cyclical,Consumer Cyclical,False,Cash,Stage 2,watchlist,51.0,0.03,-1.13,-3.43,3.78,1685.2
APCOTEXIND.NS,Apcotex Industries Limited,Specialty Chemicals,Basic Materials,False,Cash,Stage 2,watchlist,44.93,0.03,-2.33,-6.82,65.59,595.6
63MOONS.NS,63 moons technologies limited,Software - Application,Technology,False,Cash,Stage 2,watchlist,35.42,0.03,-4.91,4.82,11.51,811.05
ENRIN.NS,Siemens Energy India Limited,Utilities - Renewable,Utilities,False,Cash,Failed Stage 2,watchlist,15.03,0.03,-0.45,0.87,26.24,3200.0
GRAVITA.NS,Gravita India Limited,Metal Fabrication,Industrials,False,Cash,Stage 4,watchlist,10.0,0.03,-7.28,-18.77,-22.12,1447.4
NUVAMA.NS,Nuvama Wealth Management Limited,Asset Management,Financial Services,True,F&O,Failed Stage 2,watchlist,1.16,0.02,-2.11,-7.42,14.38,1652.5
MUTHOOTFIN.NS,Muthoot Finance Limited,Credit Services,Financial Services,True,F&O,Stage 4,watchlist,5.89,0.01,-4.18,-5.78,-28.1,2737.1
PREMIERENE.NS,Premier Energies Limited,Solar,Technology,True,F&O,Stage 4,watchlist,0.0,0.01,-4.91,-14.1,2.78,870.1
JINDALSAW.NS,Jindal Saw Limited,Steel,Basic Materials,False,Cash,Stage 2,watchlist,45.34,0.0,-5.09,-10.35,67.36,277.7
LGBBROSLTD.NS,LG Balakrishnan & Bros Limited,Auto Parts,Consumer Cyclical,False,Cash,Not Sure,watchlist,25.31,0.0,-0.25,1.6,-1.95,1730.1
COALINDIA.NS,Coal India Limited,Energy,Energy,True,F&O,Stage 1,watchlist,23.08,0.0,0.11,7.17,10.35,425.0
TATAPOWER.NS,Tata Power Company Limited,Utilities,Utilities,True,F&O,Stage 1,watchlist,17.2,0.0,-2.71,2.41,-5.4,359.0
MPHASIS.NS,MphasiS Limited,Information Technology Services,Technology,True,F&O,Not Sure,watchlist,16.91,0.0,-4.63,-14.01,-21.79,2154.4
IFBIND.NS,IFB Industries Limited,"Furnishings, Fixtures & Appliances",Consumer Cyclical,False,Cash,Stage 4,watchlist,0.0,0.0,-4.58,-7.71,-23.03,1201.0
GRWRHITECH.NS,Garware Hi-Tech Films Limited,Specialty Chemicals,Basic Materials,False,Cash,Stage 2,watchlist,38.67,-0.01,7.31,-2.51,126.73,7015.5
CESC.NS,CESC Limited,Utilities,Utilities,False,Cash,Stage 4,watchlist,0.0,-0.01,-6.11,-7.79,-16.93,133.85
FLUOROCHEM.NS,Gujarat Fluorochemicals Limited,Specialty Chemicals,Basic Materials,False,Cash,Stage 2,watchlist,48.56,-0.02,-1.59,-7.0,19.95,4405.3
SUZLON.NS,Suzlon Energy Limited,Specialty Industrial Machinery,Industrials,True,F&O,Stage 4,watchlist,10.0,-0.03,-6.84,-15.08,-24.74,39.49
CHENNPETRO.NS,Chennai Petroleum Corporation Limited,Oil & Gas Refining & Marketing,Energy,False,Cash,Stage 2,watchlist,27.49,-0.04,3.44,3.55,78.47,1436.3
PRINCEPIPE.NS,Prince Pipes And Fittings Limited,Building Products & Equipment,Industrials,False,Cash,Failed Stage 2,watchlist,15.92,-0.04,-3.76,-12.03,-3.95,255.75
KALPATARU.NS,Kalpataru Limited,Real Estate,Real Estate,False,Cash,Stage 4,watchlist,2.0,-0.04,2.26,0.22,-19.74,278.7
USHAMART.NS,Usha Martin Limited,Steel,Basic Materials,False,Cash,Stage 2,watchlist,42.84,-0.05,-6.8,-0.19,13.18,498.65
HATSUN.NS,Hatsun Agro Product Limited,Packaged Foods,Consumer Defensive,False,Cash,Stage 2,watchlist,35.57,-0.06,-4.91,-6.75,14.07,1099.0
SWARAJENG.NS,Swaraj Engines Limited,Auto Parts,Consumer Cyclical,False,Cash,Not Sure,watchlist,23.57,-0.06,-0.37,0.24,-2.25,3546.2
CANBK.NS,Canara Bank,Banks - Regional,Financial Services,True,F&O,Stage 4,watchlist,18.61,-0.06,-5.21,-4.9,-20.01,119.44
AGIIL.NS,Agi Infra Limited,Real Estate,Real Estate,False,Cash,Stage 4,watchlist,2.0,-0.06,-1.53,-7.41,0.82,264.7
HIKAL.NS,Hikal Limited,Drug Manufacturers - Specialty & Generic,Healthcare,False,Cash,Stage 2,watchlist,34.13,-0.07,-6.26,9.93,-3.73,217.89
BELRISE.NS,Belrise Industries Limited,Auto Parts,Consumer Cyclical,False,Cash,Stage 2,watchlist,28.69,-0.07,-3.77,4.43,30.9,240.36
DABUR.NS,Dabur India Limited,Household & Personal Products,Consumer Defensive,True,F&O,Stage 4,watchlist,2.0,-0.08,-1.88,-1.02,-22.99,380.1
WEBELSOLAR.NS,Websol Energy System Limited,Solar,Technology,False,Cash,Stage 4,watchlist,0.0,-0.08,-4.56,-4.98,-19.87,70.56
SAFARI.NS,Safari Industries (India) Limited,Consumer Cyclical,Consumer Cyclical,False,Cash,Stage 4,watchlist,8.67,-0.09,-4.16,-5.39,-34.34,1429.6
RELAXO.NS,Relaxo Footwears Limited,Consumer Cyclical,Consumer Cyclical,False,Cash,Stage 4,watchlist,5.79,-0.1,-2.38,-18.05,-26.86,291.2
BRITANNIA.NS,Britannia Industries Limited,Packaged Foods,Consumer Defensive,True,F&O,Stage 4,watchlist,0.0,-0.1,-2.01,-6.88,-18.29,4830.0
NEULANDLAB.NS,Neuland Laboratories Limited,Drug Manufacturers - Specialty & Generic,Healthcare,False,Cash,Stage 2,watchlist,49.41,-0.12,-5.07,-7.27,42.03,21350.0
PTC.NS,PTC India Limited,Utilities,Utilities,False,Cash,Stage 1,watchlist,21.63,-0.12,-0.97,0.23,9.64,155.56
MHRIL.NS,Mahindra Holidays & Resorts India Limited,Consumer Cyclical,Consumer Cyclical,False,Cash,Stage 4,watchlist,6.81,-0.12,-3.55,-6.75,-37.01,194.25
RALLIS.NS,Rallis India Limited,Agricultural Inputs,Basic Materials,False,Cash,Stage 4,watchlist,0.0,-0.12,-1.43,-3.59,-27.0,199.73
AKUMS.NS,Akums Drugs and Pharmaceuticals Limited,Drug Manufacturers - Specialty & Generic,Healthcare,False,Cash,Stage 2,watchlist,58.72,-0.13,-0.58,5.06,84.43,818.5
KEI.NS,KEI Industries Limited,Electrical Equipment & Parts,Industrials,True,F&O,Stage 4,watchlist,10.0,-0.13,-5.66,-16.7,-1.2,4455.0
TECHNOE.NS,Techno Electric & Engineering Company Limited,Engineering & Construction,Industrials,False,Cash,Stage 4,watchlist,3.6,-0.14,-0.33,4.06,-4.54,1008.75
TITAGARH.NS,TITAGARH RAIL SYSTEMS LIMITED,Industrials,Industrials,False,Cash,Stage 2,watchlist,23.0,-0.15,-2.84,-1.78,-7.1,818.15
MARICO.NS,Marico Limited,Household & Personal Products,Consumer Defensive,True,F&O,Stage 1,watchlist,18.37,-0.15,-5.56,-6.22,3.83,786.0
BANARISUG.NS,Bannari Amman Sugars Limited,Consumer Defensive,Consumer Defensive,False,Cash,Stage 1,watchlist,4.81,-0.15,-1.27,-15.62,-8.01,3300.2
ICICIPRULI.NS,ICICI Prudential Life Insurance Company Limited,Insurance - Life,Financial Services,True,F&O,Stage 4,watchlist,0.0,-0.17,-8.4,-10.42,-33.96,443.8
RRKABEL.NS,R R Kabel Limited,Electrical Equipment & Parts,Industrials,False,Cash,Stage 2,watchlist,37.45,-0.18,1.69,-12.24,71.85,2518.6
WAAREERTL.NS,Waaree Renewable Technologies Limited,Utilities - Renewable,Utilities,False,Cash,Stage 4,watchlist,0.0,-0.18,-3.31,-5.08,-15.29,819.95
ENGINERSIN.NS,Engineers India Limited,Engineering & Construction,Industrials,False,Cash,Stage 2,watchlist,51.0,-0.19,1.94,11.46,55.14,309.6
MANAPPURAM.NS,Manappuram Finance Limited,Credit Services,Financial Services,True,F&O,Stage 2,watchlist,26.05,-0.19,-1.42,-6.28,1.18,315.85
MAHLIFE.NS,Mahindra Lifespace Developers Limited,Real Estate,Real Estate,False,Cash,Not Sure,watchlist,9.95,-0.19,1.04,0.94,-7.65,360.3
ADVENZYMES.NS,Advanced Enzyme Technologies Limited,Specialty Chemicals,Basic Materials,False,Cash,Stage 4,watchlist,5.0,-0.19,-5.19,-4.66,-6.98,281.6
DBCORP.NS,D.B.Corp Limited,Communication Services,Communication Services,False,Cash,Stage 4,watchlist,10.53,-0.2,-3.75,-11.32,-30.66,175.38
WELENT.NS,Welspun Enterprises Limited,Engineering & Construction,Industrials,False,Cash,Stage 2,watchlist,24.8,-0.21,-4.04,5.27,45.08,742.7
SUNCLAY.NS,Sundaram Clayton Limited,Metal Fabrication,Industrials,False,Cash,Stage 4,watchlist,22.46,-0.21,-1.99,-5.23,1.45,1228.9
MOTILALOFS.NS,Motilal Oswal Financial Services Limited,Capital Markets,Financial Services,True,F&O,Stage 2,watchlist,53.88,-0.22,-4.65,-2.17,19.05,994.0
KIRLOSIND.NS,Kirloskar Industries Limited,Metal Fabrication,Industrials,False,Cash,Failed Stage 2,watchlist,16.6,-0.22,-3.0,-4.54,13.27,3570.7
NIITMTS.NS,NIIT Learning Systems Limited,Consumer Defensive,Consumer Defensive,False,Cash,Stage 4,watchlist,3.79,-0.22,-7.15,-11.14,-48.1,204.51
PRICOLLTD.NS,Pricol Limited,Auto Parts,Consumer Cyclical,False,Cash,Stage 2,watchlist,48.08,-0.23,-2.1,-6.2,13.19,747.6
AVALON.NS,Avalon Technologies Limited,Electronic Components,Technology,False,Cash,Stage 2,watchlist,33.65,-0.23,-6.09,-0.94,160.28,2296.7
WONDERLA.NS,Wonderla Holidays Limited,Consumer Cyclical,Consumer Cyclical,False,Cash,Stage 1,watchlist,21.25,-0.23,-2.05,-6.88,-4.7,500.3
NTPC.NS,NTPC Limited,Utilities,Utilities,True,F&O,Stage 4,watchlist,1.21,-0.23,-1.0,-0.39,-2.26,322.75
RAMRAT.NS,Ram Ratna Wires Limited,Electrical Equipment & Parts,Industrials,False,Cash,Stage 2,watchlist,47.46,-0.24,4.25,3.32,88.93,582.4
OLECTRA.NS,Olectra Greentech Limited,Farm & Heavy Construction Machinery,Industrials,False,Cash,Stage 3,watchlist,2.0,-0.24,-11.11,-9.02,-5.48,1134.2
WAAREEENER.NS,Waaree Energies Limited,Solar,Technology,True,F&O,Stage 4,watchlist,0.0,-0.24,-5.48,-8.18,-19.59,2374.4
DHANUKA.NS,Dhanuka Agritech Limited,Agricultural Inputs,Basic Materials,False,Cash,Stage 4,watchlist,0.0,-0.24,-5.53,-6.26,-21.0,928.35
JUNIPER.NS,Juniper Hotels Limited,Lodging,Consumer Cyclical,False,Cash,Not Sure,watchlist,18.0,-0.25,-3.77,-0.34,-14.8,213.42
EIHOTEL.NS,EIH Limited,Lodging,Consumer Cyclical,False,Cash,Stage 4,watchlist,14.01,-0.25,-0.02,2.26,-17.38,301.1
CARTRADE.NS,Cartrade Tech Limited,Consumer Cyclical,Consumer Cyclical,False,Cash,Stage 2,watchlist,51.59,-0.26,-3.4,-2.37,2.48,2899.8
ROLEXRINGS.NS,Rolex Rings Limited,Metal Fabrication,Industrials,False,Cash,Stage 2,watchlist,43.15,-0.26,3.55,6.39,48.52,190.09
BATAINDIA.NS,Bata India Limited,Consumer Cyclical,Consumer Cyclical,False,Cash,Stage 4,watchlist,8.95,-0.26,-2.9,-8.65,-31.52,618.75
VENTIVE.NS,Ventive Hospitality Limited,Lodging,Consumer Cyclical,False,Cash,Stage 4,watchlist,2.0,-0.26,-3.45,-5.55,-25.0,558.4
BALMLAWRIE.NS,Balmer Lawrie & Company Limited,Conglomerates,Industrials,False,Cash,Stage 4,watchlist,11.86,-0.27,-3.74,-6.21,-8.41,161.16
SIYSIL.NS,Siyaram Silk Mills Limited,Textile Manufacturing,Consumer Cyclical,False,Cash,Stage 4,watchlist,11.69,-0.27,-0.11,-2.62,-12.72,539.95
SKFINDIA.NS,SKF India Limited,Tools & Accessories,Industrials,False,Cash,Stage 4,watchlist,10.87,-0.27,-0.65,-1.42,-16.67,1509.9
AHLUCONT.NS,Ahluwalia Contracts (India) Limited,Engineering & Construction,Industrials,False,Cash,Stage 4,watchlist,0.0,-0.27,-5.26,-10.09,-42.59,550.05
SANDUMA.NS,Sandur Manganese & Iron Ores Limited,Steel,Basic Materials,False,Cash,Stage 4,watchlist,13.79,-0.28,-3.13,-9.09,-25.29,182.18
KEC.NS,KEC International Limited,Engineering & Construction,Industrials,False,Cash,Stage 4,watchlist,3.79,-0.29,-6.25,-9.53,-48.31,377.25
FINEORG.NS,Fine Organic Industries Limited,Specialty Chemicals,Basic Materials,False,Cash,Stage 2,watchlist,68.95,-0.3,0.55,-3.0,25.07,5124.5
PAYTM.NS,One 97 Communications Limited,Software - Infrastructure,Technology,True,F&O,Stage 2,watchlist,42.65,-0.3,-5.46,2.72,29.91,1678.0
CRISIL.NS,CRISIL Limited,Financial Services,Financial Services,False,Cash,Failed Stage 2,watchlist,39.89,-0.3,-3.37,-7.69,4.04,4450.8
GALLANTT.NS,Gallantt Ispat Limited,Steel,Basic Materials,False,Cash,Stage 4,watchlist,15.78,-0.3,-3.41,-2.41,0.13,537.5
KAYNES.NS,Kaynes Technology India Limited,Electronic Components,Technology,True,F&O,Stage 1,watchlist,10.0,-0.3,1.24,-2.76,-11.22,3501.0
JIOFIN.NS,Jio Financial Services Limited,Asset Management,Financial Services,True,F&O,Stage 4,watchlist,0.0,-0.31,-6.58,-8.04,-26.48,216.88
MAITHANALL.NS,Maithan Alloys Limited,Steel,Basic Materials,False,Cash,Failed Stage 2,watchlist,11.48,-0.32,-8.38,-4.31,-6.62,925.25
VADILALIND.NS,Vadilal Industries Limited,Packaged Foods,Consumer Defensive,False,Cash,Stage 2,watchlist,44.65,-0.33,-3.19,-5.96,48.72,7253.0
DEVYANI.NS,Devyani International Limited,Consumer Cyclical,Consumer Cyclical,False,Cash,Stage 2,watchlist,33.82,-0.33,-7.01,-6.06,-11.63,130.29
SHAREINDIA.NS,Share India Securities Limited,Capital Markets,Financial Services,False,Cash,Stage 2,watchlist,29.3,-0.33,-6.81,20.38,25.79,205.01
V2RETAIL.NS,V2 Retail Limited,Consumer Cyclical,Consumer Cyclical,False,Cash,Stage 4,watchlist,15.9,-0.33,-3.2,-5.65,-14.79,208.74
ASTRAL.NS,Astral Limited,Building Products & Equipment,Industrials,True,F&O,Stage 1,watchlist,13.51,-0.33,-1.75,-9.06,-4.34,1370.4
SUNDRMFAST.NS,Sundram Fasteners Limited,Auto Parts,Consumer Cyclical,False,Cash,Stage 2,watchlist,41.05,-0.34,-3.89,-5.43,21.01,1139.3
POWERINDIA.NS,Hitachi Energy India Limited,Electrical Equipment & Parts,Industrials,True,F&O,Failed Stage 2,watchlist,13.51,-0.34,-1.67,-6.16,65.77,30630.0
APTUS.NS,Aptus Value Housing Finance India Limited,Mortgage Finance,Financial Services,False,Cash,Stage 4,watchlist,5.72,-0.35,-7.48,-8.22,-16.79,232.53
TCPLPACK.NS,TCPL Packaging Limited,Consumer Cyclical,Consumer Cyclical,False,Cash,Stage 2,watchlist,54.52,-0.36,2.49,4.98,35.94,4102.6
HINDCOPPER.NS,Hindustan Copper Limited,Basic Materials,Basic Materials,False,Cash,Stage 4,watchlist,8.15,-0.36,-7.87,-9.91,-9.08,472.65
GODREJPROP.NS,Godrej Properties Limited,Real Estate,Real Estate,True,F&O,Failed Stage 2,watchlist,6.13,-0.36,-4.63,-17.67,-18.8,1628.5
HAPPYFORGE.NS,Happy Forgings Limited,Metal Fabrication,Industrials,False,Cash,Stage 2,building_setup,55.04,-0.37,-1.55,-14.59,79.29,2067.2
POWERGRID.NS,Power Grid Corporation of India Limited,Utilities,Utilities,True,F&O,Stage 4,watchlist,14.89,-0.38,-3.59,-1.53,-0.81,260.5
ZAGGLE.NS,Zaggle Prepaid Ocean Services Limited,Software - Infrastructure,Technology,False,Cash,Stage 4,watchlist,7.75,-0.38,-3.71,-6.09,-50.14,173.18
VEDL.NS,Vedanta Limited,Basic Materials,Basic Materials,True,F&O,Stage 4,watchlist,0.0,-0.38,-4.43,-5.47,-56.31,259.0
RAYMONDREL.NS,Raymond Realty Limited,Real Estate,Real Estate,False,Cash,Stage 2,watchlist,32.34,-0.39,-0.22,29.65,28.9,669.95
TATACHEM.NS,Tata Chemicals Limited,Chemicals,Basic Materials,False,Cash,Stage 4,watchlist,12.06,-0.39,-8.73,-3.5,-17.35,611.45
EICHERMOT.NS,Eicher Motors Limited,Auto Manufacturers,Consumer Cyclical,True,F&O,Stage 1,watchlist,20.98,-0.4,-4.28,-10.29,-1.68,7150.0
KIRIINDUS.NS,Kiri Industries Limited,Specialty Chemicals,Basic Materials,False,Cash,Stage 1,watchlist,20.21,-0.4,-5.49,4.91,-20.67,541.3
JINDALPOLY.NS,Jindal Poly Films Limited,Consumer Cyclical,Consumer Cyclical,False,Cash,Stage 1,watchlist,17.21,-0.41,-5.96,-3.15,40.04,672.55
SUBROS.NS,Subros Limited,Auto Parts,Consumer Cyclical,False,Cash,Stage 4,watchlist,14.95,-0.41,-4.4,-1.99,-18.52,699.35
ZOTA.NS,Zota Health Care LImited,Biotechnology,Healthcare,False,Cash,Stage 3,watchlist,5.0,-0.42,-6.9,26.04,-14.76,1294.7
IMAGICAA.NS,Imagicaaworld Entertainment Limited,Communication Services,Communication Services,False,Cash,Stage 2,watchlist,38.09,-0.43,-3.33,-7.13,6.73,51.08
RBA.NS,Restaurant Brands Asia Limited,Consumer Cyclical,Consumer Cyclical,False,Cash,Stage 2,watchlist,27.45,-0.43,-3.46,-8.38,44.13,91.58
BALKRISIND.NS,Balkrishna Industries Limited,Auto Parts,Consumer Cyclical,False,Cash,Stage 1,watchlist,18.57,-0.43,-3.76,-9.21,-8.13,2117.0
CAMPUS.NS,Campus Activewear Limited,Consumer Cyclical,Consumer Cyclical,False,Cash,Stage 4,watchlist,2.0,-0.44,-1.05,-6.74,-19.73,208.83
CGPOWER.NS,CG Power and Industrial Solutions Limited,Electrical Equipment & Parts,Industrials,True,F&O,Stage 2,watchlist,43.06,-0.45,-4.56,-3.53,34.2,854.2
CHOLAFIN.NS,Cholamandalam Investment and Finance Company Limited,Credit Services,Financial Services,True,F&O,Failed Stage 2,watchlist,17.25,-0.45,-8.68,-10.73,-5.93,1620.0
HDFCLIFE.NS,HDFC Life Insurance Company Limited,Insurance - Life,Financial Services,True,F&O,Stage 4,watchlist,0.0,-0.45,-7.18,-3.54,-30.27,521.2
KRN.NS,KRN Heat Exchanger and Refrigeration Limited,Electronic Components,Technology,False,Cash,Stage 2,watchlist,43.08,-0.46,1.69,-5.95,93.12,1436.5
FLAIR.NS,Flair Writing Industries Limited,Industrials,Industrials,False,Cash,Stage 4,watchlist,0.0,-0.46,-4.76,-8.26,-26.18,229.32
PFOCUS.NS,Prime Focus Limited,Communication Services,Communication Services,False,Cash,Stage 2,watchlist,47.57,-0.47,-6.27,10.3,37.8,316.0
RUSTOMJEE.NS,Keystone Realtors Limited,Real Estate,Real Estate,False,Cash,Stage 4,watchlist,2.0,-0.48,-1.24,-3.95,-32.79,361.2
SANOFI.NS,Sanofi India Limited,Drug Manufacturers - General,Healthcare,False,Cash,Stage 4,watchlist,16.24,-0.49,0.15,-3.11,-24.39,3057.0
NSIL.NS,Nalwa Sons Investments Limited,Asset Management,Financial Services,False,Cash,Stage 4,watchlist,15.04,-0.49,-5.33,-6.65,-18.33,5324.0
ROUTE.NS,ROUTE MOBILE LIMITED,Telecom Services,Communication Services,False,Cash,Stage 4,watchlist,3.79,-0.49,-5.97,-11.35,-35.01,445.0
PRSMJOHNSN.NS,Prism Johnson Limited,Building Materials,Basic Materials,False,Cash,Stage 4,watchlist,0.0,-0.49,-6.6,-2.21,-21.51,108.74
APOLLOTYRE.NS,Apollo Tyres Limited,Auto Parts,Consumer Cyclical,False,Cash,Stage 4,watchlist,16.12,-0.5,-0.25,-8.58,-17.07,404.7
ASIANPAINT.NS,Asian Paints Limited,Specialty Chemicals,Basic Materials,True,F&O,Stage 3,watchlist,18.29,-0.51,-2.13,-6.71,-11.94,2402.6
SBICARD.NS,SBI Cards and Payment Services Limited,Credit Services,Financial Services,True,F&O,Stage 4,watchlist,14.92,-0.51,-8.97,-8.59,-32.51,578.05
VINATIORGA.NS,Vinati Organics Limited,Specialty Chemicals,Basic Materials,False,Cash,Stage 4,watchlist,5.0,-0.51,-4.46,-10.58,-26.33,1168.3
TRENT.NS,Trent Limited,Consumer Cyclical,Consumer Cyclical,True,F&O,Stage 4,watchlist,2.0,-0.51,-5.49,-8.18,-8.36,2621.6
PRIVISCL.NS,Privi Speciality Chemicals Limited,Specialty Chemicals,Basic Materials,False,Cash,Stage 2,watchlist,55.48,-0.52,2.95,3.24,28.49,3586.6
GLAXO.NS,GlaxoSmithKline Pharmaceuticals Limited,Drug Manufacturers - General,Healthcare,False,Cash,Stage 2,watchlist,46.43,-0.52,-3.74,-7.57,15.63,2769.3
KOLTEPATIL.NS,Kolte - Patil Developers Limited,Real Estate,Real Estate,False,Cash,Stage 2,watchlist,34.69,-0.52,-3.45,-2.6,8.62,424.85
EMAMILTD.NS,Emami Limited,Household & Personal Products,Consumer Defensive,False,Cash,Stage 4,watchlist,14.23,-0.52,-3.17,0.64,-26.93,379.05
SYNGENE.NS,Syngene International Limited,Diagnostics & Research,Healthcare,False,Cash,Stage 4,watchlist,10.0,-0.52,-4.33,-9.14,-43.66,365.3
ABBOTINDIA.NS,Abbott India Limited,Drug Manufacturers - Specialty & Generic,Healthcare,False,Cash,Stage 1,watchlist,48.68,-0.53,0.71,4.93,-2.55,27125.0
PAGEIND.NS,Page Industries Limited,Apparel Manufacturing,Consumer Cyclical,True,F&O,Not Sure,watchlist,14.34,-0.53,-2.56,1.99,3.42,36385.0
SBIN.NS,State Bank of India,Banks - Regional,Financial Services,True,F&O,Stage 1,watchlist,4.52,-0.54,-3.48,-7.25,-0.81,959.5
EUREKAFORB.NS,Eureka Forbes Limited,"Furnishings, Fixtures & Appliances",Consumer Cyclical,False,Cash,Stage 4,watchlist,0.0,-0.54,-4.61,-15.61,-41.9,361.0
EPIGRAL.NS,Epigral Limited,Chemicals,Basic Materials,False,Cash,Stage 4,watchlist,11.67,-0.55,-7.42,-15.86,-19.46,1012.5
LMW.NS,LMW Limited,Specialty Industrial Machinery,Industrials,False,Cash,Stage 2,building_setup,66.4,-0.56,-1.54,-11.14,12.77,16862.0
ANANTRAJ.NS,Anant Raj Limited,Real Estate,Real Estate,False,Cash,Stage 2,watchlist,36.83,-0.56,-5.21,1.89,8.58,598.9
AEROFLEX.NS,Aeroflex Industries Limited,Metal Fabrication,Industrials,False,Cash,Stage 2,watchlist,34.88,-0.56,3.03,-2.8,178.86,536.6
IPCALAB.NS,IPCA Laboratories Limited,Drug Manufacturers - Specialty & Generic,Healthcare,False,Cash,Stage 2,watchlist,43.45,-0.57,-1.81,-3.05,38.3,1927.0
MANORAMA.NS,Manorama Industries Limited,Packaged Foods,Consumer Defensive,False,Cash,Stage 2,watchlist,36.16,-0.57,-3.97,1.06,39.02,1852.8
GSFC.NS,Gujarat State Fertilizers & Chemicals Limited,Agricultural Inputs,Basic Materials,False,Cash,Stage 4,watchlist,14.48,-0.57,-2.93,-1.96,-14.47,150.79
SMLMAH.NS,SML Mahindra Limited,Auto Manufacturers,Consumer Cyclical,False,Cash,Stage 2,watchlist,47.57,-0.58,-3.18,21.53,61.71,6578.0
SMSPHARMA.NS,SMS Pharmaceuticals Limited,Drug Manufacturers - General,Healthcare,False,Cash,Stage 2,watchlist,39.83,-0.58,-1.31,29.53,52.18,476.6
SCHAEFFLER.NS,Schaeffler India Limited,Auto Parts,Consumer Cyclical,False,Cash,Stage 1,watchlist,30.02,-0.58,-4.62,-2.58,1.51,3897.1
GODREJCP.NS,Godrej Consumer Products Limited,Household & Personal Products,Consumer Defensive,True,F&O,Stage 4,watchlist,3.34,-0.58,-3.38,-6.08,-30.62,850.0
POLYPLEX.NS,Polyplex Corporation Limited,Specialty Chemicals,Basic Materials,False,Cash,Stage 2,watchlist,23.98,-0.59,-5.56,-11.1,26.2,1055.0
ORISSAMINE.NS,The Orissa Minerals Development Company Limited,Steel,Basic Materials,False,Cash,Stage 4,watchlist,14.49,-0.59,-4.94,-15.57,-26.76,3651.5
BLS.NS,BLS International Services Limited,Industrials,Industrials,False,Cash,Stage 4,watchlist,7.38,-0.59,-5.13,-8.17,-30.52,218.26
LTFOODS.NS,LT Foods Limited,Packaged Foods,Consumer Defensive,False,Cash,Failed Stage 2,watchlist,22.45,-0.6,-6.88,-8.16,4.23,400.4
NMDC.NS,NMDC Limited,Steel,Basic Materials,True,F&O,Stage 4,watchlist,10.0,-0.6,-6.66,-10.68,-5.73,76.54
AWL.NS,AWL Agri Business Limited,Packaged Foods,Consumer Defensive,False,Cash,Stage 4,watchlist,4.66,-0.6,-4.57,-8.59,-25.41,177.68
ABLBL.NS,Aditya Birla Lifestyle Brands Limited,Consumer Cyclical,Consumer Cyclical,False,Cash,Stage 4,watchlist,2.0,-0.6,-4.12,-10.32,-39.16,76.52
SARDAEN.NS,Sarda Energy & Minerals Limited,Steel,Basic Materials,False,Cash,Stage 1,watchlist,31.52,-0.61,-1.71,-0.32,-2.07,497.3
INDIACEM.NS,The India Cements Limited,Building Materials,Basic Materials,False,Cash,Stage 4,watchlist,0.0,-0.61,-11.23,-16.12,-30.78,301.85
PRAJIND.NS,Praj Industries Limited,Engineering & Construction,Industrials,False,Cash,Stage 4,watchlist,8.56,-0.62,-4.47,-10.12,-3.24,305.85
KNRCON.NS,KNR Constructions Limited,Engineering & Construction,Industrials,False,Cash,Stage 4,watchlist,0.0,-0.63,-2.62,0.97,-26.45,118.58
KINGFA.NS,Kingfa Science & Technology (India) Limited,Specialty Chemicals,Basic Materials,False,Cash,Stage 2,watchlist,40.23,-0.64,3.88,7.87,47.04,6482.5
PGIL.NS,Pearl Global Industries Limited,Apparel Manufacturing,Consumer Cyclical,False,Cash,Stage 2,watchlist,30.79,-0.64,-1.44,9.21,61.0,1282.1
STARHEALTH.NS,Star Health and Allied Insurance Company Limited,Insurance - Life,Financial Services,False,Cash,Failed Stage 2,watchlist,0.03,-0.64,-2.65,-4.59,15.05,534.65
BAJAJFINSV.NS,Bajaj Finserv Limited,Financial Services,Financial Services,True,F&O,Not Sure,watchlist,14.33,-0.65,-6.26,-12.22,-14.95,1731.0
INDIASHLTR.NS,India Shelter Finance Corporation Limited,Mortgage Finance,Financial Services,False,Cash,Stage 4,watchlist,0.0,-0.65,-4.73,-2.22,-21.18,635.6
UNITDSPR.NS,United Spirits Limited,Consumer Defensive,Consumer Defensive,True,F&O,Stage 1,watchlist,10.03,-0.66,-6.04,-7.89,-2.39,1354.0
TIRUMALCHM.NS,Thirumalai Chemicals Limited,Specialty Chemicals,Basic Materials,False,Cash,Stage 4,watchlist,5.0,-0.66,-8.37,-5.01,-35.29,151.39
JTLIND.NS,JTL INDUSTRIES LIMITED,Steel,Basic Materials,False,Cash,Stage 2,watchlist,48.9,-0.68,-3.32,0.49,49.73,88.28
RAIN.NS,Rain Industries Limited,Specialty Chemicals,Basic Materials,False,Cash,Stage 2,watchlist,39.75,-0.68,-3.57,3.58,46.5,213.94
GREENLAM.NS,Greenlam Industries Limited,"Furnishings, Fixtures & Appliances",Consumer Cyclical,False,Cash,Stage 4,watchlist,6.64,-0.68,-6.58,-12.27,-12.06,212.85
GMMPFAUDLR.NS,GMM Pfaudler Limited,Specialty Industrial Machinery,Industrials,False,Cash,Stage 2,watchlist,46.84,-0.7,2.38,35.33,35.33,1466.7
SEAMECLTD.NS,Seamec Limited,Marine Shipping,Industrials,False,Cash,Stage 2,watchlist,45.45,-0.7,-6.34,-1.98,50.26,1641.6
NHPC.NS,NHPC Limited,Utilities - Renewable,Utilities,True,F&O,Stage 4,watchlist,14.71,-0.7,-5.12,-4.57,-6.58,72.81
CERA.NS,Cera Sanitaryware Limited,Building Products & Equipment,Industrials,False,Cash,Stage 3,watchlist,0.0,-0.71,-7.83,-11.01,-1.76,5088.0
BHAGCHEM.NS,Bhagiradha Chemicals & Industries Limited,Agricultural Inputs,Basic Materials,False,Cash,Failed Stage 2,watchlist,0.0,-0.71,-3.42,-15.03,15.84,238.55
ASHOKA.NS,Ashoka Buildcon Limited,Engineering & Construction,Industrials,False,Cash,Stage 4,watchlist,0.12,-0.72,-4.48,-11.5,-35.82,107.75
ACUTAAS.NS,Acutaas Chemicals Limited,Specialty Chemicals,Basic Materials,False,Cash,Stage 2,watchlist,41.82,-0.75,0.43,3.39,87.45,3279.4
BLUESTARCO.NS,Blue Star Limited,Building Products & Equipment,Industrials,True,F&O,Stage 4,watchlist,4.35,-0.75,-0.95,1.82,-13.92,1518.0
NIACL.NS,The New India Assurance Company Limited,Financial Services,Financial Services,False,Cash,Failed Stage 2,watchlist,0.0,-0.75,-12.63,-10.09,8.28,167.02
KMEW.NS,Knowledge Marine & Engineering Works Limited,Marine Shipping,Industrials,False,Cash,Stage 2,watchlist,59.48,-0.76,1.5,3.59,57.84,3041.5
TRITURBINE.NS,Triveni Turbine Limited,Specialty Industrial Machinery,Industrials,False,Cash,Stage 3,watchlist,10.0,-0.76,-4.04,-6.44,1.19,539.4
HEMIPROP.NS,Hemisphere Properties India Limited,Real Estate,Real Estate,False,Cash,Stage 4,watchlist,2.0,-0.76,-5.66,-10.29,-16.3,114.07
CYIENTDLM.NS,Cyient DLM Limited,Electronic Components,Technology,False,Cash,Stage 2,watchlist,33.18,-0.77,-5.13,6.64,120.48,914.1
VIPIND.NS,VIP Industries Limited,Consumer Cyclical,Consumer Cyclical,False,Cash,Stage 4,watchlist,12.22,-0.77,-2.66,-4.21,-24.07,290.95
AJAXENGG.NS,Ajax Engineering Limited,Farm & Heavy Construction Machinery,Industrials,False,Cash,Stage 2,watchlist,49.88,-0.79,3.14,2.27,-0.71,587.0
BHARTIARTL.NS,Bharti Airtel Limited,Telecom Services,Communication Services,True,F&O,Stage 1,watchlist,16.96,-0.8,-4.16,-6.4,-15.7,1757.0
SHILPAMED.NS,Shilpa Medicare Limited,Drug Manufacturers - Specialty & Generic,Healthcare,False,Cash,Stage 2,watchlist,46.87,-0.81,0.92,17.78,231.76,1047.2
MANINFRA.NS,Man Infraconstruction Limited,Engineering & Construction,Industrials,False,Cash,Stage 2,watchlist,32.26,-0.81,1.69,1.85,-0.04,126.86
GOPAL.NS,Gopal Snacks Limited,Packaged Foods,Consumer Defensive,False,Cash,Stage 4,watchlist,9.36,-0.81,-4.38,-8.66,-19.53,250.95
EMCURE.NS,Emcure Pharmaceuticals Limited,Drug Manufacturers - Specialty & Generic,Healthcare,False,Cash,Stage 2,watchlist,46.83,-0.82,-1.95,5.47,38.88,1943.0
DALMIASUG.NS,Dalmia Bharat Sugar and Industries Limited,Consumer Defensive,Consumer Defensive,False,Cash,Stage 2,watchlist,29.7,-0.82,0.26,-12.62,40.73,408.8
BHARATFORG.NS,Bharat Forge Limited,Auto Parts,Consumer Cyclical,True,F&O,Stage 3,watchlist,5.0,-0.82,-3.89,-6.15,32.07,1926.0
TARC.NS,TARC Limited,Real Estate,Real Estate,False,Cash,Stage 4,watchlist,27.81,-0.83,-2.85,6.35,-27.16,125.96
STYLAMIND.NS,Stylam Industries Limited,"Furnishings, Fixtures & Appliances",Consumer Cyclical,False,Cash,Stage 2,watchlist,26.17,-0.83,-1.4,-1.06,47.08,3308.7
CUMMINSIND.NS,Cummins India Limited,Specialty Industrial Machinery,Industrials,True,F&O,Stage 4,watchlist,16.46,-0.83,-4.99,-6.76,7.84,4760.0
SHYAMMETL.NS,Shyam Metalics and Energy Limited,Steel,Basic Materials,False,Cash,Stage 2,watchlist,53.69,-0.84,-3.69,-1.21,27.06,1065.0
CRAFTSMAN.NS,Craftsman Automation Limited,Auto Parts,Consumer Cyclical,False,Cash,Stage 2,watchlist,34.21,-0.84,-4.47,-7.43,35.06,10417.0
VMART.NS,V-Mart Retail Limited,Consumer Cyclical,Consumer Cyclical,False,Cash,Stage 2,watchlist,24.08,-0.84,-4.18,-11.36,8.15,753.7
VSTTILLERS.NS,V.S.T Tillers Tractors Limited,Farm & Heavy Construction Machinery,Industrials,False,Cash,Stage 4,watchlist,15.84,-0.84,-0.79,4.96,-28.75,4390.0
MSUMI.NS,Motherson Sumi Wiring India Limited,Auto Parts,Consumer Cyclical,False,Cash,Stage 4,watchlist,10.93,-0.84,-2.6,-8.19,-29.34,34.07
TIMETECHNO.NS,Time Technoplast Limited,Consumer Cyclical,Consumer Cyclical,False,Cash,Stage 3,watchlist,25.38,-0.85,0.22,-3.49,-2.41,182.36
SJVN.NS,SJVN Limited,Utilities - Renewable,Utilities,False,Cash,Stage 4,watchlist,0.0,-0.85,-6.21,-8.63,-18.97,59.32
INOXINDIA.NS,INOX India Limited,Specialty Industrial Machinery,Industrials,False,Cash,Stage 2,watchlist,44.98,-0.86,-5.37,-5.24,84.65,2052.5
TEJASNET.NS,Tejas Networks Limited,Communication Equipment,Technology,False,Cash,Failed Stage 2,watchlist,28.26,-0.86,-6.78,-10.28,7.54,486.2
TATAINVEST.NS,Tata Investment Corporation Limited,Asset Management,Financial Services,False,Cash,Stage 4,watchlist,5.2,-0.86,-8.05,-2.15,-10.54,620.05
TIIL.NS,Technocraft Industries (India) Limited,Tools & Accessories,Industrials,False,Cash,Stage 2,watchlist,36.4,-0.87,-3.94,-11.22,29.75,2900.9
FEDERALBNK.NS,The Federal Bank  Limited,Banks - Regional,Financial Services,True,F&O,Failed Stage 2,watchlist,10.92,-0.87,-4.2,-9.12,19.62,317.4
SCI.NS,Shipping Corporation Of India Limited,Marine Shipping,Industrials,False,Cash,Failed Stage 2,watchlist,24.26,-0.88,-3.06,-5.59,19.85,270.5
ITC.NS,ITC Limited,Consumer Defensive,Consumer Defensive,True,F&O,Stage 4,watchlist,11.21,-0.89,-2.74,-1.44,-24.26,262.75
ZENTEC.NS,Zen Technologies Limited,Aerospace & Defense,Industrials,False,Cash,Failed Stage 2,watchlist,10.0,-0.9,-4.01,-9.86,18.39,1605.2
SHOPERSTOP.NS,Shoppers Stop Limited,Consumer Cyclical,Consumer Cyclical,False,Cash,Stage 2,watchlist,35.84,-0.94,6.11,7.42,8.67,415.0
BECTORFOOD.NS,Mrs. Bectors Food Specialities Limited,Packaged Foods,Consumer Defensive,False,Cash,Failed Stage 2,watchlist,12.36,-0.94,-5.73,-8.97,-15.91,206.74
POLYCAB.NS,Polycab India Limited,Electrical Equipment & Parts,Industrials,True,F&O,Stage 3,watchlist,10.0,-0.94,-4.65,-9.77,5.1,8026.0
GAEL.NS,Gujarat Ambuja Exports Limited,Packaged Foods,Consumer Defensive,False,Cash,Stage 2,watchlist,23.82,-0.95,-1.83,-6.87,19.51,160.21
VIYASH.NS,Viyash Scientific Limited,Drug Manufacturers - Specialty & Generic,Healthcare,False,Cash,Failed Stage 2,watchlist,10.0,-0.95,-7.07,-10.1,13.16,235.8
LLOYDSME.NS,Lloyds Metals And Energy Limited,Steel,Basic Materials,False,Cash,Stage 2,watchlist,44.86,-0.96,-0.36,5.25,39.39,1884.0
SOUTHBANK.NS,The South Indian Bank Limited,Banks - Regional,Financial Services,False,Cash,Stage 2,watchlist,37.43,-0.96,2.46,5.08,28.43,48.24
ASTRAMICRO.NS,Astra Microwave Products Limited,Communication Equipment,Technology,False,Cash,Failed Stage 2,watchlist,23.2,-0.96,2.16,-2.81,66.74,1636.7
BALUFORGE.NS,Balu Forge Industries Limited,Metal Fabrication,Industrials,False,Cash,Failed Stage 2,watchlist,20.14,-0.96,-1.96,-20.16,-17.26,496.35
PFIZER.NS,Pfizer Limited,Drug Manufacturers - General,Healthcare,False,Cash,Stage 4,watchlist,10.08,-0.96,-3.73,-16.94,-19.89,3875.3
ACI.NS,Archean Chemical Industries Limited,Chemicals,Basic Materials,False,Cash,Stage 4,watchlist,5.0,-0.97,2.37,-1.38,-11.89,485.85
EIEL.NS,Enviro Infra Engineers Limited,Engineering & Construction,Industrials,False,Cash,Stage 3,watchlist,1.18,-0.97,-6.74,-0.63,-6.81,189.62
BBOX.NS,Black Box Limited,Software - Application,Technology,False,Cash,Failed Stage 2,watchlist,20.97,-0.98,-0.62,11.79,47.32,804.8
M&MFIN.NS,Mahindra & Mahindra Financial Services Limited,Credit Services,Financial Services,False,Cash,Failed Stage 2,watchlist,13.54,-0.98,-6.81,-10.85,-17.81,324.85
GANECOS.NS,Ganesha Ecosphere Limited,Textile Manufacturing,Consumer Cyclical,False,Cash,Failed Stage 2,watchlist,19.01,-0.99,-3.47,-1.73,19.41,1000.6
INTERARCH.NS,Interarch Building Solutions Limited,Engineering & Construction,Industrials,False,Cash,Stage 4,watchlist,0.0,-0.99,-1.16,-2.13,-26.78,1673.4
SONATSOFTW.NS,Sonata Software Limited,Information Technology Services,Technology,False,Cash,Stage 4,watchlist,6.83,-1.0,-8.42,-10.64,-27.27,258.25
CAPLIPOINT.NS,Caplin Point Laboratories Limited,Drug Manufacturers - Specialty & Generic,Healthcare,False,Cash,Stage 2,watchlist,50.12,-1.01,-2.77,0.35,51.54,2716.4
TARIL.NS,Transformers And Rectifiers (India) Limited,Electrical Equipment & Parts,Industrials,False,Cash,Stage 4,watchlist,10.0,-1.01,-6.54,-12.48,-12.2,270.1
BOMDYEING.NS,Bombay Dyeing & Mfg Company Limited,Textile Manufacturing,Consumer Cyclical,False,Cash,Stage 4,watchlist,5.0,-1.01,-5.29,-6.93,-19.87,105.62
ARVIND.NS,Arvind Limited,Textile Manufacturing,Consumer Cyclical,False,Cash,Stage 2,watchlist,31.11,-1.02,-1.52,-2.31,70.79,539.9
TSFINV.NS,TSF INVESTMENTS LIMITED,Asset Management,Financial Services,False,Cash,Stage 1,watchlist,3.95,-1.02,-9.72,3.49,-4.8,417.15
GUFICBIO.NS,Gufic Biosciences Limited,Drug Manufacturers - Specialty & Generic,Healthcare,False,Cash,Stage 2,watchlist,56.41,-1.03,-1.25,3.76,26.57,432.0
SUNTECK.NS,Sunteck Realty Limited,Real Estate,Real Estate,False,Cash,Stage 4,watchlist,6.39,-1.03,-4.38,-8.03,-35.13,277.4
CHAMBLFERT.NS,Chambal Fertilizers & Chemicals Limited,Agricultural Inputs,Basic Materials,False,Cash,Stage 4,watchlist,0.0,-1.04,-2.47,-0.74,-13.64,409.25
GOKULAGRO.NS,Gokul Agro Resources Limited,Packaged Foods,Consumer Defensive,False,Cash,Failed Stage 2,watchlist,3.07,-1.05,-5.68,-9.98,18.98,212.98
PARAS.NS,Paras Defence and Space Technologies Limited,Aerospace & Defense,Industrials,False,Cash,Stage 2,watchlist,32.33,-1.06,-5.08,-5.01,91.81,1311.0
PGHH.NS,Procter & Gamble Hygiene and Health Care Limited,Household & Personal Products,Consumer Defensive,False,Cash,Stage 4,watchlist,2.0,-1.06,-5.49,-13.74,-46.38,6798.5
LUPIN.NS,Lupin Limited,Drug Manufacturers - Specialty & Generic,Healthcare,True,F&O,Stage 4,watchlist,10.0,-1.07,-3.45,-5.7,-2.75,2030.2
GMDCLTD.NS,Gujarat Mineral Development Corporation Limited,Energy,Energy,False,Cash,Stage 4,watchlist,5.0,-1.07,-8.8,-8.15,-13.86,507.7
NEWGEN.NS,Newgen Software Technologies Limited,Software - Infrastructure,Technology,False,Cash,Stage 4,watchlist,10.25,-1.09,-7.2,-12.07,-43.34,467.85
ALKYLAMINE.NS,Alkyl Amines Chemicals Limited,Specialty Chemicals,Basic Materials,False,Cash,Stage 2,watchlist,33.98,-1.1,-6.44,-12.4,9.47,1761.7
BALAMINES.NS,Balaji Amines Limited,Specialty Chemicals,Basic Materials,False,Cash,Stage 2,watchlist,31.13,-1.1,-6.72,-12.08,91.85,2118.5
GRSE.NS,Garden Reach Shipbuilders & Engineers Limited,Aerospace & Defense,Industrials,False,Cash,Stage 4,watchlist,17.73,-1.1,-8.35,-13.52,-10.15,2181.9
ASTRAZEN.NS,AstraZeneca Pharma India Limited,Drug Manufacturers - Specialty & Generic,Healthcare,False,Cash,Stage 4,watchlist,10.0,-1.1,-7.75,-10.57,-29.21,6186.0
IIFL.NS,IIFL Finance Limited,Credit Services,Financial Services,False,Cash,Stage 2,watchlist,38.75,-1.11,-5.14,-6.01,-2.46,600.75
ATUL.NS,Atul Limited,Specialty Chemicals,Basic Materials,False,Cash,Stage 1,watchlist,18.82,-1.12,-3.31,-8.32,-3.64,5915.5
NSLNISP.NS,NMDC Steel Limited,Steel,Basic Materials,False,Cash,Failed Stage 2,watchlist,10.0,-1.12,-5.98,-9.41,-6.28,41.32
JASH.NS,Jash Engineering Limited,Specialty Industrial Machinery,Industrials,False,Cash,Stage 2,watchlist,45.34,-1.13,0.46,29.53,36.4,591.65
DIXON.NS,Dixon Technologies (India) Limited,Technology,Technology,True,F&O,Stage 2,watchlist,36.31,-1.13,-0.76,-9.34,8.43,13100.0
WESTLIFE.NS,WESTLIFE FOODWORLD LIMITED,Consumer Cyclical,Consumer Cyclical,False,Cash,Stage 2,watchlist,30.8,-1.13,-1.48,6.49,9.6,589.85
KIOCL.NS,KIOCL Limited,Steel,Basic Materials,False,Cash,Stage 4,watchlist,17.46,-1.13,-4.88,-13.45,-18.23,332.3
KIRLPNU.NS,Kirloskar Pneumatic Company Limited,Specialty Industrial Machinery,Industrials,False,Cash,Stage 3,watchlist,14.36,-1.13,-4.95,-5.3,31.23,676.7
KDDL.NS,KDDL Limited,Luxury Goods,Consumer Cyclical,False,Cash,Stage 2,watchlist,39.27,-1.14,-8.58,0.45,57.96,3886.9
DBL.NS,Dilip Buildcon Limited,Engineering & Construction,Industrials,False,Cash,Stage 4,watchlist,11.81,-1.14,-1.78,3.14,-14.07,406.2
GNFC.NS,Gujarat Narmada Valley Fertilizers and Chemicals Limited,Chemicals,Basic Materials,False,Cash,Stage 2,watchlist,48.85,-1.16,-2.99,8.81,27.78,604.4
BIRLACORPN.NS,Birla Corporation Limited,Building Materials,Basic Materials,False,Cash,Stage 4,watchlist,1.55,-1.16,0.01,-4.49,-23.34,840.05
VOLTAMP.NS,Voltamp Transformers Limited,Electrical Equipment & Parts,Industrials,False,Cash,Stage 2,watchlist,58.78,-1.17,-2.77,-2.62,36.24,10500.0
NORTHARC.NS,Northern Arc Capital Limited,Credit Services,Financial Services,False,Cash,Stage 2,watchlist,35.94,-1.17,-8.43,-4.06,14.85,287.35
ASHIANA.NS,Ashiana Housing Limited,Real Estate,Real Estate,False,Cash,Stage 2,watchlist,26.53,-1.17,-1.29,6.54,37.29,386.0
VSSL.NS,Vardhman Special Steels Limited,Steel,Basic Materials,False,Cash,Stage 2,watchlist,61.21,-1.18,-3.03,13.02,41.83,401.05
JBMA.NS,JBM Auto Limited,Auto Parts,Consumer Cyclical,False,Cash,Stage 4,watchlist,5.0,-1.18,-7.53,-10.39,-10.93,556.5
KRBL.NS,KRBL Limited,Packaged Foods,Consumer Defensive,False,Cash,Stage 2,watchlist,35.61,-1.19,-5.74,-8.99,-2.4,381.6
AWFIS.NS,Awfis Space Solutions Limited,Industrials,Industrials,False,Cash,Stage 4,watchlist,0.0,-1.21,-9.27,-7.12,-51.02,244.1
PPLPHARMA.NS,Piramal Pharma Limited,Drug Manufacturers - Specialty & Generic,Healthcare,False,Cash,Stage 2,watchlist,40.4,-1.22,-2.0,-3.13,21.57,206.52
INGERRAND.NS,Ingersoll Rand (India) Limited,Specialty Industrial Machinery,Industrials,False,Cash,Failed Stage 2,watchlist,24.98,-1.22,-2.0,-13.56,19.43,4144.0
COLPAL.NS,Colgate Palmolive (India) Limited,Household & Personal Products,Consumer Defensive,True,F&O,Stage 4,watchlist,11.18,-1.22,-6.54,-5.19,-14.79,1763.3
IRFC.NS,Indian Railway Finance Corporation Limited,Credit Services,Financial Services,True,F&O,Stage 4,watchlist,6.73,-1.22,-2.12,-3.9,-36.3,79.28
TATVA.NS,Tatva Chintan Pharma Chem Limited,Specialty Chemicals,Basic Materials,False,Cash,Stage 2,watchlist,41.24,-1.23,0.34,11.3,34.85,1784.2
GRASIM.NS,Grasim Industries Limited,Building Materials,Basic Materials,True,F&O,Failed Stage 2,watchlist,6.06,-1.23,-3.97,-7.36,7.71,3061.9
SKYGOLD.NS,SKY GOLD AND DIAMONDS LIMITED,Luxury Goods,Consumer Cyclical,False,Cash,Stage 2,watchlist,40.93,-1.24,2.09,4.17,143.16,810.7
HGINFRA.NS,H.G. Infra Engineering Limited,Engineering & Construction,Industrials,False,Cash,Stage 4,watchlist,3.79,-1.25,-3.98,-10.19,-41.3,432.75
ANTHEM.NS,Anthem Biosciences Limited,Biotechnology,Healthcare,False,Cash,Stage 2,watchlist,52.12,-1.28,-2.64,-7.13,34.91,858.6
BANSALWIRE.NS,Bansal Wire Industries Limited,Steel,Basic Materials,False,Cash,Stage 2,watchlist,41.67,-1.28,2.39,1.16,5.91,323.45
SENORES.NS,Senores Pharmaceuticals Limited,Drug Manufacturers - General,Healthcare,False,Cash,Stage 2,watchlist,31.25,-1.28,0.17,-4.74,67.68,1385.8
CROMPTON.NS,Crompton Greaves Consumer Electricals Limited,"Furnishings, Fixtures & Appliances",Consumer Cyclical,True,F&O,Stage 4,watchlist,0.0,-1.28,-6.61,-9.71,-15.27,208.67
NRBBEARING.NS,NRB Bearing Limited,Auto Parts,Consumer Cyclical,False,Cash,Stage 2,watchlist,41.06,-1.29,-1.29,16.54,99.6,534.05
GODREJAGRO.NS,Godrej Agrovet Limited,Packaged Foods,Consumer Defensive,False,Cash,Failed Stage 2,watchlist,27.07,-1.29,-6.94,-4.71,11.86,623.55
JSWENERGY.NS,JSW Energy Limited,Utilities,Utilities,True,F&O,Stage 4,watchlist,9.74,-1.29,-5.05,-4.5,-1.12,494.7
IMFA.NS,Indian Metals & Ferro Alloys Limited,Basic Materials,Basic Materials,False,Cash,Stage 4,watchlist,4.57,-1.29,-5.94,-8.47,-19.7,1190.9
CARERATING.NS,CARE Ratings Limited,Financial Services,Financial Services,False,Cash,Stage 1,watchlist,3.76,-1.29,-1.4,-5.18,1.23,1616.7
ADANIPORTS.NS,Adani Ports and Special Economic Zone Limited,Marine Shipping,Industrials,True,F&O,Stage 2,watchlist,51.93,-1.3,-0.5,9.15,21.93,1798.3
NITINSPIN.NS,Nitin Spinners Limited,Textile Manufacturing,Consumer Cyclical,False,Cash,Stage 2,watchlist,35.61,-1.3,-3.16,-4.7,89.05,598.3
ARVSMART.NS,Arvind SmartSpaces Limited,Real Estate,Real Estate,False,Cash,Failed Stage 2,watchlist,17.05,-1.3,-5.09,-8.27,1.27,601.75
GUJALKALI.NS,Gujarat Alkalies and Chemicals Limited,Chemicals,Basic Materials,False,Cash,Failed Stage 2,watchlist,14.97,-1.32,-2.24,-10.9,26.87,618.85
SANATHAN.NS,Sanathan Textiles Limited,Textile Manufacturing,Consumer Cyclical,False,Cash,Stage 2,watchlist,62.15,-1.33,0.36,12.36,17.52,508.15
DBREALTY.NS,Valor Estate Limited,Real Estate,Real Estate,False,Cash,Stage 4,watchlist,2.0,-1.33,-4.89,-6.2,-17.99,96.52
BBL.NS,Bharat Bijlee Limited,Electrical Equipment & Parts,Industrials,False,Cash,Stage 4,watchlist,16.32,-1.34,-6.09,-9.66,-20.68,2095.2
OLAELEC.NS,Ola Electric Mobility Limited,Auto Manufacturers,Consumer Cyclical,False,Cash,Not Sure,watchlist,8.51,-1.34,-11.82,-8.86,-1.6,36.92
IDBI.NS,IDBI Bank Limited,Banks - Regional,Financial Services,False,Cash,Stage 3,watchlist,3.06,-1.34,-1.43,-10.71,-20.78,82.2
RELIGARE.NS,Religare Enterprises Limited,Insurance - Life,Financial Services,False,Cash,Failed Stage 2,watchlist,10.7,-1.35,-9.08,-8.36,-7.65,228.91
JUBLFOOD.NS,Jubilant Foodworks Limited,Consumer Cyclical,Consumer Cyclical,True,F&O,Stage 3,watchlist,16.48,-1.36,-5.5,-5.72,-17.2,456.7
SWANCORP.NS,SWAN CORP LIMITED,Conglomerates,Industrials,False,Cash,Stage 4,watchlist,5.57,-1.36,-6.62,-3.18,-39.84,280.2
MFSL.NS,Max Financial Services Limited,Insurance - Life,Financial Services,True,F&O,Stage 4,watchlist,3.79,-1.36,-12.12,-10.51,-17.96,1373.4
DREDGECORP.NS,Dredging Corporation of India Limited,Engineering & Construction,Industrials,False,Cash,Failed Stage 2,watchlist,0.0,-1.36,-9.56,-14.54,-7.73,920.2
MRPL.NS,Mangalore Refinery and Petrochemicals Limited,Oil & Gas Refining & Marketing,Energy,False,Cash,Stage 2,watchlist,52.65,-1.37,1.79,-1.24,12.63,169.29
VISHNU.NS,Vishnu Chemicals Limited,Specialty Chemicals,Basic Materials,False,Cash,Stage 2,watchlist,32.91,-1.39,-8.21,0.42,20.77,664.5
SUVEN.NS,Suven Life Sciences Limited,Drug Manufacturers - Specialty & Generic,Healthcare,False,Cash,Stage 2,watchlist,29.72,-1.4,-6.33,-16.09,94.43,320.2
HINDALCO.NS,Hindalco Industries Limited,Basic Materials,Basic Materials,True,F&O,Failed Stage 2,watchlist,3.2,-1.4,-6.18,-7.16,5.78,941.8
NETWEB.NS,Netweb Technologies India Limited,Technology,Technology,False,Cash,Stage 2,watchlist,27.92,-1.41,-3.97,-11.46,47.95,4548.0
SWIGGY.NS,Swiggy Limited,Consumer Cyclical,Consumer Cyclical,True,F&O,Stage 4,watchlist,11.95,-1.42,-10.2,-9.05,-35.99,250.1
SETL.NS,Standard Engineering Technology Limited,Specialty Industrial Machinery,Industrials,False,Cash,Stage 2,watchlist,26.96,-1.43,3.88,9.24,182.11,422.8
TRIVENI.NS,Triveni Engineering & Industries Limited,Consumer Defensive,Consumer Defensive,False,Cash,Stage 4,watchlist,0.0,-1.44,-2.74,-20.27,-37.75,235.7
KKCL.NS,Kewal Kiran Clothing Limited,Apparel Manufacturing,Consumer Cyclical,False,Cash,Stage 4,watchlist,10.15,-1.45,-3.6,-9.77,-4.03,460.35
MEDIASSIST.NS,Medi Assist Healthcare Services Limited,Healthcare,Healthcare,False,Cash,Stage 4,watchlist,7.89,-1.45,-9.67,-10.03,-34.38,302.25
SHARDAMOTR.NS,Sharda Motor Industries Limited,Auto Parts,Consumer Cyclical,False,Cash,Stage 2,watchlist,65.67,-1.47,-1.53,10.72,3.84,956.95
THOMASCOOK.NS,Thomas Cook  (India)  Limited,Consumer Cyclical,Consumer Cyclical,False,Cash,Not Sure,watchlist,16.13,-1.47,-2.6,-3.14,-30.76,102.39
DIVISLAB.NS,Divi's Laboratories Limited,Drug Manufacturers - Specialty & Generic,Healthcare,True,F&O,Stage 2,watchlist,58.44,-1.48,-3.45,1.38,47.07,9291.5
BAJFINANCE.NS,Bajaj Finance Limited,Credit Services,Financial Services,True,F&O,Failed Stage 2,watchlist,18.89,-1.48,-8.03,-8.97,-0.8,959.4
BALRAMCHIN.NS,Balrampur Chini Mills Limited,Consumer Defensive,Consumer Defensive,False,Cash,Stage 2,watchlist,42.76,-1.49,-2.0,-0.9,51.23,662.85
JSWSTEEL.NS,JSW Steel Limited,Steel,Basic Materials,True,F&O,Stage 1,watchlist,36.48,-1.49,-3.42,-4.58,7.61,1253.4
EIDPARRY.NS,EID Parry India Limited,Agricultural Inputs,Basic Materials,False,Cash,Stage 4,watchlist,0.0,-1.49,-2.21,-13.79,-32.62,685.9
AUROPHARMA.NS,Aurobindo Pharma Limited,Drug Manufacturers - Specialty & Generic,Healthcare,True,F&O,Stage 2,watchlist,70.5,-1.51,-2.88,-0.67,40.15,1672.0
DRREDDY.NS,Dr. Reddy's Laboratories Limited,Drug Manufacturers - Specialty & Generic,Healthcare,True,F&O,Stage 4,watchlist,21.07,-1.51,1.8,5.29,-1.0,1233.0
HDBFS.NS,HDB Financial Services Limited,Credit Services,Financial Services,False,Cash,Stage 3,watchlist,2.0,-1.52,-7.38,-8.0,-18.45,621.3
PTCIL.NS,PTC Industries Limited,Metal Fabrication,Industrials,False,Cash,Stage 2,watchlist,53.56,-1.53,-0.74,-2.48,20.91,22190.0
HONAUT.NS,Honeywell Automation India Limited,Electrical Equipment & Parts,Industrials,False,Cash,Stage 3,watchlist,37.19,-1.53,-2.38,-5.83,1.53,33460.0
ARE&M.NS,Amara Raja Energy & Mobility Limited,Electrical Equipment & Parts,Industrials,False,Cash,Stage 4,watchlist,20.82,-1.53,-7.17,-14.25,-18.19,754.55
ICRA.NS,ICRA Limited,Financial Services,Financial Services,False,Cash,Stage 4,watchlist,3.79,-1.53,-6.65,-15.56,-29.78,4232.0
PRECWIRE.NS,Precision Wires India Limited,Electrical Equipment & Parts,Industrials,False,Cash,Stage 2,watchlist,37.62,-1.54,-1.28,-0.98,98.68,492.45
GODREJIND.NS,Godrej Industries Limited,Conglomerates,Industrials,False,Cash,Failed Stage 2,watchlist,0.0,-1.54,-6.02,-9.84,0.9,1039.4
WABAG.NS,VA Tech Wabag Limited,Engineering & Construction,Industrials,False,Cash,Stage 2,watchlist,24.62,-1.55,0.62,2.36,57.12,2061.4
TVSHLTD.NS,TVS Holdings Limited,Auto Parts,Consumer Cyclical,False,Cash,Stage 4,watchlist,22.74,-1.55,-3.84,-8.51,-12.5,12107.0
TIINDIA.NS,Tube Investments of India Limited,Conglomerates,Industrials,True,F&O,Stage 4,watchlist,0.0,-1.57,-7.9,-14.05,-9.33,2375.0
POLICYBZR.NS,PB Fintech Limited,Financial Services,Financial Services,True,F&O,Failed Stage 2,watchlist,0.0,-1.58,-43.6,-41.84,-41.08,1063.9
RESPONIND.NS,Responsive Industries Limited,Specialty Chemicals,Basic Materials,False,Cash,Stage 4,watchlist,9.78,-1.61,1.94,10.13,-17.05,165.38
ZENSARTECH.NS,Zensar Technologies Limited,Information Technology Services,Technology,False,Cash,Stage 4,watchlist,0.0,-1.61,-2.01,-10.75,-38.12,422.1
MANKIND.NS,Mankind Pharma Limited,Drug Manufacturers - Specialty & Generic,Healthcare,True,F&O,Stage 2,watchlist,44.83,-1.62,1.57,6.25,15.67,2503.8
KPEL.NS,K.P. Energy Limited,Engineering & Construction,Industrials,False,Cash,Stage 4,watchlist,0.0,-1.62,-3.67,-8.73,-36.97,220.41
NATIONALUM.NS,National Aluminium Company Limited,Basic Materials,Basic Materials,True,F&O,Stage 3,watchlist,15.22,-1.64,-6.19,-8.35,10.56,340.95
CSBBANK.NS,CSB Bank Limited,Banks - Regional,Financial Services,False,Cash,Stage 4,watchlist,6.93,-1.64,-7.55,-8.25,-35.73,311.0
ALKEM.NS,Alkem Laboratories Limited,Drug Manufacturers - Specialty & Generic,Healthcare,True,F&O,Stage 1,watchlist,24.09,-1.65,-4.69,-2.58,-4.56,5163.5
INDRAMEDCO.NS,Indraprastha Medical Corporation Limited,Medical Care Facilities,Healthcare,False,Cash,Stage 4,watchlist,7.59,-1.65,-6.85,-1.39,-21.69,348.95
SANOFICONR.NS,Sanofi Consumer Healthcare India Limited,Drug Manufacturers - General,Healthcare,False,Cash,Stage 4,watchlist,11.55,-1.66,-5.06,-8.15,-15.35,3802.8
RPGLIFE.NS,RPG Life Sciences Limited,Drug Manufacturers - Specialty & Generic,Healthcare,False,Cash,Stage 2,watchlist,53.65,-1.69,0.39,17.24,32.62,3037.1
GENUSPOWER.NS,Genus Power Infrastructures Limited,Electrical Equipment & Parts,Industrials,False,Cash,Failed Stage 2,watchlist,10.0,-1.7,-6.39,-11.82,-3.09,288.65
JSLL.NS,Jeena Sikho Lifecare Limited,Medical Care Facilities,Healthcare,False,Cash,Stage 4,watchlist,2.35,-1.7,-4.48,0.36,-25.94,500.8
HBLENGINE.NS,HBL Engineering Limited,Electrical Equipment & Parts,Industrials,False,Cash,Stage 1,watchlist,26.23,-1.71,3.94,20.69,-13.23,794.5
CANFINHOME.NS,Can Fin Homes Limited,Mortgage Finance,Financial Services,False,Cash,Stage 4,watchlist,0.0,-1.71,-5.11,-9.35,-22.08,719.2
POKARNA.NS,Pokarna Limited,Building Products & Equipment,Industrials,False,Cash,Stage 4,watchlist,3.79,-1.72,-4.77,-16.18,-15.94,705.7
RKFORGE.NS,Ramkrishna Forgings Limited,Metal Fabrication,Industrials,False,Cash,Stage 2,watchlist,53.62,-1.73,-1.11,-6.81,36.21,702.3
UNIVCABLES.NS,Universal Cables Limited,Electrical Equipment & Parts,Industrials,False,Cash,Stage 2,watchlist,29.06,-1.73,-4.36,-12.26,51.19,1443.0
PICCADIL.NS,Piccadily Agro Industries Limited,Consumer Defensive,Consumer Defensive,False,Cash,Not Sure,watchlist,14.85,-1.74,-4.71,-6.41,-1.85,592.35
JAIBALAJI.NS,Jai Balaji Industries Limited,Steel,Basic Materials,False,Cash,Stage 4,watchlist,10.0,-1.75,-6.8,-11.64,-12.44,62.24
ORCHPHARMA.NS,Orchid Pharma Limited,Drug Manufacturers - Specialty & Generic,Healthcare,False,Cash,Stage 2,watchlist,34.25,-1.76,-9.53,5.18,25.7,997.0
BIKAJI.NS,Bikaji Foods International Limited,Packaged Foods,Consumer Defensive,False,Cash,Stage 4,watchlist,0.0,-1.76,-11.72,-12.79,-29.2,521.8
INOXGREEN.NS,Inox Green Energy Services Limited,Utilities - Renewable,Utilities,False,Cash,Stage 4,watchlist,0.0,-1.76,-7.86,0.49,-22.55,161.07
PILANIINVS.NS,Pilani Investment and Industries Corporation Limited,Asset Management,Financial Services,False,Cash,Stage 4,watchlist,0.0,-1.77,-2.11,-9.12,-23.45,3956.5
SUNFLAG.NS,Sunflag Iron And Steel Company Limited,Steel,Basic Materials,False,Cash,Stage 2,watchlist,42.8,-1.78,16.77,34.66,68.09,456.05
BIOCON.NS,Biocon Limited,Biotechnology,Healthcare,True,F&O,Stage 3,watchlist,17.11,-1.78,-6.25,-7.67,-4.39,370.3
IKS.NS,Inventurus Knowledge Solutions Limited,Healthcare,Healthcare,False,Cash,Stage 2,watchlist,48.44,-1.79,-9.82,0.38,3.88,1747.5
QPOWER.NS,Quality Power Electrical Equipments Limited,Electrical Equipment & Parts,Industrials,False,Cash,Stage 2,watchlist,37.38,-1.83,1.88,6.58,95.23,1584.8
ONGC.NS,Oil & Natural Gas Corporation Limited,Energy,Energy,True,F&O,Stage 4,watchlist,22.21,-1.83,-4.69,-4.1,-2.46,225.8
VOLTAS.NS,Voltas Limited,"Furnishings, Fixtures & Appliances",Consumer Cyclical,True,F&O,Stage 4,watchlist,0.0,-1.83,-5.31,-11.2,-22.46,1070.0
JYOTICNC.NS,Jyoti CNC Automation Limited,Specialty Industrial Machinery,Industrials,False,Cash,Stage 2,watchlist,45.85,-1.84,-5.54,5.13,4.72,1039.85
KANSAINER.NS,Kansai Nerolac Paints Limited,Specialty Chemicals,Basic Materials,False,Cash,Stage 4,watchlist,9.37,-1.84,-2.51,-8.61,-24.87,177.99
DELHIVERY.NS,Delhivery Limited,Industrials,Industrials,True,F&O,Stage 4,watchlist,0.0,-1.84,-5.82,-11.09,2.27,409.7
TI.NS,Tilaknagar Industries Limited,Consumer Defensive,Consumer Defensive,False,Cash,Stage 2,watchlist,35.19,-1.85,-10.12,-0.74,19.1,540.65
JUBLPHARMA.NS,Jubilant Pharmova Limited,Drug Manufacturers - Specialty & Generic,Healthcare,False,Cash,Stage 2,watchlist,17.19,-1.85,-2.76,13.35,-2.27,1028.8
NATCOPHARM.NS,Natco Pharma Limited,Drug Manufacturers - Specialty & Generic,Healthcare,False,Cash,Stage 4,watchlist,10.0,-1.85,-1.21,-2.56,-6.52,827.5
TITAN.NS,Titan Company Limited,Luxury Goods,Consumer Cyclical,True,F&O,Stage 2,watchlist,38.46,-1.88,-6.0,-9.17,13.65,4587.0
TATACONSUM.NS,TATA CONSUMER PRODUCTS LIMITED,Packaged Foods,Consumer Defensive,True,F&O,Stage 4,watchlist,0.0,-1.88,-4.51,-7.86,-18.64,949.5
AURIONPRO.NS,Aurionpro Solutions Limited,Software - Application,Technology,False,Cash,Stage 4,watchlist,5.0,-1.91,-9.76,-10.19,-41.16,622.1
TORNTPHARM.NS,Torrent Pharmaceuticals Limited,Drug Manufacturers - Specialty & Generic,Healthcare,True,F&O,Stage 2,watchlist,43.97,-1.92,-3.71,-3.33,25.83,4800.0
SKIPPER.NS,Skipper Limited,Engineering & Construction,Industrials,False,Cash,Stage 2,watchlist,26.02,-1.92,-6.41,-0.62,23.39,531.15
GRINFRA.NS,G R Infraprojects Limited,Engineering & Construction,Industrials,False,Cash,Stage 4,watchlist,6.24,-1.92,-3.03,-9.28,-19.71,800.6
DATAMATICS.NS,Datamatics Global Services Limited,Information Technology Services,Technology,False,Cash,Stage 2,watchlist,31.66,-1.93,1.99,5.15,2.18,805.55
CARYSIL.NS,CARYSIL LIMITED,"Furnishings, Fixtures & Appliances",Consumer Cyclical,False,Cash,Failed Stage 2,watchlist,0.53,-1.93,-4.52,-7.09,14.4,1036.1
POCL.NS,Pondy Oxides & Chemicals Limited,Specialty Chemicals,Basic Materials,False,Cash,Stage 4,watchlist,8.79,-1.94,-7.13,-6.21,-25.17,452.65
HDFCBANK.NS,HDFC Bank Limited,Banks - Regional,Financial Services,True,F&O,Stage 4,watchlist,2.0,-1.94,-3.87,-0.45,-27.31,708.7
COROMANDEL.NS,Coromandel International Limited,Agricultural Inputs,Basic Materials,False,Cash,Stage 4,watchlist,0.31,-1.94,-10.11,-8.57,-21.92,1758.2
AARTIPHARM.NS,Aarti Pharmalabs Limited,Drug Manufacturers - Specialty & Generic,Healthcare,False,Cash,Stage 2,watchlist,55.34,-1.96,1.45,10.5,28.74,953.75
TATASTEEL.NS,Tata Steel Limited,Steel,Basic Materials,True,F&O,Stage 1,watchlist,20.1,-1.97,-3.42,0.12,3.41,184.3
MARINE.NS,Marine Electricals (India) Limited,Electrical Equipment & Parts,Industrials,False,Cash,Stage 2,watchlist,37.05,-1.99,0.88,-0.63,103.08,429.55
GREAVESCOT.NS,Greaves Cotton Limited,Specialty Industrial Machinery,Industrials,False,Cash,Stage 2,watchlist,41.19,-2.0,11.78,16.42,20.16,230.28
PSPPROJECT.NS,PSP Projects Limited,Engineering & Construction,Industrials,False,Cash,Stage 4,watchlist,0.0,-2.0,-7.87,-12.29,-11.52,767.0
SHRIPISTON.NS,Shriram Pistons & Rings Limited,Auto Parts,Consumer Cyclical,False,Cash,Stage 2,watchlist,44.32,-2.01,3.65,1.21,48.4,4653.7
CHOICEIN.NS,Choice International Limited,Capital Markets,Financial Services,False,Cash,Stage 3,watchlist,14.05,-2.01,-3.4,-6.25,-13.36,726.25
NAUKRI.NS,Info Edge (India) Limited,Communication Services,Communication Services,True,F&O,Stage 2,watchlist,46.86,-2.05,-5.98,-7.12,-8.57,1219.5
HIRECT.NS,Hind Rectifiers Limited,Electrical Equipment & Parts,Industrials,False,Cash,Stage 2,watchlist,54.84,-2.07,-7.48,-6.11,52.83,1147.2
BAJAJELEC.NS,Bajaj Electricals Limited,"Furnishings, Fixtures & Appliances",Consumer Cyclical,False,Cash,Stage 4,watchlist,0.0,-2.08,-7.89,-6.89,-35.51,303.4
QUESS.NS,Quess Corp Limited,Industrials,Industrials,False,Cash,Stage 2,watchlist,22.69,-2.09,-6.7,-11.74,68.34,334.95
BLUEJET.NS,Blue Jet Healthcare Limited,Biotechnology,Healthcare,False,Cash,Stage 2,watchlist,27.79,-2.1,-8.14,-8.05,1.92,538.05
INFY.NS,Infosys Limited,Information Technology Services,Technology,True,F&O,Stage 4,watchlist,9.73,-2.1,-2.59,-14.01,-37.68,994.1
RHIM.NS,RHI MAGNESITA INDIA LIMITED,Metal Fabrication,Industrials,False,Cash,Not Sure,watchlist,33.62,-2.12,-1.03,5.22,-14.77,384.85
LUMAXIND.NS,Lumax Industries Limited,Auto Parts,Consumer Cyclical,False,Cash,Failed Stage 2,watchlist,23.13,-2.16,-3.79,-13.3,10.85,5568.5
JUBLCPL.NS,Jubilant Agri and Consumer Products Limited,Specialty Chemicals,Basic Materials,False,Cash,Stage 2,watchlist,30.4,-2.19,-6.41,-10.98,-9.16,2061.2
SUPRAJIT.NS,Suprajit Engineering Limited,Auto Parts,Consumer Cyclical,False,Cash,Failed Stage 2,watchlist,15.55,-2.21,-0.79,-4.05,2.98,481.2
VENUSPIPES.NS,Venus Pipes & Tubes Limited,Steel,Basic Materials,False,Cash,Stage 2,watchlist,39.48,-2.22,-3.95,33.68,84.96,2147.1
SBILIFE.NS,SBI Life Insurance Company Limited,Insurance - Life,Financial Services,True,F&O,Stage 4,watchlist,12.19,-2.22,-3.61,-2.47,-16.74,1696.4
KSCL.NS,Kaveri Seed Company Limited,Agricultural Inputs,Basic Materials,False,Cash,Stage 4,watchlist,7.13,-2.22,2.1,-4.72,-25.54,725.65
LTF.NS,L&T Finance Limited,Credit Services,Financial Services,True,F&O,Failed Stage 2,watchlist,2.0,-2.23,-14.52,-14.25,-15.61,265.0
SJS.NS,S.J.S. Enterprises Limited,Auto Parts,Consumer Cyclical,False,Cash,Stage 2,watchlist,28.39,-2.24,-3.26,-8.26,27.07,2258.0
SENCO.NS,Senco Gold Limited,Luxury Goods,Consumer Cyclical,False,Cash,Failed Stage 2,watchlist,10.0,-2.24,-6.22,-9.01,1.37,320.95
NYKAA.NS,FSN E-Commerce Ventures Limited,Consumer Cyclical,Consumer Cyclical,True,F&O,Stage 2,watchlist,27.34,-2.25,-6.12,-5.47,20.41,320.0
ERIS.NS,Eris Lifesciences Limited,Drug Manufacturers - Specialty & Generic,Healthcare,False,Cash,Stage 4,watchlist,10.0,-2.25,-6.14,-8.31,-20.19,1191.9
FIEMIND.NS,Fiem Industries Limited,Auto Parts,Consumer Cyclical,False,Cash,Stage 4,watchlist,5.0,-2.26,-2.44,-9.98,-14.28,1877.6
PATANJALI.NS,Patanjali Foods Limited,Packaged Foods,Consumer Defensive,True,F&O,Stage 4,watchlist,0.0,-2.26,-11.34,4.97,-33.63,363.0
SAILIFE.NS,Sai Life Sciences Limited,Diagnostics & Research,Healthcare,False,Cash,Stage 2,watchlist,37.17,-2.27,-5.29,0.42,69.34,1524.5
ROSSARI.NS,Rossari Biotech Limited,Specialty Chemicals,Basic Materials,False,Cash,Stage 4,watchlist,5.0,-2.28,-8.1,-12.3,-27.76,417.95
GLOBUSSPR.NS,Globus Spirits Limited,Consumer Defensive,Consumer Defensive,False,Cash,Stage 4,watchlist,0.0,-2.28,-5.14,-13.41,-26.29,786.45
BLISSGVS.NS,Bliss GVS Pharma Limited,Drug Manufacturers - Specialty & Generic,Healthcare,False,Cash,Stage 2,watchlist,41.75,-2.31,-0.68,10.16,330.15,694.45
HONASA.NS,Honasa Consumer Limited,Household & Personal Products,Consumer Defensive,False,Cash,Stage 2,watchlist,38.32,-2.33,-11.04,-10.3,53.04,431.35
BLACKBUCK.NS,BLACKBUCK LIMITED,Software - Application,Technology,False,Cash,Stage 1,watchlist,34.74,-2.33,-1.32,4.76,-9.88,607.9
GRANULES.NS,Granules India Limited,Drug Manufacturers - Specialty & Generic,Healthcare,False,Cash,Stage 2,watchlist,33.9,-2.33,-1.59,1.12,37.0,846.55
PGHL.NS,Procter & Gamble Health Limited,Drug Manufacturers - Specialty & Generic,Healthcare,False,Cash,Stage 3,watchlist,13.9,-2.33,2.04,-3.69,0.92,5563.0
ADANIENT.NS,Adani Enterprises Limited,Energy,Energy,True,F&O,Failed Stage 2,watchlist,13.07,-2.34,-3.0,1.38,28.53,2903.4
CELLO.NS,Cello World Limited,"Furnishings, Fixtures & Appliances",Consumer Cyclical,False,Cash,Stage 4,watchlist,6.2,-2.34,0.45,-6.83,-39.55,325.55
APARINDS.NS,Apar Industries Limited,Electrical Equipment & Parts,Industrials,False,Cash,Stage 2,watchlist,43.7,-2.35,-2.75,0.25,109.48,17384.0
OIL.NS,Oil India Limited,Energy,Energy,True,F&O,Failed Stage 2,watchlist,15.23,-2.35,-4.54,-8.25,6.76,448.65
THYROCARE.NS,Thyrocare Technologies Limited,Diagnostics & Research,Healthcare,False,Cash,Stage 2,watchlist,30.88,-2.37,-6.9,-9.55,21.13,534.15
INDGN.NS,Indegene Limited,Healthcare,Healthcare,False,Cash,Stage 2,watchlist,56.31,-2.38,-1.28,-2.42,14.09,590.75
ETERNAL.NS,ETERNAL LIMITED,Consumer Cyclical,Consumer Cyclical,True,F&O,Stage 2,watchlist,47.32,-2.39,-6.61,-2.36,12.76,320.0
FIRSTCRY.NS,Brainbees Solutions Limited,Consumer Cyclical,Consumer Cyclical,False,Cash,Stage 4,watchlist,8.82,-2.4,-0.26,1.28,-37.31,179.94
CIPLA.NS,Cipla Limited,Drug Manufacturers - Specialty & Generic,Healthcare,True,F&O,Not Sure,watchlist,11.03,-2.41,-2.68,-5.41,-9.48,1346.0
DCAL.NS,Dishman Carbogen Amcis Limited,Biotechnology,Healthcare,False,Cash,Stage 4,watchlist,8.79,-2.43,-9.15,-13.4,-38.6,157.47
CENTUM.NS,Centum Electronics Limited,Electronic Components,Technology,False,Cash,Stage 2,watchlist,37.8,-2.5,-0.58,40.29,109.87,4797.9
REFEX.NS,Refex Industries Limited,Energy,Energy,False,Cash,Stage 4,watchlist,8.98,-2.5,-7.47,-4.45,1.76,265.25
TTML.NS,Tata Teleservices (Maharashtra) Limited,Telecom Services,Communication Services,False,Cash,Stage 4,watchlist,3.79,-2.5,-3.73,-11.87,-30.79,34.3
VIJAYA.NS,Vijaya Diagnostic Centre Limited,Diagnostics & Research,Healthcare,False,Cash,Stage 2,watchlist,37.78,-2.53,-8.47,-3.96,38.11,1437.7
MOIL.NS,MOIL Limited,Basic Materials,Basic Materials,False,Cash,Stage 4,watchlist,6.71,-2.54,-4.4,-5.06,-34.67,237.76
CEMPRO.NS,Cemindia Projects Limited,Engineering & Construction,Industrials,False,Cash,Failed Stage 2,watchlist,5.04,-2.54,-9.08,-4.17,55.12,1192.2
ABREL.NS,Aditya Birla Real Estate Limited,Real Estate Services,Real Estate,False,Cash,Stage 4,watchlist,7.41,-2.58,-6.27,-16.68,-32.6,1130.7
IGIL.NS,International Gemological Institute Limited,Basic Materials,Basic Materials,False,Cash,Stage 4,watchlist,9.75,-2.59,-4.75,-7.02,-3.68,315.9
SUNPHARMA.NS,Sun Pharmaceutical Industries Limited,Drug Manufacturers - Specialty & Generic,Healthcare,True,F&O,Stage 1,watchlist,37.84,-2.6,-2.6,-5.83,6.51,1816.6
HAVELLS.NS,Havells India Limited,Electrical Equipment & Parts,Industrials,True,F&O,Stage 4,watchlist,13.79,-2.62,-7.34,-16.91,-27.75,1016.0
CONCORDBIO.NS,Concord Biotech Limited,Biotechnology,Healthcare,False,Cash,Stage 2,watchlist,25.66,-2.63,-11.97,-7.46,3.41,1373.6
NESTLEIND.NS,Nestle India Limited,Packaged Foods,Consumer Defensive,True,F&O,Not Sure,watchlist,0.4,-2.65,-5.57,-8.91,2.19,1310.0
THANGAMAYL.NS,Thangamayil Jewellery Limited,Luxury Goods,Consumer Cyclical,False,Cash,Stage 1,watchlist,10.3,-2.74,-4.8,-4.7,55.73,5062.0
KALYANKJIL.NS,Kalyan Jewellers India Limited,Luxury Goods,Consumer Cyclical,True,F&O,Stage 2,watchlist,35.86,-2.76,-5.32,-3.07,14.71,553.15
PAISALO.NS,Paisalo Digital Limited,Credit Services,Financial Services,False,Cash,Stage 2,watchlist,32.5,-2.77,-15.47,14.06,109.82,76.41
INOXWIND.NS,Inox Wind Limited,Specialty Industrial Machinery,Industrials,True,F&O,Stage 4,watchlist,10.0,-2.78,-7.34,0.01,-43.42,69.51
RAYMONDLSL.NS,Raymond Lifestyle Limited,Apparel Manufacturing,Consumer Cyclical,False,Cash,Stage 4,watchlist,0.7,-2.8,-5.23,0.77,-36.94,642.05
ELECTCAST.NS,Electrosteel Castings Limited,Building Products & Equipment,Industrials,False,Cash,Failed Stage 2,watchlist,11.76,-2.82,0.2,-11.28,-2.17,74.37
ASHAPURMIN.NS,Ashapura Minechem Limited,Basic Materials,Basic Materials,False,Cash,Stage 4,watchlist,3.79,-2.82,-5.39,-8.9,-41.31,504.15
SPLPETRO.NS,Supreme Petrochem Limited,Specialty Chemicals,Basic Materials,False,Cash,Stage 2,watchlist,56.1,-2.84,-8.39,12.48,27.08,808.2
JSFB.NS,Jana Small Finance Bank Limited,Banks - Regional,Financial Services,False,Cash,Stage 2,watchlist,33.25,-2.86,-10.48,-8.97,16.07,489.3
AETHER.NS,Aether Industries Limited,Specialty Chemicals,Basic Materials,False,Cash,Stage 2,watchlist,38.93,-2.89,3.1,0.93,89.03,1699.3
SANGAMIND.NS,Sangam (India) Limited,Textile Manufacturing,Consumer Cyclical,False,Cash,Stage 2,watchlist,35.49,-2.89,9.82,4.45,28.02,626.9
GOLDIAM.NS,Goldiam International Limited,Luxury Goods,Consumer Cyclical,False,Cash,Failed Stage 2,watchlist,15.87,-2.91,-5.76,-8.46,16.01,313.45
AAVAS.NS,Aavas Financiers Limited,Mortgage Finance,Financial Services,False,Cash,Stage 4,watchlist,0.0,-2.92,-5.75,-2.92,-16.95,1211.9
BOSCH-HCIL.NS,BOSCH HOME COMFORT INDIA LIMITED,"Furnishings, Fixtures & Appliances",Consumer Cyclical,False,Cash,Stage 2,watchlist,38.13,-2.98,6.04,7.52,32.02,1876.7
GLAND.NS,Gland Pharma Limited,Drug Manufacturers - Specialty & Generic,Healthcare,False,Cash,Stage 2,watchlist,57.43,-3.02,-0.37,0.85,70.33,2899.4
COHANCE.NS,Cohance Lifesciences Limited,Drug Manufacturers - Specialty & Generic,Healthcare,False,Cash,Stage 1,watchlist,20.35,-3.04,-3.78,-3.48,-15.19,444.0
KIMS.NS,Krishna Institute of Medical Sciences Limited,Medical Care Facilities,Healthcare,False,Cash,Failed Stage 2,watchlist,18.63,-3.05,-6.47,-1.58,21.15,746.4
FDC.NS,FDC Limited,Drug Manufacturers - Specialty & Generic,Healthcare,False,Cash,Stage 4,watchlist,10.0,-3.06,-3.01,1.74,-17.94,339.4
IFCI.NS,IFCI Limited,Credit Services,Financial Services,False,Cash,Failed Stage 2,watchlist,2.0,-3.1,-13.49,-21.19,29.58,68.77
FMGOETZE.NS,Federal-Mogul Goetze (India) Limited.,Auto Parts,Consumer Cyclical,False,Cash,Stage 2,watchlist,40.0,-3.14,-1.74,-15.78,13.39,445.65
VMM.NS,Vishal Mega Mart Limited,Consumer Cyclical,Consumer Cyclical,True,F&O,Stage 4,watchlist,9.44,-3.16,-4.72,-5.21,-25.63,101.0
ENTERO.NS,Entero Healthcare Solutions Limited,Healthcare,Healthcare,False,Cash,Stage 2,watchlist,50.77,-3.17,-7.25,-5.58,51.28,1708.9
ZYDUSLIFE.NS,Zydus Lifesciences Limited,Drug Manufacturers - Specialty & Generic,Healthcare,True,F&O,Stage 2,watchlist,45.51,-3.21,-0.69,-0.5,27.1,1162.0
AGARWALEYE.NS,Dr. Agarwal's Health Care Limited,Healthcare,Healthcare,False,Cash,Failed Stage 2,watchlist,39.98,-3.22,-3.13,-6.61,-4.19,479.3
JLHL.NS,Jupiter Life Line Hospitals Limited,Medical Care Facilities,Healthcare,False,Cash,Stage 4,watchlist,0.0,-3.22,-7.46,-13.49,-9.22,253.6
COCHINSHIP.NS,Cochin Shipyard Limited,Aerospace & Defense,Industrials,True,F&O,Stage 4,watchlist,14.88,-3.26,-4.01,-10.8,-18.68,1315.0
HYUNDAI.NS,Hyundai Motor India Limited,Auto Manufacturers,Consumer Cyclical,True,F&O,Stage 3,watchlist,6.33,-3.29,-3.05,-6.83,-11.27,2031.0
KPIGREEN.NS,KPI Green Energy Limited,Utilities - Renewable,Utilities,False,Cash,Stage 4,watchlist,8.17,-3.31,2.54,16.76,-25.9,358.95
KERNEX.NS,Kernex Microsystems (India) Limited,Software - Application,Technology,False,Cash,Stage 3,watchlist,5.0,-3.33,-2.6,3.16,39.36,1686.0
LICHSGFIN.NS,LIC Housing Finance Limited,Mortgage Finance,Financial Services,True,F&O,Failed Stage 2,watchlist,15.5,-3.34,-7.39,-0.88,0.93,530.2
CHEMPLASTS.NS,Chemplast Sanmar Limited,Chemicals,Basic Materials,False,Cash,Stage 4,watchlist,5.21,-3.34,-6.76,9.14,-27.39,185.92
TTKPRESTIG.NS,TTK Prestige Limited,"Furnishings, Fixtures & Appliances",Consumer Cyclical,False,Cash,Stage 4,watchlist,0.0,-3.35,-1.89,-11.02,-15.23,515.85
ELLEN.NS,Ellenbarrie Industrial Gases Limited,Chemicals,Basic Materials,False,Cash,Failed Stage 2,watchlist,23.16,-3.37,-3.88,13.16,6.08,356.9
CMSINFO.NS,CMS Info Systems Limited,Industrials,Industrials,False,Cash,Stage 4,watchlist,8.22,-3.37,-5.41,-9.59,-35.87,221.45
BSE.NS,BSE Limited,Financial Services,Financial Services,True,F&O,Stage 4,watchlist,0.0,-3.37,-5.46,-4.63,17.97,3092.0
DEEPINDS.NS,Deep Industries Limited,Energy,Energy,False,Cash,Stage 2,watchlist,27.6,-3.39,-2.19,13.68,66.08,755.95
VGUARD.NS,V-Guard Industries Limited,Electrical Equipment & Parts,Industrials,False,Cash,Stage 1,watchlist,26.86,-3.45,-6.31,-13.58,-7.34,296.45
LLOYDSENGG.NS,LLOYDS ENGINEERING WORKS LIMITED,Specialty Industrial Machinery,Industrials,False,Cash,Stage 2,watchlist,44.42,-3.47,7.78,17.05,75.62,98.64
METROBRAND.NS,Metro Brands Limited,Consumer Cyclical,Consumer Cyclical,False,Cash,Stage 4,watchlist,2.0,-3.49,-7.61,-8.0,-29.56,841.75
SUPRIYA.NS,Supriya Lifescience Limited,Biotechnology,Healthcare,False,Cash,Stage 2,watchlist,43.99,-3.53,-5.06,18.46,28.42,950.25
MEDANTA.NS,Global Health Limited,Medical Care Facilities,Healthcare,False,Cash,Stage 2,watchlist,44.76,-3.54,-8.76,-7.75,14.56,1365.0
WOCKPHARMA.NS,Wockhardt Limited,Drug Manufacturers - Specialty & Generic,Healthcare,False,Cash,Stage 2,watchlist,50.22,-3.55,-9.16,14.36,48.73,2116.3
SBCL.NS,Shivalik Bimetal Controls Limited,Metal Fabrication,Industrials,False,Cash,Stage 2,watchlist,33.84,-3.56,-7.29,2.27,152.75,1071.7
OPTIEMUS.NS,Optiemus Infracom Limited,Technology,Technology,False,Cash,Stage 2,watchlist,39.67,-3.57,-7.32,31.73,55.71,767.75
JISLJALEQS.NS,Jain Irrigation Systems Limited,Conglomerates,Industrials,False,Cash,Stage 4,watchlist,0.0,-3.59,-3.36,-0.5,-33.36,27.93
SHANTIGEAR.NS,Shanthi Gears Limited,Specialty Industrial Machinery,Industrials,False,Cash,Stage 2,watchlist,24.93,-3.62,-13.2,9.28,26.05,579.9
SIGNATURE.NS,Signatureglobal (India) Limited,Real Estate,Real Estate,False,Cash,Stage 4,watchlist,3.9,-3.62,-5.41,-5.55,-35.58,727.15
METROPOLIS.NS,Metropolis Healthcare Limited,Diagnostics & Research,Healthcare,False,Cash,Stage 2,watchlist,30.77,-3.66,-7.48,-6.96,14.46,541.7
HNDFDS.NS,Hindustan Foods Limited,Conglomerates,Industrials,False,Cash,Stage 2,watchlist,37.05,-3.7,-7.46,-12.68,12.07,574.75
RATNAMANI.NS,Ratnamani Metals & Tubes Limited,Steel,Basic Materials,False,Cash,Stage 2,watchlist,49.51,-3.8,-2.69,4.62,14.57,2725.5
BANDHANBNK.NS,Bandhan Bank Limited,Banks - Regional,Financial Services,True,F&O,Failed Stage 2,watchlist,10.14,-3.82,-6.87,9.41,24.69,178.23
TATAELXSI.NS,Tata Elxsi Limited,Software - Application,Technology,True,F&O,Stage 4,watchlist,5.0,-3.82,-3.83,-15.09,-39.67,3088.9
ELECON.NS,Elecon Engineering Company Limited,Specialty Industrial Machinery,Industrials,False,Cash,Stage 1,watchlist,18.99,-3.87,-1.03,12.02,-3.66,461.8
GOODLUCK.NS,Goodluck India Limited,Steel,Basic Materials,False,Cash,Stage 2,watchlist,54.3,-3.89,-5.41,12.39,43.77,508.05
ONESOURCE.NS,Onesource Specialty Pharma Limited,Biotechnology,Healthcare,False,Cash,Not Sure,watchlist,17.19,-3.9,-4.7,-0.41,-14.89,1521.6
RAINBOW.NS,Rainbow Childrens Medicare Limited,Medical Care Facilities,Healthcare,False,Cash,Failed Stage 2,watchlist,0.0,-3.91,-6.56,-7.1,0.15,1314.3
KPITTECH.NS,KPIT Technologies Limited,Software - Infrastructure,Technology,True,F&O,Stage 4,watchlist,5.79,-3.96,-5.29,-15.41,-56.63,499.1
KIRLOSBROS.NS,Kirloskar Brothers Limited,Specialty Industrial Machinery,Industrials,False,Cash,Stage 2,watchlist,32.16,-3.97,-1.08,-5.91,10.61,1774.9
AVANTIFEED.NS,Avanti Feeds Limited,Packaged Foods,Consumer Defensive,False,Cash,Stage 4,watchlist,0.0,-3.97,-6.44,-13.91,-17.37,717.8
UNICHEMLAB.NS,Unichem Laboratories Limited,Drug Manufacturers - Specialty & Generic,Healthcare,False,Cash,Stage 2,watchlist,48.12,-4.03,-4.83,-1.95,24.01,545.5
KIRLOSENG.NS,Kirloskar Oil Engines Limited,Specialty Industrial Machinery,Industrials,False,Cash,Stage 2,watchlist,43.37,-4.07,3.82,7.76,87.98,2304.2
APLLTD.NS,Alembic Pharmaceuticals Limited,Drug Manufacturers - Specialty & Generic,Healthcare,False,Cash,Stage 2,watchlist,57.81,-4.18,-2.24,-2.18,0.01,825.45
UBL.NS,United Breweries Limited,Consumer Defensive,Consumer Defensive,False,Cash,Stage 4,watchlist,0.0,-4.31,-6.78,-11.52,-27.47,1158.1
GLENMARK.NS,Glenmark Pharmaceuticals Limited,Drug Manufacturers - Specialty & Generic,Healthcare,True,F&O,Stage 2,watchlist,43.09,-4.37,-5.67,-5.49,15.34,2334.7
WELCORP.NS,Welspun Corp Limited,Steel,Basic Materials,False,Cash,Stage 2,watchlist,48.36,-4.4,-2.85,6.4,241.03,2717.0
STAR.NS,Strides Pharma Science Limited,Drug Manufacturers - Specialty & Generic,Healthcare,False,Cash,Stage 2,watchlist,53.07,-4.49,-8.44,9.35,23.47,1120.0
GRAPHITE.NS,Graphite India Limited,Electrical Equipment & Parts,Industrials,False,Cash,Stage 2,watchlist,50.98,-4.58,-6.85,4.35,19.29,764.8
GUJTHEM.NS,Gujarat Themis Biosyn Limited,Drug Manufacturers - Specialty & Generic,Healthcare,False,Cash,Stage 2,watchlist,40.45,-4.65,-5.64,-7.55,-11.88,387.6
EMUDHRA.NS,eMudhra Limited,Software - Application,Technology,False,Cash,Stage 2,watchlist,35.68,-4.89,-6.48,11.89,6.84,596.5
STYLEBAAZA.NS,Baazar Style Retail Limited,Consumer Cyclical,Consumer Cyclical,False,Cash,Stage 2,watchlist,19.42,-5.0,1.77,-3.37,42.29,384.75
ASTERDM.NS,Aster DM Healthcare Limited,Medical Care Facilities,Healthcare,False,Cash,Failed Stage 2,watchlist,15.88,-5.01,-8.28,-8.0,15.41,697.15
RAMKY.NS,Ramky Infrastructure Limited,Engineering & Construction,Industrials,False,Cash,Stage 4,watchlist,0.0,-5.08,-14.16,-18.58,-49.21,279.1
MAXHEALTH.NS,Max Healthcare Institute Limited,Medical Care Facilities,Healthcare,True,F&O,Stage 4,watchlist,0.31,-5.33,-12.27,-7.3,-11.24,929.8
HCG.NS,Healthcare Global Enterprises Limited,Medical Care Facilities,Healthcare,False,Cash,Stage 2,watchlist,11.63,-5.34,-6.55,-5.44,2.03,666.05
MANINDS.NS,Man Industries (India) Limited,Steel,Basic Materials,False,Cash,Stage 2,watchlist,56.96,-5.44,-8.04,18.96,131.64,907.35
ARVINDFASN.NS,Arvind Fashions Limited,Apparel Manufacturing,Consumer Cyclical,False,Cash,Stage 4,watchlist,12.62,-5.53,-8.93,-14.38,-23.46,387.45
SPARC.NS,Sun Pharma Advanced Research Company Limited,Drug Manufacturers - Specialty & Generic,Healthcare,False,Cash,Failed Stage 2,watchlist,13.37,-5.58,-4.11,0.11,46.03,197.19
APOLLOHOSP.NS,Apollo Hospitals Enterprise Limited,Medical Care Facilities,Healthcare,True,F&O,Failed Stage 2,watchlist,24.47,-5.7,-9.96,-6.73,15.11,8165.5
MARKSANS.NS,Marksans Pharma Limited,Drug Manufacturers - General,Healthcare,False,Cash,Stage 2,watchlist,31.0,-5.97,-7.28,-0.03,79.68,322.3
RSYSTEMS.NS,R Systems International Limited,Information Technology Services,Technology,False,Cash,Not Sure,watchlist,39.23,-6.29,16.82,14.11,-29.96,279.9
FORTIS.NS,Fortis Healthcare Limited,Medical Care Facilities,Healthcare,True,F&O,Stage 4,watchlist,0.0,-6.33,-13.87,-15.85,-14.41,770.0
YATHARTH.NS,Yatharth Hospital & Trauma Care Services Limited,Medical Care Facilities,Healthcare,False,Cash,Stage 2,watchlist,31.62,-6.81,-11.16,5.92,53.01,1032.5
INNOVACAP.NS,Innova Captab Limited,Drug Manufacturers - Specialty & Generic,Healthcare,False,Cash,Stage 2,watchlist,32.69,-8.76,-10.62,8.59,57.52,1159.8
