ticker,Company Name,Industry,sector,is_fo_stock,fo_category,Include,stage,stage_raw,stage_variant,stage_confidence,stage_reason,stage_state_reason,stage_failed_since,last_stage2_date,stage_pending_raw,daily_setup_bucket,weekly_setup_bucket,combined_bucket,daily_score,weekly_score,combined_score,industry_boost,final_daily_score,final_weekly_score,final_combined_score,public_stage_label,structure_score,relative_strength_label,volume_pattern_label,volume_pattern_display,nifty_3m_outperformance_pct,nifty_3m_outperformance_label,trend_template_pass,rs_3m_pct,rs_6m_pct,avg_turnover_inr,notes,current_rank,prev_rank,prev_stage,prev_daily_setup_bucket,prev_weekly_setup_bucket,prev_score,rank_change,combined_score_change,new_daily_breakout,new_weekly_breakout,entered_stage_2,new_top_10,new_top_20
CRISIL.NS,CRISIL Limited,Financial Services,Financial Services,False,Cash,1,Failed Stage 2,Stage 2,Failed Stage 2,0.7,Failed Stage 2 cooling period is still active; waiting for a fresh base or confirmed reclaim.,Failed Stage 2 hold period active.,,2026-09-14,,watchlist,weekly_near_pivot,watchlist,70.29,70.29,70.99,0.0,70.29,70.29,70.99,Failed Stage 2,70.99,Very Strong,Volume Expanding,Volume Normal (0.98x vs 10W Avg),19.31,Outperformed Nifty by 19.31% in 3 Months,True,19.31,25.6,269645426.27,"Stage 2, Advancing, trend_template_ok, weekly_vcp_ok, weekly_strong, flags=Wider Risk | Failed Stage 2 hold period active.",3,162.0,Failed Stage 2,watchlist,weekly_watchlist,43.89,159.0,27.099999999999994,False,False,False,True,True
LMW.NS,LMW Limited,Specialty Industrial Machinery,Industrials,False,Cash,1,Stage 2,Stage 2,Advancing,0.8,Price is above constructive weekly and long-term trend structure with improving relative strength.,,,2026-09-25,,forming_vcp,weekly_forming,building_setup,56.88,63.41,56.53,10.0,56.88,63.41,66.53,Stage 2 - Advancing,56.53,Strong,Volume Drying Up,Volume Drying Up (0.44x vs 10W Avg),12.08,Outperformed Nifty by 12.08% in 3 Months,True,12.08,43.99,101484318.45,"Stage 2, Advancing, trend_template_ok, daily_vcp_ok, weekly_vcp_ok, volume_dryup, weekly_volume_dryup, weekly_strong, flags=Wide Risk",9,44.0,Stage 2,watchlist,weekly_forming,55.67,35.0,10.86,False,False,False,True,True
FINEORG.NS,Fine Organic Industries Limited,Specialty Chemicals,Basic Materials,False,Cash,1,Stage 2,Stage 2,Advancing,0.9,Price is above constructive weekly and long-term trend structure with improving relative strength.,,,2026-09-25,,watchlist,weekly_near_pivot,watchlist,47.9,69.83,64.72,5.0,47.9,69.83,69.72,Stage 2 - Advancing,64.72,Very Strong,Volume Drying Up,Volume Drying Up (0.73x vs 10W Avg),3.7,Outperformed Nifty by 3.7% in 3 Months,True,3.7,25.58,109236948.02,"Stage 2, Advancing, trend_template_ok, weekly_vcp_ok, volume_dryup, weekly_volume_dryup, weekly_strong",5,18.0,Stage 2,watchlist,weekly_near_pivot,61.97,13.0,7.75,False,False,False,True,False
AARTIDRUGS.NS,Aarti Drugs Limited,Drug Manufacturers - Specialty & Generic,Healthcare,False,Cash,1,Stage 2,Stage 2,Advancing,0.9,Price is above constructive weekly and long-term trend structure with improving relative strength.,,,2026-09-25,,watchlist,weekly_near_pivot,watchlist,55.79,69.19,56.9,10.0,55.79,69.19,66.9,Stage 2 - Advancing,56.9,Very Strong,Volume Expanding,Volume Normal (1.49x vs 10W Avg),16.86,Outperformed Nifty by 16.86% in 3 Months,True,16.86,24.08,79794426.68,"Stage 2, Advancing, trend_template_ok, weekly_vcp_ok, weekly_strong, flags=Wider Risk;Low Liquidity",8,11.0,Stage 2,forming_vcp,weekly_near_pivot,67.06,3.0,-0.1599999999999966,False,False,False,True,False
ASKAUTOLTD.NS,ASK Automotive Limited,Auto Parts,Consumer Cyclical,False,Cash,1,Stage 2,Stage 2,Advancing,0.9,Price is above constructive weekly and long-term trend structure with improving relative strength.,,,2026-09-25,,watchlist,weekly_near_pivot,watchlist,57.95,72.0,56.88,5.0,57.95,72.0,61.88,Stage 2 - Advancing,56.88,Very Strong,Volume Drying Up,Volume Drying Up (0.34x vs 10W Avg),48.42,Outperformed Nifty by 48.42% in 3 Months,True,48.42,51.79,165882265.27,"Stage 2, Advancing, trend_template_ok, weekly_vcp_ok, volume_dryup, weekly_volume_dryup, weekly_strong, flags=Loose Structure;Wider Risk;Low Liquidity",16,77.0,Stage 2,watchlist,weekly_near_pivot,51.59,61.0,10.29,False,False,False,False,True
INDGN.NS,Indegene Limited,Healthcare,Healthcare,False,Cash,1,Stage 2,Stage 2,Advancing,0.9,Price is above constructive weekly and long-term trend structure with improving relative strength.,,,2026-09-25,,near_pivot,weekly_breakout,watchlist,69.18,61.74,61.86,2.0,69.18,61.74,63.86,Stage 2 - Advancing,61.86,Very Strong,Volume Drying Up,Volume Normal (1.16x vs 10W Avg),24.84,Outperformed Nifty by 24.84% in 3 Months,True,24.84,32.6,284430046.29,"Stage 2, Advancing, trend_template_ok, daily_vcp_ok, weekly_vcp_ok, volume_dryup, weekly_strong, flags=Wider Risk;Low Liquidity",12,32.0,Stage 2,watchlist,weekly_breakout,58.41,20.0,5.450000000000003,False,False,False,False,True
SONACOMS.NS,Sona BLW Precision Forgings Limited,Auto Parts,Consumer Cyclical,True,F&O,1,Stage 2,Stage 2,Advancing,0.9,Price is above constructive weekly and long-term trend structure with improving relative strength.,,,2026-09-25,,watchlist,weekly_near_pivot,watchlist,47.32,72.0,54.98,5.0,47.32,72.0,59.98,Stage 2 - Advancing,54.98,Very Strong,Volume Expanding,Volume Normal (1.18x vs 10W Avg),27.09,Outperformed Nifty by 27.09% in 3 Months,True,27.09,65.43,1596175391.62,"Stage 2, Advancing, trend_template_ok, weekly_vcp_ok, weekly_strong, flags=Low Liquidity",20,31.0,Stage 2,watchlist,weekly_near_pivot,58.44,11.0,1.5399999999999991,False,False,False,False,True
SPLPETRO.NS,Supreme Petrochem Limited,Specialty Chemicals,Basic Materials,False,Cash,1,Stage 2,Stage 2,Advancing,0.9,Price is above constructive weekly and long-term trend structure with improving relative strength.,,,2026-09-25,,watchlist,weekly_breakout,watchlist,57.57,62.07,55.61,5.0,57.57,62.07,60.61,Stage 2 - Advancing,55.61,Very Strong,Volume Drying Up,Volume Drying Up (0.61x vs 10W Avg),28.07,Outperformed Nifty by 28.07% in 3 Months,True,28.07,21.67,303801603.61,"Stage 2, Advancing, trend_template_ok, weekly_vcp_ok, weekly_volume_dryup, weekly_strong, flags=Wider Risk;Low Liquidity",18,25.0,Stage 2,watchlist,weekly_breakout,59.81,7.0,0.7999999999999972,False,False,False,False,True
SYRMA.NS,Syrma SGS Technology Limited,Electronic Components,Technology,False,Cash,1,Stage 2,Stage 2,Extended,0.78,"Weekly advancing structure remains intact, but price is stretched versus key moving averages.",,,2026-09-25,,watchlist,weekly_breakout,watchlist,53.3,62.0,51.32,10.0,53.3,62.0,61.32,Stage 2 - Extended,51.32,Very Strong,Volume Normal,Volume Normal (0.95x vs 10W Avg),30.13,Outperformed Nifty by 30.13% in 3 Months,True,30.13,121.8,4495556992.13,"Stage 2, Extended, trend_template_ok, weekly_vcp_ok, weekly_strong, flags=Loose Structure;Extended;Low Liquidity",17,21.0,Stage 2,watchlist,weekly_breakout,61.32,4.0,0.0,False,False,False,False,True
ACE.NS,Action Construction Equipment Limited,Farm & Heavy Construction Machinery,Industrials,False,Cash,1,Stage 2,Stage 2,Advancing,0.9,Price is above constructive weekly and long-term trend structure with improving relative strength.,,,2026-09-25,,forming_vcp,weekly_breakout,watchlist,60.03,65.75,58.09,2.0,60.03,65.75,60.09,Stage 2 - Advancing,58.09,Very Strong,Volume Drying Up,Volume Drying Up (0.44x vs 10W Avg),24.62,Outperformed Nifty by 24.62% in 3 Months,True,24.62,50.88,396110621.95,"Stage 2, Advancing, trend_template_ok, daily_vcp_ok, weekly_vcp_ok, volume_dryup, weekly_volume_dryup, weekly_strong, flags=Wide Risk;Low Liquidity",19,23.0,Stage 2,forming_vcp,weekly_breakout,60.76,4.0,-0.6699999999999946,False,False,False,False,True
RSYSTEMS.NS,R Systems International Limited,Information Technology Services,Technology,False,Cash,1,Not Sure,Not Sure,Not Sure,0.0,Stage rules did not identify a reliable structure.,No confident stage classification.,,,,watchlist,weekly_watchlist,watchlist,19.39,49.61,35.87,0.0,19.39,49.61,35.87,Not Sure - Unclear,35.87,Strong,Volume Expanding,Volume Expanding (48.70x vs 10W Avg),28.06,Outperformed Nifty by 28.06% in 3 Months,False,28.06,10.08,884753818.27,"Not Sure, Unclear, weekly_vcp_ok, weekly_strong, flags=Wide Risk",242,674.0,Stage 4,watchlist,weekly_watchlist,9.54,432.0,26.33,False,False,False,False,False
MRPL.NS,Mangalore Refinery and Petrochemicals Limited,Oil & Gas Refining & Marketing,Energy,False,Cash,1,Failed Stage 2,Stage 2,Failed Stage 2,0.7,Failed Stage 2 cooling period is still active; waiting for a fresh base or confirmed reclaim.,Failed Stage 2 hold period active.,,2026-09-14,,watchlist,weekly_forming,watchlist,56.26,58.48,49.46,5.0,56.26,58.48,54.46,Failed Stage 2,49.46,Strong,Volume Drying Up,Volume Drying Up (0.67x vs 10W Avg),18.31,Outperformed Nifty by 18.31% in 3 Months,True,18.31,-4.52,1811000083.13,"Stage 2, Advancing, trend_template_ok, weekly_vcp_ok, volume_dryup, weekly_volume_dryup, weekly_strong, flags=Wide Risk;Low Liquidity | Failed Stage 2 hold period active.",43,429.0,Failed Stage 2,watchlist,weekly_watchlist,22.4,386.0,32.06,False,False,False,False,False
ONESOURCE.NS,Onesource Specialty Pharma Limited,Biotechnology,Healthcare,False,Cash,1,Stage 1,Stage 1,Stage 1,0.64,Price is building a base around long-term weekly structure without a confirmed advancing phase.,,,2026-07-21,,watchlist,weekly_watchlist,watchlist,0.0,42.26,15.17,5.0,0.0,42.26,20.17,Stage 1,15.17,Neutral,Volume Drying Up,Volume Drying Up (0.67x vs 10W Avg),-2.11,Underperformed Nifty by 2.11% in 3 Months,False,-2.11,13.74,580784609.04,"Stage 1, Stage 1, weekly_vcp_ok, weekly_volume_dryup, weekly_strong, flags=Wide Weekly Base;Low Liquidity, stage1_not_actionable, stage1_needs_more_base",422,690.0,Stage 1,watchlist,weekly_watchlist,8.34,268.0,11.830000000000002,False,False,False,False,False
TECHM.NS,Tech Mahindra Limited,Information Technology Services,Technology,True,F&O,1,Stage 1,Stage 1,Stage 1,0.64,Price is building a base around long-term weekly structure without a confirmed advancing phase.,,,2026-09-02,,watchlist,weekly_watchlist,watchlist,0.0,42.85,24.1,0.0,0.0,42.85,24.1,Stage 1,24.1,Very Strong,Volume Drying Up,Volume Drying Up (0.52x vs 10W Avg),16.43,Outperformed Nifty by 16.43% in 3 Months,False,16.43,12.02,2481356213.43,"Stage 1, Stage 1, weekly_vcp_ok, volume_dryup, weekly_volume_dryup, weekly_strong, flags=Wider Risk;Low Liquidity, stage1_not_actionable, stage1_needs_more_base",373,627.0,Stage 1,watchlist,weekly_watchlist,10.94,254.0,13.160000000000002,False,False,False,False,False
BLISSGVS.NS,Bliss GVS Pharma Limited,Drug Manufacturers - Specialty & Generic,Healthcare,False,Cash,1,Stage 2,Stage 2,Extended,0.78,"Weekly advancing structure remains intact, but price is stretched versus key moving averages.",,,2026-09-25,,watchlist,weekly_watchlist,watchlist,42.48,31.0,33.62,10.0,42.48,31.0,43.62,Stage 2 - Extended,33.62,Very Strong,Volume Expanding,Volume Expanding (2.28x vs 10W Avg),45.32,Outperformed Nifty by 45.32% in 3 Months,True,45.32,217.87,291149235.91,"Stage 2, Extended, trend_template_ok, flags=Loose Structure;Extended;Wider Risk;Low Liquidity",131,376.0,Stage 2,watchlist,weekly_watchlist,27.12,245.0,16.499999999999996,False,False,False,False,False
IGIL.NS,International Gemological Institute Limited,Basic Materials,Basic Materials,False,Cash,1,Not Sure,Stage 4,Pending Stage 4,0.55,Blocked public stage jump Stage 1 -> Stage 4; waiting for intermediate/confirmed structure.,Blocked public stage jump Stage 1 -> Stage 4; waiting for intermediate/confirmed structure.,,2026-08-05,Stage 4,watchlist,weekly_watchlist,watchlist,0.0,33.1,11.09,0.0,0.0,33.1,11.09,Not Sure - Unclear,11.09,Weak,Volume Normal,Volume Normal (0.89x vs 10W Avg),-4.79,Underperformed Nifty by 4.79% in 3 Months,False,-4.79,3.89,175071336.05,"Stage 4, Stage 4, weekly_vcp_ok, weekly_volume_dryup, weekly_strong, flags=Wide Risk;Low Liquidity, downtrend | Blocked public stage jump Stage 1 -> Stage 4; waiting for intermediate/confirmed structure.",588,831.0,Stage 1,watchlist,weekly_watchlist,1.32,243.0,9.77,False,False,False,False,False
DRREDDY.NS,Dr. Reddy's Laboratories Limited,Drug Manufacturers - Specialty & Generic,Healthcare,True,F&O,1,Stage 4,Stage 4,Stage 4,0.66,Price is below weekly structure.,,,,,watchlist,weekly_watchlist,watchlist,11.87,3.8,11.47,10.0,11.87,3.8,21.47,Stage 4,11.47,Neutral,Volume Expanding,Volume Normal (1.20x vs 10W Avg),-3.59,Underperformed Nifty by 3.59% in 3 Months,False,-3.59,3.2,1652515424.92,"Stage 4, Stage 4, flags=Low Liquidity, downtrend",404,645.0,Stage 4,watchlist,weekly_watchlist,10.0,241.0,11.469999999999999,False,False,False,False,False
TEGA.NS,Tega Industries Limited,Specialty Industrial Machinery,Industrials,False,Cash,1,Not Sure,Stage 2,Pending Stage 2,0.55,Stage 2 pending confirmation: needs 3 raw Stage 2 runs; current count 1.,Stage 2 pending confirmation: needs 3 raw Stage 2 runs; current count 1.,,,Stage 2,watchlist,weekly_watchlist,watchlist,47.69,24.49,29.35,10.0,47.69,24.49,39.35,Not Sure - Unclear,29.35,Very Strong,Volume Normal,Volume Normal (1.27x vs 10W Avg),25.66,Outperformed Nifty by 25.66% in 3 Months,True,25.66,21.21,1641809883.45,"Stage 2, Extended, trend_template_ok, flags=Loose Structure;Extended;Wide Risk;Low Liquidity | Stage 2 pending confirmation: needs 3 raw Stage 2 runs; current count 1.",201,432.0,Stage 1,watchlist,weekly_watchlist,22.3,231.0,17.05,False,False,False,False,False
ITC.NS,ITC Limited,Consumer Defensive,Consumer Defensive,True,F&O,1,Stage 4,Stage 4,Stage 4,0.86,Price is below the 30-week trend and below long-term support structure.,,,,,watchlist,weekly_watchlist,watchlist,0.0,28.33,12.37,0.0,0.0,28.33,12.37,Stage 4,12.37,Weak,Volume Drying Up,Volume Drying Up (0.61x vs 10W Avg),-3.41,Underperformed Nifty by 3.41% in 3 Months,False,-3.41,-4.72,3060298887.09,"Stage 4, Stage 4, weekly_vcp_ok, volume_dryup, weekly_volume_dryup, weekly_strong, flags=Low Liquidity, downtrend",569,800.0,Stage 4,watchlist,weekly_watchlist,2.04,231.0,10.329999999999998,False,False,False,False,False
HINDUNILVR.NS,Hindustan Unilever Limited,Household & Personal Products,Consumer Defensive,True,F&O,1,Stage 4,Stage 4,Stage 4,0.86,Price is below the 30-week trend and below long-term support structure.,,,,,watchlist,weekly_watchlist,watchlist,0.0,32.0,10.01,0.0,0.0,32.0,10.01,Stage 4,10.01,Weak,Volume Drying Up,Volume Drying Up (0.80x vs 10W Avg),-9.13,Underperformed Nifty by 9.13% in 3 Months,False,-9.13,-5.01,2392146498.44,"Stage 4, Stage 4, weekly_vcp_ok, weekly_volume_dryup, weekly_strong, flags=Low Liquidity, downtrend",607,829.0,Stage 4,watchlist,weekly_watchlist,1.74,222.0,8.27,False,False,False,False,False
DIXON.NS,Dixon Technologies (India) Limited,Technology,Technology,True,F&O,1,Failed Stage 2,Stage 2,Failed Stage 2,0.7,Failed Stage 2 cooling period is still active; waiting for a fresh base or confirmed reclaim.,Failed Stage 2 hold period active.,,2026-09-09,,watchlist,weekly_forming,watchlist,15.97,61.53,31.1,10.0,15.97,61.53,41.1,Failed Stage 2,31.1,Very Strong,Volume Normal,Volume Normal (0.93x vs 10W Avg),15.43,Outperformed Nifty by 15.43% in 3 Months,False,15.43,39.86,4350435277.03,"Stage 2, Advancing, weekly_vcp_ok, weekly_strong, flags=Wide Weekly Base;Wider Risk;Low Liquidity | Failed Stage 2 hold period active.",171,382.0,Failed Stage 2,watchlist,weekly_watchlist,26.78,211.0,14.32,False,False,False,False,False
TATACHEM.NS,Tata Chemicals Limited,Chemicals,Basic Materials,False,Cash,1,Stage 4,Stage 4,Stage 4,0.86,Price is below the 30-week trend and below long-term support structure.,,,,,watchlist,weekly_watchlist,watchlist,4.74,32.04,8.7,5.0,4.74,32.04,13.7,Stage 4,8.7,Weak,Volume Drying Up,Volume Drying Up (0.80x vs 10W Avg),-1.76,Underperformed Nifty by 1.76% in 3 Months,False,-1.76,2.17,2532233834.42,"Stage 4, Stage 4, weekly_vcp_ok, weekly_volume_dryup, weekly_strong, flags=Wide Risk;Low Liquidity, downtrend",540,749.0,Stage 4,watchlist,weekly_watchlist,5.0,209.0,8.7,False,False,False,False,False
PETRONET.NS,Petronet LNG Limited,Oil & Gas Refining & Marketing,Energy,True,F&O,1,Stage 1,Stage 1,Stage 1,0.68,Price is building a base around long-term weekly structure without a confirmed advancing phase.,,,2026-08-31,,watchlist,weekly_watchlist,watchlist,18.54,54.88,38.74,5.0,18.54,54.88,43.74,Stage 1,38.74,Very Strong,Volume Normal,Volume Normal (0.93x vs 10W Avg),10.43,Outperformed Nifty by 10.43% in 3 Months,False,10.43,17.38,415677018.49,"Stage 1, Stage 1, stage1_base_ready, weekly_vcp_ok, weekly_strong, flags=Low Liquidity, stage1_not_actionable",128,332.0,Stage 1,watchlist,weekly_watchlist,31.11,204.0,12.630000000000003,False,False,False,False,False
HUBTOWN.NS,Hubtown Limited,Real Estate,Real Estate,False,Cash,1,Stage 4,Stage 4,Stage 4,0.86,Price is below the 30-week trend and below long-term support structure.,,,,,watchlist,weekly_watchlist,watchlist,9.97,34.2,8.19,2.0,9.97,34.2,10.19,Stage 4,8.19,Weak,Volume Drying Up,Volume Drying Up (0.59x vs 10W Avg),-16.1,Underperformed Nifty by 16.1% in 3 Months,False,-16.1,-7.31,71355064.66,"Stage 4, Stage 4, weekly_vcp_ok, volume_dryup, weekly_volume_dryup, weekly_strong, flags=Wide Weekly Base;Wide Risk;Low Liquidity, downtrend",602,796.0,Stage 4,watchlist,weekly_watchlist,2.27,194.0,7.92,False,False,False,False,False
IDFCFIRSTB.NS,IDFC First Bank Limited,Banks - Regional,Financial Services,True,F&O,1,Failed Stage 2,Stage 2,Failed Stage 2,0.7,Failed Stage 2 cooling period is still active; waiting for a fresh base or confirmed reclaim.,Failed Stage 2 hold period active.,,2026-09-23,,watchlist,weekly_forming,watchlist,34.81,60.31,38.89,2.0,34.81,60.31,40.89,Failed Stage 2,38.89,Strong,Volume Expanding,Volume Expanding (1.52x vs 10W Avg),6.7,Outperformed Nifty by 6.7% in 3 Months,True,6.7,36.41,1797519973.13,"Stage 2, Advancing, trend_template_ok, weekly_vcp_ok, weekly_strong, flags=Wider Risk;Low Liquidity | Failed Stage 2 hold period active.",176,358.0,Failed Stage 2,watchlist,weekly_watchlist,28.62,182.0,12.27,False,False,False,False,False
MAHLIFE.NS,Mahindra Lifespace Developers Limited,Real Estate,Real Estate,False,Cash,1,Stage 3,Stage 3,Early,0.68,"Prior strength has shifted into a Stage 3 transition based on trend, relative strength, and volume evidence.",,,2026-08-27,,watchlist,weekly_watchlist,watchlist,5.9,1.86,10.79,2.0,5.9,1.86,12.79,Stage 3 Early,10.79,Strong,Volume Drying Up,Volume Drying Up (0.49x vs 10W Avg),3.59,Outperformed Nifty by 3.59% in 3 Months,False,3.59,17.0,32584184.09,"Stage 3, Early, volume_dryup, weekly_volume_dryup, flags=Wider Risk;Low Liquidity, distribution_or_weakening_risk",554,733.0,Stage 3,watchlist,weekly_watchlist,5.86,179.0,6.929999999999999,False,False,False,False,False
TITAGARH.NS,TITAGARH RAIL SYSTEMS LIMITED,Industrials,Industrials,False,Cash,1,Failed Stage 2,Stage 2,Failed Stage 2,0.7,Failed Stage 2 cooling period is still active; waiting for a fresh base or confirmed reclaim.,Failed Stage 2 hold period active.,,2026-09-23,,watchlist,weekly_watchlist,watchlist,28.96,19.54,21.99,0.0,28.96,19.54,21.99,Failed Stage 2,21.99,Neutral,Volume Drying Up,Volume Drying Up (0.78x vs 10W Avg),-2.13,Underperformed Nifty by 2.13% in 3 Months,True,-2.13,35.55,557699843.78,"Stage 2, Advancing, trend_template_ok, weekly_volume_dryup, flags=Wider Risk;Low Liquidity | Failed Stage 2 hold period active.",399,574.0,Failed Stage 2,watchlist,weekly_watchlist,13.38,175.0,8.609999999999998,False,False,False,False,False
PRSMJOHNSN.NS,Prism Johnson Limited,Building Materials,Basic Materials,False,Cash,1,Stage 4,Stage 4,Stage 4,0.66,Price is below weekly structure.,,,,,watchlist,weekly_watchlist,watchlist,0.0,0.0,4.54,0.0,0.0,0.0,4.54,Stage 4,4.54,Strong,Volume Drying Up,Volume Drying Up (0.09x vs 10W Avg),4.44,Outperformed Nifty by 4.44% in 3 Months,False,4.44,-5.39,36668335.93,"Stage 4, Stage 4, volume_dryup, weekly_volume_dryup, flags=Low Liquidity, downtrend",752,912.0,Stage 4,watchlist,weekly_watchlist,0.0,160.0,4.54,False,False,False,False,False
CMSINFO.NS,CMS Info Systems Limited,Industrials,Industrials,False,Cash,1,Stage 4,Stage 4,Stage 4,0.86,Price is below the 30-week trend and below long-term support structure.,,,,,watchlist,weekly_watchlist,watchlist,3.3,32.0,6.0,0.0,3.3,32.0,6.0,Stage 4,6.0,Weak,Volume Drying Up,Volume Drying Up (0.55x vs 10W Avg),-11.23,Underperformed Nifty by 11.23% in 3 Months,False,-11.23,-15.79,205180064.62,"Stage 4, Stage 4, weekly_vcp_ok, weekly_volume_dryup, weekly_strong, flags=Wide Risk;Low Liquidity, downtrend",706,864.0,Stage 4,watchlist,weekly_watchlist,0.0,158.0,6.0,False,False,False,False,False
ASTRAMICRO.NS,Astra Microwave Products Limited,Communication Equipment,Technology,False,Cash,1,Failed Stage 2,Stage 3,Failed Stage 2,0.72,"This stock was recently Stage 2, but the latest structure no longer satisfies Stage 2 rules. It is kept as Failed Stage 2 until a fresh base/repair structure forms.",Recent Stage 2 break; public stage held as Failed Stage 2.,2026-09-28,2026-09-21,,watchlist,weekly_watchlist,watchlist,14.46,0.12,11.09,10.0,14.46,0.12,21.09,Failed Stage 2,11.09,Weak,Volume Drying Up,Volume Drying Up (0.46x vs 10W Avg),-6.22,Underperformed Nifty by 6.22% in 3 Months,False,-6.22,69.41,496376616.93,"Stage 3, Early, volume_dryup, weekly_volume_dryup, flags=Wide Risk;Low Liquidity, distribution_or_weakening_risk | Stage 2 failed state applied from stage memory.",409,561.0,Failed Stage 2,watchlist,weekly_watchlist,14.05,152.0,7.039999999999999,False,False,False,False,False
LXCHEM.NS,Laxmi Organic Industries Limited,Specialty Chemicals,Basic Materials,False,Cash,1,Stage 2,Stage 2,Advancing,0.9,Price is above constructive weekly and long-term trend structure with improving relative strength.,,,2026-09-25,,watchlist,weekly_watchlist,watchlist,49.88,30.94,41.67,5.0,49.88,30.94,46.67,Stage 2 - Advancing,41.67,Very Strong,Volume Drying Up,Volume Normal (0.85x vs 10W Avg),14.5,Outperformed Nifty by 14.5% in 3 Months,True,14.5,52.91,221391001.51,"Stage 2, Advancing, trend_template_ok, volume_dryup, weekly_volume_dryup, flags=Low Liquidity",102,252.0,Stage 2,watchlist,weekly_watchlist,37.24,150.0,9.43,False,False,False,False,False
ATHERENERG.NS,Ather Energy Limited,Auto Manufacturers,Consumer Cyclical,False,Cash,1,Stage 2,Stage 2,Extended,0.78,"Weekly advancing structure remains intact, but price is stretched versus key moving averages.",,,2026-09-25,,watchlist,weekly_forming,watchlist,30.53,62.0,32.12,5.0,30.53,62.0,37.12,Stage 2 - Extended,32.12,Very Strong,Volume Drying Up,Volume Drying Up (0.80x vs 10W Avg),32.39,Outperformed Nifty by 32.39% in 3 Months,True,32.39,93.15,6571230485.89,"Stage 2, Extended, trend_template_ok, weekly_vcp_ok, volume_dryup, weekly_volume_dryup, weekly_strong, flags=Loose Structure;Extended;Wide Risk;Low Liquidity",222,372.0,Stage 2,watchlist,weekly_forming,27.86,150.0,9.259999999999998,False,False,False,False,False
PHOENIXLTD.NS,The Phoenix Mills Limited,Real Estate,Real Estate,True,F&O,1,Stage 2,Stage 2,Advancing,0.9,Price is above constructive weekly and long-term trend structure with improving relative strength.,,,2026-09-25,,forming_vcp,weekly_forming,building_setup,50.86,57.53,42.55,2.0,50.86,57.53,44.55,Stage 2 - Advancing,42.55,Strong,Volume Normal,Volume Normal (0.96x vs 10W Avg),2.24,Outperformed Nifty by 2.24% in 3 Months,True,2.24,31.07,740218142.6,"Stage 2, Advancing, trend_template_ok, daily_vcp_ok, weekly_vcp_ok, weekly_strong, flags=Low Liquidity",120,265.0,Stage 2,watchlist,weekly_forming,36.36,145.0,8.189999999999998,False,False,False,False,False
ELECTCAST.NS,Electrosteel Castings Limited,Building Products & Equipment,Industrials,False,Cash,1,Failed Stage 2,Stage 1,Failed Stage 2,0.72,"This stock was recently Stage 2, but the latest structure no longer satisfies Stage 2 rules. It is kept as Failed Stage 2 until a fresh base/repair structure forms.",Recent Stage 2 break; public stage held as Failed Stage 2.,2026-09-28,2026-09-14,,watchlist,weekly_watchlist,watchlist,12.92,26.3,12.03,0.0,12.92,26.3,12.03,Failed Stage 2,12.03,Weak,Volume Expanding,Volume Expanding (2.65x vs 10W Avg),-1.23,Underperformed Nifty by 1.23% in 3 Months,False,-1.23,-6.14,201597094.57,"Stage 1, Stage 1, weekly_vcp_ok, flags=Wide Risk;Low Liquidity, stage1_not_actionable, stage1_needs_more_base | Stage 2 failed state applied from stage memory.",575,718.0,Failed Stage 2,watchlist,weekly_watchlist,6.66,143.0,5.369999999999999,False,False,False,False,False
HONASA.NS,Honasa Consumer Limited,Household & Personal Products,Consumer Defensive,False,Cash,1,Stage 2,Stage 2,Advancing,0.8,Price is above constructive weekly and long-term trend structure with improving relative strength.,,,2026-09-25,,watchlist,weekly_watchlist,watchlist,60.83,21.64,50.04,0.0,60.83,21.64,50.04,Stage 2 - Advancing,50.04,Very Strong,Volume Drying Up,Volume Drying Up (0.59x vs 10W Avg),5.63,Outperformed Nifty by 5.63% in 3 Months,True,5.63,54.79,378600467.14,"Stage 2, Advancing, trend_template_ok, volume_dryup, weekly_volume_dryup, flags=Wider Risk",74,215.0,Stage 2,watchlist,weekly_watchlist,39.71,141.0,10.329999999999998,False,False,False,False,False
NTPCGREEN.NS,NTPC Green Energy Limited,Utilities - Renewable,Utilities,False,Cash,1,Stage 1,Stage 1,Stage 1,0.64,Price is building a base around long-term weekly structure without a confirmed advancing phase.,,,,,watchlist,weekly_watchlist,watchlist,8.11,26.3,17.91,0.0,8.11,26.3,17.91,Stage 1,17.91,Neutral,Volume Drying Up,Volume Normal (0.99x vs 10W Avg),0.69,Outperformed Nifty by 0.69% in 3 Months,False,0.69,-2.9,254781815.44,"Stage 1, Stage 1, weekly_vcp_ok, volume_dryup, flags=Low Liquidity, stage1_not_actionable, stage1_needs_more_base",451,591.0,Stage 1,watchlist,weekly_watchlist,12.61,140.0,5.300000000000001,False,False,False,False,False
JSWINFRA.NS,JSW Infrastructure Limited,Marine Shipping,Industrials,False,Cash,1,Stage 2,Stage 2,Advancing,0.9,Price is above constructive weekly and long-term trend structure with improving relative strength.,,,2026-09-25,,watchlist,weekly_watchlist,watchlist,54.56,26.48,39.9,5.0,54.56,26.48,44.9,Stage 2 - Advancing,39.9,Very Strong,Volume Expanding,Volume Expanding (1.78x vs 10W Avg),11.59,Outperformed Nifty by 11.59% in 3 Months,True,11.59,47.25,1633051058.31,"Stage 2, Advancing, trend_template_ok, flags=Wider Risk;Low Liquidity",115,251.0,Stage 2,watchlist,weekly_watchlist,37.25,136.0,7.649999999999999,False,False,False,False,False
NESCO.NS,Nesco Limited,Conglomerates,Industrials,False,Cash,1,Not Sure,Stage 1,Pending Stage 1,0.55,Blocked public stage jump Stage 4 -> Stage 1; waiting for intermediate/confirmed structure.,Blocked public stage jump Stage 4 -> Stage 1; waiting for intermediate/confirmed structure.,,,Stage 1,watchlist,weekly_watchlist,watchlist,11.56,42.11,25.21,0.0,11.56,42.11,25.21,Not Sure - Unclear,25.21,Strong,Volume Expanding,Volume Normal (1.06x vs 10W Avg),3.03,Outperformed Nifty by 3.03% in 3 Months,False,3.03,7.07,57166682.72,"Stage 1, Stage 1, weekly_vcp_ok, weekly_strong, flags=Wider Risk;Low Liquidity, stage1_not_actionable, stage1_needs_more_base | Blocked public stage jump Stage 4 -> Stage 1; waiting for intermediate/confirmed structure.",362,497.0,Stage 4,watchlist,weekly_watchlist,17.49,135.0,7.720000000000002,False,False,False,False,False
KPIL.NS,Kalpataru Projects International Limited,Engineering & Construction,Industrials,False,Cash,1,Stage 2,Stage 2,Advancing,0.9,Price is above constructive weekly and long-term trend structure with improving relative strength.,,,2026-09-25,,forming_vcp,weekly_watchlist,watchlist,57.18,27.51,41.27,0.0,57.18,27.51,41.27,Stage 2 - Advancing,41.27,Strong,Volume Drying Up,Volume Drying Up (0.63x vs 10W Avg),5.5,Outperformed Nifty by 5.5% in 3 Months,True,5.5,27.62,210510939.77,"Stage 2, Advancing, trend_template_ok, daily_vcp_ok, volume_dryup, weekly_volume_dryup, flags=Wider Risk;Low Liquidity",168,302.0,Stage 2,watchlist,weekly_watchlist,33.66,134.0,7.6100000000000065,False,False,False,False,False
AGARWALEYE.NS,Dr. Agarwal's Health Care Limited,Healthcare,Healthcare,False,Cash,1,Failed Stage 2,Stage 1,Failed Stage 2,0.72,"This stock was recently Stage 2, but the latest structure no longer satisfies Stage 2 rules. It is kept as Failed Stage 2 until a fresh base/repair structure forms.",Recent Stage 2 break; public stage held as Failed Stage 2.,2026-09-28,2026-09-14,,watchlist,weekly_watchlist,watchlist,19.0,45.66,44.38,2.0,19.0,45.66,46.38,Failed Stage 2,44.38,Very Strong,Volume Drying Up,Volume Drying Up (0.25x vs 10W Avg),12.47,Outperformed Nifty by 12.47% in 3 Months,False,12.47,26.13,190126423.63,"Stage 1, Stage 1, weekly_vcp_ok, volume_dryup, weekly_volume_dryup, weekly_strong, stage1_not_actionable, stage1_needs_more_base | Stage 2 failed state applied from stage memory.",106,238.0,Failed Stage 2,watchlist,weekly_watchlist,38.29,132.0,8.090000000000003,False,False,False,False,False
PAGEIND.NS,Page Industries Limited,Apparel Manufacturing,Consumer Cyclical,True,F&O,1,Stage 3,Stage 3,Late,0.76,"Prior strength has shifted into a Stage 3 transition based on trend, relative strength, and volume evidence.",,,2026-08-12,,watchlist,weekly_watchlist,watchlist,6.1,35.33,15.92,0.0,6.1,35.33,15.92,Stage 3 Late,15.92,Neutral,Volume Drying Up,Volume Drying Up (0.80x vs 10W Avg),-6.97,Underperformed Nifty by 6.97% in 3 Months,False,-6.97,18.31,680498417.0,"Stage 3, Late, weekly_vcp_ok, volume_dryup, weekly_volume_dryup, weekly_strong, flags=Low Liquidity, distribution_or_weakening_risk",493,622.0,Stage 3,watchlist,weekly_watchlist,11.2,129.0,4.720000000000001,False,False,False,False,False
DBL.NS,Dilip Buildcon Limited,Engineering & Construction,Industrials,False,Cash,1,Stage 4,Stage 4,Stage 4,0.66,Price is below weekly structure.,,,,,watchlist,weekly_watchlist,watchlist,1.6,28.43,11.69,0.0,1.6,28.43,11.69,Stage 4,11.69,Weak,Volume Drying Up,Volume Drying Up (0.22x vs 10W Avg),-1.62,Underperformed Nifty by 1.62% in 3 Months,False,-1.62,2.58,214282980.88,"Stage 4, Stage 4, weekly_vcp_ok, volume_dryup, weekly_volume_dryup, weekly_strong, flags=Wide Risk;Low Liquidity, downtrend",581,709.0,Stage 4,watchlist,weekly_watchlist,7.25,128.0,4.4399999999999995,False,False,False,False,False
REDTAPE.NS,Redtape Limited,Consumer Cyclical,Consumer Cyclical,False,Cash,1,Stage 3,Stage 3,Early,0.68,"Prior strength has shifted into a Stage 3 transition based on trend, relative strength, and volume evidence.",,,2026-08-07,,watchlist,weekly_watchlist,watchlist,0.0,22.56,6.21,2.0,0.0,22.56,8.21,Stage 3 Early,6.21,Weak,Volume Drying Up,Volume Drying Up (0.55x vs 10W Avg),-6.27,Underperformed Nifty by 6.27% in 3 Months,False,-6.27,8.86,260718625.63,"Stage 3, Early, weekly_vcp_ok, weekly_volume_dryup, flags=Wide Risk;Low Liquidity, distribution_or_weakening_risk",662,789.0,Stage 3,watchlist,weekly_watchlist,3.09,127.0,5.120000000000001,False,False,False,False,False
EQUITASBNK.NS,Equitas Small Finance Bank Limited,Banks - Regional,Financial Services,False,Cash,1,Failed Stage 2,Stage 3,Failed Stage 2,0.72,"This stock was recently Stage 2, but the latest structure no longer satisfies Stage 2 rules. It is kept as Failed Stage 2 until a fresh base/repair structure forms.",Recent Stage 2 break; public stage held as Failed Stage 2.,2026-09-28,2026-09-24,,watchlist,weekly_watchlist,watchlist,0.0,37.43,10.8,2.0,0.0,37.43,12.8,Failed Stage 2,10.8,Weak,Volume Normal,Volume Normal (1.12x vs 10W Avg),-9.65,Underperformed Nifty by 9.65% in 3 Months,False,-9.65,23.95,116818835.27,"Stage 3, Early, weekly_vcp_ok, weekly_strong, flags=Wide Risk;Low Liquidity, distribution_or_weakening_risk | Stage 2 failed state applied from stage memory.",553,680.0,Failed Stage 2,watchlist,weekly_watchlist,9.2,127.0,3.6000000000000014,False,False,False,False,False
IRCTC.NS,Indian Railway Catering And Tourism Corporation Limited,Consumer Cyclical,Consumer Cyclical,False,Cash,1,Stage 4,Stage 4,Stage 4,0.86,Price is below the 30-week trend and below long-term support structure.,,,,,watchlist,weekly_watchlist,watchlist,0.0,32.0,8.07,2.0,0.0,32.0,10.07,Stage 4,8.07,Weak,Volume Drying Up,Volume Drying Up (0.65x vs 10W Avg),-5.21,Underperformed Nifty by 5.21% in 3 Months,False,-5.21,-9.04,291658967.15,"Stage 4, Stage 4, weekly_vcp_ok, weekly_volume_dryup, weekly_strong, flags=Wider Risk;Low Liquidity, downtrend",606,731.0,Stage 4,watchlist,weekly_watchlist,5.93,125.0,4.140000000000001,False,False,False,False,False
COCHINSHIP.NS,Cochin Shipyard Limited,Aerospace & Defense,Industrials,True,F&O,1,Stage 4,Stage 4,Stage 4,0.86,Price is below the 30-week trend and below long-term support structure.,,,,,watchlist,weekly_watchlist,watchlist,0.0,33.1,4.24,10.0,0.0,33.1,14.24,Stage 4,4.24,Weak,Volume Drying Up,Volume Drying Up (0.52x vs 10W Avg),-7.32,Underperformed Nifty by 7.32% in 3 Months,False,-7.32,3.47,1469477471.22,"Stage 4, Stage 4, weekly_vcp_ok, weekly_volume_dryup, weekly_strong, flags=Wide Risk;Low Liquidity, downtrend",523,647.0,Stage 4,watchlist,weekly_watchlist,10.0,124.0,4.24,False,False,False,False,False
RATNAMANI.NS,Ratnamani Metals & Tubes Limited,Steel,Basic Materials,False,Cash,1,Stage 2,Stage 2,Advancing,0.9,Price is above constructive weekly and long-term trend structure with improving relative strength.,,,2026-09-25,,watchlist,weekly_watchlist,watchlist,56.76,30.68,39.94,10.0,56.76,30.68,49.94,Stage 2 - Advancing,39.94,Very Strong,Volume Drying Up,Volume Drying Up (0.27x vs 10W Avg),16.21,Outperformed Nifty by 16.21% in 3 Months,True,16.21,24.61,145269716.74,"Stage 2, Advancing, trend_template_ok, volume_dryup, weekly_volume_dryup, flags=Loose Structure;Wider Risk;Low Liquidity",76,195.0,Stage 2,watchlist,weekly_watchlist,41.53,119.0,8.409999999999997,False,False,False,False,False
RESPONIND.NS,Responsive Industries Limited,Specialty Chemicals,Basic Materials,False,Cash,1,Stage 4,Stage 4,Stage 4,0.86,Price is below the 30-week trend and below long-term support structure.,,,,,watchlist,weekly_watchlist,watchlist,0.0,33.23,4.17,5.0,0.0,33.23,9.17,Stage 4,4.17,Neutral,Volume Drying Up,Volume Drying Up (0.50x vs 10W Avg),-14.76,Underperformed Nifty by 14.76% in 3 Months,False,-14.76,27.03,525374893.05,"Stage 4, Stage 4, weekly_vcp_ok, volume_dryup, weekly_volume_dryup, weekly_strong, flags=Wide Weekly Base;Loose Structure;Wide Risk;Low Liquidity, downtrend",650,766.0,Stage 4,watchlist,weekly_watchlist,5.0,116.0,4.17,False,False,False,False,False
SAIL.NS,Steel Authority of India Limited,Steel,Basic Materials,True,F&O,1,Stage 2,Stage 2,Advancing,0.9,Price is above constructive weekly and long-term trend structure with improving relative strength.,,,2026-09-25,,forming_vcp,weekly_watchlist,watchlist,56.25,25.76,40.37,10.0,56.25,25.76,50.37,Stage 2 - Advancing,40.37,Very Strong,Volume Drying Up,Volume Normal (1.00x vs 10W Avg),14.67,Outperformed Nifty by 14.67% in 3 Months,True,14.67,20.97,2937961860.51,"Stage 2, Advancing, trend_template_ok, daily_vcp_ok, volume_dryup, flags=Wide Risk;Low Liquidity",72,187.0,Stage 2,watchlist,weekly_watchlist,41.96,115.0,8.409999999999997,False,False,False,False,False
VRLLOG.NS,VRL Logistics Limited,Industrials,Industrials,False,Cash,1,Stage 2,Stage 2,Advancing,0.8,Price is above constructive weekly and long-term trend structure with improving relative strength.,,,2026-09-25,,watchlist,weekly_near_pivot,watchlist,46.85,70.02,49.81,0.0,46.85,70.02,49.81,Stage 2 - Advancing,49.81,Very Strong,Volume Drying Up,Volume Drying Up (0.24x vs 10W Avg),25.36,Outperformed Nifty by 25.36% in 3 Months,True,25.36,23.87,34523527.87,"Stage 2, Advancing, trend_template_ok, weekly_vcp_ok, volume_dryup, weekly_volume_dryup, weekly_strong, flags=Loose Structure;Wider Risk;Low Liquidity",79,194.0,Stage 2,watchlist,weekly_near_pivot,41.55,115.0,8.260000000000005,False,False,False,False,False
BALRAMCHIN.NS,Balrampur Chini Mills Limited,Consumer Defensive,Consumer Defensive,False,Cash,1,Stage 2,Stage 2,Advancing,0.9,Price is above constructive weekly and long-term trend structure with improving relative strength.,,,2026-09-25,,watchlist,weekly_forming,watchlist,36.34,62.65,43.92,0.0,36.34,62.65,43.92,Stage 2 - Advancing,43.92,Very Strong,Volume Drying Up,Volume Drying Up (0.51x vs 10W Avg),25.12,Outperformed Nifty by 25.12% in 3 Months,True,25.12,41.36,1620430430.72,"Stage 2, Advancing, trend_template_ok, weekly_vcp_ok, volume_dryup, weekly_volume_dryup, weekly_strong, flags=Wide Risk;Low Liquidity",127,242.0,Stage 2,watchlist,weekly_forming,38.04,115.0,5.880000000000003,False,False,False,False,False
MOTILALOFS.NS,Motilal Oswal Financial Services Limited,Capital Markets,Financial Services,True,F&O,1,Stage 2,Stage 2,Advancing,0.9,Price is above constructive weekly and long-term trend structure with improving relative strength.,,,2026-09-25,,watchlist,weekly_breakout,watchlist,57.66,70.08,57.11,0.0,57.66,70.08,57.11,Stage 2 - Advancing,57.11,Very Strong,Volume Drying Up,Volume Normal (0.87x vs 10W Avg),10.82,Outperformed Nifty by 10.82% in 3 Months,True,10.82,49.95,782410477.95,"Stage 2, Advancing, trend_template_ok, weekly_vcp_ok, volume_dryup, weekly_volume_dryup, weekly_strong, flags=Wide Weekly Base;Wider Risk;Low Liquidity",33,147.0,Stage 2,watchlist,weekly_breakout,45.08,114.0,12.030000000000001,False,False,False,False,False
CAPLIPOINT.NS,Caplin Point Laboratories Limited,Drug Manufacturers - Specialty & Generic,Healthcare,False,Cash,1,Stage 2,Stage 2,Advancing,0.9,Price is above constructive weekly and long-term trend structure with improving relative strength.,,,2026-09-25,,watchlist,weekly_watchlist,watchlist,54.43,31.0,42.77,10.0,54.43,31.0,52.77,Stage 2 - Advancing,42.77,Very Strong,Volume Expanding,Volume Expanding (1.78x vs 10W Avg),17.72,Outperformed Nifty by 17.72% in 3 Months,True,17.72,84.67,932355567.08,"Stage 2, Advancing, trend_template_ok, flags=Wider Risk;Low Liquidity",60,173.0,Stage 2,watchlist,weekly_watchlist,42.74,113.0,10.030000000000001,False,False,False,False,False
BELRISE.NS,Belrise Industries Limited,Auto Parts,Consumer Cyclical,False,Cash,1,Stage 2,Stage 2,Advancing,0.9,Price is above constructive weekly and long-term trend structure with improving relative strength.,,,2026-09-25,,watchlist,weekly_watchlist,watchlist,52.8,23.06,27.85,5.0,52.8,23.06,32.85,Stage 2 - Advancing,27.85,Very Strong,Volume Normal,Volume Normal (0.89x vs 10W Avg),9.73,Outperformed Nifty by 9.73% in 3 Months,True,9.73,32.89,752372989.58,"Stage 2, Advancing, trend_template_ok, weekly_volume_dryup, flags=Wide Risk;Low Liquidity",275,386.0,Stage 2,watchlist,weekly_watchlist,26.5,111.0,6.350000000000001,False,False,False,False,False
KOLTEPATIL.NS,Kolte - Patil Developers Limited,Real Estate,Real Estate,False,Cash,1,Stage 2,Stage 2,Advancing,0.8,Price is above constructive weekly and long-term trend structure with improving relative strength.,,,2026-09-25,,watchlist,weekly_forming,watchlist,33.6,48.84,35.96,2.0,33.6,48.84,37.96,Stage 2 - Advancing,35.96,Very Strong,Volume Drying Up,Volume Drying Up (0.12x vs 10W Avg),20.19,Outperformed Nifty by 20.19% in 3 Months,True,20.19,45.22,50769815.18,"Stage 2, Advancing, trend_template_ok, weekly_vcp_ok, volume_dryup, weekly_volume_dryup, flags=Wide Risk;Low Liquidity",212,323.0,Stage 2,watchlist,weekly_forming,31.88,111.0,6.080000000000002,False,False,False,False,False
TATVA.NS,Tatva Chintan Pharma Chem Limited,Specialty Chemicals,Basic Materials,False,Cash,1,Stage 2,Stage 2,Advancing,0.9,Price is above constructive weekly and long-term trend structure with improving relative strength.,,,2026-09-25,,watchlist,weekly_watchlist,watchlist,44.11,32.2,40.05,5.0,44.11,32.2,45.05,Stage 2 - Advancing,40.05,Very Strong,Volume Drying Up,Volume Drying Up (0.55x vs 10W Avg),44.13,Outperformed Nifty by 44.13% in 3 Months,True,44.13,61.17,115608480.78,"Stage 2, Advancing, trend_template_ok, volume_dryup, weekly_volume_dryup, flags=Low Liquidity",112,222.0,Stage 2,watchlist,weekly_watchlist,39.55,110.0,5.5,False,False,False,False,False
GLAND.NS,Gland Pharma Limited,Drug Manufacturers - Specialty & Generic,Healthcare,False,Cash,1,Stage 2,Stage 2,Advancing,0.9,Price is above constructive weekly and long-term trend structure with improving relative strength.,,,2026-09-25,,watchlist,weekly_watchlist,watchlist,55.68,29.8,43.64,10.0,55.68,29.8,53.64,Stage 2 - Advancing,43.64,Very Strong,Volume Drying Up,Volume Drying Up (0.29x vs 10W Avg),24.39,Outperformed Nifty by 24.39% in 3 Months,True,24.39,75.06,1716606044.58,"Stage 2, Advancing, trend_template_ok, volume_dryup, weekly_volume_dryup, flags=Wider Risk;Low Liquidity",52,160.0,Stage 2,watchlist,weekly_watchlist,43.92,108.0,9.719999999999999,False,False,False,False,False
RELIANCE.NS,Reliance Industries Limited,Oil & Gas Refining & Marketing,Energy,True,F&O,1,Stage 4,Stage 4,Stage 4,0.66,Price is below weekly structure.,,,,,watchlist,weekly_watchlist,watchlist,2.7,18.3,7.38,5.0,2.7,18.3,12.38,Stage 4,7.38,Weak,Volume Normal,Volume Normal (1.10x vs 10W Avg),-3.02,Underperformed Nifty by 3.02% in 3 Months,False,-3.02,-8.65,13587409629.61,"Stage 4, Stage 4, weekly_vcp_ok, flags=Wider Risk;Low Liquidity, downtrend",568,676.0,Stage 4,watchlist,weekly_watchlist,9.38,108.0,3.0,False,False,False,False,False
MOSCHIP.NS,Moschip Technologies Limited,Technology,Technology,False,Cash,1,Failed Stage 2,Stage 3,Failed Stage 2,0.72,"This stock was recently Stage 2, but the latest structure no longer satisfies Stage 2 rules. It is kept as Failed Stage 2 until a fresh base/repair structure forms.",Recent Stage 2 break; public stage held as Failed Stage 2.,2026-09-28,2026-09-08,,watchlist,weekly_watchlist,watchlist,11.08,0.0,7.6,10.0,11.08,0.0,17.6,Failed Stage 2,7.6,Strong,Volume Drying Up,Volume Drying Up (0.40x vs 10W Avg),1.12,Outperformed Nifty by 1.12% in 3 Months,False,1.12,22.55,292224649.48,"Stage 3, Early, volume_dryup, weekly_volume_dryup, flags=Wide Risk;Low Liquidity, distribution_or_weakening_risk | Stage 2 failed state applied from stage memory.",459,566.0,Failed Stage 2,watchlist,weekly_watchlist,13.8,107.0,3.8000000000000007,False,False,False,False,False
SUBROS.NS,Subros Limited,Auto Parts,Consumer Cyclical,False,Cash,1,Stage 4,Stage 4,Stage 4,0.86,Price is below the 30-week trend and below long-term support structure.,,,,,watchlist,weekly_watchlist,watchlist,0.0,32.0,10.13,5.0,0.0,32.0,15.13,Stage 4,10.13,Weak,Volume Drying Up,Volume Drying Up (0.73x vs 10W Avg),-12.03,Underperformed Nifty by 12.03% in 3 Months,False,-12.03,5.44,24703394.0,"Stage 4, Stage 4, weekly_vcp_ok, volume_dryup, weekly_volume_dryup, weekly_strong, flags=Wider Risk;Low Liquidity, downtrend",505,610.0,Stage 4,watchlist,weekly_watchlist,11.77,105.0,3.360000000000001,False,False,False,False,False
ABREL.NS,Aditya Birla Real Estate Limited,Real Estate Services,Real Estate,False,Cash,1,Stage 4,Stage 4,Stage 4,0.86,Price is below the 30-week trend and below long-term support structure.,,,,,watchlist,weekly_watchlist,watchlist,5.79,32.0,5.96,2.0,5.79,32.0,7.96,Stage 4,5.96,Weak,Volume Expanding,Volume Expanding (1.62x vs 10W Avg),-11.08,Underperformed Nifty by 11.08% in 3 Months,False,-11.08,6.54,206125808.9,"Stage 4, Stage 4, weekly_vcp_ok, weekly_strong, flags=Wide Weekly Base;Wide Risk;Low Liquidity, downtrend",666,771.0,Stage 4,watchlist,weekly_watchlist,4.84,105.0,3.12,False,False,False,False,False
ANANTRAJ.NS,Anant Raj Limited,Real Estate,Real Estate,False,Cash,1,Stage 2,Stage 2,Advancing,0.8,Price is above constructive weekly and long-term trend structure with improving relative strength.,,,2026-09-25,,watchlist,weekly_watchlist,watchlist,48.65,26.14,36.51,2.0,48.65,26.14,38.51,Stage 2 - Advancing,36.51,Very Strong,Volume Drying Up,Volume Drying Up (0.70x vs 10W Avg),18.37,Outperformed Nifty by 18.37% in 3 Months,True,18.37,37.06,1794920565.14,"Stage 2, Advancing, trend_template_ok, volume_dryup, weekly_volume_dryup, flags=Wider Risk;Low Liquidity",207,310.0,Stage 2,watchlist,weekly_watchlist,33.14,103.0,5.369999999999997,False,False,False,False,False
SAREGAMA.NS,Saregama India Limited,Communication Services,Communication Services,False,Cash,1,Stage 2,Stage 2,Advancing,0.8,Price is above constructive weekly and long-term trend structure with improving relative strength.,,,2026-09-25,,forming_vcp,weekly_watchlist,watchlist,54.33,20.92,36.18,5.0,54.33,20.92,41.18,Stage 2 - Advancing,36.18,Strong,Volume Drying Up,Volume Drying Up (0.43x vs 10W Avg),4.15,Outperformed Nifty by 4.15% in 3 Months,True,4.15,55.02,170432950.69,"Stage 2, Advancing, trend_template_ok, daily_vcp_ok, volume_dryup, weekly_volume_dryup, flags=Wider Risk;Low Liquidity",170,271.0,Stage 2,watchlist,weekly_watchlist,35.8,101.0,5.380000000000003,False,False,False,False,False
BLUESTARCO.NS,Blue Star Limited,Building Products & Equipment,Industrials,True,F&O,1,Stage 4,Stage 4,Stage 4,0.66,Price is below weekly structure.,,,,,watchlist,weekly_watchlist,watchlist,0.0,34.1,18.44,0.0,0.0,34.1,18.44,Stage 4,18.44,Strong,Volume Expanding,Volume Normal (1.19x vs 10W Avg),4.11,Outperformed Nifty by 4.11% in 3 Months,False,4.11,5.85,957486698.33,"Stage 4, Stage 4, weekly_vcp_ok, weekly_strong, flags=Low Liquidity, downtrend",444,541.0,Stage 4,watchlist,weekly_watchlist,15.31,97.0,3.130000000000001,False,False,False,False,False
JINDALSTEL.NS,JINDAL STEEL LIMITED,Steel,Basic Materials,True,F&O,1,Stage 1,Stage 1,Stage 1,0.64,Price is building a base around long-term weekly structure without a confirmed advancing phase.,,,2026-08-31,,watchlist,weekly_watchlist,watchlist,15.02,49.71,25.16,10.0,15.02,49.71,35.16,Stage 1,25.16,Strong,Volume Normal,Volume Normal (0.88x vs 10W Avg),14.48,Outperformed Nifty by 14.48% in 3 Months,False,14.48,2.59,761004882.25,"Stage 1, Stage 1, weekly_vcp_ok, weekly_volume_dryup, weekly_strong, flags=Wide Risk;Low Liquidity, stage1_not_actionable, stage1_needs_more_base",253,348.0,Stage 1,watchlist,weekly_watchlist,29.73,95.0,5.429999999999996,False,False,False,False,False
CENTUM.NS,Centum Electronics Limited,Electronic Components,Technology,False,Cash,1,Stage 2,Stage 2,Extended,0.78,"Weekly advancing structure remains intact, but price is stretched versus key moving averages.",,,2026-09-25,,watchlist,weekly_watchlist,watchlist,40.22,35.8,31.61,10.0,40.22,35.8,41.61,Stage 2 - Extended,31.61,Very Strong,Volume Normal,Volume Normal (1.34x vs 10W Avg),29.03,Outperformed Nifty by 29.03% in 3 Months,True,29.03,62.0,538574398.1,"Stage 2, Extended, trend_template_ok, flags=Loose Structure;Extended;Wide Risk;Low Liquidity",163,258.0,Stage 2,watchlist,weekly_watchlist,36.73,95.0,4.880000000000003,False,False,False,False,False
DHANUKA.NS,Dhanuka Agritech Limited,Agricultural Inputs,Basic Materials,False,Cash,1,Stage 4,Stage 4,Stage 4,0.86,Price is below the 30-week trend and below long-term support structure.,,,,,watchlist,weekly_watchlist,watchlist,0.0,0.0,0.43,0.0,0.0,0.0,0.43,Stage 4,0.43,Weak,Volume Drying Up,Volume Drying Up (0.60x vs 10W Avg),-7.05,Underperformed Nifty by 7.05% in 3 Months,False,-7.05,3.66,20497826.22,"Stage 4, Stage 4, volume_dryup, weekly_volume_dryup, flags=Wider Risk;Low Liquidity, downtrend",822,917.0,Stage 4,watchlist,weekly_watchlist,0.0,95.0,0.43,False,False,False,False,False
PRINCEPIPE.NS,Prince Pipes And Fittings Limited,Building Products & Equipment,Industrials,False,Cash,1,Failed Stage 2,Stage 1,Failed Stage 2,0.72,"This stock was recently Stage 2, but the latest structure no longer satisfies Stage 2 rules. It is kept as Failed Stage 2 until a fresh base/repair structure forms.",Recent Stage 2 break; public stage held as Failed Stage 2.,2026-09-28,2026-09-23,,watchlist,weekly_watchlist,watchlist,5.85,41.55,15.99,0.0,5.85,41.55,15.99,Failed Stage 2,15.99,Neutral,Volume Drying Up,Volume Drying Up (0.43x vs 10W Avg),-2.63,Underperformed Nifty by 2.63% in 3 Months,False,-2.63,18.1,37915150.57,"Stage 1, Stage 1, weekly_vcp_ok, volume_dryup, weekly_volume_dryup, weekly_strong, flags=Wide Risk;Low Liquidity, stage1_not_actionable, stage1_needs_more_base | Stage 2 failed state applied from stage memory.",491,585.0,Failed Stage 2,watchlist,weekly_watchlist,12.93,94.0,3.0600000000000005,False,False,False,False,False
CGPOWER.NS,CG Power and Industrial Solutions Limited,Electrical Equipment & Parts,Industrials,True,F&O,1,Stage 2,Stage 2,Advancing,0.8,Price is above constructive weekly and long-term trend structure with improving relative strength.,,,2026-09-25,,forming_vcp,weekly_watchlist,watchlist,54.36,25.47,35.79,10.0,54.36,25.47,45.79,Stage 2 - Advancing,35.79,Strong,Volume Drying Up,Volume Drying Up (0.54x vs 10W Avg),-4.73,Underperformed Nifty by 4.73% in 3 Months,True,-4.73,29.45,2018913366.78,"Stage 2, Advancing, trend_template_ok, daily_vcp_ok, volume_dryup, weekly_volume_dryup, flags=Wide Risk;Low Liquidity",109,202.0,Stage 2,watchlist,weekly_watchlist,40.96,93.0,4.829999999999998,False,False,False,False,False
TIMETECHNO.NS,Time Technoplast Limited,Consumer Cyclical,Consumer Cyclical,False,Cash,1,Stage 3,Stage 3,Early,0.68,"Prior strength has shifted into a Stage 3 transition based on trend, relative strength, and volume evidence.",,,2026-08-13,,watchlist,weekly_watchlist,watchlist,8.58,38.87,19.63,2.0,8.58,38.87,21.63,Stage 3 Early,19.63,Strong,Volume Normal,Volume Normal (0.86x vs 10W Avg),5.81,Outperformed Nifty by 5.81% in 3 Months,False,5.81,11.84,433393783.6,"Stage 3, Early, weekly_vcp_ok, weekly_volume_dryup, weekly_strong, flags=Wide Risk;Low Liquidity, distribution_or_weakening_risk",401,494.0,Stage 3,watchlist,weekly_watchlist,17.63,93.0,4.0,False,False,False,False,False
PREMEXPLN.NS,Premier Explosives Limited,Specialty Chemicals,Basic Materials,False,Cash,1,Stage 2,Stage 2,Advancing,0.9,Price is above constructive weekly and long-term trend structure with improving relative strength.,,,2026-09-25,,watchlist,weekly_watchlist,watchlist,48.47,29.56,37.87,5.0,48.47,29.56,42.87,Stage 2 - Advancing,37.87,Neutral,Volume Drying Up,Volume Normal (0.90x vs 10W Avg),-7.84,Underperformed Nifty by 7.84% in 3 Months,True,-7.84,61.42,162964103.13,"Stage 2, Advancing, trend_template_ok, volume_dryup, weekly_volume_dryup, flags=Low Liquidity",148,240.0,Stage 2,watchlist,weekly_watchlist,38.14,92.0,4.729999999999997,False,False,False,False,False
CHOICEIN.NS,Choice International Limited,Capital Markets,Financial Services,False,Cash,1,Stage 3,Stage 3,Early,0.68,"Prior strength has shifted into a Stage 3 transition based on trend, relative strength, and volume evidence.",,,2026-08-28,,watchlist,weekly_watchlist,watchlist,0.0,38.26,20.69,0.0,0.0,38.26,20.69,Stage 3 Early,20.69,Strong,Volume Drying Up,Volume Drying Up (0.67x vs 10W Avg),2.12,Outperformed Nifty by 2.12% in 3 Months,False,2.12,20.48,287168530.06,"Stage 3, Early, weekly_vcp_ok, weekly_volume_dryup, weekly_strong, flags=Wider Risk;Low Liquidity, distribution_or_weakening_risk",413,503.0,Stage 3,watchlist,weekly_watchlist,17.26,90.0,3.4299999999999997,False,False,False,False,False
MOIL.NS,MOIL Limited,Basic Materials,Basic Materials,False,Cash,1,Stage 4,Stage 4,Stage 4,0.86,Price is below the 30-week trend and below long-term support structure.,,,,,watchlist,weekly_watchlist,watchlist,7.8,32.0,6.71,0.0,7.8,32.0,6.71,Stage 4,6.71,Weak,Volume Drying Up,Volume Drying Up (0.31x vs 10W Avg),-7.54,Underperformed Nifty by 7.54% in 3 Months,False,-7.54,-15.19,134586502.14,"Stage 4, Stage 4, weekly_vcp_ok, volume_dryup, weekly_volume_dryup, weekly_strong, flags=Wide Weekly Base;Wide Risk;Low Liquidity, downtrend",691,781.0,Stage 4,watchlist,weekly_watchlist,3.79,90.0,2.92,False,False,False,False,False
CHENNPETRO.NS,Chennai Petroleum Corporation Limited,Oil & Gas Refining & Marketing,Energy,False,Cash,1,Stage 2,Stage 2,Advancing,0.9,Price is above constructive weekly and long-term trend structure with improving relative strength.,,,2026-09-25,,watchlist,weekly_watchlist,watchlist,35.78,22.93,22.81,5.0,35.78,22.93,27.81,Stage 2 - Advancing,22.81,Very Strong,Volume Drying Up,Volume Drying Up (0.63x vs 10W Avg),34.68,Outperformed Nifty by 34.68% in 3 Months,True,34.68,44.62,2839737087.1,"Stage 2, Advancing, trend_template_ok, volume_dryup, weekly_volume_dryup, flags=Loose Structure;Wide Risk;Low Liquidity",337,426.0,Stage 2,watchlist,weekly_watchlist,22.75,89.0,5.059999999999999,False,False,False,False,False
GODIGIT.NS,Go Digit General Insurance Limited,Financial Services,Financial Services,False,Cash,1,Stage 4,Stage 4,Stage 4,0.86,Price is below the 30-week trend and below long-term support structure.,,,,,watchlist,weekly_watchlist,watchlist,5.42,0.0,2.96,0.0,5.42,0.0,2.96,Stage 4,2.96,Weak,Volume Expanding,Volume Expanding (2.59x vs 10W Avg),-10.86,Underperformed Nifty by 10.86% in 3 Months,False,-10.86,-15.68,210615546.24,"Stage 4, Stage 4, flags=Low Liquidity, downtrend",776,865.0,Stage 4,watchlist,weekly_watchlist,0.0,89.0,2.96,False,False,False,False,False
PDSL.NS,PDS Limited,Industrials,Industrials,False,Cash,1,Stage 2,Stage 2,Advancing,0.8,Price is above constructive weekly and long-term trend structure with improving relative strength.,,,2026-09-25,,watchlist,weekly_watchlist,watchlist,25.7,16.45,22.99,0.0,25.7,16.45,22.99,Stage 2 - Advancing,22.99,Strong,Volume Drying Up,Volume Drying Up (0.60x vs 10W Avg),2.02,Outperformed Nifty by 2.02% in 3 Months,False,2.02,36.45,40578690.33,"Stage 2, Advancing, volume_dryup, weekly_volume_dryup, flags=Wider Risk;Low Liquidity",385,473.0,Stage 2,watchlist,weekly_watchlist,18.55,88.0,4.439999999999998,False,False,False,False,False
GRWRHITECH.NS,Garware Hi-Tech Films Limited,Specialty Chemicals,Basic Materials,False,Cash,1,Failed Stage 2,Stage 3,Failed Stage 2,0.72,"This stock was recently Stage 2, but the latest structure no longer satisfies Stage 2 rules. It is kept as Failed Stage 2 until a fresh base/repair structure forms.",Recent Stage 2 break; public stage held as Failed Stage 2.,2026-09-28,2026-09-17,,watchlist,weekly_watchlist,watchlist,0.0,42.2,5.25,5.0,0.0,42.2,10.25,Failed Stage 2,5.25,Strong,Volume Drying Up,Volume Normal (0.99x vs 10W Avg),1.23,Outperformed Nifty by 1.23% in 3 Months,False,1.23,82.24,371524980.54,"Stage 3, Late, weekly_vcp_ok, volume_dryup, weekly_strong, flags=Wide Weekly Base;Wide Risk;Low Liquidity, distribution_or_weakening_risk | Stage 2 failed state applied from stage memory.",601,689.0,Failed Stage 2,watchlist,weekly_watchlist,8.34,88.0,1.9100000000000001,False,False,False,False,False
CARBORUNIV.NS,Carborundum Universal Limited,Conglomerates,Industrials,False,Cash,1,Stage 2,Stage 2,Advancing,0.9,Price is above constructive weekly and long-term trend structure with improving relative strength.,,,2026-09-25,,watchlist,weekly_watchlist,watchlist,56.8,22.54,34.77,0.0,56.8,22.54,34.77,Stage 2 - Advancing,34.77,Very Strong,Volume Expanding,Volume Expanding (3.10x vs 10W Avg),14.66,Outperformed Nifty by 14.66% in 3 Months,True,14.66,48.72,725217745.29,"Stage 2, Advancing, trend_template_ok, flags=Wide Risk;Low Liquidity",258,345.0,Stage 2,watchlist,weekly_watchlist,30.22,87.0,4.550000000000004,False,False,False,False,False
ICIL.NS,Indo Count Industries Limited,Textile Manufacturing,Consumer Cyclical,False,Cash,1,Stage 2,Stage 2,Advancing,0.9,Price is above constructive weekly and long-term trend structure with improving relative strength.,,,2026-09-25,,watchlist,weekly_watchlist,watchlist,59.43,34.6,44.41,10.0,59.43,34.6,54.41,Stage 2 - Advancing,44.41,Very Strong,Volume Drying Up,Volume Drying Up (0.60x vs 10W Avg),5.31,Outperformed Nifty by 5.31% in 3 Months,True,5.31,80.84,259281048.25,"Stage 2, Advancing, trend_template_ok, volume_dryup, weekly_volume_dryup, flags=Wide Risk;Low Liquidity",45,131.0,Stage 2,watchlist,weekly_watchlist,45.94,86.0,8.469999999999999,False,False,False,False,False
BOROLTD.NS,Borosil Limited,"Furnishings, Fixtures & Appliances",Consumer Cyclical,False,Cash,1,Stage 1,Stage 1,Stage 1,0.68,Price is building a base around long-term weekly structure without a confirmed advancing phase.,,,,,watchlist,weekly_watchlist,watchlist,0.0,51.89,20.15,0.0,0.0,51.89,20.15,Stage 1,20.15,Very Strong,Volume Drying Up,Volume Normal (1.16x vs 10W Avg),19.33,Outperformed Nifty by 19.33% in 3 Months,False,19.33,19.56,92697856.43,"Stage 1, Stage 1, weekly_vcp_ok, volume_dryup, weekly_strong, flags=Wide Weekly Base;Wide Risk;Low Liquidity, stage1_not_actionable, stage1_needs_more_base",423,509.0,Stage 1,watchlist,weekly_watchlist,16.98,86.0,3.169999999999998,False,False,False,False,False
IOC.NS,Indian Oil Corporation Limited,Oil & Gas Refining & Marketing,Energy,True,F&O,1,Stage 4,Stage 4,Stage 4,0.86,Price is below the 30-week trend and below long-term support structure.,,,,,watchlist,weekly_watchlist,watchlist,5.86,33.36,15.96,5.0,5.86,33.36,20.96,Stage 4,15.96,Neutral,Volume Normal,Volume Normal (0.93x vs 10W Avg),0.08,Outperformed Nifty by 0.08% in 3 Months,False,0.08,2.54,977785027.38,"Stage 4, Stage 4, weekly_vcp_ok, weekly_strong, flags=Wider Risk;Low Liquidity, downtrend",410,495.0,Stage 4,watchlist,weekly_watchlist,17.6,85.0,3.3599999999999994,False,False,False,False,False
FEDERALBNK.NS,The Federal Bank  Limited,Banks - Regional,Financial Services,True,F&O,1,Failed Stage 2,Stage 3,Failed Stage 2,0.72,"This stock was recently Stage 2, but the latest structure no longer satisfies Stage 2 rules. It is kept as Failed Stage 2 until a fresh base/repair structure forms.",Recent Stage 2 break; public stage held as Failed Stage 2.,2026-09-28,2026-09-24,,watchlist,weekly_watchlist,watchlist,0.0,36.27,9.28,2.0,0.0,36.27,11.28,Failed Stage 2,9.28,Neutral,Volume Normal,Volume Normal (1.22x vs 10W Avg),3.63,Outperformed Nifty by 3.63% in 3 Months,False,3.63,25.06,1723291820.08,"Stage 3, Late, weekly_vcp_ok, weekly_strong, flags=Wider Risk;Low Liquidity, distribution_or_weakening_risk | Stage 2 failed state applied from stage memory.",586,670.0,Failed Stage 2,watchlist,weekly_watchlist,9.64,84.0,1.6399999999999988,False,False,False,False,False
EIHOTEL.NS,EIH Limited,Lodging,Consumer Cyclical,False,Cash,1,Stage 4,Stage 4,Stage 4,0.86,Price is below the 30-week trend and below long-term support structure.,,,,,watchlist,weekly_watchlist,watchlist,0.0,32.13,8.32,2.0,0.0,32.13,10.32,Stage 4,8.32,Weak,Volume Drying Up,Volume Drying Up (0.48x vs 10W Avg),-3.86,Underperformed Nifty by 3.86% in 3 Months,False,-3.86,5.12,89666601.62,"Stage 4, Stage 4, weekly_vcp_ok, weekly_volume_dryup, weekly_strong, flags=Wide Risk;Low Liquidity, downtrend",600,682.0,Stage 4,watchlist,weekly_watchlist,8.97,82.0,1.3499999999999996,False,False,False,False,False
HIRECT.NS,Hind Rectifiers Limited,Electrical Equipment & Parts,Industrials,False,Cash,1,Stage 2,Stage 2,Advancing,0.8,Price is above constructive weekly and long-term trend structure with improving relative strength.,,,2026-09-25,,watchlist,weekly_watchlist,watchlist,57.1,24.58,45.43,10.0,57.1,24.58,55.43,Stage 2 - Advancing,45.43,Strong,Volume Drying Up,Volume Drying Up (0.36x vs 10W Avg),7.48,Outperformed Nifty by 7.48% in 3 Months,True,7.48,70.32,66133788.19,"Stage 2, Advancing, trend_template_ok, volume_dryup, weekly_volume_dryup, flags=Wide Risk",38,119.0,Stage 2,watchlist,weekly_watchlist,46.83,81.0,8.600000000000001,False,False,False,False,False
GMRP&UI.NS,GMR Power and Urban Infra Limited,Energy,Energy,False,Cash,1,Not Sure,Not Sure,Not Sure,0.0,Stage rules did not identify a reliable structure.,No confident stage classification.,,,,watchlist,weekly_watchlist,watchlist,11.71,38.33,24.63,5.0,11.71,38.33,29.63,Not Sure - Unclear,24.63,Strong,Volume Expanding,Volume Expanding (2.13x vs 10W Avg),6.86,Outperformed Nifty by 6.86% in 3 Months,False,6.86,5.4,153979643.3,"Not Sure, Unclear, weekly_vcp_ok, weekly_strong, flags=Wider Risk;Low Liquidity",323,402.0,Not Sure,watchlist,weekly_watchlist,25.05,79.0,4.579999999999998,False,False,False,False,False
CASTROLIND.NS,Castrol India Limited,Oil & Gas Refining & Marketing,Energy,False,Cash,1,Stage 1,Stage 1,Stage 1,0.68,Price is building a base around long-term weekly structure without a confirmed advancing phase.,,,,,watchlist,weekly_watchlist,watchlist,0.0,43.68,27.66,5.0,0.0,43.68,32.66,Stage 1,27.66,Very Strong,Volume Expanding,Volume Expanding (1.93x vs 10W Avg),17.74,Outperformed Nifty by 17.74% in 3 Months,False,17.74,19.03,650052979.29,"Stage 1, Stage 1, weekly_vcp_ok, weekly_strong, flags=Low Liquidity, stage1_not_actionable, stage1_needs_more_base",278,356.0,Stage 1,watchlist,weekly_watchlist,28.86,78.0,3.799999999999997,False,False,False,False,False
AJANTPHARM.NS,Ajanta Pharma Limited,Drug Manufacturers - Specialty & Generic,Healthcare,False,Cash,1,Stage 2,Stage 2,Advancing,0.9,Price is above constructive weekly and long-term trend structure with improving relative strength.,,,2026-09-25,,watchlist,weekly_watchlist,watchlist,43.24,24.72,36.36,10.0,43.24,24.72,46.36,Stage 2 - Advancing,36.36,Very Strong,Volume Drying Up,Volume Drying Up (0.71x vs 10W Avg),11.45,Outperformed Nifty by 11.45% in 3 Months,True,11.45,29.71,270606547.47,"Stage 2, Advancing, trend_template_ok, weekly_volume_dryup, flags=Low Liquidity",107,184.0,Stage 2,watchlist,weekly_watchlist,42.05,77.0,4.310000000000002,False,False,False,False,False
RAIN.NS,Rain Industries Limited,Specialty Chemicals,Basic Materials,False,Cash,1,Stage 2,Stage 2,Advancing,0.9,Price is above constructive weekly and long-term trend structure with improving relative strength.,,,2026-09-25,,watchlist,weekly_watchlist,watchlist,58.57,25.4,34.7,5.0,58.57,25.4,39.7,Stage 2 - Advancing,34.7,Very Strong,Volume Drying Up,Volume Drying Up (0.69x vs 10W Avg),19.73,Outperformed Nifty by 19.73% in 3 Months,True,19.73,93.68,902462167.05,"Stage 2, Advancing, trend_template_ok, volume_dryup, weekly_volume_dryup, flags=Wide Weekly Base;Wide Risk;Low Liquidity",196,273.0,Stage 2,watchlist,weekly_watchlist,35.53,77.0,4.170000000000002,False,False,False,False,False
ABDL.NS,Allied Blenders and Distillers Limited,Consumer Defensive,Consumer Defensive,False,Cash,1,Stage 2,Stage 2,Extended,0.78,"Weekly advancing structure remains intact, but price is stretched versus key moving averages.",,,2026-09-25,,watchlist,weekly_watchlist,watchlist,63.6,20.6,41.23,0.0,63.6,20.6,41.23,Stage 2 - Extended,41.23,Very Strong,Volume Expanding,Volume Expanding (5.15x vs 10W Avg),12.61,Outperformed Nifty by 12.61% in 3 Months,True,12.61,75.36,731414491.1,"Stage 2, Extended, trend_template_ok, flags=Extended;Wide Risk;Low Liquidity",169,246.0,Stage 2,watchlist,weekly_watchlist,37.65,77.0,3.5799999999999983,False,False,False,False,False
CHEMPLASTS.NS,Chemplast Sanmar Limited,Chemicals,Basic Materials,False,Cash,1,Stage 4,Stage 4,Stage 4,0.86,Price is below the 30-week trend and below long-term support structure.,,,,,watchlist,weekly_watchlist,watchlist,0.67,0.2,2.11,5.0,0.67,0.2,7.11,Stage 4,2.11,Weak,Volume Expanding,Volume Expanding (1.95x vs 10W Avg),-2.8,Underperformed Nifty by 2.8% in 3 Months,False,-2.8,-21.33,302328660.49,"Stage 4, Stage 4, flags=Wider Risk;Low Liquidity, downtrend",685,760.0,Stage 4,watchlist,weekly_watchlist,5.0,75.0,2.1100000000000003,False,False,False,False,False
KAYNES.NS,Kaynes Technology India Limited,Electronic Components,Technology,True,F&O,1,Stage 1,Stage 1,Stage 1,0.68,Price is building a base around long-term weekly structure without a confirmed advancing phase.,,,,,watchlist,weekly_watchlist,watchlist,0.0,0.0,4.07,10.0,0.0,0.0,14.07,Stage 1,4.07,Strong,Volume Normal,Volume Normal (1.21x vs 10W Avg),20.92,Outperformed Nifty by 20.92% in 3 Months,False,20.92,5.65,3650692576.57,"Stage 1, Stage 1, flags=Wide Risk;Low Liquidity, stage1_not_actionable, stage1_needs_more_base",528,603.0,Stage 1,watchlist,weekly_watchlist,12.15,75.0,1.92,False,False,False,False,False
AXISCADES.NS,AXISCADES Technologies Limited,Engineering & Construction,Industrials,False,Cash,1,Stage 2,Stage 2,Advancing,0.8,Price is above constructive weekly and long-term trend structure with improving relative strength.,,,2026-09-25,,watchlist,weekly_watchlist,watchlist,46.51,35.66,27.3,0.0,46.51,35.66,27.3,Stage 2 - Advancing,27.3,Very Strong,Volume Normal,Volume Normal (1.20x vs 10W Avg),16.94,Outperformed Nifty by 16.94% in 3 Months,True,16.94,17.65,379383749.51,"Stage 2, Advancing, trend_template_ok, flags=Wide Base;Wide Weekly Base;Wide Risk;Low Liquidity",344,418.0,Stage 2,watchlist,weekly_watchlist,23.34,74.0,3.960000000000001,False,False,False,False,False
APCOTEXIND.NS,Apcotex Industries Limited,Specialty Chemicals,Basic Materials,False,Cash,1,Stage 2,Stage 2,Advancing,0.8,Price is above constructive weekly and long-term trend structure with improving relative strength.,,,2026-09-25,,watchlist,weekly_watchlist,watchlist,53.02,29.0,34.65,5.0,53.02,29.0,39.65,Stage 2 - Advancing,34.65,Very Strong,Volume Drying Up,Volume Drying Up (0.24x vs 10W Avg),17.13,Outperformed Nifty by 17.13% in 3 Months,True,17.13,70.53,75359415.23,"Stage 2, Advancing, trend_template_ok, volume_dryup, weekly_volume_dryup, flags=Wide Risk;Low Liquidity",197,270.0,Stage 2,watchlist,weekly_watchlist,35.81,73.0,3.8399999999999963,False,False,False,False,False
KIOCL.NS,KIOCL Limited,Steel,Basic Materials,False,Cash,1,Stage 4,Stage 4,Stage 4,0.66,Price is below weekly structure.,,,,,watchlist,weekly_watchlist,watchlist,0.0,32.0,7.48,10.0,0.0,32.0,17.48,Stage 4,7.48,Weak,Volume Drying Up,Volume Drying Up (0.35x vs 10W Avg),-9.27,Underperformed Nifty by 9.27% in 3 Months,False,-9.27,-1.16,27647898.98,"Stage 4, Stage 4, weekly_vcp_ok, volume_dryup, weekly_volume_dryup, weekly_strong, flags=Wide Risk;Low Liquidity, downtrend",462,535.0,Stage 4,watchlist,weekly_watchlist,15.46,73.0,2.0199999999999996,False,False,False,False,False
LINDEINDIA.NS,Linde India Limited,Specialty Chemicals,Basic Materials,False,Cash,1,Stage 4,Stage 4,Stage 4,0.66,Price is below weekly structure.,,,2026-08-07,,watchlist,weekly_watchlist,watchlist,0.0,0.0,1.89,5.0,0.0,0.0,6.89,Stage 4,1.89,Weak,Volume Drying Up,Volume Drying Up (0.84x vs 10W Avg),-8.65,Underperformed Nifty by 8.65% in 3 Months,False,-8.65,-12.75,136056143.7,"Stage 4, Stage 4, volume_dryup, weekly_volume_dryup, flags=Low Liquidity, downtrend",688,761.0,Stage 4,watchlist,weekly_watchlist,5.0,73.0,1.8899999999999997,False,False,False,False,False
NUVOCO.NS,Nuvoco Vistas Corporation Limited,Building Materials,Basic Materials,False,Cash,1,Stage 3,Stage 3,Early,0.68,"Prior strength has shifted into a Stage 3 transition based on trend, relative strength, and volume evidence.",,,,,watchlist,weekly_watchlist,watchlist,10.86,38.18,23.4,0.0,10.86,38.18,23.4,Stage 3 Early,23.4,Strong,Volume Drying Up,Volume Drying Up (0.58x vs 10W Avg),8.29,Outperformed Nifty by 8.29% in 3 Months,False,8.29,13.51,134742947.57,"Stage 3, Early, weekly_vcp_ok, volume_dryup, weekly_volume_dryup, weekly_strong, flags=Wide Risk;Low Liquidity, distribution_or_weakening_risk",377,449.0,Stage 3,watchlist,weekly_watchlist,20.42,72.0,2.979999999999997,False,False,False,False,False
RPSGVENT.NS,RPSG VENTURES LIMITED,Information Technology Services,Technology,False,Cash,1,Failed Stage 2,Stage 1,Failed Stage 2,0.72,"This stock was recently Stage 2, but the latest structure no longer satisfies Stage 2 rules. It is kept as Failed Stage 2 until a fresh base/repair structure forms.",Recent Stage 2 break; public stage held as Failed Stage 2.,2026-09-28,2026-09-09,,watchlist,weekly_watchlist,watchlist,0.0,41.1,15.49,0.0,0.0,41.1,15.49,Failed Stage 2,15.49,Neutral,Volume Drying Up,Volume Normal (0.98x vs 10W Avg),5.11,Outperformed Nifty by 5.11% in 3 Months,False,5.11,-8.81,25602823.47,"Stage 1, Stage 1, weekly_vcp_ok, volume_dryup, weekly_strong, flags=Wide Risk;Low Liquidity, stage1_not_actionable, stage1_needs_more_base | Stage 2 failed state applied from stage memory.",500,571.0,Failed Stage 2,watchlist,weekly_watchlist,13.64,71.0,1.8499999999999996,False,False,False,False,False
ABB.NS,ABB India Limited,Specialty Industrial Machinery,Industrials,True,F&O,1,Stage 2,Stage 2,Advancing,0.8,Price is above constructive weekly and long-term trend structure with improving relative strength.,,,2026-09-25,,watchlist,weekly_watchlist,watchlist,39.81,23.55,30.2,10.0,39.81,23.55,40.2,Stage 2 - Advancing,30.2,Strong,Volume Drying Up,Volume Drying Up (0.63x vs 10W Avg),7.93,Outperformed Nifty by 7.93% in 3 Months,True,7.93,17.59,1224003470.85,"Stage 2, Advancing, trend_template_ok, volume_dryup, weekly_volume_dryup, flags=Wider Risk;Low Liquidity",191,261.0,Stage 2,watchlist,weekly_watchlist,36.59,70.0,3.6099999999999994,False,False,False,False,False
CARERATING.NS,CARE Ratings Limited,Financial Services,Financial Services,False,Cash,1,Stage 1,Stage 1,Stage 1,0.64,Price is building a base around long-term weekly structure without a confirmed advancing phase.,,,,,watchlist,weekly_watchlist,watchlist,0.0,0.0,5.12,0.0,0.0,0.0,5.12,Stage 1,5.12,Strong,Volume Drying Up,Volume Normal (0.95x vs 10W Avg),2.71,Outperformed Nifty by 2.71% in 3 Months,False,2.71,12.02,98524951.24,"Stage 1, Stage 1, volume_dryup, flags=Wider Risk;Low Liquidity, stage1_not_actionable, stage1_needs_more_base",722,792.0,Stage 1,watchlist,weekly_watchlist,2.72,70.0,2.4,False,False,False,False,False
PVRINOX.NS,PVR INOX Limited,Communication Services,Communication Services,False,Cash,1,Stage 2,Stage 2,Advancing,0.9,Price is above constructive weekly and long-term trend structure with improving relative strength.,,,2026-09-25,,watchlist,weekly_forming,watchlist,35.6,48.47,35.36,5.0,35.6,48.47,40.36,Stage 2 - Advancing,35.36,Very Strong,Volume Drying Up,Volume Drying Up (0.75x vs 10W Avg),29.42,Outperformed Nifty by 29.42% in 3 Months,True,29.42,32.25,873038652.45,"Stage 2, Advancing, trend_template_ok, weekly_vcp_ok, volume_dryup, weekly_volume_dryup, flags=Loose Structure;Wide Risk;Low Liquidity",184,253.0,Stage 2,watchlist,weekly_forming,37.05,69.0,3.3100000000000023,False,False,False,False,False
BBOX.NS,Black Box Limited,Software - Application,Technology,False,Cash,1,Failed Stage 2,Stage 1,Failed Stage 2,0.72,"This stock was recently Stage 2, but the latest structure no longer satisfies Stage 2 rules. It is kept as Failed Stage 2 until a fresh base/repair structure forms.",Recent Stage 2 break; public stage held as Failed Stage 2.,2026-09-28,2026-09-23,,watchlist,weekly_watchlist,watchlist,13.86,21.49,13.75,5.0,13.86,21.49,18.75,Failed Stage 2,13.75,Neutral,Volume Normal,Volume Normal (1.18x vs 10W Avg),-15.56,Underperformed Nifty by 15.56% in 3 Months,False,-15.56,68.42,456221713.67,"Stage 1, Stage 1, flags=Wide Base;Wide Weekly Base;Wider Risk;Low Liquidity, stage1_not_actionable, stage1_needs_more_base | Stage 2 failed state applied from stage memory.",441,510.0,Failed Stage 2,watchlist,weekly_watchlist,16.86,69.0,1.8900000000000006,False,False,False,False,False
BIOCON.NS,Biocon Limited,Biotechnology,Healthcare,True,F&O,1,Stage 3,Stage 3,Early,0.68,"Prior strength has shifted into a Stage 3 transition based on trend, relative strength, and volume evidence.",,,2026-08-12,,watchlist,weekly_watchlist,watchlist,0.0,37.45,12.42,5.0,0.0,37.45,17.42,Stage 3 Early,12.42,Weak,Volume Drying Up,Volume Drying Up (0.73x vs 10W Avg),-5.23,Underperformed Nifty by 5.23% in 3 Months,False,-5.23,8.72,1214891443.84,"Stage 3, Early, weekly_vcp_ok, weekly_volume_dryup, weekly_strong, flags=Wide Risk;Low Liquidity, distribution_or_weakening_risk",463,532.0,Not Sure,watchlist,weekly_watchlist,15.81,69.0,1.6100000000000012,False,False,False,False,False
HEROMOTOCO.NS,Hero MotoCorp Limited,Auto Manufacturers,Consumer Cyclical,True,F&O,1,Stage 1,Stage 1,Stage 1,0.64,Price is building a base around long-term weekly structure without a confirmed advancing phase.,,,,,watchlist,weekly_watchlist,watchlist,0.16,45.89,26.43,5.0,0.16,45.89,31.43,Stage 1,26.43,Very Strong,Volume Drying Up,Volume Drying Up (0.58x vs 10W Avg),17.48,Outperformed Nifty by 17.48% in 3 Months,False,17.48,11.39,2865979441.65,"Stage 1, Stage 1, stage1_base_ready, weekly_vcp_ok, volume_dryup, weekly_volume_dryup, weekly_strong, flags=Low Liquidity, stage1_not_actionable",300,368.0,Stage 1,watchlist,weekly_watchlist,28.02,68.0,3.41,False,False,False,False,False
RHIM.NS,RHI MAGNESITA INDIA LIMITED,Metal Fabrication,Industrials,False,Cash,1,Not Sure,Not Sure,Not Sure,0.0,Stage rules did not identify a reliable structure.,No confident stage classification.,,,,watchlist,weekly_watchlist,watchlist,6.25,38.18,25.34,10.0,6.25,38.18,35.34,Not Sure - Unclear,25.34,Strong,Volume Expanding,Volume Expanding (4.49x vs 10W Avg),1.63,Outperformed Nifty by 1.63% in 3 Months,False,1.63,9.13,391514474.8,"Not Sure, Unclear, weekly_vcp_ok, weekly_strong, flags=Low Liquidity",251,319.0,Not Sure,watchlist,weekly_watchlist,32.21,68.0,3.1300000000000026,False,False,False,False,False
PTC.NS,PTC India Limited,Utilities,Utilities,False,Cash,1,Stage 1,Stage 1,Stage 1,0.64,Price is building a base around long-term weekly structure without a confirmed advancing phase.,,,2026-08-11,,watchlist,weekly_watchlist,watchlist,14.86,41.16,21.33,0.0,14.86,41.16,21.33,Stage 1,21.33,Strong,Volume Drying Up,Volume Drying Up (0.48x vs 10W Avg),3.61,Outperformed Nifty by 3.61% in 3 Months,False,3.61,7.97,185519271.82,"Stage 1, Stage 1, weekly_vcp_ok, volume_dryup, weekly_volume_dryup, weekly_strong, flags=Wide Risk;Low Liquidity, stage1_not_actionable, stage1_needs_more_base",407,474.0,Stage 1,watchlist,weekly_watchlist,18.5,67.0,2.8299999999999983,False,False,False,False,False
SKFINDIA.NS,SKF India Limited,Tools & Accessories,Industrials,False,Cash,1,Stage 4,Stage 4,Stage 4,0.86,Price is below the 30-week trend and below long-term support structure.,,,,,watchlist,weekly_watchlist,watchlist,5.6,18.36,10.23,2.0,5.6,18.36,12.23,Stage 4,10.23,Neutral,Volume Drying Up,Volume Drying Up (0.45x vs 10W Avg),-2.59,Underperformed Nifty by 2.59% in 3 Months,False,-2.59,3.21,74578266.52,"Stage 4, Stage 4, weekly_vcp_ok, volume_dryup, weekly_volume_dryup, flags=Wide Risk;Low Liquidity, downtrend",573,640.0,Stage 4,watchlist,weekly_watchlist,10.13,67.0,2.0999999999999996,False,False,False,False,False
AMBER.NS,Amber Enterprises India Limited,"Furnishings, Fixtures & Appliances",Consumer Cyclical,True,F&O,1,Stage 3,Stage 3,Early,0.68,"Prior strength has shifted into a Stage 3 transition based on trend, relative strength, and volume evidence.",,,2026-08-31,,watchlist,weekly_watchlist,watchlist,14.01,37.31,17.93,0.0,14.01,37.31,17.93,Stage 3 Early,17.93,Neutral,Volume Drying Up,Volume Drying Up (0.41x vs 10W Avg),-0.48,Underperformed Nifty by 0.48% in 3 Months,False,-0.48,13.54,758138026.8,"Stage 3, Early, weekly_vcp_ok, volume_dryup, weekly_volume_dryup, weekly_strong, flags=Wide Risk;Low Liquidity, distribution_or_weakening_risk",449,516.0,Not Sure,watchlist,weekly_watchlist,16.48,67.0,1.4499999999999993,False,False,False,False,False
KRISHANA.NS,Krishana Phoschem Limited,Agricultural Inputs,Basic Materials,False,Cash,1,Stage 2,Stage 2,Advancing,0.9,Price is above constructive weekly and long-term trend structure with improving relative strength.,,,2026-09-25,,watchlist,weekly_watchlist,watchlist,40.72,26.6,31.67,0.0,40.72,26.6,31.67,Stage 2 - Advancing,31.67,Very Strong,Volume Drying Up,Volume Drying Up (0.51x vs 10W Avg),35.74,Outperformed Nifty by 35.74% in 3 Months,True,35.74,75.25,108408880.85,"Stage 2, Advancing, trend_template_ok, volume_dryup, weekly_volume_dryup, flags=Loose Structure;Wide Risk;Low Liquidity",295,361.0,Stage 2,watchlist,weekly_watchlist,28.34,66.0,3.330000000000002,False,False,False,False,False
SOUTHBANK.NS,The South Indian Bank Limited,Banks - Regional,Financial Services,False,Cash,1,Stage 2,Stage 2,Advancing,0.9,Price is above constructive weekly and long-term trend structure with improving relative strength.,,,2026-09-25,,watchlist,weekly_watchlist,watchlist,40.14,31.49,36.04,2.0,40.14,31.49,38.04,Stage 2 - Advancing,36.04,Very Strong,Volume Expanding,Volume Expanding (2.22x vs 10W Avg),12.96,Outperformed Nifty by 12.96% in 3 Months,True,12.96,35.95,617154449.58,"Stage 2, Advancing, trend_template_ok, flags=Low Liquidity",210,276.0,Stage 2,watchlist,weekly_watchlist,35.42,66.0,2.6199999999999974,False,False,False,False,False
MBAPL.NS,Madhya Bharat Agro Products Limited,Agricultural Inputs,Basic Materials,False,Cash,1,Stage 2,Stage 2,Extended,0.78,"Weekly advancing structure remains intact, but price is stretched versus key moving averages.",,,2026-09-25,,watchlist,weekly_watchlist,watchlist,38.69,31.0,36.27,0.0,38.69,31.0,36.27,Stage 2 - Extended,36.27,Very Strong,Volume Drying Up,Volume Drying Up (0.55x vs 10W Avg),43.12,Outperformed Nifty by 43.12% in 3 Months,True,43.12,59.25,146741570.15,"Stage 2, Extended, trend_template_ok, volume_dryup, weekly_volume_dryup, flags=Extended;Wider Risk;Low Liquidity",234,299.0,Stage 2,watchlist,weekly_watchlist,33.97,65.0,2.3000000000000043,False,False,False,False,False
BLUEDART.NS,Blue Dart Express Limited,Industrials,Industrials,False,Cash,1,Stage 4,Stage 4,Stage 4,0.86,Price is below the 30-week trend and below long-term support structure.,,,,,watchlist,weekly_watchlist,watchlist,0.0,33.26,9.18,0.0,0.0,33.26,9.18,Stage 4,9.18,Neutral,Volume Drying Up,Volume Drying Up (0.24x vs 10W Avg),2.16,Outperformed Nifty by 2.16% in 3 Months,False,2.16,-0.55,41562469.55,"Stage 4, Stage 4, weekly_vcp_ok, volume_dryup, weekly_volume_dryup, weekly_strong, flags=Wide Risk;Low Liquidity, downtrend",649,712.0,Stage 4,watchlist,weekly_watchlist,7.08,63.0,2.0999999999999996,False,False,False,False,False
SJVN.NS,SJVN Limited,Utilities - Renewable,Utilities,False,Cash,1,Stage 4,Stage 4,Stage 4,0.86,Price is below the 30-week trend and below long-term support structure.,,,,,watchlist,weekly_watchlist,watchlist,2.53,33.1,10.17,0.0,2.53,33.1,10.17,Stage 4,10.17,Weak,Volume Normal,Volume Normal (1.15x vs 10W Avg),-10.3,Underperformed Nifty by 10.3% in 3 Months,False,-10.3,-6.59,140843325.22,"Stage 4, Stage 4, weekly_vcp_ok, weekly_strong, flags=Wide Risk;Low Liquidity, downtrend",603,666.0,Stage 4,watchlist,weekly_watchlist,9.95,63.0,0.22000000000000064,False,False,False,False,False
YATHARTH.NS,Yatharth Hospital & Trauma Care Services Limited,Medical Care Facilities,Healthcare,False,Cash,1,Stage 2,Stage 2,Extended,0.78,"Weekly advancing structure remains intact, but price is stretched versus key moving averages.",,,2026-09-25,,watchlist,weekly_watchlist,watchlist,56.18,33.4,33.49,2.0,56.18,33.4,35.49,Stage 2 - Extended,33.49,Very Strong,Volume Drying Up,Volume Drying Up (0.80x vs 10W Avg),32.75,Outperformed Nifty by 32.75% in 3 Months,True,32.75,66.21,885650980.07,"Stage 2, Extended, trend_template_ok, weekly_volume_dryup, flags=Loose Structure;Extended;Wide Risk;Low Liquidity",249,311.0,Stage 2,watchlist,weekly_watchlist,33.04,62.0,2.450000000000003,False,False,False,False,False
GESHIP.NS,The Great Eastern Shipping Company Limited,Marine Shipping,Industrials,False,Cash,1,Stage 2,Stage 2,Advancing,0.8,Price is above constructive weekly and long-term trend structure with improving relative strength.,,,2026-09-25,,watchlist,weekly_watchlist,watchlist,58.28,23.08,37.92,5.0,58.28,23.08,42.92,Stage 2 - Advancing,37.92,Strong,Volume Expanding,Volume Normal (1.21x vs 10W Avg),14.11,Outperformed Nifty by 14.11% in 3 Months,True,14.11,10.66,1282217295.16,"Stage 2, Advancing, trend_template_ok, flags=Wide Risk;Low Liquidity",144,206.0,Stage 2,watchlist,weekly_watchlist,40.49,62.0,2.4299999999999997,False,False,False,False,False
SRF.NS,SRF Limited,Conglomerates,Industrials,True,F&O,1,Stage 3,Stage 3,Early,0.68,"Prior strength has shifted into a Stage 3 transition based on trend, relative strength, and volume evidence.",,,,,watchlist,weekly_watchlist,watchlist,8.86,1.0,5.97,0.0,8.86,1.0,5.97,Stage 3 Early,5.97,Weak,Volume Drying Up,Volume Drying Up (0.30x vs 10W Avg),-5.72,Underperformed Nifty by 5.72% in 3 Months,False,-5.72,5.57,494865705.42,"Stage 3, Early, volume_dryup, weekly_volume_dryup, flags=Wider Risk;Low Liquidity, distribution_or_weakening_risk",711,773.0,Stage 4,watchlist,weekly_watchlist,4.32,62.0,1.6499999999999995,False,False,False,False,False
SIGNATURE.NS,Signatureglobal (India) Limited,Real Estate,Real Estate,False,Cash,1,Stage 3,Stage 3,Early,0.68,"Prior strength has shifted into a Stage 3 transition based on trend, relative strength, and volume evidence.",,,,,watchlist,weekly_watchlist,watchlist,18.98,26.08,25.01,2.0,18.98,26.08,27.01,Stage 3 Early,25.01,Strong,Volume Expanding,Volume Expanding (2.60x vs 10W Avg),8.33,Outperformed Nifty by 8.33% in 3 Months,False,8.33,11.52,257874339.03,"Stage 3, Early, weekly_vcp_ok, flags=Wide Weekly Base;Wide Risk, distribution_or_weakening_risk",346,407.0,Stage 3,watchlist,weekly_watchlist,24.74,61.0,2.270000000000003,False,False,False,False,False
WHEELS.NS,Wheels India Limited,Auto Parts,Consumer Cyclical,False,Cash,1,Stage 2,Stage 2,Extended,0.78,"Weekly advancing structure remains intact, but price is stretched versus key moving averages.",,,2026-09-25,,watchlist,weekly_watchlist,watchlist,39.34,33.4,28.26,5.0,39.34,33.4,33.26,Stage 2 - Extended,28.26,Very Strong,Volume Drying Up,Volume Normal (0.88x vs 10W Avg),48.18,Outperformed Nifty by 48.18% in 3 Months,True,48.18,142.13,1989156050.0,"Stage 2, Extended, trend_template_ok, volume_dryup, weekly_volume_dryup, flags=Loose Structure;Extended;Wide Risk;Low Liquidity",272,333.0,Stage 2,watchlist,weekly_watchlist,31.11,61.0,2.1499999999999986,False,False,False,False,False
SANOFICONR.NS,Sanofi Consumer Healthcare India Limited,Drug Manufacturers - General,Healthcare,False,Cash,1,Stage 4,Stage 4,Stage 4,0.66,Price is below weekly structure.,,,,,watchlist,weekly_watchlist,watchlist,3.37,34.2,9.19,5.0,3.37,34.2,14.19,Stage 4,9.19,Weak,Volume Drying Up,Volume Drying Up (0.58x vs 10W Avg),-8.6,Underperformed Nifty by 8.6% in 3 Months,False,-8.6,-8.73,19368218.44,"Stage 4, Stage 4, weekly_vcp_ok, volume_dryup, weekly_volume_dryup, weekly_strong, flags=Wide Risk;Low Liquidity, downtrend",525,586.0,Stage 4,watchlist,weekly_watchlist,12.81,61.0,1.379999999999999,False,False,False,False,False
TATAINVEST.NS,Tata Investment Corporation Limited,Asset Management,Financial Services,False,Cash,1,Stage 1,Stage 1,Stage 1,0.64,Price is building a base around long-term weekly structure without a confirmed advancing phase.,,,,,watchlist,weekly_watchlist,watchlist,0.0,42.59,14.33,0.0,0.0,42.59,14.33,Stage 1,14.33,Strong,Volume Drying Up,Volume Drying Up (0.38x vs 10W Avg),1.65,Outperformed Nifty by 1.65% in 3 Months,False,1.65,13.25,1666448619.96,"Stage 1, Stage 1, weekly_vcp_ok, weekly_volume_dryup, weekly_strong, flags=Wide Risk;Low Liquidity, stage1_not_actionable, stage1_needs_more_base",521,582.0,Stage 1,watchlist,weekly_watchlist,13.04,61.0,1.290000000000001,False,False,False,False,False
RRKABEL.NS,R R Kabel Limited,Electrical Equipment & Parts,Industrials,False,Cash,1,Stage 2,Stage 2,Advancing,0.8,Price is above constructive weekly and long-term trend structure with improving relative strength.,,,2026-09-25,,watchlist,weekly_watchlist,watchlist,33.72,34.4,25.69,10.0,33.72,34.4,35.69,Stage 2 - Advancing,25.69,Strong,Volume Drying Up,Volume Drying Up (0.42x vs 10W Avg),7.88,Outperformed Nifty by 7.88% in 3 Months,True,7.88,87.17,1362824716.92,"Stage 2, Advancing, trend_template_ok, volume_dryup, weekly_volume_dryup, flags=Wide Risk;Low Liquidity",247,307.0,Stage 2,watchlist,weekly_watchlist,33.28,60.0,2.4099999999999966,False,False,False,False,False
MAYURUNIQ.NS,Mayur Uniquoters Ltd,Textile Manufacturing,Consumer Cyclical,False,Cash,1,Failed Stage 2,Stage 3,Failed Stage 2,0.72,"This stock was recently Stage 2, but the latest structure no longer satisfies Stage 2 rules. It is kept as Failed Stage 2 until a fresh base/repair structure forms.",Recent Stage 2 break; public stage held as Failed Stage 2.,2026-09-28,2026-09-21,,watchlist,weekly_watchlist,watchlist,9.31,5.06,7.82,10.0,9.31,5.06,17.82,Failed Stage 2,7.82,Neutral,Volume Normal,Volume Normal (0.86x vs 10W Avg),-13.13,Underperformed Nifty by 13.13% in 3 Months,False,-13.13,41.68,84839324.08,"Stage 3, Early, weekly_volume_dryup, flags=Wide Risk;Low Liquidity, distribution_or_weakening_risk | Stage 2 failed state applied from stage memory.",455,515.0,Failed Stage 2,watchlist,weekly_watchlist,16.57,60.0,1.25,False,False,False,False,False
HDFCAMC.NS,HDFC Asset Management Company Limited,Asset Management,Financial Services,True,F&O,1,Stage 4,Stage 4,Stage 4,0.66,Price is below weekly structure.,,,2026-07-15,,watchlist,weekly_watchlist,watchlist,0.0,31.3,2.99,0.0,0.0,31.3,2.99,Stage 4,2.99,Weak,Volume Drying Up,Volume Drying Up (0.76x vs 10W Avg),-11.47,Underperformed Nifty by 11.47% in 3 Months,False,-11.47,2.43,1422841032.4,"Stage 4, Stage 4, weekly_vcp_ok, volume_dryup, weekly_volume_dryup, weekly_strong, flags=Low Liquidity, downtrend",774,833.0,Stage 4,watchlist,weekly_watchlist,0.66,59.0,2.33,False,False,False,False,False
KALYANKJIL.NS,Kalyan Jewellers India Limited,Luxury Goods,Consumer Cyclical,True,F&O,1,Stage 2,Stage 2,Advancing,0.8,Price is above constructive weekly and long-term trend structure with improving relative strength.,,,2026-09-25,,watchlist,weekly_watchlist,watchlist,36.46,24.2,27.67,10.0,36.46,24.2,37.67,Stage 2 - Advancing,27.67,Strong,Volume Drying Up,Volume Drying Up (0.23x vs 10W Avg),51.02,Outperformed Nifty by 51.02% in 3 Months,True,51.02,45.86,3903931337.43,"Stage 2, Advancing, trend_template_ok, volume_dryup, weekly_volume_dryup, flags=Wider Risk;Low Liquidity",218,277.0,Stage 2,watchlist,weekly_watchlist,35.42,59.0,2.25,False,False,False,False,False
GPIL.NS,Godawari Power And Ispat limited,Steel,Basic Materials,False,Cash,1,Stage 4,Stage 4,Stage 4,0.86,Price is below the 30-week trend and below long-term support structure.,,,,,watchlist,weekly_watchlist,watchlist,6.53,0.2,1.46,10.0,6.53,0.2,11.46,Stage 4,1.46,Weak,Volume Drying Up,Volume Drying Up (0.74x vs 10W Avg),-6.82,Underperformed Nifty by 6.82% in 3 Months,False,-6.82,-15.94,332006647.89,"Stage 4, Stage 4, volume_dryup, weekly_volume_dryup, flags=Wide Risk;Low Liquidity, downtrend",583,642.0,Stage 4,watchlist,weekly_watchlist,10.0,59.0,1.4600000000000009,False,False,False,False,False
STAR.NS,Strides Pharma Science Limited,Drug Manufacturers - Specialty & Generic,Healthcare,False,Cash,1,Stage 2,Stage 2,Advancing,0.9,Price is above constructive weekly and long-term trend structure with improving relative strength.,,,2026-09-25,,watchlist,weekly_breakout,watchlist,34.83,66.92,44.43,10.0,34.83,66.92,54.43,Stage 2 - Advancing,44.43,Strong,Volume Drying Up,Volume Drying Up (0.40x vs 10W Avg),7.8,Outperformed Nifty by 7.8% in 3 Months,True,7.8,21.37,437024185.88,"Stage 2, Advancing, trend_template_ok, weekly_vcp_ok, volume_dryup, weekly_volume_dryup, weekly_strong, flags=Wide Risk;Low Liquidity",44,102.0,Stage 2,watchlist,weekly_breakout,49.09,58.0,5.339999999999996,False,False,False,False,False
ASHOKA.NS,Ashoka Buildcon Limited,Engineering & Construction,Industrials,False,Cash,1,Stage 4,Stage 4,Stage 4,0.86,Price is below the 30-week trend and below long-term support structure.,,,,,watchlist,weekly_watchlist,watchlist,7.8,10.47,0.12,0.0,7.8,10.47,0.12,Stage 4,0.12,Weak,Volume Drying Up,Volume Drying Up (0.15x vs 10W Avg),-11.67,Underperformed Nifty by 11.67% in 3 Months,False,-11.67,0.69,130328014.2,"Stage 4, Stage 4, volume_dryup, weekly_volume_dryup, flags=Wide Weekly Base;Wide Risk;Low Liquidity, downtrend",824,882.0,Stage 4,watchlist,weekly_watchlist,0.0,58.0,0.12,False,False,False,False,False
MARICO.NS,Marico Limited,Household & Personal Products,Consumer Defensive,True,F&O,1,Stage 1,Stage 1,Stage 1,0.64,Price is building a base around long-term weekly structure without a confirmed advancing phase.,,,2026-08-04,,watchlist,weekly_watchlist,watchlist,0.0,41.01,23.17,0.0,0.0,41.01,23.17,Stage 1,23.17,Very Strong,Volume Drying Up,Volume Drying Up (0.52x vs 10W Avg),0.55,Outperformed Nifty by 0.55% in 3 Months,False,0.55,9.56,1288667038.72,"Stage 1, Stage 1, weekly_vcp_ok, weekly_volume_dryup, weekly_strong, flags=Wider Risk;Low Liquidity, stage1_not_actionable, stage1_needs_more_base",381,438.0,Stage 1,watchlist,weekly_watchlist,22.01,57.0,1.1600000000000001,False,False,False,False,False
TCPLPACK.NS,TCPL Packaging Limited,Consumer Cyclical,Consumer Cyclical,False,Cash,1,Stage 2,Stage 2,Advancing,0.9,Price is above constructive weekly and long-term trend structure with improving relative strength.,,,2026-09-25,,watchlist,weekly_forming,watchlist,47.8,64.0,47.93,2.0,47.8,64.0,49.93,Stage 2 - Advancing,47.93,Very Strong,Volume Drying Up,Volume Drying Up (0.42x vs 10W Avg),40.16,Outperformed Nifty by 40.16% in 3 Months,True,40.16,70.38,36895745.69,"Stage 2, Advancing, trend_template_ok, weekly_vcp_ok, volume_dryup, weekly_volume_dryup, weekly_strong, flags=Loose Structure;Wide Risk;Low Liquidity",77,133.0,Stage 2,watchlist,weekly_near_pivot,45.91,56.0,4.020000000000003,False,False,False,False,False
FIRSTCRY.NS,Brainbees Solutions Limited,Consumer Cyclical,Consumer Cyclical,False,Cash,1,Stage 4,Stage 4,Stage 4,0.86,Price is below the 30-week trend and below long-term support structure.,,,,,watchlist,weekly_watchlist,watchlist,2.5,32.0,5.7,2.0,2.5,32.0,7.7,Stage 4,5.7,Weak,Volume Expanding,Volume Expanding (5.21x vs 10W Avg),-13.26,Underperformed Nifty by 13.26% in 3 Months,False,-13.26,-15.4,1594675260.9,"Stage 4, Stage 4, weekly_vcp_ok, weekly_strong, flags=Wide Risk;Low Liquidity, downtrend",672,728.0,Stage 4,watchlist,weekly_watchlist,6.1,56.0,1.6000000000000005,False,False,False,False,False
SARDAEN.NS,Sarda Energy & Minerals Limited,Steel,Basic Materials,False,Cash,1,Stage 1,Stage 1,Stage 1,0.64,Price is building a base around long-term weekly structure without a confirmed advancing phase.,,,,,watchlist,weekly_watchlist,watchlist,15.81,8.53,22.3,10.0,15.81,8.53,32.3,Stage 1,22.3,Neutral,Volume Drying Up,Volume Drying Up (0.31x vs 10W Avg),7.28,Outperformed Nifty by 7.28% in 3 Months,False,7.28,-1.98,330572727.25,"Stage 1, Stage 1, volume_dryup, weekly_volume_dryup, flags=Wider Risk, stage1_not_actionable, stage1_needs_more_base",282,338.0,Stage 1,watchlist,weekly_watchlist,30.72,56.0,1.5799999999999983,False,False,False,False,False
SUNTV.NS,Sun TV Network Limited,Communication Services,Communication Services,False,Cash,1,Stage 4,Stage 4,Stage 4,0.66,Price is below weekly structure.,,,,,watchlist,weekly_watchlist,watchlist,6.72,5.0,8.89,5.0,6.72,5.0,13.89,Stage 4,8.89,Neutral,Volume Expanding,Volume Expanding (3.43x vs 10W Avg),7.12,Outperformed Nifty by 7.12% in 3 Months,False,7.12,-9.51,459745430.02,"Stage 4, Stage 4, flags=Wider Risk;Low Liquidity, downtrend",534,590.0,Stage 4,watchlist,weekly_watchlist,12.64,56.0,1.25,False,False,False,False,False
VMART.NS,V-Mart Retail Limited,Consumer Cyclical,Consumer Cyclical,False,Cash,1,Stage 2,Stage 2,Advancing,0.8,Price is above constructive weekly and long-term trend structure with improving relative strength.,,,2026-09-25,,watchlist,weekly_watchlist,watchlist,34.84,21.34,25.56,2.0,34.84,21.34,27.56,Stage 2 - Advancing,25.56,Strong,Volume Drying Up,Volume Drying Up (0.67x vs 10W Avg),2.25,Outperformed Nifty by 2.25% in 3 Months,True,2.25,61.1,58167099.84,"Stage 2, Advancing, trend_template_ok, volume_dryup, weekly_volume_dryup, flags=Wide Risk;Low Liquidity",340,395.0,Stage 2,watchlist,weekly_watchlist,25.97,55.0,1.5899999999999999,False,False,False,False,False
PCBL.NS,PCBL Chemical Limited,Specialty Chemicals,Basic Materials,False,Cash,1,Stage 2,Stage 2,Advancing,0.9,Price is above constructive weekly and long-term trend structure with improving relative strength.,,,2026-09-25,,forming_vcp,weekly_watchlist,watchlist,53.84,26.15,40.45,5.0,53.84,26.15,45.45,Stage 2 - Advancing,40.45,Strong,Volume Drying Up,Volume Drying Up (0.49x vs 10W Avg),11.01,Outperformed Nifty by 11.01% in 3 Months,True,11.01,32.48,574893758.67,"Stage 2, Advancing, trend_template_ok, daily_vcp_ok, volume_dryup, weekly_volume_dryup, flags=Wider Risk;Low Liquidity",110,164.0,Stage 2,watchlist,weekly_watchlist,43.55,54.0,1.9000000000000057,False,False,False,False,False
ASIANPAINT.NS,Asian Paints Limited,Specialty Chemicals,Basic Materials,True,F&O,1,Stage 3,Stage 3,Early,0.68,"Prior strength has shifted into a Stage 3 transition based on trend, relative strength, and volume evidence.",,,2026-07-23,,watchlist,weekly_watchlist,watchlist,15.09,36.81,15.61,5.0,15.09,36.81,20.61,Stage 3 Early,15.61,Weak,Volume Drying Up,Volume Drying Up (0.72x vs 10W Avg),-6.72,Underperformed Nifty by 6.72% in 3 Months,False,-6.72,14.8,1269757086.39,"Stage 3, Early, weekly_vcp_ok, volume_dryup, weekly_volume_dryup, weekly_strong, flags=Wide Risk;Low Liquidity, distribution_or_weakening_risk",415,469.0,Stage 3,watchlist,weekly_watchlist,18.85,54.0,1.759999999999998,False,False,False,False,False
BIRLACORPN.NS,Birla Corporation Limited,Building Materials,Basic Materials,False,Cash,1,Stage 4,Stage 4,Stage 4,0.86,Price is below the 30-week trend and below long-term support structure.,,,,,watchlist,weekly_watchlist,watchlist,0.0,31.3,1.49,0.0,0.0,31.3,1.49,Stage 4,1.49,Weak,Volume Drying Up,Volume Drying Up (0.50x vs 10W Avg),-8.27,Underperformed Nifty by 8.27% in 3 Months,False,-8.27,-2.21,41796845.07,"Stage 4, Stage 4, weekly_vcp_ok, volume_dryup, weekly_volume_dryup, weekly_strong, flags=Wide Risk;Low Liquidity, downtrend",816,870.0,Stage 4,watchlist,weekly_watchlist,0.0,54.0,1.49,False,False,False,False,False
RAINBOW.NS,Rainbow Childrens Medicare Limited,Medical Care Facilities,Healthcare,False,Cash,1,Failed Stage 2,Stage 1,Failed Stage 2,0.72,"This stock was recently Stage 2, but the latest structure no longer satisfies Stage 2 rules. It is kept as Failed Stage 2 until a fresh base/repair structure forms.",Recent Stage 2 break; public stage held as Failed Stage 2.,2026-09-28,2026-09-24,,watchlist,weekly_watchlist,watchlist,0.0,1.72,13.84,2.0,0.0,1.72,15.84,Failed Stage 2,13.84,Neutral,Volume Expanding,Volume Expanding (2.02x vs 10W Avg),1.84,Outperformed Nifty by 1.84% in 3 Months,False,1.84,19.33,166769769.37,"Stage 1, Stage 1, flags=Wider Risk, stage1_not_actionable, stage1_needs_more_base | Stage 2 failed state applied from stage memory.",494,548.0,Failed Stage 2,watchlist,weekly_watchlist,14.87,54.0,0.9700000000000006,False,False,False,False,False
TATAPOWER.NS,Tata Power Company Limited,Utilities,Utilities,True,F&O,1,Stage 1,Stage 1,Stage 1,0.64,Price is building a base around long-term weekly structure without a confirmed advancing phase.,,,,,watchlist,weekly_watchlist,watchlist,0.0,40.0,18.31,0.0,0.0,40.0,18.31,Stage 1,18.31,Neutral,Volume Drying Up,Volume Drying Up (0.56x vs 10W Avg),1.25,Outperformed Nifty by 1.25% in 3 Months,False,1.25,-3.16,1333297456.76,"Stage 1, Stage 1, weekly_vcp_ok, volume_dryup, weekly_volume_dryup, weekly_strong, flags=Low Liquidity, stage1_not_actionable, stage1_needs_more_base",445,499.0,Stage 1,watchlist,weekly_watchlist,17.48,54.0,0.8299999999999983,False,False,False,False,False
THANGAMAYL.NS,Thangamayil Jewellery Limited,Luxury Goods,Consumer Cyclical,False,Cash,1,Stage 3,Stage 3,Early,0.68,"Prior strength has shifted into a Stage 3 transition based on trend, relative strength, and volume evidence.",,,2026-08-28,,watchlist,weekly_watchlist,watchlist,11.17,0.0,0.0,10.0,11.17,0.0,10.0,Stage 3 Early,0.0,Weak,Volume Drying Up,Volume Drying Up (0.30x vs 10W Avg),-15.32,Underperformed Nifty by 15.32% in 3 Months,False,-15.32,44.07,432599561.95,"Stage 3, Early, volume_dryup, weekly_volume_dryup, flags=Wide Base;Loose Structure;Wide Risk;Low Liquidity, distribution_or_weakening_risk",608,662.0,Stage 3,watchlist,weekly_watchlist,10.0,54.0,0.0,False,False,False,False,False
TANLA.NS,Tanla Platforms Limited,Software - Application,Technology,False,Cash,1,Stage 4,Stage 4,Stage 4,0.86,Price is below the 30-week trend and below long-term support structure.,,,2026-08-25,,watchlist,weekly_watchlist,watchlist,10.67,0.0,1.64,5.0,10.67,0.0,6.64,Stage 4,1.64,Neutral,Volume Drying Up,Volume Drying Up (0.34x vs 10W Avg),-1.62,Underperformed Nifty by 1.62% in 3 Months,False,-1.62,21.21,194381199.32,"Stage 4, Stage 4, volume_dryup, weekly_volume_dryup, flags=Wide Risk;Low Liquidity, downtrend",694,746.0,Stage 4,watchlist,weekly_watchlist,5.0,52.0,1.6399999999999997,False,False,False,False,False
MANKIND.NS,Mankind Pharma Limited,Drug Manufacturers - Specialty & Generic,Healthcare,True,F&O,1,Stage 2,Stage 2,Advancing,0.9,Price is above constructive weekly and long-term trend structure with improving relative strength.,,,2026-09-25,,watchlist,weekly_watchlist,watchlist,39.15,28.1,32.91,10.0,39.15,28.1,42.91,Stage 2 - Advancing,32.91,Very Strong,Volume Normal,Volume Normal (1.09x vs 10W Avg),3.04,Outperformed Nifty by 3.04% in 3 Months,True,3.04,23.96,919644877.99,"Stage 2, Advancing, trend_template_ok, flags=Wider Risk;Low Liquidity",145,197.0,Stage 2,watchlist,weekly_watchlist,41.27,52.0,1.6399999999999935,False,False,False,False,False
KIRLPNU.NS,Kirloskar Pneumatic Company Limited,Specialty Industrial Machinery,Industrials,False,Cash,1,Stage 3,Stage 3,Early,0.68,"Prior strength has shifted into a Stage 3 transition based on trend, relative strength, and volume evidence.",,,2026-07-22,,watchlist,weekly_watchlist,watchlist,0.0,0.0,4.36,10.0,0.0,0.0,14.36,Stage 3 Early,4.36,Weak,Volume Drying Up,Volume Drying Up (0.25x vs 10W Avg),-26.75,Underperformed Nifty by 26.75% in 3 Months,False,-26.75,27.84,102745213.58,"Stage 3, Early, volume_dryup, weekly_volume_dryup, flags=Wide Weekly Base;Wide Risk, distribution_or_weakening_risk",520,572.0,Stage 3,watchlist,weekly_watchlist,13.56,52.0,0.7999999999999989,False,False,False,False,False
OPTIEMUS.NS,Optiemus Infracom Limited,Technology,Technology,False,Cash,1,Stage 2,Stage 2,Extended,0.78,"Weekly advancing structure remains intact, but price is stretched versus key moving averages.",,,2026-09-25,,watchlist,weekly_watchlist,watchlist,57.43,23.0,38.45,10.0,57.43,23.0,48.45,Stage 2 - Extended,38.45,Very Strong,Volume Expanding,Volume Expanding (6.96x vs 10W Avg),65.63,Outperformed Nifty by 65.63% in 3 Months,True,65.63,162.82,1057373086.87,"Stage 2, Extended, trend_template_ok, flags=Loose Structure;Extended;Low Liquidity",87,138.0,Stage 2,watchlist,weekly_watchlist,45.66,51.0,2.7900000000000063,False,False,False,False,False
MINDACORP.NS,Minda Corporation Limited,Auto Parts,Consumer Cyclical,False,Cash,1,Stage 2,Stage 2,Advancing,0.8,Price is above constructive weekly and long-term trend structure with improving relative strength.,,,2026-09-25,,watchlist,weekly_watchlist,watchlist,36.82,17.14,24.87,5.0,36.82,17.14,29.87,Stage 2 - Advancing,24.87,Strong,Volume Drying Up,Volume Drying Up (0.26x vs 10W Avg),0.13,Outperformed Nifty by 0.13% in 3 Months,True,0.13,33.3,101187300.96,"Stage 2, Advancing, trend_template_ok, volume_dryup, weekly_volume_dryup, flags=Wide Risk;Low Liquidity",319,370.0,Stage 2,watchlist,weekly_watchlist,27.89,51.0,1.9800000000000004,False,False,False,False,False
SUPRIYA.NS,Supriya Lifescience Limited,Biotechnology,Healthcare,False,Cash,1,Stage 2,Stage 2,Advancing,0.9,Price is above constructive weekly and long-term trend structure with improving relative strength.,,,2026-09-25,,watchlist,weekly_watchlist,watchlist,54.75,19.35,38.25,5.0,54.75,19.35,43.25,Stage 2 - Advancing,38.25,Very Strong,Volume Expanding,Volume Expanding (1.50x vs 10W Avg),4.19,Outperformed Nifty by 4.19% in 3 Months,True,4.19,63.3,332962971.27,"Stage 2, Advancing, trend_template_ok, flags=Wider Risk;Low Liquidity",139,190.0,Stage 2,watchlist,weekly_watchlist,41.77,51.0,1.4799999999999969,False,False,False,False,False
MGL.NS,Mahanagar Gas Limited,Utilities,Utilities,False,Cash,1,Stage 3,Stage 3,Early,0.68,"Prior strength has shifted into a Stage 3 transition based on trend, relative strength, and volume evidence.",,,2026-08-24,,watchlist,weekly_watchlist,watchlist,11.53,37.35,22.62,0.0,11.53,37.35,22.62,Stage 3 Early,22.62,Strong,Volume Drying Up,Volume Drying Up (0.63x vs 10W Avg),-1.68,Underperformed Nifty by 1.68% in 3 Months,False,-1.68,15.21,145027290.2,"Stage 3, Early, weekly_vcp_ok, volume_dryup, weekly_volume_dryup, weekly_strong, flags=Wider Risk;Low Liquidity, distribution_or_weakening_risk",391,442.0,Stage 3,watchlist,weekly_watchlist,21.71,51.0,0.9100000000000001,False,False,False,False,False
NBCC.NS,NBCC (India) Limited,Engineering & Construction,Industrials,True,F&O,1,Stage 4,Stage 4,Stage 4,0.86,Price is below the 30-week trend and below long-term support structure.,,,,,watchlist,weekly_watchlist,watchlist,4.93,0.2,0.0,0.0,4.93,0.2,0.0,Stage 4,0.0,Weak,Volume Normal,Volume Normal (0.90x vs 10W Avg),-16.53,Underperformed Nifty by 16.53% in 3 Months,False,-16.53,-0.54,359654050.96,"Stage 4, Stage 4, flags=Wide Weekly Base;Wide Risk;Low Liquidity, downtrend",838,889.0,Stage 4,watchlist,weekly_watchlist,0.0,51.0,0.0,False,False,False,False,False
HFCL.NS,HFCL Limited,Communication Equipment,Technology,False,Cash,1,Stage 2,Stage 2,Extended,0.78,"Weekly advancing structure remains intact, but price is stretched versus key moving averages.",,,2026-09-25,,watchlist,weekly_watchlist,watchlist,49.48,19.4,13.6,10.0,49.48,19.4,23.6,Stage 2 - Extended,13.6,Strong,Volume Drying Up,Volume Drying Up (0.27x vs 10W Avg),5.85,Outperformed Nifty by 5.85% in 3 Months,True,5.85,189.64,1574524465.55,"Stage 2, Extended, trend_template_ok, volume_dryup, weekly_volume_dryup, flags=Loose Structure;Extended;Wide Risk;Circuit Risk;Low Liquidity",375,425.0,Stage 2,watchlist,weekly_watchlist,22.77,50.0,0.8300000000000018,False,False,False,False,False
DELHIVERY.NS,Delhivery Limited,Industrials,Industrials,True,F&O,1,Stage 4,Stage 4,Stage 4,0.66,Price is below weekly structure.,,,2026-08-11,,watchlist,weekly_watchlist,watchlist,4.72,33.1,13.09,0.0,4.72,33.1,13.09,Stage 4,13.09,Weak,Volume Expanding,Volume Normal (1.19x vs 10W Avg),-14.88,Underperformed Nifty by 14.88% in 3 Months,False,-14.88,-2.14,993311963.61,"Stage 4, Stage 4, weekly_vcp_ok, weekly_strong, flags=Wide Risk;Low Liquidity, downtrend",547,597.0,Stage 4,watchlist,weekly_watchlist,12.4,50.0,0.6899999999999995,False,False,False,False,False
UNICHEMLAB.NS,Unichem Laboratories Limited,Drug Manufacturers - Specialty & Generic,Healthcare,False,Cash,1,Stage 2,Stage 2,Advancing,0.9,Price is above constructive weekly and long-term trend structure with improving relative strength.,,,2026-09-25,,watchlist,weekly_watchlist,watchlist,54.82,27.8,39.92,10.0,54.82,27.8,49.92,Stage 2 - Advancing,39.92,Very Strong,Volume Drying Up,Volume Drying Up (0.74x vs 10W Avg),20.3,Outperformed Nifty by 20.3% in 3 Months,True,20.3,82.08,58727521.34,"Stage 2, Advancing, trend_template_ok, volume_dryup, weekly_volume_dryup, flags=Wide Risk;Low Liquidity",78,127.0,Stage 2,watchlist,weekly_watchlist,46.23,49.0,3.690000000000005,False,False,False,False,False
SHAREINDIA.NS,Share India Securities Limited,Capital Markets,Financial Services,False,Cash,1,Stage 2,Stage 2,Advancing,0.9,Price is above constructive weekly and long-term trend structure with improving relative strength.,,,2026-09-25,,watchlist,weekly_watchlist,watchlist,53.55,20.6,29.36,0.0,53.55,20.6,29.36,Stage 2 - Advancing,29.36,Very Strong,Volume Drying Up,Volume Drying Up (0.39x vs 10W Avg),54.24,Outperformed Nifty by 54.24% in 3 Months,True,54.24,62.59,1788582523.72,"Stage 2, Advancing, trend_template_ok, weekly_volume_dryup, flags=Loose Structure;Wide Risk;Low Liquidity",324,373.0,Stage 2,watchlist,weekly_watchlist,27.63,49.0,1.7300000000000004,False,False,False,False,False
MSUMI.NS,Motherson Sumi Wiring India Limited,Auto Parts,Consumer Cyclical,False,Cash,1,Stage 4,Stage 4,Stage 4,0.86,Price is below the 30-week trend and below long-term support structure.,,,,,watchlist,weekly_watchlist,watchlist,3.49,32.0,6.8,5.0,3.49,32.0,11.8,Stage 4,6.8,Weak,Volume Normal,Volume Normal (1.20x vs 10W Avg),-9.76,Underperformed Nifty by 9.76% in 3 Months,False,-9.76,-2.5,390277060.97,"Stage 4, Stage 4, weekly_vcp_ok, weekly_strong, flags=Wide Risk;Low Liquidity, downtrend",580,629.0,Stage 4,watchlist,weekly_watchlist,10.81,49.0,0.9900000000000002,False,False,False,False,False
PGEL.NS,PG Electroplast Limited,Electronic Components,Technology,True,F&O,1,Stage 3,Stage 3,Early,0.68,"Prior strength has shifted into a Stage 3 transition based on trend, relative strength, and volume evidence.",,,2026-09-04,,watchlist,weekly_watchlist,watchlist,0.0,36.94,7.98,10.0,0.0,36.94,17.98,Stage 3 Early,7.98,Weak,Volume Drying Up,Volume Drying Up (0.43x vs 10W Avg),-4.49,Underperformed Nifty by 4.49% in 3 Months,False,-4.49,13.87,442173811.69,"Stage 3, Early, weekly_vcp_ok, volume_dryup, weekly_volume_dryup, weekly_strong, flags=Wide Risk;Low Liquidity, distribution_or_weakening_risk",447,496.0,Failed Stage 2,watchlist,weekly_watchlist,17.56,49.0,0.4200000000000017,False,False,False,False,False
WELSPUNLIV.NS,Welspun Living Limited,Textile Manufacturing,Consumer Cyclical,False,Cash,1,Stage 2,Stage 2,Extended,0.78,"Weekly advancing structure remains intact, but price is stretched versus key moving averages.",,,2026-09-25,,watchlist,weekly_watchlist,watchlist,35.71,29.8,30.26,10.0,35.71,29.8,40.26,Stage 2 - Extended,30.26,Very Strong,Volume Drying Up,Volume Normal (0.94x vs 10W Avg),41.82,Outperformed Nifty by 41.82% in 3 Months,True,41.82,98.94,950049565.48,"Stage 2, Extended, trend_template_ok, volume_dryup, flags=Loose Structure;Extended;Wider Risk;Low Liquidity",187,235.0,Stage 2,watchlist,weekly_watchlist,38.41,48.0,1.8500000000000014,False,False,False,False,False
LUPIN.NS,Lupin Limited,Drug Manufacturers - Specialty & Generic,Healthcare,True,F&O,1,Stage 4,Stage 4,Stage 4,0.66,Price is below weekly structure.,,,2026-08-10,,watchlist,weekly_watchlist,watchlist,4.3,0.0,0.0,10.0,4.3,0.0,10.0,Stage 4,0.0,Weak,Volume Drying Up,Volume Drying Up (0.62x vs 10W Avg),-8.34,Underperformed Nifty by 8.34% in 3 Months,False,-8.34,-6.43,1367934987.09,"Stage 4, Stage 4, volume_dryup, weekly_volume_dryup, flags=Wide Risk;Low Liquidity, downtrend",611,659.0,Stage 4,watchlist,weekly_watchlist,10.0,48.0,0.0,False,False,False,False,False
VGUARD.NS,V-Guard Industries Limited,Electrical Equipment & Parts,Industrials,False,Cash,1,Stage 1,Stage 1,Stage 1,0.64,Price is building a base around long-term weekly structure without a confirmed advancing phase.,,,,,watchlist,weekly_watchlist,watchlist,12.36,40.43,21.19,10.0,12.36,40.43,31.19,Stage 1,21.19,Neutral,Volume Drying Up,Volume Drying Up (0.20x vs 10W Avg),4.26,Outperformed Nifty by 4.26% in 3 Months,False,4.26,0.04,139368186.94,"Stage 1, Stage 1, weekly_vcp_ok, volume_dryup, weekly_volume_dryup, weekly_strong, flags=Wide Risk;Low Liquidity, stage1_not_actionable, stage1_needs_more_base",303,350.0,Stage 1,watchlist,weekly_watchlist,29.45,47.0,1.740000000000002,False,False,False,False,False
STEELCAS.NS,Steelcast Limited,Steel,Basic Materials,False,Cash,1,Stage 2,Stage 2,Advancing,0.9,Price is above constructive weekly and long-term trend structure with improving relative strength.,,,2026-09-25,,watchlist,weekly_watchlist,watchlist,35.15,32.2,33.09,10.0,35.15,32.2,43.09,Stage 2 - Advancing,33.09,Very Strong,Volume Expanding,Volume Expanding (3.94x vs 10W Avg),29.09,Outperformed Nifty by 29.09% in 3 Months,True,29.09,59.65,80958883.05,"Stage 2, Advancing, trend_template_ok, flags=Wider Risk;Low Liquidity",142,189.0,Stage 2,watchlist,weekly_watchlist,41.83,47.0,1.2600000000000051,False,False,False,False,False
SETL.NS,Standard Engineering Technology Limited,Specialty Industrial Machinery,Industrials,False,Cash,1,Stage 2,Stage 2,Extended,0.78,"Weekly advancing structure remains intact, but price is stretched versus key moving averages.",,,2026-09-25,,watchlist,weekly_breakout,watchlist,33.27,61.6,17.55,10.0,33.27,61.6,27.55,Stage 2 - Extended,17.55,Very Strong,Volume Drying Up,Volume Drying Up (0.67x vs 10W Avg),47.63,Outperformed Nifty by 47.63% in 3 Months,True,47.63,250.4,414759677.09,"Stage 2, Extended, trend_template_ok, weekly_vcp_ok, volume_dryup, weekly_volume_dryup, weekly_strong, flags=Wide Weekly Base;Loose Structure;Extended;Wide Risk;Circuit Risk;Low Liquidity",341,388.0,Stage 2,watchlist,weekly_breakout,26.4,47.0,1.1500000000000021,False,False,False,False,False
ANANDRATHI.NS,Anand Rathi Wealth Limited,Asset Management,Financial Services,False,Cash,1,Stage 2,Stage 2,Advancing,0.8,Price is above constructive weekly and long-term trend structure with improving relative strength.,,,2026-09-25,,watchlist,weekly_watchlist,watchlist,35.47,32.73,32.14,0.0,35.47,32.73,32.14,Stage 2 - Advancing,32.14,Very Strong,Volume Expanding,Volume Expanding (1.64x vs 10W Avg),12.97,Outperformed Nifty by 12.97% in 3 Months,True,12.97,36.31,588294728.11,"Stage 2, Advancing, trend_template_ok, flags=Low Liquidity",284,331.0,Stage 2,watchlist,weekly_watchlist,31.15,47.0,0.990000000000002,False,False,False,False,False
IREDA.NS,Indian Renewable Energy Development Agency Limited,Credit Services,Financial Services,True,F&O,1,Stage 4,Stage 4,Stage 4,0.86,Price is below the 30-week trend and below long-term support structure.,,,,,watchlist,weekly_watchlist,watchlist,0.0,32.0,12.18,2.0,0.0,32.0,14.18,Stage 4,12.18,Weak,Volume Expanding,Volume Expanding (1.73x vs 10W Avg),-5.0,Underperformed Nifty by 5.0% in 3 Months,False,-5.0,2.82,488160997.12,"Stage 4, Stage 4, weekly_vcp_ok, weekly_strong, flags=Low Liquidity, downtrend",526,573.0,Stage 4,watchlist,weekly_watchlist,13.47,47.0,0.7099999999999991,False,False,False,False,False
MAHSEAMLES.NS,Maharashtra Seamless Limited,Steel,Basic Materials,False,Cash,1,Stage 2,Stage 2,Advancing,0.9,Price is above constructive weekly and long-term trend structure with improving relative strength.,,,2026-09-25,,watchlist,weekly_watchlist,watchlist,35.24,31.45,32.57,10.0,35.24,31.45,42.57,Stage 2 - Advancing,32.57,Very Strong,Volume Normal,Volume Normal (0.86x vs 10W Avg),24.98,Outperformed Nifty by 24.98% in 3 Months,True,24.98,25.52,301280165.55,"Stage 2, Advancing, trend_template_ok, weekly_volume_dryup, flags=Loose Structure;Wider Risk;Low Liquidity",153,199.0,Stage 2,watchlist,weekly_watchlist,41.19,46.0,1.3800000000000026,False,False,False,False,False
CIEINDIA.NS,CIE Automotive India Limited,Auto Parts,Consumer Cyclical,False,Cash,1,Stage 4,Stage 4,Stage 4,0.66,Price is below weekly structure.,,,,,watchlist,weekly_watchlist,watchlist,0.0,0.2,1.24,5.0,0.0,0.2,6.24,Stage 4,1.24,Weak,Volume Drying Up,Volume Drying Up (0.60x vs 10W Avg),-14.04,Underperformed Nifty by 14.04% in 3 Months,False,-14.04,-12.27,95280866.84,"Stage 4, Stage 4, volume_dryup, weekly_volume_dryup, flags=Low Liquidity, downtrend",702,748.0,Stage 4,watchlist,weekly_watchlist,5.0,46.0,1.2400000000000002,False,False,False,False,False
ASTRAL.NS,Astral Limited,Building Products & Equipment,Industrials,True,F&O,1,Stage 1,Stage 1,Stage 1,0.64,Price is building a base around long-term weekly structure without a confirmed advancing phase.,,,2026-08-13,,watchlist,weekly_watchlist,watchlist,0.0,40.0,13.69,0.0,0.0,40.0,13.69,Stage 1,13.69,Weak,Volume Drying Up,Volume Drying Up (0.37x vs 10W Avg),5.8,Outperformed Nifty by 5.8% in 3 Months,False,5.8,-9.38,866264624.6,"Stage 1, Stage 1, weekly_vcp_ok, volume_dryup, weekly_volume_dryup, weekly_strong, flags=Wide Risk;Low Liquidity, stage1_not_actionable, stage1_needs_more_base",541,587.0,Stage 1,watchlist,weekly_watchlist,12.8,46.0,0.8899999999999988,False,False,False,False,False
CDSL.NS,Central Depository Services (India) Limited,Capital Markets,Financial Services,True,F&O,1,Stage 3,Stage 3,Early,0.68,"Prior strength has shifted into a Stage 3 transition based on trend, relative strength, and volume evidence.",,,,,watchlist,weekly_watchlist,watchlist,10.58,37.33,20.35,0.0,10.58,37.33,20.35,Stage 3 Early,20.35,Neutral,Volume Drying Up,Volume Drying Up (0.78x vs 10W Avg),1.4,Outperformed Nifty by 1.4% in 3 Months,False,1.4,11.91,1486978299.27,"Stage 3, Early, weekly_vcp_ok, weekly_volume_dryup, weekly_strong, flags=Wider Risk;Low Liquidity, distribution_or_weakening_risk",419,464.0,Stage 3,watchlist,weekly_watchlist,19.22,45.0,1.1300000000000026,False,False,False,False,False
SUNDARMFIN.NS,Sundaram Finance Limited,Credit Services,Financial Services,False,Cash,1,Stage 4,Stage 4,Stage 4,0.66,Price is below weekly structure.,,,,,watchlist,weekly_watchlist,watchlist,0.0,32.36,14.25,2.0,0.0,32.36,16.25,Stage 4,14.25,Strong,Volume Normal,Volume Normal (0.95x vs 10W Avg),2.66,Outperformed Nifty by 2.66% in 3 Months,False,2.66,0.91,199606253.79,"Stage 4, Stage 4, weekly_vcp_ok, weekly_strong, flags=Wider Risk;Low Liquidity, downtrend",484,529.0,Stage 4,watchlist,weekly_watchlist,15.94,45.0,0.3100000000000005,False,False,False,False,False
ORISSAMINE.NS,The Orissa Minerals Development Company Limited,Steel,Basic Materials,False,Cash,1,Stage 4,Stage 4,Stage 4,0.86,Price is below the 30-week trend and below long-term support structure.,,,,,watchlist,weekly_watchlist,watchlist,0.0,32.84,4.98,10.0,0.0,32.84,14.98,Stage 4,4.98,Weak,Volume Drying Up,Volume Drying Up (0.21x vs 10W Avg),-2.59,Underperformed Nifty by 2.59% in 3 Months,False,-2.59,11.02,29302418.1,"Stage 4, Stage 4, weekly_vcp_ok, volume_dryup, weekly_volume_dryup, weekly_strong, flags=Wide Weekly Base;Loose Structure;Wider Risk;Low Liquidity, downtrend",508,552.0,Stage 4,watchlist,weekly_watchlist,14.76,44.0,0.22000000000000064,False,False,False,False,False
SUNFLAG.NS,Sunflag Iron And Steel Company Limited,Steel,Basic Materials,False,Cash,1,Stage 2,Stage 2,Extended,0.78,"Weekly advancing structure remains intact, but price is stretched versus key moving averages.",,,2026-09-25,,watchlist,weekly_watchlist,watchlist,61.8,24.2,34.31,10.0,61.8,24.2,44.31,Stage 2 - Extended,34.31,Very Strong,Volume Expanding,Volume Expanding (6.77x vs 10W Avg),31.9,Outperformed Nifty by 31.9% in 3 Months,True,31.9,112.61,233717077.65,"Stage 2, Extended, trend_template_ok, flags=Loose Structure;Extended;Wide Risk;Low Liquidity",123,166.0,Stage 2,watchlist,weekly_watchlist,43.48,43.0,0.8300000000000054,False,False,False,False,False
INGERRAND.NS,Ingersoll Rand (India) Limited,Specialty Industrial Machinery,Industrials,False,Cash,1,Failed Stage 2,Stage 1,Failed Stage 2,0.72,"This stock was recently Stage 2, but the latest structure no longer satisfies Stage 2 rules. It is kept as Failed Stage 2 until a fresh base/repair structure forms.",Recent Stage 2 break; public stage held as Failed Stage 2.,2026-09-28,2026-09-15,,watchlist,weekly_watchlist,watchlist,0.0,41.87,14.48,10.0,0.0,41.87,24.48,Failed Stage 2,14.48,Neutral,Volume Drying Up,Volume Drying Up (0.71x vs 10W Avg),0.11,Outperformed Nifty by 0.11% in 3 Months,False,0.11,18.61,105604654.35,"Stage 1, Stage 1, weekly_vcp_ok, weekly_volume_dryup, weekly_strong, flags=Wide Risk;Low Liquidity, stage1_not_actionable, stage1_needs_more_base | Stage 2 failed state applied from stage memory.",371,414.0,Failed Stage 2,watchlist,weekly_watchlist,23.69,43.0,0.7899999999999991,False,False,False,False,False
GAIL.NS,GAIL (India) Limited,Utilities,Utilities,True,F&O,1,Stage 2,Stage 2,Advancing,0.8,Price is above constructive weekly and long-term trend structure with improving relative strength.,,,2026-09-25,,watchlist,weekly_near_pivot,watchlist,39.36,66.86,49.29,0.0,39.36,66.86,49.29,Stage 2 - Advancing,49.29,Very Strong,Volume Drying Up,Volume Drying Up (0.81x vs 10W Avg),4.34,Outperformed Nifty by 4.34% in 3 Months,False,4.34,24.29,981137864.71,"Stage 2, Advancing, daily_vcp_ok, weekly_vcp_ok, volume_dryup, weekly_volume_dryup, weekly_strong, flags=Low Liquidity",82,124.0,Stage 2,watchlist,weekly_near_pivot,46.48,42.0,2.8100000000000023,False,False,False,False,False
DBCORP.NS,D.B.Corp Limited,Communication Services,Communication Services,False,Cash,1,Stage 4,Stage 4,Stage 4,0.86,Price is below the 30-week trend and below long-term support structure.,,,,,watchlist,weekly_watchlist,watchlist,0.0,32.0,7.57,5.0,0.0,32.0,12.57,Stage 4,7.57,Weak,Volume Drying Up,Volume Drying Up (0.50x vs 10W Avg),-3.87,Underperformed Nifty by 3.87% in 3 Months,False,-3.87,-2.84,11560155.16,"Stage 4, Stage 4, weekly_vcp_ok, volume_dryup, weekly_volume_dryup, weekly_strong, flags=Wide Risk;Low Liquidity, downtrend",563,605.0,Stage 4,watchlist,weekly_watchlist,12.06,42.0,0.5099999999999998,False,False,False,False,False
SHAKTIPUMP.NS,Shakti Pumps (India) Limited,Specialty Industrial Machinery,Industrials,False,Cash,1,Stage 4,Stage 4,Stage 4,0.86,Price is below the 30-week trend and below long-term support structure.,,,,,watchlist,weekly_watchlist,watchlist,7.98,32.0,6.78,10.0,7.98,32.0,16.78,Stage 4,6.78,Weak,Volume Drying Up,Volume Drying Up (0.51x vs 10W Avg),-13.77,Underperformed Nifty by 13.77% in 3 Months,False,-13.77,-3.75,535220141.43,"Stage 4, Stage 4, weekly_vcp_ok, volume_dryup, weekly_volume_dryup, weekly_strong, flags=Wide Weekly Base;Wide Risk;Low Liquidity, downtrend",476,518.0,Stage 4,watchlist,weekly_watchlist,16.38,42.0,0.40000000000000213,False,False,False,False,False
WHIRLPOOL.NS,Whirlpool of India Limited,"Furnishings, Fixtures & Appliances",Consumer Cyclical,False,Cash,1,Stage 1,Stage 1,Stage 1,0.68,Price is building a base around long-term weekly structure without a confirmed advancing phase.,,,,,watchlist,weekly_watchlist,watchlist,7.32,43.44,22.07,0.0,7.32,43.44,22.07,Stage 1,22.07,Very Strong,Volume Expanding,Volume Expanding (7.46x vs 10W Avg),18.84,Outperformed Nifty by 18.84% in 3 Months,False,18.84,15.54,2438011569.78,"Stage 1, Stage 1, weekly_vcp_ok, weekly_strong, flags=Loose Structure;Wider Risk;Low Liquidity, stage1_not_actionable, stage1_needs_more_base",398,440.0,Not Sure,watchlist,weekly_watchlist,21.92,42.0,0.14999999999999858,False,False,False,False,False
HDFCLIFE.NS,HDFC Life Insurance Company Limited,Insurance - Life,Financial Services,True,F&O,1,Stage 4,Stage 4,Stage 4,0.86,Price is below the 30-week trend and below long-term support structure.,,,,,watchlist,weekly_watchlist,watchlist,0.0,31.3,0.07,0.0,0.0,31.3,0.07,Stage 4,0.07,Weak,Volume Expanding,Volume Expanding (1.57x vs 10W Avg),-1.85,Underperformed Nifty by 1.85% in 3 Months,False,-1.85,-3.5,2356989744.82,"Stage 4, Stage 4, weekly_vcp_ok, weekly_strong, flags=Wide Risk;Low Liquidity, downtrend",825,867.0,Stage 4,watchlist,weekly_watchlist,0.0,42.0,0.07,False,False,False,False,False
NH.NS,Narayana Hrudayalaya Ltd.,Medical Care Facilities,Healthcare,False,Cash,1,Stage 3,Stage 3,Late,0.76,"Prior strength has shifted into a Stage 3 transition based on trend, relative strength, and volume evidence.",,,2026-07-31,,watchlist,weekly_watchlist,watchlist,11.66,1.15,0.0,2.0,11.66,1.15,2.0,Stage 3 Late,0.0,Neutral,Volume Drying Up,Volume Drying Up (0.36x vs 10W Avg),-3.05,Underperformed Nifty by 3.05% in 3 Months,False,-3.05,14.51,327042579.17,"Stage 3, Late, volume_dryup, weekly_volume_dryup, flags=Wide Risk;Low Liquidity, distribution_or_weakening_risk",781,823.0,Stage 3,watchlist,weekly_watchlist,2.0,42.0,0.0,False,False,False,False,False
GLAXO.NS,GlaxoSmithKline Pharmaceuticals Limited,Drug Manufacturers - General,Healthcare,False,Cash,1,Stage 2,Stage 2,Advancing,0.9,Price is above constructive weekly and long-term trend structure with improving relative strength.,,,2026-09-25,,watchlist,weekly_near_pivot,watchlist,40.63,69.58,48.82,5.0,40.63,69.58,53.82,Stage 2 - Advancing,48.82,Very Strong,Volume Drying Up,Volume Normal (1.22x vs 10W Avg),25.0,Outperformed Nifty by 25.0% in 3 Months,True,25.0,30.75,226510017.69,"Stage 2, Advancing, trend_template_ok, weekly_vcp_ok, volume_dryup, weekly_strong, flags=Wider Risk;Low Liquidity",51,92.0,Stage 2,watchlist,weekly_forming,49.68,41.0,4.140000000000001,False,False,False,False,False
CEIGALL.NS,Ceigall India Limited,Engineering & Construction,Industrials,False,Cash,1,Stage 2,Stage 2,Advancing,0.9,Price is above constructive weekly and long-term trend structure with improving relative strength.,,,2026-09-25,,watchlist,weekly_watchlist,watchlist,58.54,22.81,42.27,0.0,58.54,22.81,42.27,Stage 2 - Advancing,42.27,Very Strong,Volume Drying Up,Volume Drying Up (0.63x vs 10W Avg),3.43,Outperformed Nifty by 3.43% in 3 Months,True,3.43,38.66,191850119.69,"Stage 2, Advancing, trend_template_ok, volume_dryup, weekly_volume_dryup, flags=Wider Risk;Low Liquidity",157,198.0,Stage 2,watchlist,weekly_watchlist,41.24,41.0,1.0300000000000011,False,False,False,False,False
HAVELLS.NS,Havells India Limited,Electrical Equipment & Parts,Industrials,True,F&O,1,Stage 4,Stage 4,Stage 4,0.86,Price is below the 30-week trend and below long-term support structure.,,,,,watchlist,weekly_watchlist,watchlist,0.0,32.0,4.54,10.0,0.0,32.0,14.54,Stage 4,4.54,Weak,Volume Drying Up,Volume Drying Up (0.50x vs 10W Avg),-3.46,Underperformed Nifty by 3.46% in 3 Months,False,-3.46,-5.38,862445403.63,"Stage 4, Stage 4, weekly_vcp_ok, volume_dryup, weekly_volume_dryup, weekly_strong, flags=Wide Risk;Low Liquidity, downtrend",516,557.0,Stage 4,watchlist,weekly_watchlist,14.31,41.0,0.22999999999999865,False,False,False,False,False
DOMS.NS,DOMS Industries Limited,Industrials,Industrials,False,Cash,1,Stage 4,Stage 4,Stage 4,0.66,Price is below weekly structure.,,,,,watchlist,weekly_watchlist,watchlist,10.2,34.9,24.91,0.0,10.2,34.9,24.91,Stage 4,24.91,Weak,Volume Drying Up,Volume Drying Up (0.53x vs 10W Avg),-5.34,Underperformed Nifty by 5.34% in 3 Months,False,-5.34,-8.55,89129218.32,"Stage 4, Stage 4, weekly_vcp_ok, volume_dryup, weekly_volume_dryup, weekly_strong, flags=Wide Risk, downtrend",364,405.0,Stage 4,watchlist,weekly_watchlist,24.85,41.0,0.05999999999999872,False,False,False,False,False
SIYSIL.NS,Siyaram Silk Mills Limited,Textile Manufacturing,Consumer Cyclical,False,Cash,1,Stage 4,Stage 4,Stage 4,0.86,Price is below the 30-week trend and below long-term support structure.,,,2026-08-20,,watchlist,weekly_watchlist,watchlist,0.0,32.49,7.07,10.0,0.0,32.49,17.07,Stage 4,7.07,Weak,Volume Drying Up,Volume Drying Up (0.36x vs 10W Avg),-10.05,Underperformed Nifty by 10.05% in 3 Months,False,-10.05,15.0,16138575.38,"Stage 4, Stage 4, weekly_vcp_ok, volume_dryup, weekly_volume_dryup, weekly_strong, flags=Wide Weekly Base;Wider Risk;Low Liquidity, downtrend",466,507.0,Stage 4,watchlist,weekly_watchlist,17.07,41.0,0.0,False,False,False,False,False
NRBBEARING.NS,NRB Bearing Limited,Auto Parts,Consumer Cyclical,False,Cash,1,Stage 2,Stage 2,Extended,0.78,"Weekly advancing structure remains intact, but price is stretched versus key moving averages.",,,2026-09-25,,watchlist,weekly_watchlist,watchlist,57.9,21.8,36.09,5.0,57.9,21.8,41.09,Stage 2 - Extended,36.09,Very Strong,Volume Expanding,Volume Normal (1.17x vs 10W Avg),28.79,Outperformed Nifty by 28.79% in 3 Months,True,28.79,132.25,534978438.32,"Stage 2, Extended, trend_template_ok, flags=Loose Structure;Extended;Wide Risk;Low Liquidity",172,212.0,Stage 2,watchlist,weekly_watchlist,39.88,40.0,1.2100000000000009,False,False,False,False,False
TEXRAIL.NS,Texmaco Rail & Engineering Limited,Industrials,Industrials,False,Cash,1,Stage 1,Stage 1,Stage 1,0.68,Price is building a base around long-term weekly structure without a confirmed advancing phase.,,,,,watchlist,weekly_watchlist,watchlist,14.45,57.68,32.33,0.0,14.45,57.68,32.33,Stage 1,32.33,Very Strong,Volume Expanding,Volume Expanding (2.26x vs 10W Avg),15.35,Outperformed Nifty by 15.35% in 3 Months,False,15.35,40.48,402664763.28,"Stage 1, Stage 1, stage1_base_ready, weekly_vcp_ok, weekly_strong, flags=Wide Weekly Base;Wide Risk;Low Liquidity, stage1_not_actionable",280,320.0,Not Sure,watchlist,weekly_watchlist,32.2,40.0,0.12999999999999545,False,False,False,False,False
JAIBALAJI.NS,Jai Balaji Industries Limited,Steel,Basic Materials,False,Cash,1,Stage 1,Stage 1,Stage 1,0.64,Price is building a base around long-term weekly structure without a confirmed advancing phase.,,,,,watchlist,weekly_watchlist,watchlist,3.69,8.47,0.0,10.0,3.69,8.47,10.0,Stage 1,0.0,Neutral,Volume Drying Up,Volume Drying Up (0.63x vs 10W Avg),-1.22,Underperformed Nifty by 1.22% in 3 Months,False,-1.22,11.97,45645103.96,"Stage 1, Stage 1, volume_dryup, weekly_volume_dryup, flags=Wide Weekly Base;Wide Risk;Low Liquidity, stage1_not_actionable, stage1_needs_more_base",614,654.0,Stage 1,watchlist,weekly_watchlist,10.0,40.0,0.0,False,False,False,False,False
BALAMINES.NS,Balaji Amines Limited,Specialty Chemicals,Basic Materials,False,Cash,1,Stage 2,Stage 2,Advancing,0.8,Price is above constructive weekly and long-term trend structure with improving relative strength.,,,2026-09-25,,watchlist,weekly_watchlist,watchlist,41.77,21.8,25.69,5.0,41.77,21.8,30.69,Stage 2 - Advancing,25.69,Strong,Volume Drying Up,Volume Drying Up (0.67x vs 10W Avg),2.11,Outperformed Nifty by 2.11% in 3 Months,True,2.11,105.42,494240139.7,"Stage 2, Advancing, trend_template_ok, volume_dryup, weekly_volume_dryup, flags=Wide Risk;Low Liquidity",310,349.0,Stage 2,watchlist,weekly_watchlist,29.57,39.0,1.120000000000001,False,False,False,False,False
PGHL.NS,Procter & Gamble Health Limited,Drug Manufacturers - Specialty & Generic,Healthcare,False,Cash,1,Stage 3,Stage 3,Early,0.68,"Prior strength has shifted into a Stage 3 transition based on trend, relative strength, and volume evidence.",,,2026-08-11,,watchlist,weekly_watchlist,watchlist,0.0,0.27,0.99,10.0,0.0,0.27,10.99,Stage 3 Early,0.99,Weak,Volume Drying Up,Volume Drying Up (0.70x vs 10W Avg),-10.69,Underperformed Nifty by 10.69% in 3 Months,False,-10.69,15.41,41910100.3,"Stage 3, Early, volume_dryup, weekly_volume_dryup, flags=Wider Risk;Low Liquidity, distribution_or_weakening_risk",591,630.0,Stage 3,watchlist,weekly_watchlist,10.78,39.0,0.21000000000000085,False,False,False,False,False
M&MFIN.NS,Mahindra & Mahindra Financial Services Limited,Credit Services,Financial Services,False,Cash,1,Failed Stage 2,Stage 3,Failed Stage 2,0.72,"This stock was recently Stage 2, but the latest structure no longer satisfies Stage 2 rules. It is kept as Failed Stage 2 until a fresh base/repair structure forms.",Recent Stage 2 break; public stage held as Failed Stage 2.,2026-09-28,2026-09-15,,watchlist,weekly_watchlist,watchlist,0.0,39.3,14.61,2.0,0.0,39.3,16.61,Failed Stage 2,14.61,Strong,Volume Drying Up,Volume Drying Up (0.34x vs 10W Avg),11.78,Outperformed Nifty by 11.78% in 3 Months,False,11.78,21.22,614956921.48,"Stage 3, Early, weekly_vcp_ok, volume_dryup, weekly_volume_dryup, weekly_strong, flags=Wide Risk;Low Liquidity, distribution_or_weakening_risk | Stage 2 failed state applied from stage memory.",478,517.0,Failed Stage 2,watchlist,weekly_watchlist,16.44,39.0,0.16999999999999815,False,False,False,False,False
BHARTIARTL.NS,Bharti Airtel Limited,Telecom Services,Communication Services,True,F&O,1,Stage 1,Stage 1,Stage 1,0.64,Price is building a base around long-term weekly structure without a confirmed advancing phase.,,,,,watchlist,weekly_watchlist,watchlist,9.65,40.32,17.96,0.0,9.65,40.32,17.96,Stage 1,17.96,Weak,Volume Drying Up,Volume Drying Up (0.72x vs 10W Avg),0.77,Outperformed Nifty by 0.77% in 3 Months,False,0.77,2.48,9479461025.31,"Stage 1, Stage 1, weekly_vcp_ok, weekly_volume_dryup, weekly_strong, flags=Wide Risk;Low Liquidity, stage1_not_actionable, stage1_needs_more_base",448,487.0,Stage 1,watchlist,weekly_watchlist,17.87,39.0,0.08999999999999986,False,False,False,False,False
VSTIND.NS,VST Industries Limited,Consumer Defensive,Consumer Defensive,False,Cash,1,Stage 4,Stage 4,Stage 4,0.66,Price is below weekly structure.,,,,,watchlist,weekly_watchlist,watchlist,0.0,0.2,0.0,0.0,0.0,0.2,0.0,Stage 4,0.0,Weak,Volume Drying Up,Volume Drying Up (0.63x vs 10W Avg),-13.34,Underperformed Nifty by 13.34% in 3 Months,False,-13.34,1.21,21805154.97,"Stage 4, Stage 4, volume_dryup, weekly_volume_dryup, flags=Wide Risk;Low Liquidity, downtrend",880,919.0,Stage 4,watchlist,weekly_watchlist,0.0,39.0,0.0,False,False,False,False,False
VESUVIUS.NS,Vesuvius India Limited,Specialty Industrial Machinery,Industrials,False,Cash,1,Stage 4,Stage 4,Stage 4,0.86,Price is below the 30-week trend and below long-term support structure.,,,,,watchlist,weekly_watchlist,watchlist,0.0,32.0,4.81,10.0,0.0,32.0,14.81,Stage 4,4.81,Weak,Volume Normal,Volume Normal (1.08x vs 10W Avg),-13.57,Underperformed Nifty by 13.57% in 3 Months,False,-13.57,-13.44,27705241.53,"Stage 4, Stage 4, weekly_vcp_ok, weekly_strong, flags=Wide Risk;Low Liquidity, downtrend",511,550.0,Stage 4,watchlist,weekly_watchlist,14.84,39.0,-0.02999999999999936,False,False,False,False,False
RPEL.NS,Raghav Productivity Enhancers Limited,Chemicals,Basic Materials,False,Cash,1,Stage 2,Stage 2,Extended,0.78,"Weekly advancing structure remains intact, but price is stretched versus key moving averages.",,,2026-09-25,,watchlist,weekly_watchlist,watchlist,33.6,20.6,20.36,5.0,33.6,20.6,25.36,Stage 2 - Extended,20.36,Very Strong,Volume Drying Up,Volume Drying Up (0.55x vs 10W Avg),36.69,Outperformed Nifty by 36.69% in 3 Months,True,36.69,174.83,213441749.35,"Stage 2, Extended, trend_template_ok, weekly_volume_dryup, flags=Loose Structure;Extended;Wide Risk;Low Liquidity",359,398.0,Stage 2,watchlist,weekly_watchlist,25.5,39.0,-0.14000000000000057,False,False,False,False,False
CRAFTSMAN.NS,Craftsman Automation Limited,Auto Parts,Consumer Cyclical,False,Cash,1,Stage 2,Stage 2,Advancing,0.8,Price is above constructive weekly and long-term trend structure with improving relative strength.,,,2026-09-25,,watchlist,weekly_watchlist,watchlist,46.86,28.53,34.43,5.0,46.86,28.53,39.43,Stage 2 - Advancing,34.43,Very Strong,Volume Normal,Volume Normal (0.88x vs 10W Avg),18.81,Outperformed Nifty by 18.81% in 3 Months,True,18.81,56.5,630034755.05,"Stage 2, Advancing, trend_template_ok, weekly_volume_dryup, flags=Loose Structure;Low Liquidity",199,237.0,Stage 2,watchlist,weekly_watchlist,38.31,38.0,1.1199999999999974,False,False,False,False,False
AEGISVOPAK.NS,Aegis Vopak Terminals Limited,Energy,Energy,False,Cash,1,Stage 2,Stage 2,Advancing,0.9,Price is above constructive weekly and long-term trend structure with improving relative strength.,,,2026-09-25,,watchlist,weekly_watchlist,watchlist,36.51,33.4,30.87,5.0,36.51,33.4,35.87,Stage 2 - Advancing,30.87,Very Strong,Volume Normal,Volume Normal (1.26x vs 10W Avg),32.39,Outperformed Nifty by 32.39% in 3 Months,True,32.39,78.38,590931017.27,"Stage 2, Advancing, trend_template_ok, flags=Wide Risk;Low Liquidity",243,281.0,Stage 2,watchlist,weekly_watchlist,35.2,38.0,0.6699999999999946,False,False,False,False,False
BLACKBUCK.NS,BLACKBUCK LIMITED,Software - Application,Technology,False,Cash,1,Stage 1,Stage 1,Stage 1,0.68,Price is building a base around long-term weekly structure without a confirmed advancing phase.,,,,,watchlist,weekly_watchlist,watchlist,11.56,53.14,30.88,5.0,11.56,53.14,35.88,Stage 1,30.88,Strong,Volume Normal,Volume Normal (1.27x vs 10W Avg),14.29,Outperformed Nifty by 14.29% in 3 Months,False,14.29,7.1,512660809.54,"Stage 1, Stage 1, stage1_base_ready, weekly_vcp_ok, weekly_strong, flags=Wider Risk;Low Liquidity, stage1_not_actionable",241,279.0,Stage 1,watchlist,weekly_watchlist,35.25,38.0,0.6300000000000026,False,False,False,False,False
HINDPETRO.NS,Hindustan Petroleum Corporation Limited,Oil & Gas Refining & Marketing,Energy,True,F&O,1,Stage 4,Stage 4,Stage 4,0.86,Price is below the 30-week trend and below long-term support structure.,,,,,watchlist,weekly_watchlist,watchlist,7.69,32.79,10.7,5.0,7.69,32.79,15.7,Stage 4,10.7,Weak,Volume Drying Up,Volume Drying Up (0.76x vs 10W Avg),-4.77,Underperformed Nifty by 4.77% in 3 Months,False,-4.77,12.72,1299768396.01,"Stage 4, Stage 4, weekly_vcp_ok, volume_dryup, weekly_volume_dryup, weekly_strong, flags=Wide Risk;Low Liquidity, downtrend",499,537.0,Stage 4,watchlist,weekly_watchlist,15.45,38.0,0.25,False,False,False,False,False
MAXHEALTH.NS,Max Healthcare Institute Limited,Medical Care Facilities,Healthcare,True,F&O,1,Stage 3,Stage 3,Early,0.68,"Prior strength has shifted into a Stage 3 transition based on trend, relative strength, and volume evidence.",,,,,watchlist,weekly_watchlist,watchlist,11.05,38.43,15.91,2.0,11.05,38.43,17.91,Stage 3 Early,15.91,Neutral,Volume Normal,Volume Normal (1.04x vs 10W Avg),-6.03,Underperformed Nifty by 6.03% in 3 Months,False,-6.03,8.32,1908693488.85,"Stage 3, Early, weekly_vcp_ok, weekly_strong, flags=Wide Risk;Low Liquidity, distribution_or_weakening_risk",452,490.0,Not Sure,watchlist,weekly_watchlist,17.7,38.0,0.21000000000000085,False,False,False,False,False
LUMAXTECH.NS,Lumax Auto Technologies Limited,Auto Parts,Consumer Cyclical,False,Cash,1,Stage 2,Stage 2,Advancing,0.9,Price is above constructive weekly and long-term trend structure with improving relative strength.,,,2026-09-25,,watchlist,weekly_watchlist,watchlist,37.6,32.16,29.28,5.0,37.6,32.16,34.28,Stage 2 - Advancing,29.28,Very Strong,Volume Drying Up,Volume Drying Up (0.49x vs 10W Avg),38.98,Outperformed Nifty by 38.98% in 3 Months,True,38.98,28.57,277632683.23,"Stage 2, Advancing, trend_template_ok, volume_dryup, weekly_volume_dryup, flags=Loose Structure;Wide Risk;Low Liquidity",260,298.0,Stage 2,watchlist,weekly_watchlist,34.14,38.0,0.14000000000000057,False,False,False,False,False
PFIZER.NS,Pfizer Limited,Drug Manufacturers - General,Healthcare,False,Cash,1,Stage 4,Stage 4,Stage 4,0.86,Price is below the 30-week trend and below long-term support structure.,,,,,watchlist,weekly_watchlist,watchlist,3.55,33.1,7.91,5.0,3.55,33.1,12.91,Stage 4,7.91,Weak,Volume Drying Up,Volume Drying Up (0.33x vs 10W Avg),-4.06,Underperformed Nifty by 4.06% in 3 Months,False,-4.06,-14.65,215867858.85,"Stage 4, Stage 4, weekly_vcp_ok, volume_dryup, weekly_volume_dryup, weekly_strong, flags=Wide Risk;Low Liquidity, downtrend",550,588.0,Stage 4,watchlist,weekly_watchlist,12.77,38.0,0.14000000000000057,False,False,False,False,False
JUBLFOOD.NS,Jubilant Foodworks Limited,Consumer Cyclical,Consumer Cyclical,True,F&O,1,Not Sure,Not Sure,Not Sure,0.0,Stage rules did not identify a reliable structure.,No confident stage classification.,,,,watchlist,weekly_watchlist,watchlist,0.0,39.71,20.25,2.0,0.0,39.71,22.25,Not Sure - Unclear,20.25,Strong,Volume Drying Up,Volume Drying Up (0.44x vs 10W Avg),16.33,Outperformed Nifty by 16.33% in 3 Months,False,16.33,9.76,435795746.37,"Not Sure, Unclear, weekly_vcp_ok, volume_dryup, weekly_volume_dryup, weekly_strong, flags=Wide Risk;Low Liquidity",397,435.0,Not Sure,watchlist,weekly_watchlist,22.21,38.0,0.03999999999999915,False,False,False,False,False
DCBBANK.NS,DCB Bank Limited,Banks - Regional,Financial Services,False,Cash,1,Stage 2,Stage 2,Advancing,0.9,Price is above constructive weekly and long-term trend structure with improving relative strength.,,,2026-09-25,,watchlist,weekly_breakout,watchlist,36.83,69.2,46.17,2.0,36.83,69.2,48.17,Stage 2 - Advancing,46.17,Very Strong,Volume Drying Up,Volume Drying Up (0.60x vs 10W Avg),12.33,Outperformed Nifty by 12.33% in 3 Months,True,12.33,28.68,363062404.66,"Stage 2, Advancing, trend_template_ok, weekly_vcp_ok, volume_dryup, weekly_volume_dryup, weekly_strong, flags=Wide Risk;Low Liquidity",91,128.0,Stage 2,watchlist,weekly_breakout,46.13,37.0,2.039999999999999,False,False,False,False,False
MANORAMA.NS,Manorama Industries Limited,Packaged Foods,Consumer Defensive,False,Cash,1,Stage 2,Stage 2,Advancing,0.9,Price is above constructive weekly and long-term trend structure with improving relative strength.,,,2026-09-25,,watchlist,weekly_forming,watchlist,35.58,50.13,36.48,0.0,35.58,50.13,36.48,Stage 2 - Advancing,36.48,Very Strong,Volume Drying Up,Volume Drying Up (0.23x vs 10W Avg),23.11,Outperformed Nifty by 23.11% in 3 Months,True,23.11,55.23,442807552.32,"Stage 2, Advancing, trend_template_ok, weekly_vcp_ok, volume_dryup, weekly_volume_dryup, flags=Loose Structure;Wide Risk;Low Liquidity",232,269.0,Stage 2,watchlist,weekly_forming,35.9,37.0,0.5799999999999983,False,False,False,False,False
GARFIBRES.NS,Garware Technical Fibres Limited,Textile Manufacturing,Consumer Cyclical,False,Cash,1,Stage 2,Stage 2,Advancing,0.8,Price is above constructive weekly and long-term trend structure with improving relative strength.,,,2026-09-25,,watchlist,weekly_watchlist,watchlist,27.6,22.97,25.14,10.0,27.6,22.97,35.14,Stage 2 - Advancing,25.14,Very Strong,Volume Drying Up,Volume Drying Up (0.46x vs 10W Avg),12.18,Outperformed Nifty by 12.18% in 3 Months,True,12.18,31.52,36445594.41,"Stage 2, Advancing, trend_template_ok, volume_dryup, weekly_volume_dryup, flags=Wider Risk;Low Liquidity",254,291.0,Stage 2,watchlist,weekly_watchlist,34.72,37.0,0.4200000000000017,False,False,False,False,False
RAILTEL.NS,Railtel Corporation Of India Limited,Telecom Services,Communication Services,False,Cash,1,Stage 4,Stage 4,Stage 4,0.86,Price is below the 30-week trend and below long-term support structure.,,,,,watchlist,weekly_watchlist,watchlist,7.25,32.0,9.24,0.0,7.25,32.0,9.24,Stage 4,9.24,Weak,Volume Drying Up,Volume Drying Up (0.59x vs 10W Avg),-13.39,Underperformed Nifty by 13.39% in 3 Months,False,-13.39,-0.12,130127521.1,"Stage 4, Stage 4, weekly_vcp_ok, volume_dryup, weekly_volume_dryup, weekly_strong, flags=Wide Risk;Low Liquidity, downtrend",646,683.0,Stage 4,watchlist,weekly_watchlist,8.95,37.0,0.2900000000000009,False,False,False,False,False
SUDARSCHEM.NS,Sudarshan Chemical Industries Limited,Specialty Chemicals,Basic Materials,False,Cash,1,Stage 2,Stage 2,Advancing,0.9,Price is above constructive weekly and long-term trend structure with improving relative strength.,,,2026-09-25,,watchlist,weekly_watchlist,watchlist,32.98,26.6,29.0,5.0,32.98,26.6,34.0,Stage 2 - Advancing,29.0,Very Strong,Volume Drying Up,Volume Drying Up (0.23x vs 10W Avg),39.47,Outperformed Nifty by 39.47% in 3 Months,True,39.47,57.07,327788801.32,"Stage 2, Advancing, trend_template_ok, volume_dryup, weekly_volume_dryup, flags=Wide Risk;Low Liquidity",263,300.0,Stage 2,watchlist,weekly_watchlist,33.77,37.0,0.22999999999999687,False,False,False,False,False
SBFC.NS,SBFC Finance Limited,Credit Services,Financial Services,False,Cash,1,Stage 4,Stage 4,Stage 4,0.86,Price is below the 30-week trend and below long-term support structure.,,,,,watchlist,weekly_watchlist,watchlist,10.38,32.78,12.08,2.0,10.38,32.78,14.08,Stage 4,12.08,Weak,Volume Drying Up,Volume Drying Up (0.49x vs 10W Avg),0.39,Outperformed Nifty by 0.39% in 3 Months,False,0.39,7.4,149157944.31,"Stage 4, Stage 4, weekly_vcp_ok, volume_dryup, weekly_volume_dryup, weekly_strong, flags=Wide Risk;Low Liquidity, downtrend",527,564.0,Stage 4,watchlist,weekly_watchlist,13.87,37.0,0.21000000000000085,False,False,False,False,False
BASF.NS,BASF India Limited,Specialty Chemicals,Basic Materials,False,Cash,1,Stage 1,Stage 1,Stage 1,0.64,Price is building a base around long-term weekly structure without a confirmed advancing phase.,,,,,watchlist,weekly_watchlist,watchlist,11.22,41.04,17.66,5.0,11.22,41.04,22.66,Stage 1,17.66,Neutral,Volume Drying Up,Volume Drying Up (0.30x vs 10W Avg),1.86,Outperformed Nifty by 1.86% in 3 Months,False,1.86,8.55,71241094.71,"Stage 1, Stage 1, weekly_vcp_ok, volume_dryup, weekly_volume_dryup, weekly_strong, flags=Wide Risk;Low Liquidity, stage1_not_actionable, stage1_needs_more_base",390,427.0,Stage 1,watchlist,weekly_watchlist,22.74,37.0,-0.0799999999999983,False,False,False,False,False
M&M.NS,Mahindra & Mahindra Limited,Auto Manufacturers,Consumer Cyclical,True,F&O,1,Stage 4,Stage 4,Stage 4,0.66,Price is below weekly structure.,,,,,watchlist,weekly_watchlist,watchlist,2.97,32.32,9.42,5.0,2.97,32.32,14.42,Stage 4,9.42,Weak,Volume Normal,Volume Normal (1.00x vs 10W Avg),0.41,Outperformed Nifty by 0.41% in 3 Months,False,0.41,2.75,5713408686.41,"Stage 4, Stage 4, weekly_vcp_ok, weekly_strong, flags=Wide Risk;Low Liquidity, downtrend",518,555.0,Stage 4,watchlist,weekly_watchlist,14.57,37.0,-0.15000000000000036,False,False,False,False,False
IIFLCAPS.NS,IIFL Capital Services Limited,Capital Markets,Financial Services,False,Cash,1,Stage 2,Stage 2,Advancing,0.8,Price is above constructive weekly and long-term trend structure with improving relative strength.,,,2026-09-25,,watchlist,weekly_near_pivot,watchlist,63.87,68.05,59.08,0.0,63.87,68.05,59.08,Stage 2 - Advancing,59.08,Very Strong,Volume Expanding,Volume Expanding (2.20x vs 10W Avg),6.61,Outperformed Nifty by 6.61% in 3 Months,True,6.61,33.92,193562360.13,"Stage 2, Advancing, trend_template_ok, weekly_vcp_ok, weekly_strong, flags=Wide Weekly Base;Low Liquidity",21,57.0,Stage 2,watchlist,weekly_near_pivot,54.31,36.0,4.769999999999996,False,False,False,False,False
SHILPAMED.NS,Shilpa Medicare Limited,Drug Manufacturers - Specialty & Generic,Healthcare,False,Cash,1,Stage 2,Stage 2,Extended,0.78,"Weekly advancing structure remains intact, but price is stretched versus key moving averages.",,,2026-09-25,,watchlist,weekly_breakout,watchlist,37.48,64.0,36.87,10.0,37.48,64.0,46.87,Stage 2 - Extended,36.87,Very Strong,Volume Drying Up,Volume Drying Up (0.33x vs 10W Avg),75.85,Outperformed Nifty by 75.85% in 3 Months,True,75.85,166.05,971156411.75,"Stage 2, Extended, trend_template_ok, weekly_vcp_ok, volume_dryup, weekly_volume_dryup, weekly_strong, flags=Wide Weekly Base;Loose Structure;Extended;Wide Risk;Low Liquidity",99,135.0,Stage 2,watchlist,weekly_breakout,45.84,36.0,1.029999999999994,False,False,False,False,False
BATAINDIA.NS,Bata India Limited,Consumer Cyclical,Consumer Cyclical,False,Cash,1,Stage 4,Stage 4,Stage 4,0.86,Price is below the 30-week trend and below long-term support structure.,,,,,watchlist,weekly_watchlist,watchlist,6.74,33.17,7.96,2.0,6.74,33.17,9.96,Stage 4,7.96,Weak,Volume Drying Up,Volume Drying Up (0.27x vs 10W Avg),-1.19,Underperformed Nifty by 1.19% in 3 Months,False,-1.19,1.86,98525349.21,"Stage 4, Stage 4, weekly_vcp_ok, volume_dryup, weekly_volume_dryup, weekly_strong, flags=Wide Weekly Base;Wide Risk;Low Liquidity, downtrend",636,672.0,Stage 4,watchlist,weekly_watchlist,9.6,36.0,0.3600000000000012,False,False,False,False,False
HEG.NS,HEG Limited,Electrical Equipment & Parts,Industrials,False,Cash,1,Stage 4,Stage 4,Stage 4,0.86,Price is below the 30-week trend and below long-term support structure.,,,2026-09-04,,watchlist,weekly_watchlist,watchlist,4.09,0.0,0.0,10.0,4.09,0.0,10.0,Stage 4,0.0,Weak,Volume Drying Up,Volume Drying Up (0.75x vs 10W Avg),-47.86,Underperformed Nifty by 47.86% in 3 Months,False,-47.86,-54.18,688174214.02,"Stage 4, Stage 4, volume_dryup, weekly_volume_dryup, flags=Loose Structure;Wide Risk;Circuit Risk;Corporate Action Check;Low Liquidity, downtrend",612,648.0,Failed Stage 2,watchlist,weekly_watchlist,10.0,36.0,0.0,False,False,False,False,False
ASTRAZEN.NS,AstraZeneca Pharma India Limited,Drug Manufacturers - Specialty & Generic,Healthcare,False,Cash,1,Stage 4,Stage 4,Stage 4,0.86,Price is below the 30-week trend and below long-term support structure.,,,,,watchlist,weekly_watchlist,watchlist,0.0,31.3,0.0,10.0,0.0,31.3,10.0,Stage 4,0.0,Weak,Volume Drying Up,Volume Drying Up (0.50x vs 10W Avg),-18.36,Underperformed Nifty by 18.36% in 3 Months,False,-18.36,-17.15,37132174.3,"Stage 4, Stage 4, weekly_vcp_ok, volume_dryup, weekly_volume_dryup, weekly_strong, flags=Loose Structure;Wide Risk;Low Liquidity, downtrend",616,652.0,Stage 4,watchlist,weekly_watchlist,10.0,36.0,0.0,False,False,False,False,False
SYNGENE.NS,Syngene International Limited,Diagnostics & Research,Healthcare,False,Cash,1,Stage 4,Stage 4,Stage 4,0.86,Price is below the 30-week trend and below long-term support structure.,,,,,watchlist,weekly_watchlist,watchlist,0.0,30.2,0.0,10.0,0.0,30.2,10.0,Stage 4,0.0,Weak,Volume Drying Up,Volume Drying Up (0.27x vs 10W Avg),-9.42,Underperformed Nifty by 9.42% in 3 Months,False,-9.42,-1.33,236350507.62,"Stage 4, Stage 4, weekly_vcp_ok, volume_dryup, weekly_volume_dryup, weekly_strong, flags=Wide Weekly Base;Wide Risk;Low Liquidity, downtrend",617,653.0,Stage 4,watchlist,weekly_watchlist,10.0,36.0,0.0,False,False,False,False,False
PARAS.NS,Paras Defence and Space Technologies Limited,Aerospace & Defense,Industrials,False,Cash,1,Stage 2,Stage 2,Advancing,0.8,Price is above constructive weekly and long-term trend structure with improving relative strength.,,,2026-09-25,,watchlist,weekly_watchlist,watchlist,32.75,24.2,22.12,10.0,32.75,24.2,32.12,Stage 2 - Advancing,22.12,Strong,Volume Drying Up,Volume Drying Up (0.48x vs 10W Avg),3.03,Outperformed Nifty by 3.03% in 3 Months,True,3.03,109.31,1301609699.24,"Stage 2, Advancing, trend_template_ok, volume_dryup, weekly_volume_dryup, flags=Wide Risk;Low Liquidity",285,321.0,Stage 2,watchlist,weekly_watchlist,32.17,36.0,-0.05000000000000426,False,False,False,False,False
PARAGMILK.NS,Parag Milk Foods Limited,Packaged Foods,Consumer Defensive,False,Cash,1,Stage 1,Stage 1,Stage 1,0.68,Price is building a base around long-term weekly structure without a confirmed advancing phase.,,,,,watchlist,weekly_watchlist,watchlist,9.28,14.2,16.25,0.0,9.28,14.2,16.25,Stage 1,16.25,Very Strong,Volume Expanding,Volume Expanding (2.03x vs 10W Avg),23.12,Outperformed Nifty by 23.12% in 3 Months,False,23.12,44.93,554322305.37,"Stage 1, Stage 1, flags=Loose Structure;Low Liquidity, stage1_not_actionable, stage1_needs_more_base",483,519.0,Stage 1,watchlist,weekly_watchlist,16.37,36.0,-0.120000000000001,False,False,False,False,False
VARROC.NS,Varroc Engineering Limited,Auto Parts,Consumer Cyclical,False,Cash,1,Stage 2,Stage 2,Advancing,0.9,Price is above constructive weekly and long-term trend structure with improving relative strength.,,,2026-09-25,,watchlist,weekly_near_pivot,watchlist,41.15,72.0,48.91,5.0,41.15,72.0,53.91,Stage 2 - Advancing,48.91,Very Strong,Volume Drying Up,Volume Drying Up (0.47x vs 10W Avg),34.63,Outperformed Nifty by 34.63% in 3 Months,True,34.63,79.97,318384142.82,"Stage 2, Advancing, trend_template_ok, weekly_vcp_ok, volume_dryup, weekly_volume_dryup, weekly_strong, flags=Loose Structure;Wider Risk;Low Liquidity",49,84.0,Stage 2,watchlist,weekly_near_pivot,50.85,35.0,3.059999999999995,False,False,False,False,False
EMIL.NS,Electronics Mart India Limited,Consumer Cyclical,Consumer Cyclical,False,Cash,1,Stage 2,Stage 2,Extended,0.78,"Weekly advancing structure remains intact, but price is stretched versus key moving averages.",,,2026-09-25,,watchlist,weekly_watchlist,watchlist,41.01,29.8,29.53,2.0,41.01,29.8,31.53,Stage 2 - Extended,29.53,Very Strong,Volume Drying Up,Volume Drying Up (0.52x vs 10W Avg),46.0,Outperformed Nifty by 46.0% in 3 Months,True,46.0,105.94,654144260.83,"Stage 2, Extended, trend_template_ok, volume_dryup, weekly_volume_dryup, flags=Loose Structure;Extended;Wide Risk;Low Liquidity",299,334.0,Stage 2,watchlist,weekly_watchlist,31.06,35.0,0.4700000000000024,False,False,False,False,False
FORTIS.NS,Fortis Healthcare Limited,Medical Care Facilities,Healthcare,True,F&O,1,Stage 3,Stage 3,Early,0.68,"Prior strength has shifted into a Stage 3 transition based on trend, relative strength, and volume evidence.",,,2026-07-15,,watchlist,weekly_watchlist,watchlist,0.0,36.0,10.63,2.0,0.0,36.0,12.63,Stage 3 Early,10.63,Weak,Volume Expanding,Volume Normal (1.30x vs 10W Avg),-9.59,Underperformed Nifty by 9.59% in 3 Months,False,-9.59,7.69,947696640.65,"Stage 3, Early, weekly_vcp_ok, weekly_strong, flags=Wide Risk;Low Liquidity, distribution_or_weakening_risk",560,595.0,Stage 4,watchlist,weekly_watchlist,12.48,35.0,0.15000000000000036,False,False,False,False,False
SENORES.NS,Senores Pharmaceuticals Limited,Drug Manufacturers - General,Healthcare,False,Cash,1,Stage 2,Stage 2,Advancing,0.8,Price is above constructive weekly and long-term trend structure with improving relative strength.,,,2026-09-25,,watchlist,weekly_watchlist,watchlist,34.58,20.6,21.77,5.0,34.58,20.6,26.77,Stage 2 - Advancing,21.77,Strong,Volume Drying Up,Volume Drying Up (0.80x vs 10W Avg),6.26,Outperformed Nifty by 6.26% in 3 Months,True,6.26,74.63,308854390.46,"Stage 2, Advancing, trend_template_ok, weekly_volume_dryup, flags=Wide Risk;Low Liquidity",349,384.0,Stage 2,watchlist,weekly_watchlist,26.68,35.0,0.08999999999999986,False,False,False,False,False
GRAVITA.NS,Gravita India Limited,Metal Fabrication,Industrials,False,Cash,1,Stage 3,Stage 3,Late,0.76,"Prior strength has shifted into a Stage 3 transition based on trend, relative strength, and volume evidence.",,,2026-09-01,,watchlist,weekly_watchlist,watchlist,0.0,36.17,0.0,10.0,0.0,36.17,10.0,Stage 3 Late,0.0,Weak,Volume Normal,Volume Normal (1.15x vs 10W Avg),-7.46,Underperformed Nifty by 7.46% in 3 Months,False,-7.46,16.18,310091080.2,"Stage 3, Late, weekly_vcp_ok, weekly_strong, flags=Wide Risk;Low Liquidity, distribution_or_weakening_risk",615,650.0,Stage 3,watchlist,weekly_watchlist,10.0,35.0,0.0,False,False,False,False,False
NSLNISP.NS,NMDC Steel Limited,Steel,Basic Materials,False,Cash,1,Failed Stage 2,Stage 3,Failed Stage 2,0.72,"This stock was recently Stage 2, but the latest structure no longer satisfies Stage 2 rules. It is kept as Failed Stage 2 until a fresh base/repair structure forms.",Recent Stage 2 break; public stage held as Failed Stage 2.,2026-09-28,2026-09-23,,watchlist,weekly_watchlist,watchlist,0.0,3.61,0.0,10.0,0.0,3.61,10.0,Failed Stage 2,0.0,Strong,Volume Drying Up,Volume Drying Up (0.67x vs 10W Avg),0.21,Outperformed Nifty by 0.21% in 3 Months,False,0.21,19.91,204684531.39,"Stage 3, Late, volume_dryup, weekly_volume_dryup, flags=Wide Risk;Low Liquidity, distribution_or_weakening_risk | Stage 2 failed state applied from stage memory.",621,656.0,Failed Stage 2,watchlist,weekly_watchlist,10.0,35.0,0.0,False,False,False,False,False
NSIL.NS,Nalwa Sons Investments Limited,Asset Management,Financial Services,False,Cash,1,Stage 4,Stage 4,Stage 4,0.66,Price is below weekly structure.,,,,,watchlist,weekly_watchlist,watchlist,1.63,34.31,16.23,0.0,1.63,34.31,16.23,Stage 4,16.23,Strong,Volume Expanding,Volume Normal (1.48x vs 10W Avg),3.77,Outperformed Nifty by 3.77% in 3 Months,False,3.77,8.29,11095094.45,"Stage 4, Stage 4, weekly_vcp_ok, weekly_strong, flags=Wider Risk;Low Liquidity, downtrend",486,521.0,Stage 3,watchlist,weekly_watchlist,16.31,35.0,-0.0799999999999983,False,False,False,False,False
RBA.NS,Restaurant Brands Asia Limited,Consumer Cyclical,Consumer Cyclical,False,Cash,1,Stage 2,Stage 2,Advancing,0.9,Price is above constructive weekly and long-term trend structure with improving relative strength.,,,2026-09-25,,watchlist,weekly_watchlist,watchlist,35.28,23.0,22.64,2.0,35.28,23.0,24.64,Stage 2 - Advancing,22.64,Very Strong,Volume Drying Up,Volume Drying Up (0.23x vs 10W Avg),23.22,Outperformed Nifty by 23.22% in 3 Months,True,23.22,57.27,291451532.71,"Stage 2, Advancing, trend_template_ok, volume_dryup, weekly_volume_dryup, flags=Loose Structure;Wide Risk;Low Liquidity",368,403.0,Stage 2,watchlist,weekly_watchlist,24.96,35.0,-0.3200000000000003,False,False,False,False,False
GNFC.NS,Gujarat Narmada Valley Fertilizers and Chemicals Limited,Chemicals,Basic Materials,False,Cash,1,Stage 2,Stage 2,Advancing,0.9,Price is above constructive weekly and long-term trend structure with improving relative strength.,,,2026-09-25,,watchlist,weekly_watchlist,watchlist,56.55,23.0,37.89,5.0,56.55,23.0,42.89,Stage 2 - Advancing,37.89,Very Strong,Volume Expanding,Volume Expanding (1.77x vs 10W Avg),25.59,Outperformed Nifty by 25.59% in 3 Months,True,25.59,63.68,740232134.67,"Stage 2, Advancing, trend_template_ok, flags=Loose Structure;Wider Risk;Low Liquidity",147,181.0,Stage 2,watchlist,weekly_watchlist,42.17,34.0,0.7199999999999989,False,False,False,False,False
HONAUT.NS,Honeywell Automation India Limited,Electrical Equipment & Parts,Industrials,False,Cash,1,Failed Stage 2,Stage 3,Failed Stage 2,0.72,"This stock was recently Stage 2, but the latest structure no longer satisfies Stage 2 rules. It is kept as Failed Stage 2 until a fresh base/repair structure forms.",Recent Stage 2 break; public stage held as Failed Stage 2.,2026-09-28,2026-09-08,,watchlist,weekly_watchlist,watchlist,8.75,39.99,30.29,10.0,8.75,39.99,40.29,Failed Stage 2,30.29,Weak,Volume Drying Up,Volume Drying Up (0.50x vs 10W Avg),-9.28,Underperformed Nifty by 9.28% in 3 Months,False,-9.28,31.23,123189478.25,"Stage 3, Early, weekly_vcp_ok, volume_dryup, weekly_volume_dryup, weekly_strong, flags=Wider Risk, distribution_or_weakening_risk | Stage 2 failed state applied from stage memory.",186,220.0,Failed Stage 2,watchlist,weekly_watchlist,39.61,34.0,0.6799999999999997,False,False,False,False,False
SUNTECK.NS,Sunteck Realty Limited,Real Estate,Real Estate,False,Cash,1,Stage 4,Stage 4,Stage 4,0.86,Price is below the 30-week trend and below long-term support structure.,,,,,watchlist,weekly_watchlist,watchlist,1.52,33.1,4.7,2.0,1.52,33.1,6.7,Stage 4,4.7,Weak,Volume Drying Up,Volume Drying Up (0.39x vs 10W Avg),-10.7,Underperformed Nifty by 10.7% in 3 Months,False,-10.7,-6.2,31929522.44,"Stage 4, Stage 4, weekly_vcp_ok, volume_dryup, weekly_volume_dryup, weekly_strong, flags=Wide Weekly Base;Wide Risk;Low Liquidity, downtrend",693,727.0,Stage 4,watchlist,weekly_watchlist,6.13,34.0,0.5700000000000003,False,False,False,False,False
ROLEXRINGS.NS,Rolex Rings Limited,Metal Fabrication,Industrials,False,Cash,1,Stage 2,Stage 2,Advancing,0.9,Price is above constructive weekly and long-term trend structure with improving relative strength.,,,2026-09-25,,watchlist,weekly_watchlist,watchlist,41.82,33.4,33.16,10.0,41.82,33.4,43.16,Stage 2 - Advancing,33.16,Very Strong,Volume Drying Up,Volume Normal (0.98x vs 10W Avg),34.27,Outperformed Nifty by 34.27% in 3 Months,True,34.27,65.92,319417928.34,"Stage 2, Advancing, trend_template_ok, volume_dryup, flags=Loose Structure;Wide Risk;Low Liquidity",140,174.0,Stage 2,watchlist,weekly_watchlist,42.72,34.0,0.4399999999999977,False,False,False,False,False
ATUL.NS,Atul Limited,Specialty Chemicals,Basic Materials,False,Cash,1,Stage 1,Stage 1,Stage 1,0.64,Price is building a base around long-term weekly structure without a confirmed advancing phase.,,,,,watchlist,weekly_watchlist,watchlist,0.0,40.0,13.96,5.0,0.0,40.0,18.96,Stage 1,13.96,Weak,Volume Drying Up,Volume Drying Up (0.66x vs 10W Avg),-1.83,Underperformed Nifty by 1.83% in 3 Months,False,-1.83,-2.12,159699675.93,"Stage 1, Stage 1, weekly_vcp_ok, volume_dryup, weekly_volume_dryup, weekly_strong, flags=Wider Risk;Low Liquidity, stage1_not_actionable, stage1_needs_more_base",438,472.0,Stage 1,watchlist,weekly_watchlist,18.61,34.0,0.3500000000000014,False,False,False,False,False
DYNAMATECH.NS,Dynamatic Technologies Limited,Auto Parts,Consumer Cyclical,False,Cash,1,Stage 2,Stage 2,Advancing,0.9,Price is above constructive weekly and long-term trend structure with improving relative strength.,,,2026-09-25,,watchlist,weekly_watchlist,watchlist,39.85,23.55,31.82,5.0,39.85,23.55,36.82,Stage 2 - Advancing,31.82,Very Strong,Volume Expanding,Volume Expanding (1.94x vs 10W Avg),31.24,Outperformed Nifty by 31.24% in 3 Months,True,31.24,42.31,265349400.55,"Stage 2, Advancing, trend_template_ok, flags=Wider Risk;Low Liquidity",229,263.0,Stage 2,watchlist,weekly_watchlist,36.53,34.0,0.28999999999999915,False,False,False,False,False
SAMMAANCAP.NS,Sammaan Capital Limited,Mortgage Finance,Financial Services,True,F&O,1,Stage 4,Stage 4,Stage 4,0.66,Price is below weekly structure.,,,2026-08-13,,watchlist,weekly_watchlist,watchlist,0.0,33.1,8.12,0.0,0.0,33.1,8.12,Stage 4,8.12,Weak,Volume Drying Up,Volume Drying Up (0.51x vs 10W Avg),-15.09,Underperformed Nifty by 15.09% in 3 Months,False,-15.09,-3.27,713021213.3,"Stage 4, Stage 4, weekly_vcp_ok, volume_dryup, weekly_volume_dryup, weekly_strong, flags=Wide Risk;Low Liquidity, downtrend",663,697.0,Stage 4,watchlist,weekly_watchlist,8.02,34.0,0.09999999999999964,False,False,False,False,False
TRITURBINE.NS,Triveni Turbine Limited,Specialty Industrial Machinery,Industrials,False,Cash,1,Stage 3,Stage 3,Early,0.68,"Prior strength has shifted into a Stage 3 transition based on trend, relative strength, and volume evidence.",,,2026-08-10,,watchlist,weekly_watchlist,watchlist,7.57,0.0,0.0,10.0,7.57,0.0,10.0,Stage 3 Early,0.0,Weak,Volume Drying Up,Volume Drying Up (0.48x vs 10W Avg),-11.63,Underperformed Nifty by 11.63% in 3 Months,False,-11.63,22.43,250607630.65,"Stage 3, Early, volume_dryup, weekly_volume_dryup, flags=Wide Risk;Low Liquidity, distribution_or_weakening_risk",610,644.0,Stage 3,watchlist,weekly_watchlist,10.0,34.0,0.0,False,False,False,False,False
SUZLON.NS,Suzlon Energy Limited,Specialty Industrial Machinery,Industrials,True,F&O,1,Stage 4,Stage 4,Stage 4,0.86,Price is below the 30-week trend and below long-term support structure.,,,2026-07-12,,watchlist,weekly_watchlist,watchlist,0.0,0.0,0.0,10.0,0.0,0.0,10.0,Stage 4,0.0,Weak,Volume Normal,Volume Normal (1.45x vs 10W Avg),-26.12,Underperformed Nifty by 26.12% in 3 Months,False,-26.12,-0.49,2168188483.72,"Stage 4, Stage 4, flags=Loose Structure;Wide Risk;Low Liquidity, downtrend",626,660.0,Stage 4,watchlist,weekly_watchlist,10.0,34.0,0.0,False,False,False,False,False
BBL.NS,Bharat Bijlee Limited,Electrical Equipment & Parts,Industrials,False,Cash,1,Stage 4,Stage 4,Stage 4,0.86,Price is below the 30-week trend and below long-term support structure.,,,,,watchlist,weekly_watchlist,watchlist,0.0,33.1,6.7,10.0,0.0,33.1,16.7,Stage 4,6.7,Weak,Volume Drying Up,Volume Drying Up (0.68x vs 10W Avg),-18.6,Underperformed Nifty by 18.6% in 3 Months,False,-18.6,-3.0,41555982.54,"Stage 4, Stage 4, weekly_vcp_ok, volume_dryup, weekly_volume_dryup, weekly_strong, flags=Wide Risk;Low Liquidity, downtrend",477,511.0,Stage 4,watchlist,weekly_watchlist,16.76,34.0,-0.060000000000002274,False,False,False,False,False
EMUDHRA.NS,eMudhra Limited,Software - Application,Technology,False,Cash,1,Stage 2,Stage 2,Extended,0.78,"Weekly advancing structure remains intact, but price is stretched versus key moving averages.",,,2026-09-25,,watchlist,weekly_breakout,watchlist,34.85,65.1,33.45,5.0,34.85,65.1,38.45,Stage 2 - Extended,33.45,Very Strong,Volume Drying Up,Volume Drying Up (0.81x vs 10W Avg),53.69,Outperformed Nifty by 53.69% in 3 Months,True,53.69,67.81,1430243420.42,"Stage 2, Extended, trend_template_ok, weekly_vcp_ok, weekly_volume_dryup, weekly_strong, flags=Wide Weekly Base;Loose Structure;Extended;Wide Risk;Low Liquidity",208,241.0,Stage 2,watchlist,weekly_breakout,38.05,33.0,0.4000000000000057,False,False,False,False,False
IONEXCHANG.NS,ION Exchange (India) Limited,Industrials,Industrials,False,Cash,1,Stage 2,Stage 2,Advancing,0.9,Price is above constructive weekly and long-term trend structure with improving relative strength.,,,2026-09-25,,watchlist,weekly_watchlist,watchlist,38.23,21.73,31.13,0.0,38.23,21.73,31.13,Stage 2 - Advancing,31.13,Strong,Volume Drying Up,Volume Drying Up (0.33x vs 10W Avg),6.89,Outperformed Nifty by 6.89% in 3 Months,True,6.89,24.37,274839501.87,"Stage 2, Advancing, trend_template_ok, volume_dryup, weekly_volume_dryup, flags=Wider Risk;Low Liquidity",304,337.0,Stage 2,watchlist,weekly_watchlist,30.79,33.0,0.33999999999999986,False,False,False,False,False
JUNIPER.NS,Juniper Hotels Limited,Lodging,Consumer Cyclical,False,Cash,1,Not Sure,Not Sure,Not Sure,0.0,Stage rules did not identify a reliable structure.,No confident stage classification.,,,,watchlist,weekly_watchlist,watchlist,0.0,32.36,17.25,2.0,0.0,32.36,19.25,Not Sure - Unclear,17.25,Strong,Volume Drying Up,Volume Drying Up (0.33x vs 10W Avg),12.92,Outperformed Nifty by 12.92% in 3 Months,False,12.92,7.65,44297294.06,"Not Sure, Unclear, weekly_vcp_ok, volume_dryup, weekly_volume_dryup, flags=Wider Risk;Low Liquidity",433,466.0,Not Sure,watchlist,weekly_watchlist,19.07,33.0,0.17999999999999972,False,False,False,False,False
FDC.NS,FDC Limited,Drug Manufacturers - Specialty & Generic,Healthcare,False,Cash,1,Stage 4,Stage 4,Stage 4,0.86,Price is below the 30-week trend and below long-term support structure.,,,2026-08-04,,watchlist,weekly_watchlist,watchlist,0.0,0.2,0.0,10.0,0.0,0.2,10.0,Stage 4,0.0,Weak,Volume Drying Up,Volume Drying Up (0.61x vs 10W Avg),-15.77,Underperformed Nifty by 15.77% in 3 Months,False,-15.77,6.92,51357056.35,"Stage 4, Stage 4, weekly_volume_dryup, flags=Low Liquidity, downtrend",624,657.0,Stage 4,watchlist,weekly_watchlist,10.0,33.0,0.0,False,False,False,False,False
POLYCAB.NS,Polycab India Limited,Electrical Equipment & Parts,Industrials,True,F&O,1,Stage 3,Stage 3,Late,0.76,"Prior strength has shifted into a Stage 3 transition based on trend, relative strength, and volume evidence.",,,2026-08-31,,watchlist,weekly_watchlist,watchlist,0.0,0.0,0.0,10.0,0.0,0.0,10.0,Stage 3 Late,0.0,Weak,Volume Drying Up,Volume Drying Up (0.79x vs 10W Avg),-9.88,Underperformed Nifty by 9.88% in 3 Months,False,-9.88,21.91,3185257714.72,"Stage 3, Late, volume_dryup, weekly_volume_dryup, flags=Wide Risk;Low Liquidity, distribution_or_weakening_risk",625,658.0,Stage 3,watchlist,weekly_watchlist,10.0,33.0,0.0,False,False,False,False,False
ITI.NS,ITI Limited,Communication Equipment,Technology,False,Cash,1,Stage 4,Stage 4,Stage 4,0.86,Price is below the 30-week trend and below long-term support structure.,,,,,watchlist,weekly_watchlist,watchlist,0.0,0.0,0.0,10.0,0.0,0.0,10.0,Stage 4,0.0,Weak,Volume Drying Up,Volume Drying Up (0.73x vs 10W Avg),-12.88,Underperformed Nifty by 12.88% in 3 Months,False,-12.88,-1.29,37092685.53,"Stage 4, Stage 4, volume_dryup, weekly_volume_dryup, flags=Wide Risk;Low Liquidity, downtrend",628,661.0,Stage 4,watchlist,weekly_watchlist,10.0,33.0,0.0,False,False,False,False,False
WINDMACHIN.NS,Windsor Machines Limited,Specialty Industrial Machinery,Industrials,False,Cash,1,Stage 2,Stage 2,Advancing,0.9,Price is above constructive weekly and long-term trend structure with improving relative strength.,,,2026-09-25,,watchlist,weekly_watchlist,watchlist,48.85,27.95,34.04,10.0,48.85,27.95,44.04,Stage 2 - Advancing,34.04,Strong,Volume Drying Up,Volume Drying Up (0.53x vs 10W Avg),1.74,Outperformed Nifty by 1.74% in 3 Months,True,1.74,35.78,24660817.45,"Stage 2, Advancing, trend_template_ok, volume_dryup, weekly_volume_dryup, flags=Wide Risk;Low Liquidity",125,158.0,Stage 2,watchlist,weekly_watchlist,44.16,33.0,-0.11999999999999744,False,False,False,False,False
VAIBHAVGBL.NS,Vaibhav Global Limited,Luxury Goods,Consumer Cyclical,False,Cash,1,Stage 4,Stage 4,Stage 4,0.86,Price is below the 30-week trend and below long-term support structure.,,,2026-08-13,,watchlist,weekly_watchlist,watchlist,0.0,1.49,0.0,10.0,0.0,1.49,10.0,Stage 4,0.0,Weak,Volume Drying Up,Volume Drying Up (0.58x vs 10W Avg),-8.69,Underperformed Nifty by 8.69% in 3 Months,False,-8.69,17.59,43841678.78,"Stage 4, Stage 4, volume_dryup, weekly_volume_dryup, flags=Wide Weekly Base;Loose Structure;Wide Risk;Low Liquidity, downtrend",623,655.0,Stage 3,watchlist,weekly_watchlist,10.0,32.0,0.0,False,False,False,False,False
TARIL.NS,Transformers And Rectifiers (India) Limited,Electrical Equipment & Parts,Industrials,False,Cash,1,Stage 4,Stage 4,Stage 4,0.66,Price is below weekly structure.,,,,,watchlist,weekly_watchlist,watchlist,0.0,0.0,0.0,10.0,0.0,0.0,10.0,Stage 4,0.0,Weak,Volume Drying Up,Volume Drying Up (0.55x vs 10W Avg),-19.12,Underperformed Nifty by 19.12% in 3 Months,False,-19.12,1.38,244324010.45,"Stage 4, Stage 4, volume_dryup, weekly_volume_dryup, flags=Wide Risk;Low Liquidity, downtrend",631,663.0,Stage 4,watchlist,weekly_watchlist,10.0,32.0,0.0,False,False,False,False,False
ZOTA.NS,Zota Health Care LImited,Biotechnology,Healthcare,False,Cash,1,Not Sure,Not Sure,Not Sure,0.0,Stage rules did not identify a reliable structure.,No confident stage classification.,,,,watchlist,weekly_watchlist,watchlist,0.0,7.85,0.0,5.0,0.0,7.85,5.0,Not Sure - Unclear,0.0,Neutral,Volume Expanding,Volume Expanding (2.71x vs 10W Avg),-2.9,Underperformed Nifty by 2.9% in 3 Months,False,-2.9,21.43,154348970.71,"Not Sure, Unclear, flags=Wide Risk;Low Liquidity",735,767.0,Not Sure,watchlist,weekly_watchlist,5.0,32.0,0.0,False,False,False,False,False
PRESTIGE.NS,Prestige Estates Projects Limited,Real Estate,Real Estate,True,F&O,1,Failed Stage 2,Stage 3,Failed Stage 2,0.72,"This stock was recently Stage 2, but the latest structure no longer satisfies Stage 2 rules. It is kept as Failed Stage 2 until a fresh base/repair structure forms.",Recent Stage 2 break; public stage held as Failed Stage 2.,2026-09-28,2026-09-23,,watchlist,weekly_watchlist,watchlist,0.0,38.32,15.87,2.0,0.0,38.32,17.87,Failed Stage 2,15.87,Weak,Volume Drying Up,Volume Drying Up (0.72x vs 10W Avg),-6.93,Underperformed Nifty by 6.93% in 3 Months,False,-6.93,30.09,698715229.08,"Stage 3, Early, weekly_vcp_ok, volume_dryup, weekly_volume_dryup, weekly_strong, flags=Wide Risk;Low Liquidity, distribution_or_weakening_risk | Stage 2 failed state applied from stage memory.",453,485.0,Failed Stage 2,watchlist,weekly_watchlist,17.92,32.0,-0.05000000000000071,False,False,False,False,False
GALLANTT.NS,Gallantt Ispat Limited,Steel,Basic Materials,False,Cash,1,Stage 4,Stage 4,Stage 4,0.66,Price is below weekly structure.,,,,,watchlist,weekly_watchlist,watchlist,5.98,30.0,5.42,10.0,5.98,30.0,15.42,Stage 4,5.42,Weak,Volume Normal,Volume Normal (1.08x vs 10W Avg),-15.69,Underperformed Nifty by 15.69% in 3 Months,False,-15.69,-0.87,52526887.54,"Stage 4, Stage 4, weekly_vcp_ok, weekly_strong, flags=Wide Base;Wide Risk;Low Liquidity, downtrend",501,533.0,Stage 4,watchlist,weekly_watchlist,15.66,32.0,-0.2400000000000002,False,False,False,False,False
SKYGOLD.NS,SKY GOLD AND DIAMONDS LIMITED,Luxury Goods,Consumer Cyclical,False,Cash,1,Stage 2,Stage 2,Extended,0.78,"Weekly advancing structure remains intact, but price is stretched versus key moving averages.",,,2026-09-25,,watchlist,weekly_watchlist,watchlist,38.08,26.6,27.61,10.0,38.08,26.6,37.61,Stage 2 - Extended,27.61,Very Strong,Volume Drying Up,Volume Drying Up (0.68x vs 10W Avg),45.2,Outperformed Nifty by 45.2% in 3 Months,True,45.2,136.62,622222161.22,"Stage 2, Extended, trend_template_ok, volume_dryup, weekly_volume_dryup, flags=Loose Structure;Extended;Wide Risk;Low Liquidity",219,250.0,Stage 2,watchlist,weekly_watchlist,37.38,31.0,0.22999999999999687,False,False,False,False,False
ROSSTECH.NS,Rossell Techsys Limited,Aerospace & Defense,Industrials,False,Cash,1,Stage 2,Stage 2,Extended,0.78,"Weekly advancing structure remains intact, but price is stretched versus key moving averages.",,,2026-09-25,,watchlist,weekly_watchlist,watchlist,39.85,27.8,33.5,10.0,39.85,27.8,43.5,Stage 2 - Extended,33.5,Very Strong,Volume Normal,Volume Normal (0.93x vs 10W Avg),45.08,Outperformed Nifty by 45.08% in 3 Months,True,45.08,95.48,653382290.97,"Stage 2, Extended, trend_template_ok, flags=Loose Structure;Extended;Low Liquidity",134,165.0,Stage 2,watchlist,weekly_watchlist,43.5,31.0,0.0,False,False,False,False,False
INNOVACAP.NS,Innova Captab Limited,Drug Manufacturers - Specialty & Generic,Healthcare,False,Cash,1,Stage 2,Stage 2,Extended,0.78,"Weekly advancing structure remains intact, but price is stretched versus key moving averages.",,,2026-09-25,,watchlist,weekly_watchlist,watchlist,34.48,21.8,26.17,10.0,34.48,21.8,36.17,Stage 2 - Extended,26.17,Very Strong,Volume Expanding,Volume Expanding (1.59x vs 10W Avg),34.81,Outperformed Nifty by 34.81% in 3 Months,True,34.81,82.84,138489008.06,"Stage 2, Extended, trend_template_ok, flags=Loose Structure;Extended;Wide Risk;Low Liquidity",236,267.0,Stage 2,watchlist,weekly_watchlist,36.17,31.0,0.0,False,False,False,False,False
INOXWIND.NS,Inox Wind Limited,Specialty Industrial Machinery,Industrials,True,F&O,1,Stage 4,Stage 4,Stage 4,0.86,Price is below the 30-week trend and below long-term support structure.,,,,,watchlist,weekly_watchlist,watchlist,0.0,18.3,0.0,10.0,0.0,18.3,10.0,Stage 4,0.0,Weak,Volume Drying Up,Volume Normal (0.89x vs 10W Avg),-14.86,Underperformed Nifty by 14.86% in 3 Months,False,-14.86,-7.23,902189434.74,"Stage 4, Stage 4, weekly_vcp_ok, volume_dryup, weekly_volume_dryup, flags=Wide Weekly Base;Wide Risk;Low Liquidity, downtrend",618,649.0,Stage 4,watchlist,weekly_watchlist,10.0,31.0,0.0,False,False,False,False,False
OSWALPUMPS.NS,Oswal Pumps Limited,Electrical Equipment & Parts,Industrials,False,Cash,1,Stage 4,Stage 4,Stage 4,0.86,Price is below the 30-week trend and below long-term support structure.,,,,,watchlist,weekly_watchlist,watchlist,0.0,0.0,0.0,10.0,0.0,0.0,10.0,Stage 4,0.0,Weak,Volume Drying Up,Volume Normal (1.09x vs 10W Avg),-30.64,Underperformed Nifty by 30.64% in 3 Months,False,-30.64,-11.45,143466393.38,"Stage 4, Stage 4, volume_dryup, flags=Wide Base;Loose Structure;Wider Risk;Low Liquidity, downtrend",633,664.0,Stage 4,watchlist,weekly_watchlist,10.0,31.0,0.0,False,False,False,False,False
PRAKASH.NS,Prakash Industries Limited,Steel,Basic Materials,False,Cash,1,Stage 4,Stage 4,Stage 4,0.86,Price is below the 30-week trend and below long-term support structure.,,,,,watchlist,weekly_watchlist,watchlist,0.0,0.0,0.0,10.0,0.0,0.0,10.0,Stage 4,0.0,Weak,Volume Normal,Volume Normal (1.36x vs 10W Avg),-10.43,Underperformed Nifty by 10.43% in 3 Months,False,-10.43,-2.12,55598697.19,"Stage 4, Stage 4, flags=Wider Risk;Low Liquidity, downtrend",634,665.0,Stage 4,watchlist,weekly_watchlist,10.0,31.0,0.0,False,False,False,False,False
FLUOROCHEM.NS,Gujarat Fluorochemicals Limited,Specialty Chemicals,Basic Materials,False,Cash,1,Stage 2,Stage 2,Advancing,0.8,Price is above constructive weekly and long-term trend structure with improving relative strength.,,,2026-09-25,,watchlist,weekly_forming,watchlist,37.79,62.91,43.86,5.0,37.79,62.91,48.86,Stage 2 - Advancing,43.86,Very Strong,Volume Drying Up,Volume Drying Up (0.23x vs 10W Avg),17.04,Outperformed Nifty by 17.04% in 3 Months,True,17.04,41.06,563782172.47,"Stage 2, Advancing, trend_template_ok, weekly_vcp_ok, volume_dryup, weekly_volume_dryup, weekly_strong, flags=Wider Risk;Low Liquidity",84,114.0,Stage 2,watchlist,weekly_forming,47.33,30.0,1.5300000000000011,False,False,False,False,False
SANGAMIND.NS,Sangam (India) Limited,Textile Manufacturing,Consumer Cyclical,False,Cash,1,Stage 2,Stage 2,Advancing,0.9,Price is above constructive weekly and long-term trend structure with improving relative strength.,,,2026-09-25,,watchlist,weekly_watchlist,watchlist,30.98,31.78,32.63,10.0,30.98,31.78,42.63,Stage 2 - Advancing,32.63,Very Strong,Volume Expanding,Volume Expanding (2.41x vs 10W Avg),21.21,Outperformed Nifty by 21.21% in 3 Months,True,21.21,54.57,26305844.68,"Stage 2, Advancing, trend_template_ok, flags=Low Liquidity",152,182.0,Stage 2,watchlist,weekly_watchlist,42.16,30.0,0.47000000000000597,False,False,False,False,False
STYRENIX.NS,Styrenix Performance Materials Limited,Chemicals,Basic Materials,False,Cash,1,Stage 3,Stage 3,Early,0.68,"Prior strength has shifted into a Stage 3 transition based on trend, relative strength, and volume evidence.",,,2026-08-11,,watchlist,weekly_watchlist,watchlist,0.0,0.0,2.0,5.0,0.0,0.0,7.0,Stage 3 Early,2.0,Weak,Volume Drying Up,Volume Drying Up (0.30x vs 10W Avg),-7.02,Underperformed Nifty by 7.02% in 3 Months,False,-7.02,14.72,62838272.06,"Stage 3, Early, volume_dryup, weekly_volume_dryup, flags=Low Liquidity, distribution_or_weakening_risk",686,716.0,Stage 3,watchlist,weekly_watchlist,6.88,30.0,0.1200000000000001,False,False,False,False,False
INTERARCH.NS,Interarch Building Solutions Limited,Engineering & Construction,Industrials,False,Cash,1,Stage 4,Stage 4,Stage 4,0.86,Price is below the 30-week trend and below long-term support structure.,,,,,watchlist,weekly_watchlist,watchlist,0.89,8.67,0.0,0.0,0.89,8.67,0.0,Stage 4,0.0,Weak,Volume Normal,Volume Normal (1.19x vs 10W Avg),-4.86,Underperformed Nifty by 4.86% in 3 Months,False,-4.86,-1.06,79788809.76,"Stage 4, Stage 4, flags=Low Liquidity, downtrend",853,883.0,Stage 4,watchlist,weekly_watchlist,0.0,30.0,0.0,False,False,False,False,False
SOTL.NS,Savita Oil Technologies Limited,Specialty Chemicals,Basic Materials,False,Cash,1,Stage 2,Stage 2,Extended,0.78,"Weekly advancing structure remains intact, but price is stretched versus key moving averages.",,,2026-09-25,,watchlist,weekly_watchlist,watchlist,37.48,24.2,23.06,5.0,37.48,24.2,28.06,Stage 2 - Extended,23.06,Very Strong,Volume Drying Up,Volume Drying Up (0.25x vs 10W Avg),41.42,Outperformed Nifty by 41.42% in 3 Months,True,41.42,126.17,896288746.76,"Stage 2, Extended, trend_template_ok, volume_dryup, weekly_volume_dryup, flags=Loose Structure;Extended;Wide Risk;Low Liquidity",334,364.0,Stage 2,watchlist,weekly_watchlist,28.25,30.0,-0.19000000000000128,False,False,False,False,False
ARE&M.NS,Amara Raja Energy & Mobility Limited,Electrical Equipment & Parts,Industrials,False,Cash,1,Stage 3,Stage 3,Early,0.68,"Prior strength has shifted into a Stage 3 transition based on trend, relative strength, and volume evidence.",,,2026-09-02,,watchlist,weekly_watchlist,watchlist,9.28,36.48,12.96,10.0,9.28,36.48,22.96,Stage 3 Early,12.96,Weak,Volume Drying Up,Volume Drying Up (0.48x vs 10W Avg),-4.53,Underperformed Nifty by 4.53% in 3 Months,False,-4.53,9.34,334016320.96,"Stage 3, Early, weekly_vcp_ok, volume_dryup, weekly_volume_dryup, weekly_strong, flags=Wide Risk;Low Liquidity, distribution_or_weakening_risk",386,416.0,Stage 3,watchlist,weekly_watchlist,23.45,30.0,-0.48999999999999844,False,False,False,False,False
AFFLE.NS,Affle 3i Limited,Communication Services,Communication Services,False,Cash,1,Stage 3,Stage 3,Early,0.68,"Prior strength has shifted into a Stage 3 transition based on trend, relative strength, and volume evidence.",,,,,watchlist,weekly_watchlist,watchlist,0.0,38.25,18.85,5.0,0.0,38.25,23.85,Stage 3 Early,18.85,Strong,Volume Drying Up,Volume Drying Up (0.27x vs 10W Avg),11.29,Outperformed Nifty by 11.29% in 3 Months,False,11.29,11.18,590069632.1,"Stage 3, Early, weekly_vcp_ok, volume_dryup, weekly_volume_dryup, weekly_strong, flags=Wide Risk;Low Liquidity, distribution_or_weakening_risk",374,404.0,Stage 3,watchlist,weekly_watchlist,24.89,30.0,-1.0399999999999991,False,False,False,False,False
NORTHARC.NS,Northern Arc Capital Limited,Credit Services,Financial Services,False,Cash,1,Stage 2,Stage 2,Advancing,0.8,Price is above constructive weekly and long-term trend structure with improving relative strength.,,,2026-09-25,,watchlist,weekly_watchlist,watchlist,50.89,27.55,35.0,2.0,50.89,27.55,37.0,Stage 2 - Advancing,35.0,Strong,Volume Drying Up,Volume Drying Up (0.43x vs 10W Avg),-1.05,Underperformed Nifty by 1.05% in 3 Months,True,-1.05,34.55,375009530.54,"Stage 2, Advancing, trend_template_ok, volume_dryup, weekly_volume_dryup, flags=Wide Risk;Low Liquidity",225,254.0,Stage 2,watchlist,weekly_watchlist,36.8,29.0,0.20000000000000284,False,False,False,False,False
ACC.NS,ACC Limited,Building Materials,Basic Materials,False,Cash,1,Stage 4,Stage 4,Stage 4,0.86,Price is below the 30-week trend and below long-term support structure.,,,,,watchlist,weekly_watchlist,watchlist,0.66,33.1,7.27,0.0,0.66,33.1,7.27,Stage 4,7.27,Weak,Volume Drying Up,Volume Drying Up (0.55x vs 10W Avg),-5.05,Underperformed Nifty by 5.05% in 3 Months,False,-5.05,-5.69,139059817.88,"Stage 4, Stage 4, weekly_vcp_ok, volume_dryup, weekly_volume_dryup, weekly_strong, flags=Wide Weekly Base;Wide Risk;Low Liquidity, downtrend",682,711.0,Stage 4,watchlist,weekly_watchlist,7.14,29.0,0.1299999999999999,False,False,False,False,False
ARVINDFASN.NS,Arvind Fashions Limited,Apparel Manufacturing,Consumer Cyclical,False,Cash,1,Stage 4,Stage 4,Stage 4,0.86,Price is below the 30-week trend and below long-term support structure.,,,,,watchlist,weekly_watchlist,watchlist,0.0,33.8,20.07,0.0,0.0,33.8,20.07,Stage 4,20.07,Weak,Volume Drying Up,Volume Drying Up (0.68x vs 10W Avg),-6.6,Underperformed Nifty by 6.6% in 3 Months,False,-6.6,3.19,83619957.17,"Stage 4, Stage 4, weekly_vcp_ok, volume_dryup, weekly_volume_dryup, weekly_strong, flags=Wider Risk, downtrend",425,454.0,Stage 4,watchlist,weekly_watchlist,19.98,29.0,0.08999999999999986,False,False,False,False,False
ANURAS.NS,Anupam Rasayan India Limited,Specialty Chemicals,Basic Materials,False,Cash,1,Stage 1,Stage 1,Stage 1,0.64,Price is building a base around long-term weekly structure without a confirmed advancing phase.,,,,,watchlist,weekly_watchlist,watchlist,0.0,40.0,15.31,5.0,0.0,40.0,20.31,Stage 1,15.31,Weak,Volume Normal,Volume Normal (1.07x vs 10W Avg),-1.58,Underperformed Nifty by 1.58% in 3 Months,False,-1.58,-4.62,682543931.73,"Stage 1, Stage 1, weekly_vcp_ok, weekly_strong, flags=Low Liquidity, stage1_not_actionable, stage1_needs_more_base",421,450.0,Stage 1,watchlist,weekly_watchlist,20.24,29.0,0.07000000000000028,False,False,False,False,False
DEEPINDS.NS,Deep Industries Limited,Energy,Energy,False,Cash,1,Stage 2,Stage 2,Extended,0.78,"Weekly advancing structure remains intact, but price is stretched versus key moving averages.",,,2026-09-25,,watchlist,weekly_watchlist,watchlist,37.22,31.0,26.58,5.0,37.22,31.0,31.58,Stage 2 - Extended,26.58,Very Strong,Volume Drying Up,Volume Drying Up (0.45x vs 10W Avg),74.99,Outperformed Nifty by 74.99% in 3 Months,True,74.99,77.93,386766741.24,"Stage 2, Extended, trend_template_ok, volume_dryup, weekly_volume_dryup, flags=Loose Structure;Extended;Wide Risk;Low Liquidity",297,326.0,Stage 2,watchlist,weekly_watchlist,31.58,29.0,0.0,False,False,False,False,False
ZEEL.NS,Zee Entertainment Enterprises Limited,Communication Services,Communication Services,False,Cash,1,Stage 4,Stage 4,Stage 4,0.86,Price is below the 30-week trend and below long-term support structure.,,,2026-08-28,,watchlist,weekly_watchlist,watchlist,0.0,32.0,3.79,5.0,0.0,32.0,8.79,Stage 4,3.79,Weak,Volume Drying Up,Volume Drying Up (0.42x vs 10W Avg),-21.8,Underperformed Nifty by 21.8% in 3 Months,False,-21.8,7.92,1429471436.28,"Stage 4, Stage 4, weekly_vcp_ok, volume_dryup, weekly_volume_dryup, weekly_strong, flags=Loose Structure;Wide Risk;Low Liquidity, downtrend",656,685.0,Stage 4,watchlist,weekly_watchlist,8.79,29.0,0.0,False,False,False,False,False
AIAENG.NS,AIA Engineering Limited,Specialty Industrial Machinery,Industrials,False,Cash,1,Failed Stage 2,Stage 3,Failed Stage 2,0.72,"This stock was recently Stage 2, but the latest structure no longer satisfies Stage 2 rules. It is kept as Failed Stage 2 until a fresh base/repair structure forms.",Recent Stage 2 break; public stage held as Failed Stage 2.,2026-09-28,2026-09-08,,watchlist,weekly_watchlist,watchlist,0.0,37.8,16.73,10.0,0.0,37.8,26.73,Failed Stage 2,16.73,Weak,Volume Normal,Volume Normal (1.46x vs 10W Avg),-17.72,Underperformed Nifty by 17.72% in 3 Months,False,-17.72,8.29,261715478.76,"Stage 3, Early, weekly_vcp_ok, weekly_strong, flags=Wide Risk, distribution_or_weakening_risk | Stage 2 failed state applied from stage memory.",350,379.0,Failed Stage 2,watchlist,weekly_watchlist,26.97,29.0,-0.23999999999999844,False,False,False,False,False
BAJAJHLDNG.NS,Bajaj Holdings & Investment Limited,Asset Management,Financial Services,True,F&O,1,Stage 2,Stage 2,Advancing,0.8,Price is above constructive weekly and long-term trend structure with improving relative strength.,,,2026-09-25,,watchlist,weekly_near_pivot,watchlist,32.25,69.17,44.94,0.0,32.25,69.17,44.94,Stage 2 - Advancing,44.94,Strong,Volume Normal,Volume Normal (0.90x vs 10W Avg),5.15,Outperformed Nifty by 5.15% in 3 Months,False,5.15,24.55,453159062.4,"Stage 2, Advancing, weekly_vcp_ok, weekly_strong, flags=Low Liquidity",113,142.0,Stage 2,watchlist,weekly_near_pivot,45.29,29.0,-0.3500000000000014,False,False,False,False,False
WELENT.NS,Welspun Enterprises Limited,Engineering & Construction,Industrials,False,Cash,1,Stage 2,Stage 2,Advancing,0.9,Price is above constructive weekly and long-term trend structure with improving relative strength.,,,2026-09-25,,watchlist,weekly_watchlist,watchlist,33.6,23.0,24.68,0.0,33.6,23.0,24.68,Stage 2 - Advancing,24.68,Very Strong,Volume Drying Up,Volume Drying Up (0.56x vs 10W Avg),28.13,Outperformed Nifty by 28.13% in 3 Months,True,28.13,73.94,706635781.37,"Stage 2, Advancing, trend_template_ok, weekly_volume_dryup, flags=Loose Structure;Wide Risk;Low Liquidity",367,396.0,Stage 2,watchlist,weekly_watchlist,25.95,29.0,-1.2699999999999996,False,False,False,False,False
KPRMILL.NS,K.P.R. Mill Limited,Textile Manufacturing,Consumer Cyclical,False,Cash,1,Stage 2,Stage 2,Advancing,0.8,Price is above constructive weekly and long-term trend structure with improving relative strength.,,,2026-09-25,,watchlist,weekly_watchlist,watchlist,59.83,19.98,41.17,10.0,59.83,19.98,51.17,Stage 2 - Advancing,41.17,Neutral,Volume Drying Up,Volume Drying Up (0.43x vs 10W Avg),-2.28,Underperformed Nifty by 2.28% in 3 Months,True,-2.28,34.05,273230246.33,"Stage 2, Advancing, trend_template_ok, volume_dryup, weekly_volume_dryup, flags=Wide Risk",68,96.0,Stage 2,watchlist,weekly_watchlist,49.39,28.0,1.7800000000000011,False,False,False,False,False
MANYAVAR.NS,Vedant Fashions Limited,Apparel Manufacturing,Consumer Cyclical,False,Cash,1,Stage 2,Stage 2,Advancing,0.8,Price is above constructive weekly and long-term trend structure with improving relative strength.,Stage 2 confirmed with 3 raw confirmation runs.,,2026-09-25,,watchlist,weekly_forming,watchlist,53.05,59.6,46.93,0.0,53.05,59.6,46.93,Stage 2 - Advancing,46.93,Very Strong,Volume Drying Up,Volume Drying Up (0.13x vs 10W Avg),39.81,Outperformed Nifty by 39.81% in 3 Months,True,39.81,48.94,205566104.76,"Stage 2, Advancing, trend_template_ok, weekly_vcp_ok, volume_dryup, weekly_volume_dryup, weekly_strong, flags=Loose Structure;Wide Risk;Low Liquidity",98,126.0,Not Sure,watchlist,weekly_forming,46.32,28.0,0.6099999999999994,False,False,True,False,False
RAYMOND.NS,Raymond Limited,Specialty Industrial Machinery,Industrials,False,Cash,1,Stage 2,Stage 2,Extended,0.78,"Weekly advancing structure remains intact, but price is stretched versus key moving averages.",,,2026-09-25,,watchlist,weekly_watchlist,watchlist,53.09,20.6,30.34,10.0,53.09,20.6,40.34,Stage 2 - Extended,30.34,Very Strong,Volume Expanding,Volume Expanding (1.70x vs 10W Avg),104.98,Outperformed Nifty by 104.98% in 3 Months,True,104.98,238.43,6509352881.07,"Stage 2, Extended, trend_template_ok, flags=Loose Structure;Extended;Wide Risk;Low Liquidity",185,213.0,Stage 2,watchlist,weekly_watchlist,39.84,28.0,0.5,False,False,False,False,False
EPL.NS,EPL Limited,Consumer Cyclical,Consumer Cyclical,False,Cash,1,Stage 2,Stage 2,Advancing,0.8,Price is above constructive weekly and long-term trend structure with improving relative strength.,,,2026-09-25,,watchlist,weekly_forming,watchlist,31.77,59.01,38.84,2.0,31.77,59.01,40.84,Stage 2 - Advancing,38.84,Strong,Volume Drying Up,Volume Drying Up (0.25x vs 10W Avg),6.89,Outperformed Nifty by 6.89% in 3 Months,True,6.89,12.21,2336263644.52,"Stage 2, Advancing, trend_template_ok, weekly_vcp_ok, volume_dryup, weekly_volume_dryup, weekly_strong, flags=Wide Risk;Low Liquidity",177,205.0,Stage 2,watchlist,weekly_forming,40.61,28.0,0.23000000000000398,False,False,False,False,False
JSWHL.NS,JSW Holdings Limited,Conglomerates,Industrials,False,Cash,1,Stage 4,Stage 4,Stage 4,0.86,Price is below the 30-week trend and below long-term support structure.,,,,,watchlist,weekly_watchlist,watchlist,7.1,33.8,20.07,0.0,7.1,33.8,20.07,Stage 4,20.07,Weak,Volume Drying Up,Volume Drying Up (0.35x vs 10W Avg),-3.52,Underperformed Nifty by 3.52% in 3 Months,False,-3.52,-4.0,79743179.65,"Stage 4, Stage 4, weekly_vcp_ok, weekly_volume_dryup, weekly_strong, flags=Wide Weekly Base;Wide Risk, downtrend",424,452.0,Stage 4,watchlist,weekly_watchlist,19.99,28.0,0.08000000000000185,False,False,False,False,False
ANUP.NS,The Anup Engineering Limited,Specialty Industrial Machinery,Industrials,False,Cash,1,Stage 4,Stage 4,Stage 4,0.86,Price is below the 30-week trend and below long-term support structure.,,,,,watchlist,weekly_watchlist,watchlist,0.0,32.0,3.79,10.0,0.0,32.0,13.79,Stage 4,3.79,Weak,Volume Drying Up,Volume Drying Up (0.81x vs 10W Avg),-22.46,Underperformed Nifty by 22.46% in 3 Months,False,-22.46,-2.73,36903444.38,"Stage 4, Stage 4, weekly_vcp_ok, volume_dryup, weekly_volume_dryup, weekly_strong, flags=Wide Base;Wide Weekly Base;Loose Structure;Wide Risk;Low Liquidity, downtrend",539,567.0,Stage 4,watchlist,weekly_watchlist,13.79,28.0,0.0,False,False,False,False,False
BOMDYEING.NS,Bombay Dyeing & Mfg Company Limited,Textile Manufacturing,Consumer Cyclical,False,Cash,1,Stage 4,Stage 4,Stage 4,0.86,Price is below the 30-week trend and below long-term support structure.,,,,,watchlist,weekly_watchlist,watchlist,4.06,0.0,0.0,10.0,4.06,0.0,10.0,Stage 4,0.0,Weak,Volume Drying Up,Volume Drying Up (0.50x vs 10W Avg),-13.3,Underperformed Nifty by 13.3% in 3 Months,False,-13.3,6.94,52218946.92,"Stage 4, Stage 4, volume_dryup, weekly_volume_dryup, flags=Wide Risk;Low Liquidity, downtrend",613,641.0,Stage 4,watchlist,weekly_watchlist,10.0,28.0,0.0,False,False,False,False,False
BLS.NS,BLS International Services Limited,Industrials,Industrials,False,Cash,1,Stage 4,Stage 4,Stage 4,0.86,Price is below the 30-week trend and below long-term support structure.,,,,,watchlist,weekly_watchlist,watchlist,8.7,33.1,7.38,0.0,8.7,33.1,7.38,Stage 4,7.38,Weak,Volume Drying Up,Volume Drying Up (0.29x vs 10W Avg),-7.16,Underperformed Nifty by 7.16% in 3 Months,False,-7.16,-15.14,175788864.9,"Stage 4, Stage 4, weekly_vcp_ok, volume_dryup, weekly_volume_dryup, weekly_strong, flags=Wide Weekly Base;Wide Risk;Low Liquidity, downtrend",677,705.0,Stage 4,watchlist,weekly_watchlist,7.38,28.0,0.0,False,False,False,False,False
WAAREERTL.NS,Waaree Renewable Technologies Limited,Utilities - Renewable,Utilities,False,Cash,1,Stage 4,Stage 4,Stage 4,0.86,Price is below the 30-week trend and below long-term support structure.,,,,,watchlist,weekly_watchlist,watchlist,0.0,0.2,0.0,0.0,0.0,0.2,0.0,Stage 4,0.0,Weak,Volume Normal,Volume Normal (1.24x vs 10W Avg),-14.68,Underperformed Nifty by 14.68% in 3 Months,False,-14.68,-1.05,99478356.96,"Stage 4, Stage 4, flags=Wider Risk;Low Liquidity, downtrend",879,907.0,Stage 4,watchlist,weekly_watchlist,0.0,28.0,0.0,False,False,False,False,False
JINDALPOLY.NS,Jindal Poly Films Limited,Consumer Cyclical,Consumer Cyclical,False,Cash,1,Stage 1,Stage 1,Stage 1,0.64,Price is building a base around long-term weekly structure without a confirmed advancing phase.,,,,,watchlist,weekly_watchlist,watchlist,1.24,41.64,13.41,2.0,1.24,41.64,15.41,Stage 1,13.41,Strong,Volume Drying Up,Volume Drying Up (0.36x vs 10W Avg),15.14,Outperformed Nifty by 15.14% in 3 Months,False,15.14,-9.74,46116686.81,"Stage 1, Stage 1, weekly_vcp_ok, weekly_volume_dryup, weekly_strong, flags=Wide Weekly Base;Wide Risk;Low Liquidity, stage1_not_actionable, stage1_needs_more_base",502,530.0,Stage 1,watchlist,weekly_watchlist,15.88,28.0,-0.47000000000000064,False,False,False,False,False
FORCEMOT.NS,FORCE MOTORS LTD,Auto Manufacturers,Consumer Cyclical,True,F&O,1,Stage 4,Stage 4,Stage 4,0.86,Price is below the 30-week trend and below long-term support structure.,,,,,watchlist,weekly_watchlist,watchlist,7.51,33.1,11.42,5.0,7.51,33.1,16.42,Stage 4,11.42,Weak,Volume Drying Up,Volume Drying Up (0.71x vs 10W Avg),-6.35,Underperformed Nifty by 6.35% in 3 Months,False,-6.35,-16.57,1196028927.33,"Stage 4, Stage 4, weekly_vcp_ok, volume_dryup, weekly_volume_dryup, weekly_strong, flags=Wide Risk;Low Liquidity, downtrend",480,508.0,Stage 4,watchlist,weekly_watchlist,17.06,28.0,-0.639999999999997,False,False,False,False,False
CGCL.NS,Capri Global Capital Limited,Credit Services,Financial Services,False,Cash,1,Stage 2,Stage 2,Advancing,0.9,Price is above constructive weekly and long-term trend structure with improving relative strength.,,,2026-09-25,,watchlist,weekly_watchlist,watchlist,39.13,24.05,30.68,2.0,39.13,24.05,32.68,Stage 2 - Advancing,30.68,Very Strong,Volume Drying Up,Volume Drying Up (0.41x vs 10W Avg),14.47,Outperformed Nifty by 14.47% in 3 Months,True,14.47,52.01,1084017071.01,"Stage 2, Advancing, trend_template_ok, volume_dryup, weekly_volume_dryup, flags=Wide Risk;Low Liquidity",276,304.0,Stage 2,watchlist,weekly_watchlist,33.42,28.0,-0.740000000000002,False,False,False,False,False
ELLEN.NS,Ellenbarrie Industrial Gases Limited,Chemicals,Basic Materials,False,Cash,1,Stage 1,Stage 1,Stage 1,0.68,Price is building a base around long-term weekly structure without a confirmed advancing phase.,,,,,watchlist,weekly_watchlist,watchlist,0.0,43.6,14.58,5.0,0.0,43.6,19.58,Stage 1,14.58,Very Strong,Volume Normal,Volume Normal (1.05x vs 10W Avg),41.99,Outperformed Nifty by 41.99% in 3 Months,False,41.99,78.47,383595470.24,"Stage 1, Stage 1, weekly_vcp_ok, weekly_strong, flags=Loose Structure;Wide Risk;Low Liquidity, stage1_not_actionable, stage1_needs_more_base",431,458.0,Stage 1,watchlist,weekly_watchlist,19.58,27.0,0.0,False,False,False,False,False
MUTHOOTMF.NS,Muthoot Microfin Limited,Credit Services,Financial Services,False,Cash,1,Failed Stage 2,Stage 3,Failed Stage 2,0.72,"This stock was recently Stage 2, but the latest structure no longer satisfies Stage 2 rules. It is kept as Failed Stage 2 until a fresh base/repair structure forms.",Recent Stage 2 break; public stage held as Failed Stage 2.,2026-09-28,2026-09-14,,watchlist,weekly_watchlist,watchlist,0.0,36.89,5.29,2.0,0.0,36.89,7.29,Failed Stage 2,5.29,Weak,Volume Drying Up,Volume Drying Up (0.37x vs 10W Avg),-12.22,Underperformed Nifty by 12.22% in 3 Months,False,-12.22,21.14,43312816.45,"Stage 3, Early, weekly_vcp_ok, volume_dryup, weekly_volume_dryup, weekly_strong, flags=Loose Structure;Wide Risk;Low Liquidity, distribution_or_weakening_risk | Stage 2 failed state applied from stage memory.",680,707.0,Failed Stage 2,watchlist,weekly_watchlist,7.3,27.0,-0.009999999999999787,False,False,False,False,False
BAJAJHFL.NS,Bajaj Housing Finance Limited,Mortgage Finance,Financial Services,False,Cash,1,Stage 4,Stage 4,Stage 4,0.86,Price is below the 30-week trend and below long-term support structure.,,,,,watchlist,weekly_watchlist,watchlist,1.57,18.92,8.04,0.0,1.57,18.92,8.04,Stage 4,8.04,Neutral,Volume Normal,Volume Normal (1.02x vs 10W Avg),-1.81,Underperformed Nifty by 1.81% in 3 Months,False,-1.81,8.05,241185479.35,"Stage 4, Stage 4, weekly_vcp_ok, flags=Wide Risk;Low Liquidity, downtrend",665,692.0,Stage 4,watchlist,weekly_watchlist,8.16,27.0,-0.120000000000001,False,False,False,False,False
INDOSTAR.NS,IndoStar Capital Finance Limited,Credit Services,Financial Services,False,Cash,1,Failed Stage 2,Stage 3,Failed Stage 2,0.72,"This stock was recently Stage 2, but the latest structure no longer satisfies Stage 2 rules. It is kept as Failed Stage 2 until a fresh base/repair structure forms.",Recent Stage 2 break; public stage held as Failed Stage 2.,2026-09-28,2026-09-18,,watchlist,weekly_watchlist,watchlist,0.17,37.1,10.0,2.0,0.17,37.1,12.0,Failed Stage 2,10.0,Weak,Volume Drying Up,Volume Drying Up (0.42x vs 10W Avg),-13.94,Underperformed Nifty by 13.94% in 3 Months,False,-13.94,10.04,22135604.29,"Stage 3, Early, weekly_vcp_ok, volume_dryup, weekly_volume_dryup, weekly_strong, flags=Wide Risk;Low Liquidity, distribution_or_weakening_risk | Stage 2 failed state applied from stage memory.",577,604.0,Failed Stage 2,watchlist,weekly_watchlist,12.14,27.0,-0.14000000000000057,False,False,False,False,False
AMBUJACEM.NS,Ambuja Cements Limited,Building Materials,Basic Materials,True,F&O,1,Stage 4,Stage 4,Stage 4,0.86,Price is below the 30-week trend and below long-term support structure.,,,,,watchlist,weekly_watchlist,watchlist,4.88,32.0,8.1,0.0,4.88,32.0,8.1,Stage 4,8.1,Weak,Volume Drying Up,Volume Drying Up (0.54x vs 10W Avg),-7.62,Underperformed Nifty by 7.62% in 3 Months,False,-7.62,-7.84,444729396.37,"Stage 4, Stage 4, weekly_vcp_ok, volume_dryup, weekly_volume_dryup, weekly_strong, flags=Wide Risk;Low Liquidity, downtrend",664,691.0,Stage 4,watchlist,weekly_watchlist,8.25,27.0,-0.15000000000000036,False,False,False,False,False
TEJASNET.NS,Tejas Networks Limited,Communication Equipment,Technology,False,Cash,1,Failed Stage 2,Stage 3,Failed Stage 2,0.72,"This stock was recently Stage 2, but the latest structure no longer satisfies Stage 2 rules. It is kept as Failed Stage 2 until a fresh base/repair structure forms.",Recent Stage 2 break; public stage held as Failed Stage 2.,2026-09-28,2026-09-23,,watchlist,weekly_watchlist,watchlist,11.65,36.6,17.98,10.0,11.65,36.6,27.98,Failed Stage 2,17.98,Weak,Volume Drying Up,Volume Drying Up (0.32x vs 10W Avg),-13.37,Underperformed Nifty by 13.37% in 3 Months,False,-13.37,19.4,1941965743.61,"Stage 3, Early, weekly_vcp_ok, volume_dryup, weekly_volume_dryup, weekly_strong, flags=Wide Risk;Low Liquidity, distribution_or_weakening_risk | Stage 2 failed state applied from stage memory.",336,363.0,Failed Stage 2,watchlist,weekly_watchlist,28.26,27.0,-0.28000000000000114,False,False,False,False,False
ARVIND.NS,Arvind Limited,Textile Manufacturing,Consumer Cyclical,False,Cash,1,Stage 2,Stage 2,Advancing,0.9,Price is above constructive weekly and long-term trend structure with improving relative strength.,,,2026-09-25,,watchlist,weekly_watchlist,watchlist,34.74,20.39,26.18,10.0,34.74,20.39,36.18,Stage 2 - Advancing,26.18,Strong,Volume Drying Up,Volume Drying Up (0.75x vs 10W Avg),1.58,Outperformed Nifty by 1.58% in 3 Months,True,1.58,52.28,360364312.41,"Stage 2, Advancing, trend_template_ok, weekly_volume_dryup, flags=Wide Risk;Low Liquidity",235,262.0,Stage 2,watchlist,weekly_watchlist,36.57,27.0,-0.39000000000000057,False,False,False,False,False
WONDERLA.NS,Wonderla Holidays Limited,Consumer Cyclical,Consumer Cyclical,False,Cash,1,Stage 1,Stage 1,Stage 1,0.68,Price is building a base around long-term weekly structure without a confirmed advancing phase.,,,,,watchlist,weekly_watchlist,watchlist,4.95,43.65,24.96,2.0,4.95,43.65,26.96,Stage 1,24.96,Strong,Volume Drying Up,Volume Drying Up (0.36x vs 10W Avg),7.1,Outperformed Nifty by 7.1% in 3 Months,False,7.1,-0.63,27354936.35,"Stage 1, Stage 1, stage1_base_ready, weekly_vcp_ok, volume_dryup, weekly_volume_dryup, weekly_strong, flags=Wider Risk;Low Liquidity, stage1_not_actionable",347,374.0,Stage 1,watchlist,weekly_watchlist,27.49,27.0,-0.5299999999999976,False,False,False,False,False
HIKAL.NS,Hikal Limited,Drug Manufacturers - Specialty & Generic,Healthcare,False,Cash,1,Stage 2,Stage 2,Advancing,0.8,Price is above constructive weekly and long-term trend structure with improving relative strength.,,,2026-09-25,,watchlist,weekly_watchlist,watchlist,37.28,21.71,21.99,10.0,37.28,21.71,31.99,Stage 2 - Advancing,21.99,Neutral,Volume Drying Up,Volume Drying Up (0.57x vs 10W Avg),-1.14,Underperformed Nifty by 1.14% in 3 Months,True,-1.14,32.2,900786100.81,"Stage 2, Advancing, trend_template_ok, volume_dryup, weekly_volume_dryup, flags=Wide Risk;Low Liquidity",287,314.0,Stage 2,watchlist,weekly_watchlist,32.89,27.0,-0.9000000000000021,False,False,False,False,False
HGINFRA.NS,H.G. Infra Engineering Limited,Engineering & Construction,Industrials,False,Cash,1,Stage 4,Stage 4,Stage 4,0.86,Price is below the 30-week trend and below long-term support structure.,,,,,watchlist,weekly_watchlist,watchlist,0.0,32.0,4.87,0.0,0.0,32.0,4.87,Stage 4,4.87,Weak,Volume Expanding,Volume Expanding (6.49x vs 10W Avg),-15.82,Underperformed Nifty by 15.82% in 3 Months,False,-15.82,-5.25,341562724.99,"Stage 4, Stage 4, weekly_vcp_ok, weekly_strong, flags=Wide Weekly Base;Wider Risk;Low Liquidity, downtrend",748,774.0,Stage 4,watchlist,weekly_watchlist,4.23,26.0,0.6399999999999997,False,False,False,False,False
GREAVESCOT.NS,Greaves Cotton Limited,Specialty Industrial Machinery,Industrials,False,Cash,1,Stage 2,Stage 2,Advancing,0.9,Price is above constructive weekly and long-term trend structure with improving relative strength.,,,2026-09-25,,watchlist,weekly_watchlist,watchlist,56.8,32.2,31.52,10.0,56.8,32.2,41.52,Stage 2 - Advancing,31.52,Strong,Volume Expanding,Volume Expanding (3.54x vs 10W Avg),5.65,Outperformed Nifty by 5.65% in 3 Months,True,5.65,78.17,485740870.01,"Stage 2, Advancing, trend_template_ok, flags=Wide Weekly Base;Loose Structure;Wide Risk;Low Liquidity",166,192.0,Stage 2,watchlist,weekly_watchlist,41.66,26.0,-0.13999999999999346,False,False,False,False,False
SAILIFE.NS,Sai Life Sciences Limited,Diagnostics & Research,Healthcare,False,Cash,1,Stage 2,Stage 2,Advancing,0.9,Price is above constructive weekly and long-term trend structure with improving relative strength.,,,2026-09-25,,watchlist,weekly_watchlist,watchlist,36.26,32.2,30.94,10.0,36.26,32.2,40.94,Stage 2 - Advancing,30.94,Very Strong,Volume Drying Up,Volume Drying Up (0.49x vs 10W Avg),32.96,Outperformed Nifty by 32.96% in 3 Months,True,32.96,67.14,1398130415.03,"Stage 2, Advancing, trend_template_ok, volume_dryup, weekly_volume_dryup, flags=Loose Structure;Wide Risk;Low Liquidity",174,200.0,Stage 2,watchlist,weekly_watchlist,41.15,26.0,-0.21000000000000085,False,False,False,False,False
ACMESOLAR.NS,Acme Solar Holdings Limited,Utilities - Renewable,Utilities,False,Cash,1,Stage 2,Stage 2,Advancing,0.9,Price is above constructive weekly and long-term trend structure with improving relative strength.,,,2026-09-25,,watchlist,weekly_watchlist,watchlist,55.07,28.42,41.61,0.0,55.07,28.42,41.61,Stage 2 - Advancing,41.61,Very Strong,Volume Normal,Volume Normal (1.09x vs 10W Avg),16.46,Outperformed Nifty by 16.46% in 3 Months,True,16.46,61.7,1209995840.81,"Stage 2, Advancing, trend_template_ok, flags=Wider Risk;Low Liquidity",162,188.0,Stage 2,watchlist,weekly_watchlist,41.89,26.0,-0.28000000000000114,False,False,False,False,False
ASHIANA.NS,Ashiana Housing Limited,Real Estate,Real Estate,False,Cash,1,Stage 2,Stage 2,Advancing,0.9,Price is above constructive weekly and long-term trend structure with improving relative strength.,,,2026-09-25,,watchlist,weekly_watchlist,watchlist,33.5,25.44,26.95,2.0,33.5,25.44,28.95,Stage 2 - Advancing,26.95,Very Strong,Volume Drying Up,Volume Drying Up (0.29x vs 10W Avg),6.53,Outperformed Nifty by 6.53% in 3 Months,True,6.53,29.83,34198631.26,"Stage 2, Advancing, trend_template_ok, volume_dryup, weekly_volume_dryup, flags=Wide Risk;Low Liquidity",326,352.0,Stage 2,watchlist,weekly_watchlist,29.31,26.0,-0.35999999999999943,False,False,False,False,False
NEWGEN.NS,Newgen Software Technologies Limited,Software - Infrastructure,Technology,False,Cash,1,Stage 4,Stage 4,Stage 4,0.66,Price is below weekly structure.,,,,,watchlist,weekly_watchlist,watchlist,4.78,34.71,9.0,2.0,4.78,34.71,11.0,Stage 4,9.0,Neutral,Volume Drying Up,Volume Drying Up (0.30x vs 10W Avg),4.86,Outperformed Nifty by 4.86% in 3 Months,False,4.86,11.2,331811415.35,"Stage 4, Stage 4, weekly_vcp_ok, volume_dryup, weekly_volume_dryup, weekly_strong, flags=Wide Weekly Base;Wide Risk;Low Liquidity, downtrend",590,616.0,Stage 4,watchlist,weekly_watchlist,11.42,26.0,-0.41999999999999993,False,False,False,False,False
VIPIND.NS,VIP Industries Limited,Consumer Cyclical,Consumer Cyclical,False,Cash,1,Stage 4,Stage 4,Stage 4,0.86,Price is below the 30-week trend and below long-term support structure.,,,,,watchlist,weekly_watchlist,watchlist,4.7,33.1,13.79,2.0,4.7,33.1,15.79,Stage 4,13.79,Neutral,Volume Drying Up,Volume Drying Up (0.72x vs 10W Avg),-0.53,Underperformed Nifty by 0.53% in 3 Months,False,-0.53,-4.16,100417600.1,"Stage 4, Stage 4, weekly_vcp_ok, weekly_volume_dryup, weekly_strong, flags=Wide Risk;Low Liquidity, downtrend",496,522.0,Stage 4,watchlist,weekly_watchlist,16.28,26.0,-0.490000000000002,False,False,False,False,False
ZYDUSLIFE.NS,Zydus Lifesciences Limited,Drug Manufacturers - Specialty & Generic,Healthcare,True,F&O,1,Stage 2,Stage 2,Advancing,0.9,Price is above constructive weekly and long-term trend structure with improving relative strength.,,,2026-09-25,,watchlist,weekly_watchlist,watchlist,39.09,30.06,34.6,10.0,39.09,30.06,44.6,Stage 2 - Advancing,34.6,Very Strong,Volume Expanding,Volume Normal (1.50x vs 10W Avg),15.68,Outperformed Nifty by 15.68% in 3 Months,True,15.68,42.97,1594737678.1,"Stage 2, Advancing, trend_template_ok, flags=Wider Risk;Low Liquidity",118,144.0,Stage 2,watchlist,weekly_watchlist,45.2,26.0,-0.6000000000000014,False,False,False,False,False
MUTHOOTFIN.NS,Muthoot Finance Limited,Credit Services,Financial Services,True,F&O,1,Stage 4,Stage 4,Stage 4,0.86,Price is below the 30-week trend and below long-term support structure.,,,,,watchlist,weekly_watchlist,watchlist,0.0,32.0,4.44,2.0,0.0,32.0,6.44,Stage 4,4.44,Weak,Volume Drying Up,Volume Drying Up (0.57x vs 10W Avg),-1.33,Underperformed Nifty by 1.33% in 3 Months,False,-1.33,-10.18,1704888276.9,"Stage 4, Stage 4, weekly_vcp_ok, volume_dryup, weekly_volume_dryup, weekly_strong, flags=Wide Risk;Low Liquidity, downtrend",697,722.0,Stage 4,watchlist,weekly_watchlist,6.39,25.0,0.05000000000000071,False,False,False,False,False
CELLO.NS,Cello World Limited,"Furnishings, Fixtures & Appliances",Consumer Cyclical,False,Cash,1,Stage 4,Stage 4,Stage 4,0.86,Price is below the 30-week trend and below long-term support structure.,,,,,watchlist,weekly_watchlist,watchlist,1.5,32.0,7.37,0.0,1.5,32.0,7.37,Stage 4,7.37,Weak,Volume Drying Up,Volume Drying Up (0.58x vs 10W Avg),-4.38,Underperformed Nifty by 4.38% in 3 Months,False,-4.38,-13.59,106936804.74,"Stage 4, Stage 4, weekly_vcp_ok, volume_dryup, weekly_volume_dryup, weekly_strong, flags=Wide Risk;Low Liquidity, downtrend",678,703.0,Stage 4,watchlist,weekly_watchlist,7.41,25.0,-0.040000000000000036,False,False,False,False,False
HUDCO.NS,Housing & Urban Development Corporation Limited,Credit Services,Financial Services,False,Cash,1,Stage 4,Stage 4,Stage 4,0.86,Price is below the 30-week trend and below long-term support structure.,,,,,watchlist,weekly_watchlist,watchlist,3.21,32.0,6.96,2.0,3.21,32.0,8.96,Stage 4,6.96,Weak,Volume Normal,Volume Normal (0.95x vs 10W Avg),-12.18,Underperformed Nifty by 12.18% in 3 Months,False,-12.18,4.11,290073157.03,"Stage 4, Stage 4, weekly_vcp_ok, weekly_strong, flags=Wide Risk;Low Liquidity, downtrend",654,679.0,Stage 4,watchlist,weekly_watchlist,9.23,25.0,-0.2699999999999996,False,False,False,False,False
UTIAMC.NS,UTI Asset Management Company Limited,Asset Management,Financial Services,False,Cash,1,Stage 4,Stage 4,Stage 4,0.66,Price is below weekly structure.,,,,,watchlist,weekly_watchlist,watchlist,2.36,32.86,9.32,0.0,2.36,32.86,9.32,Stage 4,9.32,Strong,Volume Drying Up,Volume Drying Up (0.45x vs 10W Avg),3.54,Outperformed Nifty by 3.54% in 3 Months,False,3.54,1.08,101724628.26,"Stage 4, Stage 4, weekly_vcp_ok, volume_dryup, weekly_volume_dryup, weekly_strong, flags=Low Liquidity, downtrend",644,669.0,Stage 4,watchlist,weekly_watchlist,9.71,25.0,-0.39000000000000057,False,False,False,False,False
TCI.NS,Transport Corporation of India Limited,Industrials,Industrials,False,Cash,1,Stage 4,Stage 4,Stage 4,0.86,Price is below the 30-week trend and below long-term support structure.,,,,,watchlist,weekly_watchlist,watchlist,0.0,33.1,10.81,0.0,0.0,33.1,10.81,Stage 4,10.81,Weak,Volume Expanding,Volume Expanding (8.25x vs 10W Avg),-2.51,Underperformed Nifty by 2.51% in 3 Months,False,-2.51,-14.49,280493390.54,"Stage 4, Stage 4, weekly_vcp_ok, weekly_strong, flags=Wider Risk;Low Liquidity, downtrend",593,618.0,Stage 4,watchlist,weekly_watchlist,11.36,25.0,-0.5499999999999989,False,False,False,False,False
UJJIVANSFB.NS,Ujjivan Small Finance Bank Limited,Banks - Regional,Financial Services,False,Cash,1,Stage 2,Stage 2,Advancing,0.8,Price is above constructive weekly and long-term trend structure with improving relative strength.,,,2026-09-25,,watchlist,weekly_watchlist,watchlist,34.34,16.2,19.45,2.0,34.34,16.2,21.45,Stage 2 - Advancing,19.45,Strong,Volume Drying Up,Volume Drying Up (0.83x vs 10W Avg),7.86,Outperformed Nifty by 7.86% in 3 Months,True,7.86,16.1,845642100.72,"Stage 2, Advancing, trend_template_ok, volume_dryup, weekly_volume_dryup, flags=Wide Risk;Low Liquidity",405,430.0,Stage 2,watchlist,weekly_watchlist,22.34,25.0,-0.8900000000000006,False,False,False,False,False
EDELWEISS.NS,Edelweiss Financial Services Limited,Financial Services,Financial Services,False,Cash,1,Stage 2,Stage 2,Advancing,0.9,Price is above constructive weekly and long-term trend structure with improving relative strength.,,,2026-09-25,,watchlist,weekly_breakout,watchlist,55.52,69.82,57.76,0.0,55.52,69.82,57.76,Stage 2 - Advancing,57.76,Very Strong,Volume Normal,Volume Normal (1.39x vs 10W Avg),15.66,Outperformed Nifty by 15.66% in 3 Months,True,15.66,31.51,1404770304.95,"Stage 2, Advancing, trend_template_ok, weekly_vcp_ok, weekly_strong, flags=Wider Risk;Low Liquidity",28,52.0,Stage 2,watchlist,weekly_breakout,54.99,24.0,2.769999999999996,False,False,False,False,False
PFOCUS.NS,Prime Focus Limited,Communication Services,Communication Services,False,Cash,1,Stage 2,Stage 2,Advancing,0.9,Price is above constructive weekly and long-term trend structure with improving relative strength.,,,2026-09-25,,watchlist,weekly_breakout,watchlist,50.8,67.21,50.15,5.0,50.8,67.21,55.15,Stage 2 - Advancing,50.15,Strong,Volume Expanding,Volume Expanding (3.00x vs 10W Avg),34.67,Outperformed Nifty by 34.67% in 3 Months,True,34.67,-2.57,883220131.35,"Stage 2, Advancing, trend_template_ok, weekly_vcp_ok, weekly_strong, flags=Wide Weekly Base;Low Liquidity",41,65.0,Stage 2,watchlist,weekly_breakout,52.74,24.0,2.4099999999999966,False,False,False,False,False
TTML.NS,Tata Teleservices (Maharashtra) Limited,Telecom Services,Communication Services,False,Cash,1,Stage 4,Stage 4,Stage 4,0.86,Price is below the 30-week trend and below long-term support structure.,,,,,watchlist,weekly_watchlist,watchlist,0.0,32.0,4.65,0.0,0.0,32.0,4.65,Stage 4,4.65,Weak,Volume Expanding,Volume Expanding (5.95x vs 10W Avg),-10.87,Underperformed Nifty by 10.87% in 3 Months,False,-10.87,1.79,195138900.63,"Stage 4, Stage 4, weekly_vcp_ok, weekly_strong, flags=Wide Risk;Low Liquidity, downtrend",751,775.0,Stage 4,watchlist,weekly_watchlist,4.14,24.0,0.5100000000000007,False,False,False,False,False
KRN.NS,KRN Heat Exchanger and Refrigeration Limited,Electronic Components,Technology,False,Cash,1,Stage 2,Stage 2,Advancing,0.8,Price is above constructive weekly and long-term trend structure with improving relative strength.,,,2026-09-25,,watchlist,weekly_forming,watchlist,49.5,61.6,29.97,10.0,49.5,61.6,39.97,Stage 2 - Advancing,29.97,Very Strong,Volume Drying Up,Volume Drying Up (0.73x vs 10W Avg),18.78,Outperformed Nifty by 18.78% in 3 Months,True,18.78,62.12,323843739.63,"Stage 2, Advancing, trend_template_ok, weekly_vcp_ok, weekly_volume_dryup, weekly_strong, flags=Loose Structure;Wide Risk;Circuit Risk;Low Liquidity",194,218.0,Stage 2,watchlist,weekly_breakout,39.63,24.0,0.3399999999999963,False,False,False,False,False
NEOGEN.NS,Neogen Chemicals Limited,Specialty Chemicals,Basic Materials,False,Cash,1,Stage 2,Stage 2,Advancing,0.9,Price is above constructive weekly and long-term trend structure with improving relative strength.,,,2026-09-25,,watchlist,weekly_watchlist,watchlist,33.85,29.8,30.46,5.0,33.85,29.8,35.46,Stage 2 - Advancing,30.46,Very Strong,Volume Drying Up,Volume Drying Up (0.83x vs 10W Avg),26.76,Outperformed Nifty by 26.76% in 3 Months,True,26.76,102.92,510075678.51,"Stage 2, Advancing, trend_template_ok, weekly_volume_dryup, flags=Wide Risk;Low Liquidity",250,274.0,Stage 2,watchlist,weekly_watchlist,35.46,24.0,0.0,False,False,False,False,False
KEI.NS,KEI Industries Limited,Electrical Equipment & Parts,Industrials,True,F&O,1,Stage 3,Stage 3,Late,0.76,"Prior strength has shifted into a Stage 3 transition based on trend, relative strength, and volume evidence.",,,2026-09-03,,watchlist,weekly_watchlist,watchlist,0.0,0.0,0.0,10.0,0.0,0.0,10.0,Stage 3 Late,0.0,Weak,Volume Drying Up,Volume Drying Up (0.61x vs 10W Avg),-9.31,Underperformed Nifty by 9.31% in 3 Months,False,-9.31,13.82,3036607947.75,"Stage 3, Late, volume_dryup, weekly_volume_dryup, flags=Wide Risk;Low Liquidity, distribution_or_weakening_risk",627,651.0,Stage 3,watchlist,weekly_watchlist,10.0,24.0,0.0,False,False,False,False,False
JBMA.NS,JBM Auto Limited,Auto Parts,Consumer Cyclical,False,Cash,1,Stage 4,Stage 4,Stage 4,0.66,Price is below weekly structure.,,,2026-08-28,,watchlist,weekly_watchlist,watchlist,5.05,0.0,0.0,5.0,5.05,0.0,5.0,Stage 4,0.0,Weak,Volume Drying Up,Volume Drying Up (0.51x vs 10W Avg),-14.61,Underperformed Nifty by 14.61% in 3 Months,False,-14.61,4.06,156302300.72,"Stage 4, Stage 4, volume_dryup, weekly_volume_dryup, flags=Wide Risk;Low Liquidity, downtrend",726,750.0,Stage 4,watchlist,weekly_watchlist,5.0,24.0,0.0,False,False,False,False,False
MARUTI.NS,Maruti Suzuki India Limited,Auto Manufacturers,Consumer Cyclical,True,F&O,1,Stage 4,Stage 4,Stage 4,0.86,Price is below the 30-week trend and below long-term support structure.,,,,,watchlist,weekly_watchlist,watchlist,1.69,0.0,0.0,5.0,1.69,0.0,5.0,Stage 4,0.0,Weak,Volume Drying Up,Volume Drying Up (0.79x vs 10W Avg),-10.36,Underperformed Nifty by 10.36% in 3 Months,False,-10.36,-1.72,4783041211.95,"Stage 4, Stage 4, weekly_volume_dryup, flags=Wide Risk;Low Liquidity, downtrend",728,752.0,Stage 4,watchlist,weekly_watchlist,5.0,24.0,0.0,False,False,False,False,False
ZFCVINDIA.NS,ZF Commercial Vehicle Control Systems India Limited,Auto Parts,Consumer Cyclical,False,Cash,1,Stage 1,Stage 1,Stage 1,0.64,Price is building a base around long-term weekly structure without a confirmed advancing phase.,,,2026-08-27,,watchlist,weekly_watchlist,watchlist,0.0,0.0,0.0,5.0,0.0,0.0,5.0,Stage 1,0.0,Weak,Volume Normal,Volume Normal (1.07x vs 10W Avg),1.15,Outperformed Nifty by 1.15% in 3 Months,False,1.15,2.59,223895641.42,"Stage 1, Stage 1, flags=Wide Risk;Low Liquidity, stage1_not_actionable, stage1_needs_more_base",738,762.0,Not Sure,watchlist,weekly_watchlist,5.0,24.0,0.0,False,False,False,False,False
TATAELXSI.NS,Tata Elxsi Limited,Software - Application,Technology,True,F&O,1,Stage 4,Stage 4,Stage 4,0.86,Price is below the 30-week trend and below long-term support structure.,,,,,watchlist,weekly_watchlist,watchlist,0.0,0.0,0.0,5.0,0.0,0.0,5.0,Stage 4,0.0,Weak,Volume Normal,Volume Normal (0.93x vs 10W Avg),-7.97,Underperformed Nifty by 7.97% in 3 Months,False,-7.97,-21.16,684018489.47,"Stage 4, Stage 4, flags=Wide Risk;Low Liquidity, downtrend",739,763.0,Stage 4,watchlist,weekly_watchlist,5.0,24.0,0.0,False,False,False,False,False
DEEPAKFERT.NS,Deepak Fertilizers and Petrochemicals Corporation Limited,Chemicals,Basic Materials,False,Cash,1,Stage 3,Stage 3,Early,0.68,"Prior strength has shifted into a Stage 3 transition based on trend, relative strength, and volume evidence.",,,2026-09-01,,watchlist,weekly_watchlist,watchlist,0.0,0.0,0.0,5.0,0.0,0.0,5.0,Stage 3 Early,0.0,Weak,Volume Drying Up,Volume Drying Up (0.69x vs 10W Avg),-13.2,Underperformed Nifty by 13.2% in 3 Months,False,-13.2,39.22,297558976.64,"Stage 3, Early, volume_dryup, weekly_volume_dryup, flags=Wide Risk;Low Liquidity, distribution_or_weakening_risk",740,764.0,Stage 3,watchlist,weekly_watchlist,5.0,24.0,0.0,False,False,False,False,False
NAVNETEDUL.NS,Navneet Education Limited,Communication Services,Communication Services,False,Cash,1,Stage 4,Stage 4,Stage 4,0.66,Price is below weekly structure.,,,,,watchlist,weekly_watchlist,watchlist,0.0,0.0,0.0,5.0,0.0,0.0,5.0,Stage 4,0.0,Weak,Volume Drying Up,Volume Drying Up (0.71x vs 10W Avg),-12.88,Underperformed Nifty by 12.88% in 3 Months,False,-12.88,-3.29,13691255.16,"Stage 4, Stage 4, volume_dryup, weekly_volume_dryup, flags=Wide Risk;Low Liquidity, downtrend",744,768.0,Stage 4,watchlist,weekly_watchlist,5.0,24.0,0.0,False,False,False,False,False
SANDHAR.NS,Sandhar Technologies Limited,Auto Parts,Consumer Cyclical,False,Cash,1,Failed Stage 2,Stage 3,Failed Stage 2,0.72,"This stock was recently Stage 2, but the latest structure no longer satisfies Stage 2 rules. It is kept as Failed Stage 2 until a fresh base/repair structure forms.",Recent Stage 2 break; public stage held as Failed Stage 2.,2026-09-28,2026-09-23,,watchlist,weekly_watchlist,watchlist,0.0,0.0,0.0,5.0,0.0,0.0,5.0,Failed Stage 2,0.0,Weak,Volume Drying Up,Volume Drying Up (0.51x vs 10W Avg),-15.1,Underperformed Nifty by 15.1% in 3 Months,False,-15.1,28.03,76626215.61,"Stage 3, Early, volume_dryup, weekly_volume_dryup, flags=Wide Risk;Low Liquidity, distribution_or_weakening_risk | Stage 2 failed state applied from stage memory.",745,769.0,Failed Stage 2,watchlist,weekly_watchlist,5.0,24.0,0.0,False,False,False,False,False
BAYERCROP.NS,Bayer Cropscience Limited,Agricultural Inputs,Basic Materials,False,Cash,1,Stage 4,Stage 4,Stage 4,0.86,Price is below the 30-week trend and below long-term support structure.,,,,,watchlist,weekly_watchlist,watchlist,9.7,0.0,0.0,0.0,9.7,0.0,0.0,Stage 4,0.0,Weak,Volume Expanding,Volume Expanding (1.57x vs 10W Avg),-5.3,Underperformed Nifty by 5.3% in 3 Months,False,-5.3,-19.52,100615564.12,"Stage 4, Stage 4, flags=Wide Risk;Low Liquidity, downtrend",827,851.0,Stage 4,watchlist,weekly_watchlist,0.0,24.0,0.0,False,False,False,False,False
VIJAYA.NS,Vijaya Diagnostic Centre Limited,Diagnostics & Research,Healthcare,False,Cash,1,Stage 2,Stage 2,Advancing,0.9,Price is above constructive weekly and long-term trend structure with improving relative strength.,,,2026-09-25,,watchlist,weekly_watchlist,watchlist,34.74,33.4,33.38,10.0,34.74,33.4,43.38,Stage 2 - Advancing,33.38,Very Strong,Volume Drying Up,Volume Drying Up (0.71x vs 10W Avg),12.67,Outperformed Nifty by 12.67% in 3 Months,True,12.67,69.86,211024527.94,"Stage 2, Advancing, trend_template_ok, volume_dryup, weekly_volume_dryup, flags=Wider Risk;Low Liquidity",137,161.0,Stage 2,watchlist,weekly_watchlist,43.91,24.0,-0.529999999999994,False,False,False,False,False
MARKSANS.NS,Marksans Pharma Limited,Drug Manufacturers - General,Healthcare,False,Cash,1,Stage 2,Stage 2,Extended,0.78,"Weekly advancing structure remains intact, but price is stretched versus key moving averages.",,,2026-09-25,,watchlist,weekly_watchlist,watchlist,37.22,28.6,29.28,5.0,37.22,28.6,34.28,Stage 2 - Extended,29.28,Very Strong,Volume Drying Up,Volume Drying Up (0.62x vs 10W Avg),29.53,Outperformed Nifty by 29.53% in 3 Months,True,29.53,99.98,760789621.28,"Stage 2, Extended, trend_template_ok, volume_dryup, weekly_volume_dryup, flags=Loose Structure;Extended;Wide Risk;Low Liquidity",261,285.0,Stage 2,watchlist,weekly_watchlist,34.89,24.0,-0.6099999999999994,False,False,False,False,False
KDDL.NS,KDDL Limited,Luxury Goods,Consumer Cyclical,False,Cash,1,Stage 2,Stage 2,Advancing,0.9,Price is above constructive weekly and long-term trend structure with improving relative strength.,,,2026-09-25,,watchlist,weekly_watchlist,watchlist,36.06,34.6,33.55,10.0,36.06,34.6,43.55,Stage 2 - Advancing,33.55,Very Strong,Volume Normal,Volume Normal (1.33x vs 10W Avg),27.69,Outperformed Nifty by 27.69% in 3 Months,True,27.69,88.27,143498172.86,"Stage 2, Advancing, trend_template_ok, flags=Loose Structure;Low Liquidity",133,157.0,Stage 2,watchlist,weekly_watchlist,44.31,24.0,-0.7600000000000051,False,False,False,False,False
GODFRYPHLP.NS,Godfrey Phillips India Limited,Consumer Defensive,Consumer Defensive,True,F&O,1,Stage 4,Stage 4,Stage 4,0.86,Price is below the 30-week trend and below long-term support structure.,,,,,watchlist,weekly_watchlist,watchlist,0.0,32.02,5.79,0.0,0.0,32.02,5.79,Stage 4,5.79,Weak,Volume Drying Up,Volume Drying Up (0.37x vs 10W Avg),-4.64,Underperformed Nifty by 4.64% in 3 Months,False,-4.64,4.87,302890156.63,"Stage 4, Stage 4, weekly_vcp_ok, volume_dryup, weekly_volume_dryup, weekly_strong, flags=Wide Risk;Low Liquidity, downtrend",714,737.0,Stage 4,watchlist,weekly_watchlist,5.69,23.0,0.09999999999999964,False,False,False,False,False
VIYASH.NS,Viyash Scientific Limited,Drug Manufacturers - Specialty & Generic,Healthcare,False,Cash,1,Failed Stage 2,Stage 3,Failed Stage 2,0.72,"This stock was recently Stage 2, but the latest structure no longer satisfies Stage 2 rules. It is kept as Failed Stage 2 until a fresh base/repair structure forms.",Recent Stage 2 break; public stage held as Failed Stage 2.,2026-09-28,2026-09-18,,watchlist,weekly_watchlist,watchlist,0.0,3.94,0.0,10.0,0.0,3.94,10.0,Failed Stage 2,0.0,Weak,Volume Drying Up,Volume Drying Up (0.43x vs 10W Avg),-12.49,Underperformed Nifty by 12.49% in 3 Months,False,-12.49,27.94,684224530.47,"Stage 3, Late, volume_dryup, weekly_volume_dryup, flags=Wide Risk;Low Liquidity, distribution_or_weakening_risk | Stage 2 failed state applied from stage memory.",620,643.0,Failed Stage 2,watchlist,weekly_watchlist,10.0,23.0,0.0,False,False,False,False,False
ZAGGLE.NS,Zaggle Prepaid Ocean Services Limited,Software - Infrastructure,Technology,False,Cash,1,Stage 4,Stage 4,Stage 4,0.86,Price is below the 30-week trend and below long-term support structure.,,,,,watchlist,weekly_watchlist,watchlist,0.0,33.1,4.53,2.0,0.0,33.1,6.53,Stage 4,4.53,Weak,Volume Drying Up,Volume Drying Up (0.25x vs 10W Avg),-12.05,Underperformed Nifty by 12.05% in 3 Months,False,-12.05,-23.01,168321767.95,"Stage 4, Stage 4, weekly_vcp_ok, volume_dryup, weekly_volume_dryup, weekly_strong, flags=Wide Weekly Base;Wide Risk;Low Liquidity, downtrend",696,719.0,Stage 4,watchlist,weekly_watchlist,6.53,23.0,0.0,False,False,False,False,False
VINATIORGA.NS,Vinati Organics Limited,Specialty Chemicals,Basic Materials,False,Cash,1,Stage 4,Stage 4,Stage 4,0.86,Price is below the 30-week trend and below long-term support structure.,,,,,watchlist,weekly_watchlist,watchlist,0.0,31.3,0.0,5.0,0.0,31.3,5.0,Stage 4,0.0,Weak,Volume Normal,Volume Normal (1.13x vs 10W Avg),-2.66,Underperformed Nifty by 2.66% in 3 Months,False,-2.66,-6.14,73938994.65,"Stage 4, Stage 4, weekly_vcp_ok, weekly_strong, flags=Wide Risk;Low Liquidity, downtrend",731,754.0,Stage 4,watchlist,weekly_watchlist,5.0,23.0,0.0,False,False,False,False,False
INDIAMART.NS,Indiamart Intermesh Limited,Communication Services,Communication Services,False,Cash,1,Stage 4,Stage 4,Stage 4,0.86,Price is below the 30-week trend and below long-term support structure.,,,,,watchlist,weekly_watchlist,watchlist,0.0,31.3,0.0,5.0,0.0,31.3,5.0,Stage 4,0.0,Weak,Volume Drying Up,Volume Drying Up (0.41x vs 10W Avg),-8.6,Underperformed Nifty by 8.6% in 3 Months,False,-8.6,-14.32,182855230.01,"Stage 4, Stage 4, weekly_vcp_ok, weekly_volume_dryup, weekly_strong, flags=Wider Risk;Low Liquidity, downtrend",732,755.0,Stage 4,watchlist,weekly_watchlist,5.0,23.0,0.0,False,False,False,False,False
AURIONPRO.NS,Aurionpro Solutions Limited,Software - Application,Technology,False,Cash,1,Stage 4,Stage 4,Stage 4,0.86,Price is below the 30-week trend and below long-term support structure.,,,,,watchlist,weekly_watchlist,watchlist,0.0,30.2,0.0,5.0,0.0,30.2,5.0,Stage 4,0.0,Weak,Volume Drying Up,Volume Drying Up (0.63x vs 10W Avg),-22.3,Underperformed Nifty by 22.3% in 3 Months,False,-22.3,-14.49,92076099.21,"Stage 4, Stage 4, weekly_vcp_ok, volume_dryup, weekly_volume_dryup, weekly_strong, flags=Loose Structure;Wide Risk;Low Liquidity, downtrend",733,756.0,Stage 4,watchlist,weekly_watchlist,5.0,23.0,0.0,False,False,False,False,False
ROSSARI.NS,Rossari Biotech Limited,Specialty Chemicals,Basic Materials,False,Cash,1,Stage 4,Stage 4,Stage 4,0.86,Price is below the 30-week trend and below long-term support structure.,,,,,watchlist,weekly_watchlist,watchlist,0.0,18.3,0.0,5.0,0.0,18.3,5.0,Stage 4,0.0,Weak,Volume Drying Up,Volume Drying Up (0.83x vs 10W Avg),-10.75,Underperformed Nifty by 10.75% in 3 Months,False,-10.75,5.23,30603338.65,"Stage 4, Stage 4, weekly_vcp_ok, volume_dryup, weekly_volume_dryup, flags=Wide Weekly Base;Wide Risk;Low Liquidity, downtrend",734,757.0,Stage 4,watchlist,weekly_watchlist,5.0,23.0,0.0,False,False,False,False,False
INDIAGLYCO.NS,India Glycols Limited,Chemicals,Basic Materials,False,Cash,1,Stage 4,Stage 4,Stage 4,0.86,Price is below the 30-week trend and below long-term support structure.,,,2026-09-01,,watchlist,weekly_watchlist,watchlist,0.0,0.0,0.0,5.0,0.0,0.0,5.0,Stage 4,0.0,Weak,Volume Expanding,Volume Expanding (4.20x vs 10W Avg),-67.23,Underperformed Nifty by 67.23% in 3 Months,False,-67.23,-64.49,242281488.96,"Stage 4, Stage 4, flags=Wide Base;Wide Weekly Base;Loose Structure;Wide Risk;Circuit Risk;Corporate Action Check;Low Liquidity, downtrend",742,765.0,Stage 4,watchlist,weekly_watchlist,5.0,23.0,0.0,False,False,False,False,False
GRINFRA.NS,G R Infraprojects Limited,Engineering & Construction,Industrials,False,Cash,1,Stage 4,Stage 4,Stage 4,0.86,Price is below the 30-week trend and below long-term support structure.,,,,,watchlist,weekly_watchlist,watchlist,0.0,33.1,6.0,0.0,0.0,33.1,6.0,Stage 4,6.0,Weak,Volume Drying Up,Volume Drying Up (0.84x vs 10W Avg),-8.91,Underperformed Nifty by 8.91% in 3 Months,False,-8.91,-3.07,23849570.2,"Stage 4, Stage 4, weekly_vcp_ok, weekly_volume_dryup, weekly_strong, flags=Wide Risk;Low Liquidity, downtrend",707,730.0,Stage 4,watchlist,weekly_watchlist,6.01,23.0,-0.009999999999999787,False,False,False,False,False
PIDILITIND.NS,Pidilite Industries Limited,Specialty Chemicals,Basic Materials,True,F&O,1,Failed Stage 2,Stage 1,Failed Stage 2,0.72,"This stock was recently Stage 2, but the latest structure no longer satisfies Stage 2 rules. It is kept as Failed Stage 2 until a fresh base/repair structure forms.",Recent Stage 2 break; public stage held as Failed Stage 2.,2026-09-28,2026-09-23,,watchlist,weekly_watchlist,watchlist,17.64,3.45,12.61,5.0,17.64,3.45,17.61,Failed Stage 2,12.61,Neutral,Volume Drying Up,Volume Drying Up (0.74x vs 10W Avg),-0.6,Underperformed Nifty by 0.6% in 3 Months,False,-0.6,21.12,898765564.08,"Stage 1, Stage 1, volume_dryup, weekly_volume_dryup, flags=Wide Risk;Low Liquidity, stage1_not_actionable, stage1_needs_more_base | Stage 2 failed state applied from stage memory.",458,481.0,Failed Stage 2,watchlist,weekly_watchlist,18.05,23.0,-0.4400000000000013,False,False,False,False,False
JUBLPHARMA.NS,Jubilant Pharmova Limited,Drug Manufacturers - Specialty & Generic,Healthcare,False,Cash,1,Stage 2,Stage 2,Advancing,0.8,Price is above constructive weekly and long-term trend structure with improving relative strength.,,,2026-09-25,,watchlist,weekly_watchlist,watchlist,39.16,20.94,31.04,10.0,39.16,20.94,41.04,Stage 2 - Advancing,31.04,Very Strong,Volume Drying Up,Volume Drying Up (0.50x vs 10W Avg),14.63,Outperformed Nifty by 14.63% in 3 Months,True,14.63,32.8,264135390.32,"Stage 2, Advancing, trend_template_ok, volume_dryup, weekly_volume_dryup, flags=Wide Risk;Low Liquidity",173,196.0,Stage 2,watchlist,weekly_watchlist,41.52,23.0,-0.480000000000004,False,False,False,False,False
STLTECH.NS,Sterlite Technologies Limited,Communication Equipment,Technology,False,Cash,1,Stage 2,Stage 2,Extended,0.78,"Weekly advancing structure remains intact, but price is stretched versus key moving averages.",,,2026-09-25,,watchlist,weekly_watchlist,watchlist,52.68,23.0,18.79,10.0,52.68,23.0,28.79,Stage 2 - Extended,18.79,Very Strong,Volume Drying Up,Volume Drying Up (0.59x vs 10W Avg),51.81,Outperformed Nifty by 51.81% in 3 Months,True,51.81,366.38,1333914663.33,"Stage 2, Extended, trend_template_ok, weekly_volume_dryup, flags=Loose Structure;Extended;Wide Risk;Circuit Risk;Low Liquidity",328,351.0,Stage 2,watchlist,weekly_watchlist,29.32,23.0,-0.5300000000000011,False,False,False,False,False
KOTAKBANK.NS,Kotak Mahindra Bank Limited,Banks - Regional,Financial Services,True,F&O,1,Stage 1,Stage 1,Stage 1,0.64,Price is building a base around long-term weekly structure without a confirmed advancing phase.,,,,,watchlist,weekly_watchlist,watchlist,0.0,53.05,25.63,2.0,0.0,53.05,27.63,Stage 1,25.63,Strong,Volume Normal,Volume Normal (0.99x vs 10W Avg),5.84,Outperformed Nifty by 5.84% in 3 Months,False,5.84,14.62,4256679509.5,"Stage 1, Stage 1, stage1_base_ready, weekly_vcp_ok, weekly_strong, flags=Low Liquidity, stage1_not_actionable",339,362.0,Stage 1,watchlist,weekly_watchlist,28.27,23.0,-0.6400000000000006,False,False,False,False,False
NAVA.NS,NAVA LIMITED,Conglomerates,Industrials,False,Cash,1,Stage 4,Stage 4,Stage 4,0.66,Price is below weekly structure.,,,,,watchlist,weekly_watchlist,watchlist,5.71,31.2,14.64,0.0,5.71,31.2,14.64,Stage 4,14.64,Weak,Volume Normal,Volume Normal (0.98x vs 10W Avg),-5.86,Underperformed Nifty by 5.86% in 3 Months,False,-5.86,0.83,124469829.11,"Stage 4, Stage 4, weekly_vcp_ok, weekly_strong, flags=Wide Risk;Low Liquidity, downtrend",513,536.0,Stage 4,watchlist,weekly_watchlist,15.45,23.0,-0.8099999999999987,False,False,False,False,False
SWARAJENG.NS,Swaraj Engines Limited,Auto Parts,Consumer Cyclical,False,Cash,1,Stage 3,Stage 3,Early,0.68,"Prior strength has shifted into a Stage 3 transition based on trend, relative strength, and volume evidence.",,,,,watchlist,weekly_watchlist,watchlist,0.0,36.3,17.6,5.0,0.0,36.3,22.6,Stage 3 Early,17.6,Neutral,Volume Drying Up,Volume Drying Up (0.68x vs 10W Avg),-5.94,Underperformed Nifty by 5.94% in 3 Months,False,-5.94,8.95,28838186.79,"Stage 3, Early, weekly_vcp_ok, weekly_volume_dryup, weekly_strong, flags=Low Liquidity, distribution_or_weakening_risk",392,415.0,Stage 3,watchlist,weekly_watchlist,23.45,23.0,-0.8499999999999979,False,False,False,False,False
EICHERMOT.NS,Eicher Motors Limited,Auto Manufacturers,Consumer Cyclical,True,F&O,1,Stage 1,Stage 1,Stage 1,0.64,Price is building a base around long-term weekly structure without a confirmed advancing phase.,,,2026-09-01,,watchlist,weekly_watchlist,watchlist,0.0,41.75,17.69,5.0,0.0,41.75,22.69,Stage 1,17.69,Neutral,Volume Drying Up,Volume Drying Up (0.68x vs 10W Avg),5.64,Outperformed Nifty by 5.64% in 3 Months,False,5.64,11.88,2974381902.65,"Stage 1, Stage 1, weekly_vcp_ok, volume_dryup, weekly_volume_dryup, weekly_strong, flags=Wider Risk;Low Liquidity, stage1_not_actionable, stage1_needs_more_base",389,412.0,Stage 1,watchlist,weekly_watchlist,24.43,23.0,-1.7399999999999984,False,False,False,False,False
BHEL.NS,Bharat Heavy Electricals Limited,Specialty Industrial Machinery,Industrials,True,F&O,1,Stage 2,Stage 2,Advancing,0.8,Price is above constructive weekly and long-term trend structure with improving relative strength.,,,2026-09-25,,watchlist,weekly_watchlist,watchlist,60.21,28.27,40.12,10.0,60.21,28.27,50.12,Stage 2 - Advancing,40.12,Strong,Volume Drying Up,Volume Drying Up (0.83x vs 10W Avg),7.91,Outperformed Nifty by 7.91% in 3 Months,True,7.91,68.81,2507422427.91,"Stage 2, Advancing, trend_template_ok, weekly_volume_dryup, flags=Wider Risk;Low Liquidity",73,95.0,Stage 2,watchlist,weekly_watchlist,49.42,22.0,0.6999999999999957,False,False,False,False,False
FIEMIND.NS,Fiem Industries Limited,Auto Parts,Consumer Cyclical,False,Cash,1,Stage 4,Stage 4,Stage 4,0.86,Price is below the 30-week trend and below long-term support structure.,,,2026-08-17,,watchlist,weekly_watchlist,watchlist,1.35,31.3,0.0,5.0,1.35,31.3,5.0,Stage 4,0.0,Weak,Volume Drying Up,Volume Drying Up (0.70x vs 10W Avg),-8.27,Underperformed Nifty by 8.27% in 3 Months,False,-8.27,0.95,118082440.27,"Stage 4, Stage 4, weekly_vcp_ok, volume_dryup, weekly_volume_dryup, weekly_strong, flags=Loose Structure;Wide Risk;Low Liquidity, downtrend",729,751.0,Stage 4,watchlist,weekly_watchlist,5.0,22.0,0.0,False,False,False,False,False
KERNEX.NS,Kernex Microsystems (India) Limited,Software - Application,Technology,False,Cash,1,Stage 3,Stage 3,Late,0.76,"Prior strength has shifted into a Stage 3 transition based on trend, relative strength, and volume evidence.",,,2026-08-14,,watchlist,weekly_watchlist,watchlist,0.0,7.39,0.0,5.0,0.0,7.39,5.0,Stage 3 Late,0.0,Weak,Volume Drying Up,Volume Drying Up (0.34x vs 10W Avg),-23.16,Underperformed Nifty by 23.16% in 3 Months,False,-23.16,81.07,352074797.26,"Stage 3, Late, volume_dryup, weekly_volume_dryup, flags=Wide Base;Wide Weekly Base;Loose Structure;Wide Risk;Low Liquidity, distribution_or_weakening_risk",736,758.0,Stage 3,watchlist,weekly_watchlist,5.0,22.0,0.0,False,False,False,False,False
EPIGRAL.NS,Epigral Limited,Chemicals,Basic Materials,False,Cash,1,Stage 4,Stage 4,Stage 4,0.86,Price is below the 30-week trend and below long-term support structure.,,,,,watchlist,weekly_watchlist,watchlist,2.29,34.49,7.73,5.0,2.29,34.49,12.73,Stage 4,7.73,Neutral,Volume Drying Up,Volume Drying Up (0.34x vs 10W Avg),2.72,Outperformed Nifty by 2.72% in 3 Months,False,2.72,22.22,39912670.4,"Stage 4, Stage 4, weekly_vcp_ok, volume_dryup, weekly_volume_dryup, weekly_strong, flags=Wide Base;Wide Risk;Low Liquidity, downtrend",557,579.0,Not Sure,watchlist,weekly_watchlist,13.23,22.0,-0.5,False,False,False,False,False
ZYDUSWELL.NS,Zydus Wellness Limited,Packaged Foods,Consumer Defensive,False,Cash,1,Failed Stage 2,Stage 3,Failed Stage 2,0.72,"This stock was recently Stage 2, but the latest structure no longer satisfies Stage 2 rules. It is kept as Failed Stage 2 until a fresh base/repair structure forms.",Recent Stage 2 break; public stage held as Failed Stage 2.,2026-09-28,2026-09-22,,watchlist,weekly_watchlist,watchlist,16.17,0.0,9.31,0.0,16.17,0.0,9.31,Failed Stage 2,9.31,Neutral,Volume Drying Up,Volume Drying Up (0.27x vs 10W Avg),-6.5,Underperformed Nifty by 6.5% in 3 Months,False,-6.5,20.86,313626553.76,"Stage 3, Early, volume_dryup, weekly_volume_dryup, flags=Wide Risk;Low Liquidity, distribution_or_weakening_risk | Stage 2 failed state applied from stage memory.",645,667.0,Failed Stage 2,watchlist,weekly_watchlist,9.91,22.0,-0.5999999999999996,False,False,False,False,False
SJS.NS,S.J.S. Enterprises Limited,Auto Parts,Consumer Cyclical,False,Cash,1,Stage 2,Stage 2,Advancing,0.8,Price is above constructive weekly and long-term trend structure with improving relative strength.,,,2026-09-25,,watchlist,weekly_watchlist,watchlist,33.68,21.37,23.36,5.0,33.68,21.37,28.36,Stage 2 - Advancing,23.36,Strong,Volume Drying Up,Volume Drying Up (0.41x vs 10W Avg),6.67,Outperformed Nifty by 6.67% in 3 Months,True,6.67,45.0,352820632.59,"Stage 2, Advancing, trend_template_ok, weekly_volume_dryup, flags=Wide Risk;Low Liquidity",332,354.0,Stage 2,watchlist,weekly_watchlist,28.98,22.0,-0.620000000000001,False,False,False,False,False
MANINFRA.NS,Man Infraconstruction Limited,Engineering & Construction,Industrials,False,Cash,1,Stage 2,Stage 2,Advancing,0.8,Price is above constructive weekly and long-term trend structure with improving relative strength.,,,2026-09-25,,watchlist,weekly_watchlist,watchlist,42.13,39.18,37.26,0.0,42.13,39.18,37.26,Stage 2 - Advancing,37.26,Very Strong,Volume Normal,Volume Normal (1.09x vs 10W Avg),25.61,Outperformed Nifty by 25.61% in 3 Months,True,25.61,52.24,327488998.95,"Stage 2, Advancing, trend_template_ok, flags=Loose Structure;Low Liquidity",221,243.0,Stage 2,watchlist,weekly_watchlist,37.97,22.0,-0.7100000000000009,False,False,False,False,False
GODREJAGRO.NS,Godrej Agrovet Limited,Packaged Foods,Consumer Defensive,False,Cash,1,Stage 2,Stage 2,Advancing,0.9,Price is above constructive weekly and long-term trend structure with improving relative strength.,,,2026-09-25,,watchlist,weekly_breakout,watchlist,36.03,61.15,43.63,0.0,36.03,61.15,43.63,Stage 2 - Advancing,43.63,Very Strong,Volume Drying Up,Volume Drying Up (0.50x vs 10W Avg),23.28,Outperformed Nifty by 23.28% in 3 Months,True,23.28,17.23,580267228.14,"Stage 2, Advancing, trend_template_ok, weekly_vcp_ok, volume_dryup, weekly_volume_dryup, weekly_strong, flags=Wider Risk;Low Liquidity",130,152.0,Stage 2,watchlist,weekly_breakout,44.81,22.0,-1.1799999999999997,False,False,False,False,False
NHPC.NS,NHPC Limited,Utilities - Renewable,Utilities,True,F&O,1,Stage 1,Stage 1,Stage 1,0.64,Price is building a base around long-term weekly structure without a confirmed advancing phase.,,,,,watchlist,weekly_watchlist,watchlist,13.42,40.0,22.76,0.0,13.42,40.0,22.76,Stage 1,22.76,Neutral,Volume Drying Up,Volume Drying Up (0.66x vs 10W Avg),-2.2,Underperformed Nifty by 2.2% in 3 Months,False,-2.2,1.43,747756660.38,"Stage 1, Stage 1, weekly_vcp_ok, weekly_volume_dryup, weekly_strong, flags=Wider Risk;Low Liquidity, stage1_not_actionable, stage1_needs_more_base",388,410.0,Stage 1,watchlist,weekly_watchlist,24.56,22.0,-1.7999999999999972,False,False,False,False,False
TORNTPOWER.NS,Torrent Power Limited,Utilities,Utilities,False,Cash,1,Stage 4,Stage 4,Stage 4,0.86,Price is below the 30-week trend and below long-term support structure.,,,,,watchlist,weekly_watchlist,watchlist,0.0,0.2,1.68,0.0,0.0,0.2,1.68,Stage 4,1.68,Weak,Volume Drying Up,Volume Drying Up (0.31x vs 10W Avg),-6.16,Underperformed Nifty by 6.16% in 3 Months,False,-6.16,-4.55,524838825.93,"Stage 4, Stage 4, volume_dryup, weekly_volume_dryup, flags=Low Liquidity, downtrend",814,835.0,Stage 4,watchlist,weekly_watchlist,0.31,21.0,1.3699999999999999,False,False,False,False,False
MFSL.NS,Max Financial Services Limited,Insurance - Life,Financial Services,True,F&O,1,Stage 4,Stage 4,Stage 4,0.66,Price is below weekly structure.,,,,,watchlist,weekly_watchlist,watchlist,0.0,32.0,4.15,0.0,0.0,32.0,4.15,Stage 4,4.15,Weak,Volume Expanding,Volume Expanding (3.42x vs 10W Avg),-5.67,Underperformed Nifty by 5.67% in 3 Months,False,-5.67,0.88,1790552487.18,"Stage 4, Stage 4, weekly_vcp_ok, weekly_strong, flags=Wide Risk;Low Liquidity, downtrend",758,779.0,Stage 4,watchlist,weekly_watchlist,3.94,21.0,0.2100000000000004,False,False,False,False,False
LLOYDSME.NS,Lloyds Metals And Energy Limited,Steel,Basic Materials,False,Cash,1,Stage 2,Stage 2,Advancing,0.8,Price is above constructive weekly and long-term trend structure with improving relative strength.,,,2026-09-25,,watchlist,weekly_watchlist,watchlist,43.32,21.51,32.55,10.0,43.32,21.51,42.55,Stage 2 - Advancing,32.55,Strong,Volume Drying Up,Volume Normal (0.89x vs 10W Avg),6.45,Outperformed Nifty by 6.45% in 3 Months,True,6.45,34.61,581539105.95,"Stage 2, Advancing, trend_template_ok, volume_dryup, weekly_volume_dryup, flags=Low Liquidity",154,175.0,Stage 2,watchlist,weekly_watchlist,42.69,21.0,-0.14000000000000057,False,False,False,False,False
KARURVYSYA.NS,Karur Vysya Bank Limited,Banks - Regional,Financial Services,False,Cash,1,Stage 2,Stage 2,Advancing,0.8,Price is above constructive weekly and long-term trend structure with improving relative strength.,,,2026-09-25,,watchlist,weekly_forming,watchlist,35.44,59.59,40.75,2.0,35.44,59.59,42.75,Stage 2 - Advancing,40.75,Strong,Volume Drying Up,Volume Drying Up (0.36x vs 10W Avg),15.07,Outperformed Nifty by 15.07% in 3 Months,True,15.07,20.81,481355038.5,"Stage 2, Advancing, trend_template_ok, weekly_vcp_ok, volume_dryup, weekly_volume_dryup, weekly_strong, flags=Wider Risk;Low Liquidity",149,170.0,Stage 2,watchlist,weekly_forming,43.08,21.0,-0.3299999999999983,False,False,False,False,False
SWANCORP.NS,SWAN CORP LIMITED,Conglomerates,Industrials,False,Cash,1,Stage 4,Stage 4,Stage 4,0.86,Price is below the 30-week trend and below long-term support structure.,,,,,watchlist,weekly_watchlist,watchlist,0.0,33.1,7.55,0.0,0.0,33.1,7.55,Stage 4,7.55,Weak,Volume Drying Up,Volume Drying Up (0.35x vs 10W Avg),-2.12,Underperformed Nifty by 2.12% in 3 Months,False,-2.12,-5.48,1129632287.6,"Stage 4, Stage 4, weekly_vcp_ok, volume_dryup, weekly_volume_dryup, weekly_strong, flags=Wide Weekly Base;Wide Risk;Low Liquidity, downtrend",675,696.0,Stage 4,watchlist,weekly_watchlist,8.04,21.0,-0.4899999999999993,False,False,False,False,False
PGIL.NS,Pearl Global Industries Limited,Apparel Manufacturing,Consumer Cyclical,False,Cash,1,Stage 2,Stage 2,Advancing,0.9,Price is above constructive weekly and long-term trend structure with improving relative strength.,,,2026-09-25,,watchlist,weekly_watchlist,watchlist,33.94,35.8,30.44,0.0,33.94,35.8,30.44,Stage 2 - Advancing,30.44,Very Strong,Volume Normal,Volume Normal (1.31x vs 10W Avg),30.02,Outperformed Nifty by 30.02% in 3 Months,True,30.02,77.62,293600638.24,"Stage 2, Advancing, trend_template_ok, flags=Loose Structure;Wider Risk;Low Liquidity",314,335.0,Stage 2,watchlist,weekly_watchlist,31.03,21.0,-0.5899999999999999,False,False,False,False,False
SCHAEFFLER.NS,Schaeffler India Limited,Auto Parts,Consumer Cyclical,False,Cash,1,Stage 1,Stage 1,Stage 1,0.64,Price is building a base around long-term weekly structure without a confirmed advancing phase.,,,,,watchlist,weekly_watchlist,watchlist,17.02,43.16,26.67,5.0,17.02,43.16,31.67,Stage 1,26.67,Strong,Volume Drying Up,Volume Drying Up (0.56x vs 10W Avg),1.42,Outperformed Nifty by 1.42% in 3 Months,False,1.42,8.2,189884449.44,"Stage 1, Stage 1, weekly_vcp_ok, weekly_volume_dryup, weekly_strong, flags=Wider Risk;Low Liquidity, stage1_not_actionable, stage1_needs_more_base",296,317.0,Stage 1,watchlist,weekly_watchlist,32.38,21.0,-0.7100000000000009,False,False,False,False,False
THOMASCOOK.NS,Thomas Cook  (India)  Limited,Consumer Cyclical,Consumer Cyclical,False,Cash,1,Not Sure,Not Sure,Not Sure,0.0,Stage rules did not identify a reliable structure.,No confident stage classification.,,,,watchlist,weekly_watchlist,watchlist,8.61,38.21,14.49,2.0,8.61,38.21,16.49,Not Sure - Unclear,14.49,Strong,Volume Drying Up,Volume Drying Up (0.18x vs 10W Avg),1.54,Outperformed Nifty by 1.54% in 3 Months,False,1.54,9.51,75854184.83,"Not Sure, Unclear, weekly_vcp_ok, volume_dryup, weekly_volume_dryup, weekly_strong, flags=Wide Weekly Base;Wide Risk;Low Liquidity",479,500.0,Not Sure,watchlist,weekly_watchlist,17.39,21.0,-0.9000000000000021,False,False,False,False,False
SURYAROSNI.NS,Surya Roshni Limited,Steel,Basic Materials,False,Cash,1,Stage 4,Stage 4,Stage 4,0.86,Price is below the 30-week trend and below long-term support structure.,,,,,watchlist,weekly_watchlist,watchlist,0.0,32.0,13.26,10.0,0.0,32.0,23.26,Stage 4,13.26,Weak,Volume Drying Up,Volume Normal (0.88x vs 10W Avg),-8.48,Underperformed Nifty by 8.48% in 3 Months,False,-8.48,4.68,87913110.54,"Stage 4, Stage 4, weekly_vcp_ok, volume_dryup, weekly_volume_dryup, weekly_strong, flags=Low Liquidity, downtrend",379,400.0,Stage 3,watchlist,weekly_watchlist,25.26,21.0,-2.0,False,False,False,False,False
AARTIPHARM.NS,Aarti Pharmalabs Limited,Drug Manufacturers - Specialty & Generic,Healthcare,False,Cash,1,Stage 2,Stage 2,Advancing,0.8,Price is above constructive weekly and long-term trend structure with improving relative strength.,,,2026-09-25,,watchlist,weekly_near_pivot,watchlist,37.65,73.1,43.18,10.0,37.65,73.1,53.18,Stage 2 - Advancing,43.18,Very Strong,Volume Normal,Volume Normal (1.43x vs 10W Avg),36.52,Outperformed Nifty by 36.52% in 3 Months,True,36.52,44.16,685637903.89,"Stage 2, Advancing, trend_template_ok, weekly_vcp_ok, weekly_strong, flags=Loose Structure;Wide Risk;Low Liquidity",53,73.0,Stage 2,watchlist,weekly_breakout,51.94,20.0,1.240000000000002,False,False,False,False,False
RCF.NS,Rashtriya Chemicals and Fertilizers Limited,Agricultural Inputs,Basic Materials,False,Cash,1,Stage 4,Stage 4,Stage 4,0.86,Price is below the 30-week trend and below long-term support structure.,,,,,watchlist,weekly_watchlist,watchlist,0.0,32.0,4.26,0.0,0.0,32.0,4.26,Stage 4,4.26,Weak,Volume Drying Up,Volume Normal (0.89x vs 10W Avg),-11.03,Underperformed Nifty by 11.03% in 3 Months,False,-11.03,-0.89,110924048.84,"Stage 4, Stage 4, weekly_vcp_ok, volume_dryup, weekly_volume_dryup, weekly_strong, flags=Wide Risk;Low Liquidity, downtrend",757,777.0,Stage 4,watchlist,weekly_watchlist,3.98,20.0,0.2799999999999998,False,False,False,False,False
BRITANNIA.NS,Britannia Industries Limited,Packaged Foods,Consumer Defensive,True,F&O,1,Stage 4,Stage 4,Stage 4,0.66,Price is below weekly structure.,,,,,watchlist,weekly_watchlist,watchlist,4.71,2.4,2.3,0.0,4.71,2.4,2.3,Stage 4,2.3,Weak,Volume Drying Up,Volume Drying Up (0.70x vs 10W Avg),-1.91,Underperformed Nifty by 1.91% in 3 Months,False,-1.91,-5.92,1144495364.17,"Stage 4, Stage 4, volume_dryup, weekly_volume_dryup, flags=Wide Risk;Low Liquidity, downtrend",778,798.0,Stage 4,watchlist,weekly_watchlist,2.19,20.0,0.10999999999999988,False,False,False,False,False
BERGEPAINT.NS,Berger Paints (I) Limited,Specialty Chemicals,Basic Materials,False,Cash,1,Stage 3,Stage 3,Early,0.68,"Prior strength has shifted into a Stage 3 transition based on trend, relative strength, and volume evidence.",,,,,watchlist,weekly_watchlist,watchlist,0.0,0.0,0.73,5.0,0.0,0.0,5.73,Stage 3 Early,0.73,Weak,Volume Normal,Volume Normal (0.99x vs 10W Avg),-7.28,Underperformed Nifty by 7.28% in 3 Months,False,-7.28,10.31,166600909.51,"Stage 3, Early, flags=Low Liquidity, distribution_or_weakening_risk",718,738.0,Stage 3,watchlist,weekly_watchlist,5.68,20.0,0.05000000000000071,False,False,False,False,False
GMDCLTD.NS,Gujarat Mineral Development Corporation Limited,Energy,Energy,False,Cash,1,Stage 4,Stage 4,Stage 4,0.66,Price is below weekly structure.,,,,,watchlist,weekly_watchlist,watchlist,9.33,0.2,0.0,5.0,9.33,0.2,5.0,Stage 4,0.0,Weak,Volume Drying Up,Volume Drying Up (0.58x vs 10W Avg),-7.65,Underperformed Nifty by 7.65% in 3 Months,False,-7.65,-6.53,518059333.25,"Stage 4, Stage 4, volume_dryup, weekly_volume_dryup, flags=Wide Risk;Low Liquidity, downtrend",725,745.0,Not Sure,watchlist,weekly_watchlist,5.0,20.0,0.0,False,False,False,False,False
TMPV.NS,Tata Motors Passenger Vehicles Limited,Auto Manufacturers,Consumer Cyclical,True,F&O,1,Stage 4,Stage 4,Stage 4,0.86,Price is below the 30-week trend and below long-term support structure.,,,,,watchlist,weekly_watchlist,watchlist,3.72,0.0,0.0,5.0,3.72,0.0,5.0,Stage 4,0.0,Weak,Volume Normal,Volume Normal (1.29x vs 10W Avg),-13.45,Underperformed Nifty by 13.45% in 3 Months,False,-13.45,-4.08,2824454341.5,"Stage 4, Stage 4, flags=Wide Risk;Low Liquidity, downtrend",727,747.0,Stage 4,watchlist,weekly_watchlist,5.0,20.0,0.0,False,False,False,False,False
CAMPUS.NS,Campus Activewear Limited,Consumer Cyclical,Consumer Cyclical,False,Cash,1,Stage 4,Stage 4,Stage 4,0.86,Price is below the 30-week trend and below long-term support structure.,,,,,watchlist,weekly_watchlist,watchlist,4.71,0.0,0.0,2.0,4.71,0.0,2.0,Stage 4,0.0,Weak,Volume Drying Up,Volume Drying Up (0.46x vs 10W Avg),-4.16,Underperformed Nifty by 4.16% in 3 Months,False,-4.16,-5.36,71740215.52,"Stage 4, Stage 4, volume_dryup, weekly_volume_dryup, flags=Wide Risk;Low Liquidity, downtrend",784,804.0,Stage 4,watchlist,weekly_watchlist,2.0,20.0,0.0,False,False,False,False,False
LTF.NS,L&T Finance Limited,Credit Services,Financial Services,True,F&O,1,Failed Stage 2,Stage 3,Failed Stage 2,0.72,"This stock was recently Stage 2, but the latest structure no longer satisfies Stage 2 rules. It is kept as Failed Stage 2 until a fresh base/repair structure forms.",Recent Stage 2 break; public stage held as Failed Stage 2.,2026-09-28,2026-09-23,,watchlist,weekly_watchlist,watchlist,2.72,0.0,0.0,2.0,2.72,0.0,2.0,Failed Stage 2,0.0,Weak,Volume Expanding,Volume Expanding (2.20x vs 10W Avg),-5.81,Underperformed Nifty by 5.81% in 3 Months,False,-5.81,20.31,1632823493.68,"Stage 3, Late, flags=Wide Risk;Low Liquidity, distribution_or_weakening_risk | Stage 2 failed state applied from stage memory.",788,808.0,Failed Stage 2,watchlist,weekly_watchlist,2.0,20.0,0.0,False,False,False,False,False
RITES.NS,RITES Limited,Engineering & Construction,Industrials,False,Cash,1,Stage 3,Stage 3,Early,0.68,"Prior strength has shifted into a Stage 3 transition based on trend, relative strength, and volume evidence.",,,,,watchlist,weekly_watchlist,watchlist,0.0,36.11,12.02,0.0,0.0,36.11,12.02,Stage 3 Early,12.02,Weak,Volume Drying Up,Volume Drying Up (0.80x vs 10W Avg),-6.01,Underperformed Nifty by 6.01% in 3 Months,False,-6.01,7.07,66477230.38,"Stage 3, Early, weekly_vcp_ok, volume_dryup, weekly_volume_dryup, weekly_strong, flags=Wider Risk;Low Liquidity, distribution_or_weakening_risk",576,596.0,Stage 3,watchlist,weekly_watchlist,12.45,20.0,-0.4299999999999997,False,False,False,False,False
GATEWAY.NS,Gateway Distriparks Limited,Industrials,Industrials,False,Cash,1,Stage 4,Stage 4,Stage 4,0.66,Price is below weekly structure.,,,,,watchlist,weekly_watchlist,watchlist,0.0,32.0,13.35,0.0,0.0,32.0,13.35,Stage 4,13.35,Weak,Volume Drying Up,Volume Drying Up (0.47x vs 10W Avg),-8.55,Underperformed Nifty by 8.55% in 3 Months,False,-8.55,-0.11,30495054.99,"Stage 4, Stage 4, weekly_vcp_ok, volume_dryup, weekly_volume_dryup, weekly_strong, flags=Low Liquidity, downtrend",545,565.0,Stage 4,watchlist,weekly_watchlist,13.82,20.0,-0.47000000000000064,False,False,False,False,False
EMAMILTD.NS,Emami Limited,Household & Personal Products,Consumer Defensive,False,Cash,1,Stage 4,Stage 4,Stage 4,0.86,Price is below the 30-week trend and below long-term support structure.,,,,,watchlist,weekly_watchlist,watchlist,3.84,33.1,12.76,0.0,3.84,33.1,12.76,Stage 4,12.76,Weak,Volume Expanding,Volume Expanding (1.65x vs 10W Avg),-1.64,Underperformed Nifty by 1.64% in 3 Months,False,-1.64,-0.14,946077742.58,"Stage 4, Stage 4, weekly_vcp_ok, weekly_strong, flags=Wide Risk;Low Liquidity, downtrend",555,575.0,Stage 4,watchlist,weekly_watchlist,13.36,20.0,-0.5999999999999996,False,False,False,False,False
TITAN.NS,Titan Company Limited,Luxury Goods,Consumer Cyclical,True,F&O,1,Stage 2,Stage 2,Advancing,0.8,Price is above constructive weekly and long-term trend structure with improving relative strength.,,,2026-09-25,,watchlist,weekly_watchlist,watchlist,36.44,37.73,34.94,10.0,36.44,37.73,44.94,Stage 2 - Advancing,34.94,Very Strong,Volume Normal,Volume Normal (1.00x vs 10W Avg),13.01,Outperformed Nifty by 13.01% in 3 Months,True,13.01,20.27,2693130064.85,"Stage 2, Advancing, trend_template_ok, flags=Low Liquidity",114,134.0,Stage 2,watchlist,weekly_watchlist,45.91,20.0,-0.9699999999999989,False,False,False,False,False
INDIANB.NS,Indian Bank,Banks - Regional,Financial Services,True,F&O,1,Failed Stage 2,Stage 1,Failed Stage 2,0.72,"This stock was recently Stage 2, but the latest structure no longer satisfies Stage 2 rules. It is kept as Failed Stage 2 until a fresh base/repair structure forms.",Recent Stage 2 break; public stage held as Failed Stage 2.,2026-09-28,2026-09-07,,watchlist,weekly_watchlist,watchlist,13.9,40.01,22.54,2.0,13.9,40.01,24.54,Failed Stage 2,22.54,Weak,Volume Drying Up,Volume Drying Up (0.64x vs 10W Avg),3.55,Outperformed Nifty by 3.55% in 3 Months,False,3.55,-3.48,819968813.22,"Stage 1, Stage 1, weekly_vcp_ok, volume_dryup, weekly_volume_dryup, weekly_strong, flags=Wider Risk;Low Liquidity, stage1_not_actionable, stage1_needs_more_base | Stage 2 failed state applied from stage memory.",369,389.0,Failed Stage 2,watchlist,weekly_watchlist,26.39,20.0,-1.8500000000000014,False,False,False,False,False
VADILALIND.NS,Vadilal Industries Limited,Packaged Foods,Consumer Defensive,False,Cash,1,Stage 2,Stage 2,Advancing,0.9,Price is above constructive weekly and long-term trend structure with improving relative strength.,,,2026-09-25,,watchlist,weekly_forming,watchlist,37.64,65.1,47.93,0.0,37.64,65.1,47.93,Stage 2 - Advancing,47.93,Very Strong,Volume Drying Up,Volume Drying Up (0.62x vs 10W Avg),25.3,Outperformed Nifty by 25.3% in 3 Months,True,25.3,71.82,125424113.49,"Stage 2, Advancing, trend_template_ok, weekly_vcp_ok, volume_dryup, weekly_volume_dryup, weekly_strong, flags=Wider Risk;Low Liquidity",93,112.0,Stage 2,watchlist,weekly_forming,47.41,19.0,0.5200000000000031,False,False,False,False,False
KPITTECH.NS,KPIT Technologies Limited,Software - Infrastructure,Technology,True,F&O,1,Stage 4,Stage 4,Stage 4,0.86,Price is below the 30-week trend and below long-term support structure.,,,,,watchlist,weekly_watchlist,watchlist,0.0,32.0,3.79,2.0,0.0,32.0,5.79,Stage 4,3.79,Weak,Volume Drying Up,Volume Drying Up (0.44x vs 10W Avg),-3.04,Underperformed Nifty by 3.04% in 3 Months,False,-3.04,-24.08,756934635.98,"Stage 4, Stage 4, weekly_vcp_ok, volume_dryup, weekly_volume_dryup, weekly_strong, flags=Wide Base;Wide Weekly Base;Wide Risk;Low Liquidity, downtrend",716,735.0,Stage 4,watchlist,weekly_watchlist,5.79,19.0,0.0,False,False,False,False,False
OLECTRA.NS,Olectra Greentech Limited,Farm & Heavy Construction Machinery,Industrials,False,Cash,1,Stage 3,Stage 3,Early,0.68,"Prior strength has shifted into a Stage 3 transition based on trend, relative strength, and volume evidence.",,,2026-08-28,,watchlist,weekly_watchlist,watchlist,6.55,0.0,0.0,2.0,6.55,0.0,2.0,Stage 3 Early,0.0,Weak,Volume Expanding,Volume Expanding (1.88x vs 10W Avg),-18.53,Underperformed Nifty by 18.53% in 3 Months,False,-18.53,17.38,457943559.49,"Stage 3, Early, flags=Wide Risk;Low Liquidity, distribution_or_weakening_risk",783,802.0,Stage 3,watchlist,weekly_watchlist,2.0,19.0,0.0,False,False,False,False,False
SOBHA.NS,Sobha Limited,Real Estate,Real Estate,False,Cash,1,Stage 4,Stage 4,Stage 4,0.86,Price is below the 30-week trend and below long-term support structure.,,,,,watchlist,weekly_watchlist,watchlist,3.3,30.2,0.0,2.0,3.3,30.2,2.0,Stage 4,0.0,Weak,Volume Drying Up,Volume Drying Up (0.45x vs 10W Avg),-9.6,Underperformed Nifty by 9.6% in 3 Months,False,-9.6,8.04,92626095.04,"Stage 4, Stage 4, weekly_vcp_ok, volume_dryup, weekly_volume_dryup, weekly_strong, flags=Wide Risk;Low Liquidity, downtrend",787,806.0,Stage 4,watchlist,weekly_watchlist,2.0,19.0,0.0,False,False,False,False,False
JLHL.NS,Jupiter Life Line Hospitals Limited,Medical Care Facilities,Healthcare,False,Cash,1,Stage 3,Stage 3,Late,0.76,"Prior strength has shifted into a Stage 3 transition based on trend, relative strength, and volume evidence.",,,2026-08-28,,watchlist,weekly_watchlist,watchlist,0.0,34.75,0.0,2.0,0.0,34.75,2.0,Stage 3 Late,0.0,Weak,Volume Drying Up,Volume Drying Up (0.70x vs 10W Avg),-4.12,Underperformed Nifty by 4.12% in 3 Months,False,-4.12,9.67,27036611.76,"Stage 3, Late, weekly_vcp_ok, volume_dryup, weekly_volume_dryup, weekly_strong, flags=Wide Risk;Low Liquidity, distribution_or_weakening_risk",792,811.0,Stage 3,watchlist,weekly_watchlist,2.0,19.0,0.0,False,False,False,False,False
METROBRAND.NS,Metro Brands Limited,Consumer Cyclical,Consumer Cyclical,False,Cash,1,Stage 4,Stage 4,Stage 4,0.86,Price is below the 30-week trend and below long-term support structure.,,,,,watchlist,weekly_watchlist,watchlist,0.0,30.2,0.0,2.0,0.0,30.2,2.0,Stage 4,0.0,Weak,Volume Drying Up,Volume Drying Up (0.84x vs 10W Avg),-9.13,Underperformed Nifty by 9.13% in 3 Months,False,-9.13,-2.3,97171928.55,"Stage 4, Stage 4, weekly_vcp_ok, weekly_volume_dryup, weekly_strong, flags=Wide Risk;Low Liquidity, downtrend",793,812.0,Stage 4,watchlist,weekly_watchlist,2.0,19.0,0.0,False,False,False,False,False
VENTIVE.NS,Ventive Hospitality Limited,Lodging,Consumer Cyclical,False,Cash,1,Stage 4,Stage 4,Stage 4,0.86,Price is below the 30-week trend and below long-term support structure.,,,,,watchlist,weekly_watchlist,watchlist,0.0,30.2,0.0,2.0,0.0,30.2,2.0,Stage 4,0.0,Weak,Volume Normal,Volume Normal (1.23x vs 10W Avg),-6.02,Underperformed Nifty by 6.02% in 3 Months,False,-6.02,-0.91,19531361.81,"Stage 4, Stage 4, weekly_vcp_ok, weekly_strong, flags=Wide Risk;Low Liquidity, downtrend",794,813.0,Stage 4,watchlist,weekly_watchlist,2.0,19.0,0.0,False,False,False,False,False
ABLBL.NS,Aditya Birla Lifestyle Brands Limited,Consumer Cyclical,Consumer Cyclical,False,Cash,1,Stage 4,Stage 4,Stage 4,0.86,Price is below the 30-week trend and below long-term support structure.,,,,,watchlist,weekly_watchlist,watchlist,0.0,30.2,0.0,2.0,0.0,30.2,2.0,Stage 4,0.0,Weak,Volume Drying Up,Volume Drying Up (0.84x vs 10W Avg),-15.97,Underperformed Nifty by 15.97% in 3 Months,False,-15.97,-14.74,51112033.58,"Stage 4, Stage 4, weekly_vcp_ok, weekly_volume_dryup, weekly_strong, flags=Wide Risk;Low Liquidity, downtrend",795,814.0,Stage 4,watchlist,weekly_watchlist,2.0,19.0,0.0,False,False,False,False,False
DBREALTY.NS,Valor Estate Limited,Real Estate,Real Estate,False,Cash,1,Stage 4,Stage 4,Stage 4,0.86,Price is below the 30-week trend and below long-term support structure.,,,,,watchlist,weekly_watchlist,watchlist,0.0,30.2,0.0,2.0,0.0,30.2,2.0,Stage 4,0.0,Weak,Volume Normal,Volume Normal (1.17x vs 10W Avg),-11.49,Underperformed Nifty by 11.49% in 3 Months,False,-11.49,8.62,96541764.44,"Stage 4, Stage 4, weekly_vcp_ok, weekly_strong, flags=Wide Weekly Base;Wide Risk;Low Liquidity, downtrend",796,815.0,Stage 4,watchlist,weekly_watchlist,2.0,19.0,0.0,False,False,False,False,False
RTNINDIA.NS,RattanIndia Enterprises Limited,Consumer Cyclical,Consumer Cyclical,False,Cash,1,Stage 4,Stage 4,Stage 4,0.86,Price is below the 30-week trend and below long-term support structure.,,,,,watchlist,weekly_watchlist,watchlist,0.0,30.2,0.0,2.0,0.0,30.2,2.0,Stage 4,0.0,Weak,Volume Drying Up,Volume Drying Up (0.75x vs 10W Avg),-18.17,Underperformed Nifty by 18.17% in 3 Months,False,-18.17,-6.74,45125041.06,"Stage 4, Stage 4, weekly_vcp_ok, weekly_volume_dryup, weekly_strong, flags=Wide Weekly Base;Wide Risk;Low Liquidity, downtrend",797,816.0,Stage 4,watchlist,weekly_watchlist,2.0,19.0,0.0,False,False,False,False,False
PARKHOTELS.NS,Apeejay Surrendra Park Hotels Limited,Lodging,Consumer Cyclical,False,Cash,1,Stage 4,Stage 4,Stage 4,0.86,Price is below the 30-week trend and below long-term support structure.,,,,,watchlist,weekly_watchlist,watchlist,0.0,30.2,0.0,2.0,0.0,30.2,2.0,Stage 4,0.0,Weak,Volume Expanding,Volume Expanding (1.85x vs 10W Avg),-7.65,Underperformed Nifty by 7.65% in 3 Months,False,-7.65,-0.49,15769293.49,"Stage 4, Stage 4, weekly_vcp_ok, weekly_strong, flags=Wide Risk;Low Liquidity, downtrend",798,817.0,Stage 4,watchlist,weekly_watchlist,2.0,19.0,0.0,False,False,False,False,False
PFC.NS,Power Finance Corporation Limited,Credit Services,Financial Services,True,F&O,1,Stage 4,Stage 4,Stage 4,0.66,Price is below weekly structure.,,,2026-08-07,,watchlist,weekly_watchlist,watchlist,0.0,28.2,0.0,2.0,0.0,28.2,2.0,Stage 4,0.0,Weak,Volume Normal,Volume Normal (1.13x vs 10W Avg),-16.6,Underperformed Nifty by 16.6% in 3 Months,False,-16.6,-14.04,2875312054.6,"Stage 4, Stage 4, weekly_vcp_ok, weekly_strong, flags=Wider Risk;Low Liquidity, downtrend",799,818.0,Stage 4,watchlist,weekly_watchlist,2.0,19.0,0.0,False,False,False,False,False
J&KBANK.NS,The Jammu & Kashmir Bank Limited,Banks - Regional,Financial Services,False,Cash,1,Stage 3,Stage 3,Late,0.76,"Prior strength has shifted into a Stage 3 transition based on trend, relative strength, and volume evidence.",,,2026-08-21,,watchlist,weekly_watchlist,watchlist,0.0,1.9,0.0,2.0,0.0,1.9,2.0,Stage 3 Late,0.0,Weak,Volume Drying Up,Volume Drying Up (0.32x vs 10W Avg),-8.53,Underperformed Nifty by 8.53% in 3 Months,False,-8.53,27.52,266767378.09,"Stage 3, Late, volume_dryup, weekly_volume_dryup, flags=Loose Structure;Wide Risk;Low Liquidity, distribution_or_weakening_risk",805,824.0,Stage 3,watchlist,weekly_watchlist,2.0,19.0,0.0,False,False,False,False,False
GVT&D.NS,GE Vernova T&D India Limited,Specialty Industrial Machinery,Industrials,False,Cash,1,Failed Stage 2,Stage 3,Failed Stage 2,0.72,"This stock was recently Stage 2, but the latest structure no longer satisfies Stage 2 rules. It is kept as Failed Stage 2 until a fresh base/repair structure forms.",Recent Stage 2 break; public stage held as Failed Stage 2.,2026-09-28,2026-09-23,,watchlist,weekly_watchlist,watchlist,0.0,0.0,2.15,10.0,0.0,0.0,12.15,Failed Stage 2,2.15,Neutral,Volume Drying Up,Volume Drying Up (0.47x vs 10W Avg),-7.53,Underperformed Nifty by 7.53% in 3 Months,False,-7.53,12.49,3466770097.67,"Stage 3, Early, volume_dryup, weekly_volume_dryup, flags=Wide Risk;Low Liquidity, distribution_or_weakening_risk | Stage 2 failed state applied from stage memory.",574,593.0,Failed Stage 2,watchlist,weekly_watchlist,12.52,19.0,-0.3699999999999992,False,False,False,False,False
VISHNU.NS,Vishnu Chemicals Limited,Specialty Chemicals,Basic Materials,False,Cash,1,Stage 2,Stage 2,Advancing,0.9,Price is above constructive weekly and long-term trend structure with improving relative strength.,,,2026-09-25,,watchlist,weekly_watchlist,watchlist,36.88,27.21,31.82,5.0,36.88,27.21,36.82,Stage 2 - Advancing,31.82,Very Strong,Volume Drying Up,Volume Drying Up (0.36x vs 10W Avg),15.32,Outperformed Nifty by 15.32% in 3 Months,True,15.32,38.76,110488138.32,"Stage 2, Advancing, trend_template_ok, volume_dryup, weekly_volume_dryup, flags=Wider Risk;Low Liquidity",230,249.0,Stage 2,watchlist,weekly_watchlist,37.42,19.0,-0.6000000000000014,False,False,False,False,False
ICICIBANK.NS,ICICI Bank Limited,Banks - Regional,Financial Services,True,F&O,1,Stage 3,Stage 3,Early,0.68,"Prior strength has shifted into a Stage 3 transition based on trend, relative strength, and volume evidence.",,,,,watchlist,weekly_watchlist,watchlist,0.0,36.91,14.88,2.0,0.0,36.91,16.88,Stage 3 Early,14.88,Neutral,Volume Drying Up,Volume Drying Up (0.75x vs 10W Avg),-1.11,Underperformed Nifty by 1.11% in 3 Months,False,-1.11,10.25,11441517023.53,"Stage 3, Early, weekly_vcp_ok, volume_dryup, weekly_volume_dryup, weekly_strong, flags=Wider Risk;Low Liquidity, distribution_or_weakening_risk",472,491.0,Stage 3,watchlist,weekly_watchlist,17.69,19.0,-0.8100000000000023,False,False,False,False,False
PRAJIND.NS,Praj Industries Limited,Engineering & Construction,Industrials,False,Cash,1,Stage 4,Stage 4,Stage 4,0.66,Price is below weekly structure.,,,2026-09-03,,watchlist,weekly_watchlist,watchlist,4.8,32.0,11.16,0.0,4.8,32.0,11.16,Stage 4,11.16,Weak,Volume Drying Up,Volume Drying Up (0.42x vs 10W Avg),-7.22,Underperformed Nifty by 7.22% in 3 Months,False,-7.22,-3.3,129387426.43,"Stage 4, Stage 4, weekly_vcp_ok, volume_dryup, weekly_volume_dryup, weekly_strong, flags=Wide Risk;Low Liquidity, downtrend",587,606.0,Stage 4,watchlist,weekly_watchlist,11.99,19.0,-0.8300000000000001,False,False,False,False,False
HATSUN.NS,Hatsun Agro Product Limited,Packaged Foods,Consumer Defensive,False,Cash,1,Stage 2,Stage 2,Advancing,0.9,Price is above constructive weekly and long-term trend structure with improving relative strength.,,,2026-09-25,,watchlist,weekly_breakout,watchlist,31.23,62.69,34.43,0.0,31.23,62.69,34.43,Stage 2 - Advancing,34.43,Very Strong,Volume Drying Up,Volume Drying Up (0.37x vs 10W Avg),27.43,Outperformed Nifty by 27.43% in 3 Months,True,27.43,28.42,139318409.65,"Stage 2, Advancing, trend_template_ok, weekly_vcp_ok, weekly_volume_dryup, weekly_strong, flags=Loose Structure;Wide Risk;Low Liquidity",259,278.0,Stage 2,watchlist,weekly_breakout,35.28,19.0,-0.8500000000000014,False,False,False,False,False
JUSTDIAL.NS,Just Dial Limited,Communication Services,Communication Services,False,Cash,1,Stage 2,Stage 2,Advancing,0.8,Price is above constructive weekly and long-term trend structure with improving relative strength.,,,2026-09-25,,watchlist,weekly_watchlist,watchlist,34.69,22.79,24.16,5.0,34.69,22.79,29.16,Stage 2 - Advancing,24.16,Very Strong,Volume Drying Up,Volume Drying Up (0.25x vs 10W Avg),23.74,Outperformed Nifty by 23.74% in 3 Months,False,23.74,30.12,95892415.34,"Stage 2, Advancing, volume_dryup, weekly_volume_dryup, flags=Wide Risk;Low Liquidity",325,344.0,Stage 2,watchlist,weekly_watchlist,30.27,19.0,-1.1099999999999994,False,False,False,False,False
JUBLCPL.NS,Jubilant Agri and Consumer Products Limited,Specialty Chemicals,Basic Materials,False,Cash,1,Stage 2,Stage 2,Advancing,0.8,Price is above constructive weekly and long-term trend structure with improving relative strength.,,,2026-09-25,,watchlist,weekly_forming,watchlist,23.11,61.23,26.95,5.0,23.11,61.23,31.95,Stage 2 - Advancing,26.95,Very Strong,Volume Drying Up,Volume Drying Up (0.51x vs 10W Avg),11.81,Outperformed Nifty by 11.81% in 3 Months,True,11.81,29.53,23129964.89,"Stage 2, Advancing, trend_template_ok, weekly_vcp_ok, volume_dryup, weekly_volume_dryup, weekly_strong, flags=Wide Weekly Base;Loose Structure;Wide Risk;Low Liquidity",289,308.0,Stage 2,watchlist,weekly_forming,33.21,19.0,-1.2600000000000016,False,False,False,False,False
EXIDEIND.NS,Exide Industries Limited,Auto Parts,Consumer Cyclical,True,F&O,1,Stage 2,Stage 2,Advancing,0.8,Price is above constructive weekly and long-term trend structure with improving relative strength.,,,2026-09-25,,watchlist,weekly_watchlist,watchlist,33.15,28.63,28.05,5.0,33.15,28.63,33.05,Stage 2 - Advancing,28.05,Neutral,Volume Drying Up,Volume Drying Up (0.46x vs 10W Avg),3.76,Outperformed Nifty by 3.76% in 3 Months,True,3.76,40.51,857450449.15,"Stage 2, Advancing, trend_template_ok, volume_dryup, weekly_volume_dryup, flags=Wider Risk;Low Liquidity",273,292.0,Stage 2,watchlist,weekly_watchlist,34.66,19.0,-1.6099999999999994,False,False,False,False,False
HBLENGINE.NS,HBL Engineering Limited,Electrical Equipment & Parts,Industrials,False,Cash,1,Stage 1,Stage 1,Stage 1,0.68,Price is building a base around long-term weekly structure without a confirmed advancing phase.,,,,,watchlist,weekly_watchlist,watchlist,10.23,16.28,15.71,10.0,10.23,16.28,25.71,Stage 1,15.71,Strong,Volume Expanding,Volume Expanding (1.81x vs 10W Avg),0.61,Outperformed Nifty by 0.61% in 3 Months,False,0.61,20.14,2026974547.11,"Stage 1, Stage 1, flags=Wider Risk;Low Liquidity, stage1_not_actionable, stage1_needs_more_base",356,375.0,Not Sure,watchlist,weekly_watchlist,27.39,19.0,-1.6799999999999997,False,False,False,False,False
UPL.NS,UPL Limited,Agricultural Inputs,Basic Materials,True,F&O,1,Stage 4,Stage 4,Stage 4,0.86,Price is below the 30-week trend and below long-term support structure.,,,,,watchlist,weekly_watchlist,watchlist,1.02,31.3,1.37,0.0,1.02,31.3,1.37,Stage 4,1.37,Weak,Volume Normal,Volume Normal (1.08x vs 10W Avg),-0.66,Underperformed Nifty by 0.66% in 3 Months,False,-0.66,-4.18,1219899916.18,"Stage 4, Stage 4, weekly_vcp_ok, weekly_strong, flags=Wide Risk;Low Liquidity, downtrend",818,836.0,Stage 4,watchlist,weekly_watchlist,0.17,18.0,1.2000000000000002,False,False,False,False,False
ICRA.NS,ICRA Limited,Financial Services,Financial Services,False,Cash,1,Stage 4,Stage 4,Stage 4,0.86,Price is below the 30-week trend and below long-term support structure.,,,,,watchlist,weekly_watchlist,watchlist,0.0,32.0,3.79,0.0,0.0,32.0,3.79,Stage 4,3.79,Weak,Volume Drying Up,Volume Normal (0.87x vs 10W Avg),-12.19,Underperformed Nifty by 12.19% in 3 Months,False,-12.19,-11.22,122563033.88,"Stage 4, Stage 4, weekly_vcp_ok, volume_dryup, weekly_volume_dryup, weekly_strong, flags=Wide Risk;Low Liquidity, downtrend",764,782.0,Stage 4,watchlist,weekly_watchlist,3.79,18.0,0.0,False,False,False,False,False
SWSOLAR.NS,Sterling and Wilson Renewable Energy Limited,Solar,Technology,False,Cash,1,Stage 4,Stage 4,Stage 4,0.86,Price is below the 30-week trend and below long-term support structure.,,,,,watchlist,weekly_watchlist,watchlist,0.0,32.0,3.79,0.0,0.0,32.0,3.79,Stage 4,3.79,Weak,Volume Expanding,Volume Expanding (1.91x vs 10W Avg),-25.76,Underperformed Nifty by 25.76% in 3 Months,False,-25.76,5.45,199070374.73,"Stage 4, Stage 4, weekly_vcp_ok, weekly_strong, flags=Loose Structure;Wide Risk;Low Liquidity, downtrend",765,783.0,Stage 4,watchlist,weekly_watchlist,3.79,18.0,0.0,False,False,False,False,False
NIITMTS.NS,NIIT Learning Systems Limited,Consumer Defensive,Consumer Defensive,False,Cash,1,Stage 4,Stage 4,Stage 4,0.86,Price is below the 30-week trend and below long-term support structure.,,,,,watchlist,weekly_watchlist,watchlist,0.0,32.0,3.79,0.0,0.0,32.0,3.79,Stage 4,3.79,Weak,Volume Drying Up,Volume Drying Up (0.66x vs 10W Avg),-5.67,Underperformed Nifty by 5.67% in 3 Months,False,-5.67,-21.86,45424154.52,"Stage 4, Stage 4, weekly_vcp_ok, weekly_volume_dryup, weekly_strong, flags=Wide Base;Wide Weekly Base;Wide Risk;Low Liquidity, downtrend",766,784.0,Stage 4,watchlist,weekly_watchlist,3.79,18.0,0.0,False,False,False,False,False
MASFIN.NS,MAS Financial Services Limited,Credit Services,Financial Services,False,Cash,1,Stage 4,Stage 4,Stage 4,0.66,Price is below weekly structure.,,,,,watchlist,weekly_watchlist,watchlist,2.11,0.0,0.0,2.0,2.11,0.0,2.0,Stage 4,0.0,Weak,Volume Normal,Volume Normal (0.92x vs 10W Avg),-7.1,Underperformed Nifty by 7.1% in 3 Months,False,-7.1,-3.08,61203827.52,"Stage 4, Stage 4, flags=Wide Risk;Low Liquidity, downtrend",789,807.0,Stage 4,watchlist,weekly_watchlist,2.0,18.0,0.0,False,False,False,False,False
HDBFS.NS,HDB Financial Services Limited,Credit Services,Financial Services,False,Cash,1,Stage 3,Stage 3,Late,0.76,"Prior strength has shifted into a Stage 3 transition based on trend, relative strength, and volume evidence.",,,,,watchlist,weekly_watchlist,watchlist,0.0,20.9,0.0,2.0,0.0,20.9,2.0,Stage 3 Late,0.0,Weak,Volume Drying Up,Volume Drying Up (0.46x vs 10W Avg),-8.78,Underperformed Nifty by 8.78% in 3 Months,False,-8.78,12.74,330195346.28,"Stage 3, Late, weekly_vcp_ok, volume_dryup, weekly_volume_dryup, flags=Wider Risk;Low Liquidity, distribution_or_weakening_risk",801,819.0,Stage 3,watchlist,weekly_watchlist,2.0,18.0,0.0,False,False,False,False,False
OFSS.NS,Oracle Financial Services Software Limited,Software - Infrastructure,Technology,True,F&O,1,Failed Stage 2,Stage 3,Failed Stage 2,0.72,"This stock was recently Stage 2, but the latest structure no longer satisfies Stage 2 rules. It is kept as Failed Stage 2 until a fresh base/repair structure forms.",Recent Stage 2 break; public stage held as Failed Stage 2.,2026-09-28,2026-09-24,,watchlist,weekly_watchlist,watchlist,0.0,4.45,0.0,2.0,0.0,4.45,2.0,Failed Stage 2,0.0,Neutral,Volume Drying Up,Volume Drying Up (0.84x vs 10W Avg),3.41,Outperformed Nifty by 3.41% in 3 Months,False,3.41,61.13,2467049780.5,"Stage 3, Late, weekly_volume_dryup, flags=Wide Risk;Low Liquidity, distribution_or_weakening_risk | Stage 2 failed state applied from stage memory.",802,820.0,Failed Stage 2,watchlist,weekly_watchlist,2.0,18.0,0.0,False,False,False,False,False
IXIGO.NS,Le Travenues Technology Limited,Consumer Cyclical,Consumer Cyclical,False,Cash,1,Stage 4,Stage 4,Stage 4,0.86,Price is below the 30-week trend and below long-term support structure.,,,,,watchlist,weekly_watchlist,watchlist,0.0,0.0,0.0,2.0,0.0,0.0,2.0,Stage 4,0.0,Weak,Volume Normal,Volume Normal (0.96x vs 10W Avg),-23.45,Underperformed Nifty by 23.45% in 3 Months,False,-23.45,-4.66,228476197.46,"Stage 4, Stage 4, flags=Loose Structure;Wider Risk;Low Liquidity, downtrend",808,826.0,Stage 4,watchlist,weekly_watchlist,2.0,18.0,0.0,False,False,False,False,False
AGIIL.NS,Agi Infra Limited,Real Estate,Real Estate,False,Cash,1,Stage 4,Stage 4,Stage 4,0.66,Price is below weekly structure.,,,,,watchlist,weekly_watchlist,watchlist,0.0,0.0,0.0,2.0,0.0,0.0,2.0,Stage 4,0.0,Weak,Volume Expanding,Volume Expanding (2.00x vs 10W Avg),-18.88,Underperformed Nifty by 18.88% in 3 Months,False,-18.88,-6.36,469106791.39,"Stage 4, Stage 4, flags=Wide Risk;Low Liquidity, downtrend",809,827.0,Stage 4,watchlist,weekly_watchlist,2.0,18.0,0.0,False,False,False,False,False
HEMIPROP.NS,Hemisphere Properties India Limited,Real Estate,Real Estate,False,Cash,1,Stage 4,Stage 4,Stage 4,0.86,Price is below the 30-week trend and below long-term support structure.,,,,,watchlist,weekly_watchlist,watchlist,0.0,0.0,0.0,2.0,0.0,0.0,2.0,Stage 4,0.0,Weak,Volume Drying Up,Volume Drying Up (0.84x vs 10W Avg),-12.13,Underperformed Nifty by 12.13% in 3 Months,False,-12.13,0.57,29705508.1,"Stage 4, Stage 4, volume_dryup, weekly_volume_dryup, flags=Wide Risk;Low Liquidity, downtrend",810,828.0,Stage 4,watchlist,weekly_watchlist,2.0,18.0,0.0,False,False,False,False,False
JIOFIN.NS,Jio Financial Services Limited,Asset Management,Financial Services,True,F&O,1,Stage 4,Stage 4,Stage 4,0.86,Price is below the 30-week trend and below long-term support structure.,,,,,watchlist,weekly_watchlist,watchlist,5.97,31.3,0.0,0.0,5.97,31.3,0.0,Stage 4,0.0,Weak,Volume Drying Up,Volume Drying Up (0.75x vs 10W Avg),-2.7,Underperformed Nifty by 2.7% in 3 Months,False,-2.7,-1.43,2491971372.41,"Stage 4, Stage 4, weekly_vcp_ok, volume_dryup, weekly_volume_dryup, weekly_strong, flags=Wide Risk;Low Liquidity, downtrend",835,853.0,Stage 4,watchlist,weekly_watchlist,0.0,18.0,0.0,False,False,False,False,False
SUNDRMFAST.NS,Sundram Fasteners Limited,Auto Parts,Consumer Cyclical,False,Cash,1,Stage 2,Stage 2,Advancing,0.9,Price is above constructive weekly and long-term trend structure with improving relative strength.,,,2026-09-25,,watchlist,weekly_breakout,watchlist,36.01,64.0,41.67,5.0,36.01,64.0,46.67,Stage 2 - Advancing,41.67,Very Strong,Volume Drying Up,Volume Drying Up (0.66x vs 10W Avg),28.35,Outperformed Nifty by 28.35% in 3 Months,True,28.35,58.59,298691207.39,"Stage 2, Advancing, trend_template_ok, weekly_vcp_ok, volume_dryup, weekly_volume_dryup, weekly_strong, flags=Loose Structure;Wide Risk;Low Liquidity",103,121.0,Stage 2,watchlist,weekly_breakout,46.78,18.0,-0.10999999999999943,False,False,False,False,False
NAUKRI.NS,Info Edge (India) Limited,Communication Services,Communication Services,True,F&O,1,Stage 2,Stage 2,Advancing,0.8,Price is above constructive weekly and long-term trend structure with improving relative strength.,,,2026-09-25,,watchlist,weekly_forming,watchlist,19.76,63.96,45.61,5.0,19.76,63.96,50.61,Stage 2 - Advancing,45.61,Very Strong,Volume Drying Up,Volume Normal (0.95x vs 10W Avg),31.7,Outperformed Nifty by 31.7% in 3 Months,False,31.7,29.92,1748350521.91,"Stage 2, Advancing, weekly_vcp_ok, volume_dryup, weekly_strong, flags=Wider Risk",69,87.0,Stage 2,watchlist,weekly_forming,50.73,18.0,-0.11999999999999744,False,False,False,False,False
JWL.NS,Jupiter Wagons Limited,Industrials,Industrials,False,Cash,1,Stage 4,Stage 4,Stage 4,0.86,Price is below the 30-week trend and below long-term support structure.,,,,,watchlist,weekly_watchlist,watchlist,3.12,33.1,7.17,0.0,3.12,33.1,7.17,Stage 4,7.17,Weak,Volume Drying Up,Volume Drying Up (0.75x vs 10W Avg),-11.49,Underperformed Nifty by 11.49% in 3 Months,False,-11.49,-11.14,153878231.22,"Stage 4, Stage 4, weekly_vcp_ok, volume_dryup, weekly_volume_dryup, weekly_strong, flags=Wide Risk;Low Liquidity, downtrend",684,702.0,Stage 4,watchlist,weekly_watchlist,7.45,18.0,-0.28000000000000025,False,False,False,False,False
ADVENZYMES.NS,Advanced Enzyme Technologies Limited,Specialty Chemicals,Basic Materials,False,Cash,1,Stage 3,Stage 3,Early,0.68,"Prior strength has shifted into a Stage 3 transition based on trend, relative strength, and volume evidence.",,,2026-07-21,,watchlist,weekly_watchlist,watchlist,5.92,0.0,1.85,5.0,5.92,0.0,6.85,Stage 3 Early,1.85,Weak,Volume Drying Up,Volume Drying Up (0.78x vs 10W Avg),-4.17,Underperformed Nifty by 4.17% in 3 Months,False,-4.17,6.61,61040545.27,"Stage 3, Early, volume_dryup, weekly_volume_dryup, flags=Wider Risk;Low Liquidity, distribution_or_weakening_risk",690,708.0,Stage 3,watchlist,weekly_watchlist,7.29,18.0,-0.4400000000000004,False,False,False,False,False
LICI.NS,Life Insurance Corporation Of India,Insurance - Life,Financial Services,True,F&O,1,Stage 3,Stage 3,Early,0.68,"Prior strength has shifted into a Stage 3 transition based on trend, relative strength, and volume evidence.",,,,,watchlist,weekly_watchlist,watchlist,9.28,2.97,7.27,0.0,9.28,2.97,7.27,Stage 3 Early,7.27,Neutral,Volume Drying Up,Volume Drying Up (0.72x vs 10W Avg),-2.17,Underperformed Nifty by 2.17% in 3 Months,False,-2.17,13.86,2620941987.4,"Stage 3, Early, volume_dryup, weekly_volume_dryup, flags=Wider Risk;Low Liquidity, distribution_or_weakening_risk",681,699.0,Stage 3,watchlist,weekly_watchlist,7.85,18.0,-0.5800000000000001,False,False,False,False,False
SANOFI.NS,Sanofi India Limited,Drug Manufacturers - General,Healthcare,False,Cash,1,Stage 4,Stage 4,Stage 4,0.86,Price is below the 30-week trend and below long-term support structure.,,,,,watchlist,weekly_watchlist,watchlist,0.0,32.0,12.68,5.0,0.0,32.0,17.68,Stage 4,12.68,Weak,Volume Normal,Volume Normal (1.49x vs 10W Avg),-5.56,Underperformed Nifty by 5.56% in 3 Months,False,-5.56,-1.4,55827455.64,"Stage 4, Stage 4, weekly_vcp_ok, weekly_strong, flags=Low Liquidity, downtrend",457,475.0,Stage 4,watchlist,weekly_watchlist,18.45,18.0,-0.7699999999999996,False,False,False,False,False
RECLTD.NS,REC Limited,Credit Services,Financial Services,True,F&O,1,Stage 4,Stage 4,Stage 4,0.66,Price is below weekly structure.,,,,,watchlist,weekly_watchlist,watchlist,5.97,32.0,8.57,2.0,5.97,32.0,10.57,Stage 4,8.57,Weak,Volume Normal,Volume Normal (1.02x vs 10W Avg),-11.53,Underperformed Nifty by 11.53% in 3 Months,False,-11.53,-2.88,1372548577.25,"Stage 4, Stage 4, weekly_vcp_ok, weekly_strong, flags=Wide Risk;Low Liquidity, downtrend",596,614.0,Stage 4,watchlist,weekly_watchlist,11.51,18.0,-0.9399999999999995,False,False,False,False,False
FIVESTAR.NS,Five-Star Business Finance Limited,Credit Services,Financial Services,False,Cash,1,Stage 2,Stage 2,Advancing,0.8,Price is above constructive weekly and long-term trend structure with improving relative strength.,,,2026-09-25,,watchlist,weekly_forming,watchlist,14.23,61.85,29.91,2.0,14.23,61.85,31.91,Stage 2 - Advancing,29.91,Strong,Volume Normal,Volume Normal (1.34x vs 10W Avg),0.75,Outperformed Nifty by 0.75% in 3 Months,False,0.75,46.75,332682910.81,"Stage 2, Advancing, weekly_vcp_ok, weekly_strong, flags=Wide Weekly Base;Wider Risk;Low Liquidity",291,309.0,Stage 2,watchlist,weekly_forming,33.19,18.0,-1.2799999999999976,False,False,False,False,False
INDOTECH.NS,Indo Tech Transformers Limited,Electrical Equipment & Parts,Industrials,False,Cash,1,Stage 2,Stage 2,Advancing,0.8,Price is above constructive weekly and long-term trend structure with improving relative strength.,,,2026-09-25,,watchlist,weekly_watchlist,watchlist,29.5,34.4,22.23,10.0,29.5,34.4,32.23,Stage 2 - Advancing,22.23,Neutral,Volume Drying Up,Volume Drying Up (0.70x vs 10W Avg),2.92,Outperformed Nifty by 2.92% in 3 Months,True,2.92,153.3,53545234.71,"Stage 2, Advancing, trend_template_ok, weekly_volume_dryup, flags=Wide Risk;Low Liquidity",283,301.0,Stage 2,watchlist,weekly_watchlist,33.71,18.0,-1.480000000000004,False,False,False,False,False
QUESS.NS,Quess Corp Limited,Industrials,Industrials,False,Cash,1,Stage 2,Stage 2,Advancing,0.9,Price is above constructive weekly and long-term trend structure with improving relative strength.,,,2026-09-25,,watchlist,weekly_watchlist,watchlist,38.99,26.6,25.13,0.0,38.99,26.6,25.13,Stage 2 - Advancing,25.13,Very Strong,Volume Drying Up,Volume Drying Up (0.61x vs 10W Avg),26.49,Outperformed Nifty by 26.49% in 3 Months,True,26.49,97.22,204674025.93,"Stage 2, Advancing, trend_template_ok, volume_dryup, weekly_volume_dryup, flags=Loose Structure;Wide Risk;Low Liquidity",363,381.0,Stage 2,watchlist,weekly_watchlist,26.86,18.0,-1.7300000000000004,False,False,False,False,False
MANINDS.NS,Man Industries (India) Limited,Steel,Basic Materials,False,Cash,1,Stage 2,Stage 2,Extended,0.78,"Weekly advancing structure remains intact, but price is stretched versus key moving averages.",,,2026-09-25,,watchlist,weekly_breakout,watchlist,54.43,68.8,47.37,10.0,54.43,68.8,57.37,Stage 2 - Extended,47.37,Very Strong,Volume Expanding,Volume Expanding (2.35x vs 10W Avg),64.77,Outperformed Nifty by 64.77% in 3 Months,True,64.77,174.25,1803641066.25,"Stage 2, Extended, trend_template_ok, weekly_vcp_ok, weekly_strong, flags=Loose Structure;Extended;Wide Risk;Low Liquidity",31,48.0,Stage 2,watchlist,weekly_breakout,55.41,17.0,1.9600000000000009,False,False,False,False,False
HSCL.NS,Himadri Speciality Chemical Limited,Specialty Chemicals,Basic Materials,False,Cash,1,Stage 2,Stage 2,Advancing,0.8,Price is above constructive weekly and long-term trend structure with improving relative strength.,,,2026-09-25,,watchlist,weekly_forming,watchlist,50.37,61.82,50.29,5.0,50.37,61.82,55.29,Stage 2 - Advancing,50.29,Strong,Volume Drying Up,Volume Drying Up (0.25x vs 10W Avg),6.21,Outperformed Nifty by 6.21% in 3 Months,True,6.21,51.95,2207880772.93,"Stage 2, Advancing, trend_template_ok, weekly_vcp_ok, volume_dryup, weekly_volume_dryup, weekly_strong, flags=Wider Risk;Low Liquidity",39,56.0,Stage 2,watchlist,weekly_forming,54.34,17.0,0.9499999999999957,False,False,False,False,False
MAXESTATES.NS,Max Estates Limited,Real Estate,Real Estate,False,Cash,1,Stage 2,Stage 2,Advancing,0.9,Price is above constructive weekly and long-term trend structure with improving relative strength.,,,2026-09-25,,watchlist,weekly_breakout,watchlist,35.62,65.8,49.61,2.0,35.62,65.8,51.61,Stage 2 - Advancing,49.61,Very Strong,Volume Expanding,Volume Expanding (1.58x vs 10W Avg),40.23,Outperformed Nifty by 40.23% in 3 Months,True,40.23,87.47,136235068.13,"Stage 2, Advancing, trend_template_ok, weekly_vcp_ok, weekly_strong, flags=Wide Weekly Base;Loose Structure;Wider Risk",66,83.0,Stage 2,watchlist,weekly_breakout,51.08,17.0,0.5300000000000011,False,False,False,False,False
GMMPFAUDLR.NS,GMM Pfaudler Limited,Specialty Industrial Machinery,Industrials,False,Cash,1,Stage 2,Stage 2,Extended,0.78,"Weekly advancing structure remains intact, but price is stretched versus key moving averages.",,,2026-09-25,,watchlist,weekly_breakout,watchlist,33.35,65.1,36.84,10.0,33.35,65.1,46.84,Stage 2 - Extended,36.84,Very Strong,Volume Drying Up,Volume Drying Up (0.63x vs 10W Avg),97.2,Outperformed Nifty by 97.2% in 3 Months,True,97.2,76.4,762274362.56,"Stage 2, Extended, trend_template_ok, weekly_vcp_ok, weekly_volume_dryup, weekly_strong, flags=Loose Structure;Extended;Wide Risk;Low Liquidity",100,117.0,Stage 2,watchlist,weekly_breakout,46.84,17.0,0.0,False,False,False,False,False
NATCOPHARM.NS,Natco Pharma Limited,Drug Manufacturers - Specialty & Generic,Healthcare,False,Cash,1,Stage 4,Stage 4,Stage 4,0.66,Price is below weekly structure.,,,,,watchlist,weekly_watchlist,watchlist,0.0,0.0,0.0,10.0,0.0,0.0,10.0,Stage 4,0.0,Weak,Volume Normal,Volume Normal (1.26x vs 10W Avg),-6.08,Underperformed Nifty by 6.08% in 3 Months,False,-6.08,-16.97,338884833.5,"Stage 4, Stage 4, flags=Wide Risk;Low Liquidity, downtrend",629,646.0,Stage 4,watchlist,weekly_watchlist,10.0,17.0,0.0,False,False,False,False,False
ASHAPURMIN.NS,Ashapura Minechem Limited,Basic Materials,Basic Materials,False,Cash,1,Stage 4,Stage 4,Stage 4,0.86,Price is below the 30-week trend and below long-term support structure.,,,2026-07-17,,watchlist,weekly_watchlist,watchlist,0.0,32.0,3.79,0.0,0.0,32.0,3.79,Stage 4,3.79,Weak,Volume Drying Up,Volume Drying Up (0.68x vs 10W Avg),-18.81,Underperformed Nifty by 18.81% in 3 Months,False,-18.81,5.29,162663699.42,"Stage 4, Stage 4, weekly_vcp_ok, volume_dryup, weekly_volume_dryup, weekly_strong, flags=Wide Weekly Base;Loose Structure;Wide Risk;Low Liquidity, downtrend",763,780.0,Stage 4,watchlist,weekly_watchlist,3.79,17.0,0.0,False,False,False,False,False
INDUSINDBK.NS,IndusInd Bank Limited,Banks - Regional,Financial Services,True,F&O,1,Failed Stage 2,Stage 3,Failed Stage 2,0.72,"This stock was recently Stage 2, but the latest structure no longer satisfies Stage 2 rules. It is kept as Failed Stage 2 until a fresh base/repair structure forms.",Recent Stage 2 break; public stage held as Failed Stage 2.,2026-09-28,2026-09-23,,watchlist,weekly_watchlist,watchlist,0.0,2.48,0.0,2.0,0.0,2.48,2.0,Failed Stage 2,0.0,Neutral,Volume Normal,Volume Normal (1.38x vs 10W Avg),1.52,Outperformed Nifty by 1.52% in 3 Months,False,1.52,19.27,1989611034.67,"Stage 3, Late, flags=Wide Risk;Low Liquidity, distribution_or_weakening_risk | Stage 2 failed state applied from stage memory.",804,821.0,Failed Stage 2,watchlist,weekly_watchlist,2.0,17.0,0.0,False,False,False,False,False
SHARDACROP.NS,Sharda Cropchem Limited,Agricultural Inputs,Basic Materials,False,Cash,1,Stage 4,Stage 4,Stage 4,0.86,Price is below the 30-week trend and below long-term support structure.,,,,,watchlist,weekly_watchlist,watchlist,0.0,33.1,5.71,0.0,0.0,33.1,5.71,Stage 4,5.71,Weak,Volume Drying Up,Volume Drying Up (0.60x vs 10W Avg),-12.14,Underperformed Nifty by 12.14% in 3 Months,False,-12.14,-14.88,77422195.86,"Stage 4, Stage 4, weekly_vcp_ok, volume_dryup, weekly_volume_dryup, weekly_strong, flags=Wide Weekly Base;Wider Risk;Low Liquidity, downtrend",719,736.0,Stage 4,watchlist,weekly_watchlist,5.73,17.0,-0.020000000000000462,False,False,False,False,False
RELAXO.NS,Relaxo Footwears Limited,Consumer Cyclical,Consumer Cyclical,False,Cash,1,Stage 4,Stage 4,Stage 4,0.86,Price is below the 30-week trend and below long-term support structure.,,,2026-08-18,,watchlist,weekly_watchlist,watchlist,0.0,32.0,3.79,2.0,0.0,32.0,5.79,Stage 4,3.79,Weak,Volume Drying Up,Volume Drying Up (0.30x vs 10W Avg),-22.38,Underperformed Nifty by 22.38% in 3 Months,False,-22.38,15.16,79337355.54,"Stage 4, Stage 4, weekly_vcp_ok, weekly_volume_dryup, weekly_strong, flags=Wide Weekly Base;Loose Structure;Wide Risk;Low Liquidity, downtrend",717,734.0,Stage 4,watchlist,weekly_watchlist,5.84,17.0,-0.04999999999999982,False,False,False,False,False
JSLL.NS,Jeena Sikho Lifecare Limited,Medical Care Facilities,Healthcare,False,Cash,1,Stage 4,Stage 4,Stage 4,0.86,Price is below the 30-week trend and below long-term support structure.,,,,,watchlist,weekly_watchlist,watchlist,7.72,18.3,2.49,2.0,7.72,18.3,4.49,Stage 4,2.49,Weak,Volume Drying Up,Volume Drying Up (0.60x vs 10W Avg),-6.74,Underperformed Nifty by 6.74% in 3 Months,False,-6.74,-14.27,209195235.11,"Stage 4, Stage 4, weekly_vcp_ok, volume_dryup, weekly_volume_dryup, flags=Wide Weekly Base;Wide Risk;Low Liquidity, downtrend",753,770.0,Stage 4,watchlist,weekly_watchlist,4.85,17.0,-0.35999999999999943,False,False,False,False,False
GOLDIAM.NS,Goldiam International Limited,Luxury Goods,Consumer Cyclical,False,Cash,1,Failed Stage 2,Stage 3,Failed Stage 2,0.72,"This stock was recently Stage 2, but the latest structure no longer satisfies Stage 2 rules. It is kept as Failed Stage 2 until a fresh base/repair structure forms.",Recent Stage 2 break; public stage held as Failed Stage 2.,2026-09-28,2026-09-23,,watchlist,weekly_watchlist,watchlist,14.53,0.0,6.8,10.0,14.53,0.0,16.8,Failed Stage 2,6.8,Neutral,Volume Drying Up,Volume Drying Up (0.49x vs 10W Avg),-2.26,Underperformed Nifty by 2.26% in 3 Months,False,-2.26,45.19,138232371.2,"Stage 3, Early, volume_dryup, weekly_volume_dryup, flags=Wide Risk;Low Liquidity, distribution_or_weakening_risk | Stage 2 failed state applied from stage memory.",475,492.0,Failed Stage 2,watchlist,weekly_watchlist,17.64,17.0,-0.8399999999999999,False,False,False,False,False
ELECON.NS,Elecon Engineering Company Limited,Specialty Industrial Machinery,Industrials,False,Cash,1,Stage 1,Stage 1,Stage 1,0.64,Price is building a base around long-term weekly structure without a confirmed advancing phase.,,,2026-07-14,,watchlist,weekly_watchlist,watchlist,15.85,3.45,8.68,10.0,15.85,3.45,18.68,Stage 1,8.68,Neutral,Volume Expanding,Volume Expanding (7.02x vs 10W Avg),-5.95,Underperformed Nifty by 5.95% in 3 Months,False,-5.95,26.47,1177996305.16,"Stage 1, Stage 1, flags=Wide Risk;Low Liquidity, stage1_not_actionable, stage1_needs_more_base",443,460.0,Stage 1,watchlist,weekly_watchlist,19.53,17.0,-0.8500000000000014,False,False,False,False,False
MRF.NS,MRF Limited,Auto Parts,Consumer Cyclical,False,Cash,1,Stage 4,Stage 4,Stage 4,0.66,Price is below weekly structure.,,,,,watchlist,weekly_watchlist,watchlist,6.05,33.1,14.69,5.0,6.05,33.1,19.69,Stage 4,14.69,Weak,Volume Drying Up,Volume Drying Up (0.56x vs 10W Avg),-1.27,Underperformed Nifty by 1.27% in 3 Months,False,-1.27,0.08,412130518.75,"Stage 4, Stage 4, weekly_vcp_ok, weekly_volume_dryup, weekly_strong, flags=Wider Risk;Low Liquidity, downtrend",429,446.0,Stage 4,watchlist,weekly_watchlist,21.0,17.0,-1.3099999999999987,False,False,False,False,False
SUNCLAY.NS,Sundaram Clayton Limited,Metal Fabrication,Industrials,False,Cash,1,Stage 4,Stage 4,Stage 4,0.66,Price is below weekly structure.,,,,,watchlist,weekly_watchlist,watchlist,0.0,34.2,12.48,10.0,0.0,34.2,22.48,Stage 4,12.48,Weak,Volume Drying Up,Volume Drying Up (0.83x vs 10W Avg),-4.47,Underperformed Nifty by 4.47% in 3 Months,False,-4.47,0.63,6230319.08,"Stage 4, Stage 4, weekly_vcp_ok, volume_dryup, weekly_volume_dryup, weekly_strong, flags=Wider Risk;Low Liquidity, downtrend",394,411.0,Stage 4,watchlist,weekly_watchlist,24.48,17.0,-2.0,False,False,False,False,False
POKARNA.NS,Pokarna Limited,Building Products & Equipment,Industrials,False,Cash,1,Stage 4,Stage 4,Stage 4,0.86,Price is below the 30-week trend and below long-term support structure.,,,2026-08-18,,watchlist,weekly_watchlist,watchlist,0.0,32.0,3.79,0.0,0.0,32.0,3.79,Stage 4,3.79,Weak,Volume Drying Up,Volume Drying Up (0.44x vs 10W Avg),-24.78,Underperformed Nifty by 24.78% in 3 Months,False,-24.78,-15.19,107260957.42,"Stage 4, Stage 4, weekly_vcp_ok, volume_dryup, weekly_volume_dryup, weekly_strong, flags=Loose Structure;Wide Risk;Low Liquidity, downtrend",769,785.0,Stage 4,watchlist,weekly_watchlist,3.79,16.0,0.0,False,False,False,False,False
CHOLAHLDNG.NS,Cholamandalam Financial Holdings Limited,Credit Services,Financial Services,False,Cash,1,Stage 4,Stage 4,Stage 4,0.86,Price is below the 30-week trend and below long-term support structure.,,,,,watchlist,weekly_watchlist,watchlist,3.48,16.5,0.0,2.0,3.48,16.5,2.0,Stage 4,0.0,Weak,Volume Normal,Volume Normal (1.46x vs 10W Avg),-12.41,Underperformed Nifty by 12.41% in 3 Months,False,-12.41,1.87,230165036.81,"Stage 4, Stage 4, weekly_vcp_ok, flags=Wide Risk;Low Liquidity, downtrend",785,801.0,Stage 4,watchlist,weekly_watchlist,2.0,16.0,0.0,False,False,False,False,False
INDIGO.NS,InterGlobe Aviation Limited,Industrials,Industrials,True,F&O,1,Failed Stage 2,Stage 3,Failed Stage 2,0.72,"This stock was recently Stage 2, but the latest structure no longer satisfies Stage 2 rules. It is kept as Failed Stage 2 until a fresh base/repair structure forms.",Recent Stage 2 break; public stage held as Failed Stage 2.,2026-09-28,2026-09-14,,watchlist,weekly_watchlist,watchlist,0.0,0.0,3.8,0.0,0.0,0.0,3.8,Failed Stage 2,3.8,Neutral,Volume Normal,Volume Normal (0.87x vs 10W Avg),-5.36,Underperformed Nifty by 5.36% in 3 Months,False,-5.36,18.85,3081252499.8,"Stage 3, Early, weekly_volume_dryup, flags=Wider Risk;Low Liquidity, distribution_or_weakening_risk | Stage 2 failed state applied from stage memory.",762,778.0,Failed Stage 2,watchlist,weekly_watchlist,3.95,16.0,-0.15000000000000036,False,False,False,False,False
GRSE.NS,Garden Reach Shipbuilders & Engineers Limited,Aerospace & Defense,Industrials,False,Cash,1,Stage 4,Stage 4,Stage 4,0.66,Price is below weekly structure.,,,2026-08-28,,watchlist,weekly_watchlist,watchlist,5.99,32.0,8.81,10.0,5.99,32.0,18.81,Stage 4,8.81,Weak,Volume Drying Up,Volume Drying Up (0.80x vs 10W Avg),-13.64,Underperformed Nifty by 13.64% in 3 Months,False,-13.64,2.1,735321359.31,"Stage 4, Stage 4, weekly_vcp_ok, volume_dryup, weekly_volume_dryup, weekly_strong, flags=Wide Risk;Low Liquidity, downtrend",440,456.0,Stage 4,watchlist,weekly_watchlist,19.77,16.0,-0.9600000000000009,False,False,False,False,False
JASH.NS,Jash Engineering Limited,Specialty Industrial Machinery,Industrials,False,Cash,1,Stage 2,Stage 2,Extended,0.78,"Weekly advancing structure remains intact, but price is stretched versus key moving averages.",,,2026-09-25,,watchlist,weekly_watchlist,watchlist,48.75,30.2,40.02,10.0,48.75,30.2,50.02,Stage 2 - Extended,40.02,Very Strong,Volume Normal,Volume Normal (1.49x vs 10W Avg),21.69,Outperformed Nifty by 21.69% in 3 Months,True,21.69,66.15,580082196.12,"Stage 2, Extended, trend_template_ok, flags=Extended;Low Liquidity",75,90.0,Stage 2,watchlist,weekly_watchlist,50.02,15.0,0.0,False,False,False,False,False
TRENT.NS,Trent Limited,Consumer Cyclical,Consumer Cyclical,True,F&O,1,Stage 4,Stage 4,Stage 4,0.86,Price is below the 30-week trend and below long-term support structure.,,,,,watchlist,weekly_watchlist,watchlist,0.0,0.0,0.0,2.0,0.0,0.0,2.0,Stage 4,0.0,Weak,Volume Normal,Volume Normal (0.93x vs 10W Avg),-15.75,Underperformed Nifty by 15.75% in 3 Months,False,-15.75,13.36,1804254536.09,"Stage 4, Stage 4, flags=Wider Risk;Low Liquidity, downtrend",807,822.0,Stage 4,watchlist,weekly_watchlist,2.0,15.0,0.0,False,False,False,False,False
ESABINDIA.NS,Esab India Limited,Tools & Accessories,Industrials,False,Cash,1,Failed Stage 2,Stage 3,Failed Stage 2,0.72,"This stock was recently Stage 2, but the latest structure no longer satisfies Stage 2 rules. It is kept as Failed Stage 2 until a fresh base/repair structure forms.",Recent Stage 2 break; public stage held as Failed Stage 2.,2026-09-28,2026-09-14,,watchlist,weekly_watchlist,watchlist,2.68,5.31,1.49,2.0,2.68,5.31,3.49,Failed Stage 2,1.49,Weak,Volume Drying Up,Volume Drying Up (0.55x vs 10W Avg),0.39,Outperformed Nifty by 0.39% in 3 Months,False,0.39,10.69,24691121.38,"Stage 3, Early, volume_dryup, weekly_volume_dryup, flags=Wide Risk;Low Liquidity, distribution_or_weakening_risk | Stage 2 failed state applied from stage memory.",771,786.0,Failed Stage 2,watchlist,weekly_watchlist,3.68,15.0,-0.18999999999999995,False,False,False,False,False
NEULANDLAB.NS,Neuland Laboratories Limited,Drug Manufacturers - Specialty & Generic,Healthcare,False,Cash,1,Stage 2,Stage 2,Advancing,0.8,Price is above constructive weekly and long-term trend structure with improving relative strength.,,,2026-09-25,,watchlist,weekly_forming,watchlist,36.09,64.0,40.5,10.0,36.09,64.0,50.5,Stage 2 - Advancing,40.5,Very Strong,Volume Drying Up,Volume Drying Up (0.57x vs 10W Avg),18.23,Outperformed Nifty by 18.23% in 3 Months,True,18.23,75.02,954916685.25,"Stage 2, Advancing, trend_template_ok, weekly_vcp_ok, volume_dryup, weekly_volume_dryup, weekly_strong, flags=Wide Weekly Base;Wider Risk;Low Liquidity",70,85.0,Stage 2,watchlist,weekly_forming,50.85,15.0,-0.3500000000000014,False,False,False,False,False
ABFRL.NS,Aditya Birla Fashion and Retail Limited,Apparel Manufacturing,Consumer Cyclical,False,Cash,1,Stage 4,Stage 4,Stage 4,0.86,Price is below the 30-week trend and below long-term support structure.,,,,,watchlist,weekly_watchlist,watchlist,3.25,32.0,5.01,0.0,3.25,32.0,5.01,Stage 4,5.01,Weak,Volume Drying Up,Volume Drying Up (0.69x vs 10W Avg),-17.99,Underperformed Nifty by 17.99% in 3 Months,False,-17.99,-15.21,214630979.44,"Stage 4, Stage 4, weekly_vcp_ok, volume_dryup, weekly_volume_dryup, weekly_strong, flags=Loose Structure;Wide Risk;Low Liquidity, downtrend",724,739.0,Stage 4,watchlist,weekly_watchlist,5.45,15.0,-0.4400000000000004,False,False,False,False,False
SUNPHARMA.NS,Sun Pharmaceutical Industries Limited,Drug Manufacturers - Specialty & Generic,Healthcare,True,F&O,1,Stage 1,Stage 1,Stage 1,0.64,Price is building a base around long-term weekly structure without a confirmed advancing phase.,,,2026-08-31,,watchlist,weekly_watchlist,watchlist,18.87,42.57,30.26,10.0,18.87,42.57,40.26,Stage 1,30.26,Strong,Volume Drying Up,Volume Drying Up (0.58x vs 10W Avg),3.6,Outperformed Nifty by 3.6% in 3 Months,False,3.6,11.07,2695698622.77,"Stage 1, Stage 1, weekly_vcp_ok, volume_dryup, weekly_volume_dryup, weekly_strong, flags=Wider Risk;Low Liquidity, stage1_not_actionable, stage1_needs_more_base",188,203.0,Stage 1,watchlist,weekly_watchlist,40.73,15.0,-0.46999999999999886,False,False,False,False,False
ACUTAAS.NS,Acutaas Chemicals Limited,Specialty Chemicals,Basic Materials,False,Cash,1,Stage 2,Stage 2,Advancing,0.8,Price is above constructive weekly and long-term trend structure with improving relative strength.,,,2026-09-25,,watchlist,weekly_watchlist,watchlist,48.93,27.69,33.71,5.0,48.93,27.69,38.71,Stage 2 - Advancing,33.71,Neutral,Volume Normal,Volume Normal (0.97x vs 10W Avg),-7.76,Underperformed Nifty by 7.76% in 3 Months,True,-7.76,54.7,984866495.92,"Stage 2, Advancing, trend_template_ok, flags=Wider Risk;Low Liquidity",204,219.0,Stage 2,watchlist,weekly_watchlist,39.62,15.0,-0.9099999999999966,False,False,False,False,False
ERIS.NS,Eris Lifesciences Limited,Drug Manufacturers - Specialty & Generic,Healthcare,False,Cash,1,Stage 4,Stage 4,Stage 4,0.86,Price is below the 30-week trend and below long-term support structure.,,,,,watchlist,weekly_watchlist,watchlist,0.0,33.1,9.02,10.0,0.0,33.1,19.02,Stage 4,9.02,Weak,Volume Drying Up,Volume Drying Up (0.53x vs 10W Avg),-9.56,Underperformed Nifty by 9.56% in 3 Months,False,-9.56,-2.88,66474562.72,"Stage 4, Stage 4, weekly_vcp_ok, volume_dryup, weekly_volume_dryup, weekly_strong, flags=Wide Risk;Low Liquidity, downtrend",436,451.0,Stage 4,watchlist,weekly_watchlist,20.14,15.0,-1.120000000000001,False,False,False,False,False
IPCALAB.NS,IPCA Laboratories Limited,Drug Manufacturers - Specialty & Generic,Healthcare,False,Cash,1,Stage 2,Stage 2,Advancing,0.9,Price is above constructive weekly and long-term trend structure with improving relative strength.,,,2026-09-25,,watchlist,weekly_watchlist,watchlist,36.57,27.88,33.14,10.0,36.57,27.88,43.14,Stage 2 - Advancing,33.14,Very Strong,Volume Drying Up,Volume Drying Up (0.48x vs 10W Avg),17.12,Outperformed Nifty by 17.12% in 3 Months,True,17.12,31.66,431691142.14,"Stage 2, Advancing, trend_template_ok, volume_dryup, weekly_volume_dryup, flags=Low Liquidity",141,156.0,Stage 2,watchlist,weekly_watchlist,44.45,15.0,-1.3100000000000023,False,False,False,False,False
BEL.NS,Bharat Electronics Limited,Aerospace & Defense,Industrials,True,F&O,1,Stage 1,Stage 1,Stage 1,0.64,Price is building a base around long-term weekly structure without a confirmed advancing phase.,,,,,watchlist,weekly_watchlist,watchlist,4.73,41.1,16.58,10.0,4.73,41.1,26.58,Stage 1,16.58,Weak,Volume Drying Up,Volume Drying Up (0.73x vs 10W Avg),-1.89,Underperformed Nifty by 1.89% in 3 Months,False,-1.89,-6.18,3698599840.99,"Stage 1, Stage 1, weekly_vcp_ok, weekly_volume_dryup, weekly_strong, flags=Wide Risk;Low Liquidity, stage1_not_actionable, stage1_needs_more_base",351,366.0,Stage 1,watchlist,weekly_watchlist,28.15,15.0,-1.5700000000000003,False,False,False,False,False
CIPLA.NS,Cipla Limited,Drug Manufacturers - Specialty & Generic,Healthcare,True,F&O,1,Stage 1,Stage 1,Stage 1,0.64,Price is building a base around long-term weekly structure without a confirmed advancing phase.,,,,,watchlist,weekly_watchlist,watchlist,0.0,7.75,9.71,10.0,0.0,7.75,19.71,Stage 1,9.71,Very Strong,Volume Normal,Volume Normal (0.94x vs 10W Avg),0.14,Outperformed Nifty by 0.14% in 3 Months,False,0.14,19.39,1246926146.58,"Stage 1, Stage 1, flags=Low Liquidity, stage1_not_actionable, stage1_needs_more_base",428,443.0,Stage 1,watchlist,weekly_watchlist,21.68,15.0,-1.9699999999999989,False,False,False,False,False
HARSHA.NS,Harsha Engineers International Limited,Tools & Accessories,Industrials,False,Cash,1,Stage 2,Stage 2,Advancing,0.9,Price is above constructive weekly and long-term trend structure with improving relative strength.,,,2026-09-25,,watchlist,weekly_near_pivot,watchlist,52.33,69.18,55.53,2.0,52.33,69.18,57.53,Stage 2 - Advancing,55.53,Very Strong,Volume Normal,Volume Normal (1.06x vs 10W Avg),17.51,Outperformed Nifty by 17.51% in 3 Months,True,17.51,42.33,83980147.69,"Stage 2, Advancing, trend_template_ok, weekly_vcp_ok, weekly_strong, flags=Wider Risk;Low Liquidity",29,43.0,Stage 2,watchlist,weekly_near_pivot,55.76,14.0,1.7700000000000031,False,False,False,False,False
SHYAMMETL.NS,Shyam Metalics and Energy Limited,Steel,Basic Materials,False,Cash,1,Stage 2,Stage 2,Advancing,0.9,Price is above constructive weekly and long-term trend structure with improving relative strength.,,,2026-09-25,,watchlist,weekly_watchlist,watchlist,49.93,37.83,44.16,10.0,49.93,37.83,54.16,Stage 2 - Advancing,44.16,Very Strong,Volume Normal,Volume Normal (1.12x vs 10W Avg),16.65,Outperformed Nifty by 16.65% in 3 Months,True,16.65,37.68,565417930.05,"Stage 2, Advancing, trend_template_ok, flags=Wider Risk;Low Liquidity",47,61.0,Stage 2,watchlist,weekly_watchlist,53.52,14.0,0.6399999999999935,False,False,False,False,False
PATANJALI.NS,Patanjali Foods Limited,Packaged Foods,Consumer Defensive,True,F&O,1,Stage 4,Stage 4,Stage 4,0.86,Price is below the 30-week trend and below long-term support structure.,,,,,watchlist,weekly_watchlist,watchlist,3.8,0.0,0.0,0.0,3.8,0.0,0.0,Stage 4,0.0,Weak,Volume Normal,Volume Normal (1.20x vs 10W Avg),0.25,Outperformed Nifty by 0.25% in 3 Months,False,0.25,-13.18,1994456736.08,"Stage 4, Stage 4, flags=Wide Base;Wide Risk;Low Liquidity, downtrend",841,855.0,Stage 4,watchlist,weekly_watchlist,0.0,14.0,0.0,False,False,False,False,False
JISLJALEQS.NS,Jain Irrigation Systems Limited,Conglomerates,Industrials,False,Cash,1,Stage 4,Stage 4,Stage 4,0.86,Price is below the 30-week trend and below long-term support structure.,,,,,watchlist,weekly_watchlist,watchlist,3.8,0.0,0.0,0.0,3.8,0.0,0.0,Stage 4,0.0,Weak,Volume Normal,Volume Normal (0.95x vs 10W Avg),-12.64,Underperformed Nifty by 12.64% in 3 Months,False,-12.64,0.22,158215720.17,"Stage 4, Stage 4, flags=Wide Risk;Low Liquidity, downtrend",842,856.0,Stage 4,watchlist,weekly_watchlist,0.0,14.0,0.0,False,False,False,False,False
ICICIPRULI.NS,ICICI Prudential Life Insurance Company Limited,Insurance - Life,Financial Services,True,F&O,1,Stage 4,Stage 4,Stage 4,0.86,Price is below the 30-week trend and below long-term support structure.,,,,,watchlist,weekly_watchlist,watchlist,0.0,30.2,0.0,0.0,0.0,30.2,0.0,Stage 4,0.0,Weak,Volume Expanding,Volume Expanding (1.52x vs 10W Avg),-2.41,Underperformed Nifty by 2.41% in 3 Months,False,-2.41,-6.31,740503235.41,"Stage 4, Stage 4, weekly_vcp_ok, weekly_strong, flags=Wide Risk;Low Liquidity, downtrend",859,873.0,Stage 4,watchlist,weekly_watchlist,0.0,14.0,0.0,False,False,False,False,False
TATACOMM.NS,Tata Communications Limited,Telecom Services,Communication Services,False,Cash,1,Failed Stage 2,Stage 3,Failed Stage 2,0.72,"This stock was recently Stage 2, but the latest structure no longer satisfies Stage 2 rules. It is kept as Failed Stage 2 until a fresh base/repair structure forms.",Recent Stage 2 break; public stage held as Failed Stage 2.,2026-09-28,2026-09-18,,watchlist,weekly_watchlist,watchlist,0.0,5.52,2.48,0.0,0.0,5.52,2.48,Failed Stage 2,2.48,Neutral,Volume Drying Up,Volume Drying Up (0.49x vs 10W Avg),-9.48,Underperformed Nifty by 9.48% in 3 Months,False,-9.48,22.66,403729214.75,"Stage 3, Early, weekly_volume_dryup, flags=Wider Risk;Low Liquidity, distribution_or_weakening_risk | Stage 2 failed state applied from stage memory.",777,791.0,Failed Stage 2,watchlist,weekly_watchlist,2.76,14.0,-0.2799999999999998,False,False,False,False,False
POWERMECH.NS,Power Mech Projects Limited,Engineering & Construction,Industrials,False,Cash,1,Stage 3,Stage 3,Early,0.68,"Prior strength has shifted into a Stage 3 transition based on trend, relative strength, and volume evidence.",,,2026-08-28,,watchlist,weekly_watchlist,watchlist,10.29,0.0,7.6,0.0,10.29,0.0,7.6,Stage 3 Early,7.6,Neutral,Volume Drying Up,Volume Drying Up (0.42x vs 10W Avg),-8.53,Underperformed Nifty by 8.53% in 3 Months,False,-8.53,27.21,106911464.16,"Stage 3, Early, volume_dryup, weekly_volume_dryup, flags=Wide Risk;Low Liquidity, distribution_or_weakening_risk",674,688.0,Stage 3,watchlist,weekly_watchlist,8.53,14.0,-0.9299999999999997,False,False,False,False,False
SSWL.NS,Steel Strips Wheels Limited,Auto Parts,Consumer Cyclical,False,Cash,1,Stage 2,Stage 2,Extended,0.78,"Weekly advancing structure remains intact, but price is stretched versus key moving averages.",,,2026-09-25,,watchlist,weekly_watchlist,watchlist,36.13,29.8,25.66,5.0,36.13,29.8,30.66,Stage 2 - Extended,25.66,Very Strong,Volume Normal,Volume Normal (0.97x vs 10W Avg),62.43,Outperformed Nifty by 62.43% in 3 Months,True,62.43,108.47,1008218889.35,"Stage 2, Extended, trend_template_ok, flags=Loose Structure;Extended;Wide Risk;Low Liquidity",311,325.0,Stage 2,watchlist,weekly_watchlist,31.61,14.0,-0.9499999999999993,False,False,False,False,False
DODLA.NS,Dodla Dairy Limited,Consumer Defensive,Consumer Defensive,False,Cash,1,Stage 4,Stage 4,Stage 4,0.86,Price is below the 30-week trend and below long-term support structure.,,,,,watchlist,weekly_watchlist,watchlist,0.0,33.34,11.35,0.0,0.0,33.34,11.35,Stage 4,11.35,Weak,Volume Drying Up,Volume Drying Up (0.78x vs 10W Avg),-4.22,Underperformed Nifty by 4.22% in 3 Months,False,-4.22,6.58,24687264.91,"Stage 4, Stage 4, weekly_vcp_ok, volume_dryup, weekly_volume_dryup, weekly_strong, flags=Wide Risk;Low Liquidity, downtrend",585,599.0,Stage 4,watchlist,weekly_watchlist,12.3,14.0,-0.9500000000000011,False,False,False,False,False
SANGHVIMOV.NS,Sanghvi Movers Limited,Industrials,Industrials,False,Cash,1,Stage 2,Stage 2,Advancing,0.8,Price is above constructive weekly and long-term trend structure with improving relative strength.,,,2026-09-25,,watchlist,weekly_watchlist,watchlist,53.75,19.92,30.22,0.0,53.75,19.92,30.22,Stage 2 - Advancing,30.22,Strong,Volume Drying Up,Volume Drying Up (0.56x vs 10W Avg),3.31,Outperformed Nifty by 3.31% in 3 Months,True,3.31,57.87,103658792.49,"Stage 2, Advancing, trend_template_ok, volume_dryup, weekly_volume_dryup, flags=Wide Risk;Low Liquidity",316,330.0,Stage 2,watchlist,weekly_watchlist,31.17,14.0,-0.9500000000000028,False,False,False,False,False
BANKINDIA.NS,Bank of India,Banks - Regional,Financial Services,True,F&O,1,Stage 4,Stage 4,Stage 4,0.66,Price is below weekly structure.,,,2026-08-27,,watchlist,weekly_watchlist,watchlist,11.46,33.1,17.07,2.0,11.46,33.1,19.07,Stage 4,17.07,Weak,Volume Drying Up,Volume Drying Up (0.71x vs 10W Avg),-5.22,Underperformed Nifty by 5.22% in 3 Months,False,-5.22,-1.28,642453375.1,"Stage 4, Stage 4, weekly_vcp_ok, volume_dryup, weekly_volume_dryup, weekly_strong, flags=Wide Risk;Low Liquidity, downtrend",434,448.0,Stage 4,watchlist,weekly_watchlist,20.77,14.0,-1.6999999999999993,False,False,False,False,False
JAMNAAUTO.NS,Jamna Auto Industries Limited,Auto Parts,Consumer Cyclical,False,Cash,1,Stage 2,Stage 2,Advancing,0.8,Price is above constructive weekly and long-term trend structure with improving relative strength.,,,2026-09-25,,watchlist,weekly_near_pivot,watchlist,57.44,68.15,51.24,5.0,57.44,68.15,56.24,Stage 2 - Advancing,51.24,Very Strong,Volume Expanding,Volume Expanding (2.10x vs 10W Avg),6.44,Outperformed Nifty by 6.44% in 3 Months,True,6.44,24.04,384101912.53,"Stage 2, Advancing, trend_template_ok, weekly_vcp_ok, weekly_strong, flags=Wide Risk;Low Liquidity",34,47.0,Stage 2,watchlist,weekly_near_pivot,55.64,13.0,0.6000000000000014,False,False,False,False,False
KALPATARU.NS,Kalpataru Limited,Real Estate,Real Estate,False,Cash,1,Stage 4,Stage 4,Stage 4,0.86,Price is below the 30-week trend and below long-term support structure.,,,,,watchlist,weekly_watchlist,watchlist,0.86,0.0,0.0,2.0,0.86,0.0,2.0,Stage 4,0.0,Weak,Volume Drying Up,Volume Normal (0.87x vs 10W Avg),-4.63,Underperformed Nifty by 4.63% in 3 Months,False,-4.63,2.59,15433655.92,"Stage 4, Stage 4, volume_dryup, weekly_volume_dryup, flags=Wide Weekly Base;Wide Risk;Low Liquidity, downtrend",790,803.0,Stage 4,watchlist,weekly_watchlist,2.0,13.0,0.0,False,False,False,False,False
INDIASHLTR.NS,India Shelter Finance Corporation Limited,Mortgage Finance,Financial Services,False,Cash,1,Stage 4,Stage 4,Stage 4,0.86,Price is below the 30-week trend and below long-term support structure.,,,,,watchlist,weekly_watchlist,watchlist,8.2,0.2,0.0,0.0,8.2,0.2,0.0,Stage 4,0.0,Weak,Volume Drying Up,Volume Drying Up (0.61x vs 10W Avg),-9.76,Underperformed Nifty by 9.76% in 3 Months,False,-9.76,-10.84,55089357.05,"Stage 4, Stage 4, volume_dryup, weekly_volume_dryup, flags=Wide Risk, downtrend",828,841.0,Stage 4,watchlist,weekly_watchlist,0.0,13.0,0.0,False,False,False,False,False
DREDGECORP.NS,Dredging Corporation of India Limited,Engineering & Construction,Industrials,False,Cash,1,Failed Stage 2,Stage 3,Failed Stage 2,0.72,"This stock was recently Stage 2, but the latest structure no longer satisfies Stage 2 rules. It is kept as Failed Stage 2 until a fresh base/repair structure forms.",Recent Stage 2 break; public stage held as Failed Stage 2.,2026-09-28,2026-09-14,,watchlist,weekly_watchlist,watchlist,5.03,0.0,0.0,0.0,5.03,0.0,0.0,Failed Stage 2,0.0,Weak,Volume Drying Up,Volume Drying Up (0.67x vs 10W Avg),-9.68,Underperformed Nifty by 9.68% in 3 Months,False,-9.68,13.73,74601399.59,"Stage 3, Early, volume_dryup, weekly_volume_dryup, flags=Wide Risk;Low Liquidity, distribution_or_weakening_risk | Stage 2 failed state applied from stage memory.",837,850.0,Failed Stage 2,watchlist,weekly_watchlist,0.0,13.0,0.0,False,False,False,False,False
HEIDELBERG.NS,HeidelbergCement India Limited,Building Materials,Basic Materials,False,Cash,1,Stage 4,Stage 4,Stage 4,0.86,Price is below the 30-week trend and below long-term support structure.,,,,,watchlist,weekly_watchlist,watchlist,0.0,31.3,0.0,0.0,0.0,31.3,0.0,Stage 4,0.0,Weak,Volume Normal,Volume Normal (1.29x vs 10W Avg),-5.7,Underperformed Nifty by 5.7% in 3 Months,False,-5.7,-3.67,33449084.6,"Stage 4, Stage 4, weekly_vcp_ok, weekly_strong, flags=Wide Risk;Low Liquidity, downtrend",858,871.0,Stage 4,watchlist,weekly_watchlist,0.0,13.0,0.0,False,False,False,False,False
RAMCOCEM.NS,The Ramco Cements Limited,Building Materials,Basic Materials,False,Cash,1,Stage 4,Stage 4,Stage 4,0.86,Price is below the 30-week trend and below long-term support structure.,,,,,watchlist,weekly_watchlist,watchlist,5.86,32.0,11.07,0.0,5.86,32.0,11.07,Stage 4,11.07,Weak,Volume Drying Up,Volume Drying Up (0.83x vs 10W Avg),-3.56,Underperformed Nifty by 3.56% in 3 Months,False,-3.56,-7.55,175172219.94,"Stage 4, Stage 4, weekly_vcp_ok, weekly_volume_dryup, weekly_strong, flags=Wide Risk, downtrend",589,602.0,Stage 4,watchlist,weekly_watchlist,12.19,13.0,-1.1199999999999992,False,False,False,False,False
SMSPHARMA.NS,SMS Pharmaceuticals Limited,Drug Manufacturers - General,Healthcare,False,Cash,1,Stage 2,Stage 2,Extended,0.78,"Weekly advancing structure remains intact, but price is stretched versus key moving averages.",,,2026-09-25,,watchlist,weekly_watchlist,watchlist,54.39,27.79,32.94,5.0,54.39,27.79,37.94,Stage 2 - Extended,32.94,Very Strong,Volume Normal,Volume Normal (1.12x vs 10W Avg),15.86,Outperformed Nifty by 15.86% in 3 Months,True,15.86,20.03,672263143.25,"Stage 2, Extended, trend_template_ok, flags=Loose Structure;Extended;Wide Risk;Low Liquidity",214,227.0,Stage 2,watchlist,weekly_watchlist,39.15,13.0,-1.2100000000000009,False,False,False,False,False
JAYNECOIND.NS,Jayaswal Neco Industries Limited,Steel,Basic Materials,False,Cash,1,Failed Stage 2,Stage 1,Failed Stage 2,0.72,"This stock was recently Stage 2, but the latest structure no longer satisfies Stage 2 rules. It is kept as Failed Stage 2 until a fresh base/repair structure forms.",Recent Stage 2 break; public stage held as Failed Stage 2.,2026-09-28,2026-09-23,,watchlist,weekly_watchlist,watchlist,0.0,39.82,4.69,10.0,0.0,39.82,14.69,Failed Stage 2,4.69,Strong,Volume Drying Up,Volume Drying Up (0.30x vs 10W Avg),2.51,Outperformed Nifty by 2.51% in 3 Months,False,2.51,13.64,459226325.71,"Stage 1, Stage 1, weekly_vcp_ok, volume_dryup, weekly_volume_dryup, weekly_strong, flags=Wide Risk;Low Liquidity, stage1_not_actionable, stage1_needs_more_base | Stage 2 failed state applied from stage memory.",512,525.0,Failed Stage 2,watchlist,weekly_watchlist,16.17,13.0,-1.4800000000000022,False,False,False,False,False
STYLEBAAZA.NS,Baazar Style Retail Limited,Consumer Cyclical,Consumer Cyclical,False,Cash,1,Stage 2,Stage 2,Advancing,0.9,Price is above constructive weekly and long-term trend structure with improving relative strength.,,,2026-09-25,,watchlist,weekly_forming,watchlist,39.59,48.94,31.65,2.0,39.59,48.94,33.65,Stage 2 - Advancing,31.65,Very Strong,Volume Expanding,Volume Expanding (2.06x vs 10W Avg),33.27,Outperformed Nifty by 33.27% in 3 Months,True,33.27,33.1,421345087.87,"Stage 2, Advancing, trend_template_ok, weekly_vcp_ok, flags=Wide Weekly Base;Loose Structure;Wide Risk;Low Liquidity",267,280.0,Stage 2,watchlist,weekly_forming,35.21,13.0,-1.5600000000000023,False,False,False,False,False
CUPID.NS,Cupid Limited,Household & Personal Products,Consumer Defensive,False,Cash,1,Stage 2,Stage 2,Extended,0.78,"Weekly advancing structure remains intact, but price is stretched versus key moving averages.",,,2026-09-25,,watchlist,weekly_watchlist,watchlist,33.3,29.0,24.48,0.0,33.3,29.0,24.48,Stage 2 - Extended,24.48,Very Strong,Volume Normal,Volume Normal (1.19x vs 10W Avg),42.82,Outperformed Nifty by 42.82% in 3 Months,True,42.82,204.41,4841095633.54,"Stage 2, Extended, trend_template_ok, flags=Loose Structure;Extended;Wide Risk;Low Liquidity",370,383.0,Stage 2,watchlist,weekly_watchlist,26.68,13.0,-2.1999999999999993,False,False,False,False,False
AVANTIFEED.NS,Avanti Feeds Limited,Packaged Foods,Consumer Defensive,False,Cash,1,Stage 4,Stage 4,Stage 4,0.86,Price is below the 30-week trend and below long-term support structure.,,,,,watchlist,weekly_watchlist,watchlist,7.51,0.0,0.0,0.0,7.51,0.0,0.0,Stage 4,0.0,Weak,Volume Drying Up,Volume Drying Up (0.55x vs 10W Avg),-15.74,Underperformed Nifty by 15.74% in 3 Months,False,-15.74,-35.97,217985952.23,"Stage 4, Stage 4, volume_dryup, weekly_volume_dryup, flags=Wide Base;Loose Structure;Wide Risk;Low Liquidity, downtrend",831,843.0,Stage 4,watchlist,weekly_watchlist,0.0,12.0,0.0,False,False,False,False,False
NLCINDIA.NS,NLC India Limited,Utilities,Utilities,False,Cash,1,Stage 4,Stage 4,Stage 4,0.66,Price is below weekly structure.,,,2026-07-21,,watchlist,weekly_watchlist,watchlist,7.48,0.2,0.0,0.0,7.48,0.2,0.0,Stage 4,0.0,Weak,Volume Drying Up,Volume Drying Up (0.48x vs 10W Avg),-13.33,Underperformed Nifty by 13.33% in 3 Months,False,-13.33,-5.52,388278004.73,"Stage 4, Stage 4, volume_dryup, weekly_volume_dryup, flags=Wide Risk;Low Liquidity, downtrend",832,844.0,Stage 4,watchlist,weekly_watchlist,0.0,12.0,0.0,False,False,False,False,False
VOLTAS.NS,Voltas Limited,"Furnishings, Fixtures & Appliances",Consumer Cyclical,True,F&O,1,Stage 4,Stage 4,Stage 4,0.86,Price is below the 30-week trend and below long-term support structure.,,,,,watchlist,weekly_watchlist,watchlist,3.9,31.3,0.0,0.0,3.9,31.3,0.0,Stage 4,0.0,Weak,Volume Normal,Volume Normal (0.99x vs 10W Avg),-6.91,Underperformed Nifty by 6.91% in 3 Months,False,-6.91,-5.54,746228913.16,"Stage 4, Stage 4, weekly_vcp_ok, weekly_strong, flags=Wide Risk;Low Liquidity, downtrend",840,852.0,Stage 4,watchlist,weekly_watchlist,0.0,12.0,0.0,False,False,False,False,False
POLICYBZR.NS,PB Fintech Limited,Financial Services,Financial Services,True,F&O,1,Failed Stage 2,Stage 4,Failed Stage 2,0.72,"This stock was recently Stage 2, but the latest structure no longer satisfies Stage 2 rules. It is kept as Failed Stage 2 until a fresh base/repair structure forms.",Recent Stage 2 break; public stage held as Failed Stage 2.,2026-09-28,2026-09-23,,watchlist,weekly_watchlist,watchlist,2.77,29.5,0.0,0.0,2.77,29.5,0.0,Failed Stage 2,0.0,Weak,Volume Expanding,Volume Expanding (6.49x vs 10W Avg),-26.45,Underperformed Nifty by 26.45% in 3 Months,False,-26.45,-17.06,6773101543.05,"Stage 4, Stage 4, weekly_vcp_ok, weekly_strong, flags=Loose Structure;Wide Risk;Corporate Action Check;Low Liquidity, downtrend | Stage 2 failed state applied from stage memory.",847,859.0,Failed Stage 2,watchlist,weekly_watchlist,0.0,12.0,0.0,False,False,False,False,False
EUREKAFORB.NS,Eureka Forbes Limited,"Furnishings, Fixtures & Appliances",Consumer Cyclical,False,Cash,1,Stage 4,Stage 4,Stage 4,0.86,Price is below the 30-week trend and below long-term support structure.,,,,,watchlist,weekly_watchlist,watchlist,0.0,31.3,0.0,0.0,0.0,31.3,0.0,Stage 4,0.0,Weak,Volume Normal,Volume Normal (1.08x vs 10W Avg),-19.76,Underperformed Nifty by 19.76% in 3 Months,False,-19.76,-19.77,60422374.61,"Stage 4, Stage 4, weekly_vcp_ok, weekly_strong, flags=Wide Weekly Base;Wide Risk;Low Liquidity, downtrend",857,869.0,Stage 4,watchlist,weekly_watchlist,0.0,12.0,0.0,False,False,False,False,False
BIKAJI.NS,Bikaji Foods International Limited,Packaged Foods,Consumer Defensive,False,Cash,1,Stage 4,Stage 4,Stage 4,0.86,Price is below the 30-week trend and below long-term support structure.,,,,,watchlist,weekly_watchlist,watchlist,0.0,30.2,0.0,0.0,0.0,30.2,0.0,Stage 4,0.0,Weak,Volume Expanding,Volume Expanding (4.37x vs 10W Avg),-9.58,Underperformed Nifty by 9.58% in 3 Months,False,-9.58,-7.79,217268827.47,"Stage 4, Stage 4, weekly_vcp_ok, weekly_strong, flags=Wide Risk;Low Liquidity, downtrend",862,874.0,Stage 4,watchlist,weekly_watchlist,0.0,12.0,0.0,False,False,False,False,False
CANFINHOME.NS,Can Fin Homes Limited,Mortgage Finance,Financial Services,False,Cash,1,Stage 4,Stage 4,Stage 4,0.66,Price is below weekly structure.,,,2026-07-17,,watchlist,weekly_watchlist,watchlist,0.0,30.2,0.0,0.0,0.0,30.2,0.0,Stage 4,0.0,Weak,Volume Normal,Volume Normal (1.00x vs 10W Avg),-10.55,Underperformed Nifty by 10.55% in 3 Months,False,-10.55,-7.26,199979362.63,"Stage 4, Stage 4, weekly_vcp_ok, weekly_strong, flags=Wide Risk;Low Liquidity, downtrend",863,875.0,Stage 4,watchlist,weekly_watchlist,0.0,12.0,0.0,False,False,False,False,False
STARCEMENT.NS,Star Cement Limited,Building Materials,Basic Materials,False,Cash,1,Stage 4,Stage 4,Stage 4,0.86,Price is below the 30-week trend and below long-term support structure.,,,,,watchlist,weekly_watchlist,watchlist,0.0,30.2,0.0,0.0,0.0,30.2,0.0,Stage 4,0.0,Weak,Volume Drying Up,Volume Drying Up (0.36x vs 10W Avg),-7.35,Underperformed Nifty by 7.35% in 3 Months,False,-7.35,-9.57,33455253.28,"Stage 4, Stage 4, weekly_vcp_ok, volume_dryup, weekly_volume_dryup, weekly_strong, flags=Wider Risk;Low Liquidity, downtrend",864,876.0,Stage 4,watchlist,weekly_watchlist,0.0,12.0,0.0,False,False,False,False,False
KPIGREEN.NS,KPI Green Energy Limited,Utilities - Renewable,Utilities,False,Cash,1,Stage 4,Stage 4,Stage 4,0.86,Price is below the 30-week trend and below long-term support structure.,,,,,watchlist,weekly_watchlist,watchlist,0.0,30.2,0.0,0.0,0.0,30.2,0.0,Stage 4,0.0,Weak,Volume Expanding,Volume Expanding (3.26x vs 10W Avg),-6.01,Underperformed Nifty by 6.01% in 3 Months,False,-6.01,-5.34,934125797.02,"Stage 4, Stage 4, weekly_vcp_ok, weekly_strong, flags=Wide Base;Loose Structure;Low Liquidity, downtrend",865,877.0,Stage 4,watchlist,weekly_watchlist,0.0,12.0,0.0,False,False,False,False,False
BORORENEW.NS,BOROSIL RENEWABLES LIMITED,Solar,Technology,False,Cash,1,Stage 4,Stage 4,Stage 4,0.86,Price is below the 30-week trend and below long-term support structure.,,,2026-08-20,,watchlist,weekly_watchlist,watchlist,0.0,30.2,0.0,0.0,0.0,30.2,0.0,Stage 4,0.0,Weak,Volume Drying Up,Volume Drying Up (0.82x vs 10W Avg),-22.24,Underperformed Nifty by 22.24% in 3 Months,False,-22.24,11.31,200743581.55,"Stage 4, Stage 4, weekly_vcp_ok, weekly_volume_dryup, weekly_strong, flags=Wide Weekly Base;Loose Structure;Wide Risk;Low Liquidity, downtrend",866,878.0,Stage 4,watchlist,weekly_watchlist,0.0,12.0,0.0,False,False,False,False,False
INDIACEM.NS,The India Cements Limited,Building Materials,Basic Materials,False,Cash,1,Stage 4,Stage 4,Stage 4,0.86,Price is below the 30-week trend and below long-term support structure.,,,,,watchlist,weekly_watchlist,watchlist,0.0,2.4,0.0,0.0,0.0,2.4,0.0,Stage 4,0.0,Weak,Volume Drying Up,Volume Drying Up (0.69x vs 10W Avg),-13.27,Underperformed Nifty by 13.27% in 3 Months,False,-13.27,-10.71,57233246.32,"Stage 4, Stage 4, weekly_volume_dryup, flags=Loose Structure;Wide Risk;Low Liquidity, downtrend",873,885.0,Stage 4,watchlist,weekly_watchlist,0.0,12.0,0.0,False,False,False,False,False
SHRIPISTON.NS,Shriram Pistons & Rings Limited,Auto Parts,Consumer Cyclical,False,Cash,1,Stage 2,Stage 2,Advancing,0.9,Price is above constructive weekly and long-term trend structure with improving relative strength.,,,2026-09-25,,watchlist,weekly_watchlist,watchlist,38.66,31.11,34.45,5.0,38.66,31.11,39.45,Stage 2 - Advancing,34.45,Very Strong,Volume Normal,Volume Normal (1.22x vs 10W Avg),13.1,Outperformed Nifty by 13.1% in 3 Months,True,13.1,56.0,311608279.97,"Stage 2, Advancing, trend_template_ok, flags=Low Liquidity",198,210.0,Stage 2,watchlist,weekly_watchlist,39.92,12.0,-0.46999999999999886,False,False,False,False,False
360ONE.NS,360 ONE WAM LIMITED,Asset Management,Financial Services,True,F&O,1,Stage 3,Stage 3,Early,0.68,"Prior strength has shifted into a Stage 3 transition based on trend, relative strength, and volume evidence.",,,2026-09-03,,watchlist,weekly_watchlist,watchlist,12.72,5.96,6.19,0.0,12.72,5.96,6.19,Stage 3 Early,6.19,Neutral,Volume Normal,Volume Normal (1.49x vs 10W Avg),2.77,Outperformed Nifty by 2.77% in 3 Months,False,2.77,14.81,978078516.33,"Stage 3, Early, flags=Wide Risk;Low Liquidity, distribution_or_weakening_risk",703,715.0,Stage 3,watchlist,weekly_watchlist,6.89,12.0,-0.6999999999999993,False,False,False,False,False
JUBLINGREA.NS,Jubilant Ingrevia Limited,Specialty Chemicals,Basic Materials,False,Cash,1,Failed Stage 2,Stage 1,Failed Stage 2,0.72,"This stock was recently Stage 2, but the latest structure no longer satisfies Stage 2 rules. It is kept as Failed Stage 2 until a fresh base/repair structure forms.",Recent Stage 2 break; public stage held as Failed Stage 2.,2026-09-28,2026-09-08,,watchlist,weekly_watchlist,watchlist,0.0,41.87,11.8,5.0,0.0,41.87,16.8,Failed Stage 2,11.8,Neutral,Volume Expanding,Volume Normal (0.98x vs 10W Avg),3.05,Outperformed Nifty by 3.05% in 3 Months,False,3.05,15.7,188923742.85,"Stage 1, Stage 1, weekly_vcp_ok, weekly_strong, flags=Wide Risk;Low Liquidity, stage1_not_actionable, stage1_needs_more_base | Stage 2 failed state applied from stage memory.",474,486.0,Failed Stage 2,watchlist,weekly_watchlist,17.92,12.0,-1.120000000000001,False,False,False,False,False
FOSECOIND.NS,Foseco India Limited,Chemicals,Basic Materials,False,Cash,1,Stage 2,Stage 2,Advancing,0.9,Price is above constructive weekly and long-term trend structure with improving relative strength.,,,2026-09-25,,watchlist,weekly_breakout,watchlist,57.7,63.54,46.82,5.0,57.7,63.54,51.82,Stage 2 - Advancing,46.82,Very Strong,Volume Drying Up,Volume Drying Up (0.69x vs 10W Avg),25.18,Outperformed Nifty by 25.18% in 3 Months,True,25.18,39.24,238948967.25,"Stage 2, Advancing, trend_template_ok, weekly_vcp_ok, weekly_volume_dryup, weekly_strong, flags=Loose Structure;Wide Risk;Low Liquidity",64,75.0,Stage 2,watchlist,weekly_breakout,51.79,11.0,0.030000000000001137,False,False,False,False,False
IGL.NS,Indraprastha Gas Limited,Utilities,Utilities,False,Cash,1,Stage 4,Stage 4,Stage 4,0.86,Price is below the 30-week trend and below long-term support structure.,,,,,watchlist,weekly_watchlist,watchlist,6.18,0.0,0.0,0.0,6.18,0.0,0.0,Stage 4,0.0,Weak,Volume Drying Up,Volume Drying Up (0.79x vs 10W Avg),-2.83,Underperformed Nifty by 2.83% in 3 Months,False,-2.83,0.3,230867589.56,"Stage 4, Stage 4, weekly_volume_dryup, flags=Wide Risk;Low Liquidity, downtrend",834,845.0,Stage 4,watchlist,weekly_watchlist,0.0,11.0,0.0,False,False,False,False,False
IRCON.NS,Ircon International Limited,Engineering & Construction,Industrials,False,Cash,1,Stage 4,Stage 4,Stage 4,0.86,Price is below the 30-week trend and below long-term support structure.,,,,,watchlist,weekly_watchlist,watchlist,3.6,30.2,0.0,0.0,3.6,30.2,0.0,Stage 4,0.0,Weak,Volume Normal,Volume Normal (1.48x vs 10W Avg),-17.66,Underperformed Nifty by 17.66% in 3 Months,False,-17.66,-14.58,179716150.78,"Stage 4, Stage 4, weekly_vcp_ok, weekly_strong, flags=Wide Weekly Base;Wide Risk;Low Liquidity, downtrend",843,854.0,Stage 4,watchlist,weekly_watchlist,0.0,11.0,0.0,False,False,False,False,False
AWFIS.NS,Awfis Space Solutions Limited,Industrials,Industrials,False,Cash,1,Stage 4,Stage 4,Stage 4,0.86,Price is below the 30-week trend and below long-term support structure.,,,,,watchlist,weekly_watchlist,watchlist,2.34,31.3,0.0,0.0,2.34,31.3,0.0,Stage 4,0.0,Weak,Volume Drying Up,Volume Drying Up (0.64x vs 10W Avg),-13.02,Underperformed Nifty by 13.02% in 3 Months,False,-13.02,-0.89,484573717.85,"Stage 4, Stage 4, weekly_vcp_ok, weekly_volume_dryup, weekly_strong, flags=Wide Base;Wide Weekly Base;Wide Risk;Low Liquidity, downtrend",849,860.0,Stage 4,watchlist,weekly_watchlist,0.0,11.0,0.0,False,False,False,False,False
ATGL.NS,Adani Total Gas Limited,Utilities,Utilities,False,Cash,1,Failed Stage 2,Stage 3,Failed Stage 2,0.72,"This stock was recently Stage 2, but the latest structure no longer satisfies Stage 2 rules. It is kept as Failed Stage 2 until a fresh base/repair structure forms.",Recent Stage 2 break; public stage held as Failed Stage 2.,2026-09-28,2026-09-18,,watchlist,weekly_watchlist,watchlist,1.78,0.0,0.0,0.0,1.78,0.0,0.0,Failed Stage 2,0.0,Weak,Volume Drying Up,Volume Drying Up (0.47x vs 10W Avg),-13.85,Underperformed Nifty by 13.85% in 3 Months,False,-13.85,16.6,1748123280.12,"Stage 3, Early, weekly_volume_dryup, flags=Wide Risk;Low Liquidity, distribution_or_weakening_risk | Stage 2 failed state applied from stage memory.",851,862.0,Failed Stage 2,watchlist,weekly_watchlist,0.0,11.0,0.0,False,False,False,False,False
PNCINFRA.NS,PNC Infratech Limited,Engineering & Construction,Industrials,False,Cash,1,Stage 4,Stage 4,Stage 4,0.86,Price is below the 30-week trend and below long-term support structure.,,,,,watchlist,weekly_watchlist,watchlist,0.0,30.2,0.0,0.0,0.0,30.2,0.0,Stage 4,0.0,Weak,Volume Normal,Volume Normal (1.20x vs 10W Avg),-39.01,Underperformed Nifty by 39.01% in 3 Months,False,-39.01,-21.98,310765947.99,"Stage 4, Stage 4, weekly_vcp_ok, weekly_strong, flags=Wide Base;Wide Weekly Base;Loose Structure;Wide Risk;Low Liquidity, downtrend",868,879.0,Stage 4,watchlist,weekly_watchlist,0.0,11.0,0.0,False,False,False,False,False
AHLUCONT.NS,Ahluwalia Contracts (India) Limited,Engineering & Construction,Industrials,False,Cash,1,Stage 4,Stage 4,Stage 4,0.86,Price is below the 30-week trend and below long-term support structure.,,,,,watchlist,weekly_watchlist,watchlist,0.0,30.2,0.0,0.0,0.0,30.2,0.0,Stage 4,0.0,Weak,Volume Drying Up,Volume Drying Up (0.48x vs 10W Avg),-27.96,Underperformed Nifty by 27.96% in 3 Months,False,-27.96,-15.2,37999530.1,"Stage 4, Stage 4, weekly_vcp_ok, volume_dryup, weekly_volume_dryup, weekly_strong, flags=Loose Structure;Wide Risk;Low Liquidity, downtrend",869,880.0,Stage 4,watchlist,weekly_watchlist,0.0,11.0,0.0,False,False,False,False,False
WEBELSOLAR.NS,Websol Energy System Limited,Solar,Technology,False,Cash,1,Stage 4,Stage 4,Stage 4,0.86,Price is below the 30-week trend and below long-term support structure.,,,,,watchlist,weekly_watchlist,watchlist,0.0,30.2,0.0,0.0,0.0,30.2,0.0,Stage 4,0.0,Weak,Volume Drying Up,Volume Drying Up (0.81x vs 10W Avg),-26.93,Underperformed Nifty by 26.93% in 3 Months,False,-26.93,-3.47,141407174.35,"Stage 4, Stage 4, weekly_vcp_ok, volume_dryup, weekly_volume_dryup, weekly_strong, flags=Wide Base;Wide Weekly Base;Loose Structure;Wider Risk;Low Liquidity, downtrend",870,881.0,Stage 4,watchlist,weekly_watchlist,0.0,11.0,0.0,False,False,False,False,False
SUMICHEM.NS,Sumitomo Chemical India Limited,Agricultural Inputs,Basic Materials,False,Cash,1,Failed Stage 2,Stage 3,Failed Stage 2,0.72,"This stock was recently Stage 2, but the latest structure no longer satisfies Stage 2 rules. It is kept as Failed Stage 2 until a fresh base/repair structure forms.",Recent Stage 2 break; public stage held as Failed Stage 2.,2026-09-28,2026-09-14,,watchlist,weekly_watchlist,watchlist,0.0,1.73,0.0,0.0,0.0,1.73,0.0,Failed Stage 2,0.0,Weak,Volume Drying Up,Volume Drying Up (0.66x vs 10W Avg),3.65,Outperformed Nifty by 3.65% in 3 Months,False,3.65,15.69,124818195.11,"Stage 3, Early, volume_dryup, weekly_volume_dryup, flags=Loose Structure;Wide Risk;Low Liquidity, distribution_or_weakening_risk | Stage 2 failed state applied from stage memory.",875,886.0,Failed Stage 2,watchlist,weekly_watchlist,0.0,11.0,0.0,False,False,False,False,False
ALIVUS.NS,Alivus Life Sciences Limited,Drug Manufacturers - Specialty & Generic,Healthcare,False,Cash,1,Stage 2,Stage 2,Advancing,0.9,Price is above constructive weekly and long-term trend structure with improving relative strength.,,,2026-09-25,,watchlist,weekly_forming,watchlist,36.63,60.03,41.87,10.0,36.63,60.03,51.87,Stage 2 - Advancing,41.87,Very Strong,Volume Drying Up,Volume Drying Up (0.43x vs 10W Avg),21.59,Outperformed Nifty by 21.59% in 3 Months,True,21.59,38.71,209734373.22,"Stage 2, Advancing, trend_template_ok, weekly_vcp_ok, volume_dryup, weekly_volume_dryup, weekly_strong, flags=Loose Structure;Wider Risk;Low Liquidity",63,74.0,Stage 2,watchlist,weekly_forming,51.91,11.0,-0.03999999999999915,False,False,False,False,False
TATACONSUM.NS,TATA CONSUMER PRODUCTS LIMITED,Packaged Foods,Consumer Defensive,True,F&O,1,Stage 4,Stage 4,Stage 4,0.66,Price is below weekly structure.,,,,,watchlist,weekly_watchlist,watchlist,3.03,2.4,0.38,0.0,3.03,2.4,0.38,Stage 4,0.38,Weak,Volume Drying Up,Volume Drying Up (0.75x vs 10W Avg),-8.19,Underperformed Nifty by 8.19% in 3 Months,False,-8.19,-4.83,1079704349.71,"Stage 4, Stage 4, weekly_volume_dryup, flags=Wide Risk;Low Liquidity, downtrend",823,834.0,Stage 4,watchlist,weekly_watchlist,0.58,11.0,-0.19999999999999996,False,False,False,False,False
MAPMYINDIA.NS,C.E. Info Systems Limited,Software - Infrastructure,Technology,False,Cash,1,Stage 4,Stage 4,Stage 4,0.86,Price is below the 30-week trend and below long-term support structure.,,,,,watchlist,weekly_watchlist,watchlist,0.0,32.3,3.88,2.0,0.0,32.3,5.88,Stage 4,3.88,Weak,Volume Normal,Volume Normal (1.44x vs 10W Avg),0.11,Outperformed Nifty by 0.11% in 3 Months,False,0.11,2.85,172246408.57,"Stage 4, Stage 4, weekly_vcp_ok, weekly_strong, flags=Wide Weekly Base;Loose Structure;Wide Risk;Low Liquidity, downtrend",712,723.0,Stage 4,watchlist,weekly_watchlist,6.31,11.0,-0.4299999999999997,False,False,False,False,False
AVANTEL.NS,Avantel Limited,Communication Equipment,Technology,False,Cash,1,Failed Stage 2,Stage 3,Failed Stage 2,0.72,"This stock was recently Stage 2, but the latest structure no longer satisfies Stage 2 rules. It is kept as Failed Stage 2 until a fresh base/repair structure forms.",Recent Stage 2 break; public stage held as Failed Stage 2.,2026-09-28,2026-09-09,,watchlist,weekly_watchlist,watchlist,6.12,35.64,12.37,10.0,6.12,35.64,22.37,Failed Stage 2,12.37,Neutral,Volume Expanding,Volume Expanding (3.80x vs 10W Avg),-10.88,Underperformed Nifty by 10.88% in 3 Months,False,-10.88,15.29,280470770.65,"Stage 3, Early, weekly_vcp_ok, weekly_strong, flags=Wide Risk;Low Liquidity, distribution_or_weakening_risk | Stage 2 failed state applied from stage memory.",395,406.0,Failed Stage 2,watchlist,weekly_watchlist,24.76,11.0,-2.3900000000000006,False,False,False,False,False
PTCIL.NS,PTC Industries Limited,Metal Fabrication,Industrials,False,Cash,1,Stage 2,Stage 2,Advancing,0.9,Price is above constructive weekly and long-term trend structure with improving relative strength.,,,2026-09-25,,watchlist,weekly_forming,watchlist,38.85,63.86,43.87,10.0,38.85,63.86,53.87,Stage 2 - Advancing,43.87,Very Strong,Volume Drying Up,Volume Drying Up (0.32x vs 10W Avg),29.11,Outperformed Nifty by 29.11% in 3 Months,True,29.11,49.51,664680800.75,"Stage 2, Advancing, trend_template_ok, weekly_vcp_ok, volume_dryup, weekly_volume_dryup, weekly_strong, flags=Loose Structure;Wider Risk;Low Liquidity",50,60.0,Stage 2,watchlist,weekly_breakout,53.69,10.0,0.17999999999999972,False,False,False,False,False
ACI.NS,Archean Chemical Industries Limited,Chemicals,Basic Materials,False,Cash,1,Stage 4,Stage 4,Stage 4,0.86,Price is below the 30-week trend and below long-term support structure.,,,,,watchlist,weekly_watchlist,watchlist,0.0,0.0,0.0,5.0,0.0,0.0,5.0,Stage 4,0.0,Weak,Volume Drying Up,Volume Drying Up (0.61x vs 10W Avg),-4.1,Underperformed Nifty by 4.1% in 3 Months,False,-4.1,-14.67,200639991.37,"Stage 4, Stage 4, volume_dryup, weekly_volume_dryup, flags=Wide Risk;Low Liquidity, downtrend",743,753.0,Stage 4,watchlist,weekly_watchlist,5.0,10.0,0.0,False,False,False,False,False
GLOBUSSPR.NS,Globus Spirits Limited,Consumer Defensive,Consumer Defensive,False,Cash,1,Stage 4,Stage 4,Stage 4,0.86,Price is below the 30-week trend and below long-term support structure.,,,,,watchlist,weekly_watchlist,watchlist,8.03,0.0,0.0,0.0,8.03,0.0,0.0,Stage 4,0.0,Weak,Volume Drying Up,Volume Drying Up (0.60x vs 10W Avg),-5.92,Underperformed Nifty by 5.92% in 3 Months,False,-5.92,-0.99,69299114.42,"Stage 4, Stage 4, volume_dryup, weekly_volume_dryup, flags=Wide Risk;Low Liquidity, downtrend",829,839.0,Stage 4,watchlist,weekly_watchlist,0.0,10.0,0.0,False,False,False,False,False
VBL.NS,Varun Beverages Limited,Consumer Defensive,Consumer Defensive,True,F&O,1,Stage 3,Stage 3,Late,0.76,"Prior strength has shifted into a Stage 3 transition based on trend, relative strength, and volume evidence.",,,2026-07-12,,watchlist,weekly_watchlist,watchlist,7.65,2.4,0.0,0.0,7.65,2.4,0.0,Stage 3 Late,0.0,Weak,Volume Drying Up,Volume Drying Up (0.75x vs 10W Avg),-10.59,Underperformed Nifty by 10.59% in 3 Months,False,-10.59,9.13,2200306284.26,"Stage 3, Late, volume_dryup, weekly_volume_dryup, flags=Wider Risk;Low Liquidity, distribution_or_weakening_risk",830,840.0,Stage 3,watchlist,weekly_watchlist,0.0,10.0,0.0,False,False,False,False,False
PILANIINVS.NS,Pilani Investment and Industries Corporation Limited,Asset Management,Financial Services,False,Cash,1,Stage 4,Stage 4,Stage 4,0.86,Price is below the 30-week trend and below long-term support structure.,,,,,watchlist,weekly_watchlist,watchlist,0.0,32.4,0.0,0.0,0.0,32.4,0.0,Stage 4,0.0,Weak,Volume Drying Up,Volume Drying Up (0.59x vs 10W Avg),-3.9,Underperformed Nifty by 3.9% in 3 Months,False,-3.9,-1.34,9704972.4,"Stage 4, Stage 4, weekly_vcp_ok, weekly_volume_dryup, weekly_strong, flags=Wider Risk;Low Liquidity, downtrend",856,866.0,Stage 4,watchlist,weekly_watchlist,0.0,10.0,0.0,False,False,False,False,False
WAAREEENER.NS,Waaree Energies Limited,Solar,Technology,True,F&O,1,Stage 4,Stage 4,Stage 4,0.86,Price is below the 30-week trend and below long-term support structure.,,,,,watchlist,weekly_watchlist,watchlist,0.0,0.2,0.0,0.0,0.0,0.2,0.0,Stage 4,0.0,Weak,Volume Normal,Volume Normal (0.91x vs 10W Avg),-9.57,Underperformed Nifty by 9.57% in 3 Months,False,-9.57,-17.73,1444663727.78,"Stage 4, Stage 4, flags=Wider Risk;Low Liquidity, downtrend",878,888.0,Stage 4,watchlist,weekly_watchlist,0.0,10.0,0.0,False,False,False,False,False
CRIZAC.NS,Crizac Limited,Consumer Defensive,Consumer Defensive,False,Cash,1,Stage 4,Stage 4,Stage 4,0.86,Price is below the 30-week trend and below long-term support structure.,,,,,watchlist,weekly_watchlist,watchlist,0.0,0.2,0.0,0.0,0.0,0.2,0.0,Stage 4,0.0,Weak,Volume Drying Up,Volume Normal (1.04x vs 10W Avg),-6.36,Underperformed Nifty by 6.36% in 3 Months,False,-6.36,-6.19,61752293.88,"Stage 4, Stage 4, volume_dryup, flags=Wide Weekly Base;Wider Risk;Low Liquidity, downtrend",881,891.0,Stage 4,watchlist,weekly_watchlist,0.0,10.0,0.0,False,False,False,False,False
PRIVISCL.NS,Privi Speciality Chemicals Limited,Specialty Chemicals,Basic Materials,False,Cash,1,Stage 2,Stage 2,Advancing,0.9,Price is above constructive weekly and long-term trend structure with improving relative strength.,,,2026-09-25,,watchlist,weekly_watchlist,watchlist,44.76,36.88,50.62,5.0,44.76,36.88,55.62,Stage 2 - Advancing,50.62,Very Strong,Volume Expanding,Volume Expanding (1.53x vs 10W Avg),3.24,Outperformed Nifty by 3.24% in 3 Months,True,3.24,25.61,301790508.18,"Stage 2, Advancing, trend_template_ok",36,46.0,Stage 2,watchlist,weekly_watchlist,55.65,10.0,-0.030000000000001137,False,False,False,False,False
IRFC.NS,Indian Railway Finance Corporation Limited,Credit Services,Financial Services,True,F&O,1,Stage 4,Stage 4,Stage 4,0.86,Price is below the 30-week trend and below long-term support structure.,,,,,watchlist,weekly_watchlist,watchlist,0.0,32.0,3.79,2.0,0.0,32.0,5.79,Stage 4,3.79,Weak,Volume Drying Up,Volume Drying Up (0.82x vs 10W Avg),-8.41,Underperformed Nifty by 8.41% in 3 Months,False,-8.41,-12.21,559966715.71,"Stage 4, Stage 4, weekly_vcp_ok, weekly_volume_dryup, weekly_strong, flags=Wide Weekly Base;Wide Risk;Low Liquidity, downtrend",715,725.0,Stage 4,watchlist,weekly_watchlist,6.27,10.0,-0.47999999999999954,False,False,False,False,False
WELCORP.NS,Welspun Corp Limited,Steel,Basic Materials,False,Cash,1,Stage 2,Stage 2,Extended,0.78,"Weekly advancing structure remains intact, but price is stretched versus key moving averages.",,,2026-09-25,,watchlist,weekly_near_pivot,watchlist,33.48,72.0,38.36,10.0,33.48,72.0,48.36,Stage 2 - Extended,38.36,Very Strong,Volume Drying Up,Volume Drying Up (0.83x vs 10W Avg),87.9,Outperformed Nifty by 87.9% in 3 Months,True,87.9,226.85,5732771356.29,"Stage 2, Extended, trend_template_ok, weekly_vcp_ok, weekly_volume_dryup, weekly_strong, flags=Loose Structure;Extended;Wide Risk;Low Liquidity",89,99.0,Stage 2,watchlist,weekly_breakout,49.21,10.0,-0.8500000000000014,False,False,False,False,False
FUSION.NS,Fusion Finance Limited,Credit Services,Financial Services,False,Cash,1,Failed Stage 2,Stage 3,Failed Stage 2,0.72,"This stock was recently Stage 2, but the latest structure no longer satisfies Stage 2 rules. It is kept as Failed Stage 2 until a fresh base/repair structure forms.",Recent Stage 2 break; public stage held as Failed Stage 2.,2026-09-28,2026-09-14,,watchlist,weekly_watchlist,watchlist,13.04,36.34,11.32,2.0,13.04,36.34,13.32,Failed Stage 2,11.32,Weak,Volume Drying Up,Volume Drying Up (0.46x vs 10W Avg),-15.37,Underperformed Nifty by 15.37% in 3 Months,False,-15.37,18.76,96915078.59,"Stage 3, Early, weekly_vcp_ok, volume_dryup, weekly_volume_dryup, weekly_strong, flags=Loose Structure;Wide Risk;Low Liquidity, distribution_or_weakening_risk | Stage 2 failed state applied from stage memory.",546,556.0,Failed Stage 2,watchlist,weekly_watchlist,14.55,10.0,-1.2300000000000004,False,False,False,False,False
BSOFT.NS,BIRLASOFT LIMITED,Information Technology Services,Technology,False,Cash,1,Stage 4,Stage 4,Stage 4,0.86,Price is below the 30-week trend and below long-term support structure.,,,,,watchlist,weekly_watchlist,watchlist,0.0,32.0,7.93,0.0,0.0,32.0,7.93,Stage 4,7.93,Weak,Volume Drying Up,Volume Drying Up (0.46x vs 10W Avg),2.75,Outperformed Nifty by 2.75% in 3 Months,False,2.75,-23.52,410579475.92,"Stage 4, Stage 4, weekly_vcp_ok, weekly_volume_dryup, weekly_strong, flags=Wide Risk;Low Liquidity, downtrend",667,677.0,Stage 4,watchlist,weekly_watchlist,9.24,10.0,-1.3100000000000005,False,False,False,False,False
LGBBROSLTD.NS,LG Balakrishnan & Bros Limited,Auto Parts,Consumer Cyclical,False,Cash,1,Not Sure,Not Sure,Not Sure,0.0,Stage rules did not identify a reliable structure.,No confident stage classification.,,,,watchlist,weekly_watchlist,watchlist,8.03,16.35,20.24,5.0,8.03,16.35,25.24,Not Sure - Unclear,20.24,Very Strong,Volume Drying Up,Volume Drying Up (0.85x vs 10W Avg),13.84,Outperformed Nifty by 13.84% in 3 Months,False,13.84,4.97,43320196.08,"Not Sure, Unclear, weekly_volume_dryup, flags=Wider Risk;Low Liquidity",361,371.0,Not Sure,watchlist,weekly_watchlist,27.88,10.0,-2.6400000000000006,False,False,False,False,False
RPGLIFE.NS,RPG Life Sciences Limited,Drug Manufacturers - Specialty & Generic,Healthcare,False,Cash,1,Stage 2,Stage 2,Advancing,0.9,Price is above constructive weekly and long-term trend structure with improving relative strength.,,,2026-09-25,,watchlist,weekly_watchlist,watchlist,58.4,32.2,43.17,10.0,58.4,32.2,53.17,Stage 2 - Advancing,43.17,Very Strong,Volume Expanding,Volume Expanding (3.01x vs 10W Avg),29.78,Outperformed Nifty by 29.78% in 3 Months,True,29.78,57.59,96332324.23,"Stage 2, Advancing, trend_template_ok, flags=Wider Risk;Low Liquidity",54,63.0,Stage 2,watchlist,weekly_watchlist,52.76,9.0,0.4100000000000037,False,False,False,False,False
ORIENTCEM.NS,Orient Cement Limited,Building Materials,Basic Materials,False,Cash,1,Stage 4,Stage 4,Stage 4,0.86,Price is below the 30-week trend and below long-term support structure.,,,,,watchlist,weekly_watchlist,watchlist,2.72,32.4,0.0,0.0,2.72,32.4,0.0,Stage 4,0.0,Weak,Volume Normal,Volume Normal (1.04x vs 10W Avg),-7.35,Underperformed Nifty by 7.35% in 3 Months,False,-7.35,-6.36,60533331.46,"Stage 4, Stage 4, weekly_vcp_ok, weekly_strong, flags=Wide Risk;Low Liquidity, downtrend",848,857.0,Stage 4,watchlist,weekly_watchlist,0.0,9.0,0.0,False,False,False,False,False
ADANIENSOL.NS,Adani Energy Solutions Limited,Utilities,Utilities,True,F&O,1,Failed Stage 2,Stage 3,Failed Stage 2,0.72,"This stock was recently Stage 2, but the latest structure no longer satisfies Stage 2 rules. It is kept as Failed Stage 2 until a fresh base/repair structure forms.",Recent Stage 2 break; public stage held as Failed Stage 2.,2026-09-28,2026-09-18,,watchlist,weekly_watchlist,watchlist,0.0,0.0,0.0,0.0,0.0,0.0,0.0,Failed Stage 2,0.0,Weak,Volume Drying Up,Volume Drying Up (0.52x vs 10W Avg),-12.17,Underperformed Nifty by 12.17% in 3 Months,False,-12.17,39.04,2574396558.7,"Stage 3, Late, volume_dryup, weekly_volume_dryup, flags=Loose Structure;Wide Risk;Low Liquidity, distribution_or_weakening_risk | Stage 2 failed state applied from stage memory.",883,892.0,Failed Stage 2,watchlist,weekly_watchlist,0.0,9.0,0.0,False,False,False,False,False
BSE.NS,BSE Limited,Financial Services,Financial Services,True,F&O,1,Stage 3,Stage 3,Late,0.76,"Prior strength has shifted into a Stage 3 transition based on trend, relative strength, and volume evidence.",,,2026-07-27,,watchlist,weekly_watchlist,watchlist,0.0,0.0,0.0,0.0,0.0,0.0,0.0,Stage 3 Late,0.0,Weak,Volume Normal,Volume Normal (1.03x vs 10W Avg),-13.91,Underperformed Nifty by 13.91% in 3 Months,False,-13.91,11.17,13048048772.22,"Stage 3, Late, flags=Wide Risk;Low Liquidity, distribution_or_weakening_risk",884,893.0,Stage 3,watchlist,weekly_watchlist,0.0,9.0,0.0,False,False,False,False,False
AETHER.NS,Aether Industries Limited,Specialty Chemicals,Basic Materials,False,Cash,1,Stage 2,Stage 2,Extended,0.78,"Weekly advancing structure remains intact, but price is stretched versus key moving averages.",,,2026-09-25,,watchlist,weekly_watchlist,watchlist,35.32,35.8,34.95,5.0,35.32,35.8,39.95,Stage 2 - Extended,34.95,Very Strong,Volume Expanding,Volume Expanding (1.57x vs 10W Avg),31.83,Outperformed Nifty by 31.83% in 3 Months,True,31.83,59.88,433741883.08,"Stage 2, Extended, trend_template_ok, flags=Extended;Wider Risk;Low Liquidity",195,204.0,Stage 2,watchlist,weekly_watchlist,40.65,9.0,-0.6999999999999957,False,False,False,False,False
PNBHOUSING.NS,PNB Housing Finance Limited,Mortgage Finance,Financial Services,True,F&O,1,Stage 2,Stage 2,Advancing,0.8,Price is above constructive weekly and long-term trend structure with improving relative strength.,,,2026-09-25,,watchlist,weekly_forming,watchlist,57.23,61.04,50.45,0.0,57.23,61.04,50.45,Stage 2 - Advancing,50.45,Strong,Volume Drying Up,Volume Drying Up (0.65x vs 10W Avg),8.69,Outperformed Nifty by 8.69% in 3 Months,True,8.69,41.66,1061079813.43,"Stage 2, Advancing, trend_template_ok, weekly_vcp_ok, weekly_volume_dryup, weekly_strong, flags=Wide Risk;Low Liquidity",71,80.0,Stage 2,watchlist,weekly_forming,51.26,9.0,-0.8099999999999952,False,False,False,False,False
TIRUMALCHM.NS,Thirumalai Chemicals Limited,Specialty Chemicals,Basic Materials,False,Cash,1,Stage 4,Stage 4,Stage 4,0.86,Price is below the 30-week trend and below long-term support structure.,,,,,watchlist,weekly_watchlist,watchlist,0.0,31.3,1.24,5.0,0.0,31.3,6.24,Stage 4,1.24,Weak,Volume Normal,Volume Normal (1.30x vs 10W Avg),-10.56,Underperformed Nifty by 10.56% in 3 Months,False,-10.56,-8.68,74221718.52,"Stage 4, Stage 4, weekly_vcp_ok, weekly_strong, flags=Wider Risk;Low Liquidity, downtrend",701,710.0,Stage 4,watchlist,weekly_watchlist,7.23,9.0,-0.9900000000000002,False,False,False,False,False
GHCL.NS,GHCL Limited,Chemicals,Basic Materials,False,Cash,1,Stage 4,Stage 4,Stage 4,0.86,Price is below the 30-week trend and below long-term support structure.,,,,,watchlist,weekly_watchlist,watchlist,0.0,32.0,12.59,5.0,0.0,32.0,17.59,Stage 4,12.59,Weak,Volume Drying Up,Volume Normal (0.91x vs 10W Avg),-0.79,Underperformed Nifty by 0.79% in 3 Months,False,-0.79,-4.9,39540411.17,"Stage 4, Stage 4, weekly_vcp_ok, volume_dryup, weekly_strong, flags=Wider Risk;Low Liquidity, downtrend",461,470.0,Stage 4,watchlist,weekly_watchlist,18.82,9.0,-1.2300000000000004,False,False,False,False,False
DALBHARAT.NS,Dalmia Bharat Limited,Building Materials,Basic Materials,True,F&O,1,Stage 4,Stage 4,Stage 4,0.86,Price is below the 30-week trend and below long-term support structure.,,,,,watchlist,weekly_watchlist,watchlist,8.7,32.0,13.79,0.0,8.7,32.0,13.79,Stage 4,13.79,Weak,Volume Drying Up,Volume Drying Up (0.39x vs 10W Avg),-0.4,Underperformed Nifty by 0.4% in 3 Months,False,-0.4,-6.02,150963174.92,"Stage 4, Stage 4, weekly_vcp_ok, volume_dryup, weekly_volume_dryup, weekly_strong, flags=Wide Risk;Low Liquidity, downtrend",537,546.0,Stage 4,watchlist,weekly_watchlist,15.02,9.0,-1.2300000000000004,False,False,False,False,False
TATATECH.NS,Tata Technologies Limited,Information Technology Services,Technology,False,Cash,1,Stage 2,Stage 2,Advancing,0.8,Price is above constructive weekly and long-term trend structure with improving relative strength.,,,2026-09-25,,watchlist,weekly_watchlist,watchlist,30.22,17.73,18.13,0.0,30.22,17.73,18.13,Stage 2 - Advancing,18.13,Neutral,Volume Drying Up,Volume Drying Up (0.49x vs 10W Avg),4.35,Outperformed Nifty by 4.35% in 3 Months,True,4.35,34.93,700944668.42,"Stage 2, Advancing, trend_template_ok, volume_dryup, weekly_volume_dryup, flags=Wide Risk;Low Liquidity",446,455.0,Stage 2,watchlist,weekly_watchlist,19.97,9.0,-1.8399999999999999,False,False,False,False,False
AEROFLEX.NS,Aeroflex Industries Limited,Metal Fabrication,Industrials,False,Cash,1,Stage 2,Stage 2,Extended,0.78,"Weekly advancing structure remains intact, but price is stretched versus key moving averages.",,,2026-09-25,,watchlist,weekly_watchlist,watchlist,32.92,29.0,22.67,10.0,32.92,29.0,32.67,Stage 2 - Extended,22.67,Very Strong,Volume Drying Up,Volume Drying Up (0.57x vs 10W Avg),12.52,Outperformed Nifty by 12.52% in 3 Months,True,12.52,105.54,705789982.79,"Stage 2, Extended, trend_template_ok, weekly_volume_dryup, flags=Loose Structure;Extended;Wide Risk;Low Liquidity",277,286.0,Stage 2,watchlist,weekly_watchlist,34.89,9.0,-2.219999999999999,False,False,False,False,False
CANBK.NS,Canara Bank,Banks - Regional,Financial Services,True,F&O,1,Stage 4,Stage 4,Stage 4,0.66,Price is below weekly structure.,,,,,watchlist,weekly_watchlist,watchlist,9.25,33.17,17.72,2.0,9.25,33.17,19.72,Stage 4,17.72,Weak,Volume Drying Up,Volume Drying Up (0.73x vs 10W Avg),0.38,Outperformed Nifty by 0.38% in 3 Months,False,0.38,0.36,1367824847.82,"Stage 4, Stage 4, weekly_vcp_ok, volume_dryup, weekly_volume_dryup, weekly_strong, flags=Wider Risk;Low Liquidity, downtrend",427,436.0,Stage 4,watchlist,weekly_watchlist,22.12,9.0,-2.400000000000002,False,False,False,False,False
ALKEM.NS,Alkem Laboratories Limited,Drug Manufacturers - Specialty & Generic,Healthcare,True,F&O,1,Stage 1,Stage 1,Stage 1,0.64,Price is building a base around long-term weekly structure without a confirmed advancing phase.,,,,,watchlist,weekly_watchlist,watchlist,0.0,40.02,13.07,10.0,0.0,40.02,23.07,Stage 1,13.07,Weak,Volume Drying Up,Volume Drying Up (0.83x vs 10W Avg),-0.64,Underperformed Nifty by 0.64% in 3 Months,False,-0.64,0.86,736893734.73,"Stage 1, Stage 1, weekly_vcp_ok, weekly_volume_dryup, weekly_strong, flags=Wide Risk;Low Liquidity, stage1_not_actionable, stage1_needs_more_base",384,393.0,Stage 1,watchlist,weekly_watchlist,26.01,9.0,-2.9400000000000013,False,False,False,False,False
AZAD.NS,Azad Engineering Limited,Specialty Industrial Machinery,Industrials,False,Cash,1,Stage 2,Stage 2,Advancing,0.9,Price is above constructive weekly and long-term trend structure with improving relative strength.,,,2026-09-25,,watchlist,weekly_forming,watchlist,36.27,59.6,42.96,10.0,36.27,59.6,52.96,Stage 2 - Advancing,42.96,Very Strong,Volume Drying Up,Volume Drying Up (0.60x vs 10W Avg),36.41,Outperformed Nifty by 36.41% in 3 Months,True,36.41,78.4,940283982.42,"Stage 2, Advancing, trend_template_ok, weekly_vcp_ok, volume_dryup, weekly_volume_dryup, weekly_strong, flags=Wide Risk;Low Liquidity",58,66.0,Stage 2,watchlist,weekly_forming,52.69,8.0,0.2700000000000031,False,False,False,False,False
DMART.NS,Avenue Supermarts Limited,Consumer Defensive,Consumer Defensive,True,F&O,1,Stage 4,Stage 4,Stage 4,0.66,Price is below weekly structure.,,,,,watchlist,weekly_watchlist,watchlist,2.3,0.0,0.0,0.0,2.3,0.0,0.0,Stage 4,0.0,Weak,Volume Drying Up,Volume Drying Up (0.82x vs 10W Avg),-4.05,Underperformed Nifty by 4.05% in 3 Months,False,-4.05,-10.55,1480612409.92,"Stage 4, Stage 4, weekly_volume_dryup, flags=Wide Risk;Low Liquidity, downtrend",850,858.0,Stage 4,watchlist,weekly_watchlist,0.0,8.0,0.0,False,False,False,False,False
LAURUSLABS.NS,Laurus Labs Limited,Drug Manufacturers - Specialty & Generic,Healthcare,True,F&O,1,Stage 2,Stage 2,Extended,0.78,"Weekly advancing structure remains intact, but price is stretched versus key moving averages.",,,2026-09-25,,watchlist,weekly_breakout,watchlist,36.57,62.0,45.52,10.0,36.57,62.0,55.52,Stage 2 - Extended,45.52,Very Strong,Volume Drying Up,Volume Drying Up (0.50x vs 10W Avg),36.7,Outperformed Nifty by 36.7% in 3 Months,True,36.7,95.25,3326934564.68,"Stage 2, Extended, trend_template_ok, weekly_vcp_ok, volume_dryup, weekly_volume_dryup, weekly_strong, flags=Loose Structure;Extended;Low Liquidity",37,45.0,Stage 2,watchlist,weekly_breakout,55.66,8.0,-0.13999999999999346,False,False,False,False,False
KITEX.NS,Kitex Garments Limited,Apparel Manufacturing,Consumer Cyclical,False,Cash,1,Stage 4,Stage 4,Stage 4,0.86,Price is below the 30-week trend and below long-term support structure.,,,,,watchlist,weekly_watchlist,watchlist,0.0,32.0,3.79,0.0,0.0,32.0,3.79,Stage 4,3.79,Weak,Volume Normal,Volume Normal (1.04x vs 10W Avg),-22.66,Underperformed Nifty by 22.66% in 3 Months,False,-22.66,-22.85,42844363.07,"Stage 4, Stage 4, weekly_vcp_ok, weekly_strong, flags=Wide Weekly Base;Loose Structure;Wide Risk;Low Liquidity, downtrend",768,776.0,Stage 4,watchlist,weekly_watchlist,4.13,8.0,-0.33999999999999986,False,False,False,False,False
ADANIPORTS.NS,Adani Ports and Special Economic Zone Limited,Marine Shipping,Industrials,True,F&O,1,Stage 2,Stage 2,Advancing,0.9,Price is above constructive weekly and long-term trend structure with improving relative strength.,,,2026-09-25,,watchlist,weekly_watchlist,watchlist,37.28,31.71,35.5,5.0,37.28,31.71,40.5,Stage 2 - Advancing,35.5,Neutral,Volume Drying Up,Volume Drying Up (0.53x vs 10W Avg),-2.3,Underperformed Nifty by 2.3% in 3 Months,True,-2.3,29.37,3391764904.4,"Stage 2, Advancing, trend_template_ok, volume_dryup, weekly_volume_dryup, flags=Low Liquidity",183,191.0,Stage 2,watchlist,weekly_watchlist,41.7,8.0,-1.2000000000000028,False,False,False,False,False
SANSERA.NS,Sansera Engineering Limited,Auto Parts,Consumer Cyclical,False,Cash,1,Stage 2,Stage 2,Extended,0.78,"Weekly advancing structure remains intact, but price is stretched versus key moving averages.",,,2026-09-25,,watchlist,weekly_watchlist,watchlist,35.23,20.6,25.73,5.0,35.23,20.6,30.73,Stage 2 - Extended,25.73,Very Strong,Volume Expanding,Volume Expanding (1.77x vs 10W Avg),43.68,Outperformed Nifty by 43.68% in 3 Months,True,43.68,111.08,1140624428.92,"Stage 2, Extended, trend_template_ok, flags=Loose Structure;Extended;Wider Risk;Low Liquidity",308,316.0,Stage 2,watchlist,weekly_watchlist,32.44,8.0,-1.7099999999999973,False,False,False,False,False
ETERNAL.NS,ETERNAL LIMITED,Consumer Cyclical,Consumer Cyclical,True,F&O,1,Stage 2,Stage 2,Advancing,0.8,Price is above constructive weekly and long-term trend structure with improving relative strength.,,,2026-09-25,,watchlist,weekly_near_pivot,watchlist,38.0,70.85,51.1,2.0,38.0,70.85,53.1,Stage 2 - Advancing,51.1,Very Strong,Volume Drying Up,Volume Drying Up (0.64x vs 10W Avg),23.43,Outperformed Nifty by 23.43% in 3 Months,True,23.43,45.08,5711948722.86,"Stage 2, Advancing, trend_template_ok, weekly_vcp_ok, volume_dryup, weekly_volume_dryup, weekly_strong, flags=Low Liquidity",55,62.0,Stage 2,watchlist,weekly_breakout,52.85,7.0,0.25,False,False,False,False,False
VOLTAMP.NS,Voltamp Transformers Limited,Electrical Equipment & Parts,Industrials,False,Cash,1,Stage 2,Stage 2,Advancing,0.9,Price is above constructive weekly and long-term trend structure with improving relative strength.,,,2026-09-25,,watchlist,weekly_forming,watchlist,53.81,59.11,48.75,10.0,53.81,59.11,58.75,Stage 2 - Advancing,48.75,Very Strong,Volume Drying Up,Volume Drying Up (0.26x vs 10W Avg),12.92,Outperformed Nifty by 12.92% in 3 Months,True,12.92,18.14,231602212.65,"Stage 2, Advancing, trend_template_ok, weekly_vcp_ok, volume_dryup, weekly_volume_dryup, weekly_strong, flags=Wide Base;Wide Risk;Low Liquidity",22,29.0,Stage 2,watchlist,weekly_forming,58.67,7.0,0.0799999999999983,False,False,False,False,False
UBL.NS,United Breweries Limited,Consumer Defensive,Consumer Defensive,False,Cash,1,Stage 4,Stage 4,Stage 4,0.86,Price is below the 30-week trend and below long-term support structure.,,,,,watchlist,weekly_watchlist,watchlist,4.5,0.2,0.0,0.0,4.5,0.2,0.0,Stage 4,0.0,Weak,Volume Drying Up,Volume Drying Up (0.72x vs 10W Avg),-4.56,Underperformed Nifty by 4.56% in 3 Months,False,-4.56,-15.18,182804694.44,"Stage 4, Stage 4, volume_dryup, weekly_volume_dryup, flags=Wide Risk;Low Liquidity, downtrend",839,846.0,Stage 4,watchlist,weekly_watchlist,0.0,7.0,0.0,False,False,False,False,False
ICICIGI.NS,ICICI Lombard General Insurance Company Limited,Financial Services,Financial Services,True,F&O,1,Stage 4,Stage 4,Stage 4,0.66,Price is below weekly structure.,,,,,watchlist,weekly_watchlist,watchlist,0.0,0.0,0.0,0.0,0.0,0.0,0.0,Stage 4,0.0,Weak,Volume Normal,Volume Normal (1.20x vs 10W Avg),-7.44,Underperformed Nifty by 7.44% in 3 Months,False,-7.44,-6.22,1145318362.67,"Stage 4, Stage 4, flags=Low Liquidity, downtrend",887,894.0,Stage 4,watchlist,weekly_watchlist,0.0,7.0,0.0,False,False,False,False,False
GUFICBIO.NS,Gufic Biosciences Limited,Drug Manufacturers - Specialty & Generic,Healthcare,False,Cash,1,Stage 2,Stage 2,Advancing,0.9,Price is above constructive weekly and long-term trend structure with improving relative strength.,,,2026-09-25,,watchlist,weekly_watchlist,watchlist,39.65,28.76,42.13,10.0,39.65,28.76,52.13,Stage 2 - Advancing,42.13,Very Strong,Volume Drying Up,Volume Drying Up (0.60x vs 10W Avg),11.74,Outperformed Nifty by 11.74% in 3 Months,True,11.74,47.91,53450561.1,"Stage 2, Advancing, trend_template_ok, volume_dryup, weekly_volume_dryup, flags=Wide Risk",62,69.0,Stage 2,watchlist,weekly_watchlist,52.19,7.0,-0.05999999999999517,False,False,False,False,False
GOODLUCK.NS,Goodluck India Limited,Steel,Basic Materials,False,Cash,1,Stage 2,Stage 2,Advancing,0.9,Price is above constructive weekly and long-term trend structure with improving relative strength.,,,2026-09-25,,watchlist,weekly_watchlist,watchlist,60.64,38.46,47.51,10.0,60.64,38.46,57.51,Stage 2 - Advancing,47.51,Very Strong,Volume Drying Up,Volume Drying Up (0.72x vs 10W Avg),10.35,Outperformed Nifty by 10.35% in 3 Months,True,10.35,52.28,302406560.99,"Stage 2, Advancing, trend_template_ok, volume_dryup, weekly_volume_dryup, flags=Wide Risk;Low Liquidity",30,37.0,Stage 2,watchlist,weekly_watchlist,57.62,7.0,-0.10999999999999943,False,False,False,False,False
KMEW.NS,Knowledge Marine & Engineering Works Limited,Marine Shipping,Industrials,False,Cash,1,Stage 2,Stage 2,Extended,0.78,"Weekly advancing structure remains intact, but price is stretched versus key moving averages.",,,2026-09-25,,watchlist,weekly_watchlist,watchlist,58.61,23.0,37.49,5.0,58.61,23.0,42.49,Stage 2 - Extended,37.49,Very Strong,Volume Drying Up,Volume Drying Up (0.80x vs 10W Avg),31.13,Outperformed Nifty by 31.13% in 3 Months,True,31.13,83.66,249755766.82,"Stage 2, Extended, trend_template_ok, weekly_volume_dryup, flags=Extended;Wide Risk;Low Liquidity",156,163.0,Stage 2,watchlist,weekly_watchlist,43.63,7.0,-1.1400000000000006,False,False,False,False,False
THELEELA.NS,Leela Palaces Hotels & Resorts Limited,Lodging,Consumer Cyclical,False,Cash,1,Stage 2,Stage 2,Advancing,0.9,Price is above constructive weekly and long-term trend structure with improving relative strength.,,,2026-09-25,,watchlist,weekly_watchlist,watchlist,39.9,30.33,44.65,2.0,39.9,30.33,46.65,Stage 2 - Advancing,44.65,Very Strong,Volume Drying Up,Volume Drying Up (0.52x vs 10W Avg),19.28,Outperformed Nifty by 19.28% in 3 Months,True,19.28,36.02,184191292.36,"Stage 2, Advancing, trend_template_ok, volume_dryup, weekly_volume_dryup, flags=Wider Risk",104,111.0,Stage 2,watchlist,weekly_watchlist,47.82,7.0,-1.1700000000000017,False,False,False,False,False
CREDITACC.NS,CREDITACCESS GRAMEEN LIMITED,Credit Services,Financial Services,False,Cash,1,Failed Stage 2,Stage 3,Failed Stage 2,0.72,"This stock was recently Stage 2, but the latest structure no longer satisfies Stage 2 rules. It is kept as Failed Stage 2 until a fresh base/repair structure forms.",Recent Stage 2 break; public stage held as Failed Stage 2.,2026-09-28,2026-09-14,,watchlist,weekly_watchlist,watchlist,0.0,36.0,10.89,2.0,0.0,36.0,12.89,Failed Stage 2,10.89,Weak,Volume Drying Up,Volume Drying Up (0.47x vs 10W Avg),-13.56,Underperformed Nifty by 13.56% in 3 Months,False,-13.56,8.82,241594287.26,"Stage 3, Early, weekly_vcp_ok, volume_dryup, weekly_volume_dryup, weekly_strong, flags=Wide Risk;Low Liquidity, distribution_or_weakening_risk | Stage 2 failed state applied from stage memory.",552,559.0,Failed Stage 2,watchlist,weekly_watchlist,14.07,7.0,-1.1799999999999997,False,False,False,False,False
SAPPHIRE.NS,Sapphire Foods India Limited,Consumer Cyclical,Consumer Cyclical,False,Cash,1,Failed Stage 2,Stage 1,Failed Stage 2,0.72,"This stock was recently Stage 2, but the latest structure no longer satisfies Stage 2 rules. It is kept as Failed Stage 2 until a fresh base/repair structure forms.",Recent Stage 2 break; public stage held as Failed Stage 2.,2026-09-28,2026-09-23,,watchlist,weekly_watchlist,watchlist,0.0,47.63,12.23,2.0,0.0,47.63,14.23,Failed Stage 2,12.23,Very Strong,Volume Drying Up,Volume Drying Up (0.24x vs 10W Avg),22.3,Outperformed Nifty by 22.3% in 3 Months,False,22.3,42.99,153435568.34,"Stage 1, Stage 1, weekly_vcp_ok, volume_dryup, weekly_volume_dryup, weekly_strong, flags=Wide Weekly Base;Loose Structure;Wide Risk;Low Liquidity, stage1_not_actionable, stage1_needs_more_base | Stage 2 failed state applied from stage memory.",524,531.0,Failed Stage 2,watchlist,weekly_watchlist,15.87,7.0,-1.6399999999999988,False,False,False,False,False
AIIL.NS,Authum Investment & Infrastructure Limited,Capital Markets,Financial Services,False,Cash,1,Stage 2,Stage 2,Advancing,0.8,Price is above constructive weekly and long-term trend structure with improving relative strength.,,,2026-09-25,,watchlist,weekly_watchlist,watchlist,55.88,20.48,36.0,0.0,55.88,20.48,36.0,Stage 2 - Advancing,36.0,Strong,Volume Drying Up,Volume Drying Up (0.30x vs 10W Avg),9.93,Outperformed Nifty by 9.93% in 3 Months,True,9.93,32.89,290006511.79,"Stage 2, Advancing, trend_template_ok, volume_dryup, weekly_volume_dryup, flags=Wide Risk;Low Liquidity",240,247.0,Stage 2,watchlist,weekly_watchlist,37.65,7.0,-1.6499999999999986,False,False,False,False,False
GPPL.NS,Gujarat Pipavav Port Limited,Marine Shipping,Industrials,False,Cash,1,Not Sure,Not Sure,Not Sure,0.0,Stage rules did not identify a reliable structure.,No confident stage classification.,,,,watchlist,weekly_watchlist,watchlist,14.53,33.07,28.75,5.0,14.53,33.07,33.75,Not Sure - Unclear,28.75,Very Strong,Volume Drying Up,Volume Drying Up (0.54x vs 10W Avg),12.3,Outperformed Nifty by 12.3% in 3 Months,False,12.3,15.43,235288116.05,"Not Sure, Unclear, weekly_vcp_ok, volume_dryup, weekly_volume_dryup, flags=Low Liquidity",265,272.0,Not Sure,watchlist,weekly_watchlist,35.59,7.0,-1.8400000000000034,False,False,False,False,False
GANECOS.NS,Ganesha Ecosphere Limited,Textile Manufacturing,Consumer Cyclical,False,Cash,1,Stage 2,Stage 2,Advancing,0.8,Price is above constructive weekly and long-term trend structure with improving relative strength.,,,2026-09-25,,watchlist,weekly_watchlist,watchlist,28.95,24.28,33.58,10.0,28.95,24.28,43.58,Stage 2 - Advancing,33.58,Strong,Volume Drying Up,Volume Drying Up (0.48x vs 10W Avg),16.51,Outperformed Nifty by 16.51% in 3 Months,True,16.51,2.31,105322538.38,"Stage 2, Advancing, trend_template_ok, weekly_volume_dryup, flags=Wide Risk",132,139.0,Stage 2,watchlist,weekly_watchlist,45.52,7.0,-1.9400000000000048,False,False,False,False,False
KIRIINDUS.NS,Kiri Industries Limited,Specialty Chemicals,Basic Materials,False,Cash,1,Stage 1,Stage 1,Stage 1,0.68,Price is building a base around long-term weekly structure without a confirmed advancing phase.,,,,,watchlist,weekly_watchlist,watchlist,0.0,49.1,14.6,5.0,0.0,49.1,19.6,Stage 1,14.6,Very Strong,Volume Drying Up,Volume Drying Up (0.79x vs 10W Avg),47.5,Outperformed Nifty by 47.5% in 3 Months,False,47.5,46.74,828677286.8,"Stage 1, Stage 1, weekly_vcp_ok, volume_dryup, weekly_volume_dryup, weekly_strong, flags=Wide Weekly Base;Loose Structure;Wide Risk;Low Liquidity, stage1_not_actionable, stage1_needs_more_base",430,437.0,Stage 1,watchlist,weekly_watchlist,22.1,7.0,-2.5,False,False,False,False,False
VSSL.NS,Vardhman Special Steels Limited,Steel,Basic Materials,False,Cash,1,Stage 2,Stage 2,Advancing,0.9,Price is above constructive weekly and long-term trend structure with improving relative strength.,,,2026-09-25,,watchlist,weekly_breakout,watchlist,59.95,65.1,52.28,10.0,59.95,65.1,62.28,Stage 2 - Advancing,52.28,Very Strong,Volume Drying Up,Volume Drying Up (0.25x vs 10W Avg),53.98,Outperformed Nifty by 53.98% in 3 Months,True,53.98,86.18,225843007.1,"Stage 2, Advancing, trend_template_ok, weekly_vcp_ok, volume_dryup, weekly_volume_dryup, weekly_strong, flags=Loose Structure;Wide Risk;Low Liquidity",14,20.0,Stage 2,watchlist,weekly_breakout,61.52,6.0,0.759999999999998,False,False,False,False,False
TIINDIA.NS,Tube Investments of India Limited,Conglomerates,Industrials,True,F&O,1,Stage 4,Stage 4,Stage 4,0.66,Price is below weekly structure.,,,2026-08-19,,watchlist,weekly_watchlist,watchlist,0.0,0.0,0.0,0.0,0.0,0.0,0.0,Stage 4,0.0,Weak,Volume Drying Up,Volume Drying Up (0.36x vs 10W Avg),-15.29,Underperformed Nifty by 15.29% in 3 Months,False,-15.29,-1.91,462715454.47,"Stage 4, Stage 4, volume_dryup, weekly_volume_dryup, flags=Low Liquidity, downtrend",889,895.0,Stage 4,watchlist,weekly_watchlist,0.0,6.0,0.0,False,False,False,False,False
ENGINERSIN.NS,Engineers India Limited,Engineering & Construction,Industrials,False,Cash,1,Stage 2,Stage 2,Extended,0.78,"Weekly advancing structure remains intact, but price is stretched versus key moving averages.",,,2026-09-25,,watchlist,weekly_breakout,watchlist,59.75,63.2,51.77,0.0,59.75,63.2,51.77,Stage 2 - Extended,51.77,Very Strong,Volume Expanding,Volume Expanding (2.92x vs 10W Avg),40.23,Outperformed Nifty by 40.23% in 3 Months,True,40.23,60.07,2513715422.36,"Stage 2, Extended, trend_template_ok, weekly_vcp_ok, weekly_strong, flags=Loose Structure;Extended;Wide Risk;Low Liquidity",65,71.0,Stage 2,watchlist,weekly_breakout,52.08,6.0,-0.30999999999999517,False,False,False,False,False
PPLPHARMA.NS,Piramal Pharma Limited,Drug Manufacturers - Specialty & Generic,Healthcare,False,Cash,1,Stage 2,Stage 2,Advancing,0.8,Price is above constructive weekly and long-term trend structure with improving relative strength.,,,2026-09-25,,watchlist,weekly_watchlist,watchlist,38.85,26.14,30.67,10.0,38.85,26.14,40.67,Stage 2 - Advancing,30.67,Very Strong,Volume Drying Up,Volume Drying Up (0.56x vs 10W Avg),27.86,Outperformed Nifty by 27.86% in 3 Months,True,27.86,47.56,866612938.56,"Stage 2, Advancing, trend_template_ok, volume_dryup, weekly_volume_dryup, flags=Wide Risk;Low Liquidity",180,186.0,Stage 2,watchlist,weekly_watchlist,42.0,6.0,-1.3299999999999983,False,False,False,False,False
BAJAJFINSV.NS,Bajaj Finserv Limited,Financial Services,Financial Services,True,F&O,1,Stage 3,Stage 3,Early,0.68,"Prior strength has shifted into a Stage 3 transition based on trend, relative strength, and volume evidence.",,,,,watchlist,weekly_watchlist,watchlist,7.63,36.86,17.72,0.0,7.63,36.86,17.72,Stage 3 Early,17.72,Neutral,Volume Drying Up,Volume Normal (0.94x vs 10W Avg),-0.48,Underperformed Nifty by 0.48% in 3 Months,False,-0.48,9.13,1199430587.26,"Stage 3, Early, weekly_vcp_ok, volume_dryup, weekly_strong, flags=Wide Risk;Low Liquidity, distribution_or_weakening_risk",456,462.0,Stage 3,watchlist,weekly_watchlist,19.44,6.0,-1.7200000000000024,False,False,False,False,False
SUVEN.NS,Suven Life Sciences Limited,Drug Manufacturers - Specialty & Generic,Healthcare,False,Cash,1,Stage 2,Stage 2,Advancing,0.8,Price is above constructive weekly and long-term trend structure with improving relative strength.,,,2026-09-25,,watchlist,weekly_watchlist,watchlist,32.98,20.6,19.9,10.0,32.98,20.6,29.9,Stage 2 - Advancing,19.9,Strong,Volume Drying Up,Volume Drying Up (0.39x vs 10W Avg),13.06,Outperformed Nifty by 13.06% in 3 Months,True,13.06,105.89,186864741.69,"Stage 2, Advancing, trend_template_ok, volume_dryup, weekly_volume_dryup, flags=Wide Risk;Low Liquidity",318,324.0,Stage 2,watchlist,weekly_watchlist,31.83,6.0,-1.9299999999999997,False,False,False,False,False
ARVSMART.NS,Arvind SmartSpaces Limited,Real Estate,Real Estate,False,Cash,1,Failed Stage 2,Stage 1,Failed Stage 2,0.72,"This stock was recently Stage 2, but the latest structure no longer satisfies Stage 2 rules. It is kept as Failed Stage 2 until a fresh base/repair structure forms.",Recent Stage 2 break; public stage held as Failed Stage 2.,2026-09-28,2026-09-23,,watchlist,weekly_watchlist,watchlist,16.39,39.1,26.65,2.0,16.39,39.1,28.65,Failed Stage 2,26.65,Strong,Volume Expanding,Volume Expanding (3.95x vs 10W Avg),8.52,Outperformed Nifty by 8.52% in 3 Months,False,8.52,19.14,255687785.15,"Stage 1, Stage 1, weekly_vcp_ok, weekly_strong, flags=Wide Risk;Low Liquidity, stage1_not_actionable, stage1_needs_more_base | Stage 2 failed state applied from stage memory.",330,336.0,Failed Stage 2,watchlist,weekly_watchlist,30.86,6.0,-2.210000000000001,False,False,False,False,False
LT.NS,Larsen & Toubro Limited,Engineering & Construction,Industrials,True,F&O,1,Stage 3,Stage 3,Early,0.68,"Prior strength has shifted into a Stage 3 transition based on trend, relative strength, and volume evidence.",,,,,watchlist,weekly_watchlist,watchlist,0.0,0.0,0.0,0.0,0.0,0.0,0.0,Stage 3 Early,0.0,Weak,Volume Normal,Volume Normal (0.90x vs 10W Avg),-2.11,Underperformed Nifty by 2.11% in 3 Months,False,-2.11,7.52,5215105610.21,"Stage 3, Early, flags=Wider Risk;Low Liquidity, distribution_or_weakening_risk",882,887.0,Stage 3,watchlist,weekly_watchlist,0.0,5.0,0.0,False,False,False,False,False
THERMAX.NS,Thermax Limited,Conglomerates,Industrials,False,Cash,1,Stage 3,Stage 3,Late,0.76,"Prior strength has shifted into a Stage 3 transition based on trend, relative strength, and volume evidence.",,,2026-07-24,,watchlist,weekly_watchlist,watchlist,0.0,0.0,0.0,0.0,0.0,0.0,0.0,Stage 3 Late,0.0,Weak,Volume Drying Up,Volume Drying Up (0.50x vs 10W Avg),-25.75,Underperformed Nifty by 25.75% in 3 Months,False,-25.75,5.42,498007814.01,"Stage 3, Late, volume_dryup, weekly_volume_dryup, flags=Loose Structure;Wide Risk;Low Liquidity, distribution_or_weakening_risk",891,896.0,Stage 4,watchlist,weekly_watchlist,0.0,5.0,0.0,False,False,False,False,False
AADHARHFC.NS,Aadhar Housing Finance Limited,Mortgage Finance,Financial Services,False,Cash,1,Stage 4,Stage 4,Stage 4,0.66,Price is below weekly structure.,,,,,watchlist,weekly_watchlist,watchlist,0.17,33.1,11.82,0.0,0.17,33.1,11.82,Stage 4,11.82,Weak,Volume Drying Up,Volume Drying Up (0.80x vs 10W Avg),-13.33,Underperformed Nifty by 13.33% in 3 Months,False,-13.33,1.77,155034719.12,"Stage 4, Stage 4, weekly_vcp_ok, weekly_volume_dryup, weekly_strong, flags=Wider Risk;Low Liquidity, downtrend",579,584.0,Stage 4,watchlist,weekly_watchlist,12.94,5.0,-1.1199999999999992,False,False,False,False,False
IFCI.NS,IFCI Limited,Credit Services,Financial Services,False,Cash,1,Failed Stage 2,Stage 1,Failed Stage 2,0.72,"This stock was recently Stage 2, but the latest structure no longer satisfies Stage 2 rules. It is kept as Failed Stage 2 until a fresh base/repair structure forms.",Recent Stage 2 break; public stage held as Failed Stage 2.,2026-09-28,2026-09-23,,watchlist,weekly_watchlist,watchlist,7.05,4.77,0.0,2.0,7.05,4.77,2.0,Failed Stage 2,0.0,Neutral,Volume Drying Up,Volume Drying Up (0.84x vs 10W Avg),-3.04,Underperformed Nifty by 3.04% in 3 Months,False,-3.04,36.79,11658591780.54,"Stage 1, Stage 1, weekly_volume_dryup, flags=Loose Structure;Wide Risk;Low Liquidity, stage1_not_actionable, stage1_needs_more_base | Stage 2 failed state applied from stage memory.",782,787.0,Failed Stage 2,watchlist,weekly_watchlist,3.22,5.0,-1.2200000000000002,False,False,False,False,False
MAZDOCK.NS,Mazagon Dock Shipbuilders Limited,Aerospace & Defense,Industrials,True,F&O,1,Stage 4,Stage 4,Stage 4,0.86,Price is below the 30-week trend and below long-term support structure.,,,2026-08-28,,watchlist,weekly_watchlist,watchlist,0.0,33.1,4.39,10.0,0.0,33.1,14.39,Stage 4,4.39,Weak,Volume Drying Up,Volume Drying Up (0.68x vs 10W Avg),-11.06,Underperformed Nifty by 11.06% in 3 Months,False,-11.06,-3.16,1316358776.33,"Stage 4, Stage 4, weekly_vcp_ok, weekly_volume_dryup, weekly_strong, flags=Wide Risk;Low Liquidity, downtrend",519,524.0,Stage 4,watchlist,weekly_watchlist,16.19,5.0,-1.8000000000000007,False,False,False,False,False
BLUEJET.NS,Blue Jet Healthcare Limited,Biotechnology,Healthcare,False,Cash,1,Stage 2,Stage 2,Advancing,0.8,Price is above constructive weekly and long-term trend structure with improving relative strength.,,,2026-09-25,,watchlist,weekly_watchlist,watchlist,38.88,30.39,25.02,5.0,38.88,30.39,30.02,Stage 2 - Advancing,25.02,Strong,Volume Drying Up,Volume Drying Up (0.54x vs 10W Avg),3.39,Outperformed Nifty by 3.39% in 3 Months,True,3.39,58.54,233025678.17,"Stage 2, Advancing, trend_template_ok, volume_dryup, weekly_volume_dryup, flags=Wide Weekly Base;Wide Risk;Low Liquidity",317,322.0,Stage 2,watchlist,weekly_watchlist,32.01,5.0,-1.9899999999999984,False,False,False,False,False
IDEAFORGE.NS,Ideaforge Technology Limited,Technology,Technology,False,Cash,1,Stage 3,Stage 3,Early,0.68,"Prior strength has shifted into a Stage 3 transition based on trend, relative strength, and volume evidence.",,,2026-08-20,,watchlist,weekly_watchlist,watchlist,0.0,29.58,8.74,10.0,0.0,29.58,18.74,Stage 3 Early,8.74,Weak,Volume Drying Up,Volume Drying Up (0.69x vs 10W Avg),-10.32,Underperformed Nifty by 10.32% in 3 Months,False,-10.32,83.08,183596947.89,"Stage 3, Early, weekly_vcp_ok, volume_dryup, weekly_volume_dryup, flags=Wide Risk;Low Liquidity, distribution_or_weakening_risk",442,447.0,Stage 3,watchlist,weekly_watchlist,20.84,5.0,-2.1000000000000014,False,False,False,False,False
TDPOWERSYS.NS,TD Power Systems Limited,Specialty Industrial Machinery,Industrials,False,Cash,1,Stage 2,Stage 2,Advancing,0.9,Price is above constructive weekly and long-term trend structure with improving relative strength.,,,2026-09-25,,watchlist,weekly_watchlist,watchlist,34.94,24.2,21.96,10.0,34.94,24.2,31.96,Stage 2 - Advancing,21.96,Very Strong,Volume Drying Up,Volume Drying Up (0.62x vs 10W Avg),26.47,Outperformed Nifty by 26.47% in 3 Months,True,26.47,69.67,1511167902.75,"Stage 2, Advancing, trend_template_ok, weekly_volume_dryup, flags=Loose Structure;Wide Risk;Low Liquidity",288,293.0,Stage 2,watchlist,weekly_watchlist,34.64,5.0,-2.6799999999999997,False,False,False,False,False
PREMIERENE.NS,Premier Energies Limited,Solar,Technology,True,F&O,1,Stage 4,Stage 4,Stage 4,0.66,Price is below weekly structure.,,,2026-08-25,,watchlist,weekly_watchlist,watchlist,0.0,0.0,0.0,0.0,0.0,0.0,0.0,Stage 4,0.0,Weak,Volume Drying Up,Volume Drying Up (0.85x vs 10W Avg),-8.62,Underperformed Nifty by 8.62% in 3 Months,False,-8.62,1.09,986000503.66,"Stage 4, Stage 4, weekly_volume_dryup, flags=Wide Risk;Low Liquidity, downtrend",893,897.0,Stage 4,watchlist,weekly_watchlist,0.0,4.0,0.0,False,False,False,False,False
APOLLOTYRE.NS,Apollo Tyres Limited,Auto Parts,Consumer Cyclical,False,Cash,1,Stage 4,Stage 4,Stage 4,0.86,Price is below the 30-week trend and below long-term support structure.,,,,,watchlist,weekly_watchlist,watchlist,3.95,33.1,7.53,5.0,3.95,33.1,12.53,Stage 4,7.53,Weak,Volume Drying Up,Volume Drying Up (0.66x vs 10W Avg),-9.08,Underperformed Nifty by 9.08% in 3 Months,False,-9.08,-2.05,259376170.63,"Stage 4, Stage 4, weekly_vcp_ok, weekly_volume_dryup, weekly_strong, flags=Wide Risk;Low Liquidity, downtrend",564,568.0,Stage 4,watchlist,weekly_watchlist,13.75,4.0,-1.2200000000000006,False,False,False,False,False
BANSALWIRE.NS,Bansal Wire Industries Limited,Steel,Basic Materials,False,Cash,1,Stage 2,Stage 2,Advancing,0.8,Price is above constructive weekly and long-term trend structure with improving relative strength.,,,2026-09-25,,watchlist,weekly_watchlist,watchlist,49.13,23.16,32.5,10.0,49.13,23.16,42.5,Stage 2 - Advancing,32.5,Neutral,Volume Drying Up,Volume Normal (1.17x vs 10W Avg),-2.65,Underperformed Nifty by 2.65% in 3 Months,True,-2.65,28.2,29837781.13,"Stage 2, Advancing, trend_template_ok, volume_dryup, flags=Wide Risk;Low Liquidity",155,159.0,Stage 2,forming_vcp,weekly_watchlist,44.06,4.0,-1.5600000000000023,False,False,False,False,False
PGHH.NS,Procter & Gamble Hygiene and Health Care Limited,Household & Personal Products,Consumer Defensive,False,Cash,1,Stage 4,Stage 4,Stage 4,0.86,Price is below the 30-week trend and below long-term support structure.,,,,,watchlist,weekly_watchlist,watchlist,0.0,0.0,0.0,0.0,0.0,0.0,0.0,Stage 4,0.0,Weak,Volume Expanding,Volume Expanding (1.55x vs 10W Avg),-16.79,Underperformed Nifty by 16.79% in 3 Months,False,-16.79,-26.61,141779414.82,"Stage 4, Stage 4, flags=Loose Structure;Wide Risk;Low Liquidity, downtrend",895,898.0,Stage 4,watchlist,weekly_watchlist,0.0,3.0,0.0,False,False,False,False,False
INTELLECT.NS,Intellect Design Arena Limited,Software - Application,Technology,False,Cash,1,Stage 4,Stage 4,Stage 4,0.86,Price is below the 30-week trend and below long-term support structure.,,,,,watchlist,weekly_watchlist,watchlist,3.14,32.0,4.97,5.0,3.14,32.0,9.97,Stage 4,4.97,Weak,Volume Drying Up,Volume Drying Up (0.85x vs 10W Avg),-10.48,Underperformed Nifty by 10.48% in 3 Months,False,-10.48,-0.82,215054503.67,"Stage 4, Stage 4, weekly_vcp_ok, volume_dryup, weekly_volume_dryup, weekly_strong, flags=Wide Weekly Base;Wide Risk;Low Liquidity, downtrend",635,638.0,Stage 4,watchlist,weekly_watchlist,10.17,3.0,-0.1999999999999993,False,False,False,False,False
RATEGAIN.NS,Rategain Travel Technologies Limited,Software - Application,Technology,False,Cash,1,Failed Stage 2,Stage 3,Failed Stage 2,0.72,"This stock was recently Stage 2, but the latest structure no longer satisfies Stage 2 rules. It is kept as Failed Stage 2 until a fresh base/repair structure forms.",Recent Stage 2 break; public stage held as Failed Stage 2.,2026-09-28,2026-09-23,,watchlist,weekly_watchlist,watchlist,0.0,10.5,0.98,5.0,0.0,10.5,5.98,Failed Stage 2,0.98,Weak,Volume Drying Up,Volume Drying Up (0.47x vs 10W Avg),-7.22,Underperformed Nifty by 7.22% in 3 Months,False,-7.22,70.18,265090786.46,"Stage 3, Early, volume_dryup, weekly_volume_dryup, flags=Wide Weekly Base;Wide Risk;Low Liquidity, distribution_or_weakening_risk | Stage 2 failed state applied from stage memory.",710,713.0,Failed Stage 2,watchlist,weekly_watchlist,6.98,3.0,-1.0,False,False,False,False,False
AKUMS.NS,Akums Drugs and Pharmaceuticals Limited,Drug Manufacturers - Specialty & Generic,Healthcare,False,Cash,1,Stage 2,Stage 2,Advancing,0.9,Price is above constructive weekly and long-term trend structure with improving relative strength.,,,2026-09-25,,watchlist,weekly_breakout,watchlist,34.12,71.2,48.26,10.0,34.12,71.2,58.26,Stage 2 - Advancing,48.26,Very Strong,Volume Drying Up,Volume Drying Up (0.70x vs 10W Avg),31.19,Outperformed Nifty by 31.19% in 3 Months,True,31.19,64.15,254633375.89,"Stage 2, Advancing, trend_template_ok, weekly_vcp_ok, weekly_volume_dryup, weekly_strong, flags=Low Liquidity",24,27.0,Stage 2,watchlist,weekly_breakout,59.28,3.0,-1.0200000000000031,False,False,False,False,False
KIRLOSIND.NS,Kirloskar Industries Limited,Metal Fabrication,Industrials,False,Cash,1,Failed Stage 2,Stage 3,Failed Stage 2,0.72,"This stock was recently Stage 2, but the latest structure no longer satisfies Stage 2 rules. It is kept as Failed Stage 2 until a fresh base/repair structure forms.",Recent Stage 2 break; public stage held as Failed Stage 2.,2026-09-28,2026-09-21,,watchlist,weekly_watchlist,watchlist,1.37,1.17,4.96,10.0,1.37,1.17,14.96,Failed Stage 2,4.96,Weak,Volume Drying Up,Volume Drying Up (0.25x vs 10W Avg),-8.67,Underperformed Nifty by 8.67% in 3 Months,False,-8.67,34.33,149289734.84,"Stage 3, Early, volume_dryup, weekly_volume_dryup, flags=Wide Risk;Low Liquidity, distribution_or_weakening_risk | Stage 2 failed state applied from stage memory.",509,512.0,Failed Stage 2,watchlist,weekly_watchlist,16.74,3.0,-1.7799999999999976,False,False,False,False,False
ELGIEQUIP.NS,Elgi Equipments Limited,Specialty Industrial Machinery,Industrials,False,Cash,1,Stage 2,Stage 2,Advancing,0.8,Price is above constructive weekly and long-term trend structure with improving relative strength.,,,2026-09-25,,forming_vcp,weekly_watchlist,watchlist,55.14,22.01,36.71,10.0,55.14,22.01,46.71,Stage 2 - Advancing,36.71,Strong,Volume Drying Up,Volume Drying Up (0.41x vs 10W Avg),6.39,Outperformed Nifty by 6.39% in 3 Months,True,6.39,27.68,234160109.63,"Stage 2, Advancing, trend_template_ok, daily_vcp_ok, volume_dryup, weekly_volume_dryup, flags=Wider Risk;Low Liquidity",101,104.0,Stage 2,forming_vcp,weekly_watchlist,48.57,3.0,-1.8599999999999994,False,False,False,False,False
TARC.NS,TARC Limited,Real Estate,Real Estate,False,Cash,1,Stage 3,Stage 3,Early,0.68,"Prior strength has shifted into a Stage 3 transition based on trend, relative strength, and volume evidence.",,,,,watchlist,weekly_watchlist,watchlist,13.2,39.93,29.79,2.0,13.2,39.93,31.79,Stage 3 Early,29.79,Strong,Volume Drying Up,Volume Drying Up (0.32x vs 10W Avg),5.65,Outperformed Nifty by 5.65% in 3 Months,False,5.65,15.65,71733049.64,"Stage 3, Early, weekly_vcp_ok, volume_dryup, weekly_volume_dryup, weekly_strong, flags=Wide Weekly Base;Wider Risk, distribution_or_weakening_risk",292,295.0,Not Sure,watchlist,weekly_watchlist,34.48,3.0,-2.6899999999999977,False,False,False,False,False
MPHASIS.NS,MphasiS Limited,Information Technology Services,Technology,True,F&O,1,Stage 3,Stage 3,Early,0.68,"Prior strength has shifted into a Stage 3 transition based on trend, relative strength, and volume evidence.",,,,,watchlist,weekly_watchlist,watchlist,10.01,38.46,20.33,0.0,10.01,38.46,20.33,Stage 3 Early,20.33,Neutral,Volume Drying Up,Volume Drying Up (0.56x vs 10W Avg),7.43,Outperformed Nifty by 7.43% in 3 Months,False,7.43,6.22,934045502.64,"Stage 3, Early, weekly_vcp_ok, volume_dryup, weekly_volume_dryup, weekly_strong, flags=Wide Risk;Low Liquidity, distribution_or_weakening_risk",420,423.0,Stage 3,watchlist,weekly_watchlist,23.1,3.0,-2.770000000000003,False,False,False,False,False
CERA.NS,Cera Sanitaryware Limited,Building Products & Equipment,Industrials,False,Cash,1,Stage 3,Stage 3,Early,0.68,"Prior strength has shifted into a Stage 3 transition based on trend, relative strength, and volume evidence.",,,2026-09-04,,watchlist,weekly_watchlist,watchlist,3.51,0.0,0.0,0.0,3.51,0.0,0.0,Stage 3 Early,0.0,Weak,Volume Expanding,Volume Normal (1.38x vs 10W Avg),-13.73,Underperformed Nifty by 13.73% in 3 Months,False,-13.73,14.63,40228550.8,"Stage 3, Early, flags=Wide Risk;Low Liquidity, distribution_or_weakening_risk",845,847.0,Failed Stage 2,watchlist,weekly_watchlist,0.0,2.0,0.0,False,False,False,False,False
GILLETTE.NS,Gillette India Limited,Household & Personal Products,Consumer Defensive,False,Cash,1,Stage 4,Stage 4,Stage 4,0.86,Price is below the 30-week trend and below long-term support structure.,,,,,watchlist,weekly_watchlist,watchlist,0.0,0.0,0.0,0.0,0.0,0.0,0.0,Stage 4,0.0,Weak,Volume Normal,Volume Normal (1.03x vs 10W Avg),-3.2,Underperformed Nifty by 3.2% in 3 Months,False,-3.2,-5.49,140294196.65,"Stage 4, Stage 4, flags=Wider Risk;Low Liquidity, downtrend",897,899.0,Stage 4,watchlist,weekly_watchlist,0.0,2.0,0.0,False,False,False,False,False
CESC.NS,CESC Limited,Utilities,Utilities,False,Cash,1,Stage 4,Stage 4,Stage 4,0.86,Price is below the 30-week trend and below long-term support structure.,,,,,watchlist,weekly_watchlist,watchlist,0.0,0.0,0.0,0.0,0.0,0.0,0.0,Stage 4,0.0,Weak,Volume Normal,Volume Normal (0.89x vs 10W Avg),-11.92,Underperformed Nifty by 11.92% in 3 Months,False,-11.92,-5.59,259300712.75,"Stage 4, Stage 4, weekly_volume_dryup, flags=Wide Risk;Low Liquidity, downtrend",898,900.0,Stage 4,watchlist,weekly_watchlist,0.0,2.0,0.0,False,False,False,False,False
APOLLOHOSP.NS,Apollo Hospitals Enterprise Limited,Medical Care Facilities,Healthcare,True,F&O,1,Stage 2,Stage 2,Advancing,0.9,Price is above constructive weekly and long-term trend structure with improving relative strength.,,,2026-09-25,,watchlist,weekly_near_pivot,watchlist,65.05,66.26,62.93,2.0,65.05,66.26,64.93,Stage 2 - Advancing,62.93,Very Strong,Volume Normal,Volume Normal (1.27x vs 10W Avg),7.11,Outperformed Nifty by 7.11% in 3 Months,True,7.11,23.48,2494369523.35,"Stage 2, Advancing, trend_template_ok, weekly_vcp_ok, weekly_strong, flags=Low Liquidity",11,13.0,Stage 2,near_pivot,weekly_near_pivot,65.61,2.0,-0.6799999999999926,False,False,False,False,False
CSBBANK.NS,CSB Bank Limited,Banks - Regional,Financial Services,False,Cash,1,Stage 4,Stage 4,Stage 4,0.86,Price is below the 30-week trend and below long-term support structure.,,,,,watchlist,weekly_watchlist,watchlist,0.8,33.1,4.43,2.0,0.8,33.1,6.43,Stage 4,4.43,Weak,Volume Drying Up,Volume Drying Up (0.43x vs 10W Avg),-2.79,Underperformed Nifty by 2.79% in 3 Months,False,-2.79,-10.02,306639799.99,"Stage 4, Stage 4, weekly_vcp_ok, weekly_volume_dryup, weekly_strong, flags=Wide Weekly Base;Wide Risk;Low Liquidity, downtrend",698,700.0,Stage 4,watchlist,weekly_watchlist,7.7,2.0,-1.2700000000000005,False,False,False,False,False
MHRIL.NS,Mahindra Holidays & Resorts India Limited,Consumer Cyclical,Consumer Cyclical,False,Cash,1,Stage 4,Stage 4,Stage 4,0.86,Price is below the 30-week trend and below long-term support structure.,,,,,watchlist,weekly_watchlist,watchlist,0.0,33.1,4.71,2.0,0.0,33.1,6.71,Stage 4,4.71,Weak,Volume Drying Up,Volume Drying Up (0.69x vs 10W Avg),-12.35,Underperformed Nifty by 12.35% in 3 Months,False,-12.35,-18.34,25050216.64,"Stage 4, Stage 4, weekly_vcp_ok, volume_dryup, weekly_volume_dryup, weekly_strong, flags=Wide Risk;Low Liquidity, downtrend",692,694.0,Stage 4,watchlist,weekly_watchlist,8.09,2.0,-1.38,False,False,False,False,False
TVSSRICHAK.NS,TVS Srichakra Limited,Auto Parts,Consumer Cyclical,False,Cash,1,Stage 2,Stage 2,Advancing,0.8,Price is above constructive weekly and long-term trend structure with improving relative strength.,,,2026-09-25,,watchlist,weekly_forming,watchlist,32.31,61.31,33.32,5.0,32.31,61.31,38.32,Stage 2 - Advancing,33.32,Strong,Volume Drying Up,Volume Drying Up (0.21x vs 10W Avg),9.64,Outperformed Nifty by 9.64% in 3 Months,True,9.64,32.44,63359178.34,"Stage 2, Advancing, trend_template_ok, weekly_vcp_ok, volume_dryup, weekly_volume_dryup, weekly_strong, flags=Loose Structure;Wide Risk;Low Liquidity",209,211.0,Stage 2,watchlist,weekly_breakout,39.89,2.0,-1.5700000000000003,False,False,False,False,False
CENTRALBK.NS,Central Bank of India,Banks - Regional,Financial Services,False,Cash,1,Stage 4,Stage 4,Stage 4,0.66,Price is below weekly structure.,,,,,watchlist,weekly_watchlist,watchlist,5.6,33.1,14.36,2.0,5.6,33.1,16.36,Stage 4,14.36,Weak,Volume Drying Up,Volume Drying Up (0.53x vs 10W Avg),-0.92,Underperformed Nifty by 0.92% in 3 Months,False,-0.92,-4.35,216037820.79,"Stage 4, Stage 4, weekly_vcp_ok, weekly_volume_dryup, weekly_strong, flags=Wide Risk;Low Liquidity, downtrend",481,483.0,Stage 4,watchlist,weekly_watchlist,18.0,2.0,-1.6400000000000006,False,False,False,False,False
3MINDIA.NS,3M India Limited,Conglomerates,Industrials,False,Cash,1,Stage 3,Stage 3,Early,0.68,"Prior strength has shifted into a Stage 3 transition based on trend, relative strength, and volume evidence.",,,2026-08-13,,watchlist,weekly_watchlist,watchlist,0.0,2.53,16.29,0.0,0.0,2.53,16.29,Stage 3 Early,16.29,Strong,Volume Drying Up,Volume Drying Up (0.79x vs 10W Avg),6.49,Outperformed Nifty by 6.49% in 3 Months,False,6.49,14.8,136072536.5,"Stage 3, Early, weekly_volume_dryup, distribution_or_weakening_risk",482,484.0,Not Sure,watchlist,weekly_watchlist,17.95,2.0,-1.6600000000000001,False,False,False,False,False
KSCL.NS,Kaveri Seed Company Limited,Agricultural Inputs,Basic Materials,False,Cash,1,Stage 4,Stage 4,Stage 4,0.86,Price is below the 30-week trend and below long-term support structure.,,,,,watchlist,weekly_watchlist,watchlist,0.0,33.1,10.55,0.0,0.0,33.1,10.55,Stage 4,10.55,Weak,Volume Expanding,Volume Expanding (8.79x vs 10W Avg),-10.72,Underperformed Nifty by 10.72% in 3 Months,False,-10.72,-5.47,1210229009.57,"Stage 4, Stage 4, weekly_vcp_ok, weekly_strong, flags=Wider Risk;Low Liquidity, downtrend",598,600.0,Stage 4,watchlist,weekly_watchlist,12.3,2.0,-1.75,False,False,False,False,False
MAITHANALL.NS,Maithan Alloys Limited,Steel,Basic Materials,False,Cash,1,Failed Stage 2,Stage 3,Failed Stage 2,0.72,"This stock was recently Stage 2, but the latest structure no longer satisfies Stage 2 rules. It is kept as Failed Stage 2 until a fresh base/repair structure forms.",Recent Stage 2 break; public stage held as Failed Stage 2.,2026-09-28,2026-09-14,,watchlist,weekly_watchlist,watchlist,10.58,0.0,0.0,10.0,10.58,0.0,10.0,Failed Stage 2,0.0,Weak,Volume Drying Up,Volume Drying Up (0.81x vs 10W Avg),-1.87,Underperformed Nifty by 1.87% in 3 Months,False,-1.87,7.52,173997246.59,"Stage 3, Early, weekly_volume_dryup, flags=Wide Risk;Low Liquidity, distribution_or_weakening_risk | Stage 2 failed state applied from stage memory.",609,611.0,Failed Stage 2,watchlist,weekly_watchlist,11.77,2.0,-1.7699999999999996,False,False,False,False,False
APARINDS.NS,Apar Industries Limited,Electrical Equipment & Parts,Industrials,False,Cash,1,Stage 2,Stage 2,Advancing,0.9,Price is above constructive weekly and long-term trend structure with improving relative strength.,,,2026-09-25,,watchlist,weekly_watchlist,watchlist,57.09,31.0,37.45,10.0,57.09,31.0,47.45,Stage 2 - Advancing,37.45,Very Strong,Volume Drying Up,Volume Drying Up (0.82x vs 10W Avg),19.82,Outperformed Nifty by 19.82% in 3 Months,True,19.82,78.45,2208179830.59,"Stage 2, Advancing, trend_template_ok, weekly_volume_dryup, flags=Loose Structure;Wide Risk;Low Liquidity",96,98.0,Stage 2,watchlist,weekly_watchlist,49.27,2.0,-1.8200000000000003,False,False,False,False,False
BALKRISIND.NS,Balkrishna Industries Limited,Auto Parts,Consumer Cyclical,False,Cash,1,Stage 1,Stage 1,Stage 1,0.64,Price is building a base around long-term weekly structure without a confirmed advancing phase.,,,,,watchlist,weekly_watchlist,watchlist,0.0,36.19,14.89,5.0,0.0,36.19,19.89,Stage 1,14.89,Neutral,Volume Drying Up,Volume Drying Up (0.15x vs 10W Avg),2.02,Outperformed Nifty by 2.02% in 3 Months,False,2.02,3.84,576763547.38,"Stage 1, Stage 1, weekly_vcp_ok, volume_dryup, weekly_volume_dryup, weekly_strong, flags=Wide Risk;Low Liquidity, stage1_not_actionable, stage1_needs_more_base",426,428.0,Stage 1,watchlist,weekly_watchlist,22.62,2.0,-2.7300000000000004,False,False,False,False,False
HAL.NS,Hindustan Aeronautics Limited,Aerospace & Defense,Industrials,True,F&O,1,Stage 2,Stage 2,Advancing,0.8,Price is above constructive weekly and long-term trend structure with improving relative strength.,,,2026-09-25,,watchlist,weekly_near_pivot,watchlist,51.98,68.32,52.37,10.0,51.98,68.32,62.37,Stage 2 - Advancing,52.37,Very Strong,Volume Drying Up,Volume Drying Up (0.58x vs 10W Avg),12.18,Outperformed Nifty by 12.18% in 3 Months,True,12.18,31.02,3747766702.17,"Stage 2, Advancing, trend_template_ok, weekly_vcp_ok, volume_dryup, weekly_volume_dryup, weekly_strong, flags=Wider Risk;Low Liquidity",13,15.0,Stage 2,watchlist,weekly_near_pivot,65.37,2.0,-3.000000000000007,False,False,False,False,False
SHARDAMOTR.NS,Sharda Motor Industries Limited,Auto Parts,Consumer Cyclical,False,Cash,1,Stage 2,Stage 2,Advancing,0.8,Price is above constructive weekly and long-term trend structure with improving relative strength.,,,2026-09-25,,watchlist,weekly_near_pivot,watchlist,63.76,72.66,69.36,5.0,63.76,72.66,74.36,Stage 2 - Advancing,69.36,Very Strong,Volume Normal,Volume Normal (1.18x vs 10W Avg),14.19,Outperformed Nifty by 14.19% in 3 Months,True,14.19,32.36,71974801.29,"Stage 2, Advancing, trend_template_ok, weekly_vcp_ok, weekly_strong, flags=Wider Risk",2,3.0,Stage 2,watchlist,weekly_breakout,71.02,1.0,3.3400000000000034,False,False,False,False,False
RVNL.NS,Rail Vikas Nigam Limited,Engineering & Construction,Industrials,True,F&O,1,Stage 4,Stage 4,Stage 4,0.86,Price is below the 30-week trend and below long-term support structure.,,,,,watchlist,weekly_watchlist,watchlist,0.0,30.2,0.0,0.0,0.0,30.2,0.0,Stage 4,0.0,Weak,Volume Drying Up,Volume Drying Up (0.67x vs 10W Avg),-9.03,Underperformed Nifty by 9.03% in 3 Months,False,-9.03,-19.72,912417512.49,"Stage 4, Stage 4, weekly_vcp_ok, weekly_volume_dryup, weekly_strong, flags=Wide Weekly Base;Wide Risk;Low Liquidity, downtrend",860,861.0,Stage 4,watchlist,weekly_watchlist,0.0,1.0,0.0,False,False,False,False,False
CROMPTON.NS,Crompton Greaves Consumer Electricals Limited,"Furnishings, Fixtures & Appliances",Consumer Cyclical,True,F&O,1,Stage 4,Stage 4,Stage 4,0.86,Price is below the 30-week trend and below long-term support structure.,,,,,watchlist,weekly_watchlist,watchlist,0.0,0.0,0.0,0.0,0.0,0.0,0.0,Stage 4,0.0,Weak,Volume Drying Up,Volume Drying Up (0.62x vs 10W Avg),-14.12,Underperformed Nifty by 14.12% in 3 Months,False,-14.12,-2.26,515384015.56,"Stage 4, Stage 4, volume_dryup, weekly_volume_dryup, flags=Wide Risk;Low Liquidity, downtrend",900,901.0,Stage 4,watchlist,weekly_watchlist,0.0,1.0,0.0,False,False,False,False,False
SANATHAN.NS,Sanathan Textiles Limited,Textile Manufacturing,Consumer Cyclical,False,Cash,1,Stage 2,Stage 2,Advancing,0.9,Price is above constructive weekly and long-term trend structure with improving relative strength.,,,2026-09-25,,watchlist,weekly_breakout,watchlist,38.62,73.36,60.1,10.0,38.62,73.36,70.1,Stage 2 - Advancing,60.1,Very Strong,Volume Expanding,Volume Expanding (2.93x vs 10W Avg),21.62,Outperformed Nifty by 21.62% in 3 Months,True,21.62,43.03,85957769.9,"Stage 2, Advancing, trend_template_ok, weekly_vcp_ok, weekly_strong",4,5.0,Stage 2,watchlist,weekly_breakout,70.13,1.0,-0.030000000000001137,False,False,False,False,False
HNDFDS.NS,Hindustan Foods Limited,Conglomerates,Industrials,False,Cash,1,Stage 2,Stage 2,Advancing,0.8,Price is above constructive weekly and long-term trend structure with improving relative strength.,,,2026-09-25,,watchlist,weekly_forming,watchlist,37.92,62.57,53.01,0.0,37.92,62.57,53.01,Stage 2 - Advancing,53.01,Very Strong,Volume Drying Up,Volume Drying Up (0.41x vs 10W Avg),12.47,Outperformed Nifty by 12.47% in 3 Months,True,12.47,24.19,53716876.54,"Stage 2, Advancing, trend_template_ok, weekly_vcp_ok, volume_dryup, weekly_volume_dryup, weekly_strong, flags=Wider Risk",57,58.0,Stage 2,watchlist,weekly_forming,53.79,1.0,-0.7800000000000011,False,False,False,False,False
JKPAPER.NS,JK Paper Limited,Basic Materials,Basic Materials,False,Cash,1,Stage 2,Stage 2,Advancing,0.9,Price is above constructive weekly and long-term trend structure with improving relative strength.,,,2026-09-25,,watchlist,weekly_near_pivot,watchlist,59.07,69.49,57.91,0.0,59.07,69.49,57.91,Stage 2 - Advancing,57.91,Very Strong,Volume Drying Up,Volume Drying Up (0.29x vs 10W Avg),20.72,Outperformed Nifty by 20.72% in 3 Months,True,20.72,23.19,260635187.31,"Stage 2, Advancing, trend_template_ok, weekly_vcp_ok, volume_dryup, weekly_volume_dryup, weekly_strong, flags=Wider Risk;Low Liquidity",27,28.0,Stage 2,watchlist,weekly_near_pivot,58.88,1.0,-0.970000000000006,False,False,False,False,False
KSL.NS,Kalyani Steels Limited,Steel,Basic Materials,False,Cash,1,Stage 2,Stage 2,Advancing,0.9,Price is above constructive weekly and long-term trend structure with improving relative strength.,,,2026-09-25,,watchlist,weekly_near_pivot,watchlist,35.98,71.05,48.15,10.0,35.98,71.05,58.15,Stage 2 - Advancing,48.15,Very Strong,Volume Expanding,Volume Expanding (2.06x vs 10W Avg),14.32,Outperformed Nifty by 14.32% in 3 Months,True,14.32,56.17,159715005.69,"Stage 2, Advancing, trend_template_ok, weekly_vcp_ok, weekly_strong, flags=Wider Risk;Low Liquidity",25,26.0,Stage 2,watchlist,weekly_near_pivot,59.33,1.0,-1.1799999999999997,False,False,False,False,False
ASHOKLEY.NS,Ashok Leyland Limited,Farm & Heavy Construction Machinery,Industrials,True,F&O,1,Stage 4,Stage 4,Stage 4,0.86,Price is below the 30-week trend and below long-term support structure.,,,2026-08-13,,watchlist,weekly_watchlist,watchlist,0.23,33.89,10.72,2.0,0.23,33.89,12.72,Stage 4,10.72,Neutral,Volume Drying Up,Volume Drying Up (0.59x vs 10W Avg),-0.67,Underperformed Nifty by 0.67% in 3 Months,False,-0.67,8.61,1822057270.26,"Stage 4, Stage 4, weekly_vcp_ok, volume_dryup, weekly_volume_dryup, weekly_strong, flags=Wide Risk;Low Liquidity, downtrend",559,560.0,Stage 4,watchlist,weekly_watchlist,14.05,1.0,-1.33,False,False,False,False,False
JKTYRE.NS,JK Tyre & Industries Limited,Auto Parts,Consumer Cyclical,False,Cash,1,Stage 4,Stage 4,Stage 4,0.86,Price is below the 30-week trend and below long-term support structure.,,,,,watchlist,weekly_watchlist,watchlist,6.42,33.1,6.53,5.0,6.42,33.1,11.53,Stage 4,6.53,Weak,Volume Drying Up,Volume Normal (0.90x vs 10W Avg),-12.97,Underperformed Nifty by 12.97% in 3 Months,False,-12.97,-10.02,145828894.11,"Stage 4, Stage 4, weekly_vcp_ok, volume_dryup, weekly_strong, flags=Wide Weekly Base;Wide Risk;Low Liquidity, downtrend",582,583.0,Stage 4,watchlist,weekly_watchlist,12.99,1.0,-1.4600000000000009,False,False,False,False,False
FMGOETZE.NS,Federal-Mogul Goetze (India) Limited.,Auto Parts,Consumer Cyclical,False,Cash,1,Stage 2,Stage 2,Advancing,0.9,Price is above constructive weekly and long-term trend structure with improving relative strength.,,,2026-09-25,,watchlist,weekly_forming,watchlist,33.96,62.66,36.36,5.0,33.96,62.66,41.36,Stage 2 - Advancing,36.36,Very Strong,Volume Drying Up,Volume Drying Up (0.13x vs 10W Avg),23.83,Outperformed Nifty by 23.83% in 3 Months,True,23.83,31.78,294448007.25,"Stage 2, Advancing, trend_template_ok, weekly_vcp_ok, volume_dryup, weekly_volume_dryup, weekly_strong, flags=Loose Structure;Wide Risk;Low Liquidity",167,168.0,Stage 2,watchlist,weekly_breakout,43.37,1.0,-2.009999999999998,False,False,False,False,False
APLLTD.NS,Alembic Pharmaceuticals Limited,Drug Manufacturers - Specialty & Generic,Healthcare,False,Cash,1,Stage 2,Stage 2,Advancing,0.8,Price is above constructive weekly and long-term trend structure with improving relative strength.,,,2026-09-25,,watchlist,weekly_breakout,watchlist,66.67,61.65,59.35,10.0,66.67,61.65,69.35,Stage 2 - Advancing,59.35,Very Strong,Volume Expanding,Volume Expanding (1.59x vs 10W Avg),11.06,Outperformed Nifty by 11.06% in 3 Months,True,11.06,34.39,167564148.62,"Stage 2, Advancing, trend_template_ok, weekly_vcp_ok, weekly_strong, flags=Low Liquidity",6,6.0,Stage 2,watchlist,weekly_breakout,69.85,0.0,-0.5,False,False,False,False,False
AUROPHARMA.NS,Aurobindo Pharma Limited,Drug Manufacturers - Specialty & Generic,Healthcare,True,F&O,1,Stage 2,Stage 2,Advancing,0.9,Price is above constructive weekly and long-term trend structure with improving relative strength.,,,2026-09-25,,forming_vcp,weekly_near_pivot,building_setup,53.29,65.14,57.01,10.0,53.29,65.14,67.01,Stage 2 - Advancing,57.01,Very Strong,Volume Normal,Volume Normal (0.88x vs 10W Avg),13.85,Outperformed Nifty by 13.85% in 3 Months,True,13.85,29.54,1195378549.32,"Stage 2, Advancing, trend_template_ok, daily_vcp_ok, weekly_vcp_ok, weekly_volume_dryup, weekly_strong, flags=Low Liquidity",7,7.0,Stage 2,forming_vcp,weekly_near_pivot,68.01,0.0,-1.0,False,False,False,False,False
FINCABLES.NS,Finolex Cables Limited,Electrical Equipment & Parts,Industrials,False,Cash,1,Stage 2,Stage 2,Advancing,0.9,Price is above constructive weekly and long-term trend structure with improving relative strength.,,,2026-09-25,,watchlist,weekly_watchlist,watchlist,37.92,35.8,27.7,10.0,37.92,35.8,37.7,Stage 2 - Advancing,27.7,Very Strong,Volume Drying Up,Volume Drying Up (0.58x vs 10W Avg),30.63,Outperformed Nifty by 30.63% in 3 Months,True,30.63,80.05,1690000771.36,"Stage 2, Advancing, trend_template_ok, volume_dryup, weekly_volume_dryup, flags=Loose Structure;Wide Risk;Low Liquidity",217,217.0,Stage 2,watchlist,weekly_watchlist,39.65,0.0,-1.9499999999999957,False,False,False,False,False
GODREJPROP.NS,Godrej Properties Limited,Real Estate,Real Estate,True,F&O,1,Failed Stage 2,Stage 4,Failed Stage 2,0.72,"This stock was recently Stage 2, but the latest structure no longer satisfies Stage 2 rules. It is kept as Failed Stage 2 until a fresh base/repair structure forms.",Recent Stage 2 break; public stage held as Failed Stage 2.,2026-09-28,2026-09-10,,watchlist,weekly_watchlist,watchlist,0.0,33.48,5.65,2.0,0.0,33.48,7.65,Failed Stage 2,5.65,Weak,Volume Drying Up,Volume Drying Up (0.60x vs 10W Avg),-9.67,Underperformed Nifty by 9.67% in 3 Months,False,-9.67,13.5,1197861702.45,"Stage 4, Stage 4, weekly_vcp_ok, volume_dryup, weekly_volume_dryup, weekly_strong, flags=Wide Risk;Low Liquidity, downtrend | Stage 2 failed state applied from stage memory.",673,673.0,Failed Stage 2,watchlist,weekly_watchlist,9.6,0.0,-1.9499999999999993,False,False,False,False,False
IOLCP.NS,IOL Chemicals and Pharmaceuticals Limited,Drug Manufacturers - Specialty & Generic,Healthcare,False,Cash,1,Stage 2,Stage 2,Extended,0.78,"Weekly advancing structure remains intact, but price is stretched versus key moving averages.",,,2026-09-25,,watchlist,weekly_forming,watchlist,33.47,64.0,34.83,10.0,33.47,64.0,44.83,Stage 2 - Extended,34.83,Very Strong,Volume Drying Up,Volume Drying Up (0.69x vs 10W Avg),35.7,Outperformed Nifty by 35.7% in 3 Months,True,35.7,156.22,849006841.18,"Stage 2, Extended, trend_template_ok, weekly_vcp_ok, weekly_volume_dryup, weekly_strong, flags=Loose Structure;Extended;Wide Risk;Low Liquidity",116,116.0,Stage 2,watchlist,weekly_breakout,46.89,0.0,-2.0600000000000023,False,False,False,False,False
EMCURE.NS,Emcure Pharmaceuticals Limited,Drug Manufacturers - Specialty & Generic,Healthcare,False,Cash,1,Stage 2,Stage 2,Advancing,0.9,Price is above constructive weekly and long-term trend structure with improving relative strength.,,,2026-09-25,,watchlist,weekly_watchlist,watchlist,37.4,26.82,32.67,10.0,37.4,26.82,42.67,Stage 2 - Advancing,32.67,Strong,Volume Drying Up,Volume Drying Up (0.23x vs 10W Avg),9.15,Outperformed Nifty by 9.15% in 3 Months,True,9.15,27.07,390620120.99,"Stage 2, Advancing, trend_template_ok, weekly_volume_dryup, flags=Wider Risk;Low Liquidity",151,151.0,Stage 2,watchlist,weekly_watchlist,44.85,0.0,-2.1799999999999997,False,False,False,False,False
PITTIENG.NS,Pitti Engineering Limited,Metal Fabrication,Industrials,False,Cash,1,Stage 2,Stage 2,Advancing,0.9,Price is above constructive weekly and long-term trend structure with improving relative strength.,,,2026-09-25,,watchlist,weekly_breakout,watchlist,38.94,65.8,55.05,10.0,38.94,65.8,65.05,Stage 2 - Advancing,55.05,Very Strong,Volume Drying Up,Volume Drying Up (0.63x vs 10W Avg),24.6,Outperformed Nifty by 24.6% in 3 Months,True,24.6,67.77,216391462.2,"Stage 2, Advancing, trend_template_ok, weekly_vcp_ok, volume_dryup, weekly_volume_dryup, weekly_strong, flags=Wide Risk",10,10.0,Stage 2,watchlist,weekly_breakout,67.27,0.0,-2.219999999999999,False,False,False,False,False
ETHOSLTD.NS,Ethos Limited,Luxury Goods,Consumer Cyclical,False,Cash,1,Failed Stage 2,Stage 1,Failed Stage 2,0.72,"This stock was recently Stage 2, but the latest structure no longer satisfies Stage 2 rules. It is kept as Failed Stage 2 until a fresh base/repair structure forms.",Recent Stage 2 break; public stage held as Failed Stage 2.,2026-09-28,2026-09-24,,watchlist,weekly_watchlist,watchlist,0.0,44.28,21.1,10.0,0.0,44.28,31.1,Failed Stage 2,21.1,Strong,Volume Drying Up,Volume Drying Up (0.63x vs 10W Avg),7.18,Outperformed Nifty by 7.18% in 3 Months,False,7.18,17.6,111197121.68,"Stage 1, Stage 1, weekly_vcp_ok, volume_dryup, weekly_volume_dryup, weekly_strong, flags=Wide Weekly Base;Wide Risk, stage1_not_actionable, stage1_needs_more_base | Stage 2 failed state applied from stage memory.",305,305.0,Failed Stage 2,watchlist,weekly_watchlist,33.32,0.0,-2.219999999999999,False,False,False,False,False
ENTERO.NS,Entero Healthcare Solutions Limited,Healthcare,Healthcare,False,Cash,1,Stage 2,Stage 2,Advancing,0.9,Price is above constructive weekly and long-term trend structure with improving relative strength.,,,2026-09-25,,watchlist,weekly_breakout,watchlist,39.0,66.9,53.71,2.0,39.0,66.9,55.71,Stage 2 - Advancing,53.71,Very Strong,Volume Drying Up,Volume Drying Up (0.65x vs 10W Avg),55.6,Outperformed Nifty by 55.6% in 3 Months,True,55.6,45.72,454013328.07,"Stage 2, Advancing, trend_template_ok, weekly_vcp_ok, weekly_volume_dryup, weekly_strong, flags=Loose Structure",35,35.0,Stage 2,watchlist,weekly_breakout,57.95,0.0,-2.240000000000002,False,False,False,False,False
BOSCHLTD.NS,Bosch Limited,Auto Parts,Consumer Cyclical,True,F&O,1,Stage 2,Stage 2,Advancing,0.9,Price is above constructive weekly and long-term trend structure with improving relative strength.,,,2026-09-25,,forming_vcp,weekly_near_pivot,building_setup,62.45,73.8,70.85,5.0,62.45,73.8,75.85,Stage 2 - Advancing,70.85,Very Strong,Volume Drying Up,Volume Drying Up (0.44x vs 10W Avg),21.15,Outperformed Nifty by 21.15% in 3 Months,True,21.15,66.91,1379238565.25,"Stage 2, Advancing, trend_template_ok, daily_vcp_ok, weekly_vcp_ok, volume_dryup, weekly_volume_dryup, weekly_strong",1,1.0,Stage 2,forming_vcp,weekly_near_pivot,78.46,0.0,-2.6099999999999994,False,False,False,False,False
NIVABUPA.NS,Niva Bupa Health Insurance Company Limited,Insurance - Life,Financial Services,False,Cash,1,Stage 3,Stage 3,Early,0.68,"Prior strength has shifted into a Stage 3 transition based on trend, relative strength, and volume evidence.",,,2026-08-10,,watchlist,weekly_watchlist,watchlist,0.0,0.0,0.0,0.0,0.0,0.0,0.0,Stage 3 Early,0.0,Weak,Volume Normal,Volume Normal (0.90x vs 10W Avg),-7.12,Underperformed Nifty by 7.12% in 3 Months,False,-7.12,6.92,59594329.42,"Stage 3, Early, weekly_volume_dryup, flags=Wider Risk;Low Liquidity, distribution_or_weakening_risk",903,902.0,Stage 3,watchlist,weekly_watchlist,0.0,-1.0,0.0,False,False,False,False,False
CCL.NS,CCL Products (India) Limited,Packaged Foods,Consumer Defensive,False,Cash,1,Failed Stage 2,Stage 4,Failed Stage 2,0.72,"This stock was recently Stage 2, but the latest structure no longer satisfies Stage 2 rules. It is kept as Failed Stage 2 until a fresh base/repair structure forms.",Recent Stage 2 break; public stage held as Failed Stage 2.,2026-09-28,2026-09-09,,watchlist,weekly_watchlist,watchlist,0.0,0.0,0.0,0.0,0.0,0.0,0.0,Failed Stage 2,0.0,Weak,Volume Normal,Volume Normal (1.12x vs 10W Avg),-7.7,Underperformed Nifty by 7.7% in 3 Months,False,-7.7,-3.1,145827767.28,"Stage 4, Stage 4, flags=Wide Risk;Low Liquidity, downtrend | Stage 2 failed state applied from stage memory.",904,903.0,Failed Stage 2,watchlist,weekly_watchlist,0.0,-1.0,0.0,False,False,False,False,False
EIDPARRY.NS,EID Parry India Limited,Agricultural Inputs,Basic Materials,False,Cash,1,Stage 4,Stage 4,Stage 4,0.86,Price is below the 30-week trend and below long-term support structure.,,,,,watchlist,weekly_watchlist,watchlist,0.0,0.0,0.0,0.0,0.0,0.0,0.0,Stage 4,0.0,Weak,Volume Drying Up,Volume Drying Up (0.47x vs 10W Avg),1.19,Outperformed Nifty by 1.19% in 3 Months,False,1.19,-10.97,240978123.88,"Stage 4, Stage 4, volume_dryup, weekly_volume_dryup, flags=Wide Risk;Low Liquidity, downtrend",905,904.0,Stage 4,watchlist,weekly_watchlist,0.0,-1.0,0.0,False,False,False,False,False
AFCONS.NS,Afcons Infrastructure Limited,Engineering & Construction,Industrials,False,Cash,1,Stage 4,Stage 4,Stage 4,0.86,Price is below the 30-week trend and below long-term support structure.,,,,,watchlist,weekly_watchlist,watchlist,0.0,0.0,0.0,0.0,0.0,0.0,0.0,Stage 4,0.0,Weak,Volume Drying Up,Volume Drying Up (0.46x vs 10W Avg),-14.3,Underperformed Nifty by 14.3% in 3 Months,False,-14.3,-8.42,762401105.63,"Stage 4, Stage 4, weekly_volume_dryup, flags=Wide Risk;Low Liquidity, downtrend",906,905.0,Stage 4,watchlist,weekly_watchlist,0.0,-1.0,0.0,False,False,False,False,False
MMTC.NS,MMTC Limited,Conglomerates,Industrials,False,Cash,1,Stage 4,Stage 4,Stage 4,0.66,Price is below weekly structure.,,,2026-08-21,,watchlist,weekly_watchlist,watchlist,0.0,0.0,0.0,0.0,0.0,0.0,0.0,Stage 4,0.0,Weak,Volume Drying Up,Volume Drying Up (0.51x vs 10W Avg),-11.65,Underperformed Nifty by 11.65% in 3 Months,False,-11.65,4.14,81782689.19,"Stage 4, Stage 4, volume_dryup, weekly_volume_dryup, flags=Wide Risk;Low Liquidity, downtrend",909,908.0,Stage 4,watchlist,weekly_watchlist,0.0,-1.0,0.0,False,False,False,False,False
NACLIND.NS,NACL Industries Limited,Agricultural Inputs,Basic Materials,False,Cash,1,Stage 4,Stage 4,Stage 4,0.86,Price is below the 30-week trend and below long-term support structure.,,,,,watchlist,weekly_watchlist,watchlist,0.0,0.0,0.0,0.0,0.0,0.0,0.0,Stage 4,0.0,Weak,Volume Normal,Volume Normal (1.02x vs 10W Avg),-31.31,Underperformed Nifty by 31.31% in 3 Months,False,-31.31,1.09,73401899.32,"Stage 4, Stage 4, flags=Wide Base;Loose Structure;Wide Risk;Low Liquidity, downtrend",921,920.0,Stage 4,watchlist,weekly_watchlist,0.0,-1.0,0.0,False,False,False,False,False
NFL.NS,National Fertilizers Limited,Agricultural Inputs,Basic Materials,False,Cash,1,Stage 4,Stage 4,Stage 4,0.86,Price is below the 30-week trend and below long-term support structure.,,,,,watchlist,weekly_watchlist,watchlist,0.0,0.0,0.0,0.0,0.0,0.0,0.0,Stage 4,0.0,Weak,Volume Drying Up,Volume Drying Up (0.73x vs 10W Avg),-6.24,Underperformed Nifty by 6.24% in 3 Months,False,-6.24,-1.49,29915369.26,"Stage 4, Stage 4, volume_dryup, weekly_volume_dryup, flags=Wide Risk;Low Liquidity, downtrend",922,921.0,Stage 4,watchlist,weekly_watchlist,0.0,-1.0,0.0,False,False,False,False,False
INDOTHAI.NS,Indo Thai Securities Limited,Capital Markets,Financial Services,False,Cash,1,Stage 4,Stage 4,Stage 4,0.86,Price is below the 30-week trend and below long-term support structure.,,,,,watchlist,weekly_watchlist,watchlist,0.0,0.0,0.0,0.0,0.0,0.0,0.0,Stage 4,0.0,Weak,Volume Drying Up,Volume Drying Up (0.63x vs 10W Avg),-82.63,Underperformed Nifty by 82.63% in 3 Months,False,-82.63,-87.42,123677283.68,"Stage 4, Stage 4, volume_dryup, weekly_volume_dryup, flags=Wide Base;Loose Structure;Wide Risk;Circuit Risk;Low Liquidity, downtrend",923,922.0,Stage 4,watchlist,weekly_watchlist,0.0,-1.0,0.0,False,False,False,False,False
KNRCON.NS,KNR Constructions Limited,Engineering & Construction,Industrials,False,Cash,1,Stage 4,Stage 4,Stage 4,0.86,Price is below the 30-week trend and below long-term support structure.,,,,,watchlist,weekly_watchlist,watchlist,0.0,0.0,0.0,0.0,0.0,0.0,0.0,Stage 4,0.0,Weak,Volume Drying Up,Volume Drying Up (0.62x vs 10W Avg),-5.87,Underperformed Nifty by 5.87% in 3 Months,False,-5.87,-0.6,196757822.35,"Stage 4, Stage 4, weekly_volume_dryup, flags=Wide Risk;Low Liquidity, downtrend",924,923.0,Stage 4,watchlist,weekly_watchlist,0.0,-1.0,0.0,False,False,False,False,False
FLAIR.NS,Flair Writing Industries Limited,Industrials,Industrials,False,Cash,1,Stage 4,Stage 4,Stage 4,0.86,Price is below the 30-week trend and below long-term support structure.,,,,,watchlist,weekly_watchlist,watchlist,0.0,0.0,0.0,0.0,0.0,0.0,0.0,Stage 4,0.0,Weak,Volume Drying Up,Volume Drying Up (0.78x vs 10W Avg),-6.85,Underperformed Nifty by 6.85% in 3 Months,False,-6.85,-18.17,24302639.4,"Stage 4, Stage 4, volume_dryup, weekly_volume_dryup, flags=Wider Risk;Low Liquidity, downtrend",925,924.0,Stage 4,watchlist,weekly_watchlist,0.0,-1.0,0.0,False,False,False,False,False
RAMKY.NS,Ramky Infrastructure Limited,Engineering & Construction,Industrials,False,Cash,1,Stage 4,Stage 4,Stage 4,0.86,Price is below the 30-week trend and below long-term support structure.,,,,,watchlist,weekly_watchlist,watchlist,0.0,0.0,0.0,0.0,0.0,0.0,0.0,Stage 4,0.0,Weak,Volume Normal,Volume Normal (1.08x vs 10W Avg),-19.48,Underperformed Nifty by 19.48% in 3 Months,False,-19.48,-30.42,12340130.66,"Stage 4, Stage 4, flags=Loose Structure;Wide Risk;Low Liquidity, downtrend",926,925.0,Stage 4,watchlist,weekly_watchlist,0.0,-1.0,0.0,False,False,False,False,False
BHAGCHEM.NS,Bhagiradha Chemicals & Industries Limited,Agricultural Inputs,Basic Materials,False,Cash,1,Failed Stage 2,Stage 3,Failed Stage 2,0.72,"This stock was recently Stage 2, but the latest structure no longer satisfies Stage 2 rules. It is kept as Failed Stage 2 until a fresh base/repair structure forms.",Recent Stage 2 break; public stage held as Failed Stage 2.,2026-09-28,2026-09-09,,watchlist,weekly_watchlist,watchlist,0.0,0.0,0.0,0.0,0.0,0.0,0.0,Failed Stage 2,0.0,Weak,Volume Drying Up,Volume Drying Up (0.75x vs 10W Avg),-11.33,Underperformed Nifty by 11.33% in 3 Months,False,-11.33,42.95,18437698.23,"Stage 3, Early, volume_dryup, weekly_volume_dryup, flags=Wide Risk;Low Liquidity, distribution_or_weakening_risk | Stage 2 failed state applied from stage memory.",927,926.0,Failed Stage 2,watchlist,weekly_watchlist,0.0,-1.0,0.0,False,False,False,False,False
PSPPROJECT.NS,PSP Projects Limited,Engineering & Construction,Industrials,False,Cash,1,Stage 4,Stage 4,Stage 4,0.86,Price is below the 30-week trend and below long-term support structure.,,,2026-09-01,,watchlist,weekly_watchlist,watchlist,0.0,0.0,0.0,0.0,0.0,0.0,0.0,Stage 4,0.0,Weak,Volume Normal,Volume Normal (1.09x vs 10W Avg),-19.58,Underperformed Nifty by 19.58% in 3 Months,False,-19.58,27.54,43519789.39,"Stage 4, Stage 4, flags=Loose Structure;Wide Risk;Low Liquidity, downtrend",928,927.0,Stage 4,watchlist,weekly_watchlist,0.0,-1.0,0.0,False,False,False,False,False
KPEL.NS,K.P. Energy Limited,Engineering & Construction,Industrials,False,Cash,1,Stage 4,Stage 4,Stage 4,0.86,Price is below the 30-week trend and below long-term support structure.,,,,,watchlist,weekly_watchlist,watchlist,0.0,0.0,0.0,0.0,0.0,0.0,0.0,Stage 4,0.0,Weak,Volume Normal,Volume Normal (0.96x vs 10W Avg),-30.47,Underperformed Nifty by 30.47% in 3 Months,False,-30.47,-19.14,76610242.35,"Stage 4, Stage 4, flags=Wide Base;Loose Structure;Wide Risk;Low Liquidity, downtrend",929,928.0,Stage 4,watchlist,weekly_watchlist,0.0,-1.0,0.0,False,False,False,False,False
NITCO.NS,Nitco Limited,Building Products & Equipment,Industrials,False,Cash,1,Failed Stage 2,Stage 4,Failed Stage 2,0.72,"This stock was recently Stage 2, but the latest structure no longer satisfies Stage 2 rules. It is kept as Failed Stage 2 until a fresh base/repair structure forms.",Recent Stage 2 break; public stage held as Failed Stage 2.,2026-09-28,2026-09-10,,watchlist,weekly_watchlist,watchlist,0.0,0.0,0.0,0.0,0.0,0.0,0.0,Failed Stage 2,0.0,Weak,Volume Drying Up,Volume Drying Up (0.49x vs 10W Avg),-22.77,Underperformed Nifty by 22.77% in 3 Months,False,-22.77,1.31,43751862.26,"Stage 4, Stage 4, volume_dryup, weekly_volume_dryup, flags=Loose Structure;Wide Risk;Low Liquidity, downtrend | Stage 2 failed state applied from stage memory.",930,929.0,Failed Stage 2,watchlist,weekly_watchlist,0.0,-1.0,0.0,False,False,False,False,False
GRAPHITE.NS,Graphite India Limited,Electrical Equipment & Parts,Industrials,False,Cash,1,Stage 2,Stage 2,Advancing,0.9,Price is above constructive weekly and long-term trend structure with improving relative strength.,,,2026-09-25,,watchlist,weekly_watchlist,watchlist,59.44,32.67,37.69,10.0,59.44,32.67,47.69,Stage 2 - Advancing,37.69,Very Strong,Volume Drying Up,Volume Drying Up (0.58x vs 10W Avg),33.74,Outperformed Nifty by 33.74% in 3 Months,True,33.74,28.92,3314744114.62,"Stage 2, Advancing, trend_template_ok, volume_dryup, weekly_volume_dryup, flags=Loose Structure;Wide Risk;Low Liquidity",95,94.0,Stage 2,watchlist,weekly_watchlist,49.49,-1.0,-1.8000000000000043,False,False,False,False,False
SBILIFE.NS,SBI Life Insurance Company Limited,Insurance - Life,Financial Services,True,F&O,1,Stage 4,Stage 4,Stage 4,0.66,Price is below weekly structure.,,,,,watchlist,weekly_watchlist,watchlist,0.0,32.16,13.8,0.0,0.0,32.16,13.8,Stage 4,13.8,Neutral,Volume Normal,Volume Normal (1.46x vs 10W Avg),1.95,Outperformed Nifty by 1.95% in 3 Months,False,1.95,-0.33,1694184723.58,"Stage 4, Stage 4, weekly_vcp_ok, weekly_strong, flags=Wider Risk;Low Liquidity, downtrend",535,534.0,Stage 4,watchlist,weekly_watchlist,15.61,-1.0,-1.8099999999999987,False,False,False,False,False
NOCIL.NS,NOCIL Limited,Specialty Chemicals,Basic Materials,False,Cash,1,Stage 2,Stage 2,Advancing,0.9,Price is above constructive weekly and long-term trend structure with improving relative strength.,,,2026-09-25,,watchlist,weekly_watchlist,watchlist,43.86,26.91,33.91,5.0,43.86,26.91,38.91,Stage 2 - Advancing,33.91,Strong,Volume Expanding,Volume Expanding (2.24x vs 10W Avg),3.79,Outperformed Nifty by 3.79% in 3 Months,True,3.79,9.33,419312153.42,"Stage 2, Advancing, trend_template_ok, flags=Wide Risk;Low Liquidity",202,201.0,Stage 2,watchlist,weekly_watchlist,41.08,-1.0,-2.1700000000000017,False,False,False,False,False
TIIL.NS,Technocraft Industries (India) Limited,Tools & Accessories,Industrials,False,Cash,1,Stage 2,Stage 2,Advancing,0.8,Price is above constructive weekly and long-term trend structure with improving relative strength.,,,2026-09-25,,watchlist,weekly_forming,watchlist,32.6,62.57,34.52,2.0,32.6,62.57,36.52,Stage 2 - Advancing,34.52,Very Strong,Volume Drying Up,Volume Drying Up (0.69x vs 10W Avg),21.48,Outperformed Nifty by 21.48% in 3 Months,True,21.48,33.27,103102465.62,"Stage 2, Advancing, trend_template_ok, weekly_vcp_ok, volume_dryup, weekly_volume_dryup, weekly_strong, flags=Loose Structure;Wide Risk;Low Liquidity",231,230.0,Stage 2,watchlist,weekly_breakout,38.89,-1.0,-2.3699999999999974,False,False,False,False,False
AAVAS.NS,Aavas Financiers Limited,Mortgage Finance,Financial Services,False,Cash,1,Stage 4,Stage 4,Stage 4,0.86,Price is below the 30-week trend and below long-term support structure.,,,,,watchlist,weekly_watchlist,watchlist,0.0,0.0,0.0,0.0,0.0,0.0,0.0,Stage 4,0.0,Weak,Volume Drying Up,Volume Drying Up (0.83x vs 10W Avg),-9.62,Underperformed Nifty by 9.62% in 3 Months,False,-9.62,14.89,122916896.24,"Stage 4, Stage 4, volume_dryup, weekly_volume_dryup, flags=Wide Risk;Low Liquidity, downtrend",908,906.0,Stage 4,watchlist,weekly_watchlist,0.0,-2.0,0.0,False,False,False,False,False
TRIVENI.NS,Triveni Engineering & Industries Limited,Consumer Defensive,Consumer Defensive,False,Cash,1,Stage 4,Stage 4,Stage 4,0.86,Price is below the 30-week trend and below long-term support structure.,,,2026-07-21,,watchlist,weekly_watchlist,watchlist,0.0,0.0,0.0,0.0,0.0,0.0,0.0,Stage 4,0.0,Weak,Volume Drying Up,Volume Drying Up (0.60x vs 10W Avg),-41.0,Underperformed Nifty by 41.0% in 3 Months,False,-41.0,-35.74,198600004.62,"Stage 4, Stage 4, volume_dryup, weekly_volume_dryup, flags=Wide Base;Wide Weekly Base;Loose Structure;Wide Risk;Corporate Action Check, downtrend",911,909.0,Stage 4,watchlist,weekly_watchlist,0.0,-2.0,0.0,False,False,False,False,False
INOXGREEN.NS,Inox Green Energy Services Limited,Utilities - Renewable,Utilities,False,Cash,1,Stage 4,Stage 4,Stage 4,0.86,Price is below the 30-week trend and below long-term support structure.,,,,,watchlist,weekly_watchlist,watchlist,0.0,0.0,0.0,0.0,0.0,0.0,0.0,Stage 4,0.0,Neutral,Volume Normal,Volume Normal (1.21x vs 10W Avg),-9.9,Underperformed Nifty by 9.9% in 3 Months,False,-9.9,19.84,218245152.92,"Stage 4, Stage 4, flags=Wide Risk;Low Liquidity, downtrend",912,910.0,Stage 4,watchlist,weekly_watchlist,0.0,-2.0,0.0,False,False,False,False,False
LATENTVIEW.NS,Latent View Analytics Limited,Industrials,Industrials,False,Cash,1,Stage 4,Stage 4,Stage 4,0.86,Price is below the 30-week trend and below long-term support structure.,,,,,watchlist,weekly_watchlist,watchlist,0.0,0.0,0.0,0.0,0.0,0.0,0.0,Stage 4,0.0,Weak,Volume Drying Up,Volume Drying Up (0.42x vs 10W Avg),-8.28,Underperformed Nifty by 8.28% in 3 Months,False,-8.28,-20.33,117114839.39,"Stage 4, Stage 4, volume_dryup, weekly_volume_dryup, flags=Loose Structure;Wide Risk;Low Liquidity, downtrend",915,913.0,Stage 4,watchlist,weekly_watchlist,0.0,-2.0,0.0,False,False,False,False,False
SFL.NS,Sheela Foam Limited,"Furnishings, Fixtures & Appliances",Consumer Cyclical,False,Cash,1,Failed Stage 2,Stage 3,Failed Stage 2,0.72,"This stock was recently Stage 2, but the latest structure no longer satisfies Stage 2 rules. It is kept as Failed Stage 2 until a fresh base/repair structure forms.",Recent Stage 2 break; public stage held as Failed Stage 2.,2026-09-28,2026-09-16,,watchlist,weekly_watchlist,watchlist,0.0,0.0,0.0,0.0,0.0,0.0,0.0,Failed Stage 2,0.0,Weak,Volume Drying Up,Volume Drying Up (0.53x vs 10W Avg),-12.31,Underperformed Nifty by 12.31% in 3 Months,False,-12.31,28.6,196474770.23,"Stage 3, Early, volume_dryup, weekly_volume_dryup, flags=Wide Risk;Low Liquidity, distribution_or_weakening_risk | Stage 2 failed state applied from stage memory.",916,914.0,Failed Stage 2,watchlist,weekly_watchlist,0.0,-2.0,0.0,False,False,False,False,False
GOKEX.NS,Gokaldas Exports Limited,Apparel Manufacturing,Consumer Cyclical,False,Cash,1,Failed Stage 2,Stage 4,Failed Stage 2,0.72,"This stock was recently Stage 2, but the latest structure no longer satisfies Stage 2 rules. It is kept as Failed Stage 2 until a fresh base/repair structure forms.",Recent Stage 2 break; public stage held as Failed Stage 2.,2026-09-28,2026-09-14,,watchlist,weekly_watchlist,watchlist,0.0,0.0,0.0,0.0,0.0,0.0,0.0,Failed Stage 2,0.0,Weak,Volume Expanding,Volume Normal (1.31x vs 10W Avg),-18.27,Underperformed Nifty by 18.27% in 3 Months,False,-18.27,12.79,188380067.32,"Stage 4, Stage 4, flags=Wide Risk;Low Liquidity, downtrend | Stage 2 failed state applied from stage memory.",917,915.0,Failed Stage 2,watchlist,weekly_watchlist,0.0,-2.0,0.0,False,False,False,False,False
RALLIS.NS,Rallis India Limited,Agricultural Inputs,Basic Materials,False,Cash,1,Stage 4,Stage 4,Stage 4,0.86,Price is below the 30-week trend and below long-term support structure.,,,,,watchlist,weekly_watchlist,watchlist,0.0,0.0,0.0,0.0,0.0,0.0,0.0,Stage 4,0.0,Weak,Volume Drying Up,Volume Drying Up (0.47x vs 10W Avg),-7.15,Underperformed Nifty by 7.15% in 3 Months,False,-7.15,-11.76,100011640.78,"Stage 4, Stage 4, volume_dryup, weekly_volume_dryup, flags=Wider Risk;Low Liquidity, downtrend",918,916.0,Stage 4,watchlist,weekly_watchlist,0.0,-2.0,0.0,False,False,False,False,False
BAJAJELEC.NS,Bajaj Electricals Limited,"Furnishings, Fixtures & Appliances",Consumer Cyclical,False,Cash,1,Stage 4,Stage 4,Stage 4,0.86,Price is below the 30-week trend and below long-term support structure.,,,,,watchlist,weekly_watchlist,watchlist,0.0,0.0,0.0,0.0,0.0,0.0,0.0,Stage 4,0.0,Weak,Volume Drying Up,Volume Drying Up (0.20x vs 10W Avg),1.25,Outperformed Nifty by 1.25% in 3 Months,False,1.25,-6.84,33964014.01,"Stage 4, Stage 4, volume_dryup, weekly_volume_dryup, flags=Wider Risk;Low Liquidity, downtrend",920,918.0,Stage 4,watchlist,weekly_watchlist,0.0,-2.0,0.0,False,False,False,False,False
JKIL.NS,J.Kumar Infraprojects Limited,Engineering & Construction,Industrials,False,Cash,1,Stage 4,Stage 4,Stage 4,0.86,Price is below the 30-week trend and below long-term support structure.,,,,,watchlist,weekly_watchlist,watchlist,0.0,33.57,13.64,0.0,0.0,33.57,13.64,Stage 4,13.64,Weak,Volume Drying Up,Volume Drying Up (0.70x vs 10W Avg),0.11,Outperformed Nifty by 0.11% in 3 Months,False,0.11,4.63,20333589.47,"Stage 4, Stage 4, weekly_vcp_ok, volume_dryup, weekly_volume_dryup, weekly_strong, flags=Wider Risk;Low Liquidity, downtrend",542,540.0,Stage 4,watchlist,weekly_watchlist,15.32,-2.0,-1.6799999999999997,False,False,False,False,False
ESCORTS.NS,Escorts Kubota Limited,Farm & Heavy Construction Machinery,Industrials,False,Cash,1,Stage 4,Stage 4,Stage 4,0.86,Price is below the 30-week trend and below long-term support structure.,,,,,watchlist,weekly_watchlist,watchlist,3.38,32.0,11.07,2.0,3.38,32.0,13.07,Stage 4,11.07,Weak,Volume Normal,Volume Normal (1.21x vs 10W Avg),-0.92,Underperformed Nifty by 0.92% in 3 Months,False,-0.92,-0.28,204361514.82,"Stage 4, Stage 4, weekly_vcp_ok, weekly_strong, flags=Wide Risk;Low Liquidity, downtrend",549,547.0,Stage 4,watchlist,weekly_watchlist,14.98,-2.0,-1.9100000000000001,False,False,False,False,False
REDINGTON.NS,Redington Limited,Information Technology Services,Technology,False,Cash,1,Stage 2,Stage 2,Extended,0.78,"Weekly advancing structure remains intact, but price is stretched versus key moving averages.",,,2026-09-25,,watchlist,weekly_breakout,watchlist,36.97,63.2,44.81,0.0,36.97,63.2,44.81,Stage 2 - Extended,44.81,Very Strong,Volume Drying Up,Volume Drying Up (0.54x vs 10W Avg),53.29,Outperformed Nifty by 53.29% in 3 Months,True,53.29,107.99,2361844840.63,"Stage 2, Extended, trend_template_ok, weekly_vcp_ok, volume_dryup, weekly_volume_dryup, weekly_strong, flags=Loose Structure;Extended;Wider Risk;Low Liquidity",117,115.0,Stage 2,watchlist,weekly_breakout,46.95,-2.0,-2.1400000000000006,False,False,False,False,False
WSTCSTPAPR.NS,West Coast Paper Mills Limited,Basic Materials,Basic Materials,False,Cash,1,Stage 2,Stage 2,Advancing,0.9,Price is above constructive weekly and long-term trend structure with improving relative strength.,,,2026-09-25,,watchlist,weekly_watchlist,watchlist,52.62,20.6,33.59,0.0,52.62,20.6,33.59,Stage 2 - Advancing,33.59,Very Strong,Volume Drying Up,Volume Drying Up (0.49x vs 10W Avg),41.57,Outperformed Nifty by 41.57% in 3 Months,True,41.57,70.33,209000413.64,"Stage 2, Advancing, trend_template_ok, volume_dryup, weekly_volume_dryup, flags=Loose Structure;Wide Risk;Low Liquidity",268,266.0,Stage 2,watchlist,weekly_watchlist,36.28,-2.0,-2.6899999999999977,False,False,False,False,False
ENDURANCE.NS,Endurance Technologies Limited,Auto Parts,Consumer Cyclical,False,Cash,1,Failed Stage 2,Stage 1,Failed Stage 2,0.72,"This stock was recently Stage 2, but the latest structure no longer satisfies Stage 2 rules. It is kept as Failed Stage 2 until a fresh base/repair structure forms.",Recent Stage 2 break; public stage held as Failed Stage 2.,2026-09-28,2026-09-21,,watchlist,weekly_watchlist,watchlist,0.0,42.96,17.55,5.0,0.0,42.96,22.55,Failed Stage 2,17.55,Strong,Volume Drying Up,Volume Drying Up (0.64x vs 10W Avg),6.93,Outperformed Nifty by 6.93% in 3 Months,False,6.93,22.67,222900558.63,"Stage 1, Stage 1, weekly_vcp_ok, volume_dryup, weekly_volume_dryup, weekly_strong, flags=Wide Risk;Low Liquidity, stage1_not_actionable, stage1_needs_more_base | Stage 2 failed state applied from stage memory.",393,391.0,Failed Stage 2,watchlist,weekly_watchlist,26.18,-2.0,-3.629999999999999,False,False,False,False,False
TTKPRESTIG.NS,TTK Prestige Limited,"Furnishings, Fixtures & Appliances",Consumer Cyclical,False,Cash,1,Stage 4,Stage 4,Stage 4,0.86,Price is below the 30-week trend and below long-term support structure.,,,2026-08-27,,watchlist,weekly_watchlist,watchlist,0.0,0.0,0.0,0.0,0.0,0.0,0.0,Stage 4,0.0,Weak,Volume Drying Up,Volume Drying Up (0.10x vs 10W Avg),-14.49,Underperformed Nifty by 14.49% in 3 Months,False,-14.49,19.36,29998525.75,"Stage 4, Stage 4, volume_dryup, weekly_volume_dryup, flags=Loose Structure;Wide Risk;Low Liquidity, downtrend",914,911.0,Stage 4,watchlist,weekly_watchlist,0.0,-3.0,0.0,False,False,False,False,False
HERITGFOOD.NS,Heritage Foods Limited,Packaged Foods,Consumer Defensive,False,Cash,1,Stage 1,Stage 1,Stage 1,0.68,Price is building a base around long-term weekly structure without a confirmed advancing phase.,,,,,watchlist,weekly_watchlist,watchlist,18.33,46.93,29.75,0.0,18.33,46.93,29.75,Stage 1,29.75,Very Strong,Volume Drying Up,Volume Drying Up (0.42x vs 10W Avg),26.15,Outperformed Nifty by 26.15% in 3 Months,False,26.15,32.11,362915348.68,"Stage 1, Stage 1, weekly_vcp_ok, volume_dryup, weekly_volume_dryup, weekly_strong, flags=Wide Weekly Base;Wide Risk;Low Liquidity, stage1_not_actionable, stage1_needs_more_base",321,318.0,Stage 1,watchlist,weekly_watchlist,32.21,-3.0,-2.460000000000001,False,False,False,False,False
SEAMECLTD.NS,Seamec Limited,Marine Shipping,Industrials,False,Cash,1,Stage 2,Stage 2,Advancing,0.9,Price is above constructive weekly and long-term trend structure with improving relative strength.,,,2026-09-25,,watchlist,weekly_watchlist,watchlist,40.33,21.38,38.0,5.0,40.33,21.38,43.0,Stage 2 - Advancing,38.0,Very Strong,Volume Drying Up,Volume Drying Up (0.32x vs 10W Avg),23.86,Outperformed Nifty by 23.86% in 3 Months,True,23.86,21.95,124767623.83,"Stage 2, Advancing, trend_template_ok, volume_dryup, weekly_volume_dryup, flags=Loose Structure;Wider Risk",143,140.0,Stage 2,watchlist,weekly_watchlist,45.51,-3.0,-2.509999999999998,False,False,False,False,False
CYIENTDLM.NS,Cyient DLM Limited,Electronic Components,Technology,False,Cash,1,Stage 2,Stage 2,Extended,0.78,"Weekly advancing structure remains intact, but price is stretched versus key moving averages.",,,2026-09-25,,watchlist,weekly_watchlist,watchlist,37.35,20.6,23.3,10.0,37.35,20.6,33.3,Stage 2 - Extended,23.3,Very Strong,Volume Drying Up,Volume Drying Up (0.37x vs 10W Avg),99.65,Outperformed Nifty by 99.65% in 3 Months,True,99.65,229.98,615823042.94,"Stage 2, Extended, trend_template_ok, volume_dryup, weekly_volume_dryup, flags=Loose Structure;Extended;Wide Risk;Low Liquidity",271,268.0,Stage 2,watchlist,weekly_watchlist,35.98,-3.0,-2.6799999999999997,False,False,False,False,False
AVALON.NS,Avalon Technologies Limited,Electronic Components,Technology,False,Cash,1,Stage 2,Stage 2,Extended,0.78,"Weekly advancing structure remains intact, but price is stretched versus key moving averages.",,,2026-09-25,,watchlist,weekly_watchlist,watchlist,33.48,25.4,21.78,10.0,33.48,25.4,31.78,Stage 2 - Extended,21.78,Very Strong,Volume Drying Up,Volume Drying Up (0.56x vs 10W Avg),33.48,Outperformed Nifty by 33.48% in 3 Months,True,33.48,148.64,1612396968.75,"Stage 2, Extended, trend_template_ok, weekly_volume_dryup, flags=Loose Structure;Extended;Wide Risk;Low Liquidity",293,290.0,Stage 2,watchlist,weekly_watchlist,34.74,-3.0,-2.960000000000001,False,False,False,False,False
TRANSRAILL.NS,Transrail Lighting Limited,Engineering & Construction,Industrials,False,Cash,1,Stage 4,Stage 4,Stage 4,0.86,Price is below the 30-week trend and below long-term support structure.,,,,,watchlist,weekly_watchlist,watchlist,0.0,30.2,0.0,0.0,0.0,30.2,0.0,Stage 4,0.0,Weak,Volume Expanding,Volume Expanding (7.05x vs 10W Avg),-7.91,Underperformed Nifty by 7.91% in 3 Months,False,-7.91,-4.65,995005981.59,"Stage 4, Stage 4, weekly_vcp_ok, weekly_strong, flags=Low Liquidity, downtrend",867,863.0,Stage 4,watchlist,weekly_watchlist,0.0,-4.0,0.0,False,False,False,False,False
LTTS.NS,L&T Technology Services Limited,Information Technology Services,Technology,False,Cash,1,Stage 4,Stage 4,Stage 4,0.86,Price is below the 30-week trend and below long-term support structure.,,,,,watchlist,weekly_watchlist,watchlist,9.28,32.58,12.72,0.0,9.28,32.58,12.72,Stage 4,12.72,Weak,Volume Drying Up,Volume Drying Up (0.40x vs 10W Avg),6.52,Outperformed Nifty by 6.52% in 3 Months,False,6.52,-0.72,152715657.54,"Stage 4, Stage 4, weekly_vcp_ok, volume_dryup, weekly_volume_dryup, weekly_strong, flags=Wide Weekly Base;Wide Risk;Low Liquidity, downtrend",558,554.0,Stage 4,watchlist,weekly_watchlist,14.62,-4.0,-1.8999999999999986,False,False,False,False,False
SBICARD.NS,SBI Cards and Payment Services Limited,Credit Services,Financial Services,True,F&O,1,Stage 4,Stage 4,Stage 4,0.86,Price is below the 30-week trend and below long-term support structure.,,,,,watchlist,weekly_watchlist,watchlist,9.08,28.33,13.08,2.0,9.08,28.33,15.08,Stage 4,13.08,Weak,Volume Drying Up,Volume Drying Up (0.46x vs 10W Avg),2.86,Outperformed Nifty by 2.86% in 3 Months,False,2.86,-5.14,1135803998.5,"Stage 4, Stage 4, weekly_vcp_ok, volume_dryup, weekly_volume_dryup, weekly_strong, flags=Wide Risk;Low Liquidity, downtrend",506,502.0,Stage 4,watchlist,weekly_watchlist,17.29,-4.0,-2.209999999999999,False,False,False,False,False
SMLMAH.NS,SML Mahindra Limited,Auto Manufacturers,Consumer Cyclical,False,Cash,1,Stage 2,Stage 2,Extended,0.78,"Weekly advancing structure remains intact, but price is stretched versus key moving averages.",,,2026-09-25,,watchlist,weekly_breakout,watchlist,39.22,64.0,41.49,5.0,39.22,64.0,46.49,Stage 2 - Extended,41.49,Very Strong,Volume Drying Up,Volume Drying Up (0.30x vs 10W Avg),68.68,Outperformed Nifty by 68.68% in 3 Months,True,68.68,63.65,692908307.83,"Stage 2, Extended, trend_template_ok, weekly_vcp_ok, volume_dryup, weekly_volume_dryup, weekly_strong, flags=Loose Structure;Extended;Wide Risk;Low Liquidity",105,101.0,Stage 2,watchlist,weekly_breakout,49.1,-4.0,-2.6099999999999994,False,False,False,False,False
SCI.NS,Shipping Corporation Of India Limited,Marine Shipping,Industrials,False,Cash,1,Failed Stage 2,Stage 3,Failed Stage 2,0.72,"This stock was recently Stage 2, but the latest structure no longer satisfies Stage 2 rules. It is kept as Failed Stage 2 until a fresh base/repair structure forms.",Recent Stage 2 break; public stage held as Failed Stage 2.,2026-09-28,2026-09-09,,watchlist,weekly_watchlist,watchlist,0.0,35.67,14.05,5.0,0.0,35.67,19.05,Failed Stage 2,14.05,Weak,Volume Drying Up,Volume Drying Up (0.48x vs 10W Avg),-4.97,Underperformed Nifty by 4.97% in 3 Months,False,-4.97,21.7,443499902.05,"Stage 3, Early, weekly_vcp_ok, volume_dryup, weekly_volume_dryup, weekly_strong, flags=Wide Risk;Low Liquidity, distribution_or_weakening_risk | Stage 2 failed state applied from stage memory.",435,431.0,Failed Stage 2,watchlist,weekly_watchlist,22.32,-4.0,-3.2699999999999996,False,False,False,False,False
GRMOVER.NS,GRM Overseas Limited,Packaged Foods,Consumer Defensive,False,Cash,1,Stage 4,Stage 4,Stage 4,0.86,Price is below the 30-week trend and below long-term support structure.,,,,,watchlist,weekly_watchlist,watchlist,2.74,32.0,4.82,0.0,2.74,32.0,4.82,Stage 4,4.82,Weak,Volume Normal,Volume Normal (0.94x vs 10W Avg),-9.9,Underperformed Nifty by 9.9% in 3 Months,False,-9.9,-46.28,89232455.35,"Stage 4, Stage 4, weekly_vcp_ok, weekly_strong, flags=Wide Base;Wide Weekly Base;Wide Risk;Low Liquidity, downtrend",749,744.0,Stage 4,watchlist,weekly_watchlist,5.16,-5.0,-0.33999999999999986,False,False,False,False,False
NATIONALUM.NS,National Aluminium Company Limited,Basic Materials,Basic Materials,True,F&O,1,Not Sure,Stage 3,Pending Stage 3,0.55,Blocked public stage jump Stage 1 -> Stage 3; waiting for intermediate/confirmed structure.,Blocked public stage jump Stage 1 -> Stage 3; waiting for intermediate/confirmed structure.,,2026-08-31,Stage 3,watchlist,weekly_watchlist,watchlist,12.18,36.02,16.83,0.0,12.18,36.02,16.83,Not Sure - Unclear,16.83,Weak,Volume Drying Up,Volume Drying Up (0.68x vs 10W Avg),10.41,Outperformed Nifty by 10.41% in 3 Months,False,10.41,-10.23,1599848514.31,"Stage 3, Early, weekly_vcp_ok, volume_dryup, weekly_volume_dryup, weekly_strong, flags=Wide Risk;Low Liquidity, distribution_or_weakening_risk | Blocked public stage jump Stage 1 -> Stage 3; waiting for intermediate/confirmed structure.",473,468.0,Stage 1,watchlist,weekly_watchlist,18.95,-5.0,-2.120000000000001,False,False,False,False,False
NESTLEIND.NS,Nestle India Limited,Packaged Foods,Consumer Defensive,True,F&O,1,Stage 1,Stage 1,Stage 1,0.64,Price is building a base around long-term weekly structure without a confirmed advancing phase.,,,2026-09-01,,watchlist,weekly_watchlist,watchlist,14.27,0.0,7.47,0.0,14.27,0.0,7.47,Stage 1,7.47,Neutral,Volume Drying Up,Volume Drying Up (0.38x vs 10W Avg),-1.38,Underperformed Nifty by 1.38% in 3 Months,False,-1.38,15.79,1500579176.03,"Stage 1, Stage 1, volume_dryup, weekly_volume_dryup, flags=Wide Risk;Low Liquidity, stage1_not_actionable, stage1_needs_more_base",676,671.0,Stage 1,watchlist,weekly_watchlist,9.6,-5.0,-2.13,False,False,False,False,False
IIFL.NS,IIFL Finance Limited,Credit Services,Financial Services,False,Cash,1,Stage 2,Stage 2,Advancing,0.8,Price is above constructive weekly and long-term trend structure with improving relative strength.,,,2026-09-25,,watchlist,weekly_forming,watchlist,32.4,62.02,34.98,2.0,32.4,62.02,36.98,Stage 2 - Advancing,34.98,Strong,Volume Drying Up,Volume Drying Up (0.64x vs 10W Avg),20.42,Outperformed Nifty by 20.42% in 3 Months,True,20.42,39.8,1618569715.46,"Stage 2, Advancing, trend_template_ok, weekly_vcp_ok, volume_dryup, weekly_volume_dryup, weekly_strong, flags=Wide Risk;Low Liquidity",226,221.0,Stage 2,watchlist,weekly_forming,39.59,-5.0,-2.6100000000000065,False,False,False,False,False
SOLARINDS.NS,Solar Industries India Limited,Specialty Chemicals,Basic Materials,True,F&O,1,Stage 2,Stage 2,Advancing,0.8,Price is above constructive weekly and long-term trend structure with improving relative strength.,,,2026-09-25,,watchlist,weekly_watchlist,watchlist,50.6,19.42,28.97,5.0,50.6,19.42,33.97,Stage 2 - Advancing,28.97,Strong,Volume Normal,Volume Normal (1.23x vs 10W Avg),7.8,Outperformed Nifty by 7.8% in 3 Months,True,7.8,48.43,5167920809.25,"Stage 2, Advancing, trend_template_ok, flags=Wide Risk;Low Liquidity",264,259.0,Stage 2,watchlist,weekly_watchlist,36.7,-5.0,-2.730000000000004,False,False,False,False,False
CONCORDBIO.NS,Concord Biotech Limited,Biotechnology,Healthcare,False,Cash,1,Stage 2,Stage 2,Advancing,0.8,Price is above constructive weekly and long-term trend structure with improving relative strength.,,,2026-09-25,,watchlist,weekly_watchlist,watchlist,28.3,21.5,22.24,5.0,28.3,21.5,27.24,Stage 2 - Advancing,22.24,Very Strong,Volume Normal,Volume Normal (1.02x vs 10W Avg),14.04,Outperformed Nifty by 14.04% in 3 Months,True,14.04,38.93,238858618.79,"Stage 2, Advancing, trend_template_ok, flags=Wide Risk;Low Liquidity",345,340.0,Stage 2,watchlist,weekly_watchlist,30.62,-5.0,-3.3800000000000026,False,False,False,False,False
XPROINDIA.NS,Xpro India Limited,Specialty Chemicals,Basic Materials,False,Cash,1,Failed Stage 2,Stage 3,Failed Stage 2,0.72,"This stock was recently Stage 2, but the latest structure no longer satisfies Stage 2 rules. It is kept as Failed Stage 2 until a fresh base/repair structure forms.",Recent Stage 2 break; public stage held as Failed Stage 2.,2026-09-28,2026-09-15,,watchlist,weekly_watchlist,watchlist,0.0,34.2,0.0,5.0,0.0,34.2,5.0,Failed Stage 2,0.0,Weak,Volume Drying Up,Volume Drying Up (0.49x vs 10W Avg),-18.83,Underperformed Nifty by 18.83% in 3 Months,False,-18.83,12.75,199682796.11,"Stage 3, Late, weekly_vcp_ok, volume_dryup, weekly_volume_dryup, weekly_strong, flags=Loose Structure;Wide Risk;Low Liquidity, distribution_or_weakening_risk | Stage 2 failed state applied from stage memory.",730,724.0,Failed Stage 2,watchlist,weekly_watchlist,6.3,-6.0,-1.2999999999999998,False,False,False,False,False
PAYTM.NS,One 97 Communications Limited,Software - Infrastructure,Technology,True,F&O,1,Stage 2,Stage 2,Advancing,0.9,Price is above constructive weekly and long-term trend structure with improving relative strength.,,,2026-09-25,,watchlist,weekly_breakout,watchlist,31.65,64.0,38.51,2.0,31.65,64.0,40.51,Stage 2 - Advancing,38.51,Very Strong,Volume Drying Up,Volume Drying Up (0.72x vs 10W Avg),39.92,Outperformed Nifty by 39.92% in 3 Months,True,39.92,64.86,7376798717.32,"Stage 2, Advancing, trend_template_ok, weekly_vcp_ok, weekly_volume_dryup, weekly_strong, flags=Loose Structure;Wide Risk;Low Liquidity",182,176.0,Stage 2,watchlist,weekly_breakout,42.66,-6.0,-2.1499999999999986,False,False,False,False,False
LODHA.NS,Lodha Developers Limited,Real Estate,Real Estate,True,F&O,1,Stage 2,Stage 2,Advancing,0.8,Price is above constructive weekly and long-term trend structure with improving relative strength.,,,2026-09-25,,watchlist,weekly_forming,watchlist,31.56,63.98,32.27,2.0,31.56,63.98,34.27,Stage 2 - Advancing,32.27,Strong,Volume Drying Up,Volume Drying Up (0.55x vs 10W Avg),16.52,Outperformed Nifty by 16.52% in 3 Months,True,16.52,63.31,1773172302.93,"Stage 2, Advancing, trend_template_ok, weekly_vcp_ok, volume_dryup, weekly_volume_dryup, weekly_strong, flags=Wide Weekly Base;Wide Risk;Low Liquidity",262,256.0,Stage 2,watchlist,weekly_forming,36.78,-6.0,-2.509999999999998,False,False,False,False,False
MAHABANK.NS,Bank of Maharashtra,Banks - Regional,Financial Services,False,Cash,1,Stage 2,Stage 2,Advancing,0.8,Price is above constructive weekly and long-term trend structure with improving relative strength.,,,2026-09-25,,watchlist,weekly_watchlist,watchlist,50.17,26.66,34.05,2.0,50.17,26.66,36.05,Stage 2 - Advancing,34.05,Neutral,Volume Drying Up,Volume Drying Up (0.83x vs 10W Avg),-6.09,Underperformed Nifty by 6.09% in 3 Months,True,-6.09,30.73,1240327101.98,"Stage 2, Advancing, trend_template_ok, weekly_volume_dryup, flags=Wider Risk;Low Liquidity",239,233.0,Stage 2,watchlist,weekly_watchlist,38.65,-6.0,-2.6000000000000014,False,False,False,False,False
KTKBANK.NS,The Karnataka Bank Limited,Banks - Regional,Financial Services,False,Cash,1,Stage 2,Stage 2,Advancing,0.9,Price is above constructive weekly and long-term trend structure with improving relative strength.,,,2026-09-25,,forming_vcp,weekly_watchlist,watchlist,58.27,29.12,42.02,2.0,58.27,29.12,44.02,Stage 2 - Advancing,42.02,Very Strong,Volume Drying Up,Volume Drying Up (0.74x vs 10W Avg),27.28,Outperformed Nifty by 27.28% in 3 Months,True,27.28,45.96,624395712.72,"Stage 2, Advancing, trend_template_ok, daily_vcp_ok, volume_dryup, weekly_volume_dryup, flags=Wider Risk;Low Liquidity",126,120.0,Stage 2,forming_vcp,weekly_watchlist,46.82,-6.0,-2.799999999999997,False,False,False,False,False
COROMANDEL.NS,Coromandel International Limited,Agricultural Inputs,Basic Materials,False,Cash,1,Stage 4,Stage 4,Stage 4,0.66,Price is below weekly structure.,,,,,watchlist,weekly_watchlist,watchlist,5.03,33.43,15.82,0.0,5.03,33.43,15.82,Stage 4,15.82,Weak,Volume Normal,Volume Normal (1.10x vs 10W Avg),-0.15,Underperformed Nifty by 0.15% in 3 Months,False,-0.15,3.46,211242119.9,"Stage 4, Stage 4, weekly_vcp_ok, weekly_strong, flags=Wider Risk;Low Liquidity, downtrend",495,488.0,Stage 4,watchlist,weekly_watchlist,17.74,-7.0,-1.9199999999999982,False,False,False,False,False
DALMIASUG.NS,Dalmia Bharat Sugar and Industries Limited,Consumer Defensive,Consumer Defensive,False,Cash,1,Stage 2,Stage 2,Advancing,0.8,Price is above constructive weekly and long-term trend structure with improving relative strength.,,,2026-09-25,,watchlist,weekly_watchlist,watchlist,54.94,26.22,31.26,0.0,54.94,26.22,31.26,Stage 2 - Advancing,31.26,Strong,Volume Drying Up,Volume Drying Up (0.59x vs 10W Avg),29.24,Outperformed Nifty by 29.24% in 3 Months,True,29.24,10.92,107505951.24,"Stage 2, Advancing, trend_template_ok, volume_dryup, weekly_volume_dryup, flags=Loose Structure;Wide Risk;Low Liquidity",301,294.0,Stage 2,watchlist,weekly_watchlist,34.58,-7.0,-3.3199999999999967,False,False,False,False,False
GALAXYSURF.NS,Galaxy Surfactants Limited,Specialty Chemicals,Basic Materials,False,Cash,1,Stage 2,Stage 2,Advancing,0.9,Price is above constructive weekly and long-term trend structure with improving relative strength.,,,2026-09-25,,watchlist,weekly_forming,watchlist,38.96,64.43,53.29,5.0,38.96,64.43,58.29,Stage 2 - Advancing,53.29,Very Strong,Volume Drying Up,Volume Drying Up (0.54x vs 10W Avg),17.77,Outperformed Nifty by 17.77% in 3 Months,True,17.77,48.55,82706666.48,"Stage 2, Advancing, trend_template_ok, weekly_vcp_ok, volume_dryup, weekly_volume_dryup, weekly_strong, flags=Loose Structure;Wider Risk",23,16.0,Stage 2,watchlist,weekly_forming,64.18,-7.0,-5.890000000000008,False,False,False,False,False
GMRAIRPORT.NS,GMR AIRPORTS LIMITED,Industrials,Industrials,True,F&O,1,Stage 3,Stage 3,Early,0.68,"Prior strength has shifted into a Stage 3 transition based on trend, relative strength, and volume evidence.",,,2026-08-10,,watchlist,weekly_watchlist,watchlist,0.0,36.0,6.88,0.0,0.0,36.0,6.88,Stage 3 Early,6.88,Weak,Volume Drying Up,Volume Drying Up (0.77x vs 10W Avg),-10.14,Underperformed Nifty by 10.14% in 3 Months,False,-10.14,8.87,1050956455.32,"Stage 3, Early, weekly_vcp_ok, weekly_volume_dryup, weekly_strong, flags=Wide Risk;Low Liquidity, distribution_or_weakening_risk",689,681.0,Stage 3,watchlist,weekly_watchlist,9.14,-8.0,-2.2600000000000007,False,False,False,False,False
KINGFA.NS,Kingfa Science & Technology (India) Limited,Specialty Chemicals,Basic Materials,False,Cash,1,Stage 2,Stage 2,Advancing,0.9,Price is above constructive weekly and long-term trend structure with improving relative strength.,,,2026-09-25,,watchlist,weekly_watchlist,watchlist,36.82,37.0,36.64,5.0,36.82,37.0,41.64,Stage 2 - Advancing,36.64,Very Strong,Volume Drying Up,Volume Drying Up (0.70x vs 10W Avg),30.53,Outperformed Nifty by 30.53% in 3 Months,True,30.53,54.97,90225262.27,"Stage 2, Advancing, trend_template_ok, weekly_volume_dryup, flags=Wider Risk;Low Liquidity",161,153.0,Stage 2,watchlist,weekly_watchlist,44.81,-8.0,-3.1700000000000017,False,False,False,False,False
KFINTECH.NS,Kfin Technologies Limited,Software - Application,Technology,True,F&O,1,Not Sure,Stage 1,Pending Stage 1,0.55,Blocked public stage jump Stage 4 -> Stage 1; waiting for intermediate/confirmed structure.,Blocked public stage jump Stage 4 -> Stage 1; waiting for intermediate/confirmed structure.,,,Stage 1,watchlist,weekly_watchlist,watchlist,0.0,0.0,0.0,5.0,0.0,0.0,5.0,Not Sure - Unclear,0.0,Neutral,Volume Drying Up,Volume Drying Up (0.46x vs 10W Avg),8.21,Outperformed Nifty by 8.21% in 3 Months,False,8.21,1.36,456844736.55,"Stage 1, Stage 1, volume_dryup, weekly_volume_dryup, flags=Wide Risk;Low Liquidity, stage1_not_actionable, stage1_needs_more_base | Blocked public stage jump Stage 4 -> Stage 1; waiting for intermediate/confirmed structure.",741,732.0,Stage 4,watchlist,weekly_watchlist,5.9,-9.0,-0.9000000000000004,False,False,False,False,False
SENCO.NS,Senco Gold Limited,Luxury Goods,Consumer Cyclical,False,Cash,1,Failed Stage 2,Stage 3,Failed Stage 2,0.72,"This stock was recently Stage 2, but the latest structure no longer satisfies Stage 2 rules. It is kept as Failed Stage 2 until a fresh base/repair structure forms.",Recent Stage 2 break; public stage held as Failed Stage 2.,2026-09-28,2026-09-18,,watchlist,weekly_watchlist,watchlist,0.0,0.0,0.0,10.0,0.0,0.0,10.0,Failed Stage 2,0.0,Neutral,Volume Drying Up,Volume Drying Up (0.66x vs 10W Avg),1.32,Outperformed Nifty by 1.32% in 3 Months,False,1.32,12.79,255919467.11,"Stage 3, Early, volume_dryup, weekly_volume_dryup, flags=Wide Risk;Low Liquidity, distribution_or_weakening_risk | Stage 2 failed state applied from stage memory.",632,623.0,Failed Stage 2,watchlist,weekly_watchlist,11.18,-9.0,-1.1799999999999997,False,False,False,False,False
CONCOR.NS,Container Corporation of India Limited,Industrials,Industrials,True,F&O,1,Not Sure,Stage 3,Pending Stage 3,0.55,Blocked public stage jump Stage 1 -> Stage 3; waiting for intermediate/confirmed structure.,Blocked public stage jump Stage 1 -> Stage 3; waiting for intermediate/confirmed structure.,,,Stage 3,watchlist,weekly_watchlist,watchlist,10.27,36.51,14.02,0.0,10.27,36.51,14.02,Not Sure - Unclear,14.02,Weak,Volume Drying Up,Volume Normal (1.02x vs 10W Avg),-0.17,Underperformed Nifty by 0.17% in 3 Months,False,-0.17,5.22,558280909.21,"Stage 3, Early, weekly_vcp_ok, volume_dryup, weekly_strong, flags=Wide Risk;Low Liquidity, distribution_or_weakening_risk | Blocked public stage jump Stage 1 -> Stage 3; waiting for intermediate/confirmed structure.",529,520.0,Stage 1,watchlist,weekly_watchlist,16.35,-9.0,-2.330000000000002,False,False,False,False,False
AXISBANK.NS,Axis Bank Limited,Banks - Regional,Financial Services,True,F&O,1,Stage 4,Stage 4,Stage 4,0.66,Price is below weekly structure.,,,2026-07-17,,watchlist,weekly_watchlist,watchlist,2.02,18.3,10.9,2.0,2.02,18.3,12.9,Stage 4,10.9,Weak,Volume Normal,Volume Normal (0.95x vs 10W Avg),-6.03,Underperformed Nifty by 6.03% in 3 Months,False,-6.03,3.34,5726997427.29,"Stage 4, Stage 4, weekly_vcp_ok, flags=Low Liquidity, downtrend",551,542.0,Stage 4,watchlist,weekly_watchlist,15.25,-9.0,-2.3499999999999996,False,False,False,False,False
ISGEC.NS,Isgec Heavy Engineering Limited,Specialty Industrial Machinery,Industrials,False,Cash,1,Stage 1,Stage 1,Stage 1,0.64,Price is building a base around long-term weekly structure without a confirmed advancing phase.,,,,,watchlist,weekly_watchlist,watchlist,0.0,4.02,6.93,10.0,0.0,4.02,16.93,Stage 1,6.93,Strong,Volume Expanding,Volume Expanding (1.59x vs 10W Avg),1.73,Outperformed Nifty by 1.73% in 3 Months,False,1.73,0.46,73885183.64,"Stage 1, Stage 1, flags=Low Liquidity, stage1_not_actionable, stage1_needs_more_base",470,461.0,Stage 1,watchlist,weekly_watchlist,19.5,-9.0,-2.5700000000000003,False,False,False,False,False
CEATLTD.NS,CEAT Limited,Auto Parts,Consumer Cyclical,False,Cash,1,Stage 4,Stage 4,Stage 4,0.66,Price is below weekly structure.,,,,,watchlist,weekly_watchlist,watchlist,4.08,33.1,9.59,5.0,4.08,33.1,14.59,Stage 4,9.59,Weak,Volume Drying Up,Volume Drying Up (0.55x vs 10W Avg),-7.97,Underperformed Nifty by 7.97% in 3 Months,False,-7.97,0.47,181792586.73,"Stage 4, Stage 4, weekly_vcp_ok, volume_dryup, weekly_volume_dryup, weekly_strong, flags=Wide Risk;Low Liquidity, downtrend",514,505.0,Stage 4,watchlist,weekly_watchlist,17.2,-9.0,-2.6099999999999994,False,False,False,False,False
TIPSMUSIC.NS,Tips Music Limited,Communication Services,Communication Services,False,Cash,1,Stage 2,Stage 2,Advancing,0.8,Price is above constructive weekly and long-term trend structure with improving relative strength.,,,2026-09-25,,watchlist,weekly_watchlist,watchlist,43.16,27.08,32.11,5.0,43.16,27.08,37.11,Stage 2 - Advancing,32.11,Strong,Volume Drying Up,Volume Drying Up (0.39x vs 10W Avg),2.19,Outperformed Nifty by 2.19% in 3 Months,True,2.19,26.64,157209847.74,"Stage 2, Advancing, trend_template_ok, volume_dryup, weekly_volume_dryup, flags=Wide Risk;Low Liquidity",223,214.0,Stage 2,watchlist,weekly_watchlist,39.78,-9.0,-2.6700000000000017,False,False,False,False,False
JINDALSAW.NS,Jindal Saw Limited,Steel,Basic Materials,False,Cash,1,Stage 2,Stage 2,Advancing,0.8,Price is above constructive weekly and long-term trend structure with improving relative strength.,,,2026-09-25,,watchlist,weekly_watchlist,watchlist,52.98,19.57,34.49,10.0,52.98,19.57,44.49,Stage 2 - Advancing,34.49,Strong,Volume Drying Up,Volume Drying Up (0.51x vs 10W Avg),10.15,Outperformed Nifty by 10.15% in 3 Months,True,10.15,47.57,539983197.24,"Stage 2, Advancing, trend_template_ok, volume_dryup, weekly_volume_dryup, flags=Wide Risk;Low Liquidity",122,113.0,Stage 2,watchlist,weekly_watchlist,47.4,-9.0,-2.9099999999999966,False,False,False,False,False
SHAILY.NS,Shaily Engineering Plastics Limited,Specialty Chemicals,Basic Materials,False,Cash,1,Stage 2,Stage 2,Advancing,0.8,Price is above constructive weekly and long-term trend structure with improving relative strength.,,,2026-09-25,,watchlist,weekly_watchlist,watchlist,32.04,20.64,22.64,5.0,32.04,20.64,27.64,Stage 2 - Advancing,22.64,Strong,Volume Drying Up,Volume Drying Up (0.69x vs 10W Avg),8.36,Outperformed Nifty by 8.36% in 3 Months,True,8.36,48.0,533282662.71,"Stage 2, Advancing, trend_template_ok, weekly_volume_dryup, flags=Wide Risk;Low Liquidity",338,329.0,Stage 2,watchlist,weekly_watchlist,31.29,-9.0,-3.6499999999999986,False,False,False,False,False
BEML.NS,BEML Limited,Conglomerates,Industrials,False,Cash,1,Stage 2,Stage 2,Advancing,0.9,Price is above constructive weekly and long-term trend structure with improving relative strength.,,,2026-09-25,,watchlist,weekly_near_pivot,watchlist,33.85,70.14,40.23,0.0,33.85,70.14,40.23,Stage 2 - Advancing,40.23,Very Strong,Volume Drying Up,Volume Drying Up (0.45x vs 10W Avg),12.6,Outperformed Nifty by 12.6% in 3 Months,True,12.6,37.81,967021571.54,"Stage 2, Advancing, trend_template_ok, weekly_vcp_ok, weekly_volume_dryup, weekly_strong, flags=Wide Risk;Low Liquidity",189,179.0,Stage 2,watchlist,weekly_breakout,42.43,-10.0,-2.200000000000003,False,False,False,False,False
HAPPYFORGE.NS,Happy Forgings Limited,Metal Fabrication,Industrials,False,Cash,1,Stage 2,Stage 2,Extended,0.78,"Weekly advancing structure remains intact, but price is stretched versus key moving averages.",,,2026-09-25,,forming_vcp,weekly_forming,building_setup,50.32,64.0,42.9,10.0,50.32,64.0,52.9,Stage 2 - Extended,42.9,Very Strong,Volume Drying Up,Volume Drying Up (0.68x vs 10W Avg),34.9,Outperformed Nifty by 34.9% in 3 Months,True,34.9,70.67,153585564.36,"Stage 2, Extended, trend_template_ok, daily_vcp_ok, weekly_vcp_ok, volume_dryup, weekly_volume_dryup, weekly_strong, flags=Loose Structure;Extended;Wide Risk;Low Liquidity",59,49.0,Stage 2,forming_vcp,weekly_forming,55.19,-10.0,-2.289999999999999,False,False,False,False,False
KKCL.NS,Kewal Kiran Clothing Limited,Apparel Manufacturing,Consumer Cyclical,False,Cash,1,Stage 3,Stage 3,Early,0.68,"Prior strength has shifted into a Stage 3 transition based on trend, relative strength, and volume evidence.",,,2026-09-04,,watchlist,weekly_watchlist,watchlist,3.08,36.51,13.07,0.0,3.08,36.51,13.07,Stage 3 Early,13.07,Weak,Volume Drying Up,Volume Drying Up (0.64x vs 10W Avg),-2.44,Underperformed Nifty by 2.44% in 3 Months,False,-2.44,7.53,14590364.45,"Stage 3, Early, weekly_vcp_ok, volume_dryup, weekly_volume_dryup, weekly_strong, flags=Wide Risk;Low Liquidity, distribution_or_weakening_risk",548,538.0,Failed Stage 2,watchlist,weekly_watchlist,15.44,-10.0,-2.369999999999999,False,False,False,False,False
RPTECH.NS,Rashi Peripherals Limited,Technology,Technology,False,Cash,1,Stage 2,Stage 2,Extended,0.78,"Weekly advancing structure remains intact, but price is stretched versus key moving averages.",,,2026-09-25,,watchlist,weekly_watchlist,watchlist,41.35,27.8,30.61,10.0,41.35,27.8,40.61,Stage 2 - Extended,30.61,Very Strong,Volume Drying Up,Volume Drying Up (0.68x vs 10W Avg),16.24,Outperformed Nifty by 16.24% in 3 Months,True,16.24,145.19,247379691.18,"Stage 2, Extended, trend_template_ok, volume_dryup, weekly_volume_dryup, flags=Extended;Wide Risk;Low Liquidity",181,171.0,Stage 2,watchlist,weekly_watchlist,43.05,-10.0,-2.4399999999999977,False,False,False,False,False
SANDUMA.NS,Sandur Manganese & Iron Ores Limited,Steel,Basic Materials,False,Cash,1,Stage 4,Stage 4,Stage 4,0.86,Price is below the 30-week trend and below long-term support structure.,,,,,watchlist,weekly_watchlist,watchlist,0.0,32.0,3.79,10.0,0.0,32.0,13.79,Stage 4,3.79,Weak,Volume Drying Up,Volume Drying Up (0.69x vs 10W Avg),-7.01,Underperformed Nifty by 7.01% in 3 Months,False,-7.01,1.67,92591691.19,"Stage 4, Stage 4, weekly_vcp_ok, volume_dryup, weekly_volume_dryup, weekly_strong, flags=Wide Weekly Base;Wide Risk;Low Liquidity, downtrend",538,527.0,Stage 4,watchlist,weekly_watchlist,16.03,-11.0,-2.240000000000002,False,False,False,False,False
NITINSPIN.NS,Nitin Spinners Limited,Textile Manufacturing,Consumer Cyclical,False,Cash,1,Stage 2,Stage 2,Advancing,0.9,Price is above constructive weekly and long-term trend structure with improving relative strength.,,,2026-09-25,,watchlist,weekly_watchlist,watchlist,37.98,22.36,30.75,10.0,37.98,22.36,40.75,Stage 2 - Advancing,30.75,Very Strong,Volume Drying Up,Volume Drying Up (0.21x vs 10W Avg),12.47,Outperformed Nifty by 12.47% in 3 Months,True,12.47,61.12,67412771.03,"Stage 2, Advancing, trend_template_ok, volume_dryup, weekly_volume_dryup, flags=Wider Risk;Low Liquidity",178,167.0,Stage 2,watchlist,weekly_watchlist,43.4,-11.0,-2.6499999999999986,False,False,False,False,False
SAMHI.NS,Samhi Hotels Limited,Lodging,Consumer Cyclical,False,Cash,1,Stage 4,Stage 4,Stage 4,0.86,Price is below the 30-week trend and below long-term support structure.,,,,,watchlist,weekly_watchlist,watchlist,0.0,0.0,0.0,2.0,0.0,0.0,2.0,Stage 4,0.0,Weak,Volume Drying Up,Volume Drying Up (0.55x vs 10W Avg),-9.39,Underperformed Nifty by 9.39% in 3 Months,False,-9.39,12.08,280831746.07,"Stage 4, Stage 4, weekly_volume_dryup, flags=Wide Risk;Low Liquidity, downtrend",811,799.0,Stage 3,watchlist,weekly_watchlist,2.15,-12.0,-0.1499999999999999,False,False,False,False,False
INOXINDIA.NS,INOX India Limited,Specialty Industrial Machinery,Industrials,False,Cash,1,Stage 2,Stage 2,Advancing,0.9,Price is above constructive weekly and long-term trend structure with improving relative strength.,,,2026-09-25,,watchlist,weekly_watchlist,watchlist,54.51,21.8,32.69,10.0,54.51,21.8,42.69,Stage 2 - Advancing,32.69,Very Strong,Volume Drying Up,Volume Drying Up (0.74x vs 10W Avg),12.66,Outperformed Nifty by 12.66% in 3 Months,True,12.66,67.56,716280031.77,"Stage 2, Advancing, trend_template_ok, weekly_volume_dryup, flags=Wide Risk;Low Liquidity",150,137.0,Stage 2,forming_vcp,weekly_watchlist,45.66,-13.0,-2.969999999999999,False,False,False,False,False
METROPOLIS.NS,Metropolis Healthcare Limited,Diagnostics & Research,Healthcare,False,Cash,1,Stage 2,Stage 2,Advancing,0.8,Price is above constructive weekly and long-term trend structure with improving relative strength.,,,2026-09-25,,watchlist,weekly_watchlist,watchlist,36.29,37.05,33.4,10.0,36.29,37.05,43.4,Stage 2 - Advancing,33.4,Strong,Volume Drying Up,Volume Drying Up (0.56x vs 10W Avg),10.25,Outperformed Nifty by 10.25% in 3 Months,True,10.25,38.22,115597151.47,"Stage 2, Advancing, trend_template_ok, volume_dryup, weekly_volume_dryup, flags=Wider Risk;Low Liquidity",136,123.0,Stage 2,watchlist,weekly_watchlist,46.54,-13.0,-3.1400000000000006,False,False,False,False,False
TVSHLTD.NS,TVS Holdings Limited,Auto Parts,Consumer Cyclical,False,Cash,1,Not Sure,Stage 4,Pending Stage 4,0.55,Blocked public stage jump Stage 1 -> Stage 4; waiting for intermediate/confirmed structure.,Blocked public stage jump Stage 1 -> Stage 4; waiting for intermediate/confirmed structure.,,,Stage 4,watchlist,weekly_watchlist,watchlist,2.07,36.0,21.44,5.0,2.07,36.0,26.44,Not Sure - Unclear,21.44,Weak,Volume Drying Up,Volume Drying Up (0.51x vs 10W Avg),-4.44,Underperformed Nifty by 4.44% in 3 Months,False,-4.44,-8.1,102835334.2,"Stage 4, Stage 4, weekly_vcp_ok, weekly_volume_dryup, weekly_strong, flags=Wide Risk, downtrend | Blocked public stage jump Stage 1 -> Stage 4; waiting for intermediate/confirmed structure.",352,339.0,Stage 1,watchlist,weekly_watchlist,30.65,-13.0,-4.209999999999997,False,False,False,False,False
KAJARIACER.NS,Kajaria Ceramics Limited,Building Products & Equipment,Industrials,False,Cash,1,Stage 2,Stage 2,Advancing,0.8,Price is above constructive weekly and long-term trend structure with improving relative strength.,,,2026-09-25,,watchlist,weekly_near_pivot,watchlist,51.41,68.52,62.06,0.0,51.41,68.52,62.06,Stage 2 - Advancing,62.06,Strong,Volume Drying Up,Volume Drying Up (0.81x vs 10W Avg),4.43,Outperformed Nifty by 4.43% in 3 Months,True,4.43,22.79,251346085.28,"Stage 2, Advancing, trend_template_ok, weekly_vcp_ok, volume_dryup, weekly_volume_dryup, weekly_strong",15,2.0,Stage 2,near_pivot,weekly_near_pivot,74.15,-13.0,-12.090000000000003,False,False,False,False,False
GODREJCP.NS,Godrej Consumer Products Limited,Household & Personal Products,Consumer Defensive,True,F&O,1,Stage 4,Stage 4,Stage 4,0.86,Price is below the 30-week trend and below long-term support structure.,,,,,watchlist,weekly_watchlist,watchlist,0.0,0.0,0.0,0.0,0.0,0.0,0.0,Stage 4,0.0,Weak,Volume Drying Up,Volume Drying Up (0.38x vs 10W Avg),-13.87,Underperformed Nifty by 13.87% in 3 Months,False,-13.87,-9.57,1155639579.12,"Stage 4, Stage 4, volume_dryup, weekly_volume_dryup, flags=Wider Risk;Low Liquidity, downtrend",886,872.0,Stage 4,watchlist,weekly_watchlist,0.0,-14.0,0.0,False,False,False,False,False
JTEKTINDIA.NS,Jtekt India Limited,Auto Parts,Consumer Cyclical,False,Cash,1,Stage 4,Stage 4,Stage 4,0.86,Price is below the 30-week trend and below long-term support structure.,,,,,watchlist,weekly_watchlist,watchlist,0.0,32.0,4.91,5.0,0.0,32.0,9.91,Stage 4,4.91,Weak,Volume Drying Up,Volume Drying Up (0.53x vs 10W Avg),-17.77,Underperformed Nifty by 17.77% in 3 Months,False,-17.77,-5.85,17479537.82,"Stage 4, Stage 4, weekly_vcp_ok, volume_dryup, weekly_volume_dryup, weekly_strong, flags=Wide Risk;Low Liquidity, downtrend",638,624.0,Stage 4,watchlist,weekly_watchlist,11.12,-14.0,-1.209999999999999,False,False,False,False,False
AWL.NS,AWL Agri Business Limited,Packaged Foods,Consumer Defensive,False,Cash,1,Stage 4,Stage 4,Stage 4,0.86,Price is below the 30-week trend and below long-term support structure.,,,,,watchlist,weekly_watchlist,watchlist,5.99,32.44,12.4,0.0,5.99,32.44,12.4,Stage 4,12.4,Neutral,Volume Drying Up,Volume Drying Up (0.57x vs 10W Avg),3.31,Outperformed Nifty by 3.31% in 3 Months,False,3.31,1.11,305350338.71,"Stage 4, Stage 4, weekly_vcp_ok, volume_dryup, weekly_volume_dryup, weekly_strong, flags=Wide Weekly Base;Wide Risk;Low Liquidity, downtrend",567,553.0,Stage 4,watchlist,weekly_watchlist,14.62,-14.0,-2.219999999999999,False,False,False,False,False
MEDANTA.NS,Global Health Limited,Medical Care Facilities,Healthcare,False,Cash,1,Stage 2,Stage 2,Advancing,0.8,Price is above constructive weekly and long-term trend structure with improving relative strength.,,,2026-09-25,,watchlist,weekly_near_pivot,watchlist,40.67,58.55,51.95,2.0,40.67,58.55,53.95,Stage 2 - Advancing,51.95,Very Strong,Volume Drying Up,Volume Drying Up (0.48x vs 10W Avg),13.08,Outperformed Nifty by 13.08% in 3 Months,True,13.08,51.45,367814592.25,"Stage 2, Advancing, trend_template_ok, weekly_vcp_ok, volume_dryup, weekly_volume_dryup, flags=Wider Risk",48,34.0,Stage 2,watchlist,weekly_near_pivot,57.97,-14.0,-4.019999999999996,False,False,False,False,False
LTM.NS,LTM Limited,Information Technology Services,Technology,True,F&O,1,Stage 4,Stage 4,Stage 4,0.66,Price is below weekly structure.,,,,,watchlist,weekly_watchlist,watchlist,6.34,34.59,9.23,0.0,6.34,34.59,9.23,Stage 4,9.23,Neutral,Volume Normal,Volume Normal (1.14x vs 10W Avg),16.26,Outperformed Nifty by 16.26% in 3 Months,False,16.26,-1.41,1617295265.65,"Stage 4, Stage 4, weekly_vcp_ok, weekly_strong, flags=Wide Weekly Base;Wide Risk;Low Liquidity, downtrend",647,632.0,Stage 4,watchlist,weekly_watchlist,10.55,-15.0,-1.3200000000000003,False,False,False,False,False
TSFINV.NS,TSF INVESTMENTS LIMITED,Asset Management,Financial Services,False,Cash,1,Stage 1,Stage 1,Stage 1,0.68,Price is building a base around long-term weekly structure without a confirmed advancing phase.,,,,,watchlist,weekly_watchlist,watchlist,0.0,13.47,11.91,0.0,0.0,13.47,11.91,Stage 1,11.91,Strong,Volume Normal,Volume Normal (1.13x vs 10W Avg),2.21,Outperformed Nifty by 2.21% in 3 Months,False,2.21,26.44,34973534.83,"Stage 1, Stage 1, flags=Low Liquidity, stage1_not_actionable, stage1_needs_more_base",578,562.0,Stage 1,watchlist,weekly_watchlist,13.99,-16.0,-2.08,False,False,False,False,False
ADANIENT.NS,Adani Enterprises Limited,Energy,Energy,True,F&O,1,Failed Stage 2,Stage 3,Failed Stage 2,0.72,"This stock was recently Stage 2, but the latest structure no longer satisfies Stage 2 rules. It is kept as Failed Stage 2 until a fresh base/repair structure forms.",Recent Stage 2 break; public stage held as Failed Stage 2.,2026-09-28,2026-09-24,,watchlist,weekly_watchlist,watchlist,2.81,4.89,7.6,5.0,2.81,4.89,12.6,Failed Stage 2,7.6,Weak,Volume Drying Up,Volume Drying Up (0.62x vs 10W Avg),-5.8,Underperformed Nifty by 5.8% in 3 Months,False,-5.8,56.68,4207074819.19,"Stage 3, Early, volume_dryup, weekly_volume_dryup, flags=Wide Risk;Low Liquidity, distribution_or_weakening_risk | Stage 2 failed state applied from stage memory.",561,545.0,Failed Stage 2,watchlist,weekly_watchlist,15.06,-16.0,-2.460000000000001,False,False,False,False,False
BHARTIHEXA.NS,Bharti Hexacom Limited,Telecom Services,Communication Services,False,Cash,1,Stage 1,Stage 1,Stage 1,0.64,Price is building a base around long-term weekly structure without a confirmed advancing phase.,,,,,watchlist,weekly_watchlist,watchlist,0.0,42.52,13.99,0.0,0.0,42.52,13.99,Stage 1,13.99,Weak,Volume Drying Up,Volume Drying Up (0.47x vs 10W Avg),5.22,Outperformed Nifty by 5.22% in 3 Months,False,5.22,-2.03,118204699.1,"Stage 1, Stage 1, weekly_vcp_ok, volume_dryup, weekly_volume_dryup, weekly_strong, flags=Wide Risk;Low Liquidity, stage1_not_actionable, stage1_needs_more_base",530,514.0,Stage 1,watchlist,weekly_watchlist,16.67,-16.0,-2.6800000000000015,False,False,False,False,False
OBEROIRLTY.NS,Oberoi Realty Limited,Real Estate,Real Estate,True,F&O,1,Stage 2,Stage 2,Advancing,0.9,Price is above constructive weekly and long-term trend structure with improving relative strength.,,,2026-09-25,,watchlist,weekly_watchlist,watchlist,30.6,27.2,28.51,2.0,30.6,27.2,30.51,Stage 2 - Advancing,28.51,Very Strong,Volume Normal,Volume Normal (1.09x vs 10W Avg),3.35,Outperformed Nifty by 3.35% in 3 Months,True,3.35,26.66,836919583.52,"Stage 2, Advancing, trend_template_ok, flags=Wider Risk;Low Liquidity",313,297.0,Stage 2,watchlist,weekly_watchlist,34.14,-16.0,-3.629999999999999,False,False,False,False,False
TORNTPHARM.NS,Torrent Pharmaceuticals Limited,Drug Manufacturers - Specialty & Generic,Healthcare,True,F&O,1,Stage 2,Stage 2,Advancing,0.8,Price is above constructive weekly and long-term trend structure with improving relative strength.,,,2026-09-25,,watchlist,weekly_watchlist,watchlist,56.4,24.02,37.43,10.0,56.4,24.02,47.43,Stage 2 - Advancing,37.43,Strong,Volume Drying Up,Volume Drying Up (0.80x vs 10W Avg),9.56,Outperformed Nifty by 9.56% in 3 Months,True,9.56,24.62,1512225496.08,"Stage 2, Advancing, trend_template_ok, weekly_volume_dryup, flags=Wider Risk;Low Liquidity",97,81.0,Stage 2,forming_vcp,weekly_watchlist,51.23,-16.0,-3.799999999999997,False,False,False,False,False
63MOONS.NS,63 moons technologies limited,Software - Application,Technology,False,Cash,1,Stage 2,Stage 2,Advancing,0.8,Price is above constructive weekly and long-term trend structure with improving relative strength.,,,2026-09-25,,forming_vcp,weekly_watchlist,watchlist,58.89,21.8,30.72,5.0,58.89,21.8,35.72,Stage 2 - Advancing,30.72,Very Strong,Volume Drying Up,Volume Drying Up (0.68x vs 10W Avg),29.14,Outperformed Nifty by 29.14% in 3 Months,True,29.14,67.8,450555620.59,"Stage 2, Advancing, trend_template_ok, daily_vcp_ok, volume_dryup, weekly_volume_dryup, flags=Loose Structure;Wide Risk;Low Liquidity",246,229.0,Stage 2,forming_vcp,weekly_watchlist,38.97,-17.0,-3.25,False,False,False,False,False
CARTRADE.NS,Cartrade Tech Limited,Consumer Cyclical,Consumer Cyclical,False,Cash,1,Stage 2,Stage 2,Advancing,0.8,Price is above constructive weekly and long-term trend structure with improving relative strength.,,,2026-09-25,,watchlist,weekly_forming,watchlist,57.03,64.0,49.31,2.0,57.03,64.0,51.31,Stage 2 - Advancing,49.31,Strong,Volume Drying Up,Volume Drying Up (0.58x vs 10W Avg),10.14,Outperformed Nifty by 10.14% in 3 Months,True,10.14,72.12,965129113.44,"Stage 2, Advancing, trend_template_ok, weekly_vcp_ok, volume_dryup, weekly_volume_dryup, weekly_strong, flags=Wide Weekly Base;Wide Risk;Low Liquidity",67,50.0,Stage 2,watchlist,weekly_near_pivot,55.17,-17.0,-3.8599999999999994,False,False,False,False,False
TBOTEK.NS,TBO Tek Limited,Consumer Cyclical,Consumer Cyclical,False,Cash,1,Stage 2,Stage 2,Advancing,0.8,Price is above constructive weekly and long-term trend structure with improving relative strength.,,,2026-09-25,,watchlist,weekly_watchlist,watchlist,39.94,30.41,42.19,2.0,39.94,30.41,44.19,Stage 2 - Advancing,42.19,Very Strong,Volume Drying Up,Volume Normal (0.88x vs 10W Avg),14.55,Outperformed Nifty by 14.55% in 3 Months,True,14.55,53.53,276252897.72,"Stage 2, Advancing, trend_template_ok, volume_dryup, weekly_volume_dryup, flags=Wider Risk",124,107.0,Stage 2,watchlist,weekly_watchlist,48.27,-17.0,-4.080000000000005,False,False,False,False,False
BALMLAWRIE.NS,Balmer Lawrie & Company Limited,Conglomerates,Industrials,False,Cash,1,Stage 3,Stage 3,Early,0.68,"Prior strength has shifted into a Stage 3 transition based on trend, relative strength, and volume evidence.",,,,,watchlist,weekly_watchlist,watchlist,0.0,36.33,13.4,0.0,0.0,36.33,13.4,Stage 3 Early,13.4,Weak,Volume Drying Up,Volume Drying Up (0.72x vs 10W Avg),-3.52,Underperformed Nifty by 3.52% in 3 Months,False,-3.52,6.85,22616139.22,"Stage 3, Early, weekly_vcp_ok, volume_dryup, weekly_volume_dryup, weekly_strong, flags=Wider Risk;Low Liquidity, distribution_or_weakening_risk",544,526.0,Stage 3,watchlist,weekly_watchlist,16.07,-18.0,-2.67,False,False,False,False,False
CUB.NS,City Union Bank Limited,Banks - Regional,Financial Services,False,Cash,1,Stage 2,Stage 2,Advancing,0.8,Price is above constructive weekly and long-term trend structure with improving relative strength.,,,2026-09-25,,watchlist,weekly_forming,watchlist,60.69,58.83,51.06,2.0,60.69,58.83,53.06,Stage 2 - Advancing,51.06,Strong,Volume Drying Up,Volume Normal (0.90x vs 10W Avg),5.2,Outperformed Nifty by 5.2% in 3 Months,True,5.2,23.13,509561346.51,"Stage 2, Advancing, trend_template_ok, weekly_vcp_ok, volume_dryup, weekly_volume_dryup, weekly_strong, flags=Wide Risk;Low Liquidity",56,38.0,Stage 2,watchlist,weekly_near_pivot,56.56,-18.0,-3.5,False,False,False,False,False
ONGC.NS,Oil & Natural Gas Corporation Limited,Energy,Energy,True,F&O,1,Not Sure,Stage 4,Pending Stage 4,0.55,Blocked public stage jump Stage 1 -> Stage 4; waiting for intermediate/confirmed structure.,Blocked public stage jump Stage 1 -> Stage 4; waiting for intermediate/confirmed structure.,,,Stage 4,watchlist,weekly_watchlist,watchlist,5.52,32.0,17.33,5.0,5.52,32.0,22.33,Not Sure - Unclear,17.33,Weak,Volume Drying Up,Volume Drying Up (0.73x vs 10W Avg),2.99,Outperformed Nifty by 2.99% in 3 Months,False,2.99,-17.32,2273438654.53,"Stage 4, Stage 4, weekly_vcp_ok, volume_dryup, weekly_volume_dryup, weekly_strong, flags=Wider Risk;Low Liquidity, downtrend | Blocked public stage jump Stage 1 -> Stage 4; waiting for intermediate/confirmed structure.",396,378.0,Stage 1,watchlist,weekly_watchlist,27.04,-18.0,-4.710000000000001,False,False,False,False,False
NAZARA.NS,Nazara Technologies Limited,Communication Services,Communication Services,False,Cash,1,Stage 2,Stage 2,Advancing,0.9,Price is above constructive weekly and long-term trend structure with improving relative strength.,,,2026-09-25,,watchlist,weekly_breakout,watchlist,49.19,64.0,52.93,5.0,49.19,64.0,57.93,Stage 2 - Advancing,52.93,Very Strong,Volume Drying Up,Volume Drying Up (0.74x vs 10W Avg),29.48,Outperformed Nifty by 29.48% in 3 Months,True,29.48,63.87,492564701.18,"Stage 2, Advancing, trend_template_ok, weekly_vcp_ok, volume_dryup, weekly_volume_dryup, weekly_strong, flags=Wider Risk;Low Liquidity",26,8.0,Stage 2,near_pivot,weekly_breakout,67.68,-18.0,-9.750000000000007,False,False,False,False,False
JSWENERGY.NS,JSW Energy Limited,Utilities,Utilities,True,F&O,1,Stage 4,Stage 4,Stage 4,0.66,Price is below weekly structure.,,,2026-08-17,,watchlist,weekly_watchlist,watchlist,6.24,30.0,9.77,0.0,6.24,30.0,9.77,Stage 4,9.77,Weak,Volume Drying Up,Volume Drying Up (0.84x vs 10W Avg),-7.34,Underperformed Nifty by 7.34% in 3 Months,False,-7.34,3.39,929326427.28,"Stage 4, Stage 4, weekly_vcp_ok, weekly_volume_dryup, weekly_strong, flags=Wide Risk;Low Liquidity, downtrend",640,621.0,Stage 4,watchlist,weekly_watchlist,11.24,-19.0,-1.4700000000000006,False,False,False,False,False
CUMMINSIND.NS,Cummins India Limited,Specialty Industrial Machinery,Industrials,True,F&O,1,Stage 3,Stage 3,Early,0.68,"Prior strength has shifted into a Stage 3 transition based on trend, relative strength, and volume evidence.",,,2026-08-18,,watchlist,weekly_watchlist,watchlist,0.0,36.05,8.92,10.0,0.0,36.05,18.92,Stage 3 Early,8.92,Weak,Volume Drying Up,Volume Drying Up (0.74x vs 10W Avg),-7.14,Underperformed Nifty by 7.14% in 3 Months,False,-7.14,7.61,1740063316.58,"Stage 3, Early, weekly_vcp_ok, volume_dryup, weekly_volume_dryup, weekly_strong, flags=Wide Risk;Low Liquidity, distribution_or_weakening_risk",439,420.0,Stage 3,watchlist,weekly_watchlist,23.3,-19.0,-4.379999999999999,False,False,False,False,False
JYOTHYLAB.NS,Jyothy Labs Limited,Household & Personal Products,Consumer Defensive,False,Cash,1,Stage 4,Stage 4,Stage 4,0.86,Price is below the 30-week trend and below long-term support structure.,,,,,watchlist,weekly_watchlist,watchlist,0.0,0.0,0.0,0.0,0.0,0.0,0.0,Stage 4,0.0,Weak,Volume Drying Up,Volume Drying Up (0.27x vs 10W Avg),2.91,Outperformed Nifty by 2.91% in 3 Months,False,2.91,-4.96,187863836.81,"Stage 4, Stage 4, volume_dryup, weekly_volume_dryup, flags=Wide Risk;Low Liquidity, downtrend",910,890.0,Stage 4,watchlist,weekly_watchlist,0.0,-20.0,0.0,False,False,False,False,False
ITCHOTELS.NS,ITC Hotels Limited,Consumer Cyclical,Consumer Cyclical,False,Cash,1,Stage 4,Stage 4,Stage 4,0.86,Price is below the 30-week trend and below long-term support structure.,,,,,watchlist,weekly_watchlist,watchlist,2.27,0.0,1.97,2.0,2.27,0.0,3.97,Stage 4,1.97,Neutral,Volume Normal,Volume Normal (1.04x vs 10W Avg),-5.29,Underperformed Nifty by 5.29% in 3 Months,False,-5.29,10.04,255501464.42,"Stage 4, Stage 4, flags=Wider Risk;Low Liquidity, downtrend",760,740.0,Stage 3,watchlist,weekly_watchlist,5.45,-20.0,-1.48,False,False,False,False,False
PICCADIL.NS,Piccadily Agro Industries Limited,Consumer Defensive,Consumer Defensive,False,Cash,1,Stage 1,Stage 1,Stage 1,0.64,Price is building a base around long-term weekly structure without a confirmed advancing phase.,,,,,watchlist,weekly_watchlist,watchlist,0.0,42.63,12.31,0.0,0.0,42.63,12.31,Stage 1,12.31,Neutral,Volume Drying Up,Volume Drying Up (0.46x vs 10W Avg),1.47,Outperformed Nifty by 1.47% in 3 Months,False,1.47,13.82,94833753.36,"Stage 1, Stage 1, weekly_vcp_ok, volume_dryup, weekly_volume_dryup, weekly_strong, flags=Wide Risk;Low Liquidity, stage1_not_actionable, stage1_needs_more_base",572,551.0,Stage 1,watchlist,weekly_watchlist,14.77,-21.0,-2.459999999999999,False,False,False,False,False
PRUDENT.NS,Prudent Corporate Advisory Services Limited,Asset Management,Financial Services,False,Cash,1,Failed Stage 2,Stage 3,Failed Stage 2,0.72,"This stock was recently Stage 2, but the latest structure no longer satisfies Stage 2 rules. It is kept as Failed Stage 2 until a fresh base/repair structure forms.",Recent Stage 2 break; public stage held as Failed Stage 2.,2026-09-28,2026-09-24,,watchlist,weekly_watchlist,watchlist,14.42,40.64,14.28,0.0,14.42,40.64,14.28,Failed Stage 2,14.28,Strong,Volume Drying Up,Volume Drying Up (0.67x vs 10W Avg),10.82,Outperformed Nifty by 10.82% in 3 Months,False,10.82,42.58,104317442.46,"Stage 3, Late, weekly_vcp_ok, volume_dryup, weekly_volume_dryup, weekly_strong, flags=Wide Risk;Low Liquidity, distribution_or_weakening_risk | Stage 2 failed state applied from stage memory.",522,501.0,Failed Stage 2,watchlist,weekly_watchlist,17.38,-21.0,-3.0999999999999996,False,False,False,False,False
SBCL.NS,Shivalik Bimetal Controls Limited,Metal Fabrication,Industrials,False,Cash,1,Stage 2,Stage 2,Extended,0.78,"Weekly advancing structure remains intact, but price is stretched versus key moving averages.",,,2026-09-25,,watchlist,weekly_watchlist,watchlist,37.6,26.6,23.69,10.0,37.6,26.6,33.69,Stage 2 - Extended,23.69,Very Strong,Volume Drying Up,Volume Drying Up (0.32x vs 10W Avg),50.86,Outperformed Nifty by 50.86% in 3 Months,True,50.86,173.48,353510524.91,"Stage 2, Extended, trend_template_ok, volume_dryup, weekly_volume_dryup, flags=Loose Structure;Extended;Wide Risk;Low Liquidity",266,245.0,Stage 2,watchlist,weekly_watchlist,37.72,-21.0,-4.030000000000001,False,False,False,False,False
STYLAMIND.NS,Stylam Industries Limited,"Furnishings, Fixtures & Appliances",Consumer Cyclical,False,Cash,1,Stage 2,Stage 2,Advancing,0.8,Price is above constructive weekly and long-term trend structure with improving relative strength.,,,2026-09-25,,watchlist,weekly_watchlist,watchlist,46.47,19.66,30.72,0.0,46.47,19.66,30.72,Stage 2 - Advancing,30.72,Neutral,Volume Drying Up,Volume Drying Up (0.74x vs 10W Avg),5.55,Outperformed Nifty by 5.55% in 3 Months,True,5.55,53.02,139869880.43,"Stage 2, Advancing, trend_template_ok, volume_dryup, weekly_volume_dryup, flags=Wider Risk;Low Liquidity",309,288.0,Stage 2,watchlist,weekly_watchlist,34.86,-21.0,-4.140000000000001,False,False,False,False,False
COALINDIA.NS,Coal India Limited,Energy,Energy,True,F&O,1,Stage 1,Stage 1,Stage 1,0.64,Price is building a base around long-term weekly structure without a confirmed advancing phase.,,,,,watchlist,weekly_watchlist,watchlist,0.0,15.66,12.2,5.0,0.0,15.66,17.2,Stage 1,12.2,Strong,Volume Drying Up,Volume Normal (0.91x vs 10W Avg),3.89,Outperformed Nifty by 3.89% in 3 Months,False,3.89,-1.26,3824730319.72,"Stage 1, Stage 1, volume_dryup, flags=Low Liquidity, stage1_not_actionable, stage1_needs_more_base",465,444.0,Stage 1,watchlist,weekly_watchlist,21.41,-21.0,-4.210000000000001,False,False,False,False,False
REFEX.NS,Refex Industries Limited,Energy,Energy,False,Cash,1,Stage 3,Stage 3,Early,0.68,"Prior strength has shifted into a Stage 3 transition based on trend, relative strength, and volume evidence.",,,,,watchlist,weekly_watchlist,watchlist,0.0,37.98,7.37,5.0,0.0,37.98,12.37,Stage 3 Early,7.37,Neutral,Volume Drying Up,Volume Drying Up (0.51x vs 10W Avg),-18.98,Underperformed Nifty by 18.98% in 3 Months,False,-18.98,38.82,169373912.44,"Stage 3, Early, weekly_vcp_ok, weekly_volume_dryup, weekly_strong, flags=Wide Weekly Base;Wide Risk;Low Liquidity, distribution_or_weakening_risk",571,549.0,Stage 3,watchlist,weekly_watchlist,14.86,-22.0,-2.49,False,False,False,False,False
DEEPAKNTR.NS,Deepak Nitrite Limited,Chemicals,Basic Materials,False,Cash,1,Failed Stage 2,Stage 3,Failed Stage 2,0.72,"This stock was recently Stage 2, but the latest structure no longer satisfies Stage 2 rules. It is kept as Failed Stage 2 until a fresh base/repair structure forms.",Recent Stage 2 break; public stage held as Failed Stage 2.,2026-09-28,2026-09-23,,watchlist,weekly_watchlist,watchlist,0.0,38.17,10.71,5.0,0.0,38.17,15.71,Failed Stage 2,10.71,Neutral,Volume Drying Up,Volume Drying Up (0.30x vs 10W Avg),4.18,Outperformed Nifty by 4.18% in 3 Months,False,4.18,17.47,451565358.32,"Stage 3, Late, weekly_vcp_ok, volume_dryup, weekly_volume_dryup, weekly_strong, flags=Wide Risk;Low Liquidity, distribution_or_weakening_risk | Stage 2 failed state applied from stage memory.",498,476.0,Failed Stage 2,watchlist,weekly_watchlist,18.43,-22.0,-2.719999999999999,False,False,False,False,False
INDUSTOWER.NS,Indus Towers Limited,Telecom Services,Communication Services,True,F&O,1,Stage 4,Stage 4,Stage 4,0.66,Price is below weekly structure.,,,,,watchlist,weekly_watchlist,watchlist,4.2,32.0,16.12,0.0,4.2,32.0,16.12,Stage 4,16.12,Neutral,Volume Normal,Volume Normal (0.92x vs 10W Avg),2.45,Outperformed Nifty by 2.45% in 3 Months,False,2.45,-9.82,1561758779.18,"Stage 4, Stage 4, weekly_vcp_ok, weekly_strong, flags=Wider Risk;Low Liquidity, downtrend",487,465.0,Stage 4,watchlist,weekly_watchlist,19.16,-22.0,-3.039999999999999,False,False,False,False,False
USHAMART.NS,Usha Martin Limited,Steel,Basic Materials,False,Cash,1,Stage 2,Stage 2,Advancing,0.9,Price is above constructive weekly and long-term trend structure with improving relative strength.,,,2026-09-25,,watchlist,weekly_near_pivot,watchlist,31.14,66.74,42.58,10.0,31.14,66.74,52.58,Stage 2 - Advancing,42.58,Strong,Volume Normal,Volume Normal (1.44x vs 10W Avg),6.98,Outperformed Nifty by 6.98% in 3 Months,True,6.98,28.46,654301101.2,"Stage 2, Advancing, trend_template_ok, weekly_vcp_ok, weekly_strong, flags=Wider Risk;Low Liquidity",61,39.0,Stage 2,watchlist,weekly_near_pivot,56.03,-22.0,-3.450000000000003,False,False,False,False,False
MARINE.NS,Marine Electricals (India) Limited,Electrical Equipment & Parts,Industrials,False,Cash,1,Stage 2,Stage 2,Extended,0.78,"Weekly advancing structure remains intact, but price is stretched versus key moving averages.",,,2026-09-25,,watchlist,weekly_watchlist,watchlist,35.86,35.8,27.85,10.0,35.86,35.8,37.85,Stage 2 - Extended,27.85,Very Strong,Volume Expanding,Volume Expanding (3.49x vs 10W Avg),55.88,Outperformed Nifty by 55.88% in 3 Months,True,55.88,150.96,853116799.8,"Stage 2, Extended, trend_template_ok, flags=Loose Structure;Extended;Wide Risk;Low Liquidity",215,193.0,Stage 2,watchlist,weekly_watchlist,41.65,-22.0,-3.799999999999997,False,False,False,False,False
JYOTICNC.NS,Jyoti CNC Automation Limited,Specialty Industrial Machinery,Industrials,False,Cash,1,Stage 2,Stage 2,Advancing,0.8,Price is above constructive weekly and long-term trend structure with improving relative strength.,,,2026-09-25,,watchlist,weekly_near_pivot,watchlist,54.4,69.87,38.32,10.0,54.4,69.87,48.32,Stage 2 - Advancing,38.32,Very Strong,Volume Drying Up,Volume Drying Up (0.77x vs 10W Avg),39.26,Outperformed Nifty by 39.26% in 3 Months,True,39.26,37.48,1380377236.1,"Stage 2, Advancing, trend_template_ok, weekly_vcp_ok, weekly_volume_dryup, weekly_strong, flags=Loose Structure;Wide Risk;Low Liquidity",90,68.0,Stage 2,watchlist,weekly_breakout,52.24,-22.0,-3.9200000000000017,False,False,False,False,False
JKCEMENT.NS,JK Cement Limited,Building Materials,Basic Materials,False,Cash,1,Stage 4,Stage 4,Stage 4,0.86,Price is below the 30-week trend and below long-term support structure.,,,,,watchlist,weekly_watchlist,watchlist,0.0,2.4,0.0,0.0,0.0,2.4,0.0,Stage 4,0.0,Weak,Volume Drying Up,Volume Drying Up (0.70x vs 10W Avg),-4.28,Underperformed Nifty by 4.28% in 3 Months,False,-4.28,-0.81,214712067.12,"Stage 4, Stage 4, weekly_volume_dryup, flags=Wide Risk;Low Liquidity, downtrend",872,849.0,Stage 4,watchlist,weekly_watchlist,0.0,-23.0,0.0,False,False,False,False,False
TECHNOE.NS,Techno Electric & Engineering Company Limited,Engineering & Construction,Industrials,False,Cash,1,Stage 4,Stage 4,Stage 4,0.86,Price is below the 30-week trend and below long-term support structure.,,,,,watchlist,weekly_watchlist,watchlist,6.82,0.0,1.72,0.0,6.82,0.0,1.72,Stage 4,1.72,Weak,Volume Drying Up,Volume Drying Up (0.50x vs 10W Avg),-3.85,Underperformed Nifty by 3.85% in 3 Months,False,-3.85,-3.5,128728094.17,"Stage 4, Stage 4, volume_dryup, weekly_volume_dryup, flags=Wide Risk;Low Liquidity, downtrend",813,790.0,Stage 4,watchlist,weekly_watchlist,3.04,-23.0,-1.32,False,False,False,False,False
BHARATFORG.NS,Bharat Forge Limited,Auto Parts,Consumer Cyclical,True,F&O,1,Stage 3,Stage 3,Late,0.76,"Prior strength has shifted into a Stage 3 transition based on trend, relative strength, and volume evidence.",,,2026-09-03,,watchlist,weekly_watchlist,watchlist,0.0,0.0,0.0,5.0,0.0,0.0,5.0,Stage 3 Late,0.0,Neutral,Volume Drying Up,Volume Drying Up (0.81x vs 10W Avg),-3.55,Underperformed Nifty by 3.55% in 3 Months,False,-3.55,21.76,1802268235.69,"Stage 3, Late, volume_dryup, weekly_volume_dryup, flags=Wide Risk;Low Liquidity, distribution_or_weakening_risk",737,714.0,Stage 3,watchlist,weekly_watchlist,6.92,-23.0,-1.92,False,False,False,False,False
ALKYLAMINE.NS,Alkyl Amines Chemicals Limited,Specialty Chemicals,Basic Materials,False,Cash,1,Stage 2,Stage 2,Advancing,0.8,Price is above constructive weekly and long-term trend structure with improving relative strength.,,,2026-09-25,,watchlist,weekly_watchlist,watchlist,52.24,22.9,29.79,5.0,52.24,22.9,34.79,Stage 2 - Advancing,29.79,Neutral,Volume Drying Up,Volume Drying Up (0.26x vs 10W Avg),3.57,Outperformed Nifty by 3.57% in 3 Months,True,3.57,39.48,109009475.11,"Stage 2, Advancing, trend_template_ok, volume_dryup, weekly_volume_dryup, flags=Wide Risk;Low Liquidity",257,234.0,Stage 2,watchlist,weekly_watchlist,38.6,-23.0,-3.8100000000000023,False,False,False,False,False
PIIND.NS,PI Industries Limited,Agricultural Inputs,Basic Materials,True,F&O,1,Stage 4,Stage 4,Stage 4,0.86,Price is below the 30-week trend and below long-term support structure.,,,,,watchlist,weekly_watchlist,watchlist,0.0,0.0,0.0,0.0,0.0,0.0,0.0,Stage 4,0.0,Weak,Volume Normal,Volume Normal (1.19x vs 10W Avg),-4.52,Underperformed Nifty by 4.52% in 3 Months,False,-4.52,-13.46,631012987.6,"Stage 4, Stage 4, flags=Wide Risk;Low Liquidity, downtrend",892,868.0,Stage 4,watchlist,weekly_watchlist,0.0,-24.0,0.0,False,False,False,False,False
ROUTE.NS,ROUTE MOBILE LIMITED,Telecom Services,Communication Services,False,Cash,1,Stage 4,Stage 4,Stage 4,0.86,Price is below the 30-week trend and below long-term support structure.,,,,,watchlist,weekly_watchlist,watchlist,0.0,32.0,3.79,0.0,0.0,32.0,3.79,Stage 4,3.79,Weak,Volume Drying Up,Volume Drying Up (0.34x vs 10W Avg),-10.47,Underperformed Nifty by 10.47% in 3 Months,False,-10.47,2.12,109320803.74,"Stage 4, Stage 4, weekly_vcp_ok, volume_dryup, weekly_volume_dryup, weekly_strong, flags=Wide Weekly Base;Wide Risk;Low Liquidity, downtrend",767,743.0,Stage 4,watchlist,weekly_watchlist,5.19,-24.0,-1.4000000000000004,False,False,False,False,False
UNOMINDA.NS,UNO Minda Limited,Auto Parts,Consumer Cyclical,True,F&O,1,Failed Stage 2,Stage 1,Failed Stage 2,0.72,"This stock was recently Stage 2, but the latest structure no longer satisfies Stage 2 rules. It is kept as Failed Stage 2 until a fresh base/repair structure forms.",Recent Stage 2 break; public stage held as Failed Stage 2.,2026-09-28,2026-09-18,,watchlist,weekly_watchlist,watchlist,0.0,28.96,15.66,5.0,0.0,28.96,20.66,Failed Stage 2,15.66,Strong,Volume Drying Up,Volume Drying Up (0.66x vs 10W Avg),9.74,Outperformed Nifty by 9.74% in 3 Months,False,9.74,16.83,732206251.59,"Stage 1, Stage 1, weekly_vcp_ok, volume_dryup, weekly_volume_dryup, flags=Wider Risk;Low Liquidity, stage1_not_actionable, stage1_needs_more_base | Stage 2 failed state applied from stage memory.",414,390.0,Failed Stage 2,watchlist,weekly_watchlist,26.23,-24.0,-5.57,False,False,False,False,False
GREENPANEL.NS,Greenpanel Industries Limited,Basic Materials,Basic Materials,False,Cash,1,Stage 4,Stage 4,Stage 4,0.86,Price is below the 30-week trend and below long-term support structure.,,,,,watchlist,weekly_watchlist,watchlist,0.8,32.0,4.43,0.0,0.8,32.0,4.43,Stage 4,4.43,Weak,Volume Normal,Volume Normal (0.90x vs 10W Avg),-11.01,Underperformed Nifty by 11.01% in 3 Months,False,-11.01,-9.99,76363877.17,"Stage 4, Stage 4, weekly_vcp_ok, weekly_volume_dryup, weekly_strong, flags=Wide Risk;Low Liquidity, downtrend",754,729.0,Stage 4,watchlist,weekly_watchlist,6.04,-25.0,-1.6100000000000003,False,False,False,False,False
VENUSPIPES.NS,Venus Pipes & Tubes Limited,Steel,Basic Materials,False,Cash,1,Stage 2,Stage 2,Extended,0.78,"Weekly advancing structure remains intact, but price is stretched versus key moving averages.",,,2026-09-25,,watchlist,weekly_watchlist,watchlist,52.43,25.4,28.87,10.0,52.43,25.4,38.87,Stage 2 - Extended,28.87,Very Strong,Volume Drying Up,Volume Drying Up (0.80x vs 10W Avg),24.76,Outperformed Nifty by 24.76% in 3 Months,True,24.76,118.08,731399320.62,"Stage 2, Extended, trend_template_ok, weekly_volume_dryup, flags=Loose Structure;Extended;Wide Risk;Low Liquidity",203,178.0,Stage 2,watchlist,weekly_watchlist,42.45,-25.0,-3.5800000000000054,False,False,False,False,False
JMFINANCIL.NS,JM Financial Limited,Capital Markets,Financial Services,False,Cash,1,Stage 1,Stage 1,Stage 1,0.64,Price is building a base around long-term weekly structure without a confirmed advancing phase.,,,,,watchlist,weekly_watchlist,watchlist,5.45,43.21,20.7,0.0,5.45,43.21,20.7,Stage 1,20.7,Strong,Volume Drying Up,Volume Drying Up (0.67x vs 10W Avg),2.0,Outperformed Nifty by 2.0% in 3 Months,False,2.0,8.1,302480642.81,"Stage 1, Stage 1, weekly_vcp_ok, volume_dryup, weekly_volume_dryup, weekly_strong, flags=Wider Risk;Low Liquidity, stage1_not_actionable, stage1_needs_more_base",412,387.0,Stage 1,watchlist,weekly_watchlist,26.45,-25.0,-5.75,False,False,False,False,False
IEX.NS,Indian Energy Exchange Limited,Capital Markets,Financial Services,True,F&O,1,Stage 4,Stage 4,Stage 4,0.86,Price is below the 30-week trend and below long-term support structure.,,,,,watchlist,weekly_watchlist,watchlist,0.0,2.4,0.0,0.0,0.0,2.4,0.0,Stage 4,0.0,Weak,Volume Drying Up,Volume Drying Up (0.61x vs 10W Avg),-4.73,Underperformed Nifty by 4.73% in 3 Months,False,-4.73,-3.03,392036015.55,"Stage 4, Stage 4, volume_dryup, weekly_volume_dryup, flags=Wide Risk;Low Liquidity, downtrend",874,848.0,Stage 4,watchlist,weekly_watchlist,0.0,-26.0,0.0,False,False,False,False,False
RAMRAT.NS,Ram Ratna Wires Limited,Electrical Equipment & Parts,Industrials,False,Cash,1,Stage 2,Stage 2,Extended,0.78,"Weekly advancing structure remains intact, but price is stretched versus key moving averages.",,,2026-09-25,,watchlist,weekly_watchlist,watchlist,39.59,30.4,36.33,10.0,39.59,30.4,46.33,Stage 2 - Extended,36.33,Very Strong,Volume Drying Up,Volume Normal (0.91x vs 10W Avg),45.7,Outperformed Nifty by 45.7% in 3 Months,True,45.7,91.28,163486814.01,"Stage 2, Extended, trend_template_ok, volume_dryup, flags=Loose Structure;Extended;Wide Risk",108,82.0,Stage 2,watchlist,weekly_watchlist,51.19,-26.0,-4.859999999999999,False,False,False,False,False
AEGISLOG.NS,Aegis Logistics Limited,Oil & Gas Refining & Marketing,Energy,False,Cash,1,Stage 2,Stage 2,Advancing,0.8,Price is above constructive weekly and long-term trend structure with improving relative strength.,,,2026-09-25,,watchlist,weekly_watchlist,watchlist,34.74,23.0,21.22,5.0,34.74,23.0,26.22,Stage 2 - Advancing,21.22,Strong,Volume Drying Up,Volume Drying Up (0.71x vs 10W Avg),4.59,Outperformed Nifty by 4.59% in 3 Months,True,4.59,125.43,1271747441.07,"Stage 2, Advancing, trend_template_ok, weekly_volume_dryup, flags=Wide Risk;Low Liquidity",354,328.0,Stage 2,watchlist,weekly_watchlist,31.3,-26.0,-5.080000000000002,False,False,False,False,False
MAHSCOOTER.NS,Maharashtra Scooters Limited,Asset Management,Financial Services,False,Cash,1,Stage 1,Stage 1,Stage 1,0.64,Price is building a base around long-term weekly structure without a confirmed advancing phase.,,,,,watchlist,weekly_watchlist,watchlist,1.63,43.78,21.36,0.0,1.63,43.78,21.36,Stage 1,21.36,Strong,Volume Drying Up,Volume Drying Up (0.75x vs 10W Avg),7.39,Outperformed Nifty by 7.39% in 3 Months,False,7.39,19.44,43906281.14,"Stage 1, Stage 1, weekly_vcp_ok, weekly_volume_dryup, weekly_strong, flags=Wider Risk;Low Liquidity, stage1_not_actionable, stage1_needs_more_base",406,380.0,Stage 1,watchlist,weekly_watchlist,26.95,-26.0,-5.59,False,False,False,False,False
CHAMBLFERT.NS,Chambal Fertilizers & Chemicals Limited,Agricultural Inputs,Basic Materials,False,Cash,1,Stage 4,Stage 4,Stage 4,0.66,Price is below weekly structure.,,,,,watchlist,weekly_watchlist,watchlist,4.62,0.0,0.68,0.0,4.62,0.0,0.68,Stage 4,0.68,Weak,Volume Normal,Volume Normal (0.91x vs 10W Avg),-6.0,Underperformed Nifty by 6.0% in 3 Months,False,-6.0,-4.0,199967488.93,"Stage 4, Stage 4, flags=Wide Risk;Low Liquidity, downtrend",821,794.0,Stage 4,watchlist,weekly_watchlist,2.52,-27.0,-1.8399999999999999,False,False,False,False,False
RELIGARE.NS,Religare Enterprises Limited,Insurance - Life,Financial Services,False,Cash,1,Failed Stage 2,Stage 3,Failed Stage 2,0.72,"This stock was recently Stage 2, but the latest structure no longer satisfies Stage 2 rules. It is kept as Failed Stage 2 until a fresh base/repair structure forms.",Recent Stage 2 break; public stage held as Failed Stage 2.,2026-09-28,2026-09-23,,watchlist,weekly_watchlist,watchlist,0.0,36.12,15.3,0.0,0.0,36.12,15.3,Failed Stage 2,15.3,Neutral,Volume Drying Up,Volume Drying Up (0.52x vs 10W Avg),-5.68,Underperformed Nifty by 5.68% in 3 Months,False,-5.68,6.92,210462472.13,"Stage 3, Early, weekly_vcp_ok, volume_dryup, weekly_volume_dryup, weekly_strong, flags=Wider Risk;Low Liquidity, distribution_or_weakening_risk | Stage 2 failed state applied from stage memory.",504,477.0,Failed Stage 2,watchlist,weekly_watchlist,18.42,-27.0,-3.120000000000001,False,False,False,False,False
BANARISUG.NS,Bannari Amman Sugars Limited,Consumer Defensive,Consumer Defensive,False,Cash,1,Stage 1,Stage 1,Stage 1,0.64,Price is building a base around long-term weekly structure without a confirmed advancing phase.,,,2026-08-20,,watchlist,weekly_watchlist,watchlist,0.0,26.3,5.18,0.0,0.0,26.3,5.18,Stage 1,5.18,Weak,Volume Drying Up,Volume Drying Up (0.43x vs 10W Avg),3.04,Outperformed Nifty by 3.04% in 3 Months,False,3.04,-4.71,5800322.15,"Stage 1, Stage 1, weekly_vcp_ok, volume_dryup, weekly_volume_dryup, flags=Wide Risk;Low Liquidity, stage1_not_actionable, stage1_needs_more_base",721,693.0,Stage 1,watchlist,weekly_watchlist,8.14,-28.0,-2.960000000000001,False,False,False,False,False
SONATSOFTW.NS,Sonata Software Limited,Information Technology Services,Technology,False,Cash,1,Stage 3,Stage 3,Early,0.68,"Prior strength has shifted into a Stage 3 transition based on trend, relative strength, and volume evidence.",,,,,watchlist,weekly_watchlist,watchlist,0.0,40.06,14.5,0.0,0.0,40.06,14.5,Stage 3 Early,14.5,Strong,Volume Drying Up,Volume Drying Up (0.33x vs 10W Avg),6.99,Outperformed Nifty by 6.99% in 3 Months,False,6.99,22.56,318864698.49,"Stage 3, Early, weekly_vcp_ok, weekly_volume_dryup, weekly_strong, flags=Wide Weekly Base;Wider Risk;Low Liquidity, distribution_or_weakening_risk",517,489.0,Stage 3,watchlist,weekly_watchlist,17.73,-28.0,-3.2300000000000004,False,False,False,False,False
TMB.NS,Tamilnad Mercantile Bank Limited,Banks - Regional,Financial Services,False,Cash,1,Stage 2,Stage 2,Advancing,0.8,Price is above constructive weekly and long-term trend structure with improving relative strength.,,,2026-09-25,,watchlist,weekly_watchlist,watchlist,37.4,21.33,28.3,2.0,37.4,21.33,30.3,Stage 2 - Advancing,28.3,Very Strong,Volume Drying Up,Volume Drying Up (0.44x vs 10W Avg),20.61,Outperformed Nifty by 20.61% in 3 Months,True,20.61,42.72,128530243.22,"Stage 2, Advancing, trend_template_ok, volume_dryup, weekly_volume_dryup, flags=Wider Risk;Low Liquidity",315,287.0,Stage 2,watchlist,weekly_watchlist,34.87,-28.0,-4.569999999999997,False,False,False,False,False
APLAPOLLO.NS,APL Apollo Tubes Limited,Steel,Basic Materials,True,F&O,1,Stage 2,Stage 2,Advancing,0.8,Price is above constructive weekly and long-term trend structure with improving relative strength.,,,2026-09-25,,watchlist,weekly_near_pivot,watchlist,33.74,68.68,45.16,10.0,33.74,68.68,55.16,Stage 2 - Advancing,45.16,Very Strong,Volume Drying Up,Volume Drying Up (0.65x vs 10W Avg),28.43,Outperformed Nifty by 28.43% in 3 Months,True,28.43,18.38,1318820905.06,"Stage 2, Advancing, trend_template_ok, weekly_vcp_ok, weekly_volume_dryup, weekly_strong, flags=Wider Risk;Low Liquidity",40,12.0,Stage 2,forming_vcp,weekly_near_pivot,66.12,-28.0,-10.960000000000008,False,False,False,False,False
DIVISLAB.NS,Divi's Laboratories Limited,Drug Manufacturers - Specialty & Generic,Healthcare,True,F&O,1,Stage 2,Stage 2,Advancing,0.9,Price is above constructive weekly and long-term trend structure with improving relative strength.,,,2026-09-25,,watchlist,weekly_near_pivot,watchlist,33.22,72.0,47.17,10.0,33.22,72.0,57.17,Stage 2 - Advancing,47.17,Very Strong,Volume Normal,Volume Normal (0.90x vs 10W Avg),48.61,Outperformed Nifty by 48.61% in 3 Months,True,48.61,64.61,4343445930.18,"Stage 2, Advancing, trend_template_ok, weekly_vcp_ok, weekly_strong, flags=Loose Structure;Low Liquidity",32,4.0,Stage 2,watchlist,weekly_near_pivot,70.63,-28.0,-13.459999999999994,False,False,False,False,False
BAJAJCON.NS,Bajaj Consumer Care Limited,Household & Personal Products,Consumer Defensive,False,Cash,1,Stage 3,Stage 3,Early,0.68,"Prior strength has shifted into a Stage 3 transition based on trend, relative strength, and volume evidence.",,,2026-08-11,,watchlist,weekly_watchlist,watchlist,0.0,0.0,0.0,0.0,0.0,0.0,0.0,Stage 3 Early,0.0,Weak,Volume Drying Up,Volume Drying Up (0.63x vs 10W Avg),-16.45,Underperformed Nifty by 16.45% in 3 Months,False,-16.45,35.44,421560346.83,"Stage 3, Early, volume_dryup, weekly_volume_dryup, flags=Wide Weekly Base;Wide Risk;Low Liquidity, distribution_or_weakening_risk",913,884.0,Stage 3,watchlist,weekly_watchlist,0.0,-29.0,0.0,False,False,False,False,False
SKIPPER.NS,Skipper Limited,Engineering & Construction,Industrials,False,Cash,1,Stage 2,Stage 2,Advancing,0.8,Price is above constructive weekly and long-term trend structure with improving relative strength.,,,2026-09-25,,forming_vcp,weekly_watchlist,watchlist,54.52,25.18,36.07,0.0,54.52,25.18,36.07,Stage 2 - Advancing,36.07,Neutral,Volume Drying Up,Volume Drying Up (0.61x vs 10W Avg),-0.25,Underperformed Nifty by 0.25% in 3 Months,True,-0.25,54.07,861388999.43,"Stage 2, Advancing, trend_template_ok, daily_vcp_ok, volume_dryup, weekly_volume_dryup, flags=Wide Risk;Low Liquidity",237,208.0,Stage 2,forming_vcp,weekly_watchlist,40.17,-29.0,-4.100000000000001,False,False,False,False,False
RKFORGE.NS,Ramkrishna Forgings Limited,Metal Fabrication,Industrials,False,Cash,1,Stage 2,Stage 2,Advancing,0.9,Price is above constructive weekly and long-term trend structure with improving relative strength.,,,2026-09-25,,watchlist,weekly_forming,watchlist,39.73,64.07,44.33,10.0,39.73,64.07,54.33,Stage 2 - Advancing,44.33,Very Strong,Volume Drying Up,Volume Drying Up (0.37x vs 10W Avg),27.39,Outperformed Nifty by 27.39% in 3 Months,True,27.39,42.26,414195704.87,"Stage 2, Advancing, trend_template_ok, weekly_vcp_ok, volume_dryup, weekly_volume_dryup, weekly_strong, flags=Loose Structure;Wider Risk;Low Liquidity",46,17.0,Stage 2,watchlist,weekly_forming,62.47,-29.0,-8.14,False,False,False,False,False
LALPATHLAB.NS,Dr. Lal Path Labs Ltd.,Diagnostics & Research,Healthcare,False,Cash,1,Stage 2,Stage 2,Advancing,0.9,Price is above constructive weekly and long-term trend structure with improving relative strength.,,,2026-09-25,,watchlist,weekly_watchlist,watchlist,34.72,29.03,33.26,10.0,34.72,29.03,43.26,Stage 2 - Advancing,33.26,Very Strong,Volume Drying Up,Volume Drying Up (0.85x vs 10W Avg),23.1,Outperformed Nifty by 23.1% in 3 Months,True,23.1,49.17,599940715.03,"Stage 2, Advancing, trend_template_ok, weekly_volume_dryup, flags=Wider Risk;Low Liquidity",138,108.0,Stage 2,watchlist,weekly_watchlist,48.12,-30.0,-4.859999999999999,False,False,False,False,False
CENTURYPLY.NS,Century Plyboards (India) Limited,Basic Materials,Basic Materials,False,Cash,1,Not Sure,Stage 4,Pending Stage 4,0.55,Blocked public stage jump Stage 1 -> Stage 4; waiting for intermediate/confirmed structure.,Blocked public stage jump Stage 1 -> Stage 4; waiting for intermediate/confirmed structure.,,,Stage 4,watchlist,weekly_watchlist,watchlist,0.0,30.2,0.0,0.0,0.0,30.2,0.0,Not Sure - Unclear,0.0,Weak,Volume Normal,Volume Normal (1.18x vs 10W Avg),-4.89,Underperformed Nifty by 4.89% in 3 Months,False,-4.89,-3.64,48219792.68,"Stage 4, Stage 4, weekly_vcp_ok, weekly_strong, flags=Wide Risk;Low Liquidity, downtrend | Blocked public stage jump Stage 1 -> Stage 4; waiting for intermediate/confirmed structure.",861,830.0,Stage 1,watchlist,weekly_watchlist,1.7,-31.0,-1.7,False,False,False,False,False
TRAVELFOOD.NS,Travel Food Services Limited,Consumer Cyclical,Consumer Cyclical,False,Cash,1,Not Sure,Stage 4,Pending Stage 4,0.55,Blocked public stage jump Stage 1 -> Stage 4; waiting for intermediate/confirmed structure.,Blocked public stage jump Stage 1 -> Stage 4; waiting for intermediate/confirmed structure.,,,Stage 4,watchlist,weekly_watchlist,watchlist,0.0,32.0,6.53,2.0,0.0,32.0,8.53,Not Sure - Unclear,6.53,Weak,Volume Drying Up,Volume Drying Up (0.37x vs 10W Avg),-4.39,Underperformed Nifty by 4.39% in 3 Months,False,-4.39,-3.02,38266887.85,"Stage 4, Stage 4, weekly_vcp_ok, volume_dryup, weekly_volume_dryup, weekly_strong, flags=Wide Risk;Low Liquidity, downtrend | Blocked public stage jump Stage 1 -> Stage 4; waiting for intermediate/confirmed structure.",659,628.0,Stage 1,watchlist,weekly_watchlist,10.83,-31.0,-2.3000000000000007,False,False,False,False,False
RADICO.NS,Radico Khaitan Limited,Consumer Defensive,Consumer Defensive,False,Cash,1,Stage 2,Stage 2,Advancing,0.9,Price is above constructive weekly and long-term trend structure with improving relative strength.,,,2026-09-25,,watchlist,weekly_watchlist,watchlist,36.73,37.0,39.37,0.0,36.73,37.0,39.37,Stage 2 - Advancing,39.37,Very Strong,Volume Drying Up,Volume Drying Up (0.75x vs 10W Avg),18.09,Outperformed Nifty by 18.09% in 3 Months,True,18.09,73.36,1019023890.71,"Stage 2, Advancing, trend_template_ok, volume_dryup, weekly_volume_dryup, flags=Low Liquidity",200,169.0,Stage 2,watchlist,weekly_watchlist,43.34,-31.0,-3.970000000000006,False,False,False,False,False
JKLAKSHMI.NS,JK Lakshmi Cement Limited,Building Materials,Basic Materials,False,Cash,1,Stage 4,Stage 4,Stage 4,0.86,Price is below the 30-week trend and below long-term support structure.,,,,,watchlist,weekly_watchlist,watchlist,0.0,33.1,9.06,0.0,0.0,33.1,9.06,Stage 4,9.06,Weak,Volume Drying Up,Volume Drying Up (0.37x vs 10W Avg),-7.33,Underperformed Nifty by 7.33% in 3 Months,False,-7.33,-12.65,62372267.6,"Stage 4, Stage 4, weekly_vcp_ok, volume_dryup, weekly_volume_dryup, weekly_strong, flags=Wider Risk;Low Liquidity, downtrend",651,619.0,Stage 4,watchlist,weekly_watchlist,11.25,-32.0,-2.1899999999999995,False,False,False,False,False
IFBIND.NS,IFB Industries Limited,"Furnishings, Fixtures & Appliances",Consumer Cyclical,False,Cash,1,Not Sure,Stage 4,Pending Stage 4,0.55,Blocked public stage jump Stage 1 -> Stage 4; waiting for intermediate/confirmed structure.,Blocked public stage jump Stage 1 -> Stage 4; waiting for intermediate/confirmed structure.,,,Stage 4,watchlist,weekly_watchlist,watchlist,0.0,3.11,0.7,0.0,0.0,3.11,0.7,Not Sure - Unclear,0.7,Neutral,Volume Drying Up,Volume Drying Up (0.65x vs 10W Avg),-0.79,Underperformed Nifty by 0.79% in 3 Months,False,-0.79,29.93,39771902.17,"Stage 4, Stage 4, volume_dryup, weekly_volume_dryup, flags=Wide Weekly Base;Wider Risk;Low Liquidity, downtrend | Blocked public stage jump Stage 1 -> Stage 4; waiting for intermediate/confirmed structure.",820,788.0,Stage 1,watchlist,weekly_watchlist,3.15,-32.0,-2.45,False,False,False,False,False
ABBOTINDIA.NS,Abbott India Limited,Drug Manufacturers - Specialty & Generic,Healthcare,False,Cash,1,Not Sure,Stage 3,Pending Stage 3,0.55,Blocked public stage jump Stage 1 -> Stage 3; waiting for intermediate/confirmed structure.,Blocked public stage jump Stage 1 -> Stage 3; waiting for intermediate/confirmed structure.,,,Stage 3,watchlist,weekly_watchlist,watchlist,17.33,26.04,33.69,10.0,17.33,26.04,43.69,Not Sure - Unclear,33.69,Very Strong,Volume Drying Up,Volume Drying Up (0.47x vs 10W Avg),12.21,Outperformed Nifty by 12.21% in 3 Months,False,12.21,5.56,214935260.5,"Stage 3, Early, weekly_volume_dryup, flags=Wider Risk, distribution_or_weakening_risk | Blocked public stage jump Stage 1 -> Stage 3; waiting for intermediate/confirmed structure.",129,97.0,Stage 1,watchlist,weekly_watchlist,49.29,-32.0,-5.600000000000001,False,False,False,False,False
INDHOTEL.NS,The Indian Hotels Company Limited,Lodging,Consumer Cyclical,True,F&O,1,Stage 2,Stage 2,Advancing,0.8,Price is above constructive weekly and long-term trend structure with improving relative strength.,,,2026-09-25,,watchlist,weekly_near_pivot,watchlist,39.67,66.86,46.77,2.0,39.67,66.86,48.77,Stage 2 - Advancing,46.77,Strong,Volume Normal,Volume Normal (0.94x vs 10W Avg),3.76,Outperformed Nifty by 3.76% in 3 Months,False,3.76,24.81,1153401607.81,"Stage 2, Advancing, weekly_vcp_ok, weekly_strong, flags=Low Liquidity",86,54.0,Stage 2,watchlist,weekly_near_pivot,54.51,-32.0,-5.739999999999995,False,False,False,False,False
UNIMECH.NS,Unimech Aerospace and Manufacturing Limited,Aerospace & Defense,Industrials,False,Cash,1,Stage 2,Stage 2,Extended,0.78,"Weekly advancing structure remains intact, but price is stretched versus key moving averages.",,,2026-09-25,,watchlist,weekly_breakout,watchlist,34.22,64.0,35.12,10.0,34.22,64.0,45.12,Stage 2 - Extended,35.12,Very Strong,Volume Normal,Volume Normal (1.35x vs 10W Avg),42.7,Outperformed Nifty by 42.7% in 3 Months,True,42.7,125.58,485111715.71,"Stage 2, Extended, trend_template_ok, weekly_vcp_ok, weekly_strong, flags=Loose Structure;Extended;Wide Risk;Low Liquidity",111,79.0,Stage 2,watchlist,weekly_breakout,51.31,-32.0,-6.190000000000005,False,False,False,False,False
IMAGICAA.NS,Imagicaaworld Entertainment Limited,Communication Services,Communication Services,False,Cash,1,Stage 2,Stage 2,Advancing,0.8,Price is above constructive weekly and long-term trend structure with improving relative strength.,,,2026-09-25,,watchlist,weekly_forming,watchlist,23.38,59.97,33.71,5.0,23.38,59.97,38.71,Stage 2 - Advancing,33.71,Very Strong,Volume Drying Up,Volume Drying Up (0.31x vs 10W Avg),11.49,Outperformed Nifty by 11.49% in 3 Months,True,11.49,28.25,47544429.69,"Stage 2, Advancing, trend_template_ok, weekly_vcp_ok, volume_dryup, weekly_volume_dryup, weekly_strong, flags=Wide Risk;Low Liquidity",205,172.0,Stage 2,watchlist,weekly_forming,42.9,-33.0,-4.189999999999998,False,False,False,False,False
SAMBHV.NS,Sambhv Steel Tubes Limited,Steel,Basic Materials,False,Cash,1,Stage 2,Stage 2,Extended,0.78,"Weekly advancing structure remains intact, but price is stretched versus key moving averages.",,,2026-09-25,,watchlist,weekly_watchlist,watchlist,57.7,23.0,32.03,10.0,57.7,23.0,42.03,Stage 2 - Extended,32.03,Very Strong,Volume Normal,Volume Normal (1.32x vs 10W Avg),38.7,Outperformed Nifty by 38.7% in 3 Months,True,38.7,54.93,987535027.2,"Stage 2, Extended, trend_template_ok, flags=Loose Structure;Extended;Wide Risk;Low Liquidity",158,125.0,Stage 2,watchlist,weekly_watchlist,46.47,-33.0,-4.439999999999998,False,False,False,False,False
WOCKPHARMA.NS,Wockhardt Limited,Drug Manufacturers - Specialty & Generic,Healthcare,False,Cash,1,Stage 2,Stage 2,Advancing,0.9,Price is above constructive weekly and long-term trend structure with improving relative strength.,,,2026-09-25,,watchlist,weekly_near_pivot,watchlist,33.22,71.2,44.91,10.0,33.22,71.2,54.91,Stage 2 - Advancing,44.91,Very Strong,Volume Expanding,Volume Expanding (1.51x vs 10W Avg),17.29,Outperformed Nifty by 17.29% in 3 Months,True,17.29,74.31,2897989210.23,"Stage 2, Advancing, trend_template_ok, weekly_vcp_ok, weekly_strong, flags=Wide Risk;Low Liquidity",42,9.0,Stage 2,watchlist,weekly_near_pivot,67.5,-33.0,-12.590000000000003,False,False,False,False,False
DCMSHRIRAM.NS,DCM Shriram Limited,Conglomerates,Industrials,False,Cash,1,Stage 4,Stage 4,Stage 4,0.86,Price is below the 30-week trend and below long-term support structure.,,,,,watchlist,weekly_watchlist,watchlist,0.0,10.47,0.0,0.0,0.0,10.47,0.0,Stage 4,0.0,Weak,Volume Drying Up,Volume Drying Up (0.25x vs 10W Avg),-1.91,Underperformed Nifty by 1.91% in 3 Months,False,-1.91,-13.94,51360486.03,"Stage 4, Stage 4, volume_dryup, weekly_volume_dryup, flags=Wide Risk;Low Liquidity, downtrend",871,837.0,Stage 4,watchlist,weekly_watchlist,0.06,-34.0,-0.06,False,False,False,False,False
VMM.NS,Vishal Mega Mart Limited,Consumer Cyclical,Consumer Cyclical,True,F&O,1,Stage 4,Stage 4,Stage 4,0.86,Price is below the 30-week trend and below long-term support structure.,,,,,watchlist,weekly_watchlist,watchlist,0.0,31.2,8.57,2.0,0.0,31.2,10.57,Stage 4,8.57,Weak,Volume Drying Up,Volume Normal (1.06x vs 10W Avg),-11.89,Underperformed Nifty by 11.89% in 3 Months,False,-11.89,-4.3,1018645825.53,"Stage 4, Stage 4, weekly_vcp_ok, volume_dryup, weekly_strong, flags=Wide Risk;Low Liquidity, downtrend",597,563.0,Stage 4,watchlist,weekly_watchlist,13.97,-34.0,-3.4000000000000004,False,False,False,False,False
MASTEK.NS,Mastek Limited,Information Technology Services,Technology,False,Cash,1,Stage 4,Stage 4,Stage 4,0.86,Price is below the 30-week trend and below long-term support structure.,,,,,watchlist,weekly_watchlist,watchlist,0.0,33.96,4.39,0.0,0.0,33.96,4.39,Stage 4,4.39,Weak,Volume Drying Up,Volume Drying Up (0.33x vs 10W Avg),2.36,Outperformed Nifty by 2.36% in 3 Months,False,2.36,6.29,187369648.59,"Stage 4, Stage 4, weekly_vcp_ok, volume_dryup, weekly_volume_dryup, weekly_strong, flags=Wide Weekly Base;Wide Risk;Low Liquidity, downtrend",755,720.0,Stage 4,watchlist,weekly_watchlist,6.52,-35.0,-2.13,False,False,False,False,False
KRBL.NS,KRBL Limited,Packaged Foods,Consumer Defensive,False,Cash,1,Stage 2,Stage 2,Advancing,0.8,Price is above constructive weekly and long-term trend structure with improving relative strength.,,,2026-09-25,,watchlist,weekly_forming,watchlist,31.53,60.82,35.84,0.0,31.53,60.82,35.84,Stage 2 - Advancing,35.84,Strong,Volume Drying Up,Volume Drying Up (0.59x vs 10W Avg),7.04,Outperformed Nifty by 7.04% in 3 Months,True,7.04,30.16,170240723.38,"Stage 2, Advancing, trend_template_ok, weekly_vcp_ok, volume_dryup, weekly_volume_dryup, weekly_strong, flags=Wide Risk;Low Liquidity",244,209.0,Stage 2,watchlist,weekly_forming,39.97,-35.0,-4.1299999999999955,False,False,False,False,False
CLEAN.NS,Clean Science and Technology Limited,Specialty Chemicals,Basic Materials,False,Cash,1,Stage 1,Stage 1,Stage 1,0.64,Price is building a base around long-term weekly structure without a confirmed advancing phase.,,,,,watchlist,weekly_watchlist,watchlist,0.0,41.1,18.11,5.0,0.0,41.1,23.11,Stage 1,18.11,Strong,Volume Drying Up,Volume Drying Up (0.48x vs 10W Avg),6.15,Outperformed Nifty by 6.15% in 3 Months,False,6.15,12.83,303244637.61,"Stage 1, Stage 1, weekly_vcp_ok, volume_dryup, weekly_volume_dryup, weekly_strong, flags=Wider Risk;Low Liquidity, stage1_not_actionable, stage1_needs_more_base",383,347.0,Stage 1,watchlist,weekly_watchlist,29.83,-36.0,-6.719999999999999,False,False,False,False,False
DCAL.NS,Dishman Carbogen Amcis Limited,Biotechnology,Healthcare,False,Cash,1,Stage 4,Stage 4,Stage 4,0.86,Price is below the 30-week trend and below long-term support structure.,,,,,watchlist,weekly_watchlist,watchlist,0.0,32.73,4.02,5.0,0.0,32.73,9.02,Stage 4,4.02,Weak,Volume Drying Up,Volume Drying Up (0.32x vs 10W Avg),-7.4,Underperformed Nifty by 7.4% in 3 Months,False,-7.4,14.66,36875371.4,"Stage 4, Stage 4, weekly_vcp_ok, weekly_volume_dryup, weekly_strong, flags=Wide Weekly Base;Wide Risk;Low Liquidity, downtrend",652,615.0,Stage 4,watchlist,weekly_watchlist,11.5,-37.0,-2.4800000000000004,False,False,False,False,False
SAFARI.NS,Safari Industries (India) Limited,Consumer Cyclical,Consumer Cyclical,False,Cash,1,Stage 4,Stage 4,Stage 4,0.86,Price is below the 30-week trend and below long-term support structure.,,,,,watchlist,weekly_watchlist,watchlist,3.8,33.1,5.71,2.0,3.8,33.1,7.71,Stage 4,5.71,Weak,Volume Drying Up,Volume Drying Up (0.83x vs 10W Avg),-5.06,Underperformed Nifty by 5.06% in 3 Months,False,-5.06,3.93,59221353.6,"Stage 4, Stage 4, weekly_vcp_ok, weekly_volume_dryup, weekly_strong, flags=Wide Weekly Base;Wide Risk, downtrend",671,634.0,Stage 4,watchlist,weekly_watchlist,10.52,-37.0,-2.8099999999999996,False,False,False,False,False
MAHLOG.NS,Mahindra Logistics Limited,Industrials,Industrials,False,Cash,1,Stage 2,Stage 2,Advancing,0.9,Price is above constructive weekly and long-term trend structure with improving relative strength.,,,2026-09-25,,watchlist,weekly_watchlist,watchlist,60.25,38.32,48.1,0.0,60.25,38.32,48.1,Stage 2 - Advancing,48.1,Very Strong,Volume Expanding,Volume Normal (1.24x vs 10W Avg),14.97,Outperformed Nifty by 14.97% in 3 Months,True,14.97,24.27,69486905.72,"Stage 2, Advancing, trend_template_ok, flags=Wider Risk;Low Liquidity",92,55.0,Stage 2,watchlist,weekly_watchlist,54.44,-37.0,-6.339999999999996,False,False,False,False,False
FINPIPE.NS,Finolex Industries Limited,Building Products & Equipment,Industrials,False,Cash,1,Stage 4,Stage 4,Stage 4,0.86,Price is below the 30-week trend and below long-term support structure.,,,,,watchlist,weekly_watchlist,watchlist,2.72,32.0,8.59,0.0,2.72,32.0,8.59,Stage 4,8.59,Weak,Volume Drying Up,Volume Drying Up (0.79x vs 10W Avg),-7.37,Underperformed Nifty by 7.37% in 3 Months,False,-7.37,-0.72,57480998.2,"Stage 4, Stage 4, weekly_vcp_ok, volume_dryup, weekly_volume_dryup, weekly_strong, flags=Wide Risk;Low Liquidity, downtrend",658,620.0,Stage 4,watchlist,weekly_watchlist,11.24,-38.0,-2.6500000000000004,False,False,False,False,False
BANKBARODA.NS,Bank of Baroda,Banks - Regional,Financial Services,True,F&O,1,Stage 4,Stage 4,Stage 4,0.86,Price is below the 30-week trend and below long-term support structure.,,,,,watchlist,weekly_watchlist,watchlist,2.16,0.0,0.13,2.0,2.16,0.0,2.13,Stage 4,0.13,Weak,Volume Drying Up,Volume Drying Up (0.59x vs 10W Avg),-7.48,Underperformed Nifty by 7.48% in 3 Months,False,-7.48,-3.63,1569479860.77,"Stage 4, Stage 4, volume_dryup, weekly_volume_dryup, flags=Low Liquidity, downtrend",779,741.0,Stage 4,watchlist,weekly_watchlist,5.37,-38.0,-3.24,False,False,False,False,False
APTUS.NS,Aptus Value Housing Finance India Limited,Mortgage Finance,Financial Services,False,Cash,1,Stage 4,Stage 4,Stage 4,0.86,Price is below the 30-week trend and below long-term support structure.,,,,,watchlist,weekly_watchlist,watchlist,4.77,32.97,5.87,0.0,4.77,32.97,5.87,Stage 4,5.87,Weak,Volume Expanding,Volume Expanding (1.63x vs 10W Avg),-12.71,Underperformed Nifty by 12.71% in 3 Months,False,-12.71,22.45,371956856.67,"Stage 4, Stage 4, weekly_vcp_ok, weekly_strong, flags=Loose Structure;Wide Risk;Low Liquidity, downtrend",713,675.0,Stage 3,watchlist,weekly_watchlist,9.45,-38.0,-3.579999999999999,False,False,False,False,False
TCS.NS,Tata Consultancy Services Limited,Information Technology Services,Technology,True,F&O,1,Stage 4,Stage 4,Stage 4,0.86,Price is below the 30-week trend and below long-term support structure.,,,,,watchlist,weekly_watchlist,watchlist,3.55,0.0,0.0,0.0,3.55,0.0,0.0,Stage 4,0.0,Weak,Volume Normal,Volume Normal (0.88x vs 10W Avg),5.78,Outperformed Nifty by 5.78% in 3 Months,False,5.78,-11.63,6214657443.45,"Stage 4, Stage 4, weekly_volume_dryup, flags=Wide Risk;Low Liquidity, downtrend",844,805.0,Stage 4,watchlist,weekly_watchlist,2.0,-39.0,-2.0,False,False,False,False,False
DEVYANI.NS,Devyani International Limited,Consumer Cyclical,Consumer Cyclical,False,Cash,1,Stage 2,Stage 2,Advancing,0.8,Price is above constructive weekly and long-term trend structure with improving relative strength.,,,2026-09-25,,watchlist,weekly_forming,watchlist,34.91,58.13,33.12,2.0,34.91,58.13,35.12,Stage 2 - Advancing,33.12,Very Strong,Volume Drying Up,Volume Drying Up (0.40x vs 10W Avg),19.79,Outperformed Nifty by 19.79% in 3 Months,True,19.79,38.2,220663388.15,"Stage 2, Advancing, trend_template_ok, weekly_vcp_ok, volume_dryup, weekly_volume_dryup, weekly_strong, flags=Loose Structure;Wide Risk;Low Liquidity",255,216.0,Stage 2,watchlist,weekly_breakout,39.65,-39.0,-4.530000000000001,False,False,False,False,False
HINDZINC.NS,Hindustan Zinc Limited,Basic Materials,Basic Materials,True,F&O,1,Stage 1,Stage 1,Stage 1,0.64,Price is building a base around long-term weekly structure without a confirmed advancing phase.,,,2026-08-12,,watchlist,weekly_watchlist,watchlist,8.27,42.89,20.6,0.0,8.27,42.89,20.6,Stage 1,20.6,Very Strong,Volume Drying Up,Volume Drying Up (0.69x vs 10W Avg),13.48,Outperformed Nifty by 13.48% in 3 Months,False,13.48,15.39,2512613690.43,"Stage 1, Stage 1, weekly_vcp_ok, volume_dryup, weekly_volume_dryup, weekly_strong, flags=Wide Risk;Low Liquidity, stage1_not_actionable, stage1_needs_more_base",416,377.0,Stage 1,watchlist,weekly_watchlist,27.05,-39.0,-6.449999999999999,False,False,False,False,False
HEXT.NS,Hexaware Technologies Limited,Information Technology Services,Technology,False,Cash,1,Stage 4,Stage 4,Stage 4,0.86,Price is below the 30-week trend and below long-term support structure.,,,,,watchlist,weekly_watchlist,watchlist,0.0,32.78,7.36,0.0,0.0,32.78,7.36,Stage 4,7.36,Weak,Volume Drying Up,Volume Drying Up (0.26x vs 10W Avg),-6.77,Underperformed Nifty by 6.77% in 3 Months,False,-6.77,14.54,160709945.86,"Stage 4, Stage 4, weekly_vcp_ok, volume_dryup, weekly_volume_dryup, weekly_strong, flags=Wide Weekly Base;Wide Risk;Low Liquidity, downtrend",679,639.0,Stage 4,watchlist,weekly_watchlist,10.15,-40.0,-2.79,False,False,False,False,False
BANCOINDIA.NS,Banco Products (I) Limited,Auto Parts,Consumer Cyclical,False,Cash,1,Stage 4,Stage 4,Stage 4,0.86,Price is below the 30-week trend and below long-term support structure.,,,,,watchlist,weekly_watchlist,watchlist,7.49,34.94,10.75,5.0,7.49,34.94,15.75,Stage 4,10.75,Neutral,Volume Drying Up,Volume Drying Up (0.47x vs 10W Avg),-6.35,Underperformed Nifty by 6.35% in 3 Months,False,-6.35,13.79,51446085.48,"Stage 4, Stage 4, weekly_vcp_ok, volume_dryup, weekly_volume_dryup, weekly_strong, flags=Wide Weekly Base;Wide Risk;Low Liquidity, downtrend",497,457.0,Stage 4,watchlist,weekly_watchlist,19.64,-40.0,-3.8900000000000006,False,False,False,False,False
OIL.NS,Oil India Limited,Energy,Energy,True,F&O,1,Failed Stage 2,Stage 1,Failed Stage 2,0.72,"This stock was recently Stage 2, but the latest structure no longer satisfies Stage 2 rules. It is kept as Failed Stage 2 until a fresh base/repair structure forms.",Recent Stage 2 break; public stage held as Failed Stage 2.,2026-09-28,2026-09-16,,watchlist,weekly_watchlist,watchlist,19.05,3.06,16.27,5.0,19.05,3.06,21.27,Failed Stage 2,16.27,Strong,Volume Drying Up,Volume Drying Up (0.53x vs 10W Avg),16.71,Outperformed Nifty by 16.71% in 3 Months,False,16.71,-0.07,1051925240.77,"Stage 1, Stage 1, volume_dryup, weekly_volume_dryup, flags=Wider Risk;Low Liquidity, stage1_not_actionable, stage1_needs_more_base | Stage 2 failed state applied from stage memory.",408,367.0,Failed Stage 2,watchlist,weekly_watchlist,28.14,-41.0,-6.870000000000001,False,False,False,False,False
WIPRO.NS,Wipro Limited,Information Technology Services,Technology,True,F&O,1,Stage 4,Stage 4,Stage 4,0.86,Price is below the 30-week trend and below long-term support structure.,,,,,watchlist,weekly_watchlist,watchlist,1.25,0.0,0.0,0.0,1.25,0.0,0.0,Stage 4,0.0,Weak,Volume Normal,Volume Normal (0.95x vs 10W Avg),-0.98,Underperformed Nifty by 0.98% in 3 Months,False,-0.98,-13.91,1662510360.43,"Stage 4, Stage 4, flags=Wide Risk;Low Liquidity, downtrend",852,809.0,Stage 4,watchlist,weekly_watchlist,2.0,-43.0,-2.0,False,False,False,False,False
PERSISTENT.NS,Persistent Systems Limited,Information Technology Services,Technology,True,F&O,1,Not Sure,Stage 1,Pending Stage 1,0.55,Blocked public stage jump Stage 3 -> Stage 1; waiting for intermediate/confirmed structure.,Blocked public stage jump Stage 3 -> Stage 1; waiting for intermediate/confirmed structure.,,,Stage 1,watchlist,weekly_watchlist,watchlist,0.0,1.64,4.88,0.0,0.0,1.64,4.88,Not Sure - Unclear,4.88,Strong,Volume Drying Up,Volume Drying Up (0.70x vs 10W Avg),21.84,Outperformed Nifty by 21.84% in 3 Months,False,21.84,4.54,2279254739.62,"Stage 1, Stage 1, volume_dryup, weekly_volume_dryup, flags=Wider Risk;Low Liquidity, stage1_not_actionable, stage1_needs_more_base | Blocked public stage jump Stage 3 -> Stage 1; waiting for intermediate/confirmed structure.",747,704.0,Stage 3,watchlist,weekly_watchlist,7.41,-43.0,-2.5300000000000002,False,False,False,False,False
HAPPSTMNDS.NS,Happiest Minds Technologies Limited,Information Technology Services,Technology,False,Cash,1,Stage 4,Stage 4,Stage 4,0.86,Price is below the 30-week trend and below long-term support structure.,,,,,watchlist,weekly_watchlist,watchlist,0.62,0.0,0.0,0.0,0.62,0.0,0.0,Stage 4,0.0,Weak,Volume Drying Up,Volume Drying Up (0.28x vs 10W Avg),-6.78,Underperformed Nifty by 6.78% in 3 Months,False,-6.78,-18.86,624144107.42,"Stage 4, Stage 4, volume_dryup, weekly_volume_dryup, flags=Loose Structure;Wide Risk;Low Liquidity, downtrend",854,810.0,Stage 4,watchlist,weekly_watchlist,2.0,-44.0,-2.0,False,False,False,False,False
MEDPLUS.NS,Medplus Health Services Limited,Healthcare,Healthcare,False,Cash,1,Stage 4,Stage 4,Stage 4,0.86,Price is below the 30-week trend and below long-term support structure.,,,,,watchlist,weekly_watchlist,watchlist,0.0,3.2,0.0,2.0,0.0,3.2,2.0,Stage 4,0.0,Weak,Volume Drying Up,Volume Drying Up (0.37x vs 10W Avg),-14.96,Underperformed Nifty by 14.96% in 3 Months,False,-14.96,-18.87,65032757.65,"Stage 4, Stage 4, volume_dryup, weekly_volume_dryup, flags=Wide Base;Wide Weekly Base;Wide Risk;Low Liquidity, downtrend",803,759.0,Stage 4,watchlist,weekly_watchlist,5.0,-44.0,-3.0,False,False,False,False,False
IKS.NS,Inventurus Knowledge Solutions Limited,Healthcare,Healthcare,False,Cash,1,Stage 2,Stage 2,Advancing,0.8,Price is above constructive weekly and long-term trend structure with improving relative strength.,,,2026-09-25,,watchlist,weekly_forming,watchlist,51.08,59.53,47.67,2.0,51.08,59.53,49.67,Stage 2 - Advancing,47.67,Strong,Volume Expanding,Volume Expanding (2.49x vs 10W Avg),1.34,Outperformed Nifty by 1.34% in 3 Months,True,1.34,33.94,395497027.92,"Stage 2, Advancing, trend_template_ok, weekly_vcp_ok, weekly_strong, flags=Wider Risk;Low Liquidity",80,36.0,Stage 2,watchlist,weekly_near_pivot,57.87,-44.0,-8.199999999999996,False,False,False,False,False
RAYMONDREL.NS,Raymond Realty Limited,Real Estate,Real Estate,False,Cash,1,Stage 2,Stage 2,Advancing,0.9,Price is above constructive weekly and long-term trend structure with improving relative strength.,,,2026-09-25,,watchlist,weekly_watchlist,watchlist,34.98,32.02,31.43,2.0,34.98,32.02,33.43,Stage 2 - Advancing,31.43,Very Strong,Volume Expanding,Volume Expanding (6.92x vs 10W Avg),11.81,Outperformed Nifty by 11.81% in 3 Months,True,11.81,66.43,1756460859.4,"Stage 2, Advancing, trend_template_ok, flags=Loose Structure;Low Liquidity",269,224.0,Stage 2,watchlist,weekly_watchlist,39.19,-45.0,-5.759999999999998,False,False,False,False,False
LICHSGFIN.NS,LIC Housing Finance Limited,Mortgage Finance,Financial Services,True,F&O,1,Failed Stage 2,Stage 1,Failed Stage 2,0.72,"This stock was recently Stage 2, but the latest structure no longer satisfies Stage 2 rules. It is kept as Failed Stage 2 until a fresh base/repair structure forms.",Recent Stage 2 break; public stage held as Failed Stage 2.,2026-09-28,2026-09-25,,watchlist,weekly_watchlist,watchlist,14.04,37.77,21.6,0.0,14.04,37.77,21.6,Failed Stage 2,21.6,Very Strong,Volume Drying Up,Volume Drying Up (0.82x vs 10W Avg),9.19,Outperformed Nifty by 9.19% in 3 Months,False,9.19,13.48,1891315788.58,"Stage 1, Stage 1, stage1_base_ready, weekly_vcp_ok, weekly_volume_dryup, flags=Wider Risk;Low Liquidity, stage1_not_actionable | Stage 2 failed state applied from stage memory.",402,357.0,Failed Stage 2,watchlist,weekly_near_pivot,28.75,-45.0,-7.149999999999999,False,False,False,False,False
INFY.NS,Infosys Limited,Information Technology Services,Technology,True,F&O,1,Stage 4,Stage 4,Stage 4,0.86,Price is below the 30-week trend and below long-term support structure.,,,,,watchlist,weekly_watchlist,watchlist,5.63,33.1,9.0,0.0,5.63,33.1,9.0,Stage 4,9.0,Weak,Volume Drying Up,Volume Drying Up (0.78x vs 10W Avg),1.48,Outperformed Nifty by 1.48% in 3 Months,False,1.48,-18.95,9100336804.68,"Stage 4, Stage 4, weekly_vcp_ok, weekly_volume_dryup, weekly_strong, flags=Wide Risk;Low Liquidity, downtrend",653,607.0,Stage 4,watchlist,weekly_watchlist,11.99,-46.0,-2.99,False,False,False,False,False
MIDHANI.NS,Mishra Dhatu Nigam Limited,Steel,Basic Materials,False,Cash,1,Stage 2,Stage 2,Advancing,0.8,Price is above constructive weekly and long-term trend structure with improving relative strength.,,,2026-09-25,,watchlist,weekly_watchlist,watchlist,33.53,22.1,21.71,10.0,33.53,22.1,31.71,Stage 2 - Advancing,21.71,Strong,Volume Drying Up,Volume Drying Up (0.30x vs 10W Avg),2.15,Outperformed Nifty by 2.15% in 3 Months,True,2.15,44.89,1383866627.05,"Stage 2, Advancing, trend_template_ok, volume_dryup, weekly_volume_dryup, flags=Wide Risk;Low Liquidity",294,248.0,Stage 2,watchlist,weekly_watchlist,37.49,-46.0,-5.780000000000001,False,False,False,False,False
LLOYDSENGG.NS,LLOYDS ENGINEERING WORKS LIMITED,Specialty Industrial Machinery,Industrials,False,Cash,1,Stage 2,Stage 2,Advancing,0.9,Price is above constructive weekly and long-term trend structure with improving relative strength.,,,2026-09-25,,watchlist,weekly_watchlist,watchlist,40.98,42.4,38.45,10.0,40.98,42.4,48.45,Stage 2 - Advancing,38.45,Very Strong,Volume Expanding,Volume Expanding (2.37x vs 10W Avg),20.67,Outperformed Nifty by 20.67% in 3 Months,True,20.67,130.9,835048304.98,"Stage 2, Advancing, trend_template_ok, flags=Wider Risk;Low Liquidity",88,42.0,Stage 2,watchlist,weekly_watchlist,55.83,-46.0,-7.3799999999999955,False,False,False,False,False
VEDL.NS,Vedanta Limited,Basic Materials,Basic Materials,True,F&O,1,Stage 4,Stage 4,Stage 4,0.86,Price is below the 30-week trend and below long-term support structure.,,,,,watchlist,weekly_watchlist,watchlist,0.0,0.0,0.0,0.0,0.0,0.0,0.0,Stage 4,0.0,Weak,Volume Drying Up,Volume Drying Up (0.67x vs 10W Avg),-1.09,Underperformed Nifty by 1.09% in 3 Months,False,-1.09,-60.08,1728315428.72,"Stage 4, Stage 4, volume_dryup, weekly_volume_dryup, flags=Wide Risk;Low Liquidity, downtrend",885,838.0,Stage 4,watchlist,weekly_watchlist,0.0,-47.0,0.0,False,False,False,False,False
CHOLAFIN.NS,Cholamandalam Investment and Finance Company Limited,Credit Services,Financial Services,True,F&O,1,Failed Stage 2,Stage 4,Failed Stage 2,0.72,"This stock was recently Stage 2, but the latest structure no longer satisfies Stage 2 rules. It is kept as Failed Stage 2 until a fresh base/repair structure forms.",Recent Stage 2 break; public stage held as Failed Stage 2.,2026-09-28,2026-09-23,,watchlist,weekly_watchlist,watchlist,6.63,35.03,12.84,2.0,6.63,35.03,14.84,Failed Stage 2,12.84,Neutral,Volume Normal,Volume Normal (1.49x vs 10W Avg),-3.49,Underperformed Nifty by 3.49% in 3 Months,False,-3.49,22.79,2567214062.52,"Stage 4, Stage 4, weekly_vcp_ok, weekly_strong, flags=Wide Risk;Low Liquidity, downtrend | Stage 2 failed state applied from stage memory.",510,463.0,Failed Stage 2,watchlist,weekly_watchlist,19.34,-47.0,-4.5,False,False,False,False,False
NAVINFLUOR.NS,Navin Fluorine International Limited,Chemicals,Basic Materials,False,Cash,1,Stage 2,Stage 2,Advancing,0.9,Price is above constructive weekly and long-term trend structure with improving relative strength.,,,2026-09-25,,watchlist,weekly_watchlist,watchlist,37.22,32.7,35.17,5.0,37.22,32.7,40.17,Stage 2 - Advancing,35.17,Very Strong,Volume Drying Up,Volume Drying Up (0.42x vs 10W Avg),15.38,Outperformed Nifty by 15.38% in 3 Months,True,15.38,45.57,1016388811.73,"Stage 2, Advancing, trend_template_ok, volume_dryup, weekly_volume_dryup, flags=Wider Risk;Low Liquidity",193,146.0,Stage 2,watchlist,weekly_watchlist,45.17,-47.0,-5.0,False,False,False,False,False
FACT.NS,Fertilizers and Chemicals Travancore Limited,Agricultural Inputs,Basic Materials,False,Cash,1,Stage 4,Stage 4,Stage 4,0.66,Price is below weekly structure.,,,,,watchlist,weekly_watchlist,watchlist,0.0,0.0,0.0,0.0,0.0,0.0,0.0,Stage 4,0.0,Weak,Volume Drying Up,Volume Drying Up (0.11x vs 10W Avg),-7.4,Underperformed Nifty by 7.4% in 3 Months,False,-7.4,1.45,140164195.49,"Stage 4, Stage 4, volume_dryup, weekly_volume_dryup, flags=Wide Risk;Low Liquidity, downtrend",890,842.0,Stage 4,watchlist,weekly_watchlist,0.0,-48.0,0.0,False,False,False,False,False
MOTHERSON.NS,Samvardhana Motherson International Limited,Auto Parts,Consumer Cyclical,True,F&O,1,Stage 2,Stage 2,Advancing,0.9,Price is above constructive weekly and long-term trend structure with improving relative strength.,,,2026-09-25,,watchlist,weekly_watchlist,watchlist,37.48,32.39,35.17,5.0,37.48,32.39,40.17,Stage 2 - Advancing,35.17,Very Strong,Volume Drying Up,Volume Drying Up (0.80x vs 10W Avg),15.31,Outperformed Nifty by 15.31% in 3 Months,True,15.31,54.54,1766042118.28,"Stage 2, Advancing, trend_template_ok, volume_dryup, weekly_volume_dryup, flags=Wider Risk;Low Liquidity",192,143.0,Stage 2,watchlist,weekly_watchlist,45.2,-49.0,-5.030000000000001,False,False,False,False,False
DIACABS.NS,Diamond Power Infrastructure Limited,Specialty Industrial Machinery,Industrials,False,Cash,1,Stage 2,Stage 2,Extended,0.78,"Weekly advancing structure remains intact, but price is stretched versus key moving averages.",,,2026-09-25,,watchlist,weekly_watchlist,watchlist,31.34,19.4,6.03,10.0,31.34,19.4,16.03,Stage 2 - Extended,6.03,Very Strong,Volume Drying Up,Volume Drying Up (0.21x vs 10W Avg),66.43,Outperformed Nifty by 66.43% in 3 Months,True,66.43,172.77,325044375.94,"Stage 2, Extended, trend_template_ok, volume_dryup, weekly_volume_dryup, flags=Loose Structure;Extended;Wide Risk;Circuit Risk;Low Liquidity",490,441.0,Stage 2,watchlist,weekly_watchlist,21.84,-49.0,-5.809999999999999,False,False,False,False,False
MPSLTD.NS,MPS Limited,Communication Services,Communication Services,False,Cash,1,Stage 2,Stage 2,Advancing,0.8,Price is above constructive weekly and long-term trend structure with improving relative strength.,,,2026-09-25,,watchlist,weekly_forming,watchlist,29.01,64.0,39.54,5.0,29.01,64.0,44.54,Stage 2 - Advancing,39.54,Very Strong,Volume Drying Up,Volume Drying Up (0.09x vs 10W Avg),45.62,Outperformed Nifty by 45.62% in 3 Months,True,45.62,64.0,32955434.14,"Stage 2, Advancing, trend_template_ok, weekly_vcp_ok, volume_dryup, weekly_volume_dryup, weekly_strong, flags=Loose Structure;Low Liquidity",121,72.0,Stage 2,watchlist,weekly_forming,52.02,-49.0,-7.480000000000004,False,False,False,False,False
KSB.NS,Ksb Limited,Specialty Industrial Machinery,Industrials,False,Cash,1,Not Sure,Stage 4,Pending Stage 4,0.55,Blocked public stage jump Stage 1 -> Stage 4; waiting for intermediate/confirmed structure.,Blocked public stage jump Stage 1 -> Stage 4; waiting for intermediate/confirmed structure.,,2026-08-04,Stage 4,watchlist,weekly_watchlist,watchlist,4.83,32.0,10.39,10.0,4.83,32.0,20.39,Not Sure - Unclear,10.39,Weak,Volume Drying Up,Volume Drying Up (0.83x vs 10W Avg),-10.21,Underperformed Nifty by 10.21% in 3 Months,False,-10.21,-1.69,116430099.63,"Stage 4, Stage 4, weekly_vcp_ok, weekly_volume_dryup, weekly_strong, flags=Wide Risk;Low Liquidity, downtrend | Blocked public stage jump Stage 1 -> Stage 4; waiting for intermediate/confirmed structure.",418,369.0,Stage 1,watchlist,weekly_watchlist,28.0,-49.0,-7.609999999999999,False,False,False,False,False
AJAXENGG.NS,Ajax Engineering Limited,Farm & Heavy Construction Machinery,Industrials,False,Cash,1,Stage 2,Stage 2,Advancing,0.8,Price is above constructive weekly and long-term trend structure with improving relative strength.,,,2026-09-25,,watchlist,weekly_near_pivot,watchlist,47.18,70.35,47.35,2.0,47.18,70.35,49.35,Stage 2 - Advancing,47.35,Very Strong,Volume Expanding,Volume Expanding (4.40x vs 10W Avg),13.59,Outperformed Nifty by 13.59% in 3 Months,True,13.59,38.95,95336029.82,"Stage 2, Advancing, trend_template_ok, weekly_vcp_ok, weekly_strong, flags=Wide Weekly Base;Wider Risk;Low Liquidity",81,30.0,Stage 2,watchlist,weekly_near_pivot,58.65,-51.0,-9.299999999999997,False,False,False,False,False
ANGELONE.NS,Angel One Limited,Capital Markets,Financial Services,True,F&O,1,Stage 3,Stage 3,Early,0.68,"Prior strength has shifted into a Stage 3 transition based on trend, relative strength, and volume evidence.",,,2026-07-29,,watchlist,weekly_watchlist,watchlist,0.0,3.86,3.01,0.0,0.0,3.86,3.01,Stage 3 Early,3.01,Weak,Volume Drying Up,Volume Drying Up (0.58x vs 10W Avg),-13.99,Underperformed Nifty by 13.99% in 3 Months,False,-13.99,18.54,1480172803.38,"Stage 3, Early, volume_dryup, weekly_volume_dryup, flags=Wider Risk;Low Liquidity, distribution_or_weakening_risk",773,721.0,Stage 3,watchlist,weekly_watchlist,6.43,-52.0,-3.42,False,False,False,False,False
ORIENTELEC.NS,Orient Electric Limited,"Furnishings, Fixtures & Appliances",Consumer Cyclical,False,Cash,1,Not Sure,Stage 4,Pending Stage 4,0.55,Blocked public stage jump Stage 1 -> Stage 4; waiting for intermediate/confirmed structure.,Blocked public stage jump Stage 1 -> Stage 4; waiting for intermediate/confirmed structure.,,,Stage 4,watchlist,weekly_watchlist,watchlist,0.0,33.1,8.34,0.0,0.0,33.1,8.34,Not Sure - Unclear,8.34,Weak,Volume Drying Up,Volume Drying Up (0.17x vs 10W Avg),-5.63,Underperformed Nifty by 5.63% in 3 Months,False,-5.63,2.59,21448594.08,"Stage 4, Stage 4, weekly_vcp_ok, volume_dryup, weekly_volume_dryup, weekly_strong, flags=Wide Risk;Low Liquidity, downtrend | Blocked public stage jump Stage 1 -> Stage 4; waiting for intermediate/confirmed structure.",661,609.0,Stage 1,watchlist,weekly_watchlist,11.79,-52.0,-3.4499999999999993,False,False,False,False,False
MARATHON.NS,Marathon Nextgen Realty Limited,Real Estate,Real Estate,False,Cash,1,Stage 4,Stage 4,Stage 4,0.86,Price is below the 30-week trend and below long-term support structure.,,,,,watchlist,weekly_watchlist,watchlist,0.0,33.1,6.48,2.0,0.0,33.1,8.48,Stage 4,6.48,Weak,Volume Drying Up,Volume Drying Up (0.17x vs 10W Avg),-0.76,Underperformed Nifty by 0.76% in 3 Months,False,-0.76,-1.9,59293442.97,"Stage 4, Stage 4, weekly_vcp_ok, volume_dryup, weekly_volume_dryup, weekly_strong, flags=Wide Risk;Low Liquidity, downtrend",660,608.0,Stage 4,watchlist,weekly_watchlist,11.98,-52.0,-3.5,False,False,False,False,False
VSTTILLERS.NS,V.S.T Tillers Tractors Limited,Farm & Heavy Construction Machinery,Industrials,False,Cash,1,Stage 4,Stage 4,Stage 4,0.86,Price is below the 30-week trend and below long-term support structure.,,,,,watchlist,weekly_watchlist,watchlist,0.0,32.0,11.94,2.0,0.0,32.0,13.94,Stage 4,11.94,Weak,Volume Expanding,Volume Normal (1.45x vs 10W Avg),-0.04,Underperformed Nifty by 0.04% in 3 Months,False,-0.04,-10.78,41116669.9,"Stage 4, Stage 4, weekly_vcp_ok, weekly_strong, flags=Low Liquidity, downtrend",532,480.0,Stage 4,watchlist,weekly_watchlist,18.34,-52.0,-4.4,False,False,False,False,False
BDL.NS,Bharat Dynamics Limited,Aerospace & Defense,Industrials,True,F&O,1,Stage 4,Stage 4,Stage 4,0.86,Price is below the 30-week trend and below long-term support structure.,,,,,watchlist,weekly_watchlist,watchlist,0.0,28.33,2.76,10.0,0.0,28.33,12.76,Stage 4,2.76,Weak,Volume Drying Up,Volume Drying Up (0.84x vs 10W Avg),-14.36,Underperformed Nifty by 14.36% in 3 Months,False,-14.36,-3.67,1205583918.79,"Stage 4, Stage 4, weekly_vcp_ok, volume_dryup, weekly_volume_dryup, weekly_strong, flags=Wide Risk;Low Liquidity, downtrend",556,504.0,Stage 4,watchlist,weekly_watchlist,17.22,-52.0,-4.459999999999999,False,False,False,False,False
CARYSIL.NS,CARYSIL LIMITED,"Furnishings, Fixtures & Appliances",Consumer Cyclical,False,Cash,1,Failed Stage 2,Stage 3,Failed Stage 2,0.72,"This stock was recently Stage 2, but the latest structure no longer satisfies Stage 2 rules. It is kept as Failed Stage 2 until a fresh base/repair structure forms.",Recent Stage 2 break; public stage held as Failed Stage 2.,2026-09-28,2026-09-18,,watchlist,weekly_watchlist,watchlist,3.43,0.0,0.0,0.0,3.43,0.0,0.0,Failed Stage 2,0.0,Weak,Volume Drying Up,Volume Drying Up (0.85x vs 10W Avg),-6.9,Underperformed Nifty by 6.9% in 3 Months,False,-6.9,32.69,96561344.17,"Stage 3, Early, weekly_volume_dryup, flags=Wide Risk;Low Liquidity, distribution_or_weakening_risk | Stage 2 failed state applied from stage memory.",846,793.0,Failed Stage 2,watchlist,weekly_watchlist,2.65,-53.0,-2.65,False,False,False,False,False
GUJTHEM.NS,Gujarat Themis Biosyn Limited,Drug Manufacturers - Specialty & Generic,Healthcare,False,Cash,1,Stage 2,Stage 2,Advancing,0.8,Price is above constructive weekly and long-term trend structure with improving relative strength.,,,2026-09-25,,watchlist,weekly_watchlist,watchlist,45.5,28.84,30.91,10.0,45.5,28.84,40.91,Stage 2 - Advancing,30.91,Strong,Volume Drying Up,Volume Drying Up (0.85x vs 10W Avg),5.66,Outperformed Nifty by 5.66% in 3 Months,True,5.66,60.71,294220977.54,"Stage 2, Advancing, trend_template_ok, weekly_volume_dryup, flags=Wide Risk;Low Liquidity",175,122.0,Stage 2,watchlist,weekly_watchlist,46.6,-53.0,-5.690000000000005,False,False,False,False,False
NETWEB.NS,Netweb Technologies India Limited,Technology,Technology,False,Cash,1,Stage 2,Stage 2,Advancing,0.8,Price is above constructive weekly and long-term trend structure with improving relative strength.,,,2026-09-25,,watchlist,weekly_watchlist,watchlist,32.65,21.72,17.99,10.0,32.65,21.72,27.99,Stage 2 - Advancing,17.99,Strong,Volume Drying Up,Volume Drying Up (0.43x vs 10W Avg),8.13,Outperformed Nifty by 8.13% in 3 Months,True,8.13,47.09,5615226173.45,"Stage 2, Advancing, trend_template_ok, volume_dryup, weekly_volume_dryup, flags=Loose Structure;Wide Risk;Low Liquidity",335,282.0,Stage 2,watchlist,weekly_watchlist,35.05,-53.0,-7.059999999999999,False,False,False,False,False
POLYPLEX.NS,Polyplex Corporation Limited,Specialty Chemicals,Basic Materials,False,Cash,1,Stage 2,Stage 2,Advancing,0.8,Price is above constructive weekly and long-term trend structure with improving relative strength.,,,2026-09-25,,watchlist,weekly_watchlist,watchlist,28.63,21.07,19.8,5.0,28.63,21.07,24.8,Stage 2 - Advancing,19.8,Strong,Volume Drying Up,Volume Drying Up (0.30x vs 10W Avg),12.45,Outperformed Nifty by 12.45% in 3 Months,True,12.45,36.25,48784674.16,"Stage 2, Advancing, trend_template_ok, volume_dryup, weekly_volume_dryup, flags=Wide Risk;Low Liquidity",366,313.0,Stage 2,watchlist,weekly_watchlist,32.89,-53.0,-8.09,False,False,False,False,False
ABCAPITAL.NS,Aditya Birla Capital Limited,Financial Services,Financial Services,True,F&O,1,Stage 2,Stage 2,Advancing,0.8,Price is above constructive weekly and long-term trend structure with improving relative strength.,,,2026-09-25,,watchlist,weekly_forming,watchlist,37.58,59.31,41.79,0.0,37.58,59.31,41.79,Stage 2 - Advancing,41.79,Neutral,Volume Drying Up,Volume Drying Up (0.81x vs 10W Avg),2.5,Outperformed Nifty by 2.5% in 3 Months,True,2.5,30.57,965195975.59,"Stage 2, Advancing, trend_template_ok, weekly_vcp_ok, volume_dryup, weekly_volume_dryup, weekly_strong, flags=Wider Risk;Low Liquidity",160,106.0,Stage 2,watchlist,weekly_forming,48.32,-54.0,-6.530000000000001,False,False,False,False,False
GUJALKALI.NS,Gujarat Alkalies and Chemicals Limited,Chemicals,Basic Materials,False,Cash,1,Failed Stage 2,Stage 3,Failed Stage 2,0.72,"This stock was recently Stage 2, but the latest structure no longer satisfies Stage 2 rules. It is kept as Failed Stage 2 until a fresh base/repair structure forms.",Recent Stage 2 break; public stage held as Failed Stage 2.,2026-09-28,2026-09-18,,watchlist,weekly_watchlist,watchlist,11.7,3.41,5.74,5.0,11.7,3.41,10.74,Failed Stage 2,5.74,Weak,Volume Drying Up,Volume Drying Up (0.36x vs 10W Avg),6.71,Outperformed Nifty by 6.71% in 3 Months,False,6.71,5.42,73929605.99,"Stage 3, Early, volume_dryup, weekly_volume_dryup, flags=Wide Risk;Low Liquidity, distribution_or_weakening_risk | Stage 2 failed state applied from stage memory.",594,539.0,Failed Stage 2,watchlist,weekly_watchlist,15.34,-55.0,-4.6,False,False,False,False,False
ULTRACEMCO.NS,UltraTech Cement Limited,Building Materials,Basic Materials,True,F&O,1,Stage 3,Stage 3,Early,0.68,"Prior strength has shifted into a Stage 3 transition based on trend, relative strength, and volume evidence.",,,,,watchlist,weekly_watchlist,watchlist,0.0,37.08,16.08,0.0,0.0,37.08,16.08,Stage 3 Early,16.08,Strong,Volume Normal,Volume Normal (1.03x vs 10W Avg),2.63,Outperformed Nifty by 2.63% in 3 Months,False,2.63,8.19,2777673650.35,"Stage 3, Early, weekly_vcp_ok, weekly_strong, flags=Wider Risk;Low Liquidity, distribution_or_weakening_risk",489,434.0,Stage 3,watchlist,weekly_watchlist,22.25,-55.0,-6.170000000000002,False,False,False,False,False
GABRIEL.NS,Gabriel India Limited,Auto Parts,Consumer Cyclical,False,Cash,1,Stage 2,Stage 2,Advancing,0.8,Price is above constructive weekly and long-term trend structure with improving relative strength.,,,2026-09-25,,watchlist,weekly_forming,watchlist,32.88,64.14,36.87,5.0,32.88,64.14,41.87,Stage 2 - Advancing,36.87,Very Strong,Volume Expanding,Volume Expanding (3.05x vs 10W Avg),13.95,Outperformed Nifty by 13.95% in 3 Months,True,13.95,56.47,952573419.48,"Stage 2, Advancing, trend_template_ok, weekly_vcp_ok, weekly_strong, flags=Wide Risk;Low Liquidity",159,103.0,Stage 2,watchlist,weekly_forming,48.58,-56.0,-6.710000000000001,False,False,False,False,False
AUBANK.NS,AU Small Finance Bank Limited,Banks - Regional,Financial Services,True,F&O,1,Failed Stage 2,Stage 3,Failed Stage 2,0.72,"This stock was recently Stage 2, but the latest structure no longer satisfies Stage 2 rules. It is kept as Failed Stage 2 until a fresh base/repair structure forms.",Recent Stage 2 break; public stage held as Failed Stage 2.,2026-09-28,2026-09-23,,watchlist,weekly_watchlist,watchlist,0.0,36.94,5.2,2.0,0.0,36.94,7.2,Failed Stage 2,5.2,Neutral,Volume Normal,Volume Normal (1.21x vs 10W Avg),-0.64,Underperformed Nifty by 0.64% in 3 Months,False,-0.64,17.0,1183577763.16,"Stage 3, Late, weekly_vcp_ok, weekly_strong, flags=Wide Risk;Low Liquidity, distribution_or_weakening_risk | Stage 2 failed state applied from stage memory.",683,625.0,Failed Stage 2,watchlist,weekly_watchlist,11.02,-58.0,-3.8199999999999994,False,False,False,False,False
APOLLO.NS,Apollo Micro Systems Limited,Aerospace & Defense,Industrials,False,Cash,1,Stage 2,Stage 2,Advancing,0.9,Price is above constructive weekly and long-term trend structure with improving relative strength.,,,2026-09-25,,watchlist,weekly_watchlist,watchlist,36.36,35.8,32.9,10.0,36.36,35.8,42.9,Stage 2 - Advancing,32.9,Neutral,Volume Normal,Volume Normal (1.29x vs 10W Avg),-1.95,Underperformed Nifty by 1.95% in 3 Months,True,-1.95,109.51,3107855118.01,"Stage 2, Advancing, trend_template_ok, flags=Wider Risk;Low Liquidity",146,88.0,Stage 2,watchlist,weekly_watchlist,50.6,-58.0,-7.700000000000003,False,False,False,False,False
AUTOAXLES.NS,Automotive Axles Limited,Auto Parts,Consumer Cyclical,False,Cash,1,Stage 3,Stage 3,Early,0.68,"Prior strength has shifted into a Stage 3 transition based on trend, relative strength, and volume evidence.",,,2026-08-05,,watchlist,weekly_watchlist,watchlist,0.0,36.99,12.92,5.0,0.0,36.99,17.92,Stage 3 Early,12.92,Strong,Volume Drying Up,Volume Normal (0.87x vs 10W Avg),1.8,Outperformed Nifty by 1.8% in 3 Months,False,1.8,8.11,10624722.22,"Stage 3, Early, weekly_vcp_ok, volume_dryup, weekly_volume_dryup, weekly_strong, flags=Wide Risk;Low Liquidity, distribution_or_weakening_risk",450,392.0,Stage 3,watchlist,weekly_watchlist,26.13,-58.0,-8.209999999999997,False,False,False,False,False
HOMEFIRST.NS,Home First Finance Company India Limited,Mortgage Finance,Financial Services,False,Cash,1,Failed Stage 2,Stage 3,Failed Stage 2,0.72,"This stock was recently Stage 2, but the latest structure no longer satisfies Stage 2 rules. It is kept as Failed Stage 2 until a fresh base/repair structure forms.",Recent Stage 2 break; public stage held as Failed Stage 2.,2026-09-28,2026-09-23,,watchlist,weekly_watchlist,watchlist,0.0,35.61,0.0,0.0,0.0,35.61,0.0,Failed Stage 2,0.0,Neutral,Volume Normal,Volume Normal (1.29x vs 10W Avg),-3.81,Underperformed Nifty by 3.81% in 3 Months,False,-3.81,17.9,313641893.6,"Stage 3, Late, weekly_vcp_ok, weekly_strong, flags=Wide Risk;Low Liquidity, distribution_or_weakening_risk | Stage 2 failed state applied from stage memory.",855,795.0,Failed Stage 2,watchlist,weekly_watchlist,2.38,-60.0,-2.38,False,False,False,False,False
NPST.NS,Network People Services Technologies Limited,Software - Application,Technology,False,Cash,1,Stage 2,Stage 2,Advancing,0.8,Price is above constructive weekly and long-term trend structure with improving relative strength.,,,2026-09-25,,watchlist,weekly_watchlist,watchlist,30.01,21.23,17.79,5.0,30.01,21.23,22.79,Stage 2 - Advancing,17.79,Strong,Volume Drying Up,Volume Drying Up (0.70x vs 10W Avg),1.65,Outperformed Nifty by 1.65% in 3 Months,True,1.65,48.67,414769406.63,"Stage 2, Advancing, trend_template_ok, weekly_volume_dryup, flags=Wide Risk;Low Liquidity",387,327.0,Stage 2,watchlist,weekly_watchlist,31.51,-60.0,-8.720000000000002,False,False,False,False,False
LEMONTREE.NS,Lemon Tree Hotels Limited,Lodging,Consumer Cyclical,False,Cash,1,Stage 4,Stage 4,Stage 4,0.86,Price is below the 30-week trend and below long-term support structure.,,,,,watchlist,weekly_watchlist,watchlist,7.73,32.0,7.8,2.0,7.73,32.0,9.8,Stage 4,7.8,Weak,Volume Drying Up,Volume Drying Up (0.74x vs 10W Avg),-7.64,Underperformed Nifty by 7.64% in 3 Months,False,-7.64,-1.83,233370728.54,"Stage 4, Stage 4, weekly_vcp_ok, volume_dryup, weekly_volume_dryup, weekly_strong, flags=Wide Weekly Base;Wide Risk;Low Liquidity, downtrend",639,578.0,Stage 4,watchlist,weekly_watchlist,13.3,-61.0,-3.5,False,False,False,False,False
DDEVPLSTIK.NS,Ddev Plastiks Industries Limited,Specialty Chemicals,Basic Materials,False,Cash,1,Stage 4,Stage 4,Stage 4,0.86,Price is below the 30-week trend and below long-term support structure.,,,,,watchlist,weekly_watchlist,watchlist,0.0,33.59,5.15,5.0,0.0,33.59,10.15,Stage 4,5.15,Neutral,Volume Drying Up,Volume Drying Up (0.52x vs 10W Avg),-4.33,Underperformed Nifty by 4.33% in 3 Months,False,-4.33,20.2,22317909.66,"Stage 4, Stage 4, weekly_vcp_ok, volume_dryup, weekly_volume_dryup, weekly_strong, flags=Wide Weekly Base;Wide Risk;Low Liquidity, downtrend",604,543.0,Stage 3,watchlist,weekly_watchlist,15.19,-61.0,-5.039999999999999,False,False,False,False,False
JTLIND.NS,JTL INDUSTRIES LIMITED,Steel,Basic Materials,False,Cash,1,Stage 2,Stage 2,Advancing,0.9,Price is above constructive weekly and long-term trend structure with improving relative strength.,,,2026-09-25,,watchlist,weekly_near_pivot,watchlist,36.81,72.0,38.84,10.0,36.81,72.0,48.84,Stage 2 - Advancing,38.84,Very Strong,Volume Normal,Volume Normal (1.06x vs 10W Avg),14.92,Outperformed Nifty by 14.92% in 3 Months,True,14.92,78.67,298289607.22,"Stage 2, Advancing, trend_template_ok, weekly_vcp_ok, weekly_strong, flags=Wide Weekly Base;Wide Risk;Low Liquidity",85,24.0,Stage 2,watchlist,weekly_breakout,60.75,-61.0,-11.909999999999997,False,False,False,False,False
PRICOLLTD.NS,Pricol Limited,Auto Parts,Consumer Cyclical,False,Cash,1,Stage 2,Stage 2,Advancing,0.9,Price is above constructive weekly and long-term trend structure with improving relative strength.,,,2026-09-25,,watchlist,weekly_forming,watchlist,38.98,63.09,44.04,5.0,38.98,63.09,49.04,Stage 2 - Advancing,44.04,Very Strong,Volume Drying Up,Volume Drying Up (0.44x vs 10W Avg),26.5,Outperformed Nifty by 26.5% in 3 Months,True,26.5,44.39,210986515.51,"Stage 2, Advancing, trend_template_ok, weekly_vcp_ok, volume_dryup, weekly_volume_dryup, weekly_strong, flags=Loose Structure;Wide Risk;Low Liquidity",83,22.0,Stage 2,forming_vcp,weekly_near_pivot,60.96,-61.0,-11.920000000000002,False,False,False,False,False
GODREJIND.NS,Godrej Industries Limited,Conglomerates,Industrials,False,Cash,1,Failed Stage 2,Stage 3,Failed Stage 2,0.72,"This stock was recently Stage 2, but the latest structure no longer satisfies Stage 2 rules. It is kept as Failed Stage 2 until a fresh base/repair structure forms.",Recent Stage 2 break; public stage held as Failed Stage 2.,2026-09-28,2026-09-23,,watchlist,weekly_watchlist,watchlist,0.0,0.0,0.0,0.0,0.0,0.0,0.0,Failed Stage 2,0.0,Weak,Volume Normal,Volume Normal (0.88x vs 10W Avg),-6.09,Underperformed Nifty by 6.09% in 3 Months,False,-6.09,30.08,120275457.47,"Stage 3, Early, weekly_volume_dryup, flags=Wide Risk;Low Liquidity, distribution_or_weakening_risk | Stage 2 failed state applied from stage memory.",894,832.0,Failed Stage 2,watchlist,weekly_watchlist,0.91,-62.0,-0.91,False,False,False,False,False
NCC.NS,NCC Limited,Engineering & Construction,Industrials,False,Cash,1,Stage 4,Stage 4,Stage 4,0.86,Price is below the 30-week trend and below long-term support structure.,,,,,watchlist,weekly_watchlist,watchlist,1.7,33.1,6.62,0.0,1.7,33.1,6.62,Stage 4,6.62,Weak,Volume Drying Up,Volume Drying Up (0.80x vs 10W Avg),-7.03,Underperformed Nifty by 7.03% in 3 Months,False,-7.03,-4.38,286030393.78,"Stage 4, Stage 4, weekly_vcp_ok, weekly_volume_dryup, weekly_strong, flags=Wide Risk;Low Liquidity, downtrend",695,633.0,Stage 4,watchlist,weekly_watchlist,10.52,-62.0,-3.8999999999999995,False,False,False,False,False
GREENLAM.NS,Greenlam Industries Limited,"Furnishings, Fixtures & Appliances",Consumer Cyclical,False,Cash,1,Stage 4,Stage 4,Stage 4,0.66,Price is below weekly structure.,,,2026-08-21,,watchlist,weekly_watchlist,watchlist,0.0,32.0,9.54,0.0,0.0,32.0,9.54,Stage 4,9.54,Weak,Volume Drying Up,Volume Drying Up (0.35x vs 10W Avg),-10.83,Underperformed Nifty by 10.83% in 3 Months,False,-10.83,1.96,10556572.98,"Stage 4, Stage 4, weekly_vcp_ok, volume_dryup, weekly_volume_dryup, weekly_strong, flags=Wider Risk;Low Liquidity, downtrend",643,580.0,Stage 3,watchlist,weekly_watchlist,13.11,-63.0,-3.5700000000000003,False,False,False,False,False
RAYMONDLSL.NS,Raymond Lifestyle Limited,Apparel Manufacturing,Consumer Cyclical,False,Cash,1,Stage 4,Stage 4,Stage 4,0.86,Price is below the 30-week trend and below long-term support structure.,,,,,watchlist,weekly_watchlist,watchlist,2.3,18.3,2.11,0.0,2.3,18.3,2.11,Stage 4,2.11,Weak,Volume Expanding,Volume Expanding (1.64x vs 10W Avg),-8.83,Underperformed Nifty by 8.83% in 3 Months,False,-8.83,-11.31,264316464.1,"Stage 4, Stage 4, weekly_vcp_ok, flags=Wide Risk;Low Liquidity, downtrend",780,717.0,Stage 4,watchlist,weekly_watchlist,6.82,-63.0,-4.710000000000001,False,False,False,False,False
SAGILITY.NS,SAGILITY LIMITED,Healthcare,Healthcare,False,Cash,1,Stage 1,Stage 1,Stage 1,0.64,Price is building a base around long-term weekly structure without a confirmed advancing phase.,,,,,watchlist,weekly_watchlist,watchlist,15.43,41.73,27.86,2.0,15.43,41.73,29.86,Stage 1,27.86,Strong,Volume Drying Up,Volume Drying Up (0.36x vs 10W Avg),10.68,Outperformed Nifty by 10.68% in 3 Months,False,10.68,6.62,570961533.26,"Stage 1, Stage 1, weekly_vcp_ok, volume_dryup, weekly_volume_dryup, weekly_strong, flags=Wider Risk;Low Liquidity, stage1_not_actionable, stage1_needs_more_base",320,257.0,Not Sure,watchlist,weekly_watchlist,36.74,-63.0,-6.880000000000003,False,False,False,False,False
KANSAINER.NS,Kansai Nerolac Paints Limited,Specialty Chemicals,Basic Materials,False,Cash,1,Stage 4,Stage 4,Stage 4,0.86,Price is below the 30-week trend and below long-term support structure.,,,,,watchlist,weekly_watchlist,watchlist,0.0,32.0,4.55,5.0,0.0,32.0,9.55,Stage 4,4.55,Weak,Volume Drying Up,Volume Drying Up (0.47x vs 10W Avg),-11.4,Underperformed Nifty by 11.4% in 3 Months,False,-11.4,4.56,56479880.7,"Stage 4, Stage 4, weekly_vcp_ok, volume_dryup, weekly_volume_dryup, weekly_strong, flags=Wide Risk;Low Liquidity, downtrend",642,577.0,Stage 4,watchlist,weekly_watchlist,13.35,-65.0,-3.799999999999999,False,False,False,False,False
VEEDOL.NS,Veedol Corporation Limited,Specialty Chemicals,Basic Materials,False,Cash,1,Stage 4,Stage 4,Stage 4,0.86,Price is below the 30-week trend and below long-term support structure.,,,,,watchlist,weekly_watchlist,watchlist,0.0,19.18,8.49,5.0,0.0,19.18,13.49,Stage 4,8.49,Neutral,Volume Drying Up,Volume Drying Up (0.80x vs 10W Avg),0.02,Outperformed Nifty by 0.02% in 3 Months,False,0.02,8.8,11946880.22,"Stage 4, Stage 4, weekly_vcp_ok, volume_dryup, weekly_volume_dryup, flags=Wide Risk;Low Liquidity, downtrend",543,478.0,Not Sure,watchlist,weekly_watchlist,18.42,-65.0,-4.9300000000000015,False,False,False,False,False
GICRE.NS,General Insurance Corporation of India,Financial Services,Financial Services,False,Cash,1,Stage 1,Stage 1,Stage 1,0.64,Price is building a base around long-term weekly structure without a confirmed advancing phase.,,,,,watchlist,weekly_watchlist,watchlist,11.92,5.0,8.82,0.0,11.92,5.0,8.82,Stage 1,8.82,Neutral,Volume Drying Up,Volume Drying Up (0.48x vs 10W Avg),0.2,Outperformed Nifty by 0.2% in 3 Months,False,0.2,-7.39,341479226.38,"Stage 1, Stage 1, volume_dryup, weekly_volume_dryup, flags=Wider Risk;Low Liquidity, stage1_not_actionable, stage1_needs_more_base",655,589.0,Stage 1,watchlist,weekly_watchlist,12.7,-66.0,-3.879999999999999,False,False,False,False,False
ABSLAMC.NS,Aditya Birla Sun Life AMC Limited,Asset Management,Financial Services,False,Cash,1,Failed Stage 2,Stage 3,Failed Stage 2,0.72,"This stock was recently Stage 2, but the latest structure no longer satisfies Stage 2 rules. It is kept as Failed Stage 2 until a fresh base/repair structure forms.",Recent Stage 2 break; public stage held as Failed Stage 2.,2026-09-28,2026-09-23,,watchlist,weekly_watchlist,watchlist,9.07,0.0,6.16,0.0,9.07,0.0,6.16,Failed Stage 2,6.16,Weak,Volume Drying Up,Volume Drying Up (0.42x vs 10W Avg),-9.91,Underperformed Nifty by 9.91% in 3 Months,False,-9.91,12.65,214570460.34,"Stage 3, Early, volume_dryup, weekly_volume_dryup, flags=Wide Risk;Low Liquidity, distribution_or_weakening_risk | Stage 2 failed state applied from stage memory.",704,637.0,Failed Stage 2,watchlist,weekly_watchlist,10.2,-67.0,-4.039999999999999,False,False,False,False,False
AVL.NS,Aditya Vision Limited,Consumer Cyclical,Consumer Cyclical,False,Cash,1,Stage 2,Stage 2,Advancing,0.8,Price is above constructive weekly and long-term trend structure with improving relative strength.,,,2026-09-25,,watchlist,weekly_watchlist,watchlist,35.81,24.02,27.64,2.0,35.81,24.02,29.64,Stage 2 - Advancing,27.64,Neutral,Volume Drying Up,Volume Drying Up (0.40x vs 10W Avg),-1.76,Underperformed Nifty by 1.76% in 3 Months,True,-1.76,31.96,125904203.54,"Stage 2, Advancing, trend_template_ok, volume_dryup, weekly_volume_dryup, flags=Wider Risk;Low Liquidity",322,255.0,Stage 2,watchlist,weekly_watchlist,36.8,-67.0,-7.159999999999997,False,False,False,False,False
PNGJL.NS,P N Gadgil Jewellers Limited,Luxury Goods,Consumer Cyclical,False,Cash,1,Stage 1,Stage 1,Stage 1,0.64,Price is building a base around long-term weekly structure without a confirmed advancing phase.,,,,,watchlist,weekly_watchlist,watchlist,0.0,41.47,17.51,10.0,0.0,41.47,27.51,Stage 1,17.51,Neutral,Volume Drying Up,Volume Drying Up (0.75x vs 10W Avg),9.59,Outperformed Nifty by 9.59% in 3 Months,False,9.59,5.13,287060740.36,"Stage 1, Stage 1, weekly_vcp_ok, volume_dryup, weekly_volume_dryup, weekly_strong, flags=Wider Risk;Low Liquidity, stage1_not_actionable, stage1_needs_more_base",342,275.0,Stage 1,watchlist,weekly_watchlist,35.46,-67.0,-7.949999999999999,False,False,False,False,False
POWERINDIA.NS,Hitachi Energy India Limited,Electrical Equipment & Parts,Industrials,True,F&O,1,Failed Stage 2,Stage 3,Failed Stage 2,0.72,"This stock was recently Stage 2, but the latest structure no longer satisfies Stage 2 rules. It is kept as Failed Stage 2 until a fresh base/repair structure forms.",Recent Stage 2 break; public stage held as Failed Stage 2.,2026-09-28,2026-09-21,,watchlist,weekly_watchlist,watchlist,0.0,0.0,2.43,10.0,0.0,0.0,12.43,Failed Stage 2,2.43,Weak,Volume Drying Up,Volume Drying Up (0.77x vs 10W Avg),-5.28,Underperformed Nifty by 5.28% in 3 Months,False,-5.28,21.77,2758669790.75,"Stage 3, Early, volume_dryup, weekly_volume_dryup, flags=Wider Risk;Low Liquidity, distribution_or_weakening_risk | Stage 2 failed state applied from stage memory.",566,498.0,Failed Stage 2,watchlist,weekly_watchlist,17.49,-68.0,-5.059999999999999,False,False,False,False,False
COHANCE.NS,Cohance Lifesciences Limited,Drug Manufacturers - Specialty & Generic,Healthcare,False,Cash,1,Stage 1,Stage 1,Stage 1,0.68,Price is building a base around long-term weekly structure without a confirmed advancing phase.,,,,,watchlist,weekly_watchlist,watchlist,7.63,12.51,13.18,10.0,7.63,12.51,23.18,Stage 1,13.18,Strong,Volume Drying Up,Volume Drying Up (0.58x vs 10W Avg),5.26,Outperformed Nifty by 5.26% in 3 Months,False,5.26,49.79,549001178.65,"Stage 1, Stage 1, weekly_volume_dryup, flags=Wider Risk;Low Liquidity, stage1_not_actionable, stage1_needs_more_base",380,312.0,Stage 1,watchlist,weekly_watchlist,32.96,-68.0,-9.780000000000001,False,False,False,False,False
BOSCH-HCIL.NS,BOSCH HOME COMFORT INDIA LIMITED,"Furnishings, Fixtures & Appliances",Consumer Cyclical,False,Cash,1,Stage 2,Stage 2,Advancing,0.9,Price is above constructive weekly and long-term trend structure with improving relative strength.,,,2026-09-25,,watchlist,weekly_forming,watchlist,50.05,50.3,44.55,0.0,50.05,50.3,44.55,Stage 2 - Advancing,44.55,Very Strong,Volume Drying Up,Volume Normal (0.92x vs 10W Avg),38.6,Outperformed Nifty by 38.6% in 3 Months,True,38.6,61.27,73165677.07,"Stage 2, Advancing, trend_template_ok, weekly_vcp_ok, volume_dryup, flags=Loose Structure;Wide Risk;Low Liquidity",119,51.0,Stage 2,watchlist,weekly_forming,55.02,-68.0,-10.470000000000006,False,False,False,False,False
PURVA.NS,Puravankara Limited,Real Estate,Real Estate,False,Cash,1,Stage 3,Stage 3,Early,0.68,"Prior strength has shifted into a Stage 3 transition based on trend, relative strength, and volume evidence.",,,,,watchlist,weekly_watchlist,watchlist,14.24,24.74,10.57,2.0,14.24,24.74,12.57,Stage 3 Early,10.57,Strong,Volume Drying Up,Volume Drying Up (0.15x vs 10W Avg),2.68,Outperformed Nifty by 2.68% in 3 Months,False,2.68,21.73,254155495.11,"Stage 3, Early, weekly_vcp_ok, volume_dryup, weekly_volume_dryup, flags=Wide Weekly Base;Wide Risk;Low Liquidity, distribution_or_weakening_risk",562,493.0,Not Sure,watchlist,weekly_watchlist,17.63,-69.0,-5.059999999999999,False,False,False,False,False
SHRIRAMFIN.NS,Shriram Finance Limited,Credit Services,Financial Services,True,F&O,1,Failed Stage 2,Stage 1,Failed Stage 2,0.72,"This stock was recently Stage 2, but the latest structure no longer satisfies Stage 2 rules. It is kept as Failed Stage 2 until a fresh base/repair structure forms.",Recent Stage 2 break; public stage held as Failed Stage 2.,2026-09-28,2026-09-23,,watchlist,weekly_watchlist,watchlist,0.0,42.05,11.8,2.0,0.0,42.05,13.8,Failed Stage 2,11.8,Neutral,Volume Drying Up,Volume Drying Up (0.82x vs 10W Avg),-2.85,Underperformed Nifty by 2.85% in 3 Months,False,-2.85,12.38,4033151856.13,"Stage 1, Stage 1, weekly_vcp_ok, weekly_volume_dryup, weekly_strong, flags=Wide Risk;Low Liquidity, stage1_not_actionable, stage1_needs_more_base | Stage 2 failed state applied from stage memory.",536,467.0,Failed Stage 2,watchlist,weekly_watchlist,19.0,-69.0,-5.199999999999999,False,False,False,False,False
VTL.NS,Vardhman Textiles Limited,Textile Manufacturing,Consumer Cyclical,False,Cash,1,Stage 4,Stage 4,Stage 4,0.66,Price is below weekly structure.,,,2026-08-27,,watchlist,weekly_watchlist,watchlist,7.8,0.2,0.87,10.0,7.8,0.2,10.87,Stage 4,0.87,Weak,Volume Drying Up,Volume Drying Up (0.72x vs 10W Avg),-12.0,Underperformed Nifty by 12.0% in 3 Months,False,-12.0,3.85,998004055.5,"Stage 4, Stage 4, volume_dryup, weekly_volume_dryup, flags=Wide Risk;Low Liquidity, downtrend",592,523.0,Not Sure,watchlist,weekly_watchlist,16.22,-69.0,-5.35,False,False,False,False,False
JSWSTEEL.NS,JSW Steel Limited,Steel,Basic Materials,True,F&O,1,Stage 1,Stage 1,Stage 1,0.64,Price is building a base around long-term weekly structure without a confirmed advancing phase.,,,2026-09-02,,watchlist,weekly_watchlist,watchlist,0.0,53.26,28.52,10.0,0.0,53.26,38.52,Stage 1,28.52,Very Strong,Volume Drying Up,Volume Drying Up (0.67x vs 10W Avg),8.99,Outperformed Nifty by 8.99% in 3 Months,False,8.99,13.65,1584496352.38,"Stage 1, Stage 1, stage1_base_ready, weekly_vcp_ok, volume_dryup, weekly_volume_dryup, weekly_strong, flags=Low Liquidity, stage1_not_actionable",206,136.0,Stage 1,watchlist,weekly_watchlist,45.72,-70.0,-7.199999999999996,False,False,False,False,False
V2RETAIL.NS,V2 Retail Limited,Consumer Cyclical,Consumer Cyclical,False,Cash,1,Failed Stage 2,Stage 4,Failed Stage 2,0.72,"This stock was recently Stage 2, but the latest structure no longer satisfies Stage 2 rules. It is kept as Failed Stage 2 until a fresh base/repair structure forms.",Recent Stage 2 break; public stage held as Failed Stage 2.,2026-09-28,2026-09-07,,watchlist,weekly_watchlist,watchlist,7.63,32.15,13.93,2.0,7.63,32.15,15.93,Failed Stage 2,13.93,Neutral,Volume Drying Up,Volume Drying Up (0.65x vs 10W Avg),-2.98,Underperformed Nifty by 2.98% in 3 Months,False,-2.98,12.43,184445060.72,"Stage 4, Stage 4, weekly_vcp_ok, volume_dryup, weekly_volume_dryup, weekly_strong, flags=Wide Risk;Low Liquidity, downtrend | Stage 2 failed state applied from stage memory.",492,422.0,Failed Stage 2,watchlist,weekly_watchlist,23.21,-70.0,-7.280000000000001,False,False,False,False,False
TATASTEEL.NS,Tata Steel Limited,Steel,Basic Materials,True,F&O,1,Stage 1,Stage 1,Stage 1,0.64,Price is building a base around long-term weekly structure without a confirmed advancing phase.,,,,,watchlist,weekly_watchlist,watchlist,7.71,10.86,7.01,10.0,7.71,10.86,17.01,Stage 1,7.01,Strong,Volume Drying Up,Volume Drying Up (0.84x vs 10W Avg),4.38,Outperformed Nifty by 4.38% in 3 Months,False,4.38,0.2,4702657312.68,"Stage 1, Stage 1, weekly_volume_dryup, flags=Wide Risk;Low Liquidity, stage1_not_actionable, stage1_needs_more_base",469,399.0,Stage 1,watchlist,weekly_watchlist,25.34,-70.0,-8.329999999999998,False,False,False,False,False
MEDIASSIST.NS,Medi Assist Healthcare Services Limited,Healthcare,Healthcare,False,Cash,1,Stage 4,Stage 4,Stage 4,0.86,Price is below the 30-week trend and below long-term support structure.,,,,,watchlist,weekly_watchlist,watchlist,4.7,33.1,5.89,2.0,4.7,33.1,7.89,Stage 4,5.89,Weak,Volume Expanding,Volume Expanding (2.21x vs 10W Avg),-12.53,Underperformed Nifty by 12.53% in 3 Months,False,-12.53,-0.09,85316966.75,"Stage 4, Stage 4, weekly_vcp_ok, weekly_strong, flags=Wide Weekly Base;Wide Risk;Low Liquidity, downtrend",669,598.0,Stage 4,watchlist,weekly_watchlist,12.38,-71.0,-4.490000000000001,False,False,False,False,False
PARADEEP.NS,Paradeep Phosphates Limited,Agricultural Inputs,Basic Materials,False,Cash,1,Stage 2,Stage 2,Advancing,0.8,Price is above constructive weekly and long-term trend structure with improving relative strength.,,,2026-09-25,,watchlist,weekly_near_pivot,watchlist,31.92,69.57,41.58,0.0,31.92,69.57,41.58,Stage 2 - Advancing,41.58,Very Strong,Volume Drying Up,Volume Drying Up (0.17x vs 10W Avg),17.15,Outperformed Nifty by 17.15% in 3 Months,True,17.15,38.55,386067671.89,"Stage 2, Advancing, trend_template_ok, weekly_vcp_ok, volume_dryup, weekly_volume_dryup, weekly_strong, flags=Wide Weekly Base;Wide Risk;Low Liquidity",164,93.0,Stage 2,watchlist,weekly_near_pivot,49.53,-71.0,-7.950000000000003,False,False,False,False,False
ASAHIINDIA.NS,Asahi India Glass Limited,Auto Parts,Consumer Cyclical,False,Cash,1,Stage 1,Stage 1,Stage 1,0.68,Price is building a base around long-term weekly structure without a confirmed advancing phase.,,,,,watchlist,weekly_watchlist,watchlist,17.99,10.85,20.28,5.0,17.99,10.85,25.28,Stage 1,20.28,Strong,Volume Drying Up,Volume Drying Up (0.83x vs 10W Avg),10.35,Outperformed Nifty by 10.35% in 3 Months,False,10.35,16.12,130829962.63,"Stage 1, Stage 1, volume_dryup, weekly_volume_dryup, flags=Low Liquidity, stage1_not_actionable, stage1_needs_more_base",360,289.0,Stage 1,watchlist,weekly_watchlist,34.77,-71.0,-9.490000000000002,False,False,False,False,False
OLAELEC.NS,Ola Electric Mobility Limited,Auto Manufacturers,Consumer Cyclical,False,Cash,1,Not Sure,Stage 3,Pending Stage 3,0.55,Blocked public stage jump Stage 1 -> Stage 3; waiting for intermediate/confirmed structure.,Blocked public stage jump Stage 1 -> Stage 3; waiting for intermediate/confirmed structure.,,,Stage 3,watchlist,weekly_watchlist,watchlist,3.09,0.0,4.58,5.0,3.09,0.0,9.58,Not Sure - Unclear,4.58,Neutral,Volume Expanding,Volume Expanding (3.34x vs 10W Avg),-11.7,Underperformed Nifty by 11.7% in 3 Months,False,-11.7,35.85,3759078359.15,"Stage 3, Early, flags=Wide Risk;Low Liquidity, distribution_or_weakening_risk | Blocked public stage jump Stage 1 -> Stage 3; waiting for intermediate/confirmed structure.",641,569.0,Stage 1,watchlist,weekly_watchlist,13.69,-72.0,-4.109999999999999,False,False,False,False,False
NYKAA.NS,FSN E-Commerce Ventures Limited,Consumer Cyclical,Consumer Cyclical,True,F&O,1,Stage 2,Stage 2,Advancing,0.8,Price is above constructive weekly and long-term trend structure with improving relative strength.,,,2026-09-25,,watchlist,weekly_watchlist,watchlist,35.0,24.94,29.57,2.0,35.0,24.94,31.57,Stage 2 - Advancing,29.57,Strong,Volume Drying Up,Volume Drying Up (0.59x vs 10W Avg),8.77,Outperformed Nifty by 8.77% in 3 Months,True,8.77,34.59,1237136109.58,"Stage 2, Advancing, trend_template_ok, volume_dryup, weekly_volume_dryup, flags=Low Liquidity",298,226.0,Stage 2,watchlist,weekly_watchlist,39.15,-72.0,-7.579999999999998,False,False,False,False,False
SHREECEM.NS,SHREE CEMENT LIMITED,Building Materials,Basic Materials,True,F&O,1,Stage 4,Stage 4,Stage 4,0.86,Price is below the 30-week trend and below long-term support structure.,,,,,watchlist,weekly_watchlist,watchlist,0.0,32.0,4.13,0.0,0.0,32.0,4.13,Stage 4,4.13,Weak,Volume Drying Up,Volume Drying Up (0.55x vs 10W Avg),-10.12,Underperformed Nifty by 10.12% in 3 Months,False,-10.12,-1.62,394610999.25,"Stage 4, Stage 4, weekly_vcp_ok, weekly_volume_dryup, weekly_strong, flags=Wide Risk;Low Liquidity, downtrend",759,686.0,Stage 4,watchlist,weekly_watchlist,8.73,-73.0,-4.6000000000000005,False,False,False,False,False
CEMPRO.NS,Cemindia Projects Limited,Engineering & Construction,Industrials,False,Cash,1,Failed Stage 2,Stage 3,Failed Stage 2,0.72,"This stock was recently Stage 2, but the latest structure no longer satisfies Stage 2 rules. It is kept as Failed Stage 2 until a fresh base/repair structure forms.",Recent Stage 2 break; public stage held as Failed Stage 2.,2026-09-28,2026-09-24,,watchlist,weekly_watchlist,watchlist,15.7,1.8,6.12,0.0,15.7,1.8,6.12,Failed Stage 2,6.12,Neutral,Volume Drying Up,Volume Drying Up (0.45x vs 10W Avg),-9.35,Underperformed Nifty by 9.35% in 3 Months,False,-9.35,129.87,290300334.96,"Stage 3, Early, volume_dryup, weekly_volume_dryup, flags=Wide Base;Loose Structure;Wide Risk;Low Liquidity, distribution_or_weakening_risk | Stage 2 failed state applied from stage memory.",705,631.0,Failed Stage 2,watchlist,weekly_watchlist,10.62,-74.0,-4.499999999999999,False,False,False,False,False
BBTC.NS,The Bombay Burmah Trading Corporation Limited,Packaged Foods,Consumer Defensive,False,Cash,1,Stage 4,Stage 4,Stage 4,0.86,Price is below the 30-week trend and below long-term support structure.,,,,,watchlist,weekly_watchlist,watchlist,0.0,0.0,2.97,0.0,0.0,0.0,2.97,Stage 4,2.97,Weak,Volume Drying Up,Volume Drying Up (0.10x vs 10W Avg),-2.92,Underperformed Nifty by 2.92% in 3 Months,False,-2.92,3.06,275713595.92,"Stage 4, Stage 4, volume_dryup, weekly_volume_dryup, flags=Wide Risk, downtrend",775,701.0,Stage 4,watchlist,weekly_watchlist,7.53,-74.0,-4.5600000000000005,False,False,False,False,False
MTARTECH.NS,Mtar Technologies Limited,Specialty Industrial Machinery,Industrials,False,Cash,1,Stage 2,Stage 2,Advancing,0.9,Price is above constructive weekly and long-term trend structure with improving relative strength.,,,2026-09-25,,watchlist,weekly_watchlist,watchlist,31.65,25.4,20.84,10.0,31.65,25.4,30.84,Stage 2 - Advancing,20.84,Strong,Volume Drying Up,Volume Drying Up (0.67x vs 10W Avg),0.67,Outperformed Nifty by 0.67% in 3 Months,True,0.67,100.02,761037008.05,"Stage 2, Advancing, trend_template_ok, volume_dryup, weekly_volume_dryup, flags=Wide Weekly Base;Wide Risk;Low Liquidity",306,232.0,Stage 2,watchlist,weekly_watchlist,38.83,-74.0,-7.989999999999998,False,False,False,False,False
BECTORFOOD.NS,Mrs. Bectors Food Specialities Limited,Packaged Foods,Consumer Defensive,False,Cash,1,Failed Stage 2,Stage 1,Failed Stage 2,0.72,"This stock was recently Stage 2, but the latest structure no longer satisfies Stage 2 rules. It is kept as Failed Stage 2 until a fresh base/repair structure forms.",Recent Stage 2 break; public stage held as Failed Stage 2.,2026-09-28,2026-09-25,,watchlist,weekly_watchlist,watchlist,0.0,43.72,17.01,0.0,0.0,43.72,17.01,Failed Stage 2,17.01,Strong,Volume Drying Up,Volume Drying Up (0.15x vs 10W Avg),22.83,Outperformed Nifty by 22.83% in 3 Months,False,22.83,14.39,260574453.46,"Stage 1, Stage 1, weekly_vcp_ok, volume_dryup, weekly_volume_dryup, weekly_strong, flags=Loose Structure;Wide Risk;Low Liquidity, stage1_not_actionable, stage1_needs_more_base | Stage 2 failed state applied from stage memory.",468,394.0,Stage 2,watchlist,weekly_forming,25.98,-74.0,-8.969999999999999,False,False,False,False,False
EIEL.NS,Enviro Infra Engineers Limited,Engineering & Construction,Industrials,False,Cash,1,Stage 3,Stage 3,Early,0.68,"Prior strength has shifted into a Stage 3 transition based on trend, relative strength, and volume evidence.",,,2026-08-11,,watchlist,weekly_watchlist,watchlist,0.0,7.07,3.61,0.0,0.0,7.07,3.61,Stage 3 Early,3.61,Weak,Volume Drying Up,Volume Drying Up (0.44x vs 10W Avg),-10.4,Underperformed Nifty by 10.4% in 3 Months,False,-10.4,17.06,320446685.35,"Stage 3, Early, volume_dryup, weekly_volume_dryup, flags=Wider Risk;Low Liquidity, distribution_or_weakening_risk",770,695.0,Stage 3,watchlist,weekly_watchlist,8.06,-75.0,-4.450000000000001,False,False,False,False,False
BALUFORGE.NS,Balu Forge Industries Limited,Metal Fabrication,Industrials,False,Cash,1,Failed Stage 2,Stage 1,Failed Stage 2,0.72,"This stock was recently Stage 2, but the latest structure no longer satisfies Stage 2 rules. It is kept as Failed Stage 2 until a fresh base/repair structure forms.",Recent Stage 2 break; public stage held as Failed Stage 2.,2026-09-28,2026-09-23,,watchlist,weekly_watchlist,watchlist,0.0,43.89,10.5,10.0,0.0,43.89,20.5,Failed Stage 2,10.5,Strong,Volume Drying Up,Volume Drying Up (0.31x vs 10W Avg),10.44,Outperformed Nifty by 10.44% in 3 Months,False,10.44,17.49,554045841.51,"Stage 1, Stage 1, weekly_vcp_ok, volume_dryup, weekly_volume_dryup, weekly_strong, flags=Wide Weekly Base;Loose Structure;Wide Risk;Low Liquidity, stage1_not_actionable, stage1_needs_more_base | Stage 2 failed state applied from stage memory.",417,342.0,Failed Stage 2,watchlist,weekly_watchlist,30.32,-75.0,-9.82,False,False,False,False,False
MCX.NS,Multi Commodity Exchange of India Limited,Financial Services,Financial Services,True,F&O,1,Stage 2,Stage 2,Advancing,0.9,Price is above constructive weekly and long-term trend structure with improving relative strength.,,,2026-09-25,,watchlist,weekly_near_pivot,watchlist,34.37,68.52,47.84,0.0,34.37,68.52,47.84,Stage 2 - Advancing,47.84,Very Strong,Volume Normal,Volume Normal (1.00x vs 10W Avg),17.02,Outperformed Nifty by 17.02% in 3 Months,True,17.02,36.17,6093439129.06,"Stage 2, Advancing, trend_template_ok, weekly_vcp_ok, weekly_strong, flags=Wider Risk;Low Liquidity",94,19.0,Stage 2,watchlist,weekly_near_pivot,61.89,-75.0,-14.049999999999997,False,False,False,False,False
POCL.NS,Pondy Oxides & Chemicals Limited,Specialty Chemicals,Basic Materials,False,Cash,1,Stage 4,Stage 4,Stage 4,0.86,Price is below the 30-week trend and below long-term support structure.,,,2026-07-24,,watchlist,weekly_watchlist,watchlist,0.0,32.0,3.79,5.0,0.0,32.0,8.79,Stage 4,3.79,Weak,Volume Drying Up,Volume Drying Up (0.79x vs 10W Avg),-13.12,Underperformed Nifty by 13.12% in 3 Months,False,-13.12,7.05,183201137.1,"Stage 4, Stage 4, weekly_vcp_ok, weekly_volume_dryup, weekly_strong, flags=Wide Weekly Base;Wide Risk;Low Liquidity, downtrend",657,581.0,Stage 3,watchlist,weekly_watchlist,13.08,-76.0,-4.290000000000001,False,False,False,False,False
UNITDSPR.NS,United Spirits Limited,Consumer Defensive,Consumer Defensive,True,F&O,1,Stage 1,Stage 1,Stage 1,0.64,Price is building a base around long-term weekly structure without a confirmed advancing phase.,,,2026-08-28,,watchlist,weekly_watchlist,watchlist,0.0,29.1,16.24,0.0,0.0,29.1,16.24,Stage 1,16.24,Strong,Volume Drying Up,Volume Drying Up (0.61x vs 10W Avg),8.96,Outperformed Nifty by 8.96% in 3 Months,False,8.96,19.05,656233642.58,"Stage 1, Stage 1, weekly_vcp_ok, volume_dryup, weekly_volume_dryup, flags=Wide Risk;Low Liquidity, stage1_not_actionable, stage1_needs_more_base",485,409.0,Stage 1,watchlist,weekly_watchlist,24.7,-76.0,-8.46,False,False,False,False,False
BAJAJ-AUTO.NS,Bajaj Auto Limited,Auto Manufacturers,Consumer Cyclical,True,F&O,1,Stage 2,Stage 2,Advancing,0.8,Price is above constructive weekly and long-term trend structure with improving relative strength.,,,2026-09-25,,watchlist,weekly_watchlist,watchlist,19.49,20.88,18.17,5.0,19.49,20.88,23.17,Stage 2 - Advancing,18.17,Strong,Volume Drying Up,Volume Drying Up (0.55x vs 10W Avg),16.94,Outperformed Nifty by 16.94% in 3 Months,False,16.94,29.9,2275233396.6,"Stage 2, Advancing, volume_dryup, weekly_volume_dryup, flags=Wide Risk;Low Liquidity",382,306.0,Stage 2,watchlist,weekly_watchlist,33.3,-76.0,-10.129999999999995,False,False,False,False,False
HINDCOPPER.NS,Hindustan Copper Limited,Basic Materials,Basic Materials,False,Cash,1,Stage 4,Stage 4,Stage 4,0.86,Price is below the 30-week trend and below long-term support structure.,,,2026-08-24,,watchlist,weekly_watchlist,watchlist,0.0,32.19,4.96,0.0,0.0,32.19,4.96,Stage 4,4.96,Weak,Volume Drying Up,Volume Drying Up (0.54x vs 10W Avg),2.37,Outperformed Nifty by 2.37% in 3 Months,False,2.37,-0.52,3994203176.68,"Stage 4, Stage 4, weekly_vcp_ok, volume_dryup, weekly_volume_dryup, weekly_strong, flags=Wide Weekly Base;Wide Risk;Low Liquidity, downtrend",746,668.0,Stage 4,watchlist,weekly_watchlist,9.85,-78.0,-4.89,False,False,False,False,False
POWERGRID.NS,Power Grid Corporation of India Limited,Utilities,Utilities,True,F&O,1,Not Sure,Stage 4,Pending Stage 4,0.55,Blocked public stage jump Stage 1 -> Stage 4; waiting for intermediate/confirmed structure.,Blocked public stage jump Stage 1 -> Stage 4; waiting for intermediate/confirmed structure.,,,Stage 4,watchlist,weekly_watchlist,watchlist,0.0,32.0,13.97,0.0,0.0,32.0,13.97,Not Sure - Unclear,13.97,Weak,Volume Normal,Volume Normal (0.91x vs 10W Avg),-3.61,Underperformed Nifty by 3.61% in 3 Months,False,-3.61,-7.01,2307060323.17,"Stage 4, Stage 4, weekly_vcp_ok, weekly_strong, flags=Low Liquidity, downtrend | Blocked public stage jump Stage 1 -> Stage 4; waiting for intermediate/confirmed structure.",531,453.0,Stage 1,watchlist,weekly_watchlist,19.98,-78.0,-6.01,False,False,False,False,False
JSFB.NS,Jana Small Finance Bank Limited,Banks - Regional,Financial Services,False,Cash,1,Stage 2,Stage 2,Advancing,0.8,Price is above constructive weekly and long-term trend structure with improving relative strength.,,,2026-09-25,,watchlist,weekly_watchlist,watchlist,32.81,24.12,29.19,2.0,32.81,24.12,31.19,Stage 2 - Advancing,29.19,Strong,Volume Normal,Volume Normal (1.45x vs 10W Avg),11.81,Outperformed Nifty by 11.81% in 3 Months,True,11.81,37.43,456693579.98,"Stage 2, Advancing, trend_template_ok, flags=Wide Risk",302,223.0,Stage 2,watchlist,weekly_watchlist,39.42,-79.0,-8.23,False,False,False,False,False
PAISALO.NS,Paisalo Digital Limited,Credit Services,Financial Services,False,Cash,1,Stage 2,Stage 2,Extended,0.78,"Weekly advancing structure remains intact, but price is stretched versus key moving averages.",,,2026-09-25,,watchlist,weekly_watchlist,watchlist,54.37,24.2,30.0,2.0,54.37,24.2,32.0,Stage 2 - Extended,30.0,Very Strong,Volume Expanding,Volume Normal (1.38x vs 10W Avg),15.92,Outperformed Nifty by 15.92% in 3 Months,True,15.92,125.12,1637681944.28,"Stage 2, Extended, trend_template_ok, flags=Loose Structure;Extended;Wide Risk;Low Liquidity",286,207.0,Stage 2,watchlist,weekly_watchlist,40.37,-79.0,-8.369999999999997,False,False,False,False,False
GSFC.NS,Gujarat State Fertilizers & Chemicals Limited,Agricultural Inputs,Basic Materials,False,Cash,1,Stage 3,Stage 3,Early,0.68,"Prior strength has shifted into a Stage 3 transition based on trend, relative strength, and volume evidence.",,,,,watchlist,weekly_watchlist,watchlist,0.0,36.99,17.36,0.0,0.0,36.99,17.36,Stage 3 Early,17.36,Strong,Volume Normal,Volume Normal (0.87x vs 10W Avg),3.62,Outperformed Nifty by 3.62% in 3 Months,False,3.62,6.25,157189612.55,"Stage 3, Early, weekly_vcp_ok, weekly_volume_dryup, weekly_strong, flags=Low Liquidity, distribution_or_weakening_risk",464,385.0,Not Sure,watchlist,weekly_watchlist,26.52,-79.0,-9.16,False,False,False,False,False
ADANIGREEN.NS,Adani Green Energy Limited,Utilities - Renewable,Utilities,True,F&O,1,Stage 3,Stage 3,Early,0.68,"Prior strength has shifted into a Stage 3 transition based on trend, relative strength, and volume evidence.",,,2026-08-07,,watchlist,weekly_watchlist,watchlist,0.0,1.7,0.0,0.0,0.0,1.7,0.0,Stage 3 Early,0.0,Weak,Volume Drying Up,Volume Drying Up (0.73x vs 10W Avg),-15.48,Underperformed Nifty by 15.48% in 3 Months,False,-15.48,46.53,1717157548.66,"Stage 3, Early, volume_dryup, weekly_volume_dryup, flags=Wide Risk;Low Liquidity, distribution_or_weakening_risk",877,797.0,Stage 3,watchlist,weekly_watchlist,2.24,-80.0,-2.24,False,False,False,False,False
INDIGOPNTS.NS,Indigo Paints Limited,Specialty Chemicals,Basic Materials,False,Cash,1,Stage 2,Stage 2,Advancing,0.8,Price is above constructive weekly and long-term trend structure with improving relative strength.,,,2026-09-25,,watchlist,weekly_watchlist,watchlist,13.96,29.01,18.52,5.0,13.96,29.01,23.52,Stage 2 - Advancing,18.52,Strong,Volume Drying Up,Volume Drying Up (0.39x vs 10W Avg),8.6,Outperformed Nifty by 8.6% in 3 Months,False,8.6,47.48,66752057.62,"Stage 2, Advancing, volume_dryup, weekly_volume_dryup, flags=Wide Weekly Base;Wider Risk;Low Liquidity",376,296.0,Stage 2,watchlist,weekly_watchlist,34.4,-80.0,-10.879999999999999,False,False,False,False,False
ZENSARTECH.NS,Zensar Technologies Limited,Information Technology Services,Technology,False,Cash,1,Stage 4,Stage 4,Stage 4,0.86,Price is below the 30-week trend and below long-term support structure.,,,,,watchlist,weekly_watchlist,watchlist,0.0,0.0,0.0,0.0,0.0,0.0,0.0,Stage 4,0.0,Weak,Volume Drying Up,Volume Drying Up (0.56x vs 10W Avg),0.82,Outperformed Nifty by 0.82% in 3 Months,False,0.82,-15.47,1545317133.37,"Stage 4, Stage 4, weekly_volume_dryup, flags=Wide Risk;Low Liquidity, downtrend",907,825.0,Stage 4,watchlist,weekly_watchlist,2.0,-82.0,-2.0,False,False,False,False,False
TIMKEN.NS,Timken India Limited,Tools & Accessories,Industrials,False,Cash,1,Not Sure,Stage 4,Pending Stage 4,0.55,Blocked public stage jump Stage 1 -> Stage 4; waiting for intermediate/confirmed structure.,Blocked public stage jump Stage 1 -> Stage 4; waiting for intermediate/confirmed structure.,,,Stage 4,watchlist,weekly_watchlist,watchlist,2.67,3.8,4.24,2.0,2.67,3.8,6.24,Not Sure - Unclear,4.24,Weak,Volume Normal,Volume Normal (0.88x vs 10W Avg),-3.8,Underperformed Nifty by 3.8% in 3 Months,False,-3.8,-2.66,119275330.87,"Stage 4, Stage 4, weekly_volume_dryup, flags=Wider Risk;Low Liquidity, downtrend | Blocked public stage jump Stage 1 -> Stage 4; waiting for intermediate/confirmed structure.",700,617.0,Stage 1,watchlist,weekly_watchlist,11.39,-83.0,-5.15,False,False,False,False,False
JSL.NS,Jindal Stainless Limited,Steel,Basic Materials,False,Cash,1,Stage 1,Stage 1,Stage 1,0.68,Price is building a base around long-term weekly structure without a confirmed advancing phase.,,,,,watchlist,weekly_watchlist,watchlist,0.0,50.0,26.33,10.0,0.0,50.0,36.33,Stage 1,26.33,Very Strong,Volume Expanding,Volume Expanding (1.52x vs 10W Avg),13.4,Outperformed Nifty by 13.4% in 3 Months,False,13.4,6.58,975123929.18,"Stage 1, Stage 1, weekly_vcp_ok, weekly_strong, flags=Wider Risk;Low Liquidity, stage1_not_actionable, stage1_needs_more_base",233,150.0,Stage 1,watchlist,weekly_watchlist,44.99,-83.0,-8.660000000000004,False,False,False,False,False
HINDALCO.NS,Hindalco Industries Limited,Basic Materials,Basic Materials,True,F&O,1,Failed Stage 2,Stage 1,Failed Stage 2,0.72,"This stock was recently Stage 2, but the latest structure no longer satisfies Stage 2 rules. It is kept as Failed Stage 2 until a fresh base/repair structure forms.",Recent Stage 2 break; public stage held as Failed Stage 2.,2026-09-28,2026-09-23,,watchlist,weekly_watchlist,watchlist,7.88,1.55,5.55,0.0,7.88,1.55,5.55,Failed Stage 2,5.55,Neutral,Volume Normal,Volume Normal (0.93x vs 10W Avg),6.34,Outperformed Nifty by 6.34% in 3 Months,False,6.34,7.13,3153310098.62,"Stage 1, Stage 1, flags=Wide Risk;Low Liquidity, stage1_not_actionable, stage1_needs_more_base | Stage 2 failed state applied from stage memory.",720,635.0,Failed Stage 2,watchlist,weekly_watchlist,10.43,-85.0,-4.88,False,False,False,False,False
HYUNDAI.NS,Hyundai Motor India Limited,Auto Manufacturers,Consumer Cyclical,True,F&O,1,Not Sure,Stage 3,Pending Stage 3,0.55,Blocked public stage jump Stage 1 -> Stage 3; waiting for intermediate/confirmed structure.,Blocked public stage jump Stage 1 -> Stage 3; waiting for intermediate/confirmed structure.,,,Stage 3,watchlist,weekly_watchlist,watchlist,0.0,2.05,5.34,5.0,0.0,2.05,10.34,Not Sure - Unclear,5.34,Strong,Volume Drying Up,Volume Normal (0.89x vs 10W Avg),11.24,Outperformed Nifty by 11.24% in 3 Months,False,11.24,23.22,1316672096.09,"Stage 3, Early, volume_dryup, weekly_volume_dryup, flags=Wider Risk;Low Liquidity, distribution_or_weakening_risk | Blocked public stage jump Stage 1 -> Stage 3; waiting for intermediate/confirmed structure.",599,513.0,Stage 1,watchlist,weekly_watchlist,16.69,-86.0,-6.350000000000001,False,False,False,False,False
CYIENT.NS,Cyient Limited,Conglomerates,Industrials,False,Cash,1,Stage 1,Stage 1,Stage 1,0.68,Price is building a base around long-term weekly structure without a confirmed advancing phase.,,,,,watchlist,weekly_watchlist,watchlist,0.56,46.49,16.09,0.0,0.56,46.49,16.09,Stage 1,16.09,Very Strong,Volume Drying Up,Volume Drying Up (0.35x vs 10W Avg),28.17,Outperformed Nifty by 28.17% in 3 Months,False,28.17,36.73,488021527.86,"Stage 1, Stage 1, weekly_vcp_ok, volume_dryup, weekly_volume_dryup, weekly_strong, flags=Wide Weekly Base;Loose Structure;Wide Risk;Low Liquidity, stage1_not_actionable, stage1_needs_more_base",488,401.0,Not Sure,watchlist,weekly_watchlist,25.25,-87.0,-9.16,False,False,False,False,False
JSWDULUX.NS,JSW Dulux Limited,Specialty Chemicals,Basic Materials,False,Cash,1,Stage 1,Stage 1,Stage 1,0.68,Price is building a base around long-term weekly structure without a confirmed advancing phase.,,,,,watchlist,weekly_watchlist,watchlist,0.0,10.17,12.86,5.0,0.0,10.17,17.86,Stage 1,12.86,Very Strong,Volume Expanding,Volume Expanding (2.13x vs 10W Avg),3.86,Outperformed Nifty by 3.86% in 3 Months,False,3.86,9.86,87662233.29,"Stage 1, Stage 1, stage1_base_ready, flags=Low Liquidity, stage1_not_actionable",454,365.0,Stage 1,watchlist,weekly_watchlist,28.17,-89.0,-10.310000000000002,False,False,False,False,False
STARHEALTH.NS,Star Health and Allied Insurance Company Limited,Insurance - Life,Financial Services,False,Cash,1,Stage 2,Stage 2,Advancing,0.8,Price is above constructive weekly and long-term trend structure with improving relative strength.,,,2026-09-25,,watchlist,weekly_watchlist,watchlist,11.36,23.68,15.38,0.0,11.36,23.68,15.38,Stage 2 - Advancing,15.38,Strong,Volume Expanding,Volume Expanding (3.71x vs 10W Avg),-1.01,Underperformed Nifty by 1.01% in 3 Months,False,-1.01,19.84,561552828.43,"Stage 2, Advancing, flags=Wide Risk;Low Liquidity",503,413.0,Stage 2,watchlist,weekly_watchlist,23.92,-90.0,-8.540000000000001,False,False,False,False,False
DEEDEV.NS,DEE Development Engineers Limited,Metal Fabrication,Industrials,False,Cash,1,Stage 2,Stage 2,Advancing,0.9,Price is above constructive weekly and long-term trend structure with improving relative strength.,,,2026-09-25,,watchlist,weekly_watchlist,watchlist,29.03,29.0,15.77,10.0,29.03,29.0,25.77,Stage 2 - Advancing,15.77,Neutral,Volume Drying Up,Volume Drying Up (0.74x vs 10W Avg),-2.33,Underperformed Nifty by 2.33% in 3 Months,True,-2.33,120.43,163556794.43,"Stage 2, Advancing, trend_template_ok, weekly_volume_dryup, flags=Wider Risk;Circuit Risk;Low Liquidity",355,264.0,Stage 2,watchlist,weekly_watchlist,36.42,-91.0,-10.650000000000002,False,False,False,False,False
NTPC.NS,NTPC Limited,Utilities,Utilities,True,F&O,1,Not Sure,Stage 4,Pending Stage 4,0.55,Blocked public stage jump Stage 1 -> Stage 4; waiting for intermediate/confirmed structure.,Blocked public stage jump Stage 1 -> Stage 4; waiting for intermediate/confirmed structure.,,,Stage 4,watchlist,weekly_watchlist,watchlist,0.0,0.2,1.31,0.0,0.0,0.2,1.31,Not Sure - Unclear,1.31,Weak,Volume Normal,Volume Normal (0.87x vs 10W Avg),-4.3,Underperformed Nifty by 4.3% in 3 Months,False,-4.3,-7.5,2341199956.03,"Stage 4, Stage 4, weekly_volume_dryup, flags=Wider Risk;Low Liquidity, downtrend | Blocked public stage jump Stage 1 -> Stage 4; waiting for intermediate/confirmed structure.",819,726.0,Stage 1,watchlist,weekly_watchlist,6.22,-93.0,-4.91,False,False,False,False,False
ADANIPOWER.NS,Adani Power Limited,Utilities,Utilities,True,F&O,1,Failed Stage 2,Stage 3,Failed Stage 2,0.72,"This stock was recently Stage 2, but the latest structure no longer satisfies Stage 2 rules. It is kept as Failed Stage 2 until a fresh base/repair structure forms.",Recent Stage 2 break; public stage held as Failed Stage 2.,2026-09-28,2026-09-10,,watchlist,weekly_watchlist,watchlist,11.93,0.0,6.94,0.0,11.93,0.0,6.94,Failed Stage 2,6.94,Weak,Volume Drying Up,Volume Normal (0.97x vs 10W Avg),-7.55,Underperformed Nifty by 7.55% in 3 Months,False,-7.55,24.87,3387749304.48,"Stage 3, Early, volume_dryup, flags=Wide Risk;Low Liquidity, distribution_or_weakening_risk | Stage 2 failed state applied from stage memory.",687,594.0,Failed Stage 2,watchlist,weekly_watchlist,12.48,-93.0,-5.54,False,False,False,False,False
FEDFINA.NS,Fedbank Financial Services Limited,Credit Services,Financial Services,False,Cash,1,Failed Stage 2,Stage 1,Failed Stage 2,0.72,"This stock was recently Stage 2, but the latest structure no longer satisfies Stage 2 rules. It is kept as Failed Stage 2 until a fresh base/repair structure forms.",Recent Stage 2 break; public stage held as Failed Stage 2.,2026-09-28,2026-09-25,,watchlist,weekly_watchlist,watchlist,0.0,44.15,30.88,2.0,0.0,44.15,32.88,Failed Stage 2,30.88,Strong,Volume Normal,Volume Normal (1.15x vs 10W Avg),5.85,Outperformed Nifty by 5.85% in 3 Months,False,5.85,17.66,134397846.42,"Stage 1, Stage 1, weekly_vcp_ok, weekly_strong, flags=Wider Risk, stage1_not_actionable, stage1_needs_more_base | Stage 2 failed state applied from stage memory.",274,180.0,Stage 2,watchlist,weekly_forming,42.4,-94.0,-9.519999999999996,False,False,False,False,False
DLF.NS,DLF Limited,Real Estate,Real Estate,True,F&O,1,Stage 2,Stage 2,Advancing,0.8,Price is above constructive weekly and long-term trend structure with improving relative strength.,,,2026-09-25,,watchlist,weekly_watchlist,watchlist,25.7,28.61,17.01,2.0,25.7,28.61,19.01,Stage 2 - Advancing,17.01,Strong,Volume Normal,Volume Normal (1.14x vs 10W Avg),7.18,Outperformed Nifty by 7.18% in 3 Months,True,7.18,30.91,2423519061.73,"Stage 2, Advancing, trend_template_ok, flags=Low Liquidity",437,341.0,Stage 2,watchlist,weekly_watchlist,30.4,-96.0,-11.389999999999997,False,False,False,False,False
KIRLOSENG.NS,Kirloskar Oil Engines Limited,Specialty Industrial Machinery,Industrials,False,Cash,1,Stage 2,Stage 2,Advancing,0.8,Price is above constructive weekly and long-term trend structure with improving relative strength.,,,2026-09-25,,watchlist,weekly_watchlist,watchlist,28.19,30.88,25.3,10.0,28.19,30.88,35.3,Stage 2 - Advancing,25.3,Strong,Volume Drying Up,Volume Drying Up (0.69x vs 10W Avg),-2.46,Underperformed Nifty by 2.46% in 3 Months,True,-2.46,57.31,917126106.74,"Stage 2, Advancing, trend_template_ok, weekly_volume_dryup, flags=Wider Risk;Low Liquidity",252,155.0,Stage 2,forming_vcp,weekly_watchlist,44.53,-97.0,-9.230000000000004,False,False,False,False,False
COFORGE.NS,Coforge Limited,Information Technology Services,Technology,True,F&O,1,Stage 2,Stage 2,Advancing,0.8,Price is above constructive weekly and long-term trend structure with improving relative strength.,,,2026-09-25,,watchlist,weekly_watchlist,watchlist,34.76,25.11,21.92,0.0,34.76,25.11,21.92,Stage 2 - Advancing,21.92,Very Strong,Volume Drying Up,Volume Drying Up (0.43x vs 10W Avg),28.35,Outperformed Nifty by 28.35% in 3 Months,True,28.35,48.72,4186421341.52,"Stage 2, Advancing, trend_template_ok, volume_dryup, weekly_volume_dryup, flags=Wide Weekly Base;Loose Structure;Wide Risk;Low Liquidity",400,303.0,Stage 2,forming_vcp,weekly_watchlist,33.63,-97.0,-11.71,False,False,False,False,False
UFLEX.NS,UFLEX Limited,Consumer Cyclical,Consumer Cyclical,False,Cash,1,Stage 2,Stage 2,Advancing,0.9,Price is above constructive weekly and long-term trend structure with improving relative strength.,,,2026-09-25,,watchlist,weekly_forming,watchlist,37.85,64.0,35.78,2.0,37.85,64.0,37.78,Stage 2 - Advancing,35.78,Very Strong,Volume Drying Up,Volume Drying Up (0.20x vs 10W Avg),54.6,Outperformed Nifty by 54.6% in 3 Months,True,54.6,77.73,192651437.04,"Stage 2, Advancing, trend_template_ok, weekly_vcp_ok, volume_dryup, weekly_volume_dryup, weekly_strong, flags=Wide Weekly Base;Loose Structure;Wide Risk;Low Liquidity",216,118.0,Stage 2,watchlist,weekly_forming,46.83,-98.0,-9.049999999999997,False,False,False,False,False
TFCILTD.NS,Tourism Finance Corporation of India Limited,Credit Services,Financial Services,False,Cash,1,Stage 2,Stage 2,Extended,0.78,"Weekly advancing structure remains intact, but price is stretched versus key moving averages.",,,2026-09-25,,watchlist,weekly_watchlist,watchlist,36.88,28.6,30.33,2.0,36.88,28.6,32.33,Stage 2 - Extended,30.33,Very Strong,Volume Normal,Volume Normal (1.23x vs 10W Avg),85.28,Outperformed Nifty by 85.28% in 3 Months,True,85.28,119.44,1523544256.07,"Stage 2, Extended, trend_template_ok, flags=Loose Structure;Extended;Wider Risk;Low Liquidity",281,183.0,Stage 2,forming_vcp,weekly_watchlist,42.06,-98.0,-9.730000000000004,False,False,False,False,False
SWIGGY.NS,Swiggy Limited,Consumer Cyclical,Consumer Cyclical,True,F&O,1,Stage 4,Stage 4,Stage 4,0.86,Price is below the 30-week trend and below long-term support structure.,,,,,watchlist,weekly_watchlist,watchlist,4.59,34.51,10.37,2.0,4.59,34.51,12.37,Stage 4,10.37,Weak,Volume Drying Up,Volume Drying Up (0.80x vs 10W Avg),7.92,Outperformed Nifty by 7.92% in 3 Months,False,7.92,-4.77,7217149331.3,"Stage 4, Stage 4, weekly_vcp_ok, volume_dryup, weekly_volume_dryup, weekly_strong, flags=Wide Risk;Low Liquidity, downtrend",570,471.0,Stage 4,watchlist,weekly_watchlist,18.67,-99.0,-6.3000000000000025,False,False,False,False,False
UNIVCABLES.NS,Universal Cables Limited,Electrical Equipment & Parts,Industrials,False,Cash,1,Stage 2,Stage 2,Advancing,0.8,Price is above constructive weekly and long-term trend structure with improving relative strength.,,,2026-09-25,,watchlist,weekly_watchlist,watchlist,34.85,20.6,18.68,10.0,34.85,20.6,28.68,Stage 2 - Advancing,18.68,Strong,Volume Drying Up,Volume Drying Up (0.53x vs 10W Avg),22.3,Outperformed Nifty by 22.3% in 3 Months,True,22.3,115.7,183423893.93,"Stage 2, Advancing, trend_template_ok, volume_dryup, weekly_volume_dryup, flags=Loose Structure;Wide Risk;Low Liquidity",329,228.0,Stage 2,watchlist,weekly_watchlist,39.06,-101.0,-10.380000000000003,False,False,False,False,False
SUPREMEIND.NS,Supreme Industries Limited,Building Products & Equipment,Industrials,True,F&O,1,Stage 1,Stage 1,Stage 1,0.64,Price is building a base around long-term weekly structure without a confirmed advancing phase.,,,,,watchlist,weekly_watchlist,watchlist,0.0,17.3,9.23,0.0,0.0,17.3,9.23,Stage 1,9.23,Strong,Volume Drying Up,Volume Drying Up (0.72x vs 10W Avg),11.95,Outperformed Nifty by 11.95% in 3 Months,False,11.95,-0.97,546588645.4,"Stage 1, Stage 1, weekly_volume_dryup, flags=Wider Risk;Low Liquidity, stage1_not_actionable, stage1_needs_more_base",648,544.0,Stage 1,watchlist,weekly_watchlist,15.17,-104.0,-5.9399999999999995,False,False,False,False,False
POLYMED.NS,Poly Medicure Limited,Healthcare,Healthcare,False,Cash,1,Stage 2,Stage 2,Advancing,0.8,Price is above constructive weekly and long-term trend structure with improving relative strength.,,,2026-09-25,,watchlist,weekly_forming,watchlist,37.16,58.5,33.79,2.0,37.16,58.5,35.79,Stage 2 - Advancing,33.79,Neutral,Volume Drying Up,Volume Drying Up (0.66x vs 10W Avg),-0.22,Underperformed Nifty by 0.22% in 3 Months,False,-0.22,25.18,242220267.87,"Stage 2, Advancing, daily_vcp_ok, weekly_vcp_ok, volume_dryup, weekly_volume_dryup, weekly_strong, flags=Wide Weekly Base;Wide Risk;Low Liquidity",245,141.0,Stage 2,watchlist,weekly_forming,45.47,-104.0,-9.68,False,False,False,False,False
ORCHPHARMA.NS,Orchid Pharma Limited,Drug Manufacturers - Specialty & Generic,Healthcare,False,Cash,1,Stage 2,Stage 2,Advancing,0.9,Price is above constructive weekly and long-term trend structure with improving relative strength.,,,2026-09-25,,watchlist,weekly_watchlist,watchlist,34.1,30.2,26.07,10.0,34.1,30.2,36.07,Stage 2 - Advancing,26.07,Strong,Volume Expanding,Volume Expanding (1.86x vs 10W Avg),9.61,Outperformed Nifty by 9.61% in 3 Months,True,9.61,97.64,122061463.42,"Stage 2, Advancing, trend_template_ok, flags=Wide Risk;Low Liquidity",238,130.0,Stage 2,watchlist,weekly_watchlist,45.99,-108.0,-9.920000000000002,False,False,False,False,False
ECLERX.NS,eClerx Services Limited,Information Technology Services,Technology,False,Cash,1,Stage 3,Stage 3,Early,0.68,"Prior strength has shifted into a Stage 3 transition based on trend, relative strength, and volume evidence.",,,,,watchlist,weekly_watchlist,watchlist,0.0,1.36,5.1,0.0,0.0,1.36,5.1,Stage 3 Early,5.1,Very Strong,Volume Drying Up,Volume Drying Up (0.59x vs 10W Avg),35.72,Outperformed Nifty by 35.72% in 3 Months,False,35.72,27.85,314735453.22,"Stage 3, Early, volume_dryup, weekly_volume_dryup, flags=Wide Risk;Low Liquidity, distribution_or_weakening_risk",723,613.0,Not Sure,watchlist,weekly_watchlist,11.63,-110.0,-6.530000000000001,False,False,False,False,False
ASTERDM.NS,Aster DM Healthcare Limited,Medical Care Facilities,Healthcare,False,Cash,1,Failed Stage 2,Stage 1,Failed Stage 2,0.72,"This stock was recently Stage 2, but the latest structure no longer satisfies Stage 2 rules. It is kept as Failed Stage 2 until a fresh base/repair structure forms.",Recent Stage 2 break; public stage held as Failed Stage 2.,2026-09-28,2026-09-25,,watchlist,weekly_watchlist,watchlist,10.65,40.74,25.34,2.0,10.65,40.74,27.34,Failed Stage 2,25.34,Neutral,Volume Drying Up,Volume Drying Up (0.34x vs 10W Avg),-0.41,Underperformed Nifty by 0.41% in 3 Months,False,-0.41,15.82,793499138.56,"Stage 1, Stage 1, weekly_vcp_ok, volume_dryup, weekly_volume_dryup, weekly_strong, flags=Wider Risk;Low Liquidity, stage1_not_actionable, stage1_needs_more_base | Stage 2 failed state applied from stage memory.",343,231.0,Stage 2,watchlist,weekly_forming,38.85,-112.0,-11.510000000000002,False,False,False,False,False
NMDC.NS,NMDC Limited,Steel,Basic Materials,True,F&O,1,Not Sure,Stage 4,Pending Stage 4,0.55,Blocked public stage jump Stage 1 -> Stage 4; waiting for intermediate/confirmed structure.,Blocked public stage jump Stage 1 -> Stage 4; waiting for intermediate/confirmed structure.,,2026-09-01,Stage 4,watchlist,weekly_watchlist,watchlist,9.08,0.0,0.66,10.0,9.08,0.0,10.66,Not Sure - Unclear,0.66,Weak,Volume Drying Up,Volume Drying Up (0.79x vs 10W Avg),-4.41,Underperformed Nifty by 4.41% in 3 Months,False,-4.41,1.43,938785021.58,"Stage 4, Stage 4, volume_dryup, weekly_volume_dryup, flags=Wide Risk;Low Liquidity, downtrend | Blocked public stage jump Stage 1 -> Stage 4; waiting for intermediate/confirmed structure.",595,482.0,Stage 1,watchlist,weekly_watchlist,18.04,-113.0,-7.379999999999999,False,False,False,False,False
GAEL.NS,Gujarat Ambuja Exports Limited,Packaged Foods,Consumer Defensive,False,Cash,1,Stage 2,Stage 2,Advancing,0.8,Price is above constructive weekly and long-term trend structure with improving relative strength.,,,2026-09-25,,watchlist,weekly_watchlist,watchlist,32.43,15.71,19.35,0.0,32.43,15.71,19.35,Stage 2 - Advancing,19.35,Strong,Volume Drying Up,Volume Drying Up (0.40x vs 10W Avg),2.33,Outperformed Nifty by 2.33% in 3 Months,True,2.33,16.8,99209410.12,"Stage 2, Advancing, trend_template_ok, volume_dryup, weekly_volume_dryup, flags=Wide Risk;Low Liquidity",432,315.0,Stage 2,watchlist,weekly_watchlist,32.74,-117.0,-13.39,False,False,False,False,False
SBIN.NS,State Bank of India,Banks - Regional,Financial Services,True,F&O,1,Not Sure,Stage 4,Pending Stage 4,0.55,Blocked public stage jump Stage 1 -> Stage 4; waiting for intermediate/confirmed structure.,Blocked public stage jump Stage 1 -> Stage 4; waiting for intermediate/confirmed structure.,,2026-08-31,Stage 4,watchlist,weekly_watchlist,watchlist,6.83,32.0,10.46,2.0,6.83,32.0,12.46,Not Sure - Unclear,10.46,Weak,Volume Normal,Volume Normal (0.86x vs 10W Avg),-3.41,Underperformed Nifty by 3.41% in 3 Months,False,-3.41,-1.58,7366332605.61,"Stage 4, Stage 4, weekly_vcp_ok, weekly_volume_dryup, weekly_strong, flags=Wide Risk;Low Liquidity, downtrend | Blocked public stage jump Stage 1 -> Stage 4; waiting for intermediate/confirmed structure.",565,445.0,Stage 1,watchlist,weekly_watchlist,21.1,-120.0,-8.64,False,False,False,False,False
MSTCLTD.NS,Mstc Limited,Conglomerates,Industrials,False,Cash,1,Stage 2,Stage 2,Advancing,0.9,Price is above constructive weekly and long-term trend structure with improving relative strength.,,,2026-09-25,,watchlist,weekly_watchlist,watchlist,35.85,24.2,25.57,0.0,35.85,24.2,25.57,Stage 2 - Advancing,25.57,Strong,Volume Drying Up,Volume Drying Up (0.74x vs 10W Avg),8.49,Outperformed Nifty by 8.49% in 3 Months,True,8.49,78.68,213215340.41,"Stage 2, Advancing, trend_template_ok, volume_dryup, weekly_volume_dryup, flags=Wide Risk;Low Liquidity",357,236.0,Stage 2,watchlist,weekly_watchlist,38.39,-121.0,-12.82,False,False,False,False,False
BAJFINANCE.NS,Bajaj Finance Limited,Credit Services,Financial Services,True,F&O,1,Failed Stage 2,Stage 1,Failed Stage 2,0.72,"This stock was recently Stage 2, but the latest structure no longer satisfies Stage 2 rules. It is kept as Failed Stage 2 until a fresh base/repair structure forms.",Recent Stage 2 break; public stage held as Failed Stage 2.,2026-09-28,2026-09-25,,watchlist,weekly_watchlist,watchlist,7.87,42.39,22.86,2.0,7.87,42.39,24.86,Failed Stage 2,22.86,Neutral,Volume Normal,Volume Normal (1.13x vs 10W Avg),1.83,Outperformed Nifty by 1.83% in 3 Months,False,1.83,22.12,5967285203.37,"Stage 1, Stage 1, weekly_vcp_ok, weekly_strong, flags=Wide Risk;Low Liquidity, stage1_not_actionable, stage1_needs_more_base | Stage 2 failed state applied from stage memory.",365,244.0,Failed Stage 2,watchlist,weekly_forming,37.85,-121.0,-12.990000000000002,False,False,False,False,False
GLENMARK.NS,Glenmark Pharmaceuticals Limited,Drug Manufacturers - Specialty & Generic,Healthcare,True,F&O,1,Stage 2,Stage 2,Advancing,0.8,Price is above constructive weekly and long-term trend structure with improving relative strength.,,,2026-09-25,,watchlist,weekly_forming,watchlist,16.84,60.67,33.49,10.0,16.84,60.67,43.49,Stage 2 - Advancing,33.49,Strong,Volume Expanding,Volume Normal (1.27x vs 10W Avg),11.12,Outperformed Nifty by 11.12% in 3 Months,False,11.12,13.55,1115219531.36,"Stage 2, Advancing, weekly_vcp_ok, weekly_strong, flags=Wider Risk;Low Liquidity",135,14.0,Stage 2,forming_vcp,weekly_near_pivot,65.55,-121.0,-22.059999999999995,False,False,False,False,False
HDFCBANK.NS,HDFC Bank Limited,Banks - Regional,Financial Services,True,F&O,1,Stage 4,Stage 4,Stage 4,0.86,Price is below the 30-week trend and below long-term support structure.,,,,,watchlist,weekly_watchlist,watchlist,0.0,0.0,0.0,2.0,0.0,0.0,2.0,Stage 4,0.0,Weak,Volume Normal,Volume Normal (0.90x vs 10W Avg),-4.55,Underperformed Nifty by 4.55% in 3 Months,False,-4.55,-0.4,19972377921.66,"Stage 4, Stage 4, flags=Wide Risk;Low Liquidity, downtrend",806,684.0,Stage 4,watchlist,weekly_watchlist,8.93,-122.0,-6.93,False,False,False,False,False
GOPAL.NS,Gopal Snacks Limited,Packaged Foods,Consumer Defensive,False,Cash,1,Stage 4,Stage 4,Stage 4,0.86,Price is below the 30-week trend and below long-term support structure.,,,,,watchlist,weekly_watchlist,watchlist,0.0,32.0,4.81,0.0,0.0,32.0,4.81,Stage 4,4.81,Weak,Volume Drying Up,Volume Normal (0.98x vs 10W Avg),-2.56,Underperformed Nifty by 2.56% in 3 Months,False,-2.56,-1.61,29950494.06,"Stage 4, Stage 4, weekly_vcp_ok, volume_dryup, weekly_strong, flags=Wide Risk;Low Liquidity, downtrend",750,626.0,Stage 4,watchlist,weekly_watchlist,10.99,-124.0,-6.180000000000001,False,False,False,False,False
TI.NS,Tilaknagar Industries Limited,Consumer Defensive,Consumer Defensive,False,Cash,1,Stage 2,Stage 2,Advancing,0.9,Price is above constructive weekly and long-term trend structure with improving relative strength.,,,2026-09-25,,watchlist,weekly_near_pivot,watchlist,34.6,70.36,41.56,0.0,34.6,70.36,41.56,Stage 2 - Advancing,41.56,Very Strong,Volume Normal,Volume Normal (1.09x vs 10W Avg),28.95,Outperformed Nifty by 28.95% in 3 Months,True,28.95,34.66,423499807.83,"Stage 2, Advancing, trend_template_ok, weekly_vcp_ok, weekly_strong, flags=Loose Structure;Wide Risk;Low Liquidity",165,40.0,Stage 2,watchlist,weekly_near_pivot,56.01,-125.0,-14.449999999999996,False,False,False,False,False
RBLBANK.NS,RBL Bank Limited,Banks - Regional,Financial Services,True,F&O,1,Stage 2,Stage 2,Advancing,0.9,Price is above constructive weekly and long-term trend structure with improving relative strength.,,,2026-09-25,,watchlist,weekly_watchlist,watchlist,33.1,40.17,38.2,2.0,33.1,40.17,40.2,Stage 2 - Advancing,38.2,Very Strong,Volume Normal,Volume Normal (1.25x vs 10W Avg),19.89,Outperformed Nifty by 19.89% in 3 Months,True,19.89,37.82,1755148976.14,"Stage 2, Advancing, trend_template_ok, flags=Low Liquidity",190,59.0,Stage 2,near_pivot,weekly_watchlist,53.75,-131.0,-13.549999999999997,False,False,False,False,False
LLOYDSENT.NS,Lloyds Enterprises Limited,Steel,Basic Materials,False,Cash,1,Stage 2,Stage 2,Advancing,0.9,Price is above constructive weekly and long-term trend structure with improving relative strength.,,,2026-09-25,,watchlist,weekly_watchlist,watchlist,37.85,27.68,27.99,10.0,37.85,27.68,37.99,Stage 2 - Advancing,27.99,Strong,Volume Normal,Volume Normal (1.47x vs 10W Avg),8.69,Outperformed Nifty by 8.69% in 3 Months,True,8.69,70.09,201634490.15,"Stage 2, Advancing, trend_template_ok, flags=Wide Weekly Base;Wide Risk;Low Liquidity",211,76.0,Stage 2,watchlist,weekly_watchlist,51.71,-135.0,-13.719999999999999,False,False,False,False,False
DABUR.NS,Dabur India Limited,Household & Personal Products,Consumer Defensive,True,F&O,1,Stage 4,Stage 4,Stage 4,0.86,Price is below the 30-week trend and below long-term support structure.,,,,,watchlist,weekly_watchlist,watchlist,5.84,0.0,0.0,0.0,5.84,0.0,0.0,Stage 4,0.0,Weak,Volume Drying Up,Volume Drying Up (0.73x vs 10W Avg),-7.48,Underperformed Nifty by 7.48% in 3 Months,False,-7.48,-4.09,800754463.52,"Stage 4, Stage 4, weekly_volume_dryup, flags=Wide Risk;Low Liquidity, downtrend",836,698.0,Stage 4,watchlist,weekly_watchlist,7.88,-138.0,-7.88,False,False,False,False,False
GRINDWELL.NS,Grindwell Norton Limited,Building Products & Equipment,Industrials,False,Cash,1,Failed Stage 2,Stage 3,Failed Stage 2,0.72,"This stock was recently Stage 2, but the latest structure no longer satisfies Stage 2 rules. It is kept as Failed Stage 2 until a fresh base/repair structure forms.",Recent Stage 2 break; public stage held as Failed Stage 2.,2026-09-28,2026-09-10,,watchlist,weekly_watchlist,watchlist,0.79,0.0,1.46,0.0,0.79,0.0,1.46,Failed Stage 2,1.46,Weak,Volume Drying Up,Volume Drying Up (0.79x vs 10W Avg),-5.79,Underperformed Nifty by 5.79% in 3 Months,False,-5.79,40.04,47066474.2,"Stage 3, Early, weekly_volume_dryup, flags=Wide Risk;Low Liquidity, distribution_or_weakening_risk | Stage 2 failed state applied from stage memory.",817,678.0,Failed Stage 2,watchlist,weekly_watchlist,9.23,-139.0,-7.7700000000000005,False,False,False,False,False
GRANULES.NS,Granules India Limited,Drug Manufacturers - Specialty & Generic,Healthcare,False,Cash,1,Stage 2,Stage 2,Advancing,0.8,Price is above constructive weekly and long-term trend structure with improving relative strength.,,,2026-09-25,,watchlist,weekly_watchlist,watchlist,50.0,24.97,25.53,10.0,50.0,24.97,35.53,Stage 2 - Advancing,25.53,Strong,Volume Drying Up,Volume Drying Up (0.47x vs 10W Avg),8.43,Outperformed Nifty by 8.43% in 3 Months,True,8.43,41.3,1273405479.86,"Stage 2, Advancing, trend_template_ok, weekly_volume_dryup, flags=Wider Risk;Low Liquidity",248,109.0,Stage 2,watchlist,weekly_watchlist,48.1,-139.0,-12.57,False,False,False,False,False
SHOPERSTOP.NS,Shoppers Stop Limited,Consumer Cyclical,Consumer Cyclical,False,Cash,1,Stage 2,Stage 2,Advancing,0.8,Price is above constructive weekly and long-term trend structure with improving relative strength.,Stage 2 confirmed with 3 raw confirmation runs.,,2026-09-25,,watchlist,weekly_watchlist,watchlist,43.8,29.83,34.96,2.0,43.8,29.83,36.96,Stage 2 - Advancing,34.96,Very Strong,Volume Expanding,Volume Expanding (4.07x vs 10W Avg),23.41,Outperformed Nifty by 23.41% in 3 Months,True,23.41,44.9,160157822.34,"Stage 2, Advancing, trend_template_ok, flags=Wide Risk;Low Liquidity",227,86.0,Not Sure,watchlist,weekly_near_pivot,50.8,-141.0,-13.839999999999996,False,False,True,False,False
SIEMENS.NS,Siemens Limited,Specialty Industrial Machinery,Industrials,True,F&O,1,Stage 2,Stage 2,Advancing,0.8,Price is above constructive weekly and long-term trend structure with improving relative strength.,,,2026-09-25,,watchlist,weekly_watchlist,watchlist,35.09,21.33,27.44,10.0,35.09,21.33,37.44,Stage 2 - Advancing,27.44,Very Strong,Volume Drying Up,Volume Drying Up (0.49x vs 10W Avg),11.35,Outperformed Nifty by 11.35% in 3 Months,True,11.35,27.95,985814435.34,"Stage 2, Advancing, trend_template_ok, volume_dryup, weekly_volume_dryup, flags=Wider Risk;Low Liquidity",220,78.0,Stage 2,forming_vcp,weekly_watchlist,51.35,-142.0,-13.910000000000004,False,False,False,False,False
GRASIM.NS,Grasim Industries Limited,Building Materials,Basic Materials,True,F&O,1,Failed Stage 2,Stage 1,Failed Stage 2,0.72,"This stock was recently Stage 2, but the latest structure no longer satisfies Stage 2 rules. It is kept as Failed Stage 2 until a fresh base/repair structure forms.",Recent Stage 2 break; public stage held as Failed Stage 2.,2026-09-28,2026-09-25,,watchlist,weekly_watchlist,watchlist,0.0,12.43,11.42,0.0,0.0,12.43,11.42,Failed Stage 2,11.42,Strong,Volume Drying Up,Volume Drying Up (0.72x vs 10W Avg),4.81,Outperformed Nifty by 4.81% in 3 Months,False,4.81,25.49,2679031905.48,"Stage 1, Stage 1, volume_dryup, weekly_volume_dryup, flags=Low Liquidity, stage1_not_actionable, stage1_needs_more_base | Stage 2 failed state applied from stage memory.",584,439.0,Stage 2,watchlist,weekly_watchlist,21.93,-145.0,-10.51,False,False,False,False,False
SYMPHONY.NS,Symphony Limited,"Furnishings, Fixtures & Appliances",Consumer Cyclical,False,Cash,1,Stage 4,Stage 4,Stage 4,0.86,Price is below the 30-week trend and below long-term support structure.,,,,,watchlist,weekly_watchlist,watchlist,6.3,30.2,0.0,0.0,6.3,30.2,0.0,Stage 4,0.0,Weak,Volume Drying Up,Volume Drying Up (0.39x vs 10W Avg),-9.41,Underperformed Nifty by 9.41% in 3 Months,False,-9.41,-16.58,190683774.15,"Stage 4, Stage 4, weekly_vcp_ok, volume_dryup, weekly_volume_dryup, weekly_strong, flags=Wide Risk;Low Liquidity, downtrend",833,687.0,Stage 4,watchlist,weekly_watchlist,8.62,-146.0,-8.62,False,False,False,False,False
GULFOILLUB.NS,Gulf Oil Lubricants India Limited,Specialty Chemicals,Basic Materials,False,Cash,1,Stage 2,Stage 2,Advancing,0.8,Price is above constructive weekly and long-term trend structure with improving relative strength.,,,2026-09-25,,watchlist,weekly_watchlist,watchlist,38.32,28.67,35.69,5.0,38.32,28.67,40.69,Stage 2 - Advancing,35.69,Very Strong,Volume Drying Up,Volume Drying Up (0.57x vs 10W Avg),14.1,Outperformed Nifty by 14.1% in 3 Months,True,14.1,30.61,58691895.5,"Stage 2, Advancing, trend_template_ok, volume_dryup, weekly_volume_dryup, flags=Low Liquidity",179,33.0,Stage 2,watchlist,weekly_near_pivot,58.02,-146.0,-17.330000000000005,False,False,False,False,False
LUXIND.NS,Lux Industries Limited,Apparel Manufacturing,Consumer Cyclical,False,Cash,1,Stage 4,Stage 4,Stage 4,0.66,Price is below weekly structure.,,,,,watchlist,weekly_watchlist,watchlist,0.0,0.0,0.0,0.0,0.0,0.0,0.0,Stage 4,0.0,Weak,Volume Normal,Volume Normal (1.13x vs 10W Avg),-3.89,Underperformed Nifty by 3.89% in 3 Months,False,-3.89,25.87,59858126.96,"Stage 4, Stage 4, flags=Wide Risk;Low Liquidity, downtrend",919,772.0,Stage 3,watchlist,weekly_watchlist,4.46,-147.0,-4.46,False,False,False,False,False
THYROCARE.NS,Thyrocare Technologies Limited,Diagnostics & Research,Healthcare,False,Cash,1,Stage 2,Stage 2,Advancing,0.8,Price is above constructive weekly and long-term trend structure with improving relative strength.,,,2026-09-25,,watchlist,weekly_watchlist,watchlist,38.78,19.55,22.6,10.0,38.78,19.55,32.6,Stage 2 - Advancing,22.6,Neutral,Volume Drying Up,Volume Drying Up (0.30x vs 10W Avg),3.51,Outperformed Nifty by 3.51% in 3 Months,True,3.51,54.02,131012242.94,"Stage 2, Advancing, trend_template_ok, volume_dryup, weekly_volume_dryup, flags=Wide Risk;Low Liquidity",279,132.0,Stage 2,watchlist,weekly_watchlist,45.92,-147.0,-13.32,False,False,False,False,False
IMFA.NS,Indian Metals & Ferro Alloys Limited,Basic Materials,Basic Materials,False,Cash,1,Not Sure,Stage 4,Pending Stage 4,0.55,Blocked public stage jump Stage 1 -> Stage 4; waiting for intermediate/confirmed structure.,Blocked public stage jump Stage 1 -> Stage 4; waiting for intermediate/confirmed structure.,,2026-08-27,Stage 4,watchlist,weekly_watchlist,watchlist,0.0,33.1,6.0,0.0,0.0,33.1,6.0,Not Sure - Unclear,6.0,Weak,Volume Drying Up,Volume Drying Up (0.46x vs 10W Avg),-5.49,Underperformed Nifty by 5.49% in 3 Months,False,-5.49,-1.17,109168594.53,"Stage 4, Stage 4, weekly_vcp_ok, volume_dryup, weekly_volume_dryup, weekly_strong, flags=Wide Risk;Low Liquidity, downtrend | Blocked public stage jump Stage 1 -> Stage 4; waiting for intermediate/confirmed structure.",708,558.0,Stage 1,watchlist,weekly_watchlist,14.25,-150.0,-8.25,False,False,False,False,False
KIRLOSBROS.NS,Kirloskar Brothers Limited,Specialty Industrial Machinery,Industrials,False,Cash,1,Failed Stage 2,Stage 3,Failed Stage 2,0.72,"This stock was recently Stage 2, but the latest structure no longer satisfies Stage 2 rules. It is kept as Failed Stage 2 until a fresh base/repair structure forms.",Recent Stage 2 break; public stage held as Failed Stage 2.,2026-09-28,2026-09-14,,watchlist,weekly_watchlist,watchlist,0.0,0.0,0.0,10.0,0.0,0.0,10.0,Failed Stage 2,0.0,Neutral,Volume Drying Up,Volume Drying Up (0.43x vs 10W Avg),-4.24,Underperformed Nifty by 4.24% in 3 Months,False,-4.24,26.12,50960498.72,"Stage 3, Early, volume_dryup, weekly_volume_dryup, flags=Wide Risk;Low Liquidity, distribution_or_weakening_risk | Stage 2 failed state applied from stage memory.",630,479.0,Failed Stage 2,watchlist,weekly_watchlist,18.35,-151.0,-8.350000000000001,False,False,False,False,False
BRIGADE.NS,Brigade Enterprises Limited,Real Estate,Real Estate,False,Cash,1,Failed Stage 2,Stage 1,Failed Stage 2,0.72,"This stock was recently Stage 2, but the latest structure no longer satisfies Stage 2 rules. It is kept as Failed Stage 2 until a fresh base/repair structure forms.",Recent Stage 2 break; public stage held as Failed Stage 2.,2026-09-28,2026-09-25,,watchlist,weekly_watchlist,watchlist,10.29,43.79,18.91,2.0,10.29,43.79,20.91,Failed Stage 2,18.91,Strong,Volume Drying Up,Volume Drying Up (0.38x vs 10W Avg),22.0,Outperformed Nifty by 22.0% in 3 Months,False,22.0,15.88,429729204.32,"Stage 1, Stage 1, weekly_vcp_ok, volume_dryup, weekly_volume_dryup, weekly_strong, flags=Loose Structure;Wide Risk;Low Liquidity, stage1_not_actionable, stage1_needs_more_base | Stage 2 failed state applied from stage memory.",411,260.0,Stage 2,watchlist,weekly_near_pivot,36.67,-151.0,-15.760000000000002,False,False,False,False,False
NIACL.NS,The New India Assurance Company Limited,Financial Services,Financial Services,False,Cash,1,Failed Stage 2,Stage 3,Failed Stage 2,0.72,"This stock was recently Stage 2, but the latest structure no longer satisfies Stage 2 rules. It is kept as Failed Stage 2 until a fresh base/repair structure forms.",Recent Stage 2 break; public stage held as Failed Stage 2.,2026-09-28,2026-09-25,,watchlist,weekly_watchlist,watchlist,0.0,0.0,0.0,0.0,0.0,0.0,0.0,Failed Stage 2,0.0,Neutral,Volume Drying Up,Volume Drying Up (0.36x vs 10W Avg),-3.65,Underperformed Nifty by 3.65% in 3 Months,False,-3.65,41.22,2682845100.82,"Stage 3, Late, weekly_volume_dryup, flags=Loose Structure;Wide Risk;Low Liquidity, distribution_or_weakening_risk | Stage 2 failed state applied from stage memory.",896,742.0,Stage 2,watchlist,weekly_watchlist,5.23,-154.0,-5.23,False,False,False,False,False
SUPRAJIT.NS,Suprajit Engineering Limited,Auto Parts,Consumer Cyclical,False,Cash,1,Failed Stage 2,Stage 1,Failed Stage 2,0.72,"This stock was recently Stage 2, but the latest structure no longer satisfies Stage 2 rules. It is kept as Failed Stage 2 until a fresh base/repair structure forms.",Recent Stage 2 break; public stage held as Failed Stage 2.,2026-09-28,2026-09-18,,watchlist,weekly_watchlist,watchlist,0.0,11.48,10.06,5.0,0.0,11.48,15.06,Failed Stage 2,10.06,Strong,Volume Drying Up,Volume Drying Up (0.39x vs 10W Avg),9.24,Outperformed Nifty by 9.24% in 3 Months,False,9.24,23.61,44517572.25,"Stage 1, Stage 1, weekly_volume_dryup, flags=Wider Risk;Low Liquidity, stage1_not_actionable, stage1_needs_more_base | Stage 2 failed state applied from stage memory.",507,353.0,Failed Stage 2,watchlist,weekly_watchlist,29.17,-154.0,-14.110000000000001,False,False,False,False,False
PRECWIRE.NS,Precision Wires India Limited,Electrical Equipment & Parts,Industrials,False,Cash,1,Stage 2,Stage 2,Advancing,0.9,Price is above constructive weekly and long-term trend structure with improving relative strength.,,,2026-09-25,,watchlist,weekly_watchlist,watchlist,36.41,29.0,25.05,10.0,36.41,29.0,35.05,Stage 2 - Advancing,25.05,Very Strong,Volume Drying Up,Volume Drying Up (0.72x vs 10W Avg),23.87,Outperformed Nifty by 23.87% in 3 Months,True,23.87,62.7,298415838.18,"Stage 2, Advancing, trend_template_ok, volume_dryup, weekly_volume_dryup, flags=Loose Structure;Wide Risk;Low Liquidity",256,100.0,Stage 2,watchlist,weekly_watchlist,49.19,-156.0,-14.14,False,False,False,False,False
CHALET.NS,Chalet Hotels Limited,Lodging,Consumer Cyclical,False,Cash,1,Failed Stage 2,Stage 1,Failed Stage 2,0.72,"This stock was recently Stage 2, but the latest structure no longer satisfies Stage 2 rules. It is kept as Failed Stage 2 until a fresh base/repair structure forms.",Recent Stage 2 break; public stage held as Failed Stage 2.,2026-09-28,2026-09-25,,watchlist,weekly_watchlist,watchlist,18.55,50.4,35.05,2.0,18.55,50.4,37.05,Failed Stage 2,35.05,Very Strong,Volume Drying Up,Volume Drying Up (0.75x vs 10W Avg),9.03,Outperformed Nifty by 9.03% in 3 Months,False,9.03,21.67,142365207.99,"Stage 1, Stage 1, stage1_base_ready, weekly_vcp_ok, weekly_volume_dryup, weekly_strong, flags=Wider Risk;Low Liquidity, stage1_not_actionable | Stage 2 failed state applied from stage memory.",224,67.0,Stage 2,watchlist,weekly_breakout,52.48,-157.0,-15.43,False,False,False,False,False
GENUSPOWER.NS,Genus Power Infrastructures Limited,Electrical Equipment & Parts,Industrials,False,Cash,1,Failed Stage 2,Stage 1,Failed Stage 2,0.72,"This stock was recently Stage 2, but the latest structure no longer satisfies Stage 2 rules. It is kept as Failed Stage 2 until a fresh base/repair structure forms.",Recent Stage 2 break; public stage held as Failed Stage 2.,2026-09-28,2026-09-15,,watchlist,weekly_watchlist,watchlist,0.0,5.35,0.0,10.0,0.0,5.35,10.0,Failed Stage 2,0.0,Neutral,Volume Drying Up,Volume Drying Up (0.62x vs 10W Avg),-0.93,Underperformed Nifty by 0.93% in 3 Months,False,-0.93,28.4,550754411.4,"Stage 1, Stage 1, volume_dryup, weekly_volume_dryup, flags=Wide Risk;Low Liquidity, stage1_not_actionable, stage1_needs_more_base | Stage 2 failed state applied from stage memory.",619,459.0,Failed Stage 2,watchlist,weekly_watchlist,19.53,-160.0,-9.530000000000001,False,False,False,False,False
DATAMATICS.NS,Datamatics Global Services Limited,Information Technology Services,Technology,False,Cash,1,Failed Stage 2,Stage 1,Failed Stage 2,0.72,"This stock was recently Stage 2, but the latest structure no longer satisfies Stage 2 rules. It is kept as Failed Stage 2 until a fresh base/repair structure forms.",Recent Stage 2 break; public stage held as Failed Stage 2.,2026-09-28,2026-09-25,,watchlist,weekly_watchlist,watchlist,0.0,27.77,14.54,0.0,0.0,27.77,14.54,Failed Stage 2,14.54,Strong,Volume Normal,Volume Normal (1.10x vs 10W Avg),0.55,Outperformed Nifty by 0.55% in 3 Months,False,0.55,14.15,116499692.03,"Stage 1, Stage 1, weekly_vcp_ok, flags=Wider Risk;Low Liquidity, stage1_not_actionable, stage1_needs_more_base | Stage 2 failed state applied from stage memory.",515,355.0,Not Sure,watchlist,weekly_watchlist,28.93,-160.0,-14.39,False,False,False,False,False
AGI.NS,AGI Greenpac Limited,Consumer Cyclical,Consumer Cyclical,False,Cash,1,Stage 2,Stage 2,Advancing,0.8,Price is above constructive weekly and long-term trend structure with improving relative strength.,,,2026-09-25,,watchlist,weekly_breakout,watchlist,34.1,64.0,35.95,2.0,34.1,64.0,37.95,Stage 2 - Advancing,35.95,Very Strong,Volume Normal,Volume Normal (1.16x vs 10W Avg),20.7,Outperformed Nifty by 20.7% in 3 Months,True,20.7,63.76,165955719.49,"Stage 2, Advancing, trend_template_ok, weekly_vcp_ok, weekly_strong, flags=Wide Weekly Base;Wide Risk;Low Liquidity",213,53.0,Stage 2,watchlist,weekly_breakout,54.57,-160.0,-16.619999999999997,False,False,False,False,False
WESTLIFE.NS,WESTLIFE FOODWORLD LIMITED,Consumer Cyclical,Consumer Cyclical,False,Cash,1,Stage 2,Stage 2,Advancing,0.8,Price is above constructive weekly and long-term trend structure with improving relative strength.,,,2026-09-25,,watchlist,weekly_watchlist,watchlist,31.39,28.99,28.82,2.0,31.39,28.99,30.82,Stage 2 - Advancing,28.82,Very Strong,Volume Drying Up,Volume Normal (1.00x vs 10W Avg),19.44,Outperformed Nifty by 19.44% in 3 Months,True,19.44,28.41,289801617.39,"Stage 2, Advancing, trend_template_ok, volume_dryup, flags=Loose Structure;Wider Risk;Low Liquidity",307,145.0,Stage 2,watchlist,weekly_near_pivot,45.18,-162.0,-14.36,False,False,False,False,False
RUSTOMJEE.NS,Keystone Realtors Limited,Real Estate,Real Estate,False,Cash,1,Stage 4,Stage 4,Stage 4,0.86,Price is below the 30-week trend and below long-term support structure.,,,,,watchlist,weekly_watchlist,watchlist,0.7,0.0,0.0,2.0,0.7,0.0,2.0,Stage 4,0.0,Weak,Volume Drying Up,Volume Drying Up (0.61x vs 10W Avg),-11.51,Underperformed Nifty by 11.51% in 3 Months,False,-11.51,-3.31,37535711.16,"Stage 4, Stage 4, volume_dryup, weekly_volume_dryup, flags=Wide Risk;Low Liquidity, downtrend",791,612.0,Stage 4,watchlist,weekly_watchlist,11.66,-179.0,-9.66,False,False,False,False,False
DATAPATTNS.NS,Data Patterns (India) Limited,Aerospace & Defense,Industrials,False,Cash,1,Stage 2,Stage 2,Advancing,0.8,Price is above constructive weekly and long-term trend structure with improving relative strength.,,,2026-09-25,,watchlist,weekly_watchlist,watchlist,31.8,27.37,21.94,10.0,31.8,27.37,31.94,Stage 2 - Advancing,21.94,Neutral,Volume Drying Up,Volume Drying Up (0.35x vs 10W Avg),-2.85,Underperformed Nifty by 2.85% in 3 Months,True,-2.85,42.54,2785762803.68,"Stage 2, Advancing, trend_template_ok, volume_dryup, weekly_volume_dryup, flags=Wide Risk;Low Liquidity",290,110.0,Stage 2,watchlist,weekly_watchlist,48.01,-180.0,-16.069999999999997,False,False,False,False,False
IDBI.NS,IDBI Bank Limited,Banks - Regional,Financial Services,False,Cash,1,Not Sure,Not Sure,Not Sure,0.0,Stage rules did not identify a reliable structure.,No confident stage classification.,,,,watchlist,weekly_watchlist,watchlist,0.0,2.67,3.98,2.0,0.0,2.67,5.98,Not Sure - Unclear,3.98,Strong,Volume Drying Up,Volume Drying Up (0.85x vs 10W Avg),5.08,Outperformed Nifty by 5.08% in 3 Months,False,5.08,23.59,1319966611.96,"Not Sure, Unclear, weekly_volume_dryup, flags=Wide Risk;Low Liquidity",709,528.0,Not Sure,watchlist,weekly_watchlist,15.97,-181.0,-9.99,False,False,False,False,False
ADFFOODS.NS,ADF Foods Limited,Packaged Foods,Consumer Defensive,False,Cash,1,Failed Stage 2,Stage 3,Failed Stage 2,0.72,"This stock was recently Stage 2, but the latest structure no longer satisfies Stage 2 rules. It is kept as Failed Stage 2 until a fresh base/repair structure forms.",Recent Stage 2 break; public stage held as Failed Stage 2.,2026-09-28,2026-09-25,,watchlist,weekly_watchlist,watchlist,0.0,8.38,10.07,0.0,0.0,8.38,10.07,Failed Stage 2,10.07,Neutral,Volume Drying Up,Volume Drying Up (0.39x vs 10W Avg),-10.64,Underperformed Nifty by 10.64% in 3 Months,False,-10.64,52.4,26290722.88,"Stage 3, Early, volume_dryup, weekly_volume_dryup, flags=Low Liquidity, distribution_or_weakening_risk | Stage 2 failed state applied from stage memory.",605,424.0,Failed Stage 2,watchlist,weekly_watchlist,23.03,-181.0,-12.96,False,False,False,False,False
ITDC.NS,India Tourism Development Corporation Limited,Lodging,Consumer Cyclical,False,Cash,1,Stage 2,Stage 2,Advancing,0.8,Price is above constructive weekly and long-term trend structure with improving relative strength.,,,2026-09-25,,watchlist,weekly_watchlist,watchlist,31.78,26.6,26.63,2.0,31.78,26.6,28.63,Stage 2 - Advancing,26.63,Very Strong,Volume Drying Up,Volume Normal (1.10x vs 10W Avg),17.33,Outperformed Nifty by 17.33% in 3 Months,True,17.33,70.49,554076411.86,"Stage 2, Advancing, trend_template_ok, volume_dryup, flags=Wide Risk;Low Liquidity",331,148.0,Stage 2,watchlist,weekly_forming,45.08,-183.0,-16.45,False,False,False,False,False
QPOWER.NS,Quality Power Electrical Equipments Limited,Electrical Equipment & Parts,Industrials,False,Cash,1,Stage 2,Stage 2,Extended,0.78,"Weekly advancing structure remains intact, but price is stretched versus key moving averages.",,,2026-09-25,,watchlist,weekly_breakout,watchlist,30.7,69.6,26.92,10.0,30.7,69.6,36.92,Stage 2 - Extended,26.92,Very Strong,Volume Normal,Volume Normal (1.07x vs 10W Avg),40.45,Outperformed Nifty by 40.45% in 3 Months,True,40.45,85.14,488414985.78,"Stage 2, Extended, trend_template_ok, weekly_vcp_ok, weekly_strong, flags=Loose Structure;Extended;Wide Risk;Circuit Risk;Low Liquidity",228,41.0,Stage 2,watchlist,weekly_breakout,55.89,-187.0,-18.97,False,False,False,False,False
AARTIIND.NS,Aarti Industries Limited,Specialty Chemicals,Basic Materials,False,Cash,1,Stage 2,Stage 2,Advancing,0.8,Price is above constructive weekly and long-term trend structure with improving relative strength.,,,2026-09-25,,watchlist,weekly_watchlist,watchlist,32.85,18.53,19.35,5.0,32.85,18.53,24.35,Stage 2 - Advancing,19.35,Neutral,Volume Drying Up,Volume Drying Up (0.32x vs 10W Avg),4.17,Outperformed Nifty by 4.17% in 3 Months,True,4.17,19.1,258946477.78,"Stage 2, Advancing, trend_template_ok, volume_dryup, weekly_volume_dryup, flags=Wide Risk;Low Liquidity",372,177.0,Stage 2,watchlist,weekly_watchlist,42.53,-195.0,-18.18,False,False,False,False,False
KEC.NS,KEC International Limited,Engineering & Construction,Industrials,False,Cash,1,Stage 4,Stage 4,Stage 4,0.86,Price is below the 30-week trend and below long-term support structure.,,,,,watchlist,weekly_watchlist,watchlist,0.0,0.0,0.0,0.0,0.0,0.0,0.0,Stage 4,0.0,Weak,Volume Drying Up,Volume Drying Up (0.72x vs 10W Avg),-18.22,Underperformed Nifty by 18.22% in 3 Months,False,-18.22,-23.12,421947303.44,"Stage 4, Stage 4, weekly_volume_dryup, flags=Wider Risk;Low Liquidity, downtrend",902,706.0,Stage 4,watchlist,weekly_watchlist,7.38,-196.0,-7.38,False,False,False,False,False
INDRAMEDCO.NS,Indraprastha Medical Corporation Limited,Medical Care Facilities,Healthcare,False,Cash,1,Stage 4,Stage 4,Stage 4,0.86,Price is below the 30-week trend and below long-term support structure.,,,,,watchlist,weekly_watchlist,watchlist,0.0,0.0,1.33,2.0,0.0,0.0,3.33,Stage 4,1.33,Weak,Volume Drying Up,Volume Drying Up (0.76x vs 10W Avg),-1.52,Underperformed Nifty by 1.52% in 3 Months,False,-1.52,-6.65,73021865.01,"Stage 4, Stage 4, volume_dryup, weekly_volume_dryup, flags=Low Liquidity, downtrend",772,576.0,Stage 4,watchlist,weekly_watchlist,13.35,-196.0,-10.02,False,False,False,False,False
GANESHHOU.NS,GANESH HOUSING LIMITED,Real Estate,Real Estate,False,Cash,1,Failed Stage 2,Stage 3,Failed Stage 2,0.72,"This stock was recently Stage 2, but the latest structure no longer satisfies Stage 2 rules. It is kept as Failed Stage 2 until a fresh base/repair structure forms.",Recent Stage 2 break; public stage held as Failed Stage 2.,2026-09-28,2026-09-25,,watchlist,weekly_watchlist,watchlist,0.0,39.09,7.95,2.0,0.0,39.09,9.95,Failed Stage 2,7.95,Neutral,Volume Drying Up,Volume Drying Up (0.67x vs 10W Avg),-1.97,Underperformed Nifty by 1.97% in 3 Months,False,-1.97,32.89,20315949.33,"Stage 3, Early, weekly_vcp_ok, volume_dryup, weekly_volume_dryup, weekly_strong, flags=Wide Weekly Base;Wide Risk;Low Liquidity, distribution_or_weakening_risk | Stage 2 failed state applied from stage memory.",637,433.0,Stage 2,watchlist,weekly_forming,22.26,-204.0,-12.310000000000002,False,False,False,False,False
PNB.NS,Punjab National Bank,Banks - Regional,Financial Services,True,F&O,1,Not Sure,Stage 3,Pending Stage 3,0.55,Blocked public stage jump Stage 1 -> Stage 3; waiting for intermediate/confirmed structure.,Blocked public stage jump Stage 1 -> Stage 3; waiting for intermediate/confirmed structure.,,,Stage 3,watchlist,weekly_watchlist,watchlist,14.74,45.56,31.33,2.0,14.74,45.56,33.33,Not Sure - Unclear,31.33,Strong,Volume Drying Up,Volume Drying Up (0.73x vs 10W Avg),10.43,Outperformed Nifty by 10.43% in 3 Months,False,10.43,13.16,1428691836.78,"Stage 3, Early, weekly_vcp_ok, weekly_volume_dryup, weekly_strong, flags=Low Liquidity, distribution_or_weakening_risk | Blocked public stage jump Stage 1 -> Stage 3; waiting for intermediate/confirmed structure.",270,64.0,Stage 1,watchlist,weekly_watchlist,52.74,-206.0,-19.410000000000004,False,False,False,False,False
COLPAL.NS,Colgate Palmolive (India) Limited,Household & Personal Products,Consumer Defensive,True,F&O,1,Stage 4,Stage 4,Stage 4,0.66,Price is below weekly structure.,,,,,watchlist,weekly_watchlist,watchlist,0.0,0.0,1.54,0.0,0.0,0.0,1.54,Stage 4,1.54,Weak,Volume Drying Up,Volume Drying Up (0.79x vs 10W Avg),-5.35,Underperformed Nifty by 5.35% in 3 Months,False,-5.35,4.34,785610145.87,"Stage 4, Stage 4, weekly_volume_dryup, flags=Low Liquidity, downtrend",815,592.0,Stage 4,watchlist,weekly_watchlist,12.55,-223.0,-11.010000000000002,False,False,False,False,False
KIMS.NS,Krishna Institute of Medical Sciences Limited,Medical Care Facilities,Healthcare,False,Cash,1,Failed Stage 2,Stage 3,Failed Stage 2,0.72,"This stock was recently Stage 2, but the latest structure no longer satisfies Stage 2 rules. It is kept as Failed Stage 2 until a fresh base/repair structure forms.",Recent Stage 2 break; public stage held as Failed Stage 2.,2026-09-28,2026-09-25,,watchlist,weekly_watchlist,watchlist,15.93,41.72,28.59,2.0,15.93,41.72,30.59,Failed Stage 2,28.59,Neutral,Volume Drying Up,Volume Drying Up (0.51x vs 10W Avg),-3.42,Underperformed Nifty by 3.42% in 3 Months,False,-3.42,24.64,335952983.93,"Stage 3, Early, weekly_vcp_ok, weekly_volume_dryup, weekly_strong, flags=Wider Risk;Low Liquidity, distribution_or_weakening_risk | Stage 2 failed state applied from stage memory.",312,89.0,Stage 2,forming_vcp,weekly_forming,50.39,-223.0,-19.8,False,False,False,False,False
LUMAXIND.NS,Lumax Industries Limited,Auto Parts,Consumer Cyclical,False,Cash,1,Failed Stage 2,Stage 1,Failed Stage 2,0.72,"This stock was recently Stage 2, but the latest structure no longer satisfies Stage 2 rules. It is kept as Failed Stage 2 until a fresh base/repair structure forms.",Recent Stage 2 break; public stage held as Failed Stage 2.,2026-09-28,2026-09-25,,watchlist,weekly_watchlist,watchlist,0.0,44.41,18.35,5.0,0.0,44.41,23.35,Failed Stage 2,18.35,Very Strong,Volume Drying Up,Volume Drying Up (0.36x vs 10W Avg),11.61,Outperformed Nifty by 11.61% in 3 Months,False,11.61,21.51,100862554.1,"Stage 1, Stage 1, weekly_vcp_ok, volume_dryup, weekly_volume_dryup, weekly_strong, flags=Wide Risk;Low Liquidity, stage1_not_actionable, stage1_needs_more_base | Stage 2 failed state applied from stage memory.",378,154.0,Stage 2,watchlist,weekly_near_pivot,44.66,-224.0,-21.309999999999995,False,False,False,False,False
MANAPPURAM.NS,Manappuram Finance Limited,Credit Services,Financial Services,True,F&O,1,Failed Stage 2,Stage 1,Failed Stage 2,0.72,"This stock was recently Stage 2, but the latest structure no longer satisfies Stage 2 rules. It is kept as Failed Stage 2 until a fresh base/repair structure forms.",Recent Stage 2 break; public stage held as Failed Stage 2.,2026-09-28,2026-09-25,,watchlist,weekly_watchlist,watchlist,0.0,42.74,15.05,2.0,0.0,42.74,17.05,Failed Stage 2,15.05,Neutral,Volume Drying Up,Volume Drying Up (0.83x vs 10W Avg),2.26,Outperformed Nifty by 2.26% in 3 Months,False,2.26,25.17,1309739699.05,"Stage 1, Stage 1, weekly_vcp_ok, volume_dryup, weekly_volume_dryup, weekly_strong, flags=Wide Risk;Low Liquidity, stage1_not_actionable, stage1_needs_more_base | Stage 2 failed state applied from stage memory.",467,239.0,Stage 2,watchlist,weekly_forming,38.24,-228.0,-21.19,False,False,False,False,False
SHANTIGEAR.NS,Shanthi Gears Limited,Specialty Industrial Machinery,Industrials,False,Cash,1,Stage 2,Stage 2,Extended,0.78,"Weekly advancing structure remains intact, but price is stretched versus key moving averages.",,,2026-09-25,,watchlist,weekly_watchlist,watchlist,38.07,32.0,15.53,10.0,38.07,32.0,25.53,Stage 2 - Extended,15.53,Very Strong,Volume Drying Up,Volume Drying Up (0.15x vs 10W Avg),47.22,Outperformed Nifty by 47.22% in 3 Months,True,47.22,46.87,182718628.64,"Stage 2, Extended, trend_template_ok, volume_dryup, weekly_volume_dryup, flags=Loose Structure;Extended;Wide Risk;Circuit Risk;Low Liquidity",358,129.0,Stage 2,watchlist,weekly_forming,46.09,-229.0,-20.560000000000002,False,False,False,False,False
SPARC.NS,Sun Pharma Advanced Research Company Limited,Drug Manufacturers - Specialty & Generic,Healthcare,False,Cash,1,Failed Stage 2,Stage 1,Failed Stage 2,0.72,"This stock was recently Stage 2, but the latest structure no longer satisfies Stage 2 rules. It is kept as Failed Stage 2 until a fresh base/repair structure forms.",Recent Stage 2 break; public stage held as Failed Stage 2.,2026-09-28,2026-09-25,,watchlist,weekly_watchlist,watchlist,9.74,6.96,7.6,10.0,9.74,6.96,17.6,Failed Stage 2,7.6,Neutral,Volume Normal,Volume Normal (1.46x vs 10W Avg),-10.13,Underperformed Nifty by 10.13% in 3 Months,False,-10.13,65.77,194785801.23,"Stage 1, Stage 1, flags=Wide Risk;Low Liquidity, stage1_not_actionable, stage1_needs_more_base | Stage 2 failed state applied from stage memory.",460,225.0,Not Sure,watchlist,weekly_watchlist,39.19,-235.0,-21.589999999999996,False,False,False,False,False
TVSMOTOR.NS,TVS Motor Company Limited,Auto Manufacturers,Consumer Cyclical,True,F&O,1,Failed Stage 2,Stage 1,Failed Stage 2,0.72,"This stock was recently Stage 2, but the latest structure no longer satisfies Stage 2 rules. It is kept as Failed Stage 2 until a fresh base/repair structure forms.",Recent Stage 2 break; public stage held as Failed Stage 2.,2026-09-28,2026-09-25,,watchlist,weekly_watchlist,watchlist,0.7,44.1,23.21,5.0,0.7,44.1,28.21,Failed Stage 2,23.21,Very Strong,Volume Drying Up,Volume Drying Up (0.63x vs 10W Avg),18.01,Outperformed Nifty by 18.01% in 3 Months,False,18.01,23.0,2995547197.52,"Stage 1, Stage 1, weekly_vcp_ok, volume_dryup, weekly_volume_dryup, weekly_strong, flags=Wider Risk;Low Liquidity, stage1_not_actionable, stage1_needs_more_base | Stage 2 failed state applied from stage memory.",333,91.0,Failed Stage 2,watchlist,weekly_near_pivot,49.94,-242.0,-21.729999999999997,False,False,False,False,False
LTFOODS.NS,LT Foods Limited,Packaged Foods,Consumer Defensive,False,Cash,1,Failed Stage 2,Stage 1,Failed Stage 2,0.72,"This stock was recently Stage 2, but the latest structure no longer satisfies Stage 2 rules. It is kept as Failed Stage 2 until a fresh base/repair structure forms.",Recent Stage 2 break; public stage held as Failed Stage 2.,2026-09-28,2026-09-25,,watchlist,weekly_watchlist,watchlist,19.66,42.13,26.84,0.0,19.66,42.13,26.84,Failed Stage 2,26.84,Strong,Volume Drying Up,Volume Drying Up (0.23x vs 10W Avg),12.96,Outperformed Nifty by 12.96% in 3 Months,False,12.96,8.32,194319466.77,"Stage 1, Stage 1, weekly_vcp_ok, volume_dryup, weekly_volume_dryup, weekly_strong, flags=Wide Risk;Low Liquidity, stage1_not_actionable, stage1_needs_more_base | Stage 2 failed state applied from stage memory.",348,105.0,Stage 2,forming_vcp,weekly_forming,48.51,-243.0,-21.669999999999998,False,False,False,False,False
BANDHANBNK.NS,Bandhan Bank Limited,Banks - Regional,Financial Services,True,F&O,1,Failed Stage 2,Stage 1,Failed Stage 2,0.72,"This stock was recently Stage 2, but the latest structure no longer satisfies Stage 2 rules. It is kept as Failed Stage 2 until a fresh base/repair structure forms.",Recent Stage 2 break; public stage held as Failed Stage 2.,2026-09-28,2026-09-25,,watchlist,weekly_watchlist,watchlist,7.29,10.31,11.92,2.0,7.29,10.31,13.92,Failed Stage 2,11.92,Neutral,Volume Normal,Volume Normal (1.45x vs 10W Avg),-5.88,Underperformed Nifty by 5.88% in 3 Months,False,-5.88,27.01,2281002498.74,"Stage 1, Stage 1, flags=Loose Structure;Low Liquidity, stage1_not_actionable, stage1_needs_more_base | Stage 2 failed state applied from stage memory.",533,283.0,Stage 2,watchlist,weekly_watchlist,34.95,-250.0,-21.03,False,False,False,False,False
UNIONBANK.NS,Union Bank of India,Banks - Regional,Financial Services,True,F&O,1,Failed Stage 2,Stage 1,Failed Stage 2,0.72,"This stock was recently Stage 2, but the latest structure no longer satisfies Stage 2 rules. It is kept as Failed Stage 2 until a fresh base/repair structure forms.",Recent Stage 2 break; public stage held as Failed Stage 2.,2026-09-28,2026-09-25,,watchlist,weekly_watchlist,watchlist,0.0,42.26,19.53,2.0,0.0,42.26,21.53,Failed Stage 2,19.53,Neutral,Volume Drying Up,Volume Drying Up (0.58x vs 10W Avg),6.52,Outperformed Nifty by 6.52% in 3 Months,False,6.52,5.07,1262232917.83,"Stage 1, Stage 1, weekly_vcp_ok, volume_dryup, weekly_volume_dryup, weekly_strong, flags=Wider Risk;Low Liquidity, stage1_not_actionable, stage1_needs_more_base | Stage 2 failed state applied from stage memory.",403,149.0,Stage 2,watchlist,weekly_near_pivot,45.08,-254.0,-23.549999999999997,False,False,False,False,False
HCG.NS,Healthcare Global Enterprises Limited,Medical Care Facilities,Healthcare,False,Cash,1,Stage 2,Stage 2,Advancing,0.8,Price is above constructive weekly and long-term trend structure with improving relative strength.,,,2026-09-25,,watchlist,weekly_watchlist,watchlist,33.34,20.68,26.94,2.0,33.34,20.68,28.94,Stage 2 - Advancing,26.94,Very Strong,Volume Drying Up,Volume Drying Up (0.42x vs 10W Avg),11.61,Outperformed Nifty by 11.61% in 3 Months,True,11.61,33.24,93917763.36,"Stage 2, Advancing, trend_template_ok, volume_dryup, weekly_volume_dryup, flags=Wide Risk;Low Liquidity",327,70.0,Stage 2,forming_vcp,weekly_breakout,52.1,-257.0,-23.16,False,False,False,False,False
HCLTECH.NS,HCL Technologies Limited,Information Technology Services,Technology,True,F&O,1,Not Sure,Not Sure,Not Sure,0.0,Stage rules did not identify a reliable structure.,No confident stage classification.,,,,watchlist,weekly_watchlist,watchlist,12.62,0.0,7.72,0.0,12.62,0.0,7.72,Not Sure - Unclear,7.72,Strong,Volume Drying Up,Volume Drying Up (0.84x vs 10W Avg),22.48,Outperformed Nifty by 22.48% in 3 Months,False,22.48,-5.77,2915326332.63,"Not Sure, Unclear, weekly_volume_dryup, flags=Wide Risk;Low Liquidity",670,408.0,Not Sure,watchlist,weekly_watchlist,24.73,-262.0,-17.01,False,False,False,False,False
ZENTEC.NS,Zen Technologies Limited,Aerospace & Defense,Industrials,False,Cash,1,Failed Stage 2,Stage 1,Failed Stage 2,0.72,"This stock was recently Stage 2, but the latest structure no longer satisfies Stage 2 rules. It is kept as Failed Stage 2 until a fresh base/repair structure forms.",Recent Stage 2 break; public stage held as Failed Stage 2.,2026-09-28,2026-09-25,,watchlist,weekly_watchlist,watchlist,0.0,2.23,0.0,10.0,0.0,2.23,10.0,Failed Stage 2,0.0,Neutral,Volume Drying Up,Volume Drying Up (0.50x vs 10W Avg),-2.2,Underperformed Nifty by 2.2% in 3 Months,False,-2.2,22.48,488444127.39,"Stage 1, Stage 1, volume_dryup, weekly_volume_dryup, flags=Wide Risk;Low Liquidity, stage1_not_actionable, stage1_needs_more_base | Stage 2 failed state applied from stage memory.",622,359.0,Failed Stage 2,watchlist,weekly_watchlist,28.44,-263.0,-18.44,False,False,False,False,False
FSL.NS,Firstsource Solutions Limited,Information Technology Services,Technology,False,Cash,1,Stage 3,Stage 3,Early,0.68,"Prior strength has shifted into a Stage 3 transition based on trend, relative strength, and volume evidence.",,,,,watchlist,weekly_watchlist,watchlist,0.0,0.0,0.0,0.0,0.0,0.0,0.0,Stage 3 Early,0.0,Strong,Volume Drying Up,Volume Drying Up (0.11x vs 10W Avg),12.33,Outperformed Nifty by 12.33% in 3 Months,False,12.33,19.81,688371585.22,"Stage 3, Early, weekly_volume_dryup, flags=Wide Risk;Low Liquidity, distribution_or_weakening_risk",901,636.0,Stage 3,watchlist,weekly_watchlist,10.24,-265.0,-10.24,False,False,False,False,False
ENRIN.NS,Siemens Energy India Limited,Utilities - Renewable,Utilities,False,Cash,1,Failed Stage 2,Stage 3,Failed Stage 2,0.72,"This stock was recently Stage 2, but the latest structure no longer satisfies Stage 2 rules. It is kept as Failed Stage 2 until a fresh base/repair structure forms.",Recent Stage 2 break; public stage held as Failed Stage 2.,2026-09-28,2026-09-25,,watchlist,weekly_watchlist,watchlist,12.59,2.93,7.9,0.0,12.59,2.93,7.9,Failed Stage 2,7.9,Strong,Volume Drying Up,Volume Drying Up (0.68x vs 10W Avg),-5.05,Underperformed Nifty by 5.05% in 3 Months,False,-5.05,24.35,1099260619.97,"Stage 3, Early, volume_dryup, weekly_volume_dryup, flags=Wide Risk;Low Liquidity, distribution_or_weakening_risk | Stage 2 failed state applied from stage memory.",668,397.0,Not Sure,watchlist,weekly_watchlist,25.84,-271.0,-17.939999999999998,False,False,False,False,False
EMBDL.NS,Embassy Developments Limited,Real Estate,Real Estate,False,Cash,1,Stage 4,Stage 4,Stage 4,0.86,Price is below the 30-week trend and below long-term support structure.,,,,,watchlist,weekly_watchlist,watchlist,3.32,34.82,0.0,2.0,3.32,34.82,2.0,Stage 4,0.0,Weak,Volume Normal,Volume Normal (1.25x vs 10W Avg),-6.82,Underperformed Nifty by 6.82% in 3 Months,False,-6.82,31.06,157505301.51,"Stage 4, Stage 4, weekly_vcp_ok, weekly_strong, flags=Wide Weekly Base;Wide Risk;Low Liquidity, downtrend",786,506.0,Not Sure,watchlist,weekly_watchlist,17.14,-280.0,-15.14,False,False,False,False,False
BPCL.NS,Bharat Petroleum Corporation Limited,Oil & Gas Refining & Marketing,Energy,True,F&O,1,Stage 3,Stage 3,Early,0.68,"Prior strength has shifted into a Stage 3 transition based on trend, relative strength, and volume evidence.",,,,,watchlist,weekly_watchlist,watchlist,0.0,0.0,1.29,5.0,0.0,0.0,6.29,Stage 3 Early,1.29,Strong,Volume Drying Up,Volume Drying Up (0.81x vs 10W Avg),2.46,Outperformed Nifty by 2.46% in 3 Months,False,2.46,10.92,1309178625.27,"Stage 3, Early, weekly_volume_dryup, flags=Wider Risk;Low Liquidity, distribution_or_weakening_risk",699,419.0,Stage 3,watchlist,weekly_watchlist,23.31,-280.0,-17.02,False,False,False,False,False
CARRARO.NS,Carraro India Limited,Auto Parts,Consumer Cyclical,False,Cash,1,Failed Stage 2,Stage 3,Failed Stage 2,0.72,"This stock was recently Stage 2, but the latest structure no longer satisfies Stage 2 rules. It is kept as Failed Stage 2 until a fresh base/repair structure forms.",Recent Stage 2 break; public stage held as Failed Stage 2.,2026-09-28,2026-09-25,,watchlist,weekly_watchlist,watchlist,9.69,37.01,11.9,5.0,9.69,37.01,16.9,Failed Stage 2,11.9,Strong,Volume Drying Up,Volume Drying Up (0.77x vs 10W Avg),1.39,Outperformed Nifty by 1.39% in 3 Months,False,1.39,15.74,55861868.22,"Stage 3, Late, weekly_vcp_ok, weekly_volume_dryup, weekly_strong, flags=Wider Risk;Low Liquidity, distribution_or_weakening_risk | Stage 2 failed state applied from stage memory.",471,185.0,Stage 2,watchlist,weekly_forming,42.02,-286.0,-25.120000000000005,False,False,False,False,False
CAMS.NS,Computer Age Management Services Limited,Information Technology Services,Technology,True,F&O,1,Stage 3,Stage 3,Early,0.68,"Prior strength has shifted into a Stage 3 transition based on trend, relative strength, and volume evidence.",,,2026-08-31,,watchlist,weekly_watchlist,watchlist,0.0,0.0,0.0,0.0,0.0,0.0,0.0,Stage 3 Early,0.0,Weak,Volume Drying Up,Volume Drying Up (0.80x vs 10W Avg),-7.52,Underperformed Nifty by 7.52% in 3 Months,False,-7.52,7.77,728234257.06,"Stage 3, Early, weekly_volume_dryup, flags=Wide Risk;Low Liquidity, distribution_or_weakening_risk",899,601.0,Stage 3,watchlist,weekly_watchlist,12.2,-298.0,-12.2,False,False,False,False,False
NAM-INDIA.NS,Nippon Life India Asset Management Limited,Asset Management,Financial Services,True,F&O,1,Failed Stage 2,Stage 3,Failed Stage 2,0.72,"This stock was recently Stage 2, but the latest structure no longer satisfies Stage 2 rules. It is kept as Failed Stage 2 until a fresh base/repair structure forms.",Recent Stage 2 break; public stage held as Failed Stage 2.,2026-09-28,2026-09-25,,watchlist,weekly_watchlist,watchlist,0.0,0.0,0.0,0.0,0.0,0.0,0.0,Failed Stage 2,0.0,Neutral,Volume Drying Up,Volume Drying Up (0.69x vs 10W Avg),-4.73,Underperformed Nifty by 4.73% in 3 Months,False,-4.73,35.51,1195557386.51,"Stage 3, Late, volume_dryup, weekly_volume_dryup, flags=Wide Risk;Low Liquidity, distribution_or_weakening_risk | Stage 2 failed state applied from stage memory.",888,570.0,Failed Stage 2,watchlist,weekly_watchlist,13.66,-318.0,-13.66,False,False,False,False,False
WABAG.NS,VA Tech Wabag Limited,Engineering & Construction,Industrials,False,Cash,1,Failed Stage 2,Stage 3,Failed Stage 2,0.72,"This stock was recently Stage 2, but the latest structure no longer satisfies Stage 2 rules. It is kept as Failed Stage 2 until a fresh base/repair structure forms.",Recent Stage 2 break; public stage held as Failed Stage 2.,2026-09-28,2026-09-25,,watchlist,weekly_watchlist,watchlist,0.0,0.0,1.95,0.0,0.0,0.0,1.95,Failed Stage 2,1.95,Strong,Volume Drying Up,Volume Drying Up (0.55x vs 10W Avg),-4.4,Underperformed Nifty by 4.4% in 3 Months,False,-4.4,62.15,1373045250.08,"Stage 3, Early, volume_dryup, weekly_volume_dryup, flags=Wide Risk;Low Liquidity, distribution_or_weakening_risk | Stage 2 failed state applied from stage memory.",812,421.0,Stage 2,watchlist,weekly_watchlist,23.24,-391.0,-21.29,False,False,False,False,False
NUVAMA.NS,Nuvama Wealth Management Limited,Asset Management,Financial Services,True,F&O,1,Failed Stage 2,Stage 3,Failed Stage 2,0.72,"This stock was recently Stage 2, but the latest structure no longer satisfies Stage 2 rules. It is kept as Failed Stage 2 until a fresh base/repair structure forms.",Recent Stage 2 break; public stage held as Failed Stage 2.,2026-09-28,2026-09-25,,watchlist,weekly_watchlist,watchlist,0.0,0.0,0.01,0.0,0.0,0.0,0.01,Failed Stage 2,0.01,Neutral,Volume Drying Up,Volume Normal (0.86x vs 10W Avg),-4.71,Underperformed Nifty by 4.71% in 3 Months,False,-4.71,47.22,567928592.77,"Stage 3, Early, volume_dryup, weekly_volume_dryup, flags=Wide Risk;Low Liquidity, distribution_or_weakening_risk | Stage 2 failed state applied from stage memory.",826,417.0,Stage 2,watchlist,weekly_watchlist,23.44,-409.0,-23.43,False,False,False,False,False
GREENPLY.NS,Greenply Industries Limited,Basic Materials,Basic Materials,False,Cash,1,Failed Stage 2,Stage 3,Failed Stage 2,0.72,"This stock was recently Stage 2, but the latest structure no longer satisfies Stage 2 rules. It is kept as Failed Stage 2 until a fresh base/repair structure forms.",Recent Stage 2 break; public stage held as Failed Stage 2.,2026-09-28,2026-09-25,,watchlist,weekly_watchlist,watchlist,0.0,0.0,3.87,0.0,0.0,0.0,3.87,Failed Stage 2,3.87,Neutral,Volume Expanding,Volume Expanding (1.51x vs 10W Avg),-4.01,Underperformed Nifty by 4.01% in 3 Months,False,-4.01,46.14,59441832.5,"Stage 3, Early, flags=Wide Risk;Low Liquidity, distribution_or_weakening_risk | Stage 2 failed state applied from stage memory.",761,343.0,Stage 2,watchlist,weekly_watchlist,30.3,-418.0,-26.43,False,False,False,False,False
POONAWALLA.NS,Poonawalla Fincorp Limited,Credit Services,Financial Services,False,Cash,1,Failed Stage 2,Stage 3,Failed Stage 2,0.72,"This stock was recently Stage 2, but the latest structure no longer satisfies Stage 2 rules. It is kept as Failed Stage 2 until a fresh base/repair structure forms.",Recent Stage 2 break; public stage held as Failed Stage 2.,2026-09-28,2026-09-25,,watchlist,weekly_watchlist,watchlist,0.0,22.3,0.0,2.0,0.0,22.3,2.0,Failed Stage 2,0.0,Neutral,Volume Normal,Volume Normal (0.99x vs 10W Avg),2.53,Outperformed Nifty by 2.53% in 3 Months,False,2.53,15.44,558579655.73,"Stage 3, Late, weekly_vcp_ok, flags=Wide Risk;Low Liquidity, distribution_or_weakening_risk | Stage 2 failed state applied from stage memory.",800,360.0,Stage 2,watchlist,weekly_forming,28.37,-440.0,-26.37,False,False,False,False,False
GOKULAGRO.NS,Gokul Agro Resources Limited,Packaged Foods,Consumer Defensive,False,Cash,1,Failed Stage 2,Stage 1,Failed Stage 2,0.72,"This stock was recently Stage 2, but the latest structure no longer satisfies Stage 2 rules. It is kept as Failed Stage 2 until a fresh base/repair structure forms.",Recent Stage 2 break; public stage held as Failed Stage 2.,2026-09-28,2026-09-25,,watchlist,weekly_watchlist,watchlist,0.0,7.13,4.35,0.0,0.0,7.13,4.35,Failed Stage 2,4.35,Strong,Volume Drying Up,Volume Drying Up (0.78x vs 10W Avg),7.25,Outperformed Nifty by 7.25% in 3 Months,False,7.25,14.03,75442032.1,"Stage 1, Stage 1, volume_dryup, weekly_volume_dryup, flags=Wide Risk;Low Liquidity, stage1_not_actionable, stage1_needs_more_base | Stage 2 failed state applied from stage memory.",756,284.0,Stage 2,watchlist,weekly_watchlist,34.9,-472.0,-30.549999999999997,False,False,False,False,False
SIS.NS,SIS LIMITED,Industrials,Industrials,False,Cash,1,Failed Stage 2,Stage 3,Failed Stage 2,0.72,"This stock was recently Stage 2, but the latest structure no longer satisfies Stage 2 rules. It is kept as Failed Stage 2 until a fresh base/repair structure forms.",Recent Stage 2 break; public stage held as Failed Stage 2.,2026-09-28,2026-09-25,,watchlist,weekly_watchlist,watchlist,0.0,1.72,0.0,0.0,0.0,1.72,0.0,Failed Stage 2,0.0,Neutral,Volume Expanding,Volume Expanding (2.08x vs 10W Avg),-2.24,Underperformed Nifty by 2.24% in 3 Months,False,-2.24,39.42,171163972.88,"Stage 3, Late, flags=Wide Risk;Low Liquidity, distribution_or_weakening_risk | Stage 2 failed state applied from stage memory.",876,346.0,Stage 2,watchlist,weekly_watchlist,29.89,-530.0,-29.89,False,False,False,False,False
SMARTWORKS.NS,Smartworks Coworking Spaces Limited,Real Estate Services,Real Estate,False,Cash,1,Stage 2,Stage 2,Advancing,0.8,Price is above constructive weekly and long-term trend structure with improving relative strength.,Initial classification; no prior stage memory available.,,,,watchlist,weekly_watchlist,watchlist,24.62,23.62,24.22,2.0,24.62,23.62,26.22,Stage 2 - Advancing,24.22,Very Strong,Volume Drying Up,Volume Drying Up (0.34x vs 10W Avg),11.46,Outperformed Nifty by 11.46% in 3 Months,True,11.46,38.73,39043912.8,"Stage 2, Advancing, trend_template_ok, volume_dryup, weekly_volume_dryup, flags=Wider Risk;Low Liquidity",353,,,,,,,,False,False,True,False,False
