ticker,Company Name,Industry,sector,industry_group,is_fo_stock,fo_category,Include,stage,stage_raw,stage_variant,stage_confidence,stage_reason,stage_state_reason,stage_failed_since,last_stage2_date,stage_pending_raw,public_stage_label,structure_score,relative_strength_label,volume_pattern_label,volume_pattern_display,nifty_3m_outperformance_pct,nifty_3m_outperformance_label,trend_template_pass,rs_3m_pct,rs_6m_pct,avg_turnover_inr,volume_dryup_ratio,breakout_volume_ratio,weekly_volume_ratio,volume_is_drying_up,weekly_volume_is_drying_up,notes,weekly_setup_bucket,weekly_score,final_weekly_score,weekly_pivot,weekly_breakout_distance_pct,weekly_contraction_depths_pct,weekly_contraction_durations,weekly_contraction_score,weekly_base_duration_weeks,weekly_vcp_quality,current_rank
AARTIPHARM.NS,Aarti Pharmalabs Limited,Drug Manufacturers - Specialty & Generic,Healthcare,Healthcare,False,Cash,1,Stage 2,Stage 2,Extended,0.78,"Weekly advancing structure remains intact, but price is stretched versus key moving averages.",,,2026-09-29,,Stage 2 - Extended,45.34,Very Strong,Volume Drying Up,Volume Drying Up (0.85x vs 10W Avg),42.34,Outperformed Nifty by 42.34% in 3 Months,True,42.34,45.86,733493035.65,1.37,1.4,0.85,False,True,"Stage 2, Extended, trend_template_ok, weekly_vcp_ok, weekly_volume_dryup, weekly_strong, flags=Loose Structure;Extended;Wider Risk;Low Liquidity",weekly_breakout,73.1,78.1,931.97,2.34,"[28.32, 25.78, 12.48]","[11, 5, 5]",0.95,28.0,strong,1
DIVISLAB.NS,Divi's Laboratories Limited,Drug Manufacturers - Specialty & Generic,Healthcare,Healthcare,True,F&O,1,Stage 2,Stage 2,Advancing,0.9,Price is above constructive weekly and long-term trend structure with improving relative strength.,,,2026-09-29,,Stage 2 - Advancing,48.44,Very Strong,Volume Normal,Volume Normal (1.07x vs 10W Avg),42.85,Outperformed Nifty by 42.85% in 3 Months,True,42.85,58.98,4493773952.7,0.99,1.16,1.07,False,False,"Stage 2, Advancing, trend_template_ok, weekly_vcp_ok, weekly_strong, flags=Loose Structure;Wider Risk;Low Liquidity",weekly_near_pivot,72.0,77.0,9740.0,-4.6,"[16.86, 7.43]","[7, 3]",0.9,16.0,strong,2
IOLCP.NS,IOL Chemicals and Pharmaceuticals Limited,Drug Manufacturers - Specialty & Generic,Healthcare,Healthcare,False,Cash,1,Stage 2,Stage 2,Extended,0.78,"Weekly advancing structure remains intact, but price is stretched versus key moving averages.",,,2026-09-29,,Stage 2 - Extended,41.24,Very Strong,Volume Drying Up,Volume Drying Up (0.63x vs 10W Avg),50.15,Outperformed Nifty by 50.15% in 3 Months,True,50.15,162.17,844462814.63,0.75,0.74,0.63,True,True,"Stage 2, Extended, trend_template_ok, weekly_vcp_ok, volume_dryup, weekly_volume_dryup, weekly_strong, flags=Loose Structure;Extended;Wide Risk;Low Liquidity",weekly_near_pivot,72.0,77.0,219.42,-5.63,"[33.22, 18.34]","[11, 5]",0.9,18.0,strong,3
JTLIND.NS,JTL INDUSTRIES LIMITED,Steel,Basic Materials,Basic Materials,False,Cash,1,Stage 2,Stage 2,Advancing,0.9,Price is above constructive weekly and long-term trend structure with improving relative strength.,,,2026-09-29,,Stage 2 - Advancing,38.9,Very Strong,Volume Drying Up,Volume Drying Up (0.85x vs 10W Avg),13.19,Outperformed Nifty by 13.19% in 3 Months,True,13.19,80.01,250563632.03,0.85,0.45,0.85,False,True,"Stage 2, Advancing, trend_template_ok, weekly_vcp_ok, weekly_volume_dryup, weekly_strong, flags=Wide Weekly Base;Wide Risk;Low Liquidity",weekly_near_pivot,72.0,77.0,94.03,-6.12,"[50.0, 16.55]","[10, 10]",0.9,26.0,strong,4
WELCORP.NS,Welspun Corp Limited,Steel,Basic Materials,Basic Materials,False,Cash,1,Stage 2,Stage 2,Extended,0.78,"Weekly advancing structure remains intact, but price is stretched versus key moving averages.",,,2026-09-29,,Stage 2 - Extended,38.36,Very Strong,Volume Normal,Volume Normal (0.99x vs 10W Avg),82.82,Outperformed Nifty by 82.82% in 3 Months,True,82.82,208.78,5660298762.87,1.05,0.58,0.99,False,False,"Stage 2, Extended, trend_template_ok, weekly_vcp_ok, weekly_strong, flags=Loose Structure;Extended;Wide Risk;Low Liquidity",weekly_near_pivot,72.0,77.0,2842.47,-4.41,"[14.45, 10.18]","[5, 6]",0.9,12.0,strong,5
AKUMS.NS,Akums Drugs and Pharmaceuticals Limited,Drug Manufacturers - Specialty & Generic,Healthcare,Healthcare,False,Cash,1,Stage 2,Stage 2,Advancing,0.9,Price is above constructive weekly and long-term trend structure with improving relative strength.,,,2026-09-29,,Stage 2 - Advancing,48.72,Very Strong,Volume Drying Up,Volume Drying Up (0.52x vs 10W Avg),37.85,Outperformed Nifty by 37.85% in 3 Months,True,37.85,65.4,223183987.01,0.87,0.59,0.52,False,True,"Stage 2, Advancing, trend_template_ok, weekly_vcp_ok, weekly_volume_dryup, weekly_strong, flags=Wider Risk;Low Liquidity",weekly_breakout,71.2,76.2,797.94,2.58,"[14.59, 14.82]","[3, 4]",0.9,11.0,strong,6
WOCKPHARMA.NS,Wockhardt Limited,Drug Manufacturers - Specialty & Generic,Healthcare,Healthcare,False,Cash,1,Stage 2,Stage 2,Advancing,0.9,Price is above constructive weekly and long-term trend structure with improving relative strength.,,,2026-09-29,,Stage 2 - Advancing,40.22,Very Strong,Volume Normal,Volume Normal (0.92x vs 10W Avg),17.28,Outperformed Nifty by 17.28% in 3 Months,True,17.28,61.8,3012688090.87,1.28,0.73,0.92,False,False,"Stage 2, Advancing, trend_template_ok, weekly_vcp_ok, weekly_strong, flags=Wide Risk;Low Liquidity",weekly_near_pivot,71.11,76.11,2276.88,-7.05,"[26.0, 12.25]","[6, 2]",0.9,11.0,strong,7
KSL.NS,Kalyani Steels Limited,Steel,Basic Materials,Basic Materials,False,Cash,1,Stage 2,Stage 2,Advancing,0.9,Price is above constructive weekly and long-term trend structure with improving relative strength.,,,2026-09-29,,Stage 2 - Advancing,46.98,Very Strong,Volume Normal,Volume Normal (0.97x vs 10W Avg),17.91,Outperformed Nifty by 17.91% in 3 Months,True,17.91,52.85,159212001.2,1.55,0.51,0.97,False,False,"Stage 2, Advancing, trend_template_ok, weekly_vcp_ok, weekly_strong, flags=Wide Risk;Low Liquidity",weekly_near_pivot,71.08,76.08,973.09,-0.79,"[15.79, 16.0]","[5, 5]",0.9,15.0,strong,8
SHARDAMOTR.NS,Sharda Motor Industries Limited,Auto Parts,Consumer Cyclical,Consumer Cyclical,False,Cash,1,Stage 2,Stage 2,Advancing,0.8,Price is above constructive weekly and long-term trend structure with improving relative strength.,,,2026-09-29,,Stage 2 - Advancing,60.67,Very Strong,Volume Drying Up,Volume Drying Up (0.63x vs 10W Avg),15.59,Outperformed Nifty by 15.59% in 3 Months,True,15.59,29.79,73743183.31,1.01,0.56,0.63,False,True,"Stage 2, Advancing, trend_template_ok, weekly_vcp_ok, weekly_volume_dryup, weekly_strong, flags=Wide Risk",weekly_breakout,72.54,75.04,954.15,0.29,"[31.15, 17.62, 11.63, 11.1]","[8, 3, 3, 4]",1.0,30.0,strong,9
BOSCHLTD.NS,Bosch Limited,Auto Parts,Consumer Cyclical,Consumer Cyclical,True,F&O,1,Stage 2,Stage 2,Advancing,0.9,Price is above constructive weekly and long-term trend structure with improving relative strength.,,,2026-09-29,,Stage 2 - Advancing,70.74,Very Strong,Volume Drying Up,Volume Drying Up (0.53x vs 10W Avg),19.96,Outperformed Nifty by 19.96% in 3 Months,True,19.96,46.24,1203183574.75,0.51,0.96,0.53,True,True,"Stage 2, Advancing, trend_template_ok, daily_vcp_ok, weekly_vcp_ok, volume_dryup, weekly_volume_dryup, weekly_strong, flags=Wider Risk",weekly_near_pivot,72.42,74.92,50087.5,-5.96,"[25.92, 10.37]","[8, 2]",0.9,15.0,strong,10
QPOWER.NS,Quality Power Electrical Equipments Limited,Electrical Equipment & Parts,Industrials,Industrials,False,Cash,1,Stage 2,Stage 2,Extended,0.78,"Weekly advancing structure remains intact, but price is stretched versus key moving averages.",,,2026-09-29,,Stage 2 - Extended,27.38,Very Strong,Volume Normal,Volume Normal (1.15x vs 10W Avg),44.99,Outperformed Nifty by 44.99% in 3 Months,True,44.99,83.8,503651157.73,1.31,0.82,1.15,False,False,"Stage 2, Extended, trend_template_ok, weekly_vcp_ok, weekly_strong, flags=Loose Structure;Extended;Wide Risk;Circuit Risk;Low Liquidity",weekly_breakout,69.6,74.6,1571.69,0.83,"[32.68, 20.58]","[3, 6]",0.9,13.0,strong,11
ASKAUTOLTD.NS,ASK Automotive Limited,Auto Parts,Consumer Cyclical,Consumer Cyclical,False,Cash,1,Stage 2,Stage 2,Advancing,0.9,Price is above constructive weekly and long-term trend structure with improving relative strength.,,,2026-09-29,,Stage 2 - Advancing,55.39,Very Strong,Volume Drying Up,Volume Drying Up (0.44x vs 10W Avg),48.46,Outperformed Nifty by 48.46% in 3 Months,True,48.46,47.02,192795301.15,0.43,1.48,0.44,True,True,"Stage 2, Advancing, trend_template_ok, weekly_vcp_ok, volume_dryup, weekly_volume_dryup, weekly_strong, flags=Loose Structure;Wide Risk;Low Liquidity",weekly_near_pivot,72.0,74.5,688.9,-7.08,"[25.39, 7.67]","[11, 6]",0.9,20.0,strong,12
SONACOMS.NS,Sona BLW Precision Forgings Limited,Auto Parts,Consumer Cyclical,Consumer Cyclical,True,F&O,1,Stage 2,Stage 2,Advancing,0.9,Price is above constructive weekly and long-term trend structure with improving relative strength.,,,2026-09-29,,Stage 2 - Advancing,54.7,Very Strong,Volume Normal,Volume Normal (1.37x vs 10W Avg),31.14,Outperformed Nifty by 31.14% in 3 Months,True,31.14,60.29,1701614455.29,1.26,1.37,1.37,False,False,"Stage 2, Advancing, trend_template_ok, weekly_vcp_ok, weekly_strong, flags=Low Liquidity",weekly_near_pivot,72.0,74.5,845.48,-1.83,"[15.92, 13.66]","[8, 6]",0.9,16.0,strong,13
VARROC.NS,Varroc Engineering Limited,Auto Parts,Consumer Cyclical,Consumer Cyclical,False,Cash,1,Stage 2,Stage 2,Advancing,0.9,Price is above constructive weekly and long-term trend structure with improving relative strength.,,,2026-09-29,,Stage 2 - Advancing,48.91,Very Strong,Volume Drying Up,Volume Drying Up (0.33x vs 10W Avg),37.64,Outperformed Nifty by 37.64% in 3 Months,True,37.64,79.08,282292242.41,0.42,0.79,0.33,True,True,"Stage 2, Advancing, trend_template_ok, weekly_vcp_ok, volume_dryup, weekly_volume_dryup, weekly_strong, flags=Loose Structure;Wider Risk;Low Liquidity",weekly_near_pivot,72.0,74.5,897.57,-3.86,"[25.64, 26.67]","[7, 8]",0.9,17.0,strong,14
AARTIDRUGS.NS,Aarti Drugs Limited,Drug Manufacturers - Specialty & Generic,Healthcare,Healthcare,False,Cash,1,Stage 2,Stage 2,Advancing,0.9,Price is above constructive weekly and long-term trend structure with improving relative strength.,,,2026-09-29,,Stage 2 - Advancing,54.94,Very Strong,Volume Expanding,Volume Expanding (1.92x vs 10W Avg),20.28,Outperformed Nifty by 20.28% in 3 Months,True,20.28,19.44,86127762.99,1.25,0.82,1.92,False,False,"Stage 2, Advancing, trend_template_ok, weekly_vcp_ok, weekly_strong, flags=Wider Risk;Low Liquidity",weekly_near_pivot,69.07,74.07,454.44,-5.18,"[29.49, 24.05, 7.06]","[5, 8, 5]",0.95,40.0,strong,15
MANINDS.NS,Man Industries (India) Limited,Steel,Basic Materials,Basic Materials,False,Cash,1,Stage 2,Stage 2,Extended,0.78,"Weekly advancing structure remains intact, but price is stretched versus key moving averages.",,,2026-09-29,,Stage 2 - Extended,46.96,Very Strong,Volume Normal,Volume Normal (0.97x vs 10W Avg),65.47,Outperformed Nifty by 65.47% in 3 Months,True,65.47,136.7,1856767190.75,1.49,0.62,0.97,False,False,"Stage 2, Extended, trend_template_ok, weekly_vcp_ok, weekly_strong, flags=Loose Structure;Extended;Wide Risk;Low Liquidity",weekly_near_pivot,68.8,73.8,945.65,-4.05,"[20.82, 18.62]","[2, 5]",0.9,9.0,strong,16
SANATHAN.NS,Sanathan Textiles Limited,Textile Manufacturing,Consumer Cyclical,Consumer Cyclical,False,Cash,1,Stage 2,Stage 2,Advancing,0.9,Price is above constructive weekly and long-term trend structure with improving relative strength.,,,2026-09-29,,Stage 2 - Advancing,57.15,Very Strong,Volume Expanding,Volume Expanding (2.31x vs 10W Avg),21.2,Outperformed Nifty by 21.2% in 3 Months,True,21.2,19.92,88943937.75,1.79,0.74,2.31,False,False,"Stage 2, Advancing, trend_template_ok, weekly_vcp_ok, weekly_strong",weekly_near_pivot,71.01,73.51,512.9,-0.93,"[27.48, 19.54, 16.98]","[8, 5, 3]",0.95,30.0,strong,17
APLAPOLLO.NS,APL Apollo Tubes Limited,Steel,Basic Materials,Basic Materials,True,F&O,1,Stage 2,Stage 2,Advancing,0.8,Price is above constructive weekly and long-term trend structure with improving relative strength.,,,2026-09-29,,Stage 2 - Advancing,51.28,Very Strong,Volume Drying Up,Volume Drying Up (0.73x vs 10W Avg),28.64,Outperformed Nifty by 28.64% in 3 Months,True,28.64,14.99,1295124404.31,0.82,0.96,0.73,True,True,"Stage 2, Advancing, trend_template_ok, weekly_vcp_ok, volume_dryup, weekly_volume_dryup, weekly_strong, flags=Wider Risk;Low Liquidity",weekly_near_pivot,68.36,73.36,2276.22,-3.78,"[20.31, 20.11]","[7, 6]",0.9,16.0,strong,18
TCPLPACK.NS,TCPL Packaging Limited,Consumer Cyclical,Consumer Cyclical,Consumer Cyclical,False,Cash,1,Stage 2,Stage 2,Advancing,0.9,Price is above constructive weekly and long-term trend structure with improving relative strength.,,,2026-09-29,,Stage 2 - Advancing,52.52,Very Strong,Volume Drying Up,Volume Drying Up (0.44x vs 10W Avg),46.6,Outperformed Nifty by 46.6% in 3 Months,True,46.6,74.19,36921225.03,0.36,0.53,0.44,True,True,"Stage 2, Advancing, trend_template_ok, weekly_vcp_ok, volume_dryup, weekly_volume_dryup, weekly_strong, flags=Loose Structure;Wide Risk;Low Liquidity",weekly_near_pivot,72.0,73.0,4418.62,-7.15,"[28.01, 16.52]","[5, 5]",0.9,16.0,strong,19
ALIVUS.NS,Alivus Life Sciences Limited,Drug Manufacturers - Specialty & Generic,Healthcare,Healthcare,False,Cash,1,Stage 2,Stage 2,Advancing,0.9,Price is above constructive weekly and long-term trend structure with improving relative strength.,,,2026-09-29,,Stage 2 - Advancing,44.13,Very Strong,Volume Drying Up,Volume Drying Up (0.73x vs 10W Avg),27.11,Outperformed Nifty by 27.11% in 3 Months,True,27.11,31.83,170873762.45,0.84,1.15,0.73,True,True,"Stage 2, Advancing, trend_template_ok, weekly_vcp_ok, volume_dryup, weekly_volume_dryup, weekly_strong, flags=Loose Structure;Wider Risk;Low Liquidity",weekly_near_pivot,67.89,72.89,1491.09,-7.5,"[13.24, 9.03]","[4, 2]",0.9,10.0,strong,20
AZAD.NS,Azad Engineering Limited,Specialty Industrial Machinery,Industrials,Industrials,False,Cash,1,Stage 2,Stage 2,Advancing,0.9,Price is above constructive weekly and long-term trend structure with improving relative strength.,,,2026-09-29,,Stage 2 - Advancing,46.18,Very Strong,Volume Expanding,Volume Expanding (4.75x vs 10W Avg),38.7,Outperformed Nifty by 38.7% in 3 Months,True,38.7,87.24,2463768149.53,1.93,10.62,4.75,False,False,"Stage 2, Advancing, trend_template_ok, weekly_vcp_ok, weekly_strong, flags=Loose Structure;Wider Risk;Low Liquidity",weekly_near_pivot,67.6,72.6,2986.6,-0.78,"[20.22, 14.5]","[2, 3]",0.9,8.0,strong,21
FINEORG.NS,Fine Organic Industries Limited,Specialty Chemicals,Basic Materials,Basic Materials,False,Cash,1,Stage 2,Stage 2,Advancing,0.9,Price is above constructive weekly and long-term trend structure with improving relative strength.,,,2026-09-29,,Stage 2 - Advancing,63.95,Very Strong,Volume Drying Up,Volume Drying Up (0.70x vs 10W Avg),5.45,Outperformed Nifty by 5.45% in 3 Months,True,5.45,17.35,97673017.8,0.72,0.94,0.7,True,True,"Stage 2, Advancing, trend_template_ok, weekly_vcp_ok, volume_dryup, weekly_volume_dryup, weekly_strong",weekly_near_pivot,69.18,71.68,5400.59,-5.11,"[22.16, 14.01, 13.22]","[4, 6, 3]",0.95,21.0,strong,22
STAR.NS,Strides Pharma Science Limited,Drug Manufacturers - Specialty & Generic,Healthcare,Healthcare,False,Cash,1,Stage 2,Stage 2,Advancing,0.9,Price is above constructive weekly and long-term trend structure with improving relative strength.,,,2026-09-29,,Stage 2 - Advancing,43.07,Strong,Volume Drying Up,Volume Drying Up (0.52x vs 10W Avg),7.12,Outperformed Nifty by 7.12% in 3 Months,True,7.12,11.9,448132509.89,0.59,0.91,0.52,True,True,"Stage 2, Advancing, trend_template_ok, weekly_vcp_ok, volume_dryup, weekly_volume_dryup, weekly_strong, flags=Wide Risk;Low Liquidity",weekly_near_pivot,65.9,70.9,1146.44,-2.31,"[21.57, 18.62]","[4, 8]",0.9,14.0,strong,23
USHAMART.NS,Usha Martin Limited,Steel,Basic Materials,Basic Materials,False,Cash,1,Stage 2,Stage 2,Advancing,0.8,Price is above constructive weekly and long-term trend structure with improving relative strength.,,,2026-09-29,,Stage 2 - Advancing,32.84,Strong,Volume Drying Up,Volume Drying Up (0.65x vs 10W Avg),4.44,Outperformed Nifty by 4.44% in 3 Months,False,4.44,22.6,536727539.93,1.58,0.82,0.65,False,True,"Stage 2, Advancing, weekly_vcp_ok, weekly_volume_dryup, weekly_strong, flags=Wider Risk;Low Liquidity",weekly_near_pivot,65.9,70.9,529.3,-5.79,"[12.8, 8.65]","[3, 3]",0.9,11.0,strong,24
AJAXENGG.NS,Ajax Engineering Limited,Farm & Heavy Construction Machinery,Industrials,Industrials,False,Cash,1,Stage 2,Stage 2,Advancing,0.8,Price is above constructive weekly and long-term trend structure with improving relative strength.,,,2026-09-29,,Stage 2 - Advancing,47.88,Very Strong,Volume Expanding,Volume Expanding (4.51x vs 10W Avg),16.18,Outperformed Nifty by 16.18% in 3 Months,True,16.18,29.75,96374486.31,2.4,0.32,4.51,False,False,"Stage 2, Advancing, trend_template_ok, weekly_vcp_ok, weekly_strong, flags=Wide Weekly Base;Wider Risk;Low Liquidity",weekly_near_pivot,69.69,70.69,626.14,-6.25,"[41.77, 15.5, 12.73]","[19, 6, 5]",0.95,39.0,strong,25
ETERNAL.NS,ETERNAL LIMITED,Consumer Cyclical,Consumer Cyclical,Consumer Cyclical,True,F&O,1,Stage 2,Stage 2,Advancing,0.8,Price is above constructive weekly and long-term trend structure with improving relative strength.,,,2026-09-29,,Stage 2 - Advancing,45.32,Very Strong,Volume Drying Up,Volume Drying Up (0.77x vs 10W Avg),19.71,Outperformed Nifty by 19.71% in 3 Months,True,19.71,36.65,5996711726.47,0.74,0.96,0.77,True,True,"Stage 2, Advancing, trend_template_ok, weekly_vcp_ok, volume_dryup, weekly_volume_dryup, weekly_strong, flags=Wider Risk;Low Liquidity",weekly_near_pivot,69.64,70.64,333.53,-4.06,"[31.1, 11.98]","[5, 3]",0.9,14.0,strong,26
PITTIENG.NS,Pitti Engineering Limited,Metal Fabrication,Industrials,Industrials,False,Cash,1,Stage 2,Stage 2,Advancing,0.9,Price is above constructive weekly and long-term trend structure with improving relative strength.,,,2026-09-29,,Stage 2 - Advancing,56.82,Very Strong,Volume Drying Up,Volume Drying Up (0.47x vs 10W Avg),24.01,Outperformed Nifty by 24.01% in 3 Months,True,24.01,53.45,205895251.33,0.58,0.19,0.47,True,True,"Stage 2, Advancing, trend_template_ok, weekly_vcp_ok, volume_dryup, weekly_volume_dryup, weekly_strong, flags=Wide Risk",weekly_breakout,65.55,70.55,1033.04,10.31,"[29.17, 12.23]","[7, 11]",0.9,23.0,strong,27
JAMNAAUTO.NS,Jamna Auto Industries Limited,Auto Parts,Consumer Cyclical,Consumer Cyclical,False,Cash,1,Stage 2,Stage 2,Advancing,0.8,Price is above constructive weekly and long-term trend structure with improving relative strength.,,,2026-09-29,,Stage 2 - Advancing,50.09,Very Strong,Volume Expanding,Volume Expanding (2.08x vs 10W Avg),6.99,Outperformed Nifty by 6.99% in 3 Months,True,6.99,18.85,398660619.31,1.41,1.12,2.08,False,False,"Stage 2, Advancing, trend_template_ok, weekly_vcp_ok, weekly_strong, flags=Wide Risk;Low Liquidity",weekly_near_pivot,67.68,70.18,147.43,-7.52,"[27.12, 18.77, 16.75]","[6, 2, 8]",0.95,27.0,strong,28
VSSL.NS,Vardhman Special Steels Limited,Steel,Basic Materials,Basic Materials,False,Cash,1,Stage 2,Stage 2,Advancing,0.9,Price is above constructive weekly and long-term trend structure with improving relative strength.,,,2026-09-29,,Stage 2 - Advancing,51.21,Very Strong,Volume Drying Up,Volume Drying Up (0.24x vs 10W Avg),55.78,Outperformed Nifty by 55.78% in 3 Months,True,55.78,73.93,226001812.83,0.4,0.25,0.24,True,True,"Stage 2, Advancing, trend_template_ok, weekly_vcp_ok, volume_dryup, weekly_volume_dryup, weekly_strong, flags=Loose Structure;Wide Risk;Low Liquidity",weekly_breakout,65.1,70.1,303.84,32.0,"[32.11, 15.1, 9.43]","[15, 6, 3]",0.95,29.0,strong,29
GMMPFAUDLR.NS,GMM Pfaudler Limited,Specialty Industrial Machinery,Industrials,Industrials,False,Cash,1,Stage 2,Stage 2,Extended,0.78,"Weekly advancing structure remains intact, but price is stretched versus key moving averages.",,,2026-09-29,,Stage 2 - Extended,36.84,Very Strong,Volume Drying Up,Volume Drying Up (0.66x vs 10W Avg),97.58,Outperformed Nifty by 97.58% in 3 Months,True,97.58,68.48,779384734.31,1.03,0.38,0.66,False,True,"Stage 2, Extended, trend_template_ok, weekly_vcp_ok, weekly_volume_dryup, weekly_strong, flags=Loose Structure;Extended;Wide Risk;Low Liquidity",weekly_breakout,65.1,70.1,944.31,55.32,"[24.54, 22.12, 9.63]","[8, 5, 3]",0.95,23.0,strong,30
VRLLOG.NS,VRL Logistics Limited,Industrials,Industrials,Industrials,False,Cash,1,Failed Stage 2,Stage 2,Failed Stage 2,0.7,Failed Stage 2 cooling period is still active; waiting for a fresh base or confirmed reclaim.,Failed Stage 2 hold period active.,,2026-09-28,,Failed Stage 2,49.75,Very Strong,Volume Drying Up,Volume Drying Up (0.30x vs 10W Avg),26.44,Outperformed Nifty by 26.44% in 3 Months,True,26.44,20.86,33381414.78,0.28,1.05,0.3,True,True,"Stage 2, Advancing, trend_template_ok, weekly_vcp_ok, volume_dryup, weekly_volume_dryup, weekly_strong, flags=Loose Structure;Wider Risk;Low Liquidity | Failed Stage 2 hold period active.",weekly_near_pivot,69.83,69.83,310.74,-7.59,"[25.62, 18.75, 7.18]","[7, 8, 3]",0.95,22.0,strong,31
PFOCUS.NS,Prime Focus Limited,Communication Services,Communication Services,Communication Services,False,Cash,1,Stage 2,Stage 2,Advancing,0.9,Price is above constructive weekly and long-term trend structure with improving relative strength.,,,2026-09-29,,Stage 2 - Advancing,42.57,Strong,Volume Expanding,Volume Expanding (2.53x vs 10W Avg),41.53,Outperformed Nifty by 41.53% in 3 Months,True,41.53,-8.54,982253424.84,2.71,1.64,2.53,False,False,"Stage 2, Advancing, trend_template_ok, weekly_vcp_ok, weekly_strong, flags=Wide Weekly Base;Wide Risk;Low Liquidity",weekly_breakout,67.3,69.8,311.54,1.43,"[44.81, 15.34]","[10, 3]",0.9,18.0,strong,32
BEML.NS,BEML Limited,Conglomerates,Industrials,Industrials,False,Cash,1,Stage 2,Stage 2,Advancing,0.9,Price is above constructive weekly and long-term trend structure with improving relative strength.,,,2026-09-29,,Stage 2 - Advancing,41.61,Very Strong,Volume Drying Up,Volume Drying Up (0.46x vs 10W Avg),14.83,Outperformed Nifty by 14.83% in 3 Months,True,14.83,30.76,883137358.65,0.8,0.5,0.46,True,True,"Stage 2, Advancing, trend_template_ok, weekly_vcp_ok, volume_dryup, weekly_volume_dryup, weekly_strong, flags=Wide Risk;Low Liquidity",weekly_near_pivot,69.66,69.66,2026.03,-1.66,"[29.57, 17.53, 11.74]","[14, 4, 3]",0.95,32.0,strong,33
HARSHA.NS,Harsha Engineers International Limited,Tools & Accessories,Industrials,Industrials,False,Cash,1,Stage 2,Stage 2,Advancing,0.9,Price is above constructive weekly and long-term trend structure with improving relative strength.,,,2026-09-29,,Stage 2 - Advancing,55.52,Very Strong,Volume Normal,Volume Normal (0.94x vs 10W Avg),15.64,Outperformed Nifty by 15.64% in 3 Months,True,15.64,36.57,74951724.34,1.13,0.55,0.94,False,False,"Stage 2, Advancing, trend_template_ok, weekly_vcp_ok, weekly_strong, flags=Wider Risk;Low Liquidity",weekly_near_pivot,68.42,69.42,471.77,-0.31,"[17.91, 12.1]","[4, 5]",0.9,11.0,strong,34
AUROPHARMA.NS,Aurobindo Pharma Limited,Drug Manufacturers - Specialty & Generic,Healthcare,Healthcare,True,F&O,1,Stage 2,Stage 2,Advancing,0.9,Price is above constructive weekly and long-term trend structure with improving relative strength.,,,2026-09-29,,Stage 2 - Advancing,60.5,Very Strong,Volume Normal,Volume Normal (0.99x vs 10W Avg),11.65,Outperformed Nifty by 11.65% in 3 Months,True,11.65,24.42,1270431310.79,1.05,1.45,0.99,False,False,"Stage 2, Advancing, trend_template_ok, weekly_vcp_ok, weekly_strong, flags=Low Liquidity",weekly_near_pivot,64.41,69.41,1720.0,-2.79,"[10.26, 7.62]","[4, 3]",0.9,9.0,strong,35
DCBBANK.NS,DCB Bank Limited,Banks - Regional,Financial Services,Financial Services,False,Cash,1,Stage 2,Stage 2,Advancing,0.8,Price is above constructive weekly and long-term trend structure with improving relative strength.,,,2026-09-29,,Stage 2 - Advancing,42.52,Very Strong,Volume Drying Up,Volume Drying Up (0.63x vs 10W Avg),15.57,Outperformed Nifty by 15.57% in 3 Months,True,15.57,16.42,310749056.08,0.51,0.29,0.63,True,True,"Stage 2, Advancing, trend_template_ok, weekly_vcp_ok, volume_dryup, weekly_volume_dryup, weekly_strong, flags=Wide Risk;Low Liquidity",weekly_near_pivot,68.3,69.3,204.55,-0.49,"[22.46, 17.92, 7.5]","[9, 5, 7]",0.95,29.0,strong,36
KAJARIACER.NS,Kajaria Ceramics Limited,Building Products & Equipment,Industrials,Industrials,False,Cash,1,Failed Stage 2,Stage 2,Failed Stage 2,0.7,Failed Stage 2 cooling period is still active; waiting for a fresh base or confirmed reclaim.,Failed Stage 2 hold period active.,,2026-09-28,,Failed Stage 2,70.99,Very Strong,Volume Expanding,Volume Expanding (5.63x vs 10W Avg),10.04,Outperformed Nifty by 10.04% in 3 Months,True,10.04,24.16,561375559.23,2.08,10.8,5.63,False,False,"Stage 2, Advancing, trend_template_ok, weekly_vcp_ok, weekly_strong | Failed Stage 2 hold period active.",weekly_near_pivot,69.22,69.22,1269.12,-2.68,"[16.49, 8.89]","[3, 3]",0.9,14.0,strong,37
MOTILALOFS.NS,Motilal Oswal Financial Services Limited,Capital Markets,Financial Services,Financial Services,True,F&O,1,Stage 2,Stage 2,Advancing,0.9,Price is above constructive weekly and long-term trend structure with improving relative strength.,,,2026-09-29,,Stage 2 - Advancing,53.88,Strong,Volume Drying Up,Volume Drying Up (0.66x vs 10W Avg),11.1,Outperformed Nifty by 11.1% in 3 Months,True,11.1,40.94,785456749.99,0.7,0.82,0.66,True,True,"Stage 2, Advancing, trend_template_ok, weekly_vcp_ok, volume_dryup, weekly_volume_dryup, weekly_strong, flags=Wide Weekly Base;Wider Risk;Low Liquidity",weekly_breakout,69.2,69.2,991.48,0.25,"[43.5, 15.63]","[21, 2]",0.9,39.0,strong,38
HAPPYFORGE.NS,Happy Forgings Limited,Metal Fabrication,Industrials,Industrials,False,Cash,1,Stage 2,Stage 2,Extended,0.78,"Weekly advancing structure remains intact, but price is stretched versus key moving averages.",,,2026-09-29,,Stage 2 - Extended,45.04,Very Strong,Volume Drying Up,Volume Drying Up (0.81x vs 10W Avg),42.53,Outperformed Nifty by 42.53% in 3 Months,True,42.53,70.13,151592870.96,0.72,0.66,0.81,True,True,"Stage 2, Extended, trend_template_ok, daily_vcp_ok, weekly_vcp_ok, volume_dryup, weekly_volume_dryup, weekly_strong, flags=Loose Structure;Extended;Wide Risk;Low Liquidity",weekly_forming,64.0,69.0,2474.32,-16.45,"[17.15, 11.19]","[5, 3]",0.9,15.0,strong,39
NEULANDLAB.NS,Neuland Laboratories Limited,Drug Manufacturers - Specialty & Generic,Healthcare,Healthcare,False,Cash,1,Stage 2,Stage 2,Advancing,0.8,Price is above constructive weekly and long-term trend structure with improving relative strength.,,,2026-09-29,,Stage 2 - Advancing,39.41,Very Strong,Volume Drying Up,Volume Drying Up (0.81x vs 10W Avg),19.64,Outperformed Nifty by 19.64% in 3 Months,True,19.64,61.04,1018850014.5,0.69,1.21,0.81,True,True,"Stage 2, Advancing, trend_template_ok, weekly_vcp_ok, volume_dryup, weekly_volume_dryup, weekly_strong, flags=Wide Weekly Base;Wide Risk;Low Liquidity",weekly_forming,64.0,69.0,24225.0,-11.87,"[36.97, 18.84]","[11, 6]",0.9,19.0,strong,40
SHILPAMED.NS,Shilpa Medicare Limited,Drug Manufacturers - Specialty & Generic,Healthcare,Healthcare,False,Cash,1,Stage 2,Stage 2,Extended,0.78,"Weekly advancing structure remains intact, but price is stretched versus key moving averages.",,,2026-09-29,,Stage 2 - Extended,36.87,Very Strong,Volume Drying Up,Volume Drying Up (0.34x vs 10W Avg),82.41,Outperformed Nifty by 82.41% in 3 Months,True,82.41,166.46,875706706.43,0.45,0.43,0.34,True,True,"Stage 2, Extended, trend_template_ok, weekly_vcp_ok, volume_dryup, weekly_volume_dryup, weekly_strong, flags=Wide Weekly Base;Loose Structure;Extended;Wide Risk;Low Liquidity",weekly_breakout,64.0,69.0,650.73,60.93,"[37.47, 12.14]","[11, 5]",0.9,18.0,strong,41
UNIMECH.NS,Unimech Aerospace and Manufacturing Limited,Aerospace & Defense,Industrials,Industrials,False,Cash,1,Stage 2,Stage 2,Extended,0.78,"Weekly advancing structure remains intact, but price is stretched versus key moving averages.",,,2026-09-29,,Stage 2 - Extended,36.67,Very Strong,Volume Normal,Volume Normal (1.06x vs 10W Avg),52.03,Outperformed Nifty by 52.03% in 3 Months,True,52.03,132.83,541148960.11,1.36,1.01,1.06,False,False,"Stage 2, Extended, trend_template_ok, weekly_vcp_ok, weekly_strong, flags=Loose Structure;Extended;Wide Risk;Low Liquidity",weekly_breakout,64.0,69.0,1557.72,10.67,"[33.3, 18.87]","[7, 3]",0.9,14.0,strong,42
PARADEEP.NS,Paradeep Phosphates Limited,Agricultural Inputs,Basic Materials,Basic Materials,False,Cash,1,Stage 2,Stage 2,Advancing,0.8,Price is above constructive weekly and long-term trend structure with improving relative strength.,,,2026-09-29,,Stage 2 - Advancing,41.14,Very Strong,Volume Drying Up,Volume Drying Up (0.22x vs 10W Avg),15.82,Outperformed Nifty by 15.82% in 3 Months,True,15.82,33.44,369131456.85,0.22,0.4,0.22,True,True,"Stage 2, Advancing, trend_template_ok, weekly_vcp_ok, volume_dryup, weekly_volume_dryup, weekly_strong, flags=Wide Weekly Base;Wide Risk;Low Liquidity",weekly_near_pivot,68.93,68.93,158.22,-2.49,"[41.52, 16.7]","[10, 4]",0.9,20.0,strong,43
MCX.NS,Multi Commodity Exchange of India Limited,Financial Services,Financial Services,Financial Services,True,F&O,1,Stage 2,Stage 2,Advancing,0.9,Price is above constructive weekly and long-term trend structure with improving relative strength.,,,2026-09-29,,Stage 2 - Advancing,51.83,Very Strong,Volume Normal,Volume Normal (1.08x vs 10W Avg),28.3,Outperformed Nifty by 28.3% in 3 Months,True,28.3,28.86,6122053781.79,0.91,0.97,1.08,False,False,"Stage 2, Advancing, trend_template_ok, weekly_vcp_ok, weekly_strong, flags=Wider Risk;Low Liquidity",weekly_near_pivot,68.92,68.92,3405.95,-3.1,"[22.21, 15.55]","[3, 5]",0.9,11.0,strong,44
JKPAPER.NS,JK Paper Limited,Basic Materials,Basic Materials,Basic Materials,False,Cash,1,Stage 2,Stage 2,Advancing,0.8,Price is above constructive weekly and long-term trend structure with improving relative strength.,,,2026-09-29,,Stage 2 - Advancing,45.87,Very Strong,Volume Drying Up,Volume Drying Up (0.29x vs 10W Avg),20.19,Outperformed Nifty by 20.19% in 3 Months,False,20.19,17.62,248236093.56,0.67,0.56,0.29,True,True,"Stage 2, Advancing, weekly_vcp_ok, volume_dryup, weekly_volume_dryup, weekly_strong, flags=Wide Risk;Low Liquidity",weekly_near_pivot,68.88,68.88,423.31,-6.99,"[20.4, 15.47, 12.18]","[7, 5, 3]",0.95,27.0,strong,45
RKFORGE.NS,Ramkrishna Forgings Limited,Metal Fabrication,Industrials,Industrials,False,Cash,1,Stage 2,Stage 2,Advancing,0.8,Price is above constructive weekly and long-term trend structure with improving relative strength.,,,2026-09-29,,Stage 2 - Advancing,43.62,Very Strong,Volume Drying Up,Volume Drying Up (0.42x vs 10W Avg),29.06,Outperformed Nifty by 29.06% in 3 Months,True,29.06,37.55,395137921.61,0.39,0.8,0.42,True,True,"Stage 2, Advancing, trend_template_ok, weekly_vcp_ok, volume_dryup, weekly_volume_dryup, weekly_strong, flags=Loose Structure;Wider Risk;Low Liquidity",weekly_forming,63.76,68.76,774.15,-9.28,"[21.19, 15.99, 9.38]","[5, 5, 4]",0.95,21.0,strong,46
PNBHOUSING.NS,PNB Housing Finance Limited,Mortgage Finance,Financial Services,Financial Services,True,F&O,1,Stage 2,Stage 2,Advancing,0.8,Price is above constructive weekly and long-term trend structure with improving relative strength.,,,2026-09-29,,Stage 2 - Advancing,54.22,Strong,Volume Drying Up,Volume Drying Up (0.85x vs 10W Avg),10.37,Outperformed Nifty by 10.37% in 3 Months,True,10.37,36.86,1022618493.14,1.19,1.28,0.85,False,True,"Stage 2, Advancing, trend_template_ok, weekly_vcp_ok, weekly_volume_dryup, weekly_strong, flags=Wider Risk;Low Liquidity",weekly_near_pivot,68.72,68.72,1213.62,-7.71,"[28.17, 14.03]","[9, 2]",0.9,22.0,strong,47
BAJAJHLDNG.NS,Bajaj Holdings & Investment Limited,Asset Management,Financial Services,Financial Services,True,F&O,1,Failed Stage 2,Stage 2,Failed Stage 2,0.7,Failed Stage 2 cooling period is still active; waiting for a fresh base or confirmed reclaim.,Failed Stage 2 hold period active.,,2026-09-28,,Failed Stage 2,43.29,Strong,Volume Normal,Volume Normal (0.95x vs 10W Avg),7.09,Outperformed Nifty by 7.09% in 3 Months,False,7.09,17.63,466320888.09,1.01,0.95,0.95,False,False,"Stage 2, Advancing, weekly_vcp_ok, weekly_strong, flags=Wider Risk;Low Liquidity | Failed Stage 2 hold period active.",weekly_near_pivot,68.67,68.67,11589.72,-6.92,"[26.17, 10.2, 9.68, 7.03]","[5, 2, 2, 3]",1.0,26.0,strong,48
IIFLCAPS.NS,IIFL Capital Services Limited,Capital Markets,Financial Services,Financial Services,False,Cash,1,Stage 2,Stage 2,Advancing,0.8,Price is above constructive weekly and long-term trend structure with improving relative strength.,,,2026-09-29,,Stage 2 - Advancing,59.06,Very Strong,Volume Expanding,Volume Expanding (1.74x vs 10W Avg),8.88,Outperformed Nifty by 8.88% in 3 Months,True,8.88,30.24,203441978.97,2.0,2.91,1.74,False,False,"Stage 2, Advancing, trend_template_ok, weekly_vcp_ok, weekly_strong, flags=Wide Weekly Base;Low Liquidity",weekly_near_pivot,67.91,67.91,369.04,-6.24,"[41.01, 8.63]","[12, 4]",0.9,21.0,strong,49
ENTERO.NS,Entero Healthcare Solutions Limited,Healthcare,Healthcare,Healthcare,False,Cash,1,Stage 2,Stage 2,Advancing,0.9,Price is above constructive weekly and long-term trend structure with improving relative strength.,,,2026-09-29,,Stage 2 - Advancing,48.77,Very Strong,Volume Drying Up,Volume Drying Up (0.49x vs 10W Avg),47.75,Outperformed Nifty by 47.75% in 3 Months,True,47.75,35.52,403081554.63,0.95,0.21,0.49,False,True,"Stage 2, Advancing, trend_template_ok, weekly_vcp_ok, weekly_volume_dryup, weekly_strong, flags=Loose Structure;Wide Risk",weekly_breakout,66.9,67.9,1392.43,22.73,"[21.55, 18.87, 16.97]","[7, 4, 10]",0.95,32.0,strong,50
LMW.NS,LMW Limited,Specialty Industrial Machinery,Industrials,Industrials,False,Cash,1,Stage 2,Stage 2,Advancing,0.8,Price is above constructive weekly and long-term trend structure with improving relative strength.,,,2026-09-29,,Stage 2 - Advancing,56.4,Strong,Volume Drying Up,Volume Drying Up (0.39x vs 10W Avg),14.49,Outperformed Nifty by 14.49% in 3 Months,True,14.49,35.97,76408835.7,0.57,0.29,0.39,True,True,"Stage 2, Advancing, trend_template_ok, daily_vcp_ok, weekly_vcp_ok, volume_dryup, weekly_volume_dryup, weekly_strong, flags=Wide Risk",weekly_forming,62.85,67.85,20186.26,-16.47,"[26.33, 8.59]","[7, 3]",0.9,21.0,strong,51
PTCIL.NS,PTC Industries Limited,Metal Fabrication,Industrials,Industrials,False,Cash,1,Stage 2,Stage 2,Advancing,0.9,Price is above constructive weekly and long-term trend structure with improving relative strength.,,,2026-09-29,,Stage 2 - Advancing,43.56,Very Strong,Volume Drying Up,Volume Drying Up (0.42x vs 10W Avg),31.27,Outperformed Nifty by 31.27% in 3 Months,True,31.27,37.17,607515023.25,0.45,0.6,0.42,True,True,"Stage 2, Advancing, trend_template_ok, weekly_vcp_ok, volume_dryup, weekly_volume_dryup, weekly_strong, flags=Loose Structure;Wider Risk;Low Liquidity",weekly_forming,62.84,67.84,24167.22,-8.18,"[23.08, 15.12]","[7, 4]",0.9,20.0,strong,52
INDHOTEL.NS,The Indian Hotels Company Limited,Lodging,Consumer Cyclical,Consumer Cyclical,True,F&O,1,Stage 2,Stage 2,Advancing,0.8,Price is above constructive weekly and long-term trend structure with improving relative strength.,,,2026-09-29,,Stage 2 - Advancing,60.79,Very Strong,Volume Expanding,Volume Expanding (4.15x vs 10W Avg),5.51,Outperformed Nifty by 5.51% in 3 Months,True,5.51,20.61,2123570901.25,2.1,1.53,4.15,False,False,"Stage 2, Advancing, trend_template_ok, weekly_vcp_ok, weekly_strong, flags=Low Liquidity",weekly_near_pivot,66.61,67.61,758.73,-3.96,"[20.86, 7.37]","[7, 5]",0.9,29.0,strong,53
EMUDHRA.NS,eMudhra Limited,Software - Application,Technology,Technology,False,Cash,1,Stage 2,Stage 2,Advancing,0.8,Price is above constructive weekly and long-term trend structure with improving relative strength.,,,2026-09-29,,Stage 2 - Advancing,30.68,Very Strong,Volume Drying Up,Volume Drying Up (0.61x vs 10W Avg),43.52,Outperformed Nifty by 43.52% in 3 Months,True,43.52,40.41,1461598035.03,1.27,0.46,0.61,False,True,"Stage 2, Advancing, trend_template_ok, weekly_vcp_ok, weekly_volume_dryup, weekly_strong, flags=Wide Weekly Base;Loose Structure;Wide Risk;Low Liquidity",weekly_breakout,65.1,67.6,546.92,9.07,"[38.29, 21.24, 13.45]","[8, 9, 3]",0.95,31.0,strong,54
SYRMA.NS,Syrma SGS Technology Limited,Electronic Components,Technology,Technology,False,Cash,1,Stage 2,Stage 2,Extended,0.78,"Weekly advancing structure remains intact, but price is stretched versus key moving averages.",,,2026-09-29,,Stage 2 - Extended,47.59,Very Strong,Volume Normal,Volume Normal (0.90x vs 10W Avg),35.1,Outperformed Nifty by 35.1% in 3 Months,True,35.1,119.46,4828950550.44,1.77,1.79,0.9,False,False,"Stage 2, Extended, trend_template_ok, weekly_vcp_ok, weekly_strong, flags=Loose Structure;Extended;Wide Risk;Low Liquidity",weekly_breakout,62.0,67.0,1544.12,15.46,"[17.18, 9.65]","[5, 3]",0.9,10.0,strong,55
LAURUSLABS.NS,Laurus Labs Limited,Drug Manufacturers - Specialty & Generic,Healthcare,Healthcare,True,F&O,1,Stage 2,Stage 2,Extended,0.78,"Weekly advancing structure remains intact, but price is stretched versus key moving averages.",,,2026-09-29,,Stage 2 - Extended,44.39,Very Strong,Volume Drying Up,Volume Drying Up (0.58x vs 10W Avg),36.28,Outperformed Nifty by 36.28% in 3 Months,True,36.28,86.13,3166146382.4,0.64,0.48,0.58,True,True,"Stage 2, Extended, trend_template_ok, weekly_vcp_ok, volume_dryup, weekly_volume_dryup, weekly_strong, flags=Loose Structure;Extended;Wider Risk;Low Liquidity",weekly_breakout,62.0,67.0,1874.07,5.65,"[19.55, 15.16]","[4, 3]",0.9,10.0,strong,56
FOSECOIND.NS,Foseco India Limited,Chemicals,Basic Materials,Basic Materials,False,Cash,1,Stage 2,Stage 2,Advancing,0.9,Price is above constructive weekly and long-term trend structure with improving relative strength.,,,2026-09-29,,Stage 2 - Advancing,48.43,Very Strong,Volume Drying Up,Volume Drying Up (0.71x vs 10W Avg),32.92,Outperformed Nifty by 32.92% in 3 Months,True,32.92,39.46,239070463.4,2.07,0.7,0.71,False,True,"Stage 2, Advancing, trend_template_ok, weekly_vcp_ok, weekly_volume_dryup, weekly_strong, flags=Loose Structure;Wide Risk;Low Liquidity",weekly_breakout,64.34,66.84,5576.91,15.88,"[18.73, 17.15, 8.72]","[6, 4, 5]",0.95,21.0,strong,57
JYOTICNC.NS,Jyoti CNC Automation Limited,Specialty Industrial Machinery,Industrials,Industrials,False,Cash,1,Stage 2,Stage 2,Advancing,0.8,Price is above constructive weekly and long-term trend structure with improving relative strength.,,,2026-09-29,,Stage 2 - Advancing,35.85,Very Strong,Volume Drying Up,Volume Drying Up (0.57x vs 10W Avg),41.74,Outperformed Nifty by 41.74% in 3 Months,True,41.74,34.39,1371070530.82,1.27,0.34,0.57,False,True,"Stage 2, Advancing, trend_template_ok, weekly_vcp_ok, weekly_volume_dryup, weekly_strong, flags=Loose Structure;Wide Risk;Low Liquidity",weekly_forming,61.81,66.81,1136.59,-8.51,"[33.0, 31.35]","[11, 8]",0.9,22.0,strong,58
ACE.NS,Action Construction Equipment Limited,Farm & Heavy Construction Machinery,Industrials,Industrials,False,Cash,1,Stage 2,Stage 2,Advancing,0.9,Price is above constructive weekly and long-term trend structure with improving relative strength.,,,2026-09-29,,Stage 2 - Advancing,60.98,Very Strong,Volume Drying Up,Volume Drying Up (0.47x vs 10W Avg),29.44,Outperformed Nifty by 29.44% in 3 Months,True,29.44,46.52,412562602.77,0.94,1.06,0.47,False,True,"Stage 2, Advancing, trend_template_ok, weekly_vcp_ok, weekly_volume_dryup, weekly_strong, flags=Wide Risk;Low Liquidity",weekly_breakout,65.8,66.8,966.67,27.45,"[23.18, 20.73, 12.02, 8.52]","[6, 7, 4, 4]",1.0,31.0,strong,59
MAXESTATES.NS,Max Estates Limited,Real Estate,Real Estate,Real Estate,False,Cash,1,Stage 2,Stage 2,Extended,0.78,"Weekly advancing structure remains intact, but price is stretched versus key moving averages.",,,2026-09-29,,Stage 2 - Extended,44.54,Very Strong,Volume Expanding,Volume Expanding (1.59x vs 10W Avg),42.5,Outperformed Nifty by 42.5% in 3 Months,True,42.5,75.36,114233159.46,1.14,0.35,1.59,False,False,"Stage 2, Extended, trend_template_ok, weekly_vcp_ok, weekly_strong, flags=Wide Weekly Base;Loose Structure;Extended;Wide Risk",weekly_breakout,65.8,66.8,492.86,19.12,"[35.44, 23.17]","[7, 2]",0.9,23.0,strong,60
GALAXYSURF.NS,Galaxy Surfactants Limited,Specialty Chemicals,Basic Materials,Basic Materials,False,Cash,1,Stage 2,Stage 2,Advancing,0.9,Price is above constructive weekly and long-term trend structure with improving relative strength.,,,2026-09-29,,Stage 2 - Advancing,62.13,Very Strong,Volume Drying Up,Volume Normal (0.91x vs 10W Avg),21.9,Outperformed Nifty by 21.9% in 3 Months,True,21.9,41.24,91163633.42,0.67,2.71,0.91,True,False,"Stage 2, Advancing, trend_template_ok, weekly_vcp_ok, volume_dryup, weekly_strong, flags=Loose Structure;Wider Risk",weekly_forming,64.11,66.61,2652.63,-12.06,"[26.73, 16.19]","[6, 6]",0.9,16.0,strong,61
KRN.NS,KRN Heat Exchanger and Refrigeration Limited,Electronic Components,Technology,Technology,False,Cash,1,Stage 2,Stage 2,Advancing,0.9,Price is above constructive weekly and long-term trend structure with improving relative strength.,,,2026-09-29,,Stage 2 - Advancing,33.08,Very Strong,Volume Normal,Volume Normal (0.99x vs 10W Avg),23.54,Outperformed Nifty by 23.54% in 3 Months,True,23.54,58.49,332559781.27,1.15,0.8,0.99,False,False,"Stage 2, Advancing, trend_template_ok, weekly_vcp_ok, weekly_strong, flags=Loose Structure;Wide Risk;Circuit Risk;Low Liquidity",weekly_forming,61.6,66.6,1689.95,-15.0,"[29.69, 11.88]","[3, 6]",0.9,13.0,strong,62
SETL.NS,Standard Engineering Technology Limited,Specialty Industrial Machinery,Industrials,Industrials,False,Cash,1,Stage 2,Stage 2,Extended,0.78,"Weekly advancing structure remains intact, but price is stretched versus key moving averages.",,,2026-09-29,,Stage 2 - Extended,16.96,Very Strong,Volume Drying Up,Volume Drying Up (0.66x vs 10W Avg),64.74,Outperformed Nifty by 64.74% in 3 Months,True,64.74,233.86,395924222.92,0.93,0.35,0.66,False,True,"Stage 2, Extended, trend_template_ok, weekly_vcp_ok, weekly_volume_dryup, weekly_strong, flags=Wide Weekly Base;Loose Structure;Extended;Wide Risk;Circuit Risk;Low Liquidity",weekly_breakout,61.6,66.6,305.83,38.24,"[41.71, 26.24]","[14, 7]",0.9,22.0,strong,63
MPSLTD.NS,MPS Limited,Communication Services,Communication Services,Communication Services,False,Cash,1,Stage 2,Stage 2,Advancing,0.8,Price is above constructive weekly and long-term trend structure with improving relative strength.,,,2026-09-29,,Stage 2 - Advancing,47.84,Very Strong,Volume Drying Up,Volume Drying Up (0.20x vs 10W Avg),40.99,Outperformed Nifty by 40.99% in 3 Months,True,40.99,60.77,37391633.85,0.22,2.56,0.2,True,True,"Stage 2, Advancing, trend_template_ok, weekly_vcp_ok, volume_dryup, weekly_volume_dryup, weekly_strong, flags=Loose Structure;Low Liquidity",weekly_forming,64.0,66.5,2984.21,-9.56,"[32.16, 14.59]","[5, 4]",0.9,14.0,strong,64
NAZARA.NS,Nazara Technologies Limited,Communication Services,Communication Services,Communication Services,False,Cash,1,Stage 2,Stage 2,Advancing,0.9,Price is above constructive weekly and long-term trend structure with improving relative strength.,,,2026-09-29,,Stage 2 - Advancing,45.31,Very Strong,Volume Drying Up,Volume Normal (0.97x vs 10W Avg),38.34,Outperformed Nifty by 38.34% in 3 Months,True,38.34,61.42,519011105.22,0.76,1.21,0.97,True,False,"Stage 2, Advancing, trend_template_ok, weekly_vcp_ok, volume_dryup, weekly_strong, flags=Loose Structure;Wider Risk;Low Liquidity",weekly_breakout,64.0,66.5,314.55,24.89,"[26.83, 15.8]","[11, 4]",0.9,22.0,strong,65
SMLMAH.NS,SML Mahindra Limited,Auto Manufacturers,Consumer Cyclical,Consumer Cyclical,False,Cash,1,Stage 2,Stage 2,Extended,0.78,"Weekly advancing structure remains intact, but price is stretched versus key moving averages.",,,2026-09-29,,Stage 2 - Extended,42.57,Very Strong,Volume Drying Up,Volume Drying Up (0.25x vs 10W Avg),75.8,Outperformed Nifty by 75.8% in 3 Months,True,75.8,65.54,611148362.58,0.29,0.53,0.25,True,True,"Stage 2, Extended, trend_template_ok, weekly_vcp_ok, volume_dryup, weekly_volume_dryup, weekly_strong, flags=Loose Structure;Extended;Wide Risk;Low Liquidity",weekly_breakout,64.0,66.5,5998.38,9.66,"[32.4, 22.39]","[4, 5]",0.9,13.0,strong,66
SUNDRMFAST.NS,Sundram Fasteners Limited,Auto Parts,Consumer Cyclical,Consumer Cyclical,False,Cash,1,Stage 2,Stage 2,Advancing,0.8,Price is above constructive weekly and long-term trend structure with improving relative strength.,,,2026-09-29,,Stage 2 - Advancing,36.05,Very Strong,Volume Drying Up,Volume Normal (0.92x vs 10W Avg),28.38,Outperformed Nifty by 28.38% in 3 Months,True,28.38,51.35,332405545.31,0.78,0.33,0.92,True,False,"Stage 2, Advancing, trend_template_ok, weekly_vcp_ok, volume_dryup, weekly_strong, flags=Loose Structure;Wide Risk;Low Liquidity",weekly_breakout,63.97,66.47,913.91,24.66,"[23.55, 10.65]","[13, 5]",0.9,23.0,strong,67
GAIL.NS,GAIL (India) Limited,Utilities,Utilities,Utilities,True,F&O,1,Stage 2,Stage 2,Advancing,0.8,Price is above constructive weekly and long-term trend structure with improving relative strength.,,,2026-09-29,,Stage 2 - Advancing,48.26,Very Strong,Volume Drying Up,Volume Normal (1.11x vs 10W Avg),4.52,Outperformed Nifty by 4.52% in 3 Months,False,4.52,16.36,1070866244.6,0.84,1.93,1.11,True,False,"Stage 2, Advancing, daily_vcp_ok, weekly_vcp_ok, volume_dryup, weekly_strong, flags=Low Liquidity",weekly_near_pivot,66.09,66.09,182.17,-6.38,"[21.64, 6.28]","[4, 4]",0.9,21.0,strong,68
GABRIEL.NS,Gabriel India Limited,Auto Parts,Consumer Cyclical,Consumer Cyclical,False,Cash,1,Stage 2,Stage 2,Advancing,0.8,Price is above constructive weekly and long-term trend structure with improving relative strength.,,,2026-09-29,,Stage 2 - Advancing,36.56,Very Strong,Volume Drying Up,Volume Drying Up (0.32x vs 10W Avg),12.25,Outperformed Nifty by 12.25% in 3 Months,True,12.25,49.88,921062250.06,2.3,0.44,0.32,False,True,"Stage 2, Advancing, trend_template_ok, weekly_vcp_ok, weekly_volume_dryup, weekly_strong, flags=Wide Risk;Low Liquidity",weekly_forming,63.31,65.81,1599.49,-16.11,"[25.65, 25.23, 15.46]","[5, 7, 5]",0.95,25.0,strong,69
VADILALIND.NS,Vadilal Industries Limited,Packaged Foods,Consumer Defensive,Consumer Defensive,False,Cash,1,Stage 2,Stage 2,Advancing,0.8,Price is above constructive weekly and long-term trend structure with improving relative strength.,,,2026-09-29,,Stage 2 - Advancing,44.65,Very Strong,Volume Drying Up,Volume Drying Up (0.33x vs 10W Avg),20.72,Outperformed Nifty by 20.72% in 3 Months,True,20.72,64.65,119272148.6,0.55,0.66,0.33,True,True,"Stage 2, Advancing, trend_template_ok, weekly_vcp_ok, volume_dryup, weekly_volume_dryup, weekly_strong, flags=Wider Risk;Low Liquidity",weekly_forming,65.1,65.1,8394.33,-13.6,"[29.89, 25.19, 16.72]","[8, 7, 3]",0.95,24.0,strong,70
GLENMARK.NS,Glenmark Pharmaceuticals Limited,Drug Manufacturers - Specialty & Generic,Healthcare,Healthcare,True,F&O,1,Stage 2,Stage 2,Advancing,0.8,Price is above constructive weekly and long-term trend structure with improving relative strength.,,,2026-09-29,,Stage 2 - Advancing,33.09,Strong,Volume Expanding,Volume Expanding (1.88x vs 10W Avg),9.71,Outperformed Nifty by 9.71% in 3 Months,False,9.71,9.25,1271013946.61,1.3,2.35,1.88,False,False,"Stage 2, Advancing, weekly_vcp_ok, weekly_strong, flags=Wider Risk;Low Liquidity",weekly_forming,60.1,65.1,2539.51,-8.07,"[14.23, 14.42, 15.08, 7.05]","[4, 3, 7, 3]",1.0,30.0,strong,71
PAYTM.NS,One 97 Communications Limited,Software - Infrastructure,Technology,Technology,True,F&O,1,Stage 2,Stage 2,Advancing,0.9,Price is above constructive weekly and long-term trend structure with improving relative strength.,,,2026-09-29,,Stage 2 - Advancing,40.65,Very Strong,Volume Drying Up,Volume Drying Up (0.84x vs 10W Avg),44.54,Outperformed Nifty by 44.54% in 3 Months,True,44.54,61.86,7442140170.74,0.83,0.56,0.84,True,True,"Stage 2, Advancing, trend_template_ok, weekly_vcp_ok, volume_dryup, weekly_volume_dryup, weekly_strong, flags=Loose Structure;Wide Risk;Low Liquidity",weekly_breakout,64.0,65.0,1225.14,36.96,"[31.43, 17.09]","[12, 5]",0.9,22.0,strong,72
UFLEX.NS,UFLEX Limited,Consumer Cyclical,Consumer Cyclical,Consumer Cyclical,False,Cash,1,Stage 2,Stage 2,Advancing,0.9,Price is above constructive weekly and long-term trend structure with improving relative strength.,,,2026-09-29,,Stage 2 - Advancing,37.32,Very Strong,Volume Drying Up,Volume Drying Up (0.18x vs 10W Avg),57.93,Outperformed Nifty by 57.93% in 3 Months,True,57.93,89.55,109988587.34,0.27,0.49,0.18,True,True,"Stage 2, Advancing, trend_template_ok, weekly_vcp_ok, volume_dryup, weekly_volume_dryup, weekly_strong, flags=Wide Weekly Base;Loose Structure;Wide Risk;Low Liquidity",weekly_forming,64.0,65.0,724.77,-9.23,"[37.74, 15.67]","[7, 2]",0.9,14.0,strong,73
AGI.NS,AGI Greenpac Limited,Consumer Cyclical,Consumer Cyclical,Consumer Cyclical,False,Cash,1,Stage 2,Stage 2,Advancing,0.8,Price is above constructive weekly and long-term trend structure with improving relative strength.,,,2026-09-29,,Stage 2 - Advancing,35.95,Very Strong,Volume Drying Up,Volume Drying Up (0.68x vs 10W Avg),21.65,Outperformed Nifty by 21.65% in 3 Months,True,21.65,61.11,162226363.0,1.34,0.5,0.68,False,True,"Stage 2, Advancing, trend_template_ok, weekly_vcp_ok, weekly_volume_dryup, weekly_strong, flags=Wide Weekly Base;Wide Risk;Low Liquidity",weekly_breakout,64.0,65.0,742.43,8.35,"[39.96, 5.8]","[13, 12]",0.9,29.0,strong,74
NAUKRI.NS,Info Edge (India) Limited,Communication Services,Communication Services,Communication Services,True,F&O,1,Stage 2,Stage 2,Advancing,0.8,Price is above constructive weekly and long-term trend structure with improving relative strength.,,,2026-09-29,,Stage 2 - Advancing,41.86,Very Strong,Volume Normal,Volume Normal (0.95x vs 10W Avg),25.03,Outperformed Nifty by 25.03% in 3 Months,False,25.03,21.73,1662536103.03,0.92,1.24,0.95,False,False,"Stage 2, Advancing, weekly_vcp_ok, weekly_strong, flags=Wide Risk",weekly_forming,62.48,64.98,1393.43,-12.48,"[33.52, 15.97]","[15, 5]",0.9,25.0,strong,75
FLUOROCHEM.NS,Gujarat Fluorochemicals Limited,Specialty Chemicals,Basic Materials,Basic Materials,False,Cash,1,Stage 2,Stage 2,Advancing,0.8,Price is above constructive weekly and long-term trend structure with improving relative strength.,,,2026-09-29,,Stage 2 - Advancing,43.56,Very Strong,Volume Drying Up,Volume Drying Up (0.28x vs 10W Avg),18.79,Outperformed Nifty by 18.79% in 3 Months,True,18.79,34.93,543148490.46,0.54,0.55,0.28,True,True,"Stage 2, Advancing, trend_template_ok, weekly_vcp_ok, volume_dryup, weekly_volume_dryup, weekly_strong, flags=Wider Risk;Low Liquidity",weekly_forming,62.47,64.97,4964.29,-11.26,"[21.41, 18.75, 11.01]","[4, 7, 5]",0.95,23.0,strong,76
PRICOLLTD.NS,Pricol Limited,Auto Parts,Consumer Cyclical,Consumer Cyclical,False,Cash,1,Stage 2,Stage 2,Advancing,0.8,Price is above constructive weekly and long-term trend structure with improving relative strength.,,,2026-09-29,,Stage 2 - Advancing,43.08,Very Strong,Volume Drying Up,Volume Drying Up (0.47x vs 10W Avg),26.49,Outperformed Nifty by 26.49% in 3 Months,True,26.49,37.38,197344203.89,0.44,0.78,0.47,True,True,"Stage 2, Advancing, trend_template_ok, weekly_vcp_ok, volume_dryup, weekly_volume_dryup, weekly_strong, flags=Loose Structure;Wider Risk;Low Liquidity",weekly_forming,62.39,64.89,824.44,-9.32,"[24.94, 20.4]","[3, 6]",0.9,12.0,strong,77
APLLTD.NS,Alembic Pharmaceuticals Limited,Drug Manufacturers - Specialty & Generic,Healthcare,Healthcare,False,Cash,1,Stage 2,Stage 2,Advancing,0.8,Price is above constructive weekly and long-term trend structure with improving relative strength.,,,2026-09-29,,Stage 2 - Advancing,47.81,Strong,Volume Expanding,Volume Expanding (2.26x vs 10W Avg),7.05,Outperformed Nifty by 7.05% in 3 Months,False,7.05,20.1,186279269.74,1.99,1.51,2.26,False,False,"Stage 2, Advancing, weekly_vcp_ok, weekly_strong, flags=Low Liquidity",weekly_breakout,59.81,64.81,798.54,3.37,"[25.38, 23.16, 12.62]","[12, 7, 3]",0.95,30.0,strong,78
GRWRHITECH.NS,Garware Hi-Tech Films Limited,Specialty Chemicals,Basic Materials,Basic Materials,False,Cash,1,Stage 2,Stage 2,Advancing,0.9,Price is above constructive weekly and long-term trend structure with improving relative strength.,Stage 2 reclaimed after 3 confirmation runs.,,2026-09-29,,Stage 2 - Advancing,33.67,Very Strong,Volume Normal,Volume Normal (0.99x vs 10W Avg),6.9,Outperformed Nifty by 6.9% in 3 Months,True,6.9,87.71,404531594.89,0.9,1.41,0.99,False,False,"Stage 2, Advancing, trend_template_ok, weekly_vcp_ok, weekly_strong, flags=Wide Weekly Base;Low Liquidity",weekly_forming,62.2,64.7,7989.44,-12.19,"[37.06, 27.8]","[9, 8]",0.9,19.0,strong,79
ATHERENERG.NS,Ather Energy Limited,Auto Manufacturers,Consumer Cyclical,Consumer Cyclical,False,Cash,1,Stage 2,Stage 2,Extended,0.78,"Weekly advancing structure remains intact, but price is stretched versus key moving averages.",,,2026-09-29,,Stage 2 - Extended,30.88,Strong,Volume Drying Up,Volume Drying Up (0.74x vs 10W Avg),33.42,Outperformed Nifty by 33.42% in 3 Months,True,33.42,85.96,5831783310.22,0.81,0.68,0.74,True,True,"Stage 2, Extended, trend_template_ok, weekly_vcp_ok, volume_dryup, weekly_volume_dryup, weekly_strong, flags=Loose Structure;Extended;Wide Risk;Low Liquidity",weekly_forming,62.0,64.5,1747.05,-18.43,"[23.0, 13.2]","[3, 3]",0.9,10.0,strong,80
HAL.NS,Hindustan Aeronautics Limited,Aerospace & Defense,Industrials,Industrials,True,F&O,1,Stage 2,Stage 2,Advancing,0.8,Price is above constructive weekly and long-term trend structure with improving relative strength.,,,2026-09-29,,Stage 2 - Advancing,49.94,Very Strong,Volume Drying Up,Volume Normal (0.88x vs 10W Avg),12.13,Outperformed Nifty by 12.13% in 3 Months,True,12.13,21.92,4040943011.57,0.79,1.7,0.88,True,True,"Stage 2, Advancing, trend_template_ok, weekly_vcp_ok, volume_dryup, weekly_volume_dryup, weekly_strong, flags=Wider Risk;Low Liquidity",weekly_forming,59.41,64.41,5149.9,-9.36,"[24.88, 14.22]","[9, 5]",0.9,19.0,strong,81
CARTRADE.NS,Cartrade Tech Limited,Consumer Cyclical,Consumer Cyclical,Consumer Cyclical,False,Cash,1,Stage 2,Stage 2,Advancing,0.8,Price is above constructive weekly and long-term trend structure with improving relative strength.,,,2026-09-29,,Stage 2 - Advancing,49.59,Strong,Volume Drying Up,Volume Drying Up (0.60x vs 10W Avg),10.68,Outperformed Nifty by 10.68% in 3 Months,True,10.68,63.09,980726518.43,0.59,0.48,0.6,True,True,"Stage 2, Advancing, trend_template_ok, weekly_vcp_ok, volume_dryup, weekly_volume_dryup, weekly_strong, flags=Wide Weekly Base;Wide Risk;Low Liquidity",weekly_forming,63.38,64.38,3259.69,-11.04,"[50.92, 15.57]","[17, 3]",0.9,23.0,strong,82
DIXON.NS,Dixon Technologies (India) Limited,Technology,Technology,Technology,True,F&O,1,Stage 2,Stage 2,Advancing,0.8,Price is above constructive weekly and long-term trend structure with improving relative strength.,,,2026-09-29,,Stage 2 - Advancing,26.31,Neutral,Volume Normal,Volume Normal (0.92x vs 10W Avg),5.34,Outperformed Nifty by 5.34% in 3 Months,False,5.34,28.3,4407954264.57,0.89,0.76,0.92,False,False,"Stage 2, Advancing, weekly_vcp_ok, weekly_strong, flags=Wide Weekly Base;Wide Risk;Low Liquidity",weekly_forming,59.36,64.36,15014.7,-12.75,"[37.65, 18.97]","[10, 7]",0.9,19.0,strong,83
VOLTAMP.NS,Voltamp Transformers Limited,Electrical Equipment & Parts,Industrials,Industrials,False,Cash,1,Stage 2,Stage 2,Advancing,0.9,Price is above constructive weekly and long-term trend structure with improving relative strength.,,,2026-09-29,,Stage 2 - Advancing,48.78,Very Strong,Volume Drying Up,Volume Drying Up (0.28x vs 10W Avg),14.59,Outperformed Nifty by 14.59% in 3 Months,True,14.59,16.88,216035788.3,0.3,0.53,0.28,True,True,"Stage 2, Advancing, trend_template_ok, weekly_vcp_ok, volume_dryup, weekly_volume_dryup, weekly_strong, flags=Wide Base;Wide Risk;Low Liquidity",weekly_forming,59.15,64.15,11719.47,-10.41,"[30.42, 17.65]","[2, 5]",0.9,12.0,strong,84
FMGOETZE.NS,Federal-Mogul Goetze (India) Limited.,Auto Parts,Consumer Cyclical,Consumer Cyclical,False,Cash,1,Stage 2,Stage 2,Advancing,0.9,Price is above constructive weekly and long-term trend structure with improving relative strength.,,,2026-09-29,,Stage 2 - Advancing,35.0,Very Strong,Volume Drying Up,Volume Drying Up (0.13x vs 10W Avg),21.18,Outperformed Nifty by 21.18% in 3 Months,True,21.18,23.54,207743298.86,0.11,0.1,0.13,True,True,"Stage 2, Advancing, trend_template_ok, weekly_vcp_ok, volume_dryup, weekly_volume_dryup, weekly_strong, flags=Loose Structure;Wide Risk;Low Liquidity",weekly_forming,61.57,64.07,543.85,-18.06,"[26.03, 16.15, 11.49]","[6, 5, 5]",0.95,27.0,strong,85
HSCL.NS,Himadri Speciality Chemical Limited,Specialty Chemicals,Basic Materials,Basic Materials,False,Cash,1,Stage 2,Stage 2,Advancing,0.8,Price is above constructive weekly and long-term trend structure with improving relative strength.,,,2026-09-29,,Stage 2 - Advancing,49.94,Strong,Volume Drying Up,Volume Drying Up (0.26x vs 10W Avg),5.87,Outperformed Nifty by 5.87% in 3 Months,True,5.87,47.51,1489000783.94,0.35,0.35,0.26,True,True,"Stage 2, Advancing, trend_template_ok, weekly_vcp_ok, volume_dryup, weekly_volume_dryup, weekly_strong, flags=Wider Risk;Low Liquidity",weekly_forming,61.34,63.84,820.93,-17.44,"[17.55, 9.47]","[2, 9]",0.9,15.0,strong,86
LODHA.NS,Lodha Developers Limited,Real Estate,Real Estate,Real Estate,True,F&O,1,Stage 2,Stage 2,Advancing,0.8,Price is above constructive weekly and long-term trend structure with improving relative strength.,,,2026-09-29,,Stage 2 - Advancing,31.43,Strong,Volume Normal,Volume Normal (1.38x vs 10W Avg),10.73,Outperformed Nifty by 10.73% in 3 Months,True,10.73,57.42,2111750097.46,1.11,1.04,1.38,False,False,"Stage 2, Advancing, trend_template_ok, weekly_vcp_ok, weekly_strong, flags=Wide Weekly Base;Wide Risk;Low Liquidity",weekly_forming,62.81,63.81,1342.59,-15.46,"[41.54, 14.84]","[6, 2]",0.9,13.0,strong,87
TVSSRICHAK.NS,TVS Srichakra Limited,Auto Parts,Consumer Cyclical,Consumer Cyclical,False,Cash,1,Stage 2,Stage 2,Advancing,0.8,Price is above constructive weekly and long-term trend structure with improving relative strength.,,,2026-09-29,,Stage 2 - Advancing,30.17,Very Strong,Volume Drying Up,Volume Drying Up (0.20x vs 10W Avg),12.47,Outperformed Nifty by 12.47% in 3 Months,True,12.47,25.93,45817583.48,0.22,0.18,0.2,True,True,"Stage 2, Advancing, trend_template_ok, weekly_vcp_ok, volume_dryup, weekly_volume_dryup, weekly_strong, flags=Loose Structure;Wide Risk;Low Liquidity",weekly_forming,60.94,63.44,5727.88,-22.53,"[33.23, 16.42, 12.48]","[7, 5, 6]",0.95,26.0,strong,88
TIIL.NS,Technocraft Industries (India) Limited,Tools & Accessories,Industrials,Industrials,False,Cash,1,Stage 2,Stage 2,Advancing,0.8,Price is above constructive weekly and long-term trend structure with improving relative strength.,,,2026-09-29,,Stage 2 - Advancing,34.4,Very Strong,Volume Drying Up,Volume Drying Up (0.49x vs 10W Avg),23.09,Outperformed Nifty by 23.09% in 3 Months,True,23.09,28.78,99286888.67,0.63,0.79,0.49,True,True,"Stage 2, Advancing, trend_template_ok, weekly_vcp_ok, volume_dryup, weekly_volume_dryup, weekly_strong, flags=Loose Structure;Wide Risk;Low Liquidity",weekly_forming,62.29,63.29,3571.54,-18.78,"[28.66, 27.32, 8.33]","[10, 5, 3]",0.95,35.0,strong,89
ENGINERSIN.NS,Engineers India Limited,Engineering & Construction,Industrials,Industrials,False,Cash,1,Stage 2,Stage 2,Extended,0.78,"Weekly advancing structure remains intact, but price is stretched versus key moving averages.",,,2026-09-29,,Stage 2 - Extended,51.0,Very Strong,Volume Expanding,Volume Expanding (1.79x vs 10W Avg),34.78,Outperformed Nifty by 34.78% in 3 Months,True,34.78,55.77,1747399778.22,1.81,0.45,1.79,False,False,"Stage 2, Extended, trend_template_ok, weekly_vcp_ok, weekly_strong, flags=Loose Structure;Extended;Wide Risk;Low Liquidity",weekly_breakout,63.2,63.2,287.79,7.58,"[20.22, 17.19]","[2, 4]",0.9,11.0,strong,90
REDINGTON.NS,Redington Limited,Information Technology Services,Technology,Technology,False,Cash,1,Stage 2,Stage 2,Extended,0.78,"Weekly advancing structure remains intact, but price is stretched versus key moving averages.",,,2026-09-29,,Stage 2 - Extended,44.95,Very Strong,Volume Drying Up,Volume Drying Up (0.46x vs 10W Avg),53.86,Outperformed Nifty by 53.86% in 3 Months,True,53.86,99.75,2252442419.66,0.6,0.68,0.46,True,True,"Stage 2, Extended, trend_template_ok, weekly_vcp_ok, volume_dryup, weekly_volume_dryup, weekly_strong, flags=Loose Structure;Extended;Wider Risk;Low Liquidity",weekly_breakout,63.2,63.2,365.14,11.46,"[33.11, 14.19]","[5, 4]",0.9,11.0,strong,91
IIFL.NS,IIFL Finance Limited,Credit Services,Financial Services,Financial Services,False,Cash,1,Stage 2,Stage 2,Advancing,0.8,Price is above constructive weekly and long-term trend structure with improving relative strength.,,,2026-09-29,,Stage 2 - Advancing,36.75,Very Strong,Volume Drying Up,Volume Drying Up (0.52x vs 10W Avg),20.63,Outperformed Nifty by 20.63% in 3 Months,True,20.63,38.94,1542319158.87,0.71,0.4,0.52,True,True,"Stage 2, Advancing, trend_template_ok, weekly_vcp_ok, volume_dryup, weekly_volume_dryup, weekly_strong, flags=Wide Risk;Low Liquidity",weekly_forming,61.96,62.96,706.23,-14.94,"[29.0, 15.44]","[4, 2]",0.9,16.0,strong,92
GLAXO.NS,GlaxoSmithKline Pharmaceuticals Limited,Drug Manufacturers - General,Healthcare,Healthcare,False,Cash,1,Stage 2,Stage 2,Advancing,0.8,Price is above constructive weekly and long-term trend structure with improving relative strength.,,,2026-09-29,,Stage 2 - Advancing,41.43,Very Strong,Volume Drying Up,Volume Normal (1.03x vs 10W Avg),22.08,Outperformed Nifty by 22.08% in 3 Months,True,22.08,20.41,217594101.67,0.8,0.32,1.03,True,False,"Stage 2, Advancing, trend_template_ok, weekly_vcp_ok, volume_dryup, weekly_strong, flags=Wider Risk;Low Liquidity",weekly_forming,60.25,62.75,3126.16,-11.42,"[18.46, 15.36]","[7, 7]",0.9,17.0,strong,93
SPLPETRO.NS,Supreme Petrochem Limited,Specialty Chemicals,Basic Materials,Basic Materials,False,Cash,1,Stage 2,Stage 2,Advancing,0.9,Price is above constructive weekly and long-term trend structure with improving relative strength.,,,2026-09-29,,Stage 2 - Advancing,51.1,Strong,Volume Normal,Volume Normal (1.04x vs 10W Avg),18.99,Outperformed Nifty by 18.99% in 3 Months,True,18.99,11.79,342879755.71,1.29,0.74,1.04,False,False,"Stage 2, Advancing, trend_template_ok, weekly_vcp_ok, weekly_strong, flags=Wide Risk;Low Liquidity",weekly_breakout,60.18,62.68,783.8,3.11,"[22.01, 12.97, 13.01]","[6, 3, 2]",0.95,16.0,strong,94
FIVESTAR.NS,Five-Star Business Finance Limited,Credit Services,Financial Services,Financial Services,False,Cash,1,Failed Stage 2,Stage 2,Failed Stage 2,0.7,Failed Stage 2 cooling period is still active; waiting for a fresh base or confirmed reclaim.,Failed Stage 2 hold period active.,,2026-09-28,,Failed Stage 2,27.88,Strong,Volume Expanding,Volume Expanding (1.53x vs 10W Avg),0.46,Outperformed Nifty by 0.46% in 3 Months,False,0.46,44.03,360730690.65,1.24,0.9,1.53,False,False,"Stage 2, Advancing, weekly_vcp_ok, weekly_strong, flags=Wide Weekly Base;Wide Risk;Low Liquidity | Failed Stage 2 hold period active.",weekly_forming,61.55,62.55,574.52,-10.04,"[49.23, 21.67, 14.65]","[21, 5, 5]",0.95,43.0,strong,95
EDELWEISS.NS,Edelweiss Financial Services Limited,Financial Services,Financial Services,Financial Services,False,Cash,1,Stage 2,Stage 2,Advancing,0.9,Price is above constructive weekly and long-term trend structure with improving relative strength.,,,2026-09-29,,Stage 2 - Advancing,51.34,Very Strong,Volume Normal,Volume Normal (0.99x vs 10W Avg),21.23,Outperformed Nifty by 21.23% in 3 Months,True,21.23,32.98,1413342931.37,1.29,1.21,0.99,False,False,"Stage 2, Advancing, trend_template_ok, weekly_vcp_ok, weekly_strong, flags=Wide Risk;Low Liquidity",weekly_breakout,62.52,62.52,132.66,7.59,"[24.24, 19.79, 15.35]","[6, 6, 5]",0.95,23.0,strong,96
INDGN.NS,Indegene Limited,Healthcare,Healthcare,Healthcare,False,Cash,1,Stage 2,Stage 2,Advancing,0.9,Price is above constructive weekly and long-term trend structure with improving relative strength.,,,2026-09-29,,Stage 2 - Advancing,54.31,Very Strong,Volume Expanding,Volume Expanding (1.70x vs 10W Avg),26.87,Outperformed Nifty by 26.87% in 3 Months,True,26.87,26.4,301988480.91,0.99,0.57,1.7,False,False,"Stage 2, Advancing, trend_template_ok, weekly_vcp_ok, weekly_strong, flags=Wider Risk;Low Liquidity",weekly_breakout,61.33,62.33,551.58,7.1,"[19.1, 12.43]","[4, 4]",0.9,21.0,strong,97
HATSUN.NS,Hatsun Agro Product Limited,Packaged Foods,Consumer Defensive,Consumer Defensive,False,Cash,1,Stage 2,Stage 2,Advancing,0.9,Price is above constructive weekly and long-term trend structure with improving relative strength.,,,2026-09-29,,Stage 2 - Advancing,35.57,Very Strong,Volume Drying Up,Volume Drying Up (0.31x vs 10W Avg),28.44,Outperformed Nifty by 28.44% in 3 Months,True,28.44,22.53,120035486.0,0.43,0.13,0.31,True,True,"Stage 2, Advancing, trend_template_ok, weekly_vcp_ok, volume_dryup, weekly_volume_dryup, weekly_strong, flags=Loose Structure;Wide Risk;Low Liquidity",weekly_breakout,62.2,62.2,1013.02,8.49,"[12.01, 12.57, 9.2]","[7, 7, 2]",0.95,27.0,strong,98
TVSMOTOR.NS,TVS Motor Company Limited,Auto Manufacturers,Consumer Cyclical,Consumer Cyclical,True,F&O,1,Failed Stage 2,Stage 2,Failed Stage 2,0.7,Failed Stage 2 cooling period is still active; waiting for a fresh base or confirmed reclaim.,Failed Stage 2 hold period active.,,2026-09-25,,Failed Stage 2,35.94,Very Strong,Volume Drying Up,Volume Drying Up (0.62x vs 10W Avg),17.62,Outperformed Nifty by 17.62% in 3 Months,False,17.62,17.01,2540120210.44,0.74,0.76,0.62,True,True,"Stage 2, Advancing, weekly_vcp_ok, volume_dryup, weekly_volume_dryup, weekly_strong, flags=Wider Risk;Low Liquidity | Failed Stage 2 hold period active.",weekly_forming,59.46,61.96,4492.35,-8.6,"[17.32, 16.17]","[2, 6]",0.9,12.0,strong,99
JUBLCPL.NS,Jubilant Agri and Consumer Products Limited,Specialty Chemicals,Basic Materials,Basic Materials,False,Cash,1,Stage 2,Stage 2,Advancing,0.8,Price is above constructive weekly and long-term trend structure with improving relative strength.,,,2026-09-29,,Stage 2 - Advancing,25.4,Strong,Volume Drying Up,Volume Drying Up (0.31x vs 10W Avg),1.06,Outperformed Nifty by 1.06% in 3 Months,False,1.06,22.29,18369941.12,0.52,0.49,0.31,True,True,"Stage 2, Advancing, weekly_vcp_ok, volume_dryup, weekly_volume_dryup, weekly_strong, flags=Wide Weekly Base;Loose Structure;Wide Risk;Low Liquidity",weekly_forming,59.44,61.94,2483.34,-17.0,"[40.65, 17.05, 10.74]","[12, 4, 11]",0.95,31.0,strong,100
BALRAMCHIN.NS,Balrampur Chini Mills Limited,Consumer Defensive,Consumer Defensive,Consumer Defensive,False,Cash,1,Stage 2,Stage 2,Advancing,0.9,Price is above constructive weekly and long-term trend structure with improving relative strength.,,,2026-09-29,,Stage 2 - Advancing,42.76,Very Strong,Volume Drying Up,Volume Drying Up (0.49x vs 10W Avg),22.89,Outperformed Nifty by 22.89% in 3 Months,True,22.89,35.83,1362650197.66,0.37,0.23,0.49,True,True,"Stage 2, Advancing, trend_template_ok, weekly_vcp_ok, volume_dryup, weekly_volume_dryup, weekly_strong, flags=Wide Risk;Low Liquidity",weekly_forming,61.87,61.87,782.32,-15.27,"[15.94, 7.17]","[2, 6]",0.9,16.0,strong,101
JAYNECOIND.NS,Jayaswal Neco Industries Limited,Steel,Basic Materials,Basic Materials,False,Cash,1,Stage 2,Stage 2,Advancing,0.9,Price is above constructive weekly and long-term trend structure with improving relative strength.,Stage 2 reclaimed after 3 confirmation runs.,,2026-09-29,,Stage 2 - Advancing,25.2,Strong,Volume Drying Up,Volume Drying Up (0.62x vs 10W Avg),9.07,Outperformed Nifty by 9.07% in 3 Months,True,9.07,16.65,487496763.41,0.56,1.02,0.62,True,True,"Stage 2, Advancing, trend_template_ok, weekly_vcp_ok, volume_dryup, weekly_volume_dryup, weekly_strong, flags=Wide Risk;Low Liquidity",weekly_forming,56.77,61.77,105.35,-11.93,"[28.42, 11.22]","[7, 7]",0.9,17.0,strong,102
IMAGICAA.NS,Imagicaaworld Entertainment Limited,Communication Services,Communication Services,Communication Services,False,Cash,1,Stage 2,Stage 2,Advancing,0.8,Price is above constructive weekly and long-term trend structure with improving relative strength.,,,2026-09-29,,Stage 2 - Advancing,33.09,Very Strong,Volume Drying Up,Volume Drying Up (0.40x vs 10W Avg),13.11,Outperformed Nifty by 13.11% in 3 Months,True,13.11,18.64,48591887.82,0.46,0.11,0.4,True,True,"Stage 2, Advancing, trend_template_ok, weekly_vcp_ok, volume_dryup, weekly_volume_dryup, weekly_strong, flags=Wide Risk;Low Liquidity",weekly_forming,59.17,61.67,62.11,-17.76,"[32.4, 21.45]","[9, 4]",0.9,17.0,strong,103
HNDFDS.NS,Hindustan Foods Limited,Conglomerates,Industrials,Industrials,False,Cash,1,Stage 2,Stage 2,Advancing,0.8,Price is above constructive weekly and long-term trend structure with improving relative strength.,,,2026-09-29,,Stage 2 - Advancing,37.05,Strong,Volume Drying Up,Volume Normal (0.87x vs 10W Avg),11.1,Outperformed Nifty by 11.1% in 3 Months,False,11.1,14.97,55922465.97,0.73,1.31,0.87,True,True,"Stage 2, Advancing, weekly_vcp_ok, volume_dryup, weekly_volume_dryup, weekly_strong, flags=Wide Risk",weekly_forming,61.51,61.51,678.94,-15.35,"[21.67, 14.07, 5.29]","[9, 4, 9]",0.95,32.0,strong,104
TI.NS,Tilaknagar Industries Limited,Consumer Defensive,Consumer Defensive,Consumer Defensive,False,Cash,1,Stage 2,Stage 2,Advancing,0.9,Price is above constructive weekly and long-term trend structure with improving relative strength.,,,2026-09-29,,Stage 2 - Advancing,35.19,Very Strong,Volume Drying Up,Volume Drying Up (0.75x vs 10W Avg),25.75,Outperformed Nifty by 25.75% in 3 Months,True,25.75,28.73,435535219.44,1.08,1.13,0.75,False,True,"Stage 2, Advancing, trend_template_ok, weekly_vcp_ok, weekly_volume_dryup, weekly_strong, flags=Loose Structure;Wide Risk;Low Liquidity",weekly_forming,61.45,61.45,594.45,-9.05,"[16.02, 7.54]","[7, 4]",0.9,14.0,strong,105
ANTHEM.NS,Anthem Biosciences Limited,Biotechnology,Healthcare,Healthcare,False,Cash,1,Stage 2,Stage 2,Advancing,0.8,Price is above constructive weekly and long-term trend structure with improving relative strength.,,,2026-09-29,,Stage 2 - Advancing,47.12,Very Strong,Volume Drying Up,Volume Drying Up (0.50x vs 10W Avg),17.72,Outperformed Nifty by 17.72% in 3 Months,True,17.72,27.73,775235664.87,1.22,0.22,0.5,False,True,"Stage 2, Advancing, trend_template_ok, weekly_vcp_ok, weekly_volume_dryup, weekly_strong, flags=Wide Risk;Low Liquidity",weekly_forming,58.55,61.05,979.26,-12.32,"[10.84, 9.93]","[3, 5]",0.9,10.0,strong,106
KSB.NS,Ksb Limited,Specialty Industrial Machinery,Industrials,Industrials,False,Cash,1,Not Sure,Stage 2,Pending Stage 2,0.55,Stage 2 pending confirmation: needs 3 raw Stage 2 runs; current count 1.,Stage 2 pending confirmation: needs 3 raw Stage 2 runs; current count 1.,,2026-08-04,Stage 2,Not Sure - Unclear,40.92,Neutral,Volume Expanding,Volume Expanding (7.87x vs 10W Avg),-1.61,Underperformed Nifty by 1.61% in 3 Months,True,-1.61,2.0,344333982.71,2.54,29.57,7.87,False,False,"Stage 2, Advancing, trend_template_ok, weekly_vcp_ok, weekly_strong, flags=Wide Risk;Low Liquidity | Stage 2 pending confirmation: needs 3 raw Stage 2 runs; current count 1.",weekly_forming,56.04,61.04,975.55,-12.24,"[26.7, 20.18]","[5, 6]",0.9,15.0,strong,107
IDFCFIRSTB.NS,IDFC First Bank Limited,Banks - Regional,Financial Services,Financial Services,True,F&O,1,Stage 2,Stage 2,Advancing,0.8,Price is above constructive weekly and long-term trend structure with improving relative strength.,,,2026-09-29,,Stage 2 - Advancing,38.74,Strong,Volume Normal,Volume Normal (1.40x vs 10W Avg),7.46,Outperformed Nifty by 7.46% in 3 Months,True,7.46,32.19,1922951108.61,1.34,1.23,1.4,False,False,"Stage 2, Advancing, trend_template_ok, weekly_vcp_ok, weekly_strong, flags=Wide Risk;Low Liquidity",weekly_forming,59.97,60.97,88.65,-8.14,"[32.61, 6.78]","[6, 5]",0.9,28.0,strong,108
MRPL.NS,Mangalore Refinery and Petrochemicals Limited,Oil & Gas Refining & Marketing,Energy,Energy,False,Cash,1,Stage 2,Stage 2,Advancing,0.8,Price is above constructive weekly and long-term trend structure with improving relative strength.,,,2026-09-29,,Stage 2 - Advancing,47.65,Strong,Volume Expanding,Volume Normal (1.32x vs 10W Avg),19.18,Outperformed Nifty by 19.18% in 3 Months,True,19.18,-6.89,2011150990.14,0.86,3.13,1.32,False,False,"Stage 2, Advancing, trend_template_ok, weekly_vcp_ok, weekly_strong, flags=Wide Risk;Low Liquidity",weekly_forming,58.33,60.83,212.37,-20.29,"[26.48, 26.55, 15.74]","[8, 4, 3]",0.95,33.0,strong,109
KARURVYSYA.NS,Karur Vysya Bank Limited,Banks - Regional,Financial Services,Financial Services,False,Cash,1,Stage 2,Stage 2,Advancing,0.8,Price is above constructive weekly and long-term trend structure with improving relative strength.,,,2026-09-29,,Stage 2 - Advancing,40.08,Very Strong,Volume Drying Up,Volume Drying Up (0.50x vs 10W Avg),14.42,Outperformed Nifty by 14.42% in 3 Months,True,14.42,23.62,535907120.63,1.07,2.09,0.5,False,True,"Stage 2, Advancing, trend_template_ok, weekly_vcp_ok, weekly_volume_dryup, weekly_strong, flags=Wide Risk;Low Liquidity",weekly_forming,59.8,60.8,359.28,-9.6,"[25.59, 16.48]","[4, 5]",0.9,15.0,strong,110
KRBL.NS,KRBL Limited,Packaged Foods,Consumer Defensive,Consumer Defensive,False,Cash,1,Stage 2,Stage 2,Advancing,0.8,Price is above constructive weekly and long-term trend structure with improving relative strength.,,,2026-09-29,,Stage 2 - Advancing,35.61,Strong,Volume Drying Up,Volume Drying Up (0.50x vs 10W Avg),9.97,Outperformed Nifty by 9.97% in 3 Months,True,9.97,22.5,160260239.08,0.5,0.31,0.5,True,True,"Stage 2, Advancing, trend_template_ok, weekly_vcp_ok, volume_dryup, weekly_volume_dryup, weekly_strong, flags=Wide Risk;Low Liquidity",weekly_forming,60.35,60.35,448.43,-14.9,"[30.68, 17.33, 14.75]","[6, 2, 4]",0.95,24.0,strong,111
CUB.NS,City Union Bank Limited,Banks - Regional,Financial Services,Financial Services,False,Cash,1,Stage 2,Stage 2,Advancing,0.8,Price is above constructive weekly and long-term trend structure with improving relative strength.,,,2026-09-29,,Stage 2 - Advancing,51.01,Strong,Volume Expanding,Volume Normal (1.32x vs 10W Avg),8.35,Outperformed Nifty by 8.35% in 3 Months,True,8.35,21.12,558494501.07,0.9,3.51,1.32,False,False,"Stage 2, Advancing, trend_template_ok, weekly_vcp_ok, weekly_strong, flags=Wide Risk;Low Liquidity",weekly_forming,58.95,59.95,249.29,-9.32,"[30.13, 18.57]","[6, 6]",0.9,18.0,strong,112
MANYAVAR.NS,Vedant Fashions Limited,Apparel Manufacturing,Consumer Cyclical,Consumer Cyclical,False,Cash,1,Stage 2,Stage 2,Advancing,0.8,Price is above constructive weekly and long-term trend structure with improving relative strength.,,,2026-09-29,,Stage 2 - Advancing,46.93,Very Strong,Volume Drying Up,Volume Drying Up (0.11x vs 10W Avg),41.68,Outperformed Nifty by 41.68% in 3 Months,True,41.68,42.12,200789801.41,0.25,0.27,0.11,True,True,"Stage 2, Advancing, trend_template_ok, weekly_vcp_ok, volume_dryup, weekly_volume_dryup, weekly_strong, flags=Loose Structure;Wide Risk;Low Liquidity",weekly_forming,59.6,59.6,596.44,-10.28,"[18.04, 10.08]","[4, 3]",0.9,8.0,strong,113
POLYMED.NS,Poly Medicure Limited,Healthcare,Healthcare,Healthcare,False,Cash,1,Stage 2,Stage 2,Advancing,0.8,Price is above constructive weekly and long-term trend structure with improving relative strength.,,,2026-09-29,,Stage 2 - Advancing,37.88,Strong,Volume Drying Up,Volume Normal (0.87x vs 10W Avg),6.17,Outperformed Nifty by 6.17% in 3 Months,False,6.17,19.37,183788509.44,0.7,0.86,0.87,True,True,"Stage 2, Advancing, daily_vcp_ok, weekly_vcp_ok, volume_dryup, weekly_volume_dryup, weekly_strong, flags=Wide Weekly Base;Wide Risk;Low Liquidity",weekly_forming,58.55,59.55,1913.13,-12.51,"[43.56, 23.98]","[20, 3]",0.9,29.0,strong,114
EPL.NS,EPL Limited,Consumer Cyclical,Consumer Cyclical,Consumer Cyclical,False,Cash,1,Stage 2,Stage 2,Advancing,0.8,Price is above constructive weekly and long-term trend structure with improving relative strength.,,,2026-09-29,,Stage 2 - Advancing,38.51,Strong,Volume Drying Up,Volume Drying Up (0.29x vs 10W Avg),4.87,Outperformed Nifty by 4.87% in 3 Months,True,4.87,9.48,628219415.5,0.36,0.41,0.29,True,True,"Stage 2, Advancing, trend_template_ok, weekly_vcp_ok, volume_dryup, weekly_volume_dryup, weekly_strong, flags=Wide Risk;Low Liquidity",weekly_forming,58.54,59.54,274.51,-13.66,"[22.63, 16.92, 10.38]","[4, 4, 3]",0.95,23.0,strong,115
IKS.NS,Inventurus Knowledge Solutions Limited,Healthcare,Healthcare,Healthcare,False,Cash,1,Stage 2,Stage 2,Advancing,0.8,Price is above constructive weekly and long-term trend structure with improving relative strength.,,,2026-09-29,,Stage 2 - Advancing,46.44,Strong,Volume Normal,Volume Normal (1.21x vs 10W Avg),-0.1,Underperformed Nifty by 0.1% in 3 Months,True,-0.1,22.48,407724159.61,1.82,0.79,1.21,False,False,"Stage 2, Advancing, trend_template_ok, weekly_vcp_ok, weekly_strong, flags=Wide Risk;Low Liquidity",weekly_forming,58.24,59.24,1936.38,-9.75,"[28.8, 12.76]","[6, 4]",0.9,25.0,strong,116
MANAPPURAM.NS,Manappuram Finance Limited,Credit Services,Financial Services,Financial Services,True,F&O,1,Stage 2,Stage 2,Advancing,0.8,Price is above constructive weekly and long-term trend structure with improving relative strength.,Stage 2 reclaimed after 3 confirmation runs.,,2026-09-29,,Stage 2 - Advancing,24.05,Neutral,Volume Drying Up,Volume Normal (1.08x vs 10W Avg),-1.68,Underperformed Nifty by 1.68% in 3 Months,False,-1.68,22.61,1394859215.75,0.79,0.69,1.08,True,False,"Stage 2, Advancing, weekly_vcp_ok, volume_dryup, weekly_strong, flags=Wide Risk;Low Liquidity",weekly_forming,58.09,59.09,381.12,-17.13,"[23.64, 15.4]","[11, 2]",0.9,22.0,strong,117
DEVYANI.NS,Devyani International Limited,Consumer Cyclical,Consumer Cyclical,Consumer Cyclical,False,Cash,1,Stage 2,Stage 2,Advancing,0.8,Price is above constructive weekly and long-term trend structure with improving relative strength.,,,2026-09-29,,Stage 2 - Advancing,31.82,Very Strong,Volume Drying Up,Volume Drying Up (0.38x vs 10W Avg),20.96,Outperformed Nifty by 20.96% in 3 Months,True,20.96,29.76,226302432.08,0.41,0.44,0.38,True,True,"Stage 2, Advancing, trend_template_ok, weekly_vcp_ok, volume_dryup, weekly_volume_dryup, weekly_strong, flags=Loose Structure;Wide Risk;Low Liquidity",weekly_forming,57.4,58.4,156.22,-16.6,"[31.34, 33.38, 18.89, 11.85]","[4, 7, 6, 5]",0.73,29.0,strong,118
ABCAPITAL.NS,Aditya Birla Capital Limited,Financial Services,Financial Services,Financial Services,True,F&O,1,Stage 2,Stage 2,Advancing,0.8,Price is above constructive weekly and long-term trend structure with improving relative strength.,,,2026-09-29,,Stage 2 - Advancing,39.68,Neutral,Volume Normal,Volume Normal (1.04x vs 10W Avg),-0.31,Underperformed Nifty by 0.31% in 3 Months,True,-0.31,22.06,970357938.45,0.95,1.28,1.04,False,False,"Stage 2, Advancing, trend_template_ok, weekly_vcp_ok, weekly_strong, flags=Wider Risk;Low Liquidity",weekly_forming,58.17,58.17,431.45,-11.79,"[22.02, 10.95]","[16, 5]",0.9,26.0,strong,119
PHOENIXLTD.NS,The Phoenix Mills Limited,Real Estate,Real Estate,Real Estate,True,F&O,1,Stage 2,Stage 2,Advancing,0.9,Price is above constructive weekly and long-term trend structure with improving relative strength.,,,2026-09-29,,Stage 2 - Advancing,45.17,Strong,Volume Normal,Volume Normal (0.85x vs 10W Avg),-1.19,Underperformed Nifty by 1.19% in 3 Months,True,-1.19,23.33,729504901.06,0.86,1.14,0.85,False,True,"Stage 2, Advancing, trend_template_ok, daily_vcp_ok, weekly_vcp_ok, weekly_volume_dryup, weekly_strong, flags=Low Liquidity",weekly_forming,56.41,57.41,2170.72,-10.86,"[17.92, 9.75]","[20, 4]",0.9,30.0,strong,120
BLACKBUCK.NS,BLACKBUCK LIMITED,Software - Application,Technology,Technology,False,Cash,1,Stage 1,Stage 1,Stage 1,0.68,Price is building a base around long-term weekly structure without a confirmed advancing phase.,,,,,Stage 1,29.74,Strong,Volume Drying Up,Volume Drying Up (0.84x vs 10W Avg),15.12,Outperformed Nifty by 15.12% in 3 Months,False,15.12,6.9,537532490.89,1.22,0.56,0.84,False,True,"Stage 1, Stage 1, stage1_base_ready, weekly_vcp_ok, weekly_volume_dryup, weekly_strong, flags=Wide Risk;Low Liquidity, stage1_not_actionable",weekly_watchlist,53.2,55.7,643.02,-5.46,"[21.14, 11.6]","[9, 6]",0.9,19.0,strong,121
TEXRAIL.NS,Texmaco Rail & Engineering Limited,Industrials,Industrials,Industrials,False,Cash,1,Stage 1,Stage 1,Stage 1,0.68,Price is building a base around long-term weekly structure without a confirmed advancing phase.,,,,,Stage 1,33.31,Very Strong,Volume Expanding,Volume Expanding (3.02x vs 10W Avg),16.33,Outperformed Nifty by 16.33% in 3 Months,False,16.33,45.02,462322363.22,1.94,5.62,3.02,False,False,"Stage 1, Stage 1, weekly_vcp_ok, weekly_strong, flags=Wide Weekly Base;Wider Risk;Low Liquidity, stage1_not_actionable, stage1_needs_more_base",weekly_watchlist,55.23,55.23,130.14,1.22,"[45.4, 23.25, 17.24]","[14, 3, 6]",0.95,34.0,strong,122
KOTAKBANK.NS,Kotak Mahindra Bank Limited,Banks - Regional,Financial Services,Financial Services,True,F&O,1,Stage 1,Stage 1,Stage 1,0.68,Price is building a base around long-term weekly structure without a confirmed advancing phase.,,,,,Stage 1,29.61,Very Strong,Volume Expanding,Volume Expanding (1.88x vs 10W Avg),16.35,Outperformed Nifty by 16.35% in 3 Months,False,16.35,13.8,5221921895.15,1.3,2.53,1.88,False,False,"Stage 1, Stage 1, stage1_base_ready, weekly_vcp_ok, weekly_strong, flags=Wider Risk;Low Liquidity, stage1_not_actionable",weekly_watchlist,54.01,55.01,429.85,-2.99,"[20.56, 10.97]","[7, 2]",0.9,21.0,strong,123
JSL.NS,Jindal Stainless Limited,Steel,Basic Materials,Basic Materials,False,Cash,1,Stage 1,Stage 1,Stage 1,0.68,Price is building a base around long-term weekly structure without a confirmed advancing phase.,,,,,Stage 1,26.22,Very Strong,Volume Normal,Volume Normal (1.43x vs 10W Avg),13.68,Outperformed Nifty by 13.68% in 3 Months,False,13.68,2.87,972858227.18,1.58,0.87,1.43,False,False,"Stage 1, Stage 1, weekly_vcp_ok, weekly_strong, flags=Wider Risk;Low Liquidity, stage1_not_actionable, stage1_needs_more_base",weekly_watchlist,49.65,54.65,795.39,-6.03,"[18.65, 7.42]","[7, 6]",0.9,19.0,strong,124
JSWSTEEL.NS,JSW Steel Limited,Steel,Basic Materials,Basic Materials,True,F&O,1,Stage 1,Stage 1,Stage 1,0.64,Price is building a base around long-term weekly structure without a confirmed advancing phase.,,,2026-09-02,,Stage 1,26.48,Very Strong,Volume Normal,Volume Normal (0.87x vs 10W Avg),8.2,Outperformed Nifty by 8.2% in 3 Months,False,8.2,8.14,1650260032.13,0.91,0.86,0.87,False,True,"Stage 1, Stage 1, weekly_vcp_ok, weekly_volume_dryup, weekly_strong, flags=Low Liquidity, stage1_not_actionable, stage1_needs_more_base",weekly_watchlist,49.63,54.63,1351.0,-7.22,"[14.18, 8.83]","[4, 5]",0.9,18.0,strong,125
JINDALSTEL.NS,JINDAL STEEL LIMITED,Steel,Basic Materials,Basic Materials,True,F&O,1,Stage 1,Stage 1,Stage 1,0.64,Price is building a base around long-term weekly structure without a confirmed advancing phase.,,,2026-08-31,,Stage 1,28.02,Strong,Volume Expanding,Volume Normal (0.98x vs 10W Avg),14.11,Outperformed Nifty by 14.11% in 3 Months,False,14.11,-3.97,820154028.32,1.01,2.03,0.98,False,False,"Stage 1, Stage 1, weekly_vcp_ok, weekly_strong, flags=Wide Risk;Low Liquidity, stage1_not_actionable, stage1_needs_more_base",weekly_watchlist,49.01,54.01,1198.49,-5.31,"[22.67, 11.57]","[12, 2]",0.9,20.0,strong,126
BOROLTD.NS,Borosil Limited,"Furnishings, Fixtures & Appliances",Consumer Cyclical,Consumer Cyclical,False,Cash,1,Stage 1,Stage 1,Stage 1,0.68,Price is building a base around long-term weekly structure without a confirmed advancing phase.,,,,,Stage 1,20.52,Very Strong,Volume Expanding,Volume Expanding (1.56x vs 10W Avg),29.08,Outperformed Nifty by 29.08% in 3 Months,False,29.08,22.02,103972057.41,0.82,1.08,1.56,True,False,"Stage 1, Stage 1, weekly_vcp_ok, volume_dryup, weekly_strong, flags=Wide Weekly Base;Wide Risk;Low Liquidity, stage1_not_actionable, stage1_needs_more_base",weekly_watchlist,53.11,53.11,289.51,1.34,"[41.19, 20.06]","[20, 5]",0.9,28.0,strong,127
GODREJAGRO.NS,Godrej Agrovet Limited,Packaged Foods,Consumer Defensive,Consumer Defensive,False,Cash,1,Failed Stage 2,Stage 1,Failed Stage 2,0.72,"This stock was recently Stage 2, but the latest structure no longer satisfies Stage 2 rules. It is kept as Failed Stage 2 until a fresh base/repair structure forms.",Recent Stage 2 break; public stage held as Failed Stage 2.,2026-09-30,2026-09-29,,Failed Stage 2,27.07,Strong,Volume Drying Up,Volume Drying Up (0.48x vs 10W Avg),18.69,Outperformed Nifty by 18.69% in 3 Months,False,18.69,9.44,156773036.37,0.37,0.15,0.48,True,True,"Stage 1, Stage 1, weekly_vcp_ok, volume_dryup, weekly_volume_dryup, weekly_strong, flags=Wider Risk;Low Liquidity, stage1_not_actionable, stage1_needs_more_base | Stage 2 failed state applied from stage memory.",weekly_watchlist,51.91,51.91,619.07,0.72,"[19.17, 12.91, 7.35]","[7, 11, 3]",0.95,25.0,strong,128
KIRIINDUS.NS,Kiri Industries Limited,Specialty Chemicals,Basic Materials,Basic Materials,False,Cash,1,Stage 1,Stage 1,Stage 1,0.68,Price is building a base around long-term weekly structure without a confirmed advancing phase.,,,,,Stage 1,15.21,Very Strong,Volume Drying Up,Volume Drying Up (0.64x vs 10W Avg),48.19,Outperformed Nifty by 48.19% in 3 Months,False,48.19,41.57,801482537.72,0.61,0.24,0.64,True,True,"Stage 1, Stage 1, weekly_vcp_ok, volume_dryup, weekly_volume_dryup, weekly_strong, flags=Wide Weekly Base;Loose Structure;Wide Risk;Low Liquidity, stage1_not_actionable, stage1_needs_more_base",weekly_watchlist,49.1,51.6,439.77,23.09,"[47.05, 14.34, 12.26]","[17, 2, 4]",0.95,31.0,strong,129
PVRINOX.NS,PVR INOX Limited,Communication Services,Communication Services,Communication Services,False,Cash,1,Stage 2,Stage 2,Advancing,0.9,Price is above constructive weekly and long-term trend structure with improving relative strength.,,,2026-09-29,,Stage 2 - Advancing,34.1,Very Strong,Volume Normal,Volume Normal (0.97x vs 10W Avg),29.35,Outperformed Nifty by 29.35% in 3 Months,True,29.35,30.01,895468148.3,0.9,1.06,0.97,False,False,"Stage 2, Advancing, trend_template_ok, weekly_vcp_ok, flags=Loose Structure;Wide Risk;Low Liquidity",weekly_forming,48.24,50.74,1111.94,11.76,"[26.97, 14.21, 15.84]","[14, 3, 4]",0.55,32.0,moderate,130
BOSCH-HCIL.NS,BOSCH HOME COMFORT INDIA LIMITED,"Furnishings, Fixtures & Appliances",Consumer Cyclical,Consumer Cyclical,False,Cash,1,Stage 2,Stage 2,Advancing,0.9,Price is above constructive weekly and long-term trend structure with improving relative strength.,,,2026-09-29,,Stage 2 - Advancing,38.13,Very Strong,Volume Expanding,Volume Expanding (1.78x vs 10W Avg),45.66,Outperformed Nifty by 45.66% in 3 Months,True,45.66,60.38,93249213.13,0.99,1.49,1.78,False,False,"Stage 2, Advancing, trend_template_ok, weekly_vcp_ok, flags=Loose Structure;Wide Risk;Low Liquidity",weekly_forming,50.3,50.3,1501.62,24.98,"[27.84, 30.17, 9.94]","[10, 7, 5]",0.55,35.0,moderate,131
MANORAMA.NS,Manorama Industries Limited,Packaged Foods,Consumer Defensive,Consumer Defensive,False,Cash,1,Stage 2,Stage 2,Advancing,0.9,Price is above constructive weekly and long-term trend structure with improving relative strength.,,,2026-09-29,,Stage 2 - Advancing,36.16,Very Strong,Volume Drying Up,Volume Drying Up (0.25x vs 10W Avg),24.42,Outperformed Nifty by 24.42% in 3 Months,True,24.42,50.53,434772685.2,0.24,0.51,0.25,True,True,"Stage 2, Advancing, trend_template_ok, weekly_vcp_ok, volume_dryup, weekly_volume_dryup, flags=Loose Structure;Wide Risk;Low Liquidity",weekly_forming,49.79,49.79,1678.99,10.35,"[23.63, 26.25, 21.4]","[7, 7, 2]",0.55,24.0,moderate,132
PETRONET.NS,Petronet LNG Limited,Oil & Gas Refining & Marketing,Energy,Energy,True,F&O,1,Stage 3,Stage 3,Early,0.68,"Prior strength has shifted into a Stage 3 transition based on trend, relative strength, and volume evidence.",,,2026-08-31,,Stage 3 Early,30.25,Very Strong,Volume Normal,Volume Normal (1.15x vs 10W Avg),10.07,Outperformed Nifty by 10.07% in 3 Months,False,10.07,11.53,452846619.29,1.06,1.37,1.15,False,False,"Stage 3, Early, weekly_vcp_ok, weekly_strong, flags=Low Liquidity, distribution_or_weakening_risk",weekly_watchlist,47.26,49.76,301.13,-5.52,"[27.9, 9.27, 9.1]","[4, 2, 5]",0.95,21.0,strong,133
RSYSTEMS.NS,R Systems International Limited,Information Technology Services,Technology,Technology,False,Cash,1,Not Sure,Not Sure,Not Sure,0.0,Stage rules did not identify a reliable structure.,No confident stage classification.,,,,Not Sure - Unclear,39.23,Strong,Volume Expanding,Volume Expanding (111.07x vs 10W Avg),33.93,Outperformed Nifty by 33.93% in 3 Months,False,33.93,4.92,2056800456.54,4.64,2.81,111.07,False,False,"Not Sure, Unclear, weekly_vcp_ok, weekly_strong, flags=Wide Risk",weekly_watchlist,49.69,49.69,283.9,-1.41,"[32.16, 28.8]","[3, 13]",0.9,17.0,strong,134
KOLTEPATIL.NS,Kolte - Patil Developers Limited,Real Estate,Real Estate,Real Estate,False,Cash,1,Stage 2,Stage 2,Advancing,0.8,Price is above constructive weekly and long-term trend structure with improving relative strength.,,,2026-09-29,,Stage 2 - Advancing,32.69,Very Strong,Volume Drying Up,Volume Drying Up (0.08x vs 10W Avg),22.9,Outperformed Nifty by 22.9% in 3 Months,True,22.9,35.53,49104193.65,0.14,0.26,0.08,True,True,"Stage 2, Advancing, trend_template_ok, weekly_vcp_ok, volume_dryup, weekly_volume_dryup, flags=Wide Risk;Low Liquidity",weekly_forming,48.14,49.14,555.57,-23.53,"[27.66, 13.97, 14.75]","[13, 3, 3]",0.55,23.0,moderate,135
ETHOSLTD.NS,Ethos Limited,Luxury Goods,Consumer Cyclical,Consumer Cyclical,False,Cash,1,Failed Stage 2,Stage 1,Failed Stage 2,0.72,"This stock was recently Stage 2, but the latest structure no longer satisfies Stage 2 rules. It is kept as Failed Stage 2 until a fresh base/repair structure forms.",Recent Stage 2 break; public stage held as Failed Stage 2.,2026-09-30,2026-09-24,,Failed Stage 2,21.0,Strong,Volume Drying Up,Volume Drying Up (0.69x vs 10W Avg),8.5,Outperformed Nifty by 8.5% in 3 Months,False,8.5,12.72,123088470.84,0.56,0.32,0.69,True,True,"Stage 1, Stage 1, weekly_vcp_ok, volume_dryup, weekly_volume_dryup, weekly_strong, flags=Wide Weekly Base;Wide Risk, stage1_not_actionable, stage1_needs_more_base | Stage 2 failed state applied from stage memory.",weekly_watchlist,43.92,48.92,3095.81,-18.04,"[40.87, 22.0]","[16, 4]",0.9,25.0,strong,136
BALUFORGE.NS,Balu Forge Industries Limited,Metal Fabrication,Industrials,Industrials,False,Cash,1,Failed Stage 2,Stage 1,Failed Stage 2,0.72,"This stock was recently Stage 2, but the latest structure no longer satisfies Stage 2 rules. It is kept as Failed Stage 2 until a fresh base/repair structure forms.",Recent Stage 2 break; public stage held as Failed Stage 2.,2026-09-30,2026-09-23,,Failed Stage 2,10.14,Strong,Volume Drying Up,Volume Drying Up (0.28x vs 10W Avg),14.65,Outperformed Nifty by 14.65% in 3 Months,False,14.65,9.01,468635778.77,0.36,0.17,0.28,True,True,"Stage 1, Stage 1, weekly_vcp_ok, volume_dryup, weekly_volume_dryup, weekly_strong, flags=Wide Weekly Base;Loose Structure;Wide Risk;Low Liquidity, stage1_not_actionable, stage1_needs_more_base | Stage 2 failed state applied from stage memory.",weekly_watchlist,43.47,48.47,570.73,-13.03,"[48.87, 27.07, 25.85]","[6, 6, 11]",0.95,31.0,strong,137
MEDANTA.NS,Global Health Limited,Medical Care Facilities,Healthcare,Healthcare,False,Cash,1,Stage 2,Stage 2,Advancing,0.8,Price is above constructive weekly and long-term trend structure with improving relative strength.,,,2026-09-29,,Stage 2 - Advancing,44.76,Strong,Volume Drying Up,Volume Drying Up (0.79x vs 10W Avg),7.89,Outperformed Nifty by 7.89% in 3 Months,True,7.89,35.2,376680775.96,0.86,1.69,0.79,False,True,"Stage 2, Advancing, trend_template_ok, weekly_vcp_ok, weekly_volume_dryup, flags=Wide Risk",weekly_forming,48.41,48.41,1546.7,-11.75,"[18.54, 19.64, 9.78]","[3, 6, 3]",0.55,21.0,moderate,138
SAPPHIRE.NS,Sapphire Foods India Limited,Consumer Cyclical,Consumer Cyclical,Consumer Cyclical,False,Cash,1,Failed Stage 2,Stage 1,Failed Stage 2,0.72,"This stock was recently Stage 2, but the latest structure no longer satisfies Stage 2 rules. It is kept as Failed Stage 2 until a fresh base/repair structure forms.",Recent Stage 2 break; public stage held as Failed Stage 2.,2026-09-30,2026-09-23,,Failed Stage 2,10.74,Strong,Volume Drying Up,Volume Drying Up (0.54x vs 10W Avg),21.75,Outperformed Nifty by 21.75% in 3 Months,False,21.75,32.47,188759975.39,0.54,0.43,0.54,True,True,"Stage 1, Stage 1, weekly_vcp_ok, volume_dryup, weekly_volume_dryup, weekly_strong, flags=Wide Weekly Base;Loose Structure;Wide Risk;Low Liquidity, stage1_not_actionable, stage1_needs_more_base | Stage 2 failed state applied from stage memory.",weekly_watchlist,46.52,47.52,259.23,-18.19,"[38.88, 23.66, 11.35]","[7, 6, 4]",0.95,23.0,strong,139
LLOYDSENGG.NS,LLOYDS ENGINEERING WORKS LIMITED,Specialty Industrial Machinery,Industrials,Industrials,False,Cash,1,Stage 2,Stage 2,Extended,0.78,"Weekly advancing structure remains intact, but price is stretched versus key moving averages.",,,2026-09-29,,Stage 2 - Extended,34.42,Very Strong,Volume Expanding,Volume Expanding (3.01x vs 10W Avg),16.24,Outperformed Nifty by 16.24% in 3 Months,True,16.24,115.14,1089004863.65,1.75,2.22,3.01,False,False,"Stage 2, Extended, trend_template_ok, flags=Extended;Wide Risk;Low Liquidity",weekly_watchlist,42.4,47.4,99.65,-1.01,"[30.57, 33.79]","[5, 7]",0.1,14.0,weak,140
STYLEBAAZA.NS,Baazar Style Retail Limited,Consumer Cyclical,Consumer Cyclical,Consumer Cyclical,False,Cash,1,Stage 2,Stage 2,Advancing,0.9,Price is above constructive weekly and long-term trend structure with improving relative strength.,,,2026-09-29,,Stage 2 - Advancing,17.42,Very Strong,Volume Expanding,Volume Expanding (1.79x vs 10W Avg),27.56,Outperformed Nifty by 27.56% in 3 Months,True,27.56,34.01,471093784.5,1.47,1.21,1.79,False,False,"Stage 2, Advancing, trend_template_ok, weekly_vcp_ok, flags=Wide Weekly Base;Loose Structure;Wide Risk;Circuit Risk;Low Liquidity",weekly_forming,46.06,47.06,447.88,-14.1,"[32.15, 36.57, 29.61]","[9, 6, 2]",0.55,33.0,moderate,141
CLEAN.NS,Clean Science and Technology Limited,Specialty Chemicals,Basic Materials,Basic Materials,False,Cash,1,Stage 1,Stage 1,Stage 1,0.64,Price is building a base around long-term weekly structure without a confirmed advancing phase.,,,,,Stage 1,20.22,Strong,Volume Drying Up,Volume Drying Up (0.58x vs 10W Avg),7.48,Outperformed Nifty by 7.48% in 3 Months,False,7.48,13.96,270738385.31,0.71,0.76,0.58,True,True,"Stage 1, Stage 1, stage1_base_ready, weekly_vcp_ok, volume_dryup, weekly_volume_dryup, weekly_strong, flags=Wider Risk;Low Liquidity, stage1_not_actionable",weekly_watchlist,44.34,46.84,873.3,-9.04,"[18.7, 16.26]","[2, 4]",0.9,11.0,strong,142
SUNPHARMA.NS,Sun Pharmaceutical Industries Limited,Drug Manufacturers - Specialty & Generic,Healthcare,Healthcare,True,F&O,1,Stage 1,Stage 1,Stage 1,0.64,Price is building a base around long-term weekly structure without a confirmed advancing phase.,,,2026-08-31,,Stage 1,27.84,Strong,Volume Normal,Volume Normal (0.96x vs 10W Avg),2.02,Outperformed Nifty by 2.02% in 3 Months,False,2.02,4.72,2734257871.27,0.94,1.61,0.96,False,False,"Stage 1, Stage 1, weekly_vcp_ok, weekly_strong, flags=Wider Risk;Low Liquidity, stage1_not_actionable, stage1_needs_more_base",weekly_watchlist,41.77,46.77,2050.48,-11.41,"[12.34, 12.45, 8.34]","[3, 6, 2]",0.95,21.0,strong,143
PNB.NS,Punjab National Bank,Banks - Regional,Financial Services,Financial Services,True,F&O,1,Stage 3,Stage 3,Early,0.68,"Prior strength has shifted into a Stage 3 transition based on trend, relative strength, and volume evidence.",,,,,Stage 3 Early,31.37,Strong,Volume Normal,Volume Normal (0.99x vs 10W Avg),15.21,Outperformed Nifty by 15.21% in 3 Months,False,15.21,9.96,1472885141.44,1.07,1.23,0.99,False,False,"Stage 3, Early, weekly_vcp_ok, weekly_strong, flags=Low Liquidity, distribution_or_weakening_risk",weekly_watchlist,45.72,46.72,119.5,-5.39,"[14.79, 8.85]","[4, 3]",0.9,11.0,strong,144
HERITGFOOD.NS,Heritage Foods Limited,Packaged Foods,Consumer Defensive,Consumer Defensive,False,Cash,1,Stage 1,Stage 1,Stage 1,0.68,Price is building a base around long-term weekly structure without a confirmed advancing phase.,,,,,Stage 1,30.02,Very Strong,Volume Drying Up,Volume Drying Up (0.36x vs 10W Avg),28.2,Outperformed Nifty by 28.2% in 3 Months,False,28.2,27.45,277544128.01,0.55,0.25,0.36,True,True,"Stage 1, Stage 1, weekly_vcp_ok, volume_dryup, weekly_volume_dryup, weekly_strong, flags=Wide Weekly Base;Wide Risk;Low Liquidity, stage1_not_actionable, stage1_needs_more_base",weekly_watchlist,46.66,46.66,379.0,6.07,"[41.93, 18.26, 10.13]","[22, 4, 2]",0.95,36.0,strong,145
CYIENT.NS,Cyient Limited,Conglomerates,Industrials,Industrials,False,Cash,1,Stage 1,Stage 1,Stage 1,0.68,Price is building a base around long-term weekly structure without a confirmed advancing phase.,,,,,Stage 1,17.5,Very Strong,Volume Drying Up,Volume Drying Up (0.73x vs 10W Avg),33.32,Outperformed Nifty by 33.32% in 3 Months,False,33.32,30.95,495768734.52,0.55,1.85,0.73,True,True,"Stage 1, Stage 1, weekly_vcp_ok, volume_dryup, weekly_volume_dryup, weekly_strong, flags=Wide Weekly Base;Loose Structure;Wide Risk;Low Liquidity, stage1_not_actionable, stage1_needs_more_base",weekly_watchlist,46.43,46.43,991.23,11.04,"[37.19, 12.61]","[17, 8]",0.9,33.0,strong,146
JMFINANCIL.NS,JM Financial Limited,Capital Markets,Financial Services,Financial Services,False,Cash,1,Stage 1,Stage 1,Stage 1,0.68,Price is building a base around long-term weekly structure without a confirmed advancing phase.,,,,,Stage 1,27.21,Strong,Volume Drying Up,Volume Drying Up (0.83x vs 10W Avg),4.42,Outperformed Nifty by 4.42% in 3 Months,False,4.42,7.29,311049317.5,0.8,0.91,0.83,True,True,"Stage 1, Stage 1, stage1_base_ready, weekly_vcp_ok, volume_dryup, weekly_volume_dryup, weekly_strong, flags=Wider Risk;Low Liquidity, stage1_not_actionable",weekly_watchlist,46.37,46.37,145.23,-11.16,"[23.38, 22.71, 22.21, 11.66]","[5, 6, 4, 4]",1.0,31.0,strong,147
LUMAXIND.NS,Lumax Industries Limited,Auto Parts,Consumer Cyclical,Consumer Cyclical,False,Cash,1,Failed Stage 2,Stage 1,Failed Stage 2,0.72,"This stock was recently Stage 2, but the latest structure no longer satisfies Stage 2 rules. It is kept as Failed Stage 2 until a fresh base/repair structure forms.",Recent Stage 2 break; public stage held as Failed Stage 2.,2026-09-30,2026-09-29,,Failed Stage 2,18.13,Very Strong,Volume Drying Up,Volume Drying Up (0.58x vs 10W Avg),11.58,Outperformed Nifty by 11.58% in 3 Months,False,11.58,14.47,78801594.83,0.48,0.75,0.58,True,True,"Stage 1, Stage 1, weekly_vcp_ok, volume_dryup, weekly_volume_dryup, weekly_strong, flags=Wide Risk;Low Liquidity, stage1_not_actionable, stage1_needs_more_base | Stage 2 failed state applied from stage memory.",weekly_watchlist,43.7,46.2,6621.07,-15.9,"[33.38, 17.15, 9.13]","[7, 4, 2]",0.95,23.0,strong,148
ELLEN.NS,Ellenbarrie Industrial Gases Limited,Chemicals,Basic Materials,Basic Materials,False,Cash,1,Failed Stage 2,Stage 1,Failed Stage 2,0.72,"This stock was recently Stage 2, but the latest structure no longer satisfies Stage 2 rules. It is kept as Failed Stage 2 until a fresh base/repair structure forms.",Recent Stage 2 break; public stage held as Failed Stage 2.,2026-09-30,2026-09-29,,Failed Stage 2,18.16,Very Strong,Volume Expanding,Volume Expanding (2.79x vs 10W Avg),44.02,Outperformed Nifty by 44.02% in 3 Months,False,44.02,71.27,550937621.86,1.62,1.96,2.79,False,False,"Stage 1, Stage 1, weekly_vcp_ok, weekly_strong, flags=Loose Structure;Wide Risk;Low Liquidity, stage1_not_actionable, stage1_needs_more_base | Stage 2 failed state applied from stage memory.",weekly_watchlist,43.6,46.1,391.28,-8.79,"[22.69, 14.56]","[3, 3]",0.9,8.0,strong,149
INGERRAND.NS,Ingersoll Rand (India) Limited,Specialty Industrial Machinery,Industrials,Industrials,False,Cash,1,Failed Stage 2,Stage 1,Failed Stage 2,0.72,"This stock was recently Stage 2, but the latest structure no longer satisfies Stage 2 rules. It is kept as Failed Stage 2 until a fresh base/repair structure forms.",Recent Stage 2 break; public stage held as Failed Stage 2.,2026-09-30,2026-09-15,,Failed Stage 2,14.98,Neutral,Volume Drying Up,Volume Drying Up (0.46x vs 10W Avg),0.26,Outperformed Nifty by 0.26% in 3 Months,False,0.26,10.71,89483226.47,0.76,1.08,0.46,True,True,"Stage 1, Stage 1, weekly_vcp_ok, volume_dryup, weekly_volume_dryup, weekly_strong, flags=Wide Risk;Low Liquidity, stage1_not_actionable, stage1_needs_more_base | Stage 2 failed state applied from stage memory.",weekly_watchlist,41.1,46.1,4963.67,-16.51,"[19.65, 10.59]","[4, 4]",0.9,14.0,strong,150
CASTROLIND.NS,Castrol India Limited,Oil & Gas Refining & Marketing,Energy,Energy,False,Cash,1,Stage 1,Stage 1,Stage 1,0.68,Price is building a base around long-term weekly structure without a confirmed advancing phase.,,,,,Stage 1,27.57,Very Strong,Volume Expanding,Volume Expanding (2.02x vs 10W Avg),19.3,Outperformed Nifty by 19.3% in 3 Months,False,19.3,14.83,719697069.17,1.75,0.87,2.02,False,False,"Stage 1, Stage 1, weekly_vcp_ok, weekly_strong, flags=Low Liquidity, stage1_not_actionable, stage1_needs_more_base",weekly_watchlist,43.41,45.91,182.92,9.62,"[10.74, 7.94]","[4, 5]",0.9,13.0,strong,151
NUVOCO.NS,Nuvoco Vistas Corporation Limited,Building Materials,Basic Materials,Basic Materials,False,Cash,1,Not Sure,Stage 1,Pending Stage 1,0.55,Blocked public stage jump Stage 3 -> Stage 1; waiting for intermediate/confirmed structure.,Blocked public stage jump Stage 3 -> Stage 1; waiting for intermediate/confirmed structure.,,,Stage 1,Not Sure - Unclear,31.28,Very Strong,Volume Drying Up,Volume Drying Up (0.59x vs 10W Avg),13.01,Outperformed Nifty by 13.01% in 3 Months,False,13.01,14.33,123385446.17,0.86,0.57,0.59,False,True,"Stage 1, Stage 1, stage1_base_ready, weekly_vcp_ok, weekly_volume_dryup, weekly_strong, flags=Wider Risk;Low Liquidity, stage1_not_actionable | Blocked public stage jump Stage 3 -> Stage 1; waiting for intermediate/confirmed structure.",weekly_watchlist,45.73,45.73,398.7,-15.27,"[23.64, 17.92]","[6, 2]",0.9,17.0,strong,152
PNGJL.NS,P N Gadgil Jewellers Limited,Luxury Goods,Consumer Cyclical,Consumer Cyclical,False,Cash,1,Stage 1,Stage 1,Stage 1,0.64,Price is building a base around long-term weekly structure without a confirmed advancing phase.,,,,,Stage 1,17.9,Strong,Volume Drying Up,Volume Drying Up (0.77x vs 10W Avg),8.59,Outperformed Nifty by 8.59% in 3 Months,False,8.59,-2.79,255943707.19,0.61,0.54,0.77,True,True,"Stage 1, Stage 1, weekly_vcp_ok, volume_dryup, weekly_volume_dryup, weekly_strong, flags=Wider Risk;Low Liquidity, stage1_not_actionable, stage1_needs_more_base",weekly_watchlist,40.58,45.58,718.25,-17.84,"[30.88, 21.46]","[2, 5]",0.9,17.0,strong,153
SCHAEFFLER.NS,Schaeffler India Limited,Auto Parts,Consumer Cyclical,Consumer Cyclical,False,Cash,1,Stage 1,Stage 1,Stage 1,0.64,Price is building a base around long-term weekly structure without a confirmed advancing phase.,,,,,Stage 1,25.02,Strong,Volume Drying Up,Volume Drying Up (0.84x vs 10W Avg),1.01,Outperformed Nifty by 1.01% in 3 Months,False,1.01,4.72,202319092.89,1.05,1.25,0.84,False,True,"Stage 1, Stage 1, weekly_vcp_ok, weekly_volume_dryup, weekly_strong, flags=Wide Risk;Low Liquidity, stage1_not_actionable, stage1_needs_more_base",weekly_watchlist,42.77,45.27,4445.0,-12.33,"[19.85, 17.39, 14.26, 10.81]","[11, 5, 6, 4]",1.0,37.0,strong,154
CRISIL.NS,CRISIL Limited,Financial Services,Financial Services,Financial Services,False,Cash,1,Failed Stage 2,Stage 1,Failed Stage 2,0.72,"This stock was recently Stage 2, but the latest structure no longer satisfies Stage 2 rules. It is kept as Failed Stage 2 until a fresh base/repair structure forms.",Recent Stage 2 break; public stage held as Failed Stage 2.,2026-09-30,2026-09-28,,Failed Stage 2,39.89,Very Strong,Volume Normal,Volume Normal (0.86x vs 10W Avg),17.85,Outperformed Nifty by 17.85% in 3 Months,False,17.85,16.08,242412109.7,0.89,0.67,0.86,False,True,"Stage 1, Stage 1, weekly_vcp_ok, weekly_volume_dryup, weekly_strong, flags=Wider Risk, stage1_not_actionable, stage1_needs_more_base | Stage 2 failed state applied from stage memory.",weekly_watchlist,45.19,45.19,4880.53,-8.8,"[23.79, 15.26]","[8, 7]",0.9,18.0,strong,155
ENDURANCE.NS,Endurance Technologies Limited,Auto Parts,Consumer Cyclical,Consumer Cyclical,False,Cash,1,Failed Stage 2,Stage 1,Failed Stage 2,0.72,"This stock was recently Stage 2, but the latest structure no longer satisfies Stage 2 rules. It is kept as Failed Stage 2 until a fresh base/repair structure forms.",Recent Stage 2 break; public stage held as Failed Stage 2.,2026-09-30,2026-09-21,,Failed Stage 2,21.11,Strong,Volume Drying Up,Volume Drying Up (0.80x vs 10W Avg),7.53,Outperformed Nifty by 7.53% in 3 Months,False,7.53,18.99,224378575.22,0.78,1.43,0.8,True,True,"Stage 1, Stage 1, weekly_vcp_ok, volume_dryup, weekly_volume_dryup, weekly_strong, flags=Wider Risk;Low Liquidity, stage1_not_actionable, stage1_needs_more_base | Stage 2 failed state applied from stage memory.",weekly_watchlist,42.65,45.15,3077.38,-13.68,"[20.76, 9.72]","[5, 7]",0.9,21.0,strong,156
VGUARD.NS,V-Guard Industries Limited,Electrical Equipment & Parts,Industrials,Industrials,False,Cash,1,Stage 1,Stage 1,Stage 1,0.64,Price is building a base around long-term weekly structure without a confirmed advancing phase.,,,,,Stage 1,16.86,Weak,Volume Drying Up,Volume Drying Up (0.29x vs 10W Avg),4.28,Outperformed Nifty by 4.28% in 3 Months,False,4.28,-9.38,129690057.07,0.26,2.22,0.29,True,True,"Stage 1, Stage 1, weekly_vcp_ok, volume_dryup, weekly_volume_dryup, weekly_strong, flags=Wide Risk;Low Liquidity, stage1_not_actionable, stage1_needs_more_base",weekly_watchlist,40.0,45.0,350.61,-15.45,"[18.64, 13.27]","[4, 18]",0.9,24.0,strong,157
ALKEM.NS,Alkem Laboratories Limited,Drug Manufacturers - Specialty & Generic,Healthcare,Healthcare,True,F&O,1,Stage 1,Stage 1,Stage 1,0.64,Price is building a base around long-term weekly structure without a confirmed advancing phase.,,,,,Stage 1,14.09,Neutral,Volume Normal,Volume Normal (1.07x vs 10W Avg),-0.8,Underperformed Nifty by 0.8% in 3 Months,False,-0.8,-1.29,758647115.9,1.18,1.08,1.07,False,False,"Stage 1, Stage 1, weekly_vcp_ok, weekly_strong, flags=Wide Risk;Low Liquidity, stage1_not_actionable, stage1_needs_more_base",weekly_watchlist,40.0,45.0,5882.27,-12.22,"[13.51, 11.77]","[7, 20]",0.9,30.0,strong,158
AGARWALEYE.NS,Dr. Agarwal's Health Care Limited,Healthcare,Healthcare,Healthcare,False,Cash,1,Failed Stage 2,Stage 1,Failed Stage 2,0.72,"This stock was recently Stage 2, but the latest structure no longer satisfies Stage 2 rules. It is kept as Failed Stage 2 until a fresh base/repair structure forms.",Recent Stage 2 break; public stage held as Failed Stage 2.,2026-09-30,2026-09-14,,Failed Stage 2,37.98,Strong,Volume Drying Up,Volume Drying Up (0.28x vs 10W Avg),7.16,Outperformed Nifty by 7.16% in 3 Months,False,7.16,13.65,157313199.22,0.22,0.54,0.28,True,True,"Stage 1, Stage 1, weekly_vcp_ok, volume_dryup, weekly_volume_dryup, weekly_strong, flags=Wider Risk, stage1_not_actionable, stage1_needs_more_base | Stage 2 failed state applied from stage memory.",weekly_watchlist,43.88,44.88,568.74,-15.73,"[23.88, 6.97]","[12, 8]",0.9,23.0,strong,159
HEROMOTOCO.NS,Hero MotoCorp Limited,Auto Manufacturers,Consumer Cyclical,Consumer Cyclical,True,F&O,1,Stage 1,Stage 1,Stage 1,0.64,Price is building a base around long-term weekly structure without a confirmed advancing phase.,,,,,Stage 1,19.78,Strong,Volume Drying Up,Volume Drying Up (0.71x vs 10W Avg),14.36,Outperformed Nifty by 14.36% in 3 Months,False,14.36,3.99,2387449727.1,0.74,1.12,0.71,True,True,"Stage 1, Stage 1, weekly_vcp_ok, volume_dryup, weekly_volume_dryup, weekly_strong, flags=Wider Risk;Low Liquidity, stage1_not_actionable, stage1_needs_more_base",weekly_watchlist,41.84,44.34,5947.39,-11.88,"[16.03, 14.42]","[5, 8]",0.9,18.0,strong,160
FEDFINA.NS,Fedbank Financial Services Limited,Credit Services,Financial Services,Financial Services,False,Cash,1,Failed Stage 2,Stage 1,Failed Stage 2,0.72,"This stock was recently Stage 2, but the latest structure no longer satisfies Stage 2 rules. It is kept as Failed Stage 2 until a fresh base/repair structure forms.",Recent Stage 2 break; public stage held as Failed Stage 2.,2026-09-30,2026-09-25,,Failed Stage 2,30.36,Strong,Volume Normal,Volume Normal (1.08x vs 10W Avg),5.49,Outperformed Nifty by 5.49% in 3 Months,False,5.49,9.8,134148685.34,0.98,0.66,1.08,False,False,"Stage 1, Stage 1, weekly_vcp_ok, weekly_strong, flags=Wider Risk, stage1_not_actionable, stage1_needs_more_base | Stage 2 failed state applied from stage memory.",weekly_watchlist,43.33,44.33,174.71,-13.59,"[33.29, 10.4]","[8, 9]",0.9,24.0,strong,161
HONAUT.NS,Honeywell Automation India Limited,Electrical Equipment & Parts,Industrials,Industrials,False,Cash,1,Stage 3,Stage 3,Early,0.68,"Prior strength has shifted into a Stage 3 transition based on trend, relative strength, and volume evidence.",,,2026-09-08,,Stage 3 Early,27.19,Weak,Volume Expanding,Volume Expanding (1.52x vs 10W Avg),-8.28,Underperformed Nifty by 8.28% in 3 Months,False,-8.28,23.51,145196465.75,1.19,0.45,1.52,False,False,"Stage 3, Early, weekly_vcp_ok, weekly_strong, flags=Wider Risk, distribution_or_weakening_risk",weekly_watchlist,39.32,44.32,41567.62,-19.5,"[24.32, 15.41]","[8, 3]",0.9,14.0,strong,162
DATAMATICS.NS,Datamatics Global Services Limited,Information Technology Services,Technology,Technology,False,Cash,1,Stage 2,Stage 2,Advancing,0.9,Price is above constructive weekly and long-term trend structure with improving relative strength.,Stage 2 reclaimed after 3 confirmation runs.,,2026-09-29,,Stage 2 - Advancing,31.66,Strong,Volume Normal,Volume Normal (1.33x vs 10W Avg),3.5,Outperformed Nifty by 3.5% in 3 Months,True,3.5,14.97,129386826.15,0.98,1.2,1.33,False,False,"Stage 2, Advancing, trend_template_ok, weekly_vcp_ok, flags=Wider Risk;Low Liquidity",weekly_forming,44.15,44.15,913.71,-11.84,"[26.65, 28.51, 11.94]","[5, 6, 18]",0.55,37.0,moderate,163
EICHERMOT.NS,Eicher Motors Limited,Auto Manufacturers,Consumer Cyclical,Consumer Cyclical,True,F&O,1,Stage 1,Stage 1,Stage 1,0.64,Price is building a base around long-term weekly structure without a confirmed advancing phase.,,,2026-09-01,,Stage 1,15.98,Neutral,Volume Drying Up,Volume Normal (0.89x vs 10W Avg),3.5,Outperformed Nifty by 3.5% in 3 Months,False,3.5,8.08,2604177022.05,0.78,1.09,0.89,True,True,"Stage 1, Stage 1, weekly_vcp_ok, volume_dryup, weekly_volume_dryup, weekly_strong, flags=Wide Risk;Low Liquidity, stage1_not_actionable, stage1_needs_more_base",weekly_watchlist,41.16,43.66,8179.29,-12.58,"[11.5, 9.19]","[4, 6]",0.9,19.0,strong,164
UNIONBANK.NS,Union Bank of India,Banks - Regional,Financial Services,Financial Services,True,F&O,1,Failed Stage 2,Stage 1,Failed Stage 2,0.72,"This stock was recently Stage 2, but the latest structure no longer satisfies Stage 2 rules. It is kept as Failed Stage 2 until a fresh base/repair structure forms.",Recent Stage 2 break; public stage held as Failed Stage 2.,2026-09-30,2026-09-25,,Failed Stage 2,15.69,Neutral,Volume Expanding,Volume Normal (1.07x vs 10W Avg),12.96,Outperformed Nifty by 12.96% in 3 Months,False,12.96,1.13,1415634381.77,0.86,2.18,1.07,False,False,"Stage 1, Stage 1, weekly_vcp_ok, weekly_strong, flags=Wide Risk;Low Liquidity, stage1_not_actionable, stage1_needs_more_base | Stage 2 failed state applied from stage memory.",weekly_watchlist,42.51,43.51,192.67,-11.25,"[20.64, 20.76, 11.02]","[5, 4, 3]",0.95,19.0,strong,165
EMBDL.NS,Embassy Developments Limited,Real Estate,Real Estate,Real Estate,False,Cash,1,Not Sure,Stage 1,Pending Stage 1,0.55,Blocked public stage jump Stage 4 -> Stage 1; waiting for intermediate/confirmed structure.,Blocked public stage jump Stage 4 -> Stage 1; waiting for intermediate/confirmed structure.,,,Stage 1,Not Sure - Unclear,4.98,Strong,Volume Drying Up,Volume Drying Up (0.75x vs 10W Avg),0.15,Outperformed Nifty by 0.15% in 3 Months,False,0.15,20.73,151706290.89,1.21,0.71,0.75,False,True,"Stage 1, Stage 1, weekly_vcp_ok, weekly_volume_dryup, weekly_strong, flags=Wide Weekly Base;Wider Risk;Low Liquidity, stage1_not_actionable, stage1_needs_more_base | Blocked public stage jump Stage 4 -> Stage 1; waiting for intermediate/confirmed structure.",weekly_watchlist,42.49,43.49,76.1,-23.12,"[42.4, 44.33, 27.13, 11.62]","[9, 7, 3, 3]",1.0,39.0,strong,166
BRIGADE.NS,Brigade Enterprises Limited,Real Estate,Real Estate,Real Estate,False,Cash,1,Failed Stage 2,Stage 1,Failed Stage 2,0.72,"This stock was recently Stage 2, but the latest structure no longer satisfies Stage 2 rules. It is kept as Failed Stage 2 until a fresh base/repair structure forms.",Recent Stage 2 break; public stage held as Failed Stage 2.,2026-09-30,2026-09-25,,Failed Stage 2,16.17,Strong,Volume Drying Up,Volume Drying Up (0.53x vs 10W Avg),14.22,Outperformed Nifty by 14.22% in 3 Months,False,14.22,10.01,437741758.05,0.55,0.88,0.53,True,True,"Stage 1, Stage 1, weekly_vcp_ok, volume_dryup, weekly_volume_dryup, weekly_strong, flags=Loose Structure;Wide Risk;Low Liquidity, stage1_not_actionable, stage1_needs_more_base | Stage 2 failed state applied from stage memory.",weekly_watchlist,42.42,43.42,736.29,-21.87,"[33.59, 21.99]","[11, 5]",0.9,22.0,strong,167
JUBLINGREA.NS,Jubilant Ingrevia Limited,Specialty Chemicals,Basic Materials,Basic Materials,False,Cash,1,Not Sure,Stage 1,Pending Stage 1,0.55,Failed Stage 2 -> Stage 1 needs 3 confirmation runs; current count 1.,Failed Stage 2 -> Stage 1 needs 3 confirmation runs; current count 1.,,2026-09-08,Stage 1,Not Sure - Unclear,17.8,Neutral,Volume Expanding,Volume Normal (1.09x vs 10W Avg),1.7,Outperformed Nifty by 1.7% in 3 Months,False,1.7,6.85,189107853.77,1.34,2.01,1.09,False,False,"Stage 1, Stage 1, weekly_vcp_ok, weekly_strong, flags=Wide Risk;Low Liquidity, stage1_not_actionable, stage1_needs_more_base | Failed Stage 2 -> Stage 1 needs 3 confirmation runs; current count 1.",weekly_watchlist,40.86,43.36,793.72,-17.7,"[30.59, 22.03]","[9, 6]",0.9,25.0,strong,168
BECTORFOOD.NS,Mrs. Bectors Food Specialities Limited,Packaged Foods,Consumer Defensive,Consumer Defensive,False,Cash,1,Failed Stage 2,Stage 1,Failed Stage 2,0.72,"This stock was recently Stage 2, but the latest structure no longer satisfies Stage 2 rules. It is kept as Failed Stage 2 until a fresh base/repair structure forms.",Recent Stage 2 break; public stage held as Failed Stage 2.,2026-09-30,2026-09-25,,Failed Stage 2,12.36,Strong,Volume Drying Up,Volume Drying Up (0.12x vs 10W Avg),23.76,Outperformed Nifty by 23.76% in 3 Months,False,23.76,8.68,233187645.5,0.39,0.68,0.12,True,True,"Stage 1, Stage 1, weekly_vcp_ok, volume_dryup, weekly_volume_dryup, weekly_strong, flags=Loose Structure;Wide Risk;Low Liquidity, stage1_not_actionable, stage1_needs_more_base | Stage 2 failed state applied from stage memory.",weekly_watchlist,43.24,43.24,265.51,-22.13,"[32.13, 22.71]","[6, 12]",0.9,23.0,strong,169
RHIM.NS,RHI MAGNESITA INDIA LIMITED,Metal Fabrication,Industrials,Industrials,False,Cash,1,Not Sure,Not Sure,Not Sure,0.0,Stage rules did not identify a reliable structure.,No confident stage classification.,,,,Not Sure - Unclear,23.62,Strong,Volume Drying Up,Volume Drying Up (0.61x vs 10W Avg),7.52,Outperformed Nifty by 7.52% in 3 Months,False,7.52,3.88,403501043.87,2.47,0.61,0.61,False,True,"Not Sure, Unclear, weekly_vcp_ok, weekly_volume_dryup, weekly_strong, flags=Low Liquidity",weekly_watchlist,38.24,43.24,441.64,-12.86,"[34.06, 20.8, 16.55]","[6, 2, 3]",0.95,28.0,strong,170
BASF.NS,BASF India Limited,Specialty Chemicals,Basic Materials,Basic Materials,False,Cash,1,Stage 1,Stage 1,Stage 1,0.64,Price is building a base around long-term weekly structure without a confirmed advancing phase.,,,,,Stage 1,16.09,Neutral,Volume Drying Up,Volume Drying Up (0.29x vs 10W Avg),2.14,Outperformed Nifty by 2.14% in 3 Months,False,2.14,3.28,70475980.75,0.47,0.59,0.29,True,True,"Stage 1, Stage 1, weekly_vcp_ok, volume_dryup, weekly_volume_dryup, weekly_strong, flags=Wide Risk;Low Liquidity, stage1_not_actionable, stage1_needs_more_base",weekly_watchlist,40.54,43.04,4257.44,-19.02,"[21.16, 20.72]","[6, 5]",0.9,17.0,strong,171
WHIRLPOOL.NS,Whirlpool of India Limited,"Furnishings, Fixtures & Appliances",Consumer Cyclical,Consumer Cyclical,False,Cash,1,Stage 1,Stage 1,Stage 1,0.68,Price is building a base around long-term weekly structure without a confirmed advancing phase.,,,,,Stage 1,17.5,Strong,Volume Expanding,Volume Expanding (6.59x vs 10W Avg),18.64,Outperformed Nifty by 18.64% in 3 Months,False,18.64,7.76,2639382392.58,3.8,1.49,6.59,False,False,"Stage 1, Stage 1, weekly_vcp_ok, weekly_strong, flags=Loose Structure;Wider Risk;Low Liquidity, stage1_not_actionable, stage1_needs_more_base",weekly_watchlist,42.64,42.64,855.09,4.11,"[25.81, 9.81]","[6, 7]",0.9,16.0,strong,172
SHRIRAMFIN.NS,Shriram Finance Limited,Credit Services,Financial Services,Financial Services,True,F&O,1,Failed Stage 2,Stage 1,Failed Stage 2,0.72,"This stock was recently Stage 2, but the latest structure no longer satisfies Stage 2 rules. It is kept as Failed Stage 2 until a fresh base/repair structure forms.",Recent Stage 2 break; public stage held as Failed Stage 2.,2026-09-30,2026-09-23,,Failed Stage 2,11.38,Weak,Volume Normal,Volume Normal (1.05x vs 10W Avg),-0.69,Underperformed Nifty by 0.69% in 3 Months,False,-0.69,4.9,3963466412.56,0.92,1.45,1.05,False,False,"Stage 1, Stage 1, weekly_vcp_ok, weekly_strong, flags=Wide Risk;Low Liquidity, stage1_not_actionable, stage1_needs_more_base | Stage 2 failed state applied from stage memory.",weekly_watchlist,41.52,42.52,1155.72,-14.97,"[22.07, 17.28, 8.68]","[5, 7, 2]",0.95,21.0,strong,173
SWARAJENG.NS,Swaraj Engines Limited,Auto Parts,Consumer Cyclical,Consumer Cyclical,False,Cash,1,Not Sure,Stage 1,Pending Stage 1,0.55,Blocked public stage jump Stage 4 -> Stage 1; waiting for intermediate/confirmed structure.,Blocked public stage jump Stage 4 -> Stage 1; waiting for intermediate/confirmed structure.,,,Stage 1,Not Sure - Unclear,18.57,Neutral,Volume Drying Up,Volume Drying Up (0.70x vs 10W Avg),-0.33,Underperformed Nifty by 0.33% in 3 Months,False,-0.33,-1.26,27316360.58,0.9,0.67,0.7,False,True,"Stage 1, Stage 1, weekly_vcp_ok, weekly_volume_dryup, weekly_strong, flags=Low Liquidity, stage1_not_actionable, stage1_needs_more_base | Blocked public stage jump Stage 4 -> Stage 1; waiting for intermediate/confirmed structure.",weekly_watchlist,40.0,42.5,4014.62,-11.67,"[17.23, 12.64]","[5, 9]",0.9,20.0,strong,174
ANURAS.NS,Anupam Rasayan India Limited,Specialty Chemicals,Basic Materials,Basic Materials,False,Cash,1,Stage 1,Stage 1,Stage 1,0.64,Price is building a base around long-term weekly structure without a confirmed advancing phase.,,,,,Stage 1,15.33,Weak,Volume Drying Up,Volume Drying Up (0.46x vs 10W Avg),-0.03,Underperformed Nifty by 0.03% in 3 Months,False,-0.03,-6.21,670514501.91,2.39,0.28,0.46,False,True,"Stage 1, Stage 1, weekly_vcp_ok, weekly_volume_dryup, weekly_strong, flags=Low Liquidity, stage1_not_actionable, stage1_needs_more_base",weekly_watchlist,40.0,42.5,1415.68,-16.58,"[17.39, 15.74]","[3, 15]",0.9,27.0,strong,175
ATUL.NS,Atul Limited,Specialty Chemicals,Basic Materials,Basic Materials,False,Cash,1,Stage 1,Stage 1,Stage 1,0.64,Price is building a base around long-term weekly structure without a confirmed advancing phase.,,,,,Stage 1,13.82,Weak,Volume Drying Up,Volume Drying Up (0.60x vs 10W Avg),-1.18,Underperformed Nifty by 1.18% in 3 Months,False,-1.18,-5.59,175651114.95,0.63,2.24,0.6,True,True,"Stage 1, Stage 1, weekly_vcp_ok, volume_dryup, weekly_volume_dryup, weekly_strong, flags=Wider Risk;Low Liquidity, stage1_not_actionable, stage1_needs_more_base",weekly_watchlist,40.0,42.5,7157.27,-17.35,"[13.42, 13.08]","[5, 2]",0.9,23.0,strong,176
GUFICBIO.NS,Gufic Biosciences Limited,Drug Manufacturers - Specialty & Generic,Healthcare,Healthcare,False,Cash,1,Stage 2,Stage 2,Advancing,0.9,Price is above constructive weekly and long-term trend structure with improving relative strength.,,,2026-09-29,,Stage 2 - Advancing,46.41,Very Strong,Volume Drying Up,Volume Normal (0.88x vs 10W Avg),17.61,Outperformed Nifty by 17.61% in 3 Months,True,17.61,47.6,54380881.38,0.71,1.33,0.88,True,True,"Stage 2, Advancing, trend_template_ok, volume_dryup, weekly_volume_dryup, flags=Wide Risk",weekly_watchlist,37.32,42.32,468.62,-7.81,[11.8],[9],0.0,9.0,weak,177
SAGILITY.NS,SAGILITY LIMITED,Healthcare,Healthcare,Healthcare,False,Cash,1,Stage 1,Stage 1,Stage 1,0.64,Price is building a base around long-term weekly structure without a confirmed advancing phase.,,,,,Stage 1,27.23,Strong,Volume Drying Up,Volume Drying Up (0.43x vs 10W Avg),11.97,Outperformed Nifty by 11.97% in 3 Months,False,11.97,0.56,548777472.58,0.5,0.56,0.43,True,True,"Stage 1, Stage 1, weekly_vcp_ok, volume_dryup, weekly_volume_dryup, weekly_strong, flags=Wider Risk;Low Liquidity, stage1_not_actionable, stage1_needs_more_base",weekly_watchlist,41.25,42.25,47.57,-10.5,"[34.01, 12.01]","[9, 10]",0.9,21.0,strong,178
BHARTIHEXA.NS,Bharti Hexacom Limited,Telecom Services,Communication Services,Communication Services,False,Cash,1,Stage 1,Stage 1,Stage 1,0.64,Price is building a base around long-term weekly structure without a confirmed advancing phase.,,,,,Stage 1,12.09,Weak,Volume Drying Up,Volume Drying Up (0.74x vs 10W Avg),4.98,Outperformed Nifty by 4.98% in 3 Months,False,4.98,-6.7,128067666.87,0.87,1.33,0.74,False,True,"Stage 1, Stage 1, weekly_vcp_ok, weekly_volume_dryup, weekly_strong, flags=Wide Risk;Low Liquidity, stage1_not_actionable, stage1_needs_more_base",weekly_watchlist,42.2,42.2,1662.74,-14.33,"[17.69, 17.44, 11.89, 10.97]","[4, 7, 6, 2]",1.0,32.0,strong,179
BAJFINANCE.NS,Bajaj Finance Limited,Credit Services,Financial Services,Financial Services,True,F&O,1,Failed Stage 2,Stage 1,Failed Stage 2,0.72,"This stock was recently Stage 2, but the latest structure no longer satisfies Stage 2 rules. It is kept as Failed Stage 2 until a fresh base/repair structure forms.",Recent Stage 2 break; public stage held as Failed Stage 2.,2026-09-30,2026-09-25,,Failed Stage 2,16.89,Neutral,Volume Normal,Volume Normal (1.19x vs 10W Avg),0.03,Outperformed Nifty by 0.03% in 3 Months,False,0.03,11.59,6121659091.94,1.03,1.21,1.19,False,False,"Stage 1, Stage 1, weekly_vcp_ok, weekly_strong, flags=Wide Risk;Low Liquidity, stage1_not_actionable, stage1_needs_more_base | Stage 2 failed state applied from stage memory.",weekly_watchlist,41.16,42.16,1178.46,-18.59,"[24.67, 13.28]","[4, 4]",0.9,14.0,strong,180
SHYAMMETL.NS,Shyam Metalics and Energy Limited,Steel,Basic Materials,Basic Materials,False,Cash,1,Stage 2,Stage 2,Advancing,0.9,Price is above constructive weekly and long-term trend structure with improving relative strength.,,,2026-09-29,,Stage 2 - Advancing,43.69,Very Strong,Volume Normal,Volume Normal (1.01x vs 10W Avg),18.4,Outperformed Nifty by 18.4% in 3 Months,True,18.4,28.86,566568629.89,1.61,0.42,1.01,False,False,"Stage 2, Advancing, trend_template_ok, flags=Wider Risk;Low Liquidity",weekly_watchlist,37.13,42.13,1112.94,-4.31,"[9.65, 10.62]","[5, 3]",0.1,10.0,weak,181
JINDALPOLY.NS,Jindal Poly Films Limited,Consumer Cyclical,Consumer Cyclical,Consumer Cyclical,False,Cash,1,Stage 1,Stage 1,Stage 1,0.64,Price is building a base around long-term weekly structure without a confirmed advancing phase.,,,,,Stage 1,15.21,Strong,Volume Drying Up,Volume Drying Up (0.28x vs 10W Avg),13.89,Outperformed Nifty by 13.89% in 3 Months,False,13.89,-22.31,38325163.19,0.47,0.13,0.28,True,True,"Stage 1, Stage 1, weekly_vcp_ok, volume_dryup, weekly_volume_dryup, weekly_strong, flags=Wide Weekly Base;Wide Risk;Low Liquidity, stage1_not_actionable, stage1_needs_more_base",weekly_watchlist,41.1,42.1,776.36,-13.37,"[35.22, 21.81, 17.38]","[6, 2, 3]",0.95,20.0,strong,182
TECHM.NS,Tech Mahindra Limited,Information Technology Services,Technology,Technology,True,F&O,1,Stage 1,Stage 1,Stage 1,0.64,Price is building a base around long-term weekly structure without a confirmed advancing phase.,,,2026-09-02,,Stage 1,21.8,Strong,Volume Drying Up,Volume Normal (0.89x vs 10W Avg),15.15,Outperformed Nifty by 15.15% in 3 Months,False,15.15,4.83,2617352860.76,0.82,1.57,0.89,True,True,"Stage 1, Stage 1, weekly_vcp_ok, volume_dryup, weekly_volume_dryup, weekly_strong, flags=Wider Risk;Low Liquidity, stage1_not_actionable, stage1_needs_more_base",weekly_watchlist,42.0,42.0,1689.55,-9.8,"[15.42, 11.18]","[2, 6]",0.9,14.0,strong,183
PRECWIRE.NS,Precision Wires India Limited,Electrical Equipment & Parts,Industrials,Industrials,False,Cash,1,Stage 2,Stage 2,Extended,0.78,"Weekly advancing structure remains intact, but price is stretched versus key moving averages.",,,2026-09-29,,Stage 2 - Extended,27.62,Very Strong,Volume Drying Up,Volume Drying Up (0.77x vs 10W Avg),34.99,Outperformed Nifty by 34.99% in 3 Months,True,34.99,66.75,309167304.91,0.86,0.32,0.77,False,True,"Stage 2, Extended, trend_template_ok, weekly_volume_dryup, flags=Loose Structure;Extended;Wide Risk;Low Liquidity",weekly_watchlist,37.0,42.0,525.82,-6.35,[24.64],[9],0.0,9.0,weak,184
HINDZINC.NS,Hindustan Zinc Limited,Basic Materials,Basic Materials,Basic Materials,True,F&O,1,Stage 1,Stage 1,Stage 1,0.64,Price is building a base around long-term weekly structure without a confirmed advancing phase.,,,2026-08-12,,Stage 1,23.0,Strong,Volume Drying Up,Volume Drying Up (0.68x vs 10W Avg),11.55,Outperformed Nifty by 11.55% in 3 Months,False,11.55,5.68,2442664885.95,0.75,0.49,0.68,True,True,"Stage 1, Stage 1, weekly_vcp_ok, volume_dryup, weekly_volume_dryup, weekly_strong, flags=Wider Risk;Low Liquidity, stage1_not_actionable, stage1_needs_more_base",weekly_watchlist,41.72,41.72,679.44,-16.7,"[33.97, 24.08]","[8, 9]",0.9,24.0,strong,185
TEJASNET.NS,Tejas Networks Limited,Communication Equipment,Technology,Technology,False,Cash,1,Failed Stage 2,Stage 3,Failed Stage 2,0.72,"This stock was recently Stage 2, but the latest structure no longer satisfies Stage 2 rules. It is kept as Failed Stage 2 until a fresh base/repair structure forms.",Recent Stage 2 break; public stage held as Failed Stage 2.,2026-09-30,2026-09-23,,Failed Stage 2,18.26,Weak,Volume Drying Up,Volume Drying Up (0.34x vs 10W Avg),-7.9,Underperformed Nifty by 7.9% in 3 Months,False,-7.9,14.81,1841610406.71,0.36,0.23,0.34,True,True,"Stage 3, Early, weekly_vcp_ok, volume_dryup, weekly_volume_dryup, weekly_strong, flags=Wide Risk;Low Liquidity, distribution_or_weakening_risk | Stage 2 failed state applied from stage memory.",weekly_watchlist,36.69,41.69,645.88,-24.72,"[27.73, 12.06]","[4, 11]",0.9,20.0,strong,186
LTFOODS.NS,LT Foods Limited,Packaged Foods,Consumer Defensive,Consumer Defensive,False,Cash,1,Failed Stage 2,Stage 1,Failed Stage 2,0.72,"This stock was recently Stage 2, but the latest structure no longer satisfies Stage 2 rules. It is kept as Failed Stage 2 until a fresh base/repair structure forms.",Recent Stage 2 break; public stage held as Failed Stage 2.,2026-09-30,2026-09-25,,Failed Stage 2,22.45,Neutral,Volume Drying Up,Volume Drying Up (0.22x vs 10W Avg),12.67,Outperformed Nifty by 12.67% in 3 Months,False,12.67,3.03,184576871.98,0.23,0.18,0.22,True,True,"Stage 1, Stage 1, weekly_vcp_ok, volume_dryup, weekly_volume_dryup, weekly_strong, flags=Wide Risk;Low Liquidity, stage1_not_actionable, stage1_needs_more_base | Stage 2 failed state applied from stage memory.",weekly_watchlist,41.57,41.57,490.39,-18.35,"[23.91, 17.24]","[4, 5]",0.9,14.0,strong,187
GMRP&UI.NS,GMR Power and Urban Infra Limited,Energy,Energy,Energy,False,Cash,1,Not Sure,Not Sure,Not Sure,0.0,Stage rules did not identify a reliable structure.,No confident stage classification.,,,,Not Sure - Unclear,27.63,Strong,Volume Expanding,Volume Expanding (2.03x vs 10W Avg),11.99,Outperformed Nifty by 11.99% in 3 Months,False,11.99,6.97,164945894.5,1.54,2.08,2.03,False,False,"Not Sure, Unclear, weekly_vcp_ok, weekly_strong, flags=Wider Risk;Low Liquidity",weekly_watchlist,39.0,41.5,123.22,-14.47,"[28.6, 27.64, 15.73]","[8, 5, 6]",0.95,41.0,strong,188
MARICO.NS,Marico Limited,Household & Personal Products,Consumer Defensive,Consumer Defensive,True,F&O,1,Stage 1,Stage 1,Stage 1,0.64,Price is building a base around long-term weekly structure without a confirmed advancing phase.,,,2026-08-04,,Stage 1,16.37,Neutral,Volume Drying Up,Volume Drying Up (0.78x vs 10W Avg),1.01,Outperformed Nifty by 1.01% in 3 Months,False,1.01,3.53,1233622425.44,0.87,1.55,0.78,False,True,"Stage 1, Stage 1, weekly_vcp_ok, weekly_volume_dryup, weekly_strong, flags=Wider Risk;Low Liquidity, stage1_not_actionable, stage1_needs_more_base",weekly_watchlist,40.45,41.45,890.66,-11.75,"[11.06, 6.36]","[4, 3]",0.9,14.0,strong,189
PGEL.NS,PG Electroplast Limited,Electronic Components,Technology,Technology,True,F&O,1,Stage 3,Stage 3,Early,0.68,"Prior strength has shifted into a Stage 3 transition based on trend, relative strength, and volume evidence.",,,2026-09-04,,Stage 3 Early,6.89,Weak,Volume Drying Up,Volume Drying Up (0.61x vs 10W Avg),-6.65,Underperformed Nifty by 6.65% in 3 Months,False,-6.65,10.74,436232898.19,0.55,0.92,0.61,True,True,"Stage 3, Early, weekly_vcp_ok, volume_dryup, weekly_volume_dryup, weekly_strong, flags=Wide Risk;Low Liquidity, distribution_or_weakening_risk",weekly_watchlist,36.41,41.41,644.77,-23.47,"[31.21, 21.86]","[6, 4]",0.9,12.0,strong,190
PTC.NS,PTC India Limited,Utilities,Utilities,Utilities,False,Cash,1,Stage 1,Stage 1,Stage 1,0.64,Price is building a base around long-term weekly structure without a confirmed advancing phase.,,,2026-08-11,,Stage 1,21.63,Strong,Volume Drying Up,Volume Drying Up (0.55x vs 10W Avg),7.16,Outperformed Nifty by 7.16% in 3 Months,False,7.16,6.48,175349318.72,0.54,0.84,0.55,True,True,"Stage 1, Stage 1, weekly_vcp_ok, volume_dryup, weekly_volume_dryup, weekly_strong, flags=Wide Risk;Low Liquidity, stage1_not_actionable, stage1_needs_more_base",weekly_watchlist,41.36,41.36,181.42,-14.25,"[28.63, 17.03]","[11, 4]",0.9,17.0,strong,191
WONDERLA.NS,Wonderla Holidays Limited,Consumer Cyclical,Consumer Cyclical,Consumer Cyclical,False,Cash,1,Stage 1,Stage 1,Stage 1,0.64,Price is building a base around long-term weekly structure without a confirmed advancing phase.,,,,,Stage 1,19.25,Strong,Volume Drying Up,Volume Drying Up (0.35x vs 10W Avg),7.42,Outperformed Nifty by 7.42% in 3 Months,False,7.42,-4.38,25616348.27,0.37,0.23,0.35,True,True,"Stage 1, Stage 1, weekly_vcp_ok, volume_dryup, weekly_volume_dryup, weekly_strong, flags=Wider Risk;Low Liquidity, stage1_not_actionable, stage1_needs_more_base",weekly_watchlist,40.3,41.3,555.97,-10.01,"[19.37, 9.48]","[8, 3]",0.9,14.0,strong,192
PRINCEPIPE.NS,Prince Pipes And Fittings Limited,Building Products & Equipment,Industrials,Industrials,False,Cash,1,Failed Stage 2,Stage 1,Failed Stage 2,0.72,"This stock was recently Stage 2, but the latest structure no longer satisfies Stage 2 rules. It is kept as Failed Stage 2 until a fresh base/repair structure forms.",Recent Stage 2 break; public stage held as Failed Stage 2.,2026-09-30,2026-09-23,,Failed Stage 2,15.92,Neutral,Volume Drying Up,Volume Drying Up (0.39x vs 10W Avg),1.03,Outperformed Nifty by 1.03% in 3 Months,False,1.03,11.67,35583213.05,0.51,0.35,0.39,True,True,"Stage 1, Stage 1, weekly_vcp_ok, volume_dryup, weekly_volume_dryup, weekly_strong, flags=Wide Risk;Low Liquidity, stage1_not_actionable, stage1_needs_more_base | Stage 2 failed state applied from stage memory.",weekly_watchlist,41.27,41.27,301.97,-15.31,"[27.38, 15.02]","[7, 9]",0.9,23.0,strong,193
RPSGVENT.NS,RPSG VENTURES LIMITED,Information Technology Services,Technology,Technology,False,Cash,1,Failed Stage 2,Stage 1,Failed Stage 2,0.72,"This stock was recently Stage 2, but the latest structure no longer satisfies Stage 2 rules. It is kept as Failed Stage 2 until a fresh base/repair structure forms.",Recent Stage 2 break; public stage held as Failed Stage 2.,2026-09-30,2026-09-09,,Failed Stage 2,18.14,Neutral,Volume Normal,Volume Normal (1.17x vs 10W Avg),9.29,Outperformed Nifty by 9.29% in 3 Months,False,9.29,-25.12,26111485.04,0.87,1.5,1.17,False,False,"Stage 1, Stage 1, weekly_vcp_ok, weekly_strong, flags=Wide Risk;Low Liquidity, stage1_not_actionable, stage1_needs_more_base | Stage 2 failed state applied from stage memory.",weekly_watchlist,41.1,41.1,1097.37,-22.5,"[31.96, 24.45, 17.2]","[3, 7, 6]",0.95,22.0,strong,194
MPHASIS.NS,MphasiS Limited,Information Technology Services,Technology,Technology,True,F&O,1,Not Sure,Stage 1,Pending Stage 1,0.55,Blocked public stage jump Stage 4 -> Stage 1; waiting for intermediate/confirmed structure.,Blocked public stage jump Stage 4 -> Stage 1; waiting for intermediate/confirmed structure.,,,Stage 1,Not Sure - Unclear,16.91,Neutral,Volume Drying Up,Volume Drying Up (0.72x vs 10W Avg),2.68,Outperformed Nifty by 2.68% in 3 Months,False,2.68,-6.27,826480833.87,0.73,1.83,0.72,True,True,"Stage 1, Stage 1, weekly_vcp_ok, volume_dryup, weekly_volume_dryup, weekly_strong, flags=Wide Risk;Low Liquidity, stage1_not_actionable, stage1_needs_more_base | Blocked public stage jump Stage 4 -> Stage 1; waiting for intermediate/confirmed structure.",weekly_watchlist,41.1,41.1,2561.37,-15.89,"[32.2, 16.76, 12.73]","[17, 5, 4]",0.95,30.0,strong,195
INDIANB.NS,Indian Bank,Banks - Regional,Financial Services,Financial Services,True,F&O,1,Stage 1,Stage 1,Stage 1,0.64,Price is building a base around long-term weekly structure without a confirmed advancing phase.,,,2026-09-07,,Stage 1,21.25,Weak,Volume Drying Up,Volume Drying Up (0.79x vs 10W Avg),9.21,Outperformed Nifty by 9.21% in 3 Months,False,9.21,-10.37,806518512.69,0.76,1.15,0.79,True,True,"Stage 1, Stage 1, weekly_vcp_ok, volume_dryup, weekly_volume_dryup, weekly_strong, flags=Wide Risk;Low Liquidity, stage1_not_actionable, stage1_needs_more_base",weekly_watchlist,40.0,41.0,908.29,-11.27,"[19.94, 13.07]","[4, 3]",0.9,12.0,strong,196
VSTTILLERS.NS,V.S.T Tillers Tractors Limited,Farm & Heavy Construction Machinery,Industrials,Industrials,False,Cash,1,Stage 4,Stage 4,Stage 4,0.86,Price is below the 30-week trend and below long-term support structure.,,,,,Stage 4,13.84,Weak,Volume Normal,Volume Normal (1.32x vs 10W Avg),4.43,Outperformed Nifty by 4.43% in 3 Months,False,4.43,-13.17,39350264.13,1.27,0.88,1.32,False,False,"Stage 4, Stage 4, weekly_vcp_ok, weekly_strong, flags=Wider Risk;Low Liquidity, downtrend",weekly_watchlist,40.0,41.0,4687.98,-6.36,"[25.82, 21.42]","[6, 9]",0.9,16.0,strong,197
RPTECH.NS,Rashi Peripherals Limited,Technology,Technology,Technology,False,Cash,1,Stage 2,Stage 2,Extended,0.78,"Weekly advancing structure remains intact, but price is stretched versus key moving averages.",,,2026-09-29,,Stage 2 - Extended,36.35,Very Strong,Volume Drying Up,Volume Normal (1.11x vs 10W Avg),32.36,Outperformed Nifty by 32.36% in 3 Months,True,32.36,157.63,335014148.74,0.81,3.41,1.11,True,False,"Stage 2, Extended, trend_template_ok, volume_dryup, flags=Loose Structure;Extended;Wider Risk;Low Liquidity",weekly_watchlist,35.8,40.8,967.17,-1.41,[13.23],[8],0.0,8.0,weak,198
FINCABLES.NS,Finolex Cables Limited,Electrical Equipment & Parts,Industrials,Industrials,False,Cash,1,Stage 2,Stage 2,Extended,0.78,"Weekly advancing structure remains intact, but price is stretched versus key moving averages.",,,2026-09-29,,Stage 2 - Extended,33.95,Very Strong,Volume Drying Up,Volume Drying Up (0.43x vs 10W Avg),41.17,Outperformed Nifty by 41.17% in 3 Months,True,41.17,78.92,1700292071.62,0.56,0.44,0.43,True,True,"Stage 2, Extended, trend_template_ok, volume_dryup, weekly_volume_dryup, flags=Loose Structure;Extended;Wide Risk;Low Liquidity",weekly_watchlist,35.8,40.8,1500.62,-3.35,[19.29],[8],0.0,8.0,weak,199
APOLLO.NS,Apollo Micro Systems Limited,Aerospace & Defense,Industrials,Industrials,False,Cash,1,Stage 2,Stage 2,Advancing,0.9,Price is above constructive weekly and long-term trend structure with improving relative strength.,,,2026-09-29,,Stage 2 - Advancing,30.81,Strong,Volume Normal,Volume Normal (1.02x vs 10W Avg),2.05,Outperformed Nifty by 2.05% in 3 Months,True,2.05,102.57,3166481923.11,1.28,0.64,1.02,False,False,"Stage 2, Advancing, trend_template_ok, flags=Wider Risk;Low Liquidity",weekly_watchlist,35.8,40.8,428.44,-5.83,[16.31],[8],0.0,8.0,weak,200
MARINE.NS,Marine Electricals (India) Limited,Electrical Equipment & Parts,Industrials,Industrials,False,Cash,1,Stage 2,Stage 2,Extended,0.78,"Weekly advancing structure remains intact, but price is stretched versus key moving averages.",,,2026-09-29,,Stage 2 - Extended,27.05,Very Strong,Volume Normal,Volume Normal (1.23x vs 10W Avg),62.58,Outperformed Nifty by 62.58% in 3 Months,True,62.58,138.52,816933312.92,2.03,0.72,1.23,False,False,"Stage 2, Extended, trend_template_ok, flags=Loose Structure;Extended;Wide Risk;Low Liquidity",weekly_watchlist,35.8,40.8,450.46,-4.64,[14.68],[8],0.0,8.0,weak,201
AVANTEL.NS,Avantel Limited,Communication Equipment,Technology,Technology,False,Cash,1,Failed Stage 2,Stage 3,Failed Stage 2,0.72,"This stock was recently Stage 2, but the latest structure no longer satisfies Stage 2 rules. It is kept as Failed Stage 2 until a fresh base/repair structure forms.",Recent Stage 2 break; public stage held as Failed Stage 2.,2026-09-30,2026-09-09,,Failed Stage 2,18.92,Neutral,Volume Expanding,Volume Expanding (4.04x vs 10W Avg),-8.51,Underperformed Nifty by 8.51% in 3 Months,False,-8.51,12.1,293033716.19,2.37,1.15,4.04,False,False,"Stage 3, Early, weekly_vcp_ok, weekly_strong, flags=Wider Risk;Low Liquidity, distribution_or_weakening_risk | Stage 2 failed state applied from stage memory.",weekly_watchlist,35.56,40.56,198.12,-22.24,"[27.61, 27.99]","[3, 7]",0.9,11.0,strong,202
CDSL.NS,Central Depository Services (India) Limited,Capital Markets,Financial Services,Financial Services,True,F&O,1,Not Sure,Stage 1,Pending Stage 1,0.55,Blocked public stage jump Stage 3 -> Stage 1; waiting for intermediate/confirmed structure.,Blocked public stage jump Stage 3 -> Stage 1; waiting for intermediate/confirmed structure.,,,Stage 1,Not Sure - Unclear,19.15,Neutral,Volume Normal,Volume Normal (0.97x vs 10W Avg),0.69,Outperformed Nifty by 0.69% in 3 Months,False,0.69,4.69,1520920353.2,0.95,0.66,0.97,False,False,"Stage 1, Stage 1, weekly_vcp_ok, weekly_strong, flags=Wide Risk;Low Liquidity, stage1_not_actionable, stage1_needs_more_base | Blocked public stage jump Stage 3 -> Stage 1; waiting for intermediate/confirmed structure.",weekly_watchlist,40.54,40.54,1445.01,-12.53,"[33.3, 17.73]","[19, 4]",0.9,26.0,strong,203
MAHSCOOTER.NS,Maharashtra Scooters Limited,Asset Management,Financial Services,Financial Services,False,Cash,1,Stage 3,Stage 3,Early,0.68,"Prior strength has shifted into a Stage 3 transition based on trend, relative strength, and volume evidence.",,,,,Stage 3 Early,28.35,Strong,Volume Expanding,Volume Expanding (2.27x vs 10W Avg),4.57,Outperformed Nifty by 4.57% in 3 Months,False,4.57,10.99,61537267.77,1.38,1.15,2.27,False,False,"Stage 3, Early, weekly_vcp_ok, weekly_strong, flags=Wide Risk, distribution_or_weakening_risk",weekly_watchlist,40.46,40.46,13960.39,-9.92,"[22.9, 16.67, 9.25]","[7, 6, 9]",0.95,24.0,strong,204
SCI.NS,Shipping Corporation Of India Limited,Marine Shipping,Industrials,Industrials,False,Cash,1,Failed Stage 2,Stage 3,Failed Stage 2,0.72,"This stock was recently Stage 2, but the latest structure no longer satisfies Stage 2 rules. It is kept as Failed Stage 2 until a fresh base/repair structure forms.",Recent Stage 2 break; public stage held as Failed Stage 2.,2026-09-30,2026-09-09,,Failed Stage 2,14.26,Weak,Volume Drying Up,Volume Drying Up (0.51x vs 10W Avg),-0.8,Underperformed Nifty by 0.8% in 3 Months,False,-0.8,15.06,371176445.24,0.58,0.6,0.51,True,True,"Stage 3, Early, weekly_vcp_ok, volume_dryup, weekly_volume_dryup, weekly_strong, flags=Wide Risk;Low Liquidity, distribution_or_weakening_risk | Stage 2 failed state applied from stage memory.",weekly_watchlist,35.43,40.43,319.47,-15.33,"[23.09, 21.15]","[3, 4]",0.9,10.0,strong,205
ULTRACEMCO.NS,UltraTech Cement Limited,Building Materials,Basic Materials,Basic Materials,True,F&O,1,Stage 1,Stage 1,Stage 1,0.64,Price is building a base around long-term weekly structure without a confirmed advancing phase.,,,,,Stage 1,16.7,Strong,Volume Normal,Volume Normal (1.21x vs 10W Avg),2.67,Outperformed Nifty by 2.67% in 3 Months,False,2.67,0.93,2971373381.8,1.15,0.99,1.21,False,False,"Stage 1, Stage 1, weekly_vcp_ok, weekly_strong, flags=Wider Risk;Low Liquidity, stage1_not_actionable, stage1_needs_more_base",weekly_watchlist,40.36,40.36,12260.42,-10.64,"[14.11, 12.83]","[16, 6]",0.9,27.0,strong,206
ONESOURCE.NS,Onesource Specialty Pharma Limited,Biotechnology,Healthcare,Healthcare,False,Cash,1,Not Sure,Stage 3,Pending Stage 3,0.55,Blocked public stage jump Stage 1 -> Stage 3; waiting for intermediate/confirmed structure.,Blocked public stage jump Stage 1 -> Stage 3; waiting for intermediate/confirmed structure.,,2026-07-21,Stage 3,Not Sure - Unclear,12.19,Weak,Volume Normal,Volume Normal (0.92x vs 10W Avg),-1.71,Underperformed Nifty by 1.71% in 3 Months,False,-1.71,9.26,616427639.16,0.86,0.67,0.92,False,False,"Stage 3, Early, weekly_vcp_ok, weekly_strong, flags=Wide Weekly Base;Wider Risk;Low Liquidity, distribution_or_weakening_risk | Blocked public stage jump Stage 1 -> Stage 3; waiting for intermediate/confirmed structure.",weekly_watchlist,37.86,40.36,1921.16,-20.8,"[42.05, 21.47, 15.79]","[4, 7, 4]",0.95,34.0,strong,207
AFFLE.NS,Affle 3i Limited,Communication Services,Communication Services,Communication Services,False,Cash,1,Stage 3,Stage 3,Early,0.68,"Prior strength has shifted into a Stage 3 transition based on trend, relative strength, and volume evidence.",,,,,Stage 3 Early,17.48,Neutral,Volume Drying Up,Volume Drying Up (0.38x vs 10W Avg),11.19,Outperformed Nifty by 11.19% in 3 Months,False,11.19,6.07,575590176.05,0.41,0.73,0.38,True,True,"Stage 3, Early, weekly_vcp_ok, volume_dryup, weekly_volume_dryup, weekly_strong, flags=Wider Risk;Low Liquidity, distribution_or_weakening_risk",weekly_watchlist,37.73,40.23,1751.26,-13.72,"[31.59, 17.53]","[11, 7]",0.9,25.0,strong,208
JUBLFOOD.NS,Jubilant Foodworks Limited,Consumer Cyclical,Consumer Cyclical,Consumer Cyclical,True,F&O,1,Stage 3,Stage 3,Early,0.68,"Prior strength has shifted into a Stage 3 transition based on trend, relative strength, and volume evidence.",,,,,Stage 3 Early,14.48,Strong,Volume Drying Up,Volume Drying Up (0.52x vs 10W Avg),11.31,Outperformed Nifty by 11.31% in 3 Months,False,11.31,9.56,468646635.52,0.63,0.72,0.52,True,True,"Stage 3, Early, weekly_vcp_ok, volume_dryup, weekly_volume_dryup, weekly_strong, flags=Wide Risk;Low Liquidity, distribution_or_weakening_risk",weekly_watchlist,39.19,40.19,528.77,-13.63,"[28.9, 17.57, 10.43]","[8, 7, 2]",0.95,23.0,strong,209
PRUDENT.NS,Prudent Corporate Advisory Services Limited,Asset Management,Financial Services,Financial Services,False,Cash,1,Failed Stage 2,Stage 3,Failed Stage 2,0.72,"This stock was recently Stage 2, but the latest structure no longer satisfies Stage 2 rules. It is kept as Failed Stage 2 until a fresh base/repair structure forms.",Recent Stage 2 break; public stage held as Failed Stage 2.,2026-09-30,2026-09-24,,Failed Stage 2,13.04,Strong,Volume Drying Up,Volume Normal (1.11x vs 10W Avg),10.52,Outperformed Nifty by 10.52% in 3 Months,False,10.52,38.21,103652928.02,0.79,0.97,1.11,True,False,"Stage 3, Late, weekly_vcp_ok, volume_dryup, weekly_strong, flags=Wide Risk;Low Liquidity, distribution_or_weakening_risk | Stage 2 failed state applied from stage memory.",weekly_watchlist,40.17,40.17,4112.68,-23.91,"[25.52, 12.75, 12.49]","[5, 5, 4]",0.95,24.0,strong,210
APOLLOHOSP.NS,Apollo Hospitals Enterprise Limited,Medical Care Facilities,Healthcare,Healthcare,True,F&O,1,Failed Stage 2,Stage 1,Failed Stage 2,0.72,"This stock was recently Stage 2, but the latest structure no longer satisfies Stage 2 rules. It is kept as Failed Stage 2 until a fresh base/repair structure forms.",Recent Stage 2 break; public stage held as Failed Stage 2.,2026-09-30,2026-09-29,,Failed Stage 2,24.47,Neutral,Volume Expanding,Volume Expanding (2.50x vs 10W Avg),-1.23,Underperformed Nifty by 1.23% in 3 Months,False,-1.23,10.29,3477839400.3,1.49,7.27,2.5,False,False,"Stage 1, Stage 1, weekly_vcp_ok, weekly_strong, flags=Wider Risk;Low Liquidity, stage1_not_actionable, stage1_needs_more_base | Stage 2 failed state applied from stage memory.",weekly_watchlist,40.11,40.11,9039.48,-9.67,"[10.57, 10.04]","[2, 4]",0.9,11.0,strong,211
BAJAJFINSV.NS,Bajaj Finserv Limited,Financial Services,Financial Services,Financial Services,True,F&O,1,Not Sure,Stage 1,Pending Stage 1,0.55,Blocked public stage jump Stage 4 -> Stage 1; waiting for intermediate/confirmed structure.,Blocked public stage jump Stage 4 -> Stage 1; waiting for intermediate/confirmed structure.,,,Stage 1,Not Sure - Unclear,14.33,Weak,Volume Drying Up,Volume Normal (1.10x vs 10W Avg),-0.67,Underperformed Nifty by 0.67% in 3 Months,False,-0.67,1.56,1217805934.36,0.84,1.71,1.1,True,False,"Stage 1, Stage 1, weekly_vcp_ok, volume_dryup, weekly_strong, flags=Wide Risk;Low Liquidity, stage1_not_actionable, stage1_needs_more_base | Blocked public stage jump Stage 4 -> Stage 1; waiting for intermediate/confirmed structure.",weekly_watchlist,40.09,40.09,2122.21,-18.43,"[23.03, 11.8]","[5, 7]",0.9,15.0,strong,212
TATAPOWER.NS,Tata Power Company Limited,Utilities,Utilities,Utilities,True,F&O,1,Stage 1,Stage 1,Stage 1,0.64,Price is building a base around long-term weekly structure without a confirmed advancing phase.,,,,,Stage 1,17.2,Neutral,Volume Normal,Volume Normal (1.16x vs 10W Avg),1.89,Outperformed Nifty by 1.89% in 3 Months,False,1.89,-8.12,1337283580.78,0.91,1.15,1.16,False,False,"Stage 1, Stage 1, weekly_vcp_ok, weekly_strong, flags=Low Liquidity, stage1_not_actionable, stage1_needs_more_base",weekly_watchlist,40.0,40.0,462.85,-22.44,"[12.99, 11.12]","[4, 3]",0.9,35.0,strong,213
BHARTIARTL.NS,Bharti Airtel Limited,Telecom Services,Communication Services,Communication Services,True,F&O,1,Stage 1,Stage 1,Stage 1,0.64,Price is building a base around long-term weekly structure without a confirmed advancing phase.,,,,,Stage 1,16.96,Weak,Volume Normal,Volume Normal (1.05x vs 10W Avg),-0.81,Underperformed Nifty by 0.81% in 3 Months,False,-0.81,-4.09,9744597410.87,1.11,1.44,1.05,False,False,"Stage 1, Stage 1, weekly_vcp_ok, weekly_strong, flags=Wide Risk;Low Liquidity, stage1_not_actionable, stage1_needs_more_base",weekly_watchlist,40.0,40.0,2034.55,-13.64,"[15.39, 9.48]","[13, 3]",0.9,17.0,strong,214
CONCOR.NS,Container Corporation of India Limited,Industrials,Industrials,Industrials,True,F&O,1,Not Sure,Stage 1,Pending Stage 1,0.55,Blocked public stage jump Stage 4 -> Stage 1; waiting for intermediate/confirmed structure.,Blocked public stage jump Stage 4 -> Stage 1; waiting for intermediate/confirmed structure.,,,Stage 1,Not Sure - Unclear,13.62,Weak,Volume Normal,Volume Normal (0.86x vs 10W Avg),0.25,Outperformed Nifty by 0.25% in 3 Months,False,0.25,-2.14,533255285.45,0.9,0.88,0.86,False,True,"Stage 1, Stage 1, weekly_vcp_ok, weekly_volume_dryup, weekly_strong, flags=Wide Risk;Low Liquidity, stage1_not_actionable, stage1_needs_more_base | Blocked public stage jump Stage 4 -> Stage 1; waiting for intermediate/confirmed structure.",weekly_watchlist,40.0,40.0,543.57,-17.67,"[21.28, 18.54]","[7, 5]",0.9,18.0,strong,215
ASTRAL.NS,Astral Limited,Building Products & Equipment,Industrials,Industrials,True,F&O,1,Stage 1,Stage 1,Stage 1,0.64,Price is building a base around long-term weekly structure without a confirmed advancing phase.,,,2026-08-13,,Stage 1,13.51,Weak,Volume Drying Up,Volume Drying Up (0.48x vs 10W Avg),5.62,Outperformed Nifty by 5.62% in 3 Months,False,5.62,-12.43,815578436.06,0.53,0.28,0.48,True,True,"Stage 1, Stage 1, weekly_vcp_ok, volume_dryup, weekly_volume_dryup, weekly_strong, flags=Wide Risk;Low Liquidity, stage1_not_actionable, stage1_needs_more_base",weekly_watchlist,40.0,40.0,1612.26,-15.0,"[19.06, 18.78]","[10, 6]",0.9,17.0,strong,216
TIMETECHNO.NS,Time Technoplast Limited,Consumer Cyclical,Consumer Cyclical,Consumer Cyclical,False,Cash,1,Stage 3,Stage 3,Early,0.68,"Prior strength has shifted into a Stage 3 transition based on trend, relative strength, and volume evidence.",,,2026-08-13,,Stage 3 Early,23.38,Strong,Volume Normal,Volume Normal (0.99x vs 10W Avg),9.7,Outperformed Nifty by 9.7% in 3 Months,False,9.7,9.2,434507734.56,1.03,1.48,0.99,False,False,"Stage 3, Early, weekly_vcp_ok, weekly_strong, flags=Wider Risk;Low Liquidity, distribution_or_weakening_risk",weekly_watchlist,38.99,39.99,215.77,-15.48,"[25.75, 19.23, 17.44]","[6, 7, 3]",0.95,27.0,strong,217
IOC.NS,Indian Oil Corporation Limited,Oil & Gas Refining & Marketing,Energy,Energy,True,F&O,1,Stage 3,Stage 3,Early,0.68,"Prior strength has shifted into a Stage 3 transition based on trend, relative strength, and volume evidence.",,,,,Stage 3 Early,21.47,Strong,Volume Normal,Volume Normal (0.98x vs 10W Avg),2.88,Outperformed Nifty by 2.88% in 3 Months,False,2.88,-0.04,987157571.68,1.04,1.28,0.98,False,False,"Stage 3, Early, weekly_vcp_ok, weekly_strong, flags=Wider Risk;Low Liquidity, distribution_or_weakening_risk",weekly_watchlist,37.38,39.88,147.98,-8.82,"[21.88, 12.57, 7.99]","[12, 2, 3]",0.95,26.0,strong,218
EMCURE.NS,Emcure Pharmaceuticals Limited,Drug Manufacturers - Specialty & Generic,Healthcare,Healthcare,False,Cash,1,Stage 2,Stage 2,Advancing,0.9,Price is above constructive weekly and long-term trend structure with improving relative strength.,,,2026-09-29,,Stage 2 - Advancing,36.83,Very Strong,Volume Drying Up,Volume Drying Up (0.61x vs 10W Avg),12.89,Outperformed Nifty by 12.89% in 3 Months,True,12.89,23.91,410662663.69,1.57,0.4,0.61,False,True,"Stage 2, Advancing, trend_template_ok, weekly_volume_dryup, flags=Wider Risk;Low Liquidity",weekly_watchlist,34.88,39.88,2104.38,-7.67,"[9.93, 10.64]","[3, 2]",0.1,9.0,weak,219
RBLBANK.NS,RBL Bank Limited,Banks - Regional,Financial Services,Financial Services,True,F&O,1,Stage 2,Stage 2,Advancing,0.9,Price is above constructive weekly and long-term trend structure with improving relative strength.,,,2026-09-29,,Stage 2 - Advancing,34.8,Very Strong,Volume Normal,Volume Normal (1.09x vs 10W Avg),16.51,Outperformed Nifty by 16.51% in 3 Months,True,16.51,28.07,1790397946.8,1.11,1.09,1.09,False,False,"Stage 2, Advancing, trend_template_ok, flags=Low Liquidity",weekly_watchlist,38.86,39.86,430.35,-6.27,"[11.45, 12.5]","[5, 10]",0.1,20.0,weak,220
BIOCON.NS,Biocon Limited,Biotechnology,Healthcare,Healthcare,True,F&O,1,Stage 3,Stage 3,Early,0.68,"Prior strength has shifted into a Stage 3 transition based on trend, relative strength, and volume evidence.",,,2026-08-12,,Stage 3 Early,12.11,Weak,Volume Drying Up,Volume Drying Up (0.68x vs 10W Avg),-5.93,Underperformed Nifty by 5.93% in 3 Months,False,-5.93,7.73,1230233685.72,0.96,0.65,0.68,False,True,"Stage 3, Early, weekly_vcp_ok, weekly_volume_dryup, weekly_strong, flags=Wide Risk;Low Liquidity, distribution_or_weakening_risk",weekly_watchlist,37.28,39.78,447.93,-17.33,"[15.51, 16.16, 10.24]","[9, 4, 6]",0.95,33.0,strong,221
CARRARO.NS,Carraro India Limited,Auto Parts,Consumer Cyclical,Consumer Cyclical,False,Cash,1,Failed Stage 2,Stage 3,Failed Stage 2,0.72,"This stock was recently Stage 2, but the latest structure no longer satisfies Stage 2 rules. It is kept as Failed Stage 2 until a fresh base/repair structure forms.",Recent Stage 2 break; public stage held as Failed Stage 2.,2026-09-30,2026-09-25,,Failed Stage 2,16.64,Strong,Volume Expanding,Volume Normal (0.90x vs 10W Avg),5.05,Outperformed Nifty by 5.05% in 3 Months,False,5.05,14.24,60208050.18,1.05,2.71,0.9,False,False,"Stage 3, Late, weekly_vcp_ok, weekly_strong, flags=Wider Risk;Low Liquidity, distribution_or_weakening_risk | Stage 2 failed state applied from stage memory.",weekly_watchlist,37.23,39.73,660.32,-20.11,"[32.3, 25.04, 19.29]","[6, 2, 7]",0.95,26.0,strong,222
DEEPAKNTR.NS,Deepak Nitrite Limited,Chemicals,Basic Materials,Basic Materials,False,Cash,1,Failed Stage 2,Stage 3,Failed Stage 2,0.72,"This stock was recently Stage 2, but the latest structure no longer satisfies Stage 2 rules. It is kept as Failed Stage 2 until a fresh base/repair structure forms.",Recent Stage 2 break; public stage held as Failed Stage 2.,2026-09-30,2026-09-23,,Failed Stage 2,10.05,Weak,Volume Drying Up,Volume Drying Up (0.32x vs 10W Avg),2.72,Outperformed Nifty by 2.72% in 3 Months,False,2.72,9.43,353294836.04,0.43,0.49,0.32,True,True,"Stage 3, Late, weekly_vcp_ok, volume_dryup, weekly_volume_dryup, weekly_strong, flags=Wide Risk;Low Liquidity, distribution_or_weakening_risk | Stage 2 failed state applied from stage memory.",weekly_watchlist,37.21,39.71,1892.58,-19.17,"[26.39, 19.17]","[7, 7]",0.9,20.0,strong,223
SKYGOLD.NS,SKY GOLD AND DIAMONDS LIMITED,Luxury Goods,Consumer Cyclical,Consumer Cyclical,False,Cash,1,Stage 2,Stage 2,Extended,0.78,"Weekly advancing structure remains intact, but price is stretched versus key moving averages.",,,2026-09-29,,Stage 2 - Extended,30.93,Very Strong,Volume Drying Up,Volume Drying Up (0.74x vs 10W Avg),52.71,Outperformed Nifty by 52.71% in 3 Months,True,52.71,118.23,615617335.73,0.72,0.86,0.74,True,True,"Stage 2, Extended, trend_template_ok, volume_dryup, weekly_volume_dryup, flags=Loose Structure;Extended;Wide Risk;Low Liquidity",weekly_watchlist,34.6,39.6,870.32,-6.85,[11.71],[7],0.0,7.0,weak,224
KDDL.NS,KDDL Limited,Luxury Goods,Consumer Cyclical,Consumer Cyclical,False,Cash,1,Stage 2,Stage 2,Advancing,0.9,Price is above constructive weekly and long-term trend structure with improving relative strength.,,,2026-09-29,,Stage 2 - Advancing,29.27,Very Strong,Volume Drying Up,Volume Drying Up (0.76x vs 10W Avg),28.91,Outperformed Nifty by 28.91% in 3 Months,True,28.91,75.13,144171274.22,0.88,0.34,0.76,False,True,"Stage 2, Advancing, trend_template_ok, weekly_volume_dryup, flags=Loose Structure;Wide Risk;Low Liquidity",weekly_watchlist,34.6,39.6,4147.17,-6.28,[23.58],[7],0.0,7.0,weak,225
CHALET.NS,Chalet Hotels Limited,Lodging,Consumer Cyclical,Consumer Cyclical,False,Cash,1,Failed Stage 2,Stage 1,Failed Stage 2,0.72,"This stock was recently Stage 2, but the latest structure no longer satisfies Stage 2 rules. It is kept as Failed Stage 2 until a fresh base/repair structure forms.",Recent Stage 2 break; public stage held as Failed Stage 2.,2026-09-30,2026-09-25,,Failed Stage 2,25.48,Strong,Volume Expanding,Volume Expanding (1.78x vs 10W Avg),9.13,Outperformed Nifty by 9.13% in 3 Months,False,9.13,13.23,143372031.6,1.32,0.58,1.78,False,False,"Stage 1, Stage 1, weekly_vcp_ok, weekly_strong, flags=Wider Risk;Low Liquidity, stage1_not_actionable, stage1_needs_more_base | Stage 2 failed state applied from stage memory.",weekly_watchlist,38.57,39.57,940.52,-10.13,"[24.36, 10.25, 11.07, 10.27]","[8, 3, 2, 2]",0.73,25.0,strong,226
M&MFIN.NS,Mahindra & Mahindra Financial Services Limited,Credit Services,Financial Services,Financial Services,False,Cash,1,Failed Stage 2,Stage 3,Failed Stage 2,0.72,"This stock was recently Stage 2, but the latest structure no longer satisfies Stage 2 rules. It is kept as Failed Stage 2 until a fresh base/repair structure forms.",Recent Stage 2 break; public stage held as Failed Stage 2.,2026-09-30,2026-09-15,,Failed Stage 2,11.54,Strong,Volume Drying Up,Volume Drying Up (0.35x vs 10W Avg),6.91,Outperformed Nifty by 6.91% in 3 Months,False,6.91,18.4,610878502.02,0.61,0.54,0.35,True,True,"Stage 3, Early, weekly_vcp_ok, volume_dryup, weekly_volume_dryup, weekly_strong, flags=Wide Risk;Low Liquidity, distribution_or_weakening_risk | Stage 2 failed state applied from stage memory.",weekly_watchlist,38.53,39.53,415.73,-21.86,"[31.31, 19.55]","[8, 5]",0.9,17.0,strong,227
KINGFA.NS,Kingfa Science & Technology (India) Limited,Specialty Chemicals,Basic Materials,Basic Materials,False,Cash,1,Stage 2,Stage 2,Advancing,0.9,Price is above constructive weekly and long-term trend structure with improving relative strength.,,,2026-09-29,,Stage 2 - Advancing,35.23,Very Strong,Volume Drying Up,Volume Drying Up (0.84x vs 10W Avg),35.51,Outperformed Nifty by 35.51% in 3 Months,True,35.51,53.18,99778733.68,0.76,1.31,0.84,True,True,"Stage 2, Advancing, trend_template_ok, volume_dryup, weekly_volume_dryup, flags=Loose Structure;Wider Risk;Low Liquidity",weekly_watchlist,37.0,39.5,6336.29,2.31,[14.18],[9],0.0,9.0,weak,228
RRKABEL.NS,R R Kabel Limited,Electrical Equipment & Parts,Industrials,Industrials,False,Cash,1,Stage 2,Stage 2,Advancing,0.8,Price is above constructive weekly and long-term trend structure with improving relative strength.,,,2026-09-29,,Stage 2 - Advancing,27.45,Very Strong,Volume Drying Up,Volume Drying Up (0.39x vs 10W Avg),16.53,Outperformed Nifty by 16.53% in 3 Months,True,16.53,89.73,1199360023.43,0.44,0.5,0.39,True,True,"Stage 2, Advancing, trend_template_ok, volume_dryup, weekly_volume_dryup, flags=Wide Risk;Low Liquidity",weekly_watchlist,34.4,39.4,2989.02,-15.74,"[17.4, 18.81]","[5, 5]",0.1,14.0,weak,229
INDOTECH.NS,Indo Tech Transformers Limited,Electrical Equipment & Parts,Industrials,Industrials,False,Cash,1,Stage 2,Stage 2,Advancing,0.8,Price is above constructive weekly and long-term trend structure with improving relative strength.,,,2026-09-29,,Stage 2 - Advancing,24.63,Strong,Volume Drying Up,Volume Drying Up (0.77x vs 10W Avg),9.24,Outperformed Nifty by 9.24% in 3 Months,True,9.24,155.63,50446727.96,0.63,0.42,0.77,True,True,"Stage 2, Advancing, trend_template_ok, volume_dryup, weekly_volume_dryup, flags=Wide Risk;Low Liquidity",weekly_watchlist,34.4,39.4,4018.07,-20.65,"[31.03, 33.93]","[4, 5]",0.1,13.0,weak,230
ARVSMART.NS,Arvind SmartSpaces Limited,Real Estate,Real Estate,Real Estate,False,Cash,1,Failed Stage 2,Stage 1,Failed Stage 2,0.72,"This stock was recently Stage 2, but the latest structure no longer satisfies Stage 2 rules. It is kept as Failed Stage 2 until a fresh base/repair structure forms.",Recent Stage 2 break; public stage held as Failed Stage 2.,2026-09-30,2026-09-23,,Failed Stage 2,15.05,Strong,Volume Drying Up,Volume Drying Up (0.31x vs 10W Avg),6.02,Outperformed Nifty by 6.02% in 3 Months,False,6.02,13.97,255204171.71,2.04,0.13,0.31,False,True,"Stage 1, Stage 1, weekly_vcp_ok, weekly_volume_dryup, weekly_strong, flags=Wide Risk;Low Liquidity, stage1_not_actionable, stage1_needs_more_base | Stage 2 failed state applied from stage memory.",weekly_watchlist,38.33,39.33,706.64,-14.84,"[19.36, 21.18, 15.4, 11.75]","[4, 4, 3, 5]",0.73,30.0,strong,231
GANESHHOU.NS,GANESH HOUSING LIMITED,Real Estate,Real Estate,Real Estate,False,Cash,1,Failed Stage 2,Stage 3,Failed Stage 2,0.72,"This stock was recently Stage 2, but the latest structure no longer satisfies Stage 2 rules. It is kept as Failed Stage 2 until a fresh base/repair structure forms.",Recent Stage 2 break; public stage held as Failed Stage 2.,2026-09-30,2026-09-25,,Failed Stage 2,7.53,Neutral,Volume Drying Up,Volume Drying Up (0.81x vs 10W Avg),-4.32,Underperformed Nifty by 4.32% in 3 Months,False,-4.32,26.61,17782254.5,0.62,0.91,0.81,True,True,"Stage 3, Early, weekly_vcp_ok, volume_dryup, weekly_volume_dryup, weekly_strong, flags=Wide Weekly Base;Wide Risk;Low Liquidity, distribution_or_weakening_risk | Stage 2 failed state applied from stage memory.",weekly_watchlist,38.23,39.23,889.14,-19.14,"[44.43, 8.86]","[18, 8]",0.9,35.0,strong,232
SBIN.NS,State Bank of India,Banks - Regional,Financial Services,Financial Services,True,F&O,1,Stage 1,Stage 1,Stage 1,0.64,Price is building a base around long-term weekly structure without a confirmed advancing phase.,,,2026-08-31,,Stage 1,2.52,Weak,Volume Normal,Volume Normal (1.41x vs 10W Avg),-0.74,Underperformed Nifty by 0.74% in 3 Months,False,-0.74,-6.5,7942263384.16,1.02,1.03,1.41,False,False,"Stage 1, Stage 1, weekly_vcp_ok, weekly_strong, flags=Wide Risk;Low Liquidity, stage1_not_actionable, stage1_needs_more_base",weekly_watchlist,38.2,39.2,1126.47,-14.82,"[20.97, 15.19]","[5, 4]",0.9,12.0,strong,233
SUNCLAY.NS,Sundaram Clayton Limited,Metal Fabrication,Industrials,Industrials,False,Cash,1,Stage 4,Stage 4,Stage 4,0.66,Price is below weekly structure.,,,,,Stage 4,12.46,Weak,Volume Drying Up,Volume Normal (0.90x vs 10W Avg),-1.85,Underperformed Nifty by 1.85% in 3 Months,False,-1.85,-3.21,6380324.78,0.61,0.8,0.9,True,False,"Stage 4, Stage 4, weekly_vcp_ok, volume_dryup, weekly_strong, flags=Wider Risk;Low Liquidity, downtrend",weekly_watchlist,34.2,39.2,1576.15,-22.03,"[21.32, 20.01, 18.9, 18.61]","[2, 5, 6, 2]",1.0,30.0,strong,234
PRIVISCL.NS,Privi Speciality Chemicals Limited,Specialty Chemicals,Basic Materials,Basic Materials,False,Cash,1,Stage 2,Stage 2,Advancing,0.9,Price is above constructive weekly and long-term trend structure with improving relative strength.,,,2026-09-29,,Stage 2 - Advancing,50.48,Very Strong,Volume Expanding,Volume Expanding (2.18x vs 10W Avg),4.14,Outperformed Nifty by 4.14% in 3 Months,True,4.14,20.14,368120126.97,1.45,1.21,2.18,False,False,"Stage 2, Advancing, trend_template_ok",weekly_watchlist,36.43,38.93,3774.71,-4.98,[7.75],[16],0.0,16.0,weak,235
LLOYDSENT.NS,Lloyds Enterprises Limited,Steel,Basic Materials,Basic Materials,False,Cash,1,Stage 2,Stage 2,Advancing,0.9,Price is above constructive weekly and long-term trend structure with improving relative strength.,,,2026-09-29,,Stage 2 - Advancing,32.4,Very Strong,Volume Expanding,Volume Expanding (1.57x vs 10W Avg),8.74,Outperformed Nifty by 8.74% in 3 Months,True,8.74,52.36,223722288.29,1.24,1.53,1.57,False,False,"Stage 2, Advancing, trend_template_ok, flags=Wide Weekly Base;Wide Risk;Low Liquidity",weekly_watchlist,33.91,38.91,84.7,-6.46,[36.12],[8],0.0,8.0,weak,236
THOMASCOOK.NS,Thomas Cook  (India)  Limited,Consumer Cyclical,Consumer Cyclical,Consumer Cyclical,False,Cash,1,Not Sure,Not Sure,Not Sure,0.0,Stage rules did not identify a reliable structure.,No confident stage classification.,,,,Not Sure - Unclear,14.13,Strong,Volume Drying Up,Volume Drying Up (0.27x vs 10W Avg),3.07,Outperformed Nifty by 3.07% in 3 Months,False,3.07,4.84,72735879.3,0.27,0.32,0.27,True,True,"Not Sure, Unclear, weekly_vcp_ok, volume_dryup, weekly_volume_dryup, weekly_strong, flags=Wide Weekly Base;Wide Risk;Low Liquidity",weekly_watchlist,37.89,38.89,120.53,-15.05,"[42.62, 21.25, 17.03]","[11, 4, 5]",0.95,29.0,strong,237
CHOLAFIN.NS,Cholamandalam Investment and Finance Company Limited,Credit Services,Financial Services,Financial Services,True,F&O,1,Failed Stage 2,Stage 3,Failed Stage 2,0.72,"This stock was recently Stage 2, but the latest structure no longer satisfies Stage 2 rules. It is kept as Failed Stage 2 until a fresh base/repair structure forms.",Recent Stage 2 break; public stage held as Failed Stage 2.,2026-09-30,2026-09-23,,Failed Stage 2,15.25,Weak,Volume Expanding,Volume Expanding (1.67x vs 10W Avg),-5.62,Underperformed Nifty by 5.62% in 3 Months,False,-5.62,13.24,2591185529.06,1.27,1.46,1.67,False,False,"Stage 3, Early, weekly_vcp_ok, weekly_strong, flags=Wide Risk;Low Liquidity, distribution_or_weakening_risk | Stage 2 failed state applied from stage memory.",weekly_watchlist,37.86,38.86,1955.92,-17.17,"[26.86, 16.73, 11.41]","[7, 4, 2]",0.95,23.0,strong,238
ASIANPAINT.NS,Asian Paints Limited,Specialty Chemicals,Basic Materials,Basic Materials,True,F&O,1,Stage 3,Stage 3,Early,0.68,"Prior strength has shifted into a Stage 3 transition based on trend, relative strength, and volume evidence.",,,2026-07-23,,Stage 3 Early,13.29,Weak,Volume Drying Up,Volume Normal (0.90x vs 10W Avg),-5.99,Underperformed Nifty by 5.99% in 3 Months,False,-5.99,9.56,1248435566.04,0.79,1.02,0.9,True,True,"Stage 3, Early, weekly_vcp_ok, volume_dryup, weekly_volume_dryup, weekly_strong, flags=Wide Risk;Low Liquidity, distribution_or_weakening_risk",weekly_watchlist,36.36,38.86,2869.01,-16.26,"[27.43, 8.13]","[10, 4]",0.9,26.0,strong,239
AIAENG.NS,AIA Engineering Limited,Specialty Industrial Machinery,Industrials,Industrials,False,Cash,1,Not Sure,Stage 4,Pending Stage 4,0.55,Failed Stage 2 -> Stage 4 needs 3 confirmation runs; current count 1.,Failed Stage 2 -> Stage 4 needs 3 confirmation runs; current count 1.,,2026-09-08,Stage 4,Not Sure - Unclear,18.87,Weak,Volume Expanding,Volume Expanding (1.60x vs 10W Avg),-11.52,Underperformed Nifty by 11.52% in 3 Months,False,-11.52,4.35,259238445.2,1.26,0.97,1.6,False,False,"Stage 4, Stage 4, weekly_vcp_ok, weekly_strong, flags=Wide Risk, downtrend | Failed Stage 2 -> Stage 4 needs 3 confirmation runs; current count 1.",weekly_watchlist,33.8,38.8,5169.63,-25.16,"[22.67, 9.98]","[7, 3]",0.9,14.0,strong,240
EQUITASBNK.NS,Equitas Small Finance Bank Limited,Banks - Regional,Financial Services,Financial Services,False,Cash,1,Failed Stage 2,Stage 3,Failed Stage 2,0.72,"This stock was recently Stage 2, but the latest structure no longer satisfies Stage 2 rules. It is kept as Failed Stage 2 until a fresh base/repair structure forms.",Recent Stage 2 break; public stage held as Failed Stage 2.,2026-09-30,2026-09-24,,Failed Stage 2,13.4,Neutral,Volume Normal,Volume Normal (1.21x vs 10W Avg),-4.3,Underperformed Nifty by 4.3% in 3 Months,False,-4.3,22.19,125223319.56,0.98,1.03,1.21,False,False,"Stage 3, Early, weekly_vcp_ok, weekly_strong, flags=Wide Risk;Low Liquidity, distribution_or_weakening_risk | Stage 2 failed state applied from stage memory.",weekly_watchlist,37.79,38.79,84.05,-17.99,"[30.18, 5.35]","[10, 12]",0.9,27.0,strong,241
TVSHLTD.NS,TVS Holdings Limited,Auto Parts,Consumer Cyclical,Consumer Cyclical,False,Cash,1,Stage 4,Stage 4,Stage 4,0.66,Price is below weekly structure.,,,,,Stage 4,17.74,Weak,Volume Drying Up,Volume Drying Up (0.77x vs 10W Avg),-7.24,Underperformed Nifty by 7.24% in 3 Months,False,-7.24,-14.71,106934642.7,1.1,1.27,0.77,False,True,"Stage 4, Stage 4, weekly_vcp_ok, weekly_volume_dryup, weekly_strong, flags=Wide Risk, downtrend",weekly_watchlist,36.0,38.5,15727.48,-23.02,"[19.34, 15.07, 15.53, 12.96]","[6, 3, 6, 6]",1.0,30.0,strong,242
GPPL.NS,Gujarat Pipavav Port Limited,Marine Shipping,Industrials,Industrials,False,Cash,1,Not Sure,Not Sure,Not Sure,0.0,Stage rules did not identify a reliable structure.,No confident stage classification.,,,,Not Sure - Unclear,32.38,Very Strong,Volume Drying Up,Volume Drying Up (0.71x vs 10W Avg),16.96,Outperformed Nifty by 16.96% in 3 Months,False,16.96,15.04,221111665.4,0.67,1.06,0.71,True,True,"Not Sure, Unclear, weekly_vcp_ok, volume_dryup, weekly_volume_dryup, flags=Low Liquidity",weekly_watchlist,33.5,38.5,168.95,-1.3,"[20.52, 23.44, 12.11]","[3, 7, 8]",0.55,28.0,moderate,243
MANINFRA.NS,Man Infraconstruction Limited,Engineering & Construction,Industrials,Industrials,False,Cash,1,Stage 2,Stage 2,Advancing,0.8,Price is above constructive weekly and long-term trend structure with improving relative strength.,,,2026-09-29,,Stage 2 - Advancing,32.26,Very Strong,Volume Normal,Volume Normal (1.21x vs 10W Avg),28.83,Outperformed Nifty by 28.83% in 3 Months,True,28.83,41.45,281400098.93,0.93,0.64,1.21,False,False,"Stage 2, Advancing, trend_template_ok, flags=Loose Structure;Low Liquidity",weekly_watchlist,38.43,38.43,131.23,-3.33,[30.71],[11],0.0,11.0,weak,244
PRESTIGE.NS,Prestige Estates Projects Limited,Real Estate,Real Estate,Real Estate,True,F&O,1,Failed Stage 2,Stage 3,Failed Stage 2,0.72,"This stock was recently Stage 2, but the latest structure no longer satisfies Stage 2 rules. It is kept as Failed Stage 2 until a fresh base/repair structure forms.",Recent Stage 2 break; public stage held as Failed Stage 2.,2026-09-30,2026-09-23,,Failed Stage 2,15.88,Neutral,Volume Expanding,Volume Normal (1.26x vs 10W Avg),-6.1,Underperformed Nifty by 6.1% in 3 Months,False,-6.1,20.12,748427015.5,1.0,2.86,1.26,False,False,"Stage 3, Early, weekly_vcp_ok, weekly_strong, flags=Wide Risk;Low Liquidity, distribution_or_weakening_risk | Stage 2 failed state applied from stage memory.",weekly_watchlist,37.4,38.4,1742.35,-14.95,"[32.07, 14.31]","[7, 2]",0.9,14.0,strong,245
ROLEXRINGS.NS,Rolex Rings Limited,Metal Fabrication,Industrials,Industrials,False,Cash,1,Stage 2,Stage 2,Advancing,0.9,Price is above constructive weekly and long-term trend structure with improving relative strength.,,,2026-09-29,,Stage 2 - Advancing,33.15,Very Strong,Volume Drying Up,Volume Drying Up (0.76x vs 10W Avg),43.0,Outperformed Nifty by 43.0% in 3 Months,True,43.0,57.43,330343319.28,0.62,0.57,0.76,True,True,"Stage 2, Advancing, trend_template_ok, volume_dryup, weekly_volume_dryup, flags=Loose Structure;Wider Risk;Low Liquidity",weekly_watchlist,33.4,38.4,189.73,0.19,[23.3],[6],0.0,6.0,weak,246
MAHLOG.NS,Mahindra Logistics Limited,Industrials,Industrials,Industrials,False,Cash,1,Stage 2,Stage 2,Advancing,0.9,Price is above constructive weekly and long-term trend structure with improving relative strength.,,,2026-09-29,,Stage 2 - Advancing,47.87,Very Strong,Volume Expanding,Volume Normal (1.46x vs 10W Avg),16.66,Outperformed Nifty by 16.66% in 3 Months,True,16.66,22.31,82920856.95,1.27,2.24,1.46,False,False,"Stage 2, Advancing, trend_template_ok, flags=Wider Risk;Low Liquidity",weekly_watchlist,38.3,38.3,432.66,0.74,"[23.63, 26.54]","[6, 7]",0.1,16.0,weak,247
AETHER.NS,Aether Industries Limited,Specialty Chemicals,Basic Materials,Basic Materials,False,Cash,1,Stage 2,Stage 2,Advancing,0.9,Price is above constructive weekly and long-term trend structure with improving relative strength.,,,2026-09-29,,Stage 2 - Advancing,33.93,Very Strong,Volume Expanding,Volume Expanding (1.93x vs 10W Avg),31.65,Outperformed Nifty by 31.65% in 3 Months,True,31.65,55.35,476383721.39,1.11,1.11,1.93,False,False,"Stage 2, Advancing, trend_template_ok, flags=Wider Risk;Low Liquidity",weekly_watchlist,35.8,38.3,1720.0,-1.2,[18.1],[8],0.0,8.0,weak,248
ABBOTINDIA.NS,Abbott India Limited,Drug Manufacturers - Specialty & Generic,Healthcare,Healthcare,False,Cash,1,Stage 1,Stage 1,Stage 1,0.68,Price is building a base around long-term weekly structure without a confirmed advancing phase.,,,,,Stage 1,38.68,Very Strong,Volume Drying Up,Volume Drying Up (0.85x vs 10W Avg),14.0,Outperformed Nifty by 14.0% in 3 Months,False,14.0,5.91,230576489.25,1.07,0.68,0.85,False,True,"Stage 1, Stage 1, stage1_base_ready, weekly_volume_dryup, flags=Wider Risk, stage1_not_actionable",weekly_watchlist,33.26,38.26,28685.11,-5.44,"[10.52, 11.72, 10.89, 12.22]","[3, 7, 6, 4]",0.47,41.0,weak,249
BALKRISIND.NS,Balkrishna Industries Limited,Auto Parts,Consumer Cyclical,Consumer Cyclical,False,Cash,1,Stage 1,Stage 1,Stage 1,0.64,Price is building a base around long-term weekly structure without a confirmed advancing phase.,,,,,Stage 1,13.57,Neutral,Volume Drying Up,Volume Drying Up (0.18x vs 10W Avg),2.89,Outperformed Nifty by 2.89% in 3 Months,False,2.89,-1.47,505008046.64,0.3,0.21,0.18,True,True,"Stage 1, Stage 1, weekly_vcp_ok, volume_dryup, weekly_volume_dryup, weekly_strong, flags=Wide Risk;Low Liquidity, stage1_not_actionable, stage1_needs_more_base",weekly_watchlist,35.74,38.24,2562.48,-17.38,"[16.22, 13.17]","[2, 4]",0.9,8.0,strong,250
PAGEIND.NS,Page Industries Limited,Apparel Manufacturing,Consumer Cyclical,Consumer Cyclical,True,F&O,1,Not Sure,Stage 1,Pending Stage 1,0.55,Blocked public stage jump Stage 3 -> Stage 1; waiting for intermediate/confirmed structure.,Blocked public stage jump Stage 3 -> Stage 1; waiting for intermediate/confirmed structure.,,2026-08-12,Stage 1,Not Sure - Unclear,14.34,Neutral,Volume Expanding,Volume Normal (1.20x vs 10W Avg),-7.14,Underperformed Nifty by 7.14% in 3 Months,False,-7.14,4.4,815605884.75,1.02,3.99,1.2,False,False,"Stage 1, Stage 1, weekly_vcp_ok, weekly_strong, flags=Low Liquidity, stage1_not_actionable, stage1_needs_more_base | Blocked public stage jump Stage 3 -> Stage 1; waiting for intermediate/confirmed structure.",weekly_watchlist,38.2,38.2,43690.53,-16.72,"[17.58, 9.82]","[6, 3]",0.9,14.0,strong,251
INDOSTAR.NS,IndoStar Capital Finance Limited,Credit Services,Financial Services,Financial Services,False,Cash,1,Failed Stage 2,Stage 3,Failed Stage 2,0.72,"This stock was recently Stage 2, but the latest structure no longer satisfies Stage 2 rules. It is kept as Failed Stage 2 until a fresh base/repair structure forms.",Recent Stage 2 break; public stage held as Failed Stage 2.,2026-09-30,2026-09-18,,Failed Stage 2,9.9,Weak,Volume Drying Up,Volume Drying Up (0.61x vs 10W Avg),-10.46,Underperformed Nifty by 10.46% in 3 Months,False,-10.46,7.44,17909304.07,0.53,0.87,0.61,True,True,"Stage 3, Early, weekly_vcp_ok, volume_dryup, weekly_volume_dryup, weekly_strong, flags=Wide Risk;Low Liquidity, distribution_or_weakening_risk | Stage 2 failed state applied from stage memory.",weekly_watchlist,37.1,38.1,292.51,-27.0,"[30.61, 27.08, 18.48]","[9, 6, 6]",0.95,24.0,strong,252
BEL.NS,Bharat Electronics Limited,Aerospace & Defense,Industrials,Industrials,True,F&O,1,Not Sure,Stage 4,Pending Stage 4,0.55,Blocked public stage jump Stage 1 -> Stage 4; waiting for intermediate/confirmed structure.,Blocked public stage jump Stage 1 -> Stage 4; waiting for intermediate/confirmed structure.,,,Stage 4,Not Sure - Unclear,13.06,Weak,Volume Drying Up,Volume Normal (0.88x vs 10W Avg),-1.83,Underperformed Nifty by 1.83% in 3 Months,False,-1.83,-10.4,3790817333.71,0.83,1.01,0.88,True,True,"Stage 4, Stage 4, weekly_vcp_ok, volume_dryup, weekly_volume_dryup, weekly_strong, flags=Wide Risk;Low Liquidity, downtrend | Blocked public stage jump Stage 1 -> Stage 4; waiting for intermediate/confirmed structure.",weekly_watchlist,33.1,38.1,435.17,-10.77,"[15.65, 14.08, 12.14]","[4, 7, 5]",0.95,21.0,strong,253
BBL.NS,Bharat Bijlee Limited,Electrical Equipment & Parts,Industrials,Industrials,False,Cash,1,Stage 4,Stage 4,Stage 4,0.86,Price is below the 30-week trend and below long-term support structure.,,,,,Stage 4,6.32,Weak,Volume Drying Up,Volume Drying Up (0.70x vs 10W Avg),-14.49,Underperformed Nifty by 14.49% in 3 Months,False,-14.49,-10.18,41811535.01,0.65,0.69,0.7,True,True,"Stage 4, Stage 4, weekly_vcp_ok, volume_dryup, weekly_volume_dryup, weekly_strong, flags=Wide Risk;Low Liquidity, downtrend",weekly_watchlist,33.1,38.1,3233.5,-35.2,"[31.24, 24.71, 24.18]","[7, 2, 7]",0.95,26.0,strong,254
COCHINSHIP.NS,Cochin Shipyard Limited,Aerospace & Defense,Industrials,Industrials,True,F&O,1,Stage 4,Stage 4,Stage 4,0.86,Price is below the 30-week trend and below long-term support structure.,,,,,Stage 4,4.88,Weak,Volume Drying Up,Volume Drying Up (0.75x vs 10W Avg),-5.81,Underperformed Nifty by 5.81% in 3 Months,False,-5.81,-3.63,1579054035.25,0.78,0.98,0.75,True,True,"Stage 4, Stage 4, weekly_vcp_ok, volume_dryup, weekly_volume_dryup, weekly_strong, flags=Wide Risk;Low Liquidity, downtrend",weekly_watchlist,33.1,38.1,1843.95,-28.69,"[29.89, 25.76, 12.53]","[14, 5, 3]",0.95,30.0,strong,255
MAZDOCK.NS,Mazagon Dock Shipbuilders Limited,Aerospace & Defense,Industrials,Industrials,True,F&O,1,Stage 4,Stage 4,Stage 4,0.86,Price is below the 30-week trend and below long-term support structure.,,,2026-08-28,,Stage 4,4.13,Weak,Volume Drying Up,Volume Drying Up (0.76x vs 10W Avg),-10.96,Underperformed Nifty by 10.96% in 3 Months,False,-10.96,-10.37,1338266509.74,0.91,0.81,0.76,False,True,"Stage 4, Stage 4, weekly_vcp_ok, weekly_volume_dryup, weekly_strong, flags=Wide Risk;Low Liquidity, downtrend",weekly_watchlist,33.1,38.1,2809.85,-24.8,"[19.63, 17.61, 12.59]","[4, 6, 4]",0.95,21.0,strong,256
BANCOINDIA.NS,Banco Products (I) Limited,Auto Parts,Consumer Cyclical,Consumer Cyclical,False,Cash,1,Stage 4,Stage 4,Stage 4,0.86,Price is below the 30-week trend and below long-term support structure.,,,,,Stage 4,15.57,Neutral,Volume Drying Up,Volume Drying Up (0.57x vs 10W Avg),-2.5,Underperformed Nifty by 2.5% in 3 Months,False,-2.5,13.97,51624825.12,0.57,1.31,0.57,True,True,"Stage 4, Stage 4, weekly_vcp_ok, volume_dryup, weekly_volume_dryup, weekly_strong, flags=Wide Weekly Base;Wide Risk;Low Liquidity, downtrend",weekly_watchlist,35.35,37.85,701.14,-13.53,"[37.19, 27.79, 17.06, 12.82]","[11, 7, 3, 2]",1.0,40.0,strong,257
AUBANK.NS,AU Small Finance Bank Limited,Banks - Regional,Financial Services,Financial Services,True,F&O,1,Failed Stage 2,Stage 3,Failed Stage 2,0.72,"This stock was recently Stage 2, but the latest structure no longer satisfies Stage 2 rules. It is kept as Failed Stage 2 until a fresh base/repair structure forms.",Recent Stage 2 break; public stage held as Failed Stage 2.,2026-09-30,2026-09-23,,Failed Stage 2,8.32,Strong,Volume Normal,Volume Normal (1.35x vs 10W Avg),2.08,Outperformed Nifty by 2.08% in 3 Months,False,2.08,12.53,1241934168.57,1.0,0.96,1.35,False,False,"Stage 3, Late, weekly_vcp_ok, weekly_strong, flags=Wide Risk;Low Liquidity, distribution_or_weakening_risk | Stage 2 failed state applied from stage memory.",weekly_watchlist,36.76,37.76,1146.1,-11.85,"[19.97, 12.8, 11.96]","[6, 6, 2]",0.95,22.0,strong,258
KIRLOSENG.NS,Kirloskar Oil Engines Limited,Specialty Industrial Machinery,Industrials,Industrials,False,Cash,1,Stage 2,Stage 2,Advancing,0.9,Price is above constructive weekly and long-term trend structure with improving relative strength.,,,2026-09-29,,Stage 2 - Advancing,33.37,Strong,Volume Expanding,Volume Expanding (3.74x vs 10W Avg),8.72,Outperformed Nifty by 8.72% in 3 Months,True,8.72,63.84,1668435276.71,1.82,3.2,3.74,False,False,"Stage 2, Advancing, trend_template_ok, flags=Wider Risk;Low Liquidity",weekly_watchlist,32.66,37.66,2317.1,-0.56,[26.35],[6],0.0,6.0,weak,259
ICICIBANK.NS,ICICI Bank Limited,Banks - Regional,Financial Services,Financial Services,True,F&O,1,Stage 3,Stage 3,Early,0.68,"Prior strength has shifted into a Stage 3 transition based on trend, relative strength, and volume evidence.",,,,,Stage 3 Early,15.63,Strong,Volume Normal,Volume Normal (1.11x vs 10W Avg),0.21,Outperformed Nifty by 0.21% in 3 Months,False,0.21,5.72,11958393600.34,0.9,1.64,1.11,False,False,"Stage 3, Early, weekly_vcp_ok, weekly_strong, flags=Wider Risk;Low Liquidity, distribution_or_weakening_risk",weekly_watchlist,36.59,37.59,1467.63,-9.94,"[17.21, 12.88]","[7, 6]",0.9,16.0,strong,260
PICCADIL.NS,Piccadily Agro Industries Limited,Consumer Defensive,Consumer Defensive,Consumer Defensive,False,Cash,1,Not Sure,Stage 3,Pending Stage 3,0.55,Blocked public stage jump Stage 1 -> Stage 3; waiting for intermediate/confirmed structure.,Blocked public stage jump Stage 1 -> Stage 3; waiting for intermediate/confirmed structure.,,,Stage 3,Not Sure - Unclear,14.85,Weak,Volume Drying Up,Volume Drying Up (0.33x vs 10W Avg),-4.58,Underperformed Nifty by 4.58% in 3 Months,False,-4.58,9.1,88789311.36,0.46,0.54,0.33,True,True,"Stage 3, Early, weekly_vcp_ok, volume_dryup, weekly_volume_dryup, weekly_strong, flags=Wider Risk;Low Liquidity, distribution_or_weakening_risk | Blocked public stage jump Stage 1 -> Stage 3; waiting for intermediate/confirmed structure.",weekly_watchlist,37.55,37.55,809.77,-26.85,"[25.43, 20.62, 19.92]","[5, 13, 9]",0.95,34.0,strong,261
RITES.NS,RITES Limited,Engineering & Construction,Industrials,Industrials,False,Cash,1,Stage 3,Stage 3,Early,0.68,"Prior strength has shifted into a Stage 3 transition based on trend, relative strength, and volume evidence.",,,,,Stage 3 Early,18.08,Strong,Volume Expanding,Volume Expanding (21.02x vs 10W Avg),5.4,Outperformed Nifty by 5.4% in 3 Months,False,5.4,9.86,590378084.52,3.63,160.03,21.02,False,False,"Stage 3, Early, weekly_vcp_ok, weekly_strong, flags=Low Liquidity, distribution_or_weakening_risk",weekly_watchlist,37.53,37.53,240.33,-13.02,"[24.89, 14.09]","[7, 4]",0.9,16.0,strong,262
MUTHOOTMF.NS,Muthoot Microfin Limited,Credit Services,Financial Services,Financial Services,False,Cash,1,Failed Stage 2,Stage 3,Failed Stage 2,0.72,"This stock was recently Stage 2, but the latest structure no longer satisfies Stage 2 rules. It is kept as Failed Stage 2 until a fresh base/repair structure forms.",Recent Stage 2 break; public stage held as Failed Stage 2.,2026-09-30,2026-09-14,,Failed Stage 2,5.13,Weak,Volume Drying Up,Volume Drying Up (0.34x vs 10W Avg),-10.35,Underperformed Nifty by 10.35% in 3 Months,False,-10.35,14.06,36211489.68,0.34,0.42,0.34,True,True,"Stage 3, Early, weekly_vcp_ok, volume_dryup, weekly_volume_dryup, weekly_strong, flags=Loose Structure;Wide Risk;Low Liquidity, distribution_or_weakening_risk | Stage 2 failed state applied from stage memory.",weekly_watchlist,36.37,37.37,263.23,-32.23,"[28.87, 21.19]","[5, 4]",0.9,15.0,strong,263
MGL.NS,Mahanagar Gas Limited,Utilities,Utilities,Utilities,False,Cash,1,Stage 3,Stage 3,Early,0.68,"Prior strength has shifted into a Stage 3 transition based on trend, relative strength, and volume evidence.",,,2026-08-24,,Stage 3 Early,22.77,Strong,Volume Drying Up,Volume Drying Up (0.48x vs 10W Avg),2.29,Outperformed Nifty by 2.29% in 3 Months,False,2.29,10.64,142306047.93,0.56,1.08,0.48,True,True,"Stage 3, Early, weekly_vcp_ok, volume_dryup, weekly_volume_dryup, weekly_strong, flags=Wider Risk;Low Liquidity, distribution_or_weakening_risk",weekly_watchlist,37.29,37.29,1234.2,-14.28,"[27.01, 10.61]","[4, 11]",0.9,21.0,strong,264
ADANIPORTS.NS,Adani Ports and Special Economic Zone Limited,Marine Shipping,Industrials,Industrials,True,F&O,1,Stage 2,Stage 2,Advancing,0.9,Price is above constructive weekly and long-term trend structure with improving relative strength.,,,2026-09-29,,Stage 2 - Advancing,41.93,Very Strong,Volume Normal,Volume Normal (1.02x vs 10W Avg),3.25,Outperformed Nifty by 3.25% in 3 Months,True,3.25,29.47,3557101242.76,0.89,1.45,1.02,False,False,"Stage 2, Advancing, trend_template_ok, flags=Low Liquidity",weekly_watchlist,32.27,37.27,1827.19,-1.58,[15.76],[9],0.0,9.0,weak,265
ORISSAMINE.NS,The Orissa Minerals Development Company Limited,Steel,Basic Materials,Basic Materials,False,Cash,1,Stage 4,Stage 4,Stage 4,0.86,Price is below the 30-week trend and below long-term support structure.,,,,,Stage 4,4.49,Weak,Volume Drying Up,Volume Drying Up (0.21x vs 10W Avg),0.29,Outperformed Nifty by 0.29% in 3 Months,False,0.29,1.86,28498308.61,0.28,0.58,0.21,True,True,"Stage 4, Stage 4, weekly_vcp_ok, volume_dryup, weekly_volume_dryup, weekly_strong, flags=Wide Weekly Base;Loose Structure;Wider Risk;Low Liquidity, downtrend",weekly_watchlist,32.22,37.22,5208.1,-29.89,"[41.34, 19.06]","[13, 5]",0.9,29.0,strong,266
RPGLIFE.NS,RPG Life Sciences Limited,Drug Manufacturers - Specialty & Generic,Healthcare,Healthcare,False,Cash,1,Stage 2,Stage 2,Advancing,0.9,Price is above constructive weekly and long-term trend structure with improving relative strength.,,,2026-09-29,,Stage 2 - Advancing,43.65,Very Strong,Volume Expanding,Volume Expanding (2.95x vs 10W Avg),33.72,Outperformed Nifty by 33.72% in 3 Months,True,33.72,60.92,116630714.03,2.25,1.65,2.95,False,False,"Stage 2, Advancing, trend_template_ok, flags=Wider Risk;Low Liquidity",weekly_watchlist,32.2,37.2,2967.08,2.36,[19.21],[5],0.0,5.0,weak,267
TDPOWERSYS.NS,TD Power Systems Limited,Specialty Industrial Machinery,Industrials,Industrials,False,Cash,1,Stage 2,Stage 2,Extended,0.78,"Weekly advancing structure remains intact, but price is stretched versus key moving averages.",,,2026-09-29,,Stage 2 - Extended,26.32,Very Strong,Volume Normal,Volume Normal (1.11x vs 10W Avg),40.82,Outperformed Nifty by 40.82% in 3 Months,True,40.82,77.48,1824467073.24,0.88,1.17,1.11,False,False,"Stage 2, Extended, trend_template_ok, flags=Loose Structure;Extended;Wide Risk;Low Liquidity",weekly_watchlist,32.2,37.2,818.98,-4.02,[32.31],[5],0.0,5.0,weak,268
ICIL.NS,Indo Count Industries Limited,Textile Manufacturing,Consumer Cyclical,Consumer Cyclical,False,Cash,1,Stage 2,Stage 2,Advancing,0.9,Price is above constructive weekly and long-term trend structure with improving relative strength.,,,2026-09-29,,Stage 2 - Advancing,45.02,Very Strong,Volume Drying Up,Volume Drying Up (0.44x vs 10W Avg),13.87,Outperformed Nifty by 13.87% in 3 Months,True,13.87,86.02,247016499.63,0.51,1.4,0.44,True,True,"Stage 2, Advancing, trend_template_ok, volume_dryup, weekly_volume_dryup, flags=Wide Risk;Low Liquidity",weekly_watchlist,34.6,37.1,475.48,-3.17,[19.63],[7],0.0,7.0,weak,269
CHOICEIN.NS,Choice International Limited,Capital Markets,Financial Services,Financial Services,False,Cash,1,Stage 3,Stage 3,Early,0.68,"Prior strength has shifted into a Stage 3 transition based on trend, relative strength, and volume evidence.",,,2026-08-28,,Stage 3 Early,14.05,Neutral,Volume Drying Up,Volume Drying Up (0.74x vs 10W Avg),-1.71,Underperformed Nifty by 1.71% in 3 Months,False,-1.71,12.03,296148634.23,1.09,1.04,0.74,False,True,"Stage 3, Early, weekly_vcp_ok, weekly_volume_dryup, weekly_strong, flags=Wider Risk;Low Liquidity, distribution_or_weakening_risk",weekly_watchlist,37.03,37.03,854.3,-14.99,"[30.17, 14.12]","[5, 7]",0.9,16.0,strong,270
FUSION.NS,Fusion Finance Limited,Credit Services,Financial Services,Financial Services,False,Cash,1,Failed Stage 2,Stage 3,Failed Stage 2,0.72,"This stock was recently Stage 2, but the latest structure no longer satisfies Stage 2 rules. It is kept as Failed Stage 2 until a fresh base/repair structure forms.",Recent Stage 2 break; public stage held as Failed Stage 2.,2026-09-30,2026-09-14,,Failed Stage 2,11.38,Weak,Volume Drying Up,Volume Normal (0.94x vs 10W Avg),-15.8,Underperformed Nifty by 15.8% in 3 Months,False,-15.8,14.55,108991130.1,0.7,1.03,0.94,True,False,"Stage 3, Early, weekly_vcp_ok, volume_dryup, weekly_strong, flags=Loose Structure;Wide Risk;Low Liquidity, distribution_or_weakening_risk | Stage 2 failed state applied from stage memory.",weekly_watchlist,36.0,37.0,243.43,-28.08,"[33.71, 27.59]","[5, 5]",0.9,15.0,strong,271
VESUVIUS.NS,Vesuvius India Limited,Specialty Industrial Machinery,Industrials,Industrials,False,Cash,1,Stage 4,Stage 4,Stage 4,0.66,Price is below weekly structure.,,,,,Stage 4,14.21,Weak,Volume Expanding,Volume Expanding (32.94x vs 10W Avg),-3.16,Underperformed Nifty by 3.16% in 3 Months,False,-3.16,-7.28,252517308.71,4.04,50.53,32.94,False,False,"Stage 4, Stage 4, weekly_vcp_ok, weekly_strong, flags=Wider Risk;Low Liquidity, downtrend",weekly_watchlist,32.0,37.0,505.88,-16.15,"[29.22, 18.83]","[6, 5]",0.9,16.0,strong,272
SURYAROSNI.NS,Surya Roshni Limited,Steel,Basic Materials,Basic Materials,False,Cash,1,Stage 4,Stage 4,Stage 4,0.86,Price is below the 30-week trend and below long-term support structure.,,,,,Stage 4,13.98,Weak,Volume Drying Up,Volume Normal (0.87x vs 10W Avg),-8.17,Underperformed Nifty by 8.17% in 3 Months,False,-8.17,6.12,89783050.89,0.77,0.69,0.87,True,True,"Stage 4, Stage 4, weekly_vcp_ok, volume_dryup, weekly_volume_dryup, weekly_strong, flags=Low Liquidity, downtrend",weekly_watchlist,32.0,37.0,273.11,-18.95,"[30.35, 24.62]","[7, 3]",0.9,15.0,strong,273
ARE&M.NS,Amara Raja Energy & Mobility Limited,Electrical Equipment & Parts,Industrials,Industrials,False,Cash,1,Stage 4,Stage 4,Stage 4,0.66,Price is below weekly structure.,,,2026-09-02,,Stage 4,10.82,Weak,Volume Drying Up,Volume Drying Up (0.49x vs 10W Avg),-4.05,Underperformed Nifty by 4.05% in 3 Months,False,-4.05,3.59,335931797.38,0.58,1.79,0.49,True,True,"Stage 4, Stage 4, weekly_vcp_ok, volume_dryup, weekly_volume_dryup, weekly_strong, flags=Wide Risk;Low Liquidity, downtrend",weekly_watchlist,32.0,37.0,1019.08,-25.96,"[26.74, 17.14]","[7, 4]",0.9,14.0,strong,274
GRSE.NS,Garden Reach Shipbuilders & Engineers Limited,Aerospace & Defense,Industrials,Industrials,False,Cash,1,Stage 4,Stage 4,Stage 4,0.66,Price is below weekly structure.,,,2026-08-28,,Stage 4,7.73,Weak,Volume Drying Up,Volume Drying Up (0.81x vs 10W Avg),-14.08,Underperformed Nifty by 14.08% in 3 Months,False,-14.08,-6.38,748417260.35,0.83,1.11,0.81,True,True,"Stage 4, Stage 4, weekly_vcp_ok, volume_dryup, weekly_volume_dryup, weekly_strong, flags=Wide Risk;Low Liquidity, downtrend",weekly_watchlist,32.0,37.0,2931.42,-25.57,"[24.23, 15.78]","[6, 6]",0.9,14.0,strong,275
KIOCL.NS,KIOCL Limited,Steel,Basic Materials,Basic Materials,False,Cash,1,Stage 4,Stage 4,Stage 4,0.66,Price is below weekly structure.,,,,,Stage 4,7.46,Weak,Volume Drying Up,Volume Drying Up (0.33x vs 10W Avg),-7.35,Underperformed Nifty by 7.35% in 3 Months,False,-7.35,-4.1,24634542.44,0.35,0.71,0.33,True,True,"Stage 4, Stage 4, weekly_vcp_ok, volume_dryup, weekly_volume_dryup, weekly_strong, flags=Wide Risk;Low Liquidity, downtrend",weekly_watchlist,32.0,37.0,442.77,-24.95,"[20.79, 7.52]","[4, 18]",0.9,29.0,strong,276
SHAKTIPUMP.NS,Shakti Pumps (India) Limited,Specialty Industrial Machinery,Industrials,Industrials,False,Cash,1,Stage 4,Stage 4,Stage 4,0.86,Price is below the 30-week trend and below long-term support structure.,,,,,Stage 4,7.05,Weak,Volume Drying Up,Volume Drying Up (0.50x vs 10W Avg),-16.1,Underperformed Nifty by 16.1% in 3 Months,False,-16.1,-10.18,539479068.01,0.58,0.57,0.5,True,True,"Stage 4, Stage 4, weekly_vcp_ok, volume_dryup, weekly_volume_dryup, weekly_strong, flags=Wide Weekly Base;Wide Risk;Low Liquidity, downtrend",weekly_watchlist,32.0,37.0,621.79,-25.8,"[42.68, 19.29]","[15, 2]",0.9,22.0,strong,277
CUMMINSIND.NS,Cummins India Limited,Specialty Industrial Machinery,Industrials,Industrials,True,F&O,1,Stage 4,Stage 4,Stage 4,0.66,Price is below weekly structure.,,,2026-08-18,,Stage 4,6.46,Weak,Volume Normal,Volume Normal (1.14x vs 10W Avg),-7.16,Underperformed Nifty by 7.16% in 3 Months,False,-7.16,2.17,1864096197.08,0.91,1.38,1.14,False,False,"Stage 4, Stage 4, weekly_vcp_ok, weekly_strong, flags=Wide Risk;Low Liquidity, downtrend",weekly_watchlist,32.0,37.0,6060.41,-21.46,"[15.86, 11.89]","[7, 4]",0.9,15.0,strong,278
HAVELLS.NS,Havells India Limited,Electrical Equipment & Parts,Industrials,Industrials,True,F&O,1,Stage 4,Stage 4,Stage 4,0.86,Price is below the 30-week trend and below long-term support structure.,,,,,Stage 4,3.79,Weak,Volume Drying Up,Volume Normal (0.89x vs 10W Avg),-7.21,Underperformed Nifty by 7.21% in 3 Months,False,-7.21,-18.56,879807230.41,0.78,1.86,0.89,True,True,"Stage 4, Stage 4, weekly_vcp_ok, volume_dryup, weekly_volume_dryup, weekly_strong, flags=Wide Risk;Low Liquidity, downtrend",weekly_watchlist,32.0,37.0,1317.3,-22.87,"[20.79, 19.95]","[6, 6]",0.9,15.0,strong,279
SANDUMA.NS,Sandur Manganese & Iron Ores Limited,Steel,Basic Materials,Basic Materials,False,Cash,1,Stage 4,Stage 4,Stage 4,0.86,Price is below the 30-week trend and below long-term support structure.,,,,,Stage 4,3.79,Weak,Volume Drying Up,Volume Drying Up (0.62x vs 10W Avg),-6.63,Underperformed Nifty by 6.63% in 3 Months,False,-6.63,-2.12,91965464.02,0.66,0.53,0.62,True,True,"Stage 4, Stage 4, weekly_vcp_ok, volume_dryup, weekly_volume_dryup, weekly_strong, flags=Wide Weekly Base;Wide Risk;Low Liquidity, downtrend",weekly_watchlist,32.0,37.0,253.72,-28.2,"[37.54, 24.77]","[12, 11]",0.9,28.0,strong,280
ANUP.NS,The Anup Engineering Limited,Specialty Industrial Machinery,Industrials,Industrials,False,Cash,1,Stage 4,Stage 4,Stage 4,0.86,Price is below the 30-week trend and below long-term support structure.,,,,,Stage 4,3.79,Weak,Volume Drying Up,Volume Drying Up (0.81x vs 10W Avg),-23.59,Underperformed Nifty by 23.59% in 3 Months,False,-23.59,-7.75,40024372.63,0.79,0.47,0.81,True,True,"Stage 4, Stage 4, weekly_vcp_ok, volume_dryup, weekly_volume_dryup, weekly_strong, flags=Wide Base;Wide Weekly Base;Loose Structure;Wider Risk;Low Liquidity, downtrend",weekly_watchlist,32.0,37.0,2387.5,-33.14,"[35.69, 20.43]","[4, 6]",0.9,17.0,strong,281
GREAVESCOT.NS,Greaves Cotton Limited,Specialty Industrial Machinery,Industrials,Industrials,False,Cash,1,Stage 2,Stage 2,Advancing,0.9,Price is above constructive weekly and long-term trend structure with improving relative strength.,,,2026-09-29,,Stage 2 - Advancing,31.19,Strong,Volume Expanding,Volume Expanding (3.59x vs 10W Avg),10.37,Outperformed Nifty by 10.37% in 3 Months,True,10.37,67.07,525757715.81,2.14,1.1,3.59,False,False,"Stage 2, Advancing, trend_template_ok, flags=Wide Weekly Base;Loose Structure;Wide Risk;Low Liquidity",weekly_watchlist,31.94,36.94,270.16,-14.76,[38.62],[13],0.0,13.0,weak,282
MAHSEAMLES.NS,Maharashtra Seamless Limited,Steel,Basic Materials,Basic Materials,False,Cash,1,Stage 2,Stage 2,Advancing,0.9,Price is above constructive weekly and long-term trend structure with improving relative strength.,,,2026-09-29,,Stage 2 - Advancing,38.2,Very Strong,Volume Expanding,Volume Expanding (1.97x vs 10W Avg),32.04,Outperformed Nifty by 32.04% in 3 Months,True,32.04,22.71,354783891.22,1.29,3.79,1.97,False,False,"Stage 2, Advancing, trend_template_ok, flags=Loose Structure;Wider Risk;Low Liquidity",weekly_watchlist,31.88,36.88,652.67,13.02,"[14.78, 15.77]","[7, 4]",0.1,13.0,weak,283
SANOFICONR.NS,Sanofi Consumer Healthcare India Limited,Drug Manufacturers - General,Healthcare,Healthcare,False,Cash,1,Stage 4,Stage 4,Stage 4,0.66,Price is below weekly structure.,,,,,Stage 4,6.55,Weak,Volume Expanding,Volume Expanding (1.70x vs 10W Avg),-10.97,Underperformed Nifty by 10.97% in 3 Months,False,-10.97,-18.1,27496824.98,0.97,1.03,1.7,False,False,"Stage 4, Stage 4, weekly_vcp_ok, weekly_strong, flags=Wide Risk;Low Liquidity, downtrend",weekly_watchlist,34.2,36.7,5184.41,-26.65,"[21.43, 16.85, 14.53, 8.57]","[10, 5, 2, 3]",1.0,34.0,strong,284
XPROINDIA.NS,Xpro India Limited,Specialty Chemicals,Basic Materials,Basic Materials,False,Cash,1,Failed Stage 2,Stage 3,Failed Stage 2,0.72,"This stock was recently Stage 2, but the latest structure no longer satisfies Stage 2 rules. It is kept as Failed Stage 2 until a fresh base/repair structure forms.",Recent Stage 2 break; public stage held as Failed Stage 2.,2026-09-30,2026-09-15,,Failed Stage 2,0.41,Neutral,Volume Drying Up,Volume Drying Up (0.39x vs 10W Avg),-12.76,Underperformed Nifty by 12.76% in 3 Months,False,-12.76,12.77,104479715.23,0.4,0.22,0.39,True,True,"Stage 3, Late, weekly_vcp_ok, volume_dryup, weekly_volume_dryup, weekly_strong, flags=Loose Structure;Wide Risk;Low Liquidity, distribution_or_weakening_risk | Stage 2 failed state applied from stage memory.",weekly_watchlist,34.2,36.7,1575.39,-26.25,"[30.49, 11.32]","[8, 18]",0.9,29.0,strong,285
GRAPHITE.NS,Graphite India Limited,Electrical Equipment & Parts,Industrials,Industrials,False,Cash,1,Stage 2,Stage 2,Advancing,0.9,Price is above constructive weekly and long-term trend structure with improving relative strength.,,,2026-09-29,,Stage 2 - Advancing,40.98,Very Strong,Volume Drying Up,Volume Drying Up (0.56x vs 10W Avg),31.41,Outperformed Nifty by 31.41% in 3 Months,True,31.41,21.47,3186234236.8,0.66,0.82,0.56,True,True,"Stage 2, Advancing, trend_template_ok, volume_dryup, weekly_volume_dryup, flags=Loose Structure;Wide Risk;Low Liquidity",weekly_watchlist,31.69,36.69,875.88,-12.68,"[25.29, 28.96]","[4, 8]",0.1,19.0,weak,286
ASTRAZEN.NS,AstraZeneca Pharma India Limited,Drug Manufacturers - Specialty & Generic,Healthcare,Healthcare,False,Cash,1,Stage 4,Stage 4,Stage 4,0.86,Price is below the 30-week trend and below long-term support structure.,,,,,Stage 4,0.0,Weak,Volume Drying Up,Volume Normal (1.47x vs 10W Avg),-17.76,Underperformed Nifty by 17.76% in 3 Months,False,-17.76,-21.55,54465191.15,0.81,5.78,1.47,True,False,"Stage 4, Stage 4, weekly_vcp_ok, volume_dryup, weekly_strong, flags=Loose Structure;Wide Risk;Low Liquidity, downtrend",weekly_watchlist,31.3,36.3,9125.25,-32.21,"[18.57, 18.1, 10.0]","[10, 8, 3]",0.95,26.0,strong,287
ERIS.NS,Eris Lifesciences Limited,Drug Manufacturers - Specialty & Generic,Healthcare,Healthcare,False,Cash,1,Stage 4,Stage 4,Stage 4,0.86,Price is below the 30-week trend and below long-term support structure.,,,,,Stage 4,0.0,Weak,Volume Expanding,Volume Expanding (2.74x vs 10W Avg),-10.97,Underperformed Nifty by 10.97% in 3 Months,False,-10.97,-11.15,111688321.57,1.53,1.17,2.74,False,False,"Stage 4, Stage 4, weekly_vcp_ok, weekly_strong, flags=Wide Risk;Low Liquidity, downtrend",weekly_watchlist,31.3,36.3,1524.5,-21.82,"[25.22, 19.16, 18.81]","[7, 6, 2]",0.95,20.0,strong,288
GRAVITA.NS,Gravita India Limited,Metal Fabrication,Industrials,Industrials,False,Cash,1,Stage 4,Stage 4,Stage 4,0.66,Price is below weekly structure.,,,2026-09-01,,Stage 4,0.0,Weak,Volume Normal,Volume Normal (1.04x vs 10W Avg),-11.49,Underperformed Nifty by 11.49% in 3 Months,False,-11.49,2.5,320355981.92,1.12,1.18,1.04,False,False,"Stage 4, Stage 4, weekly_vcp_ok, weekly_strong, flags=Wide Risk;Low Liquidity, downtrend",weekly_watchlist,31.3,36.3,1870.0,-22.6,"[28.17, 16.59, 15.78]","[7, 5, 2]",0.95,24.0,strong,289
EPIGRAL.NS,Epigral Limited,Chemicals,Basic Materials,Basic Materials,False,Cash,1,Stage 4,Stage 4,Stage 4,0.86,Price is below the 30-week trend and below long-term support structure.,,,,,Stage 4,6.67,Neutral,Volume Drying Up,Volume Drying Up (0.39x vs 10W Avg),5.91,Outperformed Nifty by 5.91% in 3 Months,False,5.91,11.49,36872856.69,0.38,0.61,0.39,True,True,"Stage 4, Stage 4, weekly_vcp_ok, volume_dryup, weekly_volume_dryup, weekly_strong, flags=Wide Base;Wide Risk;Low Liquidity, downtrend",weekly_watchlist,33.74,36.24,1267.01,-20.09,"[30.49, 13.13]","[9, 4]",0.9,15.0,strong,290
FEDERALBNK.NS,The Federal Bank  Limited,Banks - Regional,Financial Services,Financial Services,True,F&O,1,Failed Stage 2,Stage 3,Failed Stage 2,0.72,"This stock was recently Stage 2, but the latest structure no longer satisfies Stage 2 rules. It is kept as Failed Stage 2 until a fresh base/repair structure forms.",Recent Stage 2 break; public stage held as Failed Stage 2.,2026-09-30,2026-09-24,,Failed Stage 2,8.92,Neutral,Volume Normal,Volume Normal (1.39x vs 10W Avg),3.22,Outperformed Nifty by 3.22% in 3 Months,False,3.22,14.45,1793556564.67,1.38,1.0,1.39,False,False,"Stage 3, Late, weekly_vcp_ok, weekly_strong, flags=Wider Risk;Low Liquidity, distribution_or_weakening_risk | Stage 2 failed state applied from stage memory.",weekly_watchlist,35.17,36.17,371.08,-14.47,"[16.13, 8.15]","[4, 2]",0.9,11.0,strong,291
NATIONALUM.NS,National Aluminium Company Limited,Basic Materials,Basic Materials,Basic Materials,True,F&O,1,Stage 3,Stage 3,Early,0.68,"Prior strength has shifted into a Stage 3 transition based on trend, relative strength, and volume evidence.",,,2026-08-31,,Stage 3 Early,15.22,Weak,Volume Drying Up,Volume Drying Up (0.80x vs 10W Avg),4.17,Outperformed Nifty by 4.17% in 3 Months,False,4.17,-17.87,1617291495.52,0.72,1.08,0.8,True,True,"Stage 3, Early, weekly_vcp_ok, volume_dryup, weekly_volume_dryup, weekly_strong, flags=Wide Risk;Low Liquidity, distribution_or_weakening_risk",weekly_watchlist,36.0,36.0,443.37,-23.1,"[21.54, 19.1]","[4, 15]",0.9,21.0,strong,292
KMEW.NS,Knowledge Marine & Engineering Works Limited,Marine Shipping,Industrials,Industrials,False,Cash,1,Stage 2,Stage 2,Extended,0.78,"Weekly advancing structure remains intact, but price is stretched versus key moving averages.",,,2026-09-29,,Stage 2 - Extended,49.48,Very Strong,Volume Expanding,Volume Expanding (1.94x vs 10W Avg),41.52,Outperformed Nifty by 41.52% in 3 Months,True,41.52,81.84,367783940.49,1.32,1.94,1.94,False,False,"Stage 2, Extended, trend_template_ok, flags=Extended;Wider Risk;Low Liquidity",weekly_watchlist,31.0,36.0,3180.56,-4.37,[25.12],[4],0.0,4.0,weak,293
CAPLIPOINT.NS,Caplin Point Laboratories Limited,Drug Manufacturers - Specialty & Generic,Healthcare,Healthcare,False,Cash,1,Stage 2,Stage 2,Advancing,0.9,Price is above constructive weekly and long-term trend structure with improving relative strength.,,,2026-09-29,,Stage 2 - Advancing,40.12,Strong,Volume Expanding,Volume Expanding (1.85x vs 10W Avg),10.47,Outperformed Nifty by 10.47% in 3 Months,True,10.47,72.43,645956918.91,1.25,0.62,1.85,False,False,"Stage 2, Advancing, trend_template_ok, flags=Wider Risk;Low Liquidity",weekly_watchlist,31.0,36.0,2877.9,-5.61,[11.73],[4],0.0,4.0,weak,294
APARINDS.NS,Apar Industries Limited,Electrical Equipment & Parts,Industrials,Industrials,False,Cash,1,Stage 2,Stage 2,Advancing,0.9,Price is above constructive weekly and long-term trend structure with improving relative strength.,,,2026-09-29,,Stage 2 - Advancing,33.7,Very Strong,Volume Drying Up,Volume Drying Up (0.79x vs 10W Avg),28.59,Outperformed Nifty by 28.59% in 3 Months,True,28.59,70.54,2331114358.73,0.96,0.91,0.79,False,True,"Stage 2, Advancing, trend_template_ok, weekly_volume_dryup, flags=Loose Structure;Wide Risk;Low Liquidity",weekly_watchlist,31.0,36.0,18433.32,-5.69,[22.59],[4],0.0,4.0,weak,295
BLISSGVS.NS,Bliss GVS Pharma Limited,Drug Manufacturers - Specialty & Generic,Healthcare,Healthcare,False,Cash,1,Stage 2,Stage 2,Extended,0.78,"Weekly advancing structure remains intact, but price is stretched versus key moving averages.",,,2026-09-29,,Stage 2 - Extended,31.75,Very Strong,Volume Expanding,Volume Expanding (2.41x vs 10W Avg),48.69,Outperformed Nifty by 48.69% in 3 Months,True,48.69,192.25,286591442.86,1.32,0.49,2.41,False,False,"Stage 2, Extended, trend_template_ok, flags=Loose Structure;Extended;Wider Risk;Low Liquidity",weekly_watchlist,31.0,36.0,729.27,-4.78,[19.73],[4],0.0,4.0,weak,296
STLTECH.NS,Sterlite Technologies Limited,Communication Equipment,Technology,Technology,False,Cash,1,Stage 2,Stage 2,Extended,0.78,"Weekly advancing structure remains intact, but price is stretched versus key moving averages.",,,2026-09-29,,Stage 2 - Extended,24.41,Very Strong,Volume Drying Up,Volume Normal (0.87x vs 10W Avg),62.3,Outperformed Nifty by 62.3% in 3 Months,True,62.3,377.78,1460956100.0,0.8,1.02,0.87,True,True,"Stage 2, Extended, trend_template_ok, volume_dryup, weekly_volume_dryup, flags=Loose Structure;Extended;Wide Risk;Circuit Risk;Low Liquidity",weekly_watchlist,31.0,36.0,913.6,-0.4,[27.6],[6],0.0,6.0,weak,297
MTARTECH.NS,Mtar Technologies Limited,Specialty Industrial Machinery,Industrials,Industrials,False,Cash,1,Stage 2,Stage 2,Advancing,0.9,Price is above constructive weekly and long-term trend structure with improving relative strength.,,,2026-09-29,,Stage 2 - Advancing,10.76,Very Strong,Volume Normal,Volume Normal (1.21x vs 10W Avg),17.44,Outperformed Nifty by 17.44% in 3 Months,True,17.44,97.28,898888606.3,0.87,1.8,1.21,False,False,"Stage 2, Advancing, trend_template_ok, flags=Wide Weekly Base;Loose Structure;Wide Risk;Circuit Risk;Low Liquidity",weekly_watchlist,31.0,36.0,7958.9,-2.03,[40.39],[6],0.0,6.0,weak,298
AEGISVOPAK.NS,Aegis Vopak Terminals Limited,Energy,Energy,Energy,False,Cash,1,Stage 2,Stage 2,Advancing,0.9,Price is above constructive weekly and long-term trend structure with improving relative strength.,,,2026-09-29,,Stage 2 - Advancing,30.2,Very Strong,Volume Normal,Volume Normal (0.87x vs 10W Avg),12.89,Outperformed Nifty by 12.89% in 3 Months,True,12.89,68.89,557239381.4,1.59,0.35,0.87,False,True,"Stage 2, Advancing, trend_template_ok, weekly_volume_dryup, flags=Wide Risk;Low Liquidity",weekly_watchlist,33.4,35.9,307.09,-3.35,[17.08],[6],0.0,6.0,weak,299
DDEVPLSTIK.NS,Ddev Plastiks Industries Limited,Specialty Chemicals,Basic Materials,Basic Materials,False,Cash,1,Stage 4,Stage 4,Stage 4,0.86,Price is below the 30-week trend and below long-term support structure.,,,,,Stage 4,5.14,Neutral,Volume Drying Up,Volume Drying Up (0.50x vs 10W Avg),-3.33,Underperformed Nifty by 3.33% in 3 Months,False,-3.33,16.73,21685296.27,0.5,0.65,0.5,True,True,"Stage 4, Stage 4, weekly_vcp_ok, volume_dryup, weekly_volume_dryup, weekly_strong, flags=Wide Weekly Base;Wide Risk;Low Liquidity, downtrend",weekly_watchlist,33.34,35.84,314.01,-20.54,"[39.99, 11.71]","[7, 2]",0.9,13.0,strong,300
TARC.NS,TARC Limited,Real Estate,Real Estate,Real Estate,False,Cash,1,Stage 4,Stage 4,Stage 4,0.66,Price is below weekly structure.,,,,,Stage 4,25.81,Strong,Volume Drying Up,Volume Drying Up (0.28x vs 10W Avg),6.1,Outperformed Nifty by 6.1% in 3 Months,False,6.1,4.21,69541686.88,0.35,0.25,0.28,True,True,"Stage 4, Stage 4, weekly_vcp_ok, volume_dryup, weekly_volume_dryup, weekly_strong, flags=Wide Weekly Base;Wider Risk, downtrend",weekly_watchlist,34.83,35.83,142.8,-11.79,"[41.44, 16.59]","[12, 7]",0.9,28.0,strong,301
PGIL.NS,Pearl Global Industries Limited,Apparel Manufacturing,Consumer Cyclical,Consumer Cyclical,False,Cash,1,Stage 2,Stage 2,Advancing,0.9,Price is above constructive weekly and long-term trend structure with improving relative strength.,,,2026-09-29,,Stage 2 - Advancing,30.79,Very Strong,Volume Drying Up,Volume Drying Up (0.81x vs 10W Avg),36.58,Outperformed Nifty by 36.58% in 3 Months,True,36.58,67.63,292413502.41,0.93,0.42,0.81,False,True,"Stage 2, Advancing, trend_template_ok, weekly_volume_dryup, flags=Loose Structure;Wider Risk;Low Liquidity",weekly_watchlist,35.8,35.8,1272.02,0.79,[31.48],[8],0.0,8.0,weak,302
MRF.NS,MRF Limited,Auto Parts,Consumer Cyclical,Consumer Cyclical,False,Cash,1,Stage 4,Stage 4,Stage 4,0.66,Price is below weekly structure.,,,,,Stage 4,18.91,Neutral,Volume Drying Up,Volume Drying Up (0.72x vs 10W Avg),-0.68,Underperformed Nifty by 0.68% in 3 Months,False,-0.68,-2.61,408569314.25,0.84,1.16,0.72,True,True,"Stage 4, Stage 4, weekly_vcp_ok, volume_dryup, weekly_volume_dryup, weekly_strong, flags=Wider Risk;Low Liquidity, downtrend",weekly_watchlist,33.1,35.6,140549.69,-10.86,"[19.02, 13.35, 6.61]","[6, 6, 5]",0.95,26.0,strong,303
FORCEMOT.NS,FORCE MOTORS LTD,Auto Manufacturers,Consumer Cyclical,Consumer Cyclical,True,F&O,1,Stage 4,Stage 4,Stage 4,0.86,Price is below the 30-week trend and below long-term support structure.,,,,,Stage 4,11.64,Weak,Volume Drying Up,Volume Drying Up (0.82x vs 10W Avg),-1.97,Underperformed Nifty by 1.97% in 3 Months,False,-1.97,-15.44,1091106109.9,0.74,0.88,0.82,True,True,"Stage 4, Stage 4, weekly_vcp_ok, volume_dryup, weekly_volume_dryup, weekly_strong, flags=Wide Risk;Low Liquidity, downtrend",weekly_watchlist,33.1,35.6,23195.65,-26.48,"[27.11, 27.22, 13.27]","[6, 8, 4]",0.95,23.0,strong,304
APOLLOTYRE.NS,Apollo Tyres Limited,Auto Parts,Consumer Cyclical,Consumer Cyclical,False,Cash,1,Stage 4,Stage 4,Stage 4,0.66,Price is below weekly structure.,,,,,Stage 4,11.12,Neutral,Volume Expanding,Volume Expanding (1.82x vs 10W Avg),-3.82,Underperformed Nifty by 3.82% in 3 Months,False,-3.82,-2.71,364103314.37,1.37,0.67,1.82,False,False,"Stage 4, Stage 4, weekly_vcp_ok, weekly_strong, flags=Wide Risk;Low Liquidity, downtrend",weekly_watchlist,33.1,35.6,468.22,-13.57,"[25.79, 18.69, 9.93]","[6, 5, 2]",0.95,24.0,strong,305
CEATLTD.NS,CEAT Limited,Auto Parts,Consumer Cyclical,Consumer Cyclical,False,Cash,1,Stage 4,Stage 4,Stage 4,0.66,Price is below weekly structure.,,,,,Stage 4,8.21,Weak,Volume Drying Up,Volume Drying Up (0.58x vs 10W Avg),-6.5,Underperformed Nifty by 6.5% in 3 Months,False,-6.5,-4.1,181569017.47,0.86,0.9,0.58,False,True,"Stage 4, Stage 4, weekly_vcp_ok, weekly_volume_dryup, weekly_strong, flags=Wide Risk;Low Liquidity, downtrend",weekly_watchlist,33.1,35.6,3945.73,-17.27,"[24.11, 22.5, 16.98]","[3, 6, 2]",0.95,23.0,strong,306
JKTYRE.NS,JK Tyre & Industries Limited,Auto Parts,Consumer Cyclical,Consumer Cyclical,False,Cash,1,Stage 4,Stage 4,Stage 4,0.86,Price is below the 30-week trend and below long-term support structure.,,,,,Stage 4,8.01,Weak,Volume Expanding,Volume Normal (0.99x vs 10W Avg),-7.6,Underperformed Nifty by 7.6% in 3 Months,False,-7.6,-12.14,159952857.37,0.93,2.5,0.99,False,False,"Stage 4, Stage 4, weekly_vcp_ok, weekly_strong, flags=Wide Weekly Base;Wide Risk;Low Liquidity, downtrend",weekly_watchlist,33.1,35.6,437.87,-20.75,"[38.45, 16.95, 10.73]","[7, 2, 2]",0.95,23.0,strong,307
PFIZER.NS,Pfizer Limited,Drug Manufacturers - General,Healthcare,Healthcare,False,Cash,1,Stage 4,Stage 4,Stage 4,0.86,Price is below the 30-week trend and below long-term support structure.,,,,,Stage 4,5.08,Weak,Volume Drying Up,Volume Normal (1.07x vs 10W Avg),-7.17,Underperformed Nifty by 7.17% in 3 Months,False,-7.17,-19.93,252731329.01,0.7,0.64,1.07,True,False,"Stage 4, Stage 4, weekly_vcp_ok, volume_dryup, weekly_strong, flags=Loose Structure;Wide Risk;Low Liquidity, downtrend",weekly_watchlist,33.1,35.6,5158.01,-24.87,"[13.67, 13.98, 13.41]","[7, 6, 6]",0.95,28.0,strong,308
RAMRAT.NS,Ram Ratna Wires Limited,Electrical Equipment & Parts,Industrials,Industrials,False,Cash,1,Stage 2,Stage 2,Extended,0.78,"Weekly advancing structure remains intact, but price is stretched versus key moving averages.",,,2026-09-29,,Stage 2 - Extended,37.46,Very Strong,Volume Drying Up,Volume Drying Up (0.59x vs 10W Avg),54.9,Outperformed Nifty by 54.9% in 3 Months,True,54.9,92.35,151856348.68,0.72,0.45,0.59,True,True,"Stage 2, Extended, trend_template_ok, volume_dryup, weekly_volume_dryup, flags=Loose Structure;Extended;Wide Risk",weekly_watchlist,30.4,35.4,603.5,-3.5,[31.92],[2],0.0,2.0,weak,309
HOMEFIRST.NS,Home First Finance Company India Limited,Mortgage Finance,Financial Services,Financial Services,False,Cash,1,Failed Stage 2,Stage 3,Failed Stage 2,0.72,"This stock was recently Stage 2, but the latest structure no longer satisfies Stage 2 rules. It is kept as Failed Stage 2 until a fresh base/repair structure forms.",Recent Stage 2 break; public stage held as Failed Stage 2.,2026-09-30,2026-09-23,,Failed Stage 2,0.0,Neutral,Volume Normal,Volume Normal (1.39x vs 10W Avg),-0.45,Underperformed Nifty by 0.45% in 3 Months,False,-0.45,12.12,324073642.35,1.65,1.17,1.39,False,False,"Stage 3, Late, weekly_vcp_ok, weekly_strong, flags=Wide Risk;Low Liquidity, distribution_or_weakening_risk | Stage 2 failed state applied from stage memory.",weekly_watchlist,35.37,35.37,1291.86,-14.48,"[29.07, 17.41]","[5, 5]",0.9,15.0,strong,310
HINDPETRO.NS,Hindustan Petroleum Corporation Limited,Oil & Gas Refining & Marketing,Energy,Energy,True,F&O,1,Stage 4,Stage 4,Stage 4,0.86,Price is below the 30-week trend and below long-term support structure.,,,,,Stage 4,13.02,Neutral,Volume Drying Up,Volume Drying Up (0.72x vs 10W Avg),-1.18,Underperformed Nifty by 1.18% in 3 Months,False,-1.18,9.87,1245444945.67,0.72,0.66,0.72,True,True,"Stage 4, Stage 4, weekly_vcp_ok, volume_dryup, weekly_volume_dryup, weekly_strong, flags=Wide Risk;Low Liquidity, downtrend",weekly_watchlist,32.87,35.37,400.12,-12.44,"[33.54, 9.82]","[7, 8]",0.9,24.0,strong,311
SHANTIGEAR.NS,Shanthi Gears Limited,Specialty Industrial Machinery,Industrials,Industrials,False,Cash,1,Stage 2,Stage 2,Advancing,0.9,Price is above constructive weekly and long-term trend structure with improving relative strength.,,,2026-09-29,,Stage 2 - Advancing,14.93,Very Strong,Volume Drying Up,Volume Drying Up (0.18x vs 10W Avg),37.12,Outperformed Nifty by 37.12% in 3 Months,True,37.12,26.17,185078350.96,0.16,0.16,0.18,True,True,"Stage 2, Advancing, trend_template_ok, volume_dryup, weekly_volume_dryup, flags=Loose Structure;Wide Risk;Circuit Risk;Low Liquidity",weekly_watchlist,30.33,35.33,488.59,18.69,"[15.13, 16.64]","[3, 9]",0.1,23.0,weak,312
RESPONIND.NS,Responsive Industries Limited,Specialty Chemicals,Basic Materials,Basic Materials,False,Cash,1,Stage 4,Stage 4,Stage 4,0.86,Price is below the 30-week trend and below long-term support structure.,,,,,Stage 4,4.78,Neutral,Volume Drying Up,Volume Drying Up (0.57x vs 10W Avg),-15.81,Underperformed Nifty by 15.81% in 3 Months,False,-15.81,23.79,538861748.91,0.47,0.17,0.57,True,True,"Stage 4, Stage 4, weekly_vcp_ok, volume_dryup, weekly_volume_dryup, weekly_strong, flags=Wide Weekly Base;Loose Structure;Wide Risk;Low Liquidity, downtrend",weekly_watchlist,32.8,35.3,241.18,-31.43,"[42.02, 34.09]","[8, 14]",0.9,31.0,strong,313
ASTERDM.NS,Aster DM Healthcare Limited,Medical Care Facilities,Healthcare,Healthcare,False,Cash,1,Failed Stage 2,Stage 3,Failed Stage 2,0.72,"This stock was recently Stage 2, but the latest structure no longer satisfies Stage 2 rules. It is kept as Failed Stage 2 until a fresh base/repair structure forms.",Recent Stage 2 break; public stage held as Failed Stage 2.,2026-09-30,2026-09-25,,Failed Stage 2,15.88,Weak,Volume Drying Up,Volume Drying Up (0.70x vs 10W Avg),-5.13,Underperformed Nifty by 5.13% in 3 Months,False,-5.13,5.02,941834439.16,0.48,0.54,0.7,True,True,"Stage 3, Early, weekly_vcp_ok, volume_dryup, weekly_volume_dryup, weekly_strong, flags=Wide Risk;Low Liquidity, distribution_or_weakening_risk | Stage 2 failed state applied from stage memory.",weekly_watchlist,35.2,35.2,892.86,-21.92,"[17.69, 17.31]","[4, 4]",0.9,11.0,strong,314
SWIGGY.NS,Swiggy Limited,Consumer Cyclical,Consumer Cyclical,Consumer Cyclical,True,F&O,1,Stage 4,Stage 4,Stage 4,0.86,Price is below the 30-week trend and below long-term support structure.,,,,,Stage 4,9.95,Weak,Volume Drying Up,Volume Drying Up (0.54x vs 10W Avg),7.5,Outperformed Nifty by 7.5% in 3 Months,False,7.5,-8.42,7202604472.58,0.72,0.42,0.54,True,True,"Stage 4, Stage 4, weekly_vcp_ok, volume_dryup, weekly_volume_dryup, weekly_strong, flags=Wide Risk;Low Liquidity, downtrend",weekly_watchlist,34.2,35.2,359.63,-30.46,"[28.34, 28.5, 21.15, 14.31]","[7, 7, 10, 4]",1.0,38.0,strong,315
HUBTOWN.NS,Hubtown Limited,Real Estate,Real Estate,Real Estate,False,Cash,1,Stage 4,Stage 4,Stage 4,0.86,Price is below the 30-week trend and below long-term support structure.,,,,,Stage 4,8.52,Weak,Volume Expanding,Volume Normal (1.16x vs 10W Avg),-9.44,Underperformed Nifty by 9.44% in 3 Months,False,-9.44,-7.51,83088887.0,0.89,3.16,1.16,False,False,"Stage 4, Stage 4, weekly_vcp_ok, weekly_strong, flags=Wide Weekly Base;Wide Risk;Low Liquidity, downtrend",weekly_watchlist,34.2,35.2,254.44,-28.36,"[42.61, 33.8, 22.18, 20.78]","[10, 7, 4, 5]",1.0,38.0,strong,316
JASH.NS,Jash Engineering Limited,Specialty Industrial Machinery,Industrials,Industrials,False,Cash,1,Stage 2,Stage 2,Extended,0.78,"Weekly advancing structure remains intact, but price is stretched versus key moving averages.",,,2026-09-29,,Stage 2 - Extended,35.34,Very Strong,Volume Normal,Volume Normal (0.95x vs 10W Avg),25.31,Outperformed Nifty by 25.31% in 3 Months,True,25.31,57.93,618043388.62,4.03,1.16,0.95,False,False,"Stage 2, Extended, trend_template_ok, flags=Extended;Wide Risk;Low Liquidity",weekly_watchlist,30.2,35.2,547.85,7.99,[20.73],[10],0.0,10.0,weak,317
ORCHPHARMA.NS,Orchid Pharma Limited,Drug Manufacturers - Specialty & Generic,Healthcare,Healthcare,False,Cash,1,Stage 2,Stage 2,Advancing,0.8,Price is above constructive weekly and long-term trend structure with improving relative strength.,,,2026-09-29,,Stage 2 - Advancing,24.25,Very Strong,Volume Normal,Volume Normal (0.98x vs 10W Avg),13.6,Outperformed Nifty by 13.6% in 3 Months,True,13.6,91.03,128411332.89,1.94,0.54,0.98,False,False,"Stage 2, Advancing, trend_template_ok, flags=Wide Risk;Low Liquidity",weekly_watchlist,30.2,35.2,1133.0,-12.0,[15.57],[10],0.0,10.0,weak,318
SYNGENE.NS,Syngene International Limited,Diagnostics & Research,Healthcare,Healthcare,False,Cash,1,Stage 4,Stage 4,Stage 4,0.86,Price is below the 30-week trend and below long-term support structure.,,,,,Stage 4,0.0,Weak,Volume Drying Up,Volume Drying Up (0.30x vs 10W Avg),-8.3,Underperformed Nifty by 8.3% in 3 Months,False,-8.3,-7.58,228791011.37,0.83,0.56,0.3,True,True,"Stage 4, Stage 4, weekly_vcp_ok, volume_dryup, weekly_volume_dryup, weekly_strong, flags=Wide Weekly Base;Wide Risk;Low Liquidity, downtrend",weekly_watchlist,30.2,35.2,517.99,-29.48,"[44.03, 27.43]","[13, 13]",0.9,29.0,strong,319
ELGIEQUIP.NS,Elgi Equipments Limited,Specialty Industrial Machinery,Industrials,Industrials,False,Cash,1,Stage 2,Stage 2,Advancing,0.9,Price is above constructive weekly and long-term trend structure with improving relative strength.,,,2026-09-29,,Stage 2 - Advancing,33.62,Very Strong,Volume Drying Up,Volume Drying Up (0.41x vs 10W Avg),10.13,Outperformed Nifty by 10.13% in 3 Months,True,10.13,25.44,229738716.05,0.5,0.67,0.41,True,True,"Stage 2, Advancing, trend_template_ok, volume_dryup, weekly_volume_dryup, flags=Wider Risk;Low Liquidity",weekly_watchlist,30.16,35.16,653.4,-6.82,[10.8],[7],0.0,7.0,weak,320
RATNAMANI.NS,Ratnamani Metals & Tubes Limited,Steel,Basic Materials,Basic Materials,False,Cash,1,Stage 2,Stage 2,Advancing,0.9,Price is above constructive weekly and long-term trend structure with improving relative strength.,,,2026-09-29,,Stage 2 - Advancing,39.51,Very Strong,Volume Drying Up,Volume Drying Up (0.40x vs 10W Avg),13.1,Outperformed Nifty by 13.1% in 3 Months,True,13.1,22.18,149672600.45,0.4,0.36,0.4,True,True,"Stage 2, Advancing, trend_template_ok, volume_dryup, weekly_volume_dryup, flags=Loose Structure;Wider Risk;Low Liquidity",weekly_watchlist,30.13,35.13,2902.47,-6.1,[24.35],[7],0.0,7.0,weak,321
REFEX.NS,Refex Industries Limited,Energy,Energy,Energy,False,Cash,1,Stage 4,Stage 4,Stage 4,0.86,Price is below the 30-week trend and below long-term support structure.,,,,,Stage 4,3.98,Weak,Volume Drying Up,Volume Drying Up (0.40x vs 10W Avg),-17.54,Underperformed Nifty by 17.54% in 3 Months,False,-17.54,23.72,169041480.09,1.89,0.65,0.4,False,True,"Stage 4, Stage 4, weekly_vcp_ok, weekly_volume_dryup, weekly_strong, flags=Wide Weekly Base;Wide Risk;Low Liquidity, downtrend",weekly_watchlist,32.62,35.12,370.86,-28.48,"[45.11, 28.92]","[13, 5]",0.9,20.0,strong,322
NEWGEN.NS,Newgen Software Technologies Limited,Software - Infrastructure,Technology,Technology,False,Cash,1,Stage 4,Stage 4,Stage 4,0.66,Price is below weekly structure.,,,,,Stage 4,8.25,Neutral,Volume Drying Up,Volume Drying Up (0.56x vs 10W Avg),5.35,Outperformed Nifty by 5.35% in 3 Months,False,5.35,4.44,351954717.12,0.47,0.4,0.56,True,True,"Stage 4, Stage 4, weekly_vcp_ok, volume_dryup, weekly_volume_dryup, weekly_strong, flags=Wide Weekly Base;Wide Risk;Low Liquidity, downtrend",weekly_watchlist,34.08,35.08,601.33,-22.2,"[37.09, 18.93, 14.27]","[6, 4, 5]",0.95,20.0,strong,323
AUTOAXLES.NS,Automotive Axles Limited,Auto Parts,Consumer Cyclical,Consumer Cyclical,False,Cash,1,Stage 4,Stage 4,Stage 4,0.66,Price is below weekly structure.,,,2026-08-05,,Stage 4,14.91,Strong,Volume Drying Up,Volume Normal (0.96x vs 10W Avg),2.5,Outperformed Nifty by 2.5% in 3 Months,False,2.5,2.94,10063682.19,0.69,0.48,0.96,True,False,"Stage 4, Stage 4, weekly_vcp_ok, volume_dryup, weekly_strong, flags=Wide Risk;Low Liquidity, downtrend",weekly_watchlist,32.54,35.04,1977.76,-13.72,"[24.49, 15.35]","[12, 3]",0.9,19.0,strong,324
GALLANTT.NS,Gallantt Ispat Limited,Steel,Basic Materials,Basic Materials,False,Cash,1,Stage 4,Stage 4,Stage 4,0.66,Price is below weekly structure.,,,,,Stage 4,5.78,Weak,Volume Drying Up,Volume Drying Up (0.36x vs 10W Avg),-12.51,Underperformed Nifty by 12.51% in 3 Months,False,-12.51,-17.28,51788012.65,0.86,0.66,0.36,False,True,"Stage 4, Stage 4, weekly_vcp_ok, weekly_volume_dryup, weekly_strong, flags=Wide Base;Wide Risk;Low Liquidity, downtrend",weekly_watchlist,30.0,35.0,725.6,-25.92,"[34.06, 31.5]","[4, 4]",0.9,10.0,strong,325
LUMAXTECH.NS,Lumax Auto Technologies Limited,Auto Parts,Consumer Cyclical,Consumer Cyclical,False,Cash,1,Stage 2,Stage 2,Advancing,0.9,Price is above constructive weekly and long-term trend structure with improving relative strength.,,,2026-09-29,,Stage 2 - Advancing,31.52,Very Strong,Volume Drying Up,Volume Drying Up (0.35x vs 10W Avg),44.2,Outperformed Nifty by 44.2% in 3 Months,True,44.2,26.18,248465476.01,0.47,0.97,0.35,True,True,"Stage 2, Advancing, trend_template_ok, volume_dryup, weekly_volume_dryup, flags=Loose Structure;Wide Risk;Low Liquidity",weekly_watchlist,32.44,34.94,2152.46,-3.52,[23.22],[6],0.0,6.0,weak,326
DOMS.NS,DOMS Industries Limited,Industrials,Industrials,Industrials,False,Cash,1,Stage 4,Stage 4,Stage 4,0.66,Price is below weekly structure.,,,,,Stage 4,22.78,Weak,Volume Drying Up,Volume Drying Up (0.78x vs 10W Avg),-1.86,Underperformed Nifty by 1.86% in 3 Months,False,-1.86,-11.73,77498664.94,0.67,1.33,0.78,True,True,"Stage 4, Stage 4, weekly_vcp_ok, volume_dryup, weekly_volume_dryup, weekly_strong, flags=Wide Risk, downtrend",weekly_watchlist,34.9,34.9,2430.97,-13.33,"[26.54, 15.33, 9.49]","[5, 8, 4]",0.95,26.0,strong,327
BLUEDART.NS,Blue Dart Express Limited,Industrials,Industrials,Industrials,False,Cash,1,Stage 4,Stage 4,Stage 4,0.86,Price is below the 30-week trend and below long-term support structure.,,,,,Stage 4,19.42,Weak,Volume Drying Up,Volume Normal (0.97x vs 10W Avg),2.21,Outperformed Nifty by 2.21% in 3 Months,False,2.21,-6.81,55246332.06,0.58,1.38,0.97,True,False,"Stage 4, Stage 4, weekly_vcp_ok, volume_dryup, weekly_strong, flags=Wide Risk, downtrend",weekly_watchlist,34.9,34.9,5775.5,-19.85,"[21.02, 19.86, 7.15]","[7, 5, 4]",0.95,23.0,strong,328
GLAND.NS,Gland Pharma Limited,Drug Manufacturers - Specialty & Generic,Healthcare,Healthcare,False,Cash,1,Stage 2,Stage 2,Advancing,0.9,Price is above constructive weekly and long-term trend structure with improving relative strength.,,,2026-09-29,,Stage 2 - Advancing,47.43,Very Strong,Volume Drying Up,Volume Drying Up (0.63x vs 10W Avg),25.4,Outperformed Nifty by 25.4% in 3 Months,True,25.4,68.91,1807473548.03,0.57,1.03,0.63,True,True,"Stage 2, Advancing, trend_template_ok, volume_dryup, weekly_volume_dryup, flags=Wider Risk;Low Liquidity",weekly_watchlist,29.8,34.8,3046.22,-4.82,[9.52],[3],0.0,3.0,weak,329
MOTHERSON.NS,Samvardhana Motherson International Limited,Auto Parts,Consumer Cyclical,Consumer Cyclical,True,F&O,1,Stage 2,Stage 2,Advancing,0.9,Price is above constructive weekly and long-term trend structure with improving relative strength.,,,2026-09-29,,Stage 2 - Advancing,40.39,Very Strong,Volume Drying Up,Volume Normal (0.98x vs 10W Avg),19.33,Outperformed Nifty by 19.33% in 3 Months,True,19.33,49.52,1731777499.38,0.8,1.39,0.98,True,False,"Stage 2, Advancing, trend_template_ok, volume_dryup, flags=Wider Risk;Low Liquidity",weekly_watchlist,32.29,34.79,173.27,-5.78,[9.92],[6],0.0,6.0,weak,330
TATVA.NS,Tatva Chintan Pharma Chem Limited,Specialty Chemicals,Basic Materials,Basic Materials,False,Cash,1,Stage 2,Stage 2,Advancing,0.9,Price is above constructive weekly and long-term trend structure with improving relative strength.,,,2026-09-29,,Stage 2 - Advancing,36.24,Very Strong,Volume Drying Up,Volume Drying Up (0.53x vs 10W Avg),49.09,Outperformed Nifty by 49.09% in 3 Months,True,49.09,54.66,122163347.39,1.1,0.89,0.53,False,True,"Stage 2, Advancing, trend_template_ok, weekly_volume_dryup, flags=Low Liquidity",weekly_watchlist,32.2,34.7,1839.1,-2.99,[22.46],[5],0.0,5.0,weak,331
IDEAFORGE.NS,Ideaforge Technology Limited,Technology,Technology,Technology,False,Cash,1,Stage 3,Stage 3,Early,0.68,"Prior strength has shifted into a Stage 3 transition based on trend, relative strength, and volume evidence.",,,2026-08-20,,Stage 3 Early,11.47,Weak,Volume Drying Up,Volume Drying Up (0.57x vs 10W Avg),-7.61,Underperformed Nifty by 7.61% in 3 Months,False,-7.61,80.62,176287368.67,0.68,0.81,0.57,True,True,"Stage 3, Early, weekly_vcp_ok, volume_dryup, weekly_volume_dryup, flags=Wide Risk;Low Liquidity, distribution_or_weakening_risk",weekly_watchlist,29.6,34.6,993.99,-26.46,"[22.09, 23.58, 22.94]","[4, 5, 4]",0.55,19.0,moderate,332
ONGC.NS,Oil & Natural Gas Corporation Limited,Energy,Energy,Energy,True,F&O,1,Stage 4,Stage 4,Stage 4,0.66,Price is below weekly structure.,,,,,Stage 4,17.21,Weak,Volume Drying Up,Volume Normal (0.86x vs 10W Avg),-0.23,Underperformed Nifty by 0.23% in 3 Months,False,-0.23,-22.19,2257309946.12,0.84,1.09,0.86,True,True,"Stage 4, Stage 4, weekly_vcp_ok, volume_dryup, weekly_volume_dryup, weekly_strong, flags=Wider Risk;Low Liquidity, downtrend",weekly_watchlist,32.0,34.5,306.73,-26.39,"[22.3, 9.21]","[13, 5]",0.9,21.0,strong,333
GHCL.NS,GHCL Limited,Chemicals,Basic Materials,Basic Materials,False,Cash,1,Stage 4,Stage 4,Stage 4,0.86,Price is below the 30-week trend and below long-term support structure.,,,,,Stage 4,12.44,Weak,Volume Expanding,Volume Expanding (1.66x vs 10W Avg),1.22,Outperformed Nifty by 1.22% in 3 Months,False,1.22,-10.25,50313415.78,1.11,0.8,1.66,False,False,"Stage 4, Stage 4, weekly_vcp_ok, weekly_strong, flags=Wide Risk;Low Liquidity, downtrend",weekly_watchlist,32.0,34.5,459.53,-11.76,"[26.23, 24.12]","[7, 5]",0.9,18.0,strong,334
SANOFI.NS,Sanofi India Limited,Drug Manufacturers - General,Healthcare,Healthcare,False,Cash,1,Stage 4,Stage 4,Stage 4,0.86,Price is below the 30-week trend and below long-term support structure.,,,,,Stage 4,11.24,Weak,Volume Normal,Volume Normal (1.50x vs 10W Avg),-4.48,Underperformed Nifty by 4.48% in 3 Months,False,-4.48,-9.66,55045763.61,1.04,0.78,1.5,False,False,"Stage 4, Stage 4, weekly_vcp_ok, weekly_strong, flags=Low Liquidity, downtrend",weekly_watchlist,32.0,34.5,3566.9,-14.3,"[34.45, 14.23]","[21, 6]",0.9,30.0,strong,335
SUBROS.NS,Subros Limited,Auto Parts,Consumer Cyclical,Consumer Cyclical,False,Cash,1,Stage 4,Stage 4,Stage 4,0.86,Price is below the 30-week trend and below long-term support structure.,,,,,Stage 4,9.95,Weak,Volume Drying Up,Volume Drying Up (0.69x vs 10W Avg),-9.95,Underperformed Nifty by 9.95% in 3 Months,False,-9.95,0.55,24750809.84,0.78,0.52,0.69,True,True,"Stage 4, Stage 4, weekly_vcp_ok, volume_dryup, weekly_volume_dryup, weekly_strong, flags=Wider Risk;Low Liquidity, downtrend",weekly_watchlist,32.0,34.5,895.68,-21.92,"[27.36, 15.13]","[7, 5]",0.9,17.0,strong,336
M&M.NS,Mahindra & Mahindra Limited,Auto Manufacturers,Consumer Cyclical,Consumer Cyclical,True,F&O,1,Stage 4,Stage 4,Stage 4,0.66,Price is below weekly structure.,,,,,Stage 4,8.97,Weak,Volume Normal,Volume Normal (1.13x vs 10W Avg),-1.05,Underperformed Nifty by 1.05% in 3 Months,False,-1.05,-2.15,5772090691.93,1.03,1.27,1.13,False,False,"Stage 4, Stage 4, weekly_vcp_ok, weekly_strong, flags=Wide Risk;Low Liquidity, downtrend",weekly_watchlist,32.0,34.5,3540.79,-16.69,"[23.53, 14.67]","[5, 5]",0.9,17.0,strong,337
TATACHEM.NS,Tata Chemicals Limited,Chemicals,Basic Materials,Basic Materials,False,Cash,1,Stage 4,Stage 4,Stage 4,0.86,Price is below the 30-week trend and below long-term support structure.,,,,,Stage 4,7.06,Weak,Volume Normal,Volume Normal (0.99x vs 10W Avg),-5.37,Underperformed Nifty by 5.37% in 3 Months,False,-5.37,-1.72,2638967660.63,2.31,0.42,0.99,False,False,"Stage 4, Stage 4, weekly_vcp_ok, weekly_strong, flags=Wide Risk;Low Liquidity, downtrend",weekly_watchlist,32.0,34.5,843.38,-27.5,"[26.41, 22.58]","[12, 11]",0.9,35.0,strong,338
SIYSIL.NS,Siyaram Silk Mills Limited,Textile Manufacturing,Consumer Cyclical,Consumer Cyclical,False,Cash,1,Stage 4,Stage 4,Stage 4,0.86,Price is below the 30-week trend and below long-term support structure.,,,2026-08-20,,Stage 4,6.69,Weak,Volume Drying Up,Volume Drying Up (0.37x vs 10W Avg),-6.68,Underperformed Nifty by 6.68% in 3 Months,False,-6.68,5.78,15110580.27,0.5,0.34,0.37,True,True,"Stage 4, Stage 4, weekly_vcp_ok, volume_dryup, weekly_volume_dryup, weekly_strong, flags=Wide Weekly Base;Wider Risk;Low Liquidity, downtrend",weekly_watchlist,32.0,34.5,663.0,-18.56,"[48.39, 11.4]","[21, 5]",0.9,38.0,strong,339
MSUMI.NS,Motherson Sumi Wiring India Limited,Auto Parts,Consumer Cyclical,Consumer Cyclical,False,Cash,1,Stage 4,Stage 4,Stage 4,0.86,Price is below the 30-week trend and below long-term support structure.,,,,,Stage 4,5.93,Weak,Volume Normal,Volume Normal (1.07x vs 10W Avg),-8.98,Underperformed Nifty by 8.98% in 3 Months,False,-8.98,-7.9,386046994.11,1.15,0.57,1.07,False,False,"Stage 4, Stage 4, weekly_vcp_ok, weekly_strong, flags=Wide Risk;Low Liquidity, downtrend",weekly_watchlist,32.0,34.5,42.82,-20.43,"[33.38, 16.39]","[11, 5]",0.9,22.0,strong,340
INTELLECT.NS,Intellect Design Arena Limited,Software - Application,Technology,Technology,False,Cash,1,Stage 4,Stage 4,Stage 4,0.86,Price is below the 30-week trend and below long-term support structure.,,,,,Stage 4,5.69,Weak,Volume Drying Up,Volume Drying Up (0.70x vs 10W Avg),-12.67,Underperformed Nifty by 12.67% in 3 Months,False,-12.67,-8.46,192644192.62,0.8,1.53,0.7,True,True,"Stage 4, Stage 4, weekly_vcp_ok, volume_dryup, weekly_volume_dryup, weekly_strong, flags=Wide Weekly Base;Wide Risk;Low Liquidity, downtrend",weekly_watchlist,32.0,34.5,827.89,-25.88,"[52.18, 20.06]","[21, 2]",0.9,28.0,strong,341
DBCORP.NS,D.B.Corp Limited,Communication Services,Communication Services,Communication Services,False,Cash,1,Stage 4,Stage 4,Stage 4,0.86,Price is below the 30-week trend and below long-term support structure.,,,,,Stage 4,5.53,Weak,Volume Drying Up,Volume Drying Up (0.83x vs 10W Avg),-2.41,Underperformed Nifty by 2.41% in 3 Months,False,-2.41,-11.33,12838495.66,0.92,2.94,0.83,False,True,"Stage 4, Stage 4, weekly_vcp_ok, weekly_volume_dryup, weekly_strong, flags=Wide Risk;Low Liquidity, downtrend",weekly_watchlist,32.0,34.5,239.7,-26.83,"[30.76, 23.22]","[14, 7]",0.9,27.0,strong,342
ZEEL.NS,Zee Entertainment Enterprises Limited,Communication Services,Communication Services,Communication Services,False,Cash,1,Stage 4,Stage 4,Stage 4,0.86,Price is below the 30-week trend and below long-term support structure.,,,2026-08-28,,Stage 4,5.48,Weak,Volume Drying Up,Volume Drying Up (0.47x vs 10W Avg),-18.34,Underperformed Nifty by 18.34% in 3 Months,False,-18.34,2.35,1297975184.65,0.48,0.57,0.47,True,True,"Stage 4, Stage 4, weekly_vcp_ok, volume_dryup, weekly_volume_dryup, weekly_strong, flags=Loose Structure;Wide Risk;Low Liquidity, downtrend",weekly_watchlist,32.0,34.5,115.59,-35.57,"[31.38, 15.65]","[6, 2]",0.9,14.0,strong,343
JTEKTINDIA.NS,Jtekt India Limited,Auto Parts,Consumer Cyclical,Consumer Cyclical,False,Cash,1,Stage 4,Stage 4,Stage 4,0.86,Price is below the 30-week trend and below long-term support structure.,,,,,Stage 4,4.73,Weak,Volume Drying Up,Volume Drying Up (0.32x vs 10W Avg),-12.64,Underperformed Nifty by 12.64% in 3 Months,False,-12.64,-9.36,12863254.06,0.6,0.4,0.32,True,True,"Stage 4, Stage 4, weekly_vcp_ok, volume_dryup, weekly_volume_dryup, weekly_strong, flags=Wide Risk;Low Liquidity, downtrend",weekly_watchlist,32.0,34.5,158.93,-26.65,"[29.0, 20.05]","[5, 4]",0.9,15.0,strong,344
KANSAINER.NS,Kansai Nerolac Paints Limited,Specialty Chemicals,Basic Materials,Basic Materials,False,Cash,1,Stage 4,Stage 4,Stage 4,0.86,Price is below the 30-week trend and below long-term support structure.,,,,,Stage 4,4.37,Weak,Volume Drying Up,Volume Drying Up (0.83x vs 10W Avg),-9.16,Underperformed Nifty by 9.16% in 3 Months,False,-9.16,-1.32,59616501.92,0.77,0.66,0.83,True,True,"Stage 4, Stage 4, weekly_vcp_ok, volume_dryup, weekly_volume_dryup, weekly_strong, flags=Wide Risk;Low Liquidity, downtrend",weekly_watchlist,32.0,34.5,223.14,-20.23,"[33.65, 14.22]","[7, 8]",0.9,24.0,strong,345
POCL.NS,Pondy Oxides & Chemicals Limited,Specialty Chemicals,Basic Materials,Basic Materials,False,Cash,1,Stage 4,Stage 4,Stage 4,0.86,Price is below the 30-week trend and below long-term support structure.,,,2026-07-24,,Stage 4,3.79,Weak,Volume Drying Up,Volume Drying Up (0.76x vs 10W Avg),-13.79,Underperformed Nifty by 13.79% in 3 Months,False,-13.79,1.89,179427801.19,0.8,1.0,0.76,True,True,"Stage 4, Stage 4, weekly_vcp_ok, volume_dryup, weekly_volume_dryup, weekly_strong, flags=Wide Weekly Base;Wide Risk;Low Liquidity, downtrend",weekly_watchlist,32.0,34.5,645.88,-29.92,"[37.86, 27.29]","[11, 4]",0.9,22.0,strong,346
DCAL.NS,Dishman Carbogen Amcis Limited,Biotechnology,Healthcare,Healthcare,False,Cash,1,Stage 4,Stage 4,Stage 4,0.86,Price is below the 30-week trend and below long-term support structure.,,,,,Stage 4,3.79,Weak,Volume Drying Up,Volume Drying Up (0.51x vs 10W Avg),-12.81,Underperformed Nifty by 12.81% in 3 Months,False,-12.81,5.36,33351473.28,0.66,0.88,0.51,True,True,"Stage 4, Stage 4, weekly_vcp_ok, volume_dryup, weekly_volume_dryup, weekly_strong, flags=Wide Weekly Base;Wide Risk;Low Liquidity, downtrend",weekly_watchlist,32.0,34.5,224.79,-29.95,"[53.15, 25.47]","[15, 4]",0.9,26.0,strong,347
GOODLUCK.NS,Goodluck India Limited,Steel,Basic Materials,Basic Materials,False,Cash,1,Stage 2,Stage 2,Advancing,0.9,Price is above constructive weekly and long-term trend structure with improving relative strength.,,,2026-09-29,,Stage 2 - Advancing,44.3,Strong,Volume Drying Up,Volume Drying Up (0.41x vs 10W Avg),9.46,Outperformed Nifty by 9.46% in 3 Months,True,9.46,42.78,293626421.24,0.62,0.44,0.41,True,True,"Stage 2, Advancing, trend_template_ok, volume_dryup, weekly_volume_dryup, flags=Wider Risk;Low Liquidity",weekly_watchlist,29.42,34.42,557.3,-8.84,[15.12],[14],0.0,14.0,weak,348
ASHOKLEY.NS,Ashok Leyland Limited,Farm & Heavy Construction Machinery,Industrials,Industrials,True,F&O,1,Stage 4,Stage 4,Stage 4,0.86,Price is below the 30-week trend and below long-term support structure.,,,2026-08-13,,Stage 4,10.66,Neutral,Volume Drying Up,Volume Drying Up (0.85x vs 10W Avg),-0.38,Underperformed Nifty by 0.38% in 3 Months,False,-0.38,1.25,1787105118.8,0.73,1.59,0.85,True,True,"Stage 4, Stage 4, weekly_vcp_ok, volume_dryup, weekly_volume_dryup, weekly_strong, flags=Wide Risk;Low Liquidity, downtrend",weekly_watchlist,33.19,34.19,183.02,-15.75,"[33.56, 22.61, 11.91]","[7, 7, 3]",0.95,23.0,strong,349
CANBK.NS,Canara Bank,Banks - Regional,Financial Services,Financial Services,True,F&O,1,Stage 4,Stage 4,Stage 4,0.66,Price is below weekly structure.,,,,,Stage 4,16.61,Weak,Volume Drying Up,Volume Normal (0.86x vs 10W Avg),1.25,Outperformed Nifty by 1.25% in 3 Months,False,1.25,-6.03,1420753039.4,0.79,1.08,0.86,True,True,"Stage 4, Stage 4, weekly_vcp_ok, volume_dryup, weekly_volume_dryup, weekly_strong, flags=Wider Risk;Low Liquidity, downtrend",weekly_watchlist,33.1,34.1,157.96,-24.39,"[21.02, 15.81, 11.61]","[17, 4, 3]",0.95,31.0,strong,350
BANKINDIA.NS,Bank of India,Banks - Regional,Financial Services,Financial Services,True,F&O,1,Stage 4,Stage 4,Stage 4,0.66,Price is below weekly structure.,,,2026-08-27,,Stage 4,14.3,Weak,Volume Normal,Volume Normal (0.95x vs 10W Avg),-0.04,Underperformed Nifty by 0.04% in 3 Months,False,-0.04,-3.52,673946084.96,0.88,0.94,0.95,False,False,"Stage 4, Stage 4, weekly_vcp_ok, weekly_strong, flags=Wide Risk;Low Liquidity, downtrend",weekly_watchlist,33.1,34.1,151.0,-13.75,"[24.58, 11.56, 11.25]","[5, 4, 3]",0.95,19.0,strong,351
CENTRALBK.NS,Central Bank of India,Banks - Regional,Financial Services,Financial Services,False,Cash,1,Stage 4,Stage 4,Stage 4,0.66,Price is below weekly structure.,,,,,Stage 4,14.14,Weak,Volume Drying Up,Volume Drying Up (0.67x vs 10W Avg),0.18,Outperformed Nifty by 0.18% in 3 Months,False,0.18,-9.75,218062980.07,1.52,0.73,0.67,False,True,"Stage 4, Stage 4, weekly_vcp_ok, weekly_volume_dryup, weekly_strong, flags=Wide Risk;Low Liquidity, downtrend",weekly_watchlist,33.1,34.1,36.99,-17.66,"[23.51, 20.61, 13.31]","[5, 4, 11]",0.95,27.0,strong,352
EMAMILTD.NS,Emami Limited,Household & Personal Products,Consumer Defensive,Consumer Defensive,False,Cash,1,Stage 4,Stage 4,Stage 4,0.86,Price is below the 30-week trend and below long-term support structure.,,,,,Stage 4,12.23,Weak,Volume Normal,Volume Normal (1.41x vs 10W Avg),-2.25,Underperformed Nifty by 2.25% in 3 Months,False,-2.25,-8.91,979990179.82,2.02,0.91,1.41,False,False,"Stage 4, Stage 4, weekly_vcp_ok, weekly_strong, flags=Wide Risk;Low Liquidity, downtrend",weekly_watchlist,33.1,34.1,477.83,-20.67,"[26.11, 21.09, 16.98]","[8, 7, 9]",0.95,30.0,strong,353
VIPIND.NS,VIP Industries Limited,Consumer Cyclical,Consumer Cyclical,Consumer Cyclical,False,Cash,1,Stage 4,Stage 4,Stage 4,0.86,Price is below the 30-week trend and below long-term support structure.,,,,,Stage 4,10.22,Neutral,Volume Drying Up,Volume Drying Up (0.61x vs 10W Avg),3.01,Outperformed Nifty by 3.01% in 3 Months,False,3.01,-8.44,96949646.55,1.07,0.45,0.61,False,True,"Stage 4, Stage 4, weekly_vcp_ok, weekly_volume_dryup, weekly_strong, flags=Wide Risk;Low Liquidity, downtrend",weekly_watchlist,33.1,34.1,345.6,-15.81,"[22.98, 16.32, 16.52]","[5, 2, 7]",0.95,30.0,strong,354
BATAINDIA.NS,Bata India Limited,Consumer Cyclical,Consumer Cyclical,Consumer Cyclical,False,Cash,1,Stage 4,Stage 4,Stage 4,0.86,Price is below the 30-week trend and below long-term support structure.,,,,,Stage 4,6.95,Weak,Volume Drying Up,Volume Drying Up (0.25x vs 10W Avg),0.88,Outperformed Nifty by 0.88% in 3 Months,False,0.88,-4.46,96649339.58,0.52,0.32,0.25,True,True,"Stage 4, Stage 4, weekly_vcp_ok, volume_dryup, weekly_volume_dryup, weekly_strong, flags=Wide Weekly Base;Wide Risk;Low Liquidity, downtrend",weekly_watchlist,33.1,34.1,767.99,-19.43,"[36.88, 16.43, 17.23]","[7, 7, 3]",0.95,21.0,strong,355
SAFARI.NS,Safari Industries (India) Limited,Consumer Cyclical,Consumer Cyclical,Consumer Cyclical,False,Cash,1,Stage 4,Stage 4,Stage 4,0.86,Price is below the 30-week trend and below long-term support structure.,,,,,Stage 4,6.67,Weak,Volume Normal,Volume Normal (0.93x vs 10W Avg),-4.71,Underperformed Nifty by 4.71% in 3 Months,False,-4.71,-5.76,60215401.09,1.04,1.75,0.93,False,False,"Stage 4, Stage 4, weekly_vcp_ok, weekly_strong, flags=Wide Weekly Base;Wide Risk, downtrend",weekly_watchlist,33.1,34.1,1700.81,-15.95,"[36.96, 17.58, 13.26]","[7, 3, 5]",0.95,27.0,strong,356
MEDIASSIST.NS,Medi Assist Healthcare Services Limited,Healthcare,Healthcare,Healthcare,False,Cash,1,Stage 4,Stage 4,Stage 4,0.86,Price is below the 30-week trend and below long-term support structure.,,,,,Stage 4,5.89,Weak,Volume Normal,Volume Normal (1.48x vs 10W Avg),-9.67,Underperformed Nifty by 9.67% in 3 Months,False,-9.67,-8.73,87446817.31,1.7,0.79,1.48,False,False,"Stage 4, Stage 4, weekly_vcp_ok, weekly_strong, flags=Wide Weekly Base;Wide Risk;Low Liquidity, downtrend",weekly_watchlist,33.1,34.1,404.64,-25.3,"[49.09, 15.64, 13.55]","[21, 4, 5]",0.95,37.0,strong,357
ZAGGLE.NS,Zaggle Prepaid Ocean Services Limited,Software - Infrastructure,Technology,Technology,False,Cash,1,Stage 4,Stage 4,Stage 4,0.86,Price is below the 30-week trend and below long-term support structure.,,,,,Stage 4,5.75,Weak,Volume Drying Up,Volume Drying Up (0.23x vs 10W Avg),-10.53,Underperformed Nifty by 10.53% in 3 Months,False,-10.53,-26.11,163653791.47,0.27,0.18,0.23,True,True,"Stage 4, Stage 4, weekly_vcp_ok, volume_dryup, weekly_volume_dryup, weekly_strong, flags=Wide Weekly Base;Wider Risk;Low Liquidity, downtrend",weekly_watchlist,33.1,34.1,296.52,-41.6,"[54.11, 34.79, 30.52]","[19, 4, 5]",0.95,39.0,strong,358
MARATHON.NS,Marathon Nextgen Realty Limited,Real Estate,Real Estate,Real Estate,False,Cash,1,Stage 4,Stage 4,Stage 4,0.86,Price is below the 30-week trend and below long-term support structure.,,,,,Stage 4,5.51,Weak,Volume Drying Up,Volume Drying Up (0.19x vs 10W Avg),-0.44,Underperformed Nifty by 0.44% in 3 Months,False,-0.44,-8.82,49406999.74,0.21,0.08,0.19,True,True,"Stage 4, Stage 4, weekly_vcp_ok, volume_dryup, weekly_volume_dryup, weekly_strong, flags=Wide Risk;Low Liquidity, downtrend",weekly_watchlist,33.1,34.1,527.65,-26.25,"[30.11, 27.08, 21.16]","[8, 5, 7]",0.95,28.0,strong,359
CSBBANK.NS,CSB Bank Limited,Banks - Regional,Financial Services,Financial Services,False,Cash,1,Stage 4,Stage 4,Stage 4,0.86,Price is below the 30-week trend and below long-term support structure.,,,,,Stage 4,4.93,Weak,Volume Drying Up,Volume Drying Up (0.45x vs 10W Avg),-4.3,Underperformed Nifty by 4.3% in 3 Months,False,-4.3,-18.11,301806672.81,0.87,0.34,0.45,False,True,"Stage 4, Stage 4, weekly_vcp_ok, weekly_volume_dryup, weekly_strong, flags=Wide Weekly Base;Wide Risk;Low Liquidity, downtrend",weekly_watchlist,33.1,34.1,417.93,-25.59,"[43.45, 18.5, 16.03]","[10, 4, 2]",0.95,25.0,strong,360
MHRIL.NS,Mahindra Holidays & Resorts India Limited,Consumer Cyclical,Consumer Cyclical,Consumer Cyclical,False,Cash,1,Stage 4,Stage 4,Stage 4,0.86,Price is below the 30-week trend and below long-term support structure.,,,,,Stage 4,4.81,Weak,Volume Drying Up,Volume Drying Up (0.58x vs 10W Avg),-9.66,Underperformed Nifty by 9.66% in 3 Months,False,-9.66,-23.27,23787163.56,0.83,0.4,0.58,True,True,"Stage 4, Stage 4, weekly_vcp_ok, volume_dryup, weekly_volume_dryup, weekly_strong, flags=Wide Risk;Low Liquidity, downtrend",weekly_watchlist,33.1,34.1,278.05,-30.14,"[29.01, 24.98, 16.17]","[7, 6, 5]",0.95,23.0,strong,361
SUNTECK.NS,Sunteck Realty Limited,Real Estate,Real Estate,Real Estate,False,Cash,1,Stage 4,Stage 4,Stage 4,0.86,Price is below the 30-week trend and below long-term support structure.,,,,,Stage 4,4.39,Weak,Volume Drying Up,Volume Drying Up (0.59x vs 10W Avg),-10.91,Underperformed Nifty by 10.91% in 3 Months,False,-10.91,-8.59,32890639.28,0.5,0.46,0.59,True,True,"Stage 4, Stage 4, weekly_vcp_ok, volume_dryup, weekly_volume_dryup, weekly_strong, flags=Wide Weekly Base;Wide Risk;Low Liquidity, downtrend",weekly_watchlist,33.1,34.1,381.03,-27.2,"[35.8, 28.74, 15.67]","[7, 7, 2]",0.95,23.0,strong,362
GODREJPROP.NS,Godrej Properties Limited,Real Estate,Real Estate,Real Estate,True,F&O,1,Failed Stage 2,Stage 4,Failed Stage 2,0.72,"This stock was recently Stage 2, but the latest structure no longer satisfies Stage 2 rules. It is kept as Failed Stage 2 until a fresh base/repair structure forms.",Recent Stage 2 break; public stage held as Failed Stage 2.,2026-09-30,2026-09-10,,Failed Stage 2,4.13,Weak,Volume Drying Up,Volume Drying Up (0.75x vs 10W Avg),-13.24,Underperformed Nifty by 13.24% in 3 Months,False,-13.24,0.66,1190735011.72,0.75,1.37,0.75,True,True,"Stage 4, Stage 4, weekly_vcp_ok, volume_dryup, weekly_volume_dryup, weekly_strong, flags=Loose Structure;Wide Risk;Low Liquidity, downtrend | Stage 2 failed state applied from stage memory.",weekly_watchlist,33.1,34.1,2183.82,-25.43,"[31.85, 24.3, 17.51]","[3, 6, 5]",0.95,22.0,strong,363
SHRIPISTON.NS,Shriram Pistons & Rings Limited,Auto Parts,Consumer Cyclical,Consumer Cyclical,False,Cash,1,Stage 2,Stage 2,Advancing,0.9,Price is above constructive weekly and long-term trend structure with improving relative strength.,,,2026-09-29,,Stage 2 - Advancing,39.32,Very Strong,Volume Expanding,Volume Expanding (2.00x vs 10W Avg),17.28,Outperformed Nifty by 17.28% in 3 Months,True,17.28,55.87,347520240.08,1.43,0.92,2.0,False,False,"Stage 2, Advancing, trend_template_ok, flags=Low Liquidity",weekly_watchlist,31.51,34.01,4794.17,-2.93,[14.41],[5],0.0,5.0,weak,364
AEROFLEX.NS,Aeroflex Industries Limited,Metal Fabrication,Industrials,Industrials,False,Cash,1,Stage 2,Stage 2,Extended,0.78,"Weekly advancing structure remains intact, but price is stretched versus key moving averages.",,,2026-09-29,,Stage 2 - Extended,24.88,Very Strong,Volume Drying Up,Volume Drying Up (0.67x vs 10W Avg),23.83,Outperformed Nifty by 23.83% in 3 Months,True,23.83,117.31,659588238.14,0.7,0.69,0.67,True,True,"Stage 2, Extended, trend_template_ok, volume_dryup, weekly_volume_dryup, flags=Loose Structure;Extended;Wide Risk;Low Liquidity",weekly_watchlist,29.0,34.0,585.17,-8.3,[13.65],[9],0.0,9.0,weak,365
DEEDEV.NS,DEE Development Engineers Limited,Metal Fabrication,Industrials,Industrials,False,Cash,1,Stage 2,Stage 2,Extended,0.78,"Weekly advancing structure remains intact, but price is stretched versus key moving averages.",,,2026-09-29,,Stage 2 - Extended,18.02,Very Strong,Volume Drying Up,Volume Drying Up (0.60x vs 10W Avg),7.14,Outperformed Nifty by 7.14% in 3 Months,True,7.14,114.77,140271822.95,0.86,0.39,0.6,False,True,"Stage 2, Extended, trend_template_ok, weekly_volume_dryup, flags=Extended;Wide Risk;Circuit Risk;Low Liquidity",weekly_watchlist,29.0,34.0,744.83,-9.12,[24.01],[11],0.0,11.0,weak,366
MASTEK.NS,Mastek Limited,Information Technology Services,Technology,Technology,False,Cash,1,Stage 4,Stage 4,Stage 4,0.66,Price is below weekly structure.,,,,,Stage 4,5.1,Neutral,Volume Drying Up,Volume Drying Up (0.41x vs 10W Avg),5.5,Outperformed Nifty by 5.5% in 3 Months,False,5.5,1.69,165670405.15,0.37,0.42,0.41,True,True,"Stage 4, Stage 4, weekly_vcp_ok, volume_dryup, weekly_volume_dryup, weekly_strong, flags=Wide Weekly Base;Wide Risk;Low Liquidity, downtrend",weekly_watchlist,33.82,33.82,1929.33,-19.0,"[40.28, 16.11, 13.85]","[10, 4, 4]",0.95,23.0,strong,367
LALPATHLAB.NS,Dr. Lal Path Labs Ltd.,Diagnostics & Research,Healthcare,Healthcare,False,Cash,1,Stage 2,Stage 2,Advancing,0.9,Price is above constructive weekly and long-term trend structure with improving relative strength.,,,2026-09-29,,Stage 2 - Advancing,38.58,Very Strong,Volume Expanding,Volume Normal (1.09x vs 10W Avg),24.97,Outperformed Nifty by 24.97% in 3 Months,True,24.97,45.21,629624757.09,0.95,1.96,1.09,False,False,"Stage 2, Advancing, trend_template_ok, flags=Wider Risk;Low Liquidity",weekly_watchlist,28.82,33.82,2042.17,-2.7,[6.7],[3],0.0,3.0,weak,368
JSWHL.NS,JSW Holdings Limited,Conglomerates,Industrials,Industrials,False,Cash,1,Stage 4,Stage 4,Stage 4,0.86,Price is below the 30-week trend and below long-term support structure.,,,,,Stage 4,23.12,Weak,Volume Expanding,Volume Expanding (2.43x vs 10W Avg),-1.26,Underperformed Nifty by 1.26% in 3 Months,False,-1.26,-6.73,102242401.5,1.23,9.22,2.43,False,False,"Stage 4, Stage 4, weekly_vcp_ok, weekly_strong, flags=Wide Weekly Base;Wider Risk, downtrend",weekly_watchlist,33.8,33.8,13523.62,-16.1,"[50.64, 22.0]","[17, 7]",0.9,33.0,strong,369
ARVINDFASN.NS,Arvind Fashions Limited,Apparel Manufacturing,Consumer Cyclical,Consumer Cyclical,False,Cash,1,Stage 4,Stage 4,Stage 4,0.86,Price is below the 30-week trend and below long-term support structure.,,,,,Stage 4,12.62,Weak,Volume Normal,Volume Normal (0.89x vs 10W Avg),-10.5,Underperformed Nifty by 10.5% in 3 Months,False,-10.5,-13.15,90526934.27,0.9,1.54,0.89,False,True,"Stage 4, Stage 4, weekly_vcp_ok, weekly_volume_dryup, weekly_strong, flags=Wide Risk, downtrend",weekly_watchlist,33.8,33.8,494.14,-21.59,"[28.78, 12.2]","[8, 4]",0.9,28.0,strong,370
FIEMIND.NS,Fiem Industries Limited,Auto Parts,Consumer Cyclical,Consumer Cyclical,False,Cash,1,Stage 4,Stage 4,Stage 4,0.86,Price is below the 30-week trend and below long-term support structure.,,,2026-08-17,,Stage 4,0.0,Weak,Volume Drying Up,Volume Drying Up (0.73x vs 10W Avg),-8.05,Underperformed Nifty by 8.05% in 3 Months,False,-8.05,-7.25,113379916.5,0.74,1.41,0.73,True,True,"Stage 4, Stage 4, weekly_vcp_ok, volume_dryup, weekly_volume_dryup, weekly_strong, flags=Loose Structure;Wide Risk;Low Liquidity, downtrend",weekly_watchlist,31.3,33.8,2679.48,-29.93,"[26.81, 10.54, 10.97]","[7, 2, 3]",0.95,21.0,strong,371
VINATIORGA.NS,Vinati Organics Limited,Specialty Chemicals,Basic Materials,Basic Materials,False,Cash,1,Stage 4,Stage 4,Stage 4,0.86,Price is below the 30-week trend and below long-term support structure.,,,,,Stage 4,0.0,Weak,Volume Drying Up,Volume Drying Up (0.81x vs 10W Avg),-5.66,Underperformed Nifty by 5.66% in 3 Months,False,-5.66,-10.11,77039469.22,1.24,0.88,0.81,False,True,"Stage 4, Stage 4, weekly_vcp_ok, weekly_volume_dryup, weekly_strong, flags=Wide Risk;Low Liquidity, downtrend",weekly_watchlist,31.3,33.8,1419.57,-17.7,"[25.51, 10.46, 9.09]","[10, 3, 5]",0.95,25.0,strong,372
INDIAMART.NS,Indiamart Intermesh Limited,Communication Services,Communication Services,Communication Services,False,Cash,1,Stage 4,Stage 4,Stage 4,0.86,Price is below the 30-week trend and below long-term support structure.,,,,,Stage 4,0.0,Weak,Volume Drying Up,Volume Drying Up (0.50x vs 10W Avg),-6.98,Underperformed Nifty by 6.98% in 3 Months,False,-6.98,-19.68,189590578.98,1.13,1.07,0.5,False,True,"Stage 4, Stage 4, weekly_vcp_ok, weekly_volume_dryup, weekly_strong, flags=Wide Risk;Low Liquidity, downtrend",weekly_watchlist,31.3,33.8,2137.28,-23.78,"[16.47, 16.67, 13.1]","[9, 8, 4]",0.95,27.0,strong,373
TIRUMALCHM.NS,Thirumalai Chemicals Limited,Specialty Chemicals,Basic Materials,Basic Materials,False,Cash,1,Stage 4,Stage 4,Stage 4,0.86,Price is below the 30-week trend and below long-term support structure.,,,,,Stage 4,0.0,Weak,Volume Drying Up,Volume Drying Up (0.57x vs 10W Avg),-9.32,Underperformed Nifty by 9.32% in 3 Months,False,-9.32,-13.89,70867389.09,0.94,0.4,0.57,False,True,"Stage 4, Stage 4, weekly_vcp_ok, weekly_volume_dryup, weekly_strong, flags=Wide Risk;Low Liquidity, downtrend",weekly_watchlist,31.3,33.8,226.1,-33.04,"[29.15, 27.47, 23.67]","[6, 4, 7]",0.95,34.0,strong,374
LTM.NS,LTM Limited,Information Technology Services,Technology,Technology,True,F&O,1,Stage 4,Stage 4,Stage 4,0.66,Price is below weekly structure.,,,,,Stage 4,7.71,Neutral,Volume Normal,Volume Normal (1.23x vs 10W Avg),15.32,Outperformed Nifty by 15.32% in 3 Months,False,15.32,-9.02,1799209107.57,1.1,1.1,1.23,False,False,"Stage 4, Stage 4, weekly_vcp_ok, weekly_strong, flags=Wide Weekly Base;Wide Risk;Low Liquidity, downtrend",weekly_watchlist,33.73,33.73,4858.49,-16.74,"[37.79, 18.33, 19.08]","[10, 3, 4]",0.95,23.0,strong,375
NSIL.NS,Nalwa Sons Investments Limited,Asset Management,Financial Services,Financial Services,False,Cash,1,Stage 4,Stage 4,Stage 4,0.66,Price is below weekly structure.,,,,,Stage 4,15.04,Strong,Volume Normal,Volume Normal (1.25x vs 10W Avg),5.31,Outperformed Nifty by 5.31% in 3 Months,False,5.31,-0.34,10725554.6,1.03,0.45,1.25,False,False,"Stage 4, Stage 4, weekly_vcp_ok, weekly_strong, flags=Wider Risk;Low Liquidity, downtrend",weekly_watchlist,33.6,33.6,6060.59,-12.15,"[27.24, 11.72, 10.12]","[7, 2, 2]",0.95,21.0,strong,376
LXCHEM.NS,Laxmi Organic Industries Limited,Specialty Chemicals,Basic Materials,Basic Materials,False,Cash,1,Stage 2,Stage 2,Advancing,0.9,Price is above constructive weekly and long-term trend structure with improving relative strength.,,,2026-09-29,,Stage 2 - Advancing,41.2,Very Strong,Volume Drying Up,Volume Drying Up (0.52x vs 10W Avg),19.39,Outperformed Nifty by 19.39% in 3 Months,True,19.39,49.51,225549654.05,0.82,0.7,0.52,True,True,"Stage 2, Advancing, trend_template_ok, volume_dryup, weekly_volume_dryup, flags=Wider Risk;Low Liquidity",weekly_watchlist,31.09,33.59,186.33,-4.81,[20.51],[5],0.0,5.0,weak,377
GNFC.NS,Gujarat Narmada Valley Fertilizers and Chemicals Limited,Chemicals,Basic Materials,Basic Materials,False,Cash,1,Stage 2,Stage 2,Advancing,0.9,Price is above constructive weekly and long-term trend structure with improving relative strength.,,,2026-09-29,,Stage 2 - Advancing,43.85,Very Strong,Volume Normal,Volume Normal (1.20x vs 10W Avg),27.1,Outperformed Nifty by 27.1% in 3 Months,True,27.1,52.96,760138343.24,2.23,0.98,1.2,False,False,"Stage 2, Advancing, trend_template_ok, flags=Loose Structure;Wider Risk;Low Liquidity",weekly_watchlist,31.0,33.5,597.98,1.07,[20.11],[4],0.0,4.0,weak,378
TATAINVEST.NS,Tata Investment Corporation Limited,Asset Management,Financial Services,Financial Services,False,Cash,1,Stage 4,Stage 4,Stage 4,0.86,Price is below the 30-week trend and below long-term support structure.,,,,,Stage 4,5.2,Weak,Volume Drying Up,Volume Drying Up (0.33x vs 10W Avg),0.15,Outperformed Nifty by 0.15% in 3 Months,False,0.15,3.74,1684525465.83,0.83,0.19,0.33,True,True,"Stage 4, Stage 4, weekly_vcp_ok, volume_dryup, weekly_volume_dryup, weekly_strong, flags=Wide Risk;Low Liquidity, downtrend",weekly_watchlist,33.49,33.49,759.67,-18.38,"[27.35, 18.09, 13.81]","[6, 13, 4]",0.95,29.0,strong,379
SANGAMIND.NS,Sangam (India) Limited,Textile Manufacturing,Consumer Cyclical,Consumer Cyclical,False,Cash,1,Stage 2,Stage 2,Advancing,0.9,Price is above constructive weekly and long-term trend structure with improving relative strength.,,,2026-09-29,,Stage 2 - Advancing,30.49,Very Strong,Volume Expanding,Volume Expanding (3.10x vs 10W Avg),20.27,Outperformed Nifty by 20.27% in 3 Months,True,20.27,46.65,31508832.42,2.16,0.62,3.1,False,False,"Stage 2, Advancing, trend_template_ok, flags=Low Liquidity",weekly_watchlist,30.89,33.39,641.12,-2.22,[18.14],[5],0.0,5.0,weak,380
BHEL.NS,Bharat Heavy Electricals Limited,Specialty Industrial Machinery,Industrials,Industrials,True,F&O,1,Stage 2,Stage 2,Advancing,0.8,Price is above constructive weekly and long-term trend structure with improving relative strength.,,,2026-09-29,,Stage 2 - Advancing,40.47,Very Strong,Volume Normal,Volume Normal (0.96x vs 10W Avg),14.37,Outperformed Nifty by 14.37% in 3 Months,True,14.37,63.08,2538296976.19,0.94,1.31,0.96,False,False,"Stage 2, Advancing, trend_template_ok, flags=Wider Risk;Low Liquidity",weekly_watchlist,28.35,33.35,442.65,-6.13,[13.49],[2],0.0,2.0,weak,381
BDL.NS,Bharat Dynamics Limited,Aerospace & Defense,Industrials,Industrials,True,F&O,1,Stage 4,Stage 4,Stage 4,0.86,Price is below the 30-week trend and below long-term support structure.,,,,,Stage 4,2.67,Weak,Volume Drying Up,Volume Normal (1.01x vs 10W Avg),-14.42,Underperformed Nifty by 14.42% in 3 Months,False,-14.42,-11.44,1225499632.51,0.74,1.02,1.01,True,False,"Stage 4, Stage 4, weekly_vcp_ok, volume_dryup, weekly_strong, flags=Wide Risk;Low Liquidity, downtrend",weekly_watchlist,28.33,33.33,1483.3,-25.16,"[22.7, 23.84, 22.01, 15.24]","[3, 3, 5, 4]",0.73,25.0,strong,382
JKIL.NS,J.Kumar Infraprojects Limited,Engineering & Construction,Industrials,Industrials,False,Cash,1,Stage 4,Stage 4,Stage 4,0.66,Price is below weekly structure.,,,,,Stage 4,15.49,Strong,Volume Drying Up,Volume Normal (0.85x vs 10W Avg),2.05,Outperformed Nifty by 2.05% in 3 Months,False,2.05,-0.09,21195409.58,0.8,1.89,0.85,True,True,"Stage 4, Stage 4, weekly_vcp_ok, volume_dryup, weekly_volume_dryup, weekly_strong, flags=Wide Risk;Low Liquidity, downtrend",weekly_watchlist,33.3,33.3,545.24,-15.03,"[29.32, 17.2, 8.62]","[7, 7, 4]",0.95,25.0,strong,383
MANKIND.NS,Mankind Pharma Limited,Drug Manufacturers - Specialty & Generic,Healthcare,Healthcare,True,F&O,1,Stage 2,Stage 2,Advancing,0.9,Price is above constructive weekly and long-term trend structure with improving relative strength.,,,2026-09-29,,Stage 2 - Advancing,34.83,Very Strong,Volume Expanding,Volume Expanding (2.21x vs 10W Avg),5.32,Outperformed Nifty by 5.32% in 3 Months,True,5.32,22.8,1261705794.83,1.71,3.09,2.21,False,False,"Stage 2, Advancing, trend_template_ok, flags=Wider Risk;Low Liquidity",weekly_watchlist,28.21,33.21,2646.62,-5.4,[15.9],[6],0.0,6.0,weak,384
PAISALO.NS,Paisalo Digital Limited,Credit Services,Financial Services,Financial Services,False,Cash,1,Stage 2,Stage 2,Extended,0.78,"Weekly advancing structure remains intact, but price is stretched versus key moving averages.",,,2026-09-29,,Stage 2 - Extended,30.5,Very Strong,Volume Normal,Volume Normal (1.08x vs 10W Avg),12.99,Outperformed Nifty by 12.99% in 3 Months,True,12.99,103.48,1632214080.01,1.45,0.46,1.08,False,False,"Stage 2, Extended, trend_template_ok, flags=Loose Structure;Extended;Wide Risk;Low Liquidity",weekly_watchlist,32.2,33.2,75.03,1.84,[16.01],[5],0.0,5.0,weak,385
JUNIPER.NS,Juniper Hotels Limited,Lodging,Consumer Cyclical,Consumer Cyclical,False,Cash,1,Not Sure,Not Sure,Not Sure,0.0,Stage rules did not identify a reliable structure.,No confident stage classification.,,,,Not Sure - Unclear,16.0,Strong,Volume Drying Up,Volume Drying Up (0.32x vs 10W Avg),15.72,Outperformed Nifty by 15.72% in 3 Months,False,15.72,3.25,39064202.28,0.47,0.37,0.32,True,True,"Not Sure, Unclear, weekly_vcp_ok, volume_dryup, weekly_volume_dryup, flags=Wider Risk;Low Liquidity",weekly_watchlist,32.2,33.2,224.39,-4.89,"[31.45, 11.63, 13.25]","[7, 7, 2]",0.55,27.0,moderate,386
ZYDUSLIFE.NS,Zydus Lifesciences Limited,Drug Manufacturers - Specialty & Generic,Healthcare,Healthcare,True,F&O,1,Stage 2,Stage 2,Advancing,0.9,Price is above constructive weekly and long-term trend structure with improving relative strength.,,,2026-09-29,,Stage 2 - Advancing,35.51,Strong,Volume Expanding,Volume Expanding (1.74x vs 10W Avg),8.12,Outperformed Nifty by 8.12% in 3 Months,True,8.12,31.85,1688957929.58,1.29,1.14,1.74,False,False,"Stage 2, Advancing, trend_template_ok, flags=Low Liquidity",weekly_watchlist,28.2,33.2,1205.0,-3.57,[11.83],[5],0.0,5.0,weak,387
SONATSOFTW.NS,Sonata Software Limited,Information Technology Services,Technology,Technology,False,Cash,1,Stage 4,Stage 4,Stage 4,0.86,Price is below the 30-week trend and below long-term support structure.,,,,,Stage 4,6.83,Weak,Volume Drying Up,Volume Drying Up (0.61x vs 10W Avg),1.67,Outperformed Nifty by 1.67% in 3 Months,False,1.67,10.03,337628901.81,0.54,0.71,0.61,True,True,"Stage 4, Stage 4, weekly_vcp_ok, volume_dryup, weekly_volume_dryup, weekly_strong, flags=Wide Weekly Base;Wide Risk;Low Liquidity, downtrend",weekly_watchlist,33.17,33.17,358.75,-28.01,"[44.45, 18.35]","[12, 5]",0.9,22.0,strong,388
DODLA.NS,Dodla Dairy Limited,Consumer Defensive,Consumer Defensive,Consumer Defensive,False,Cash,1,Stage 4,Stage 4,Stage 4,0.66,Price is below weekly structure.,,,,,Stage 4,14.27,Neutral,Volume Drying Up,Volume Drying Up (0.71x vs 10W Avg),-1.51,Underperformed Nifty by 1.51% in 3 Months,False,-1.51,-1.98,22575021.0,0.71,0.81,0.71,True,True,"Stage 4, Stage 4, weekly_vcp_ok, volume_dryup, weekly_volume_dryup, weekly_strong, flags=Wide Risk;Low Liquidity, downtrend",weekly_watchlist,33.1,33.1,1174.49,-13.21,"[23.47, 15.07, 13.23]","[5, 2, 3]",0.95,24.0,strong,389
NESCO.NS,Nesco Limited,Conglomerates,Industrials,Industrials,False,Cash,1,Stage 4,Stage 4,Stage 4,0.66,Price is below weekly structure.,,,,,Stage 4,14.23,Neutral,Volume Expanding,Volume Expanding (1.54x vs 10W Avg),-1.68,Underperformed Nifty by 1.68% in 3 Months,False,-1.68,-3.88,64700549.06,1.08,0.44,1.54,False,False,"Stage 4, Stage 4, weekly_vcp_ok, weekly_strong, flags=Wider Risk;Low Liquidity, downtrend",weekly_watchlist,33.1,33.1,1317.73,-20.55,"[20.0, 19.4, 14.63]","[7, 5, 3]",0.95,24.0,strong,390
TCI.NS,Transport Corporation of India Limited,Industrials,Industrials,Industrials,False,Cash,1,Stage 4,Stage 4,Stage 4,0.86,Price is below the 30-week trend and below long-term support structure.,,,,,Stage 4,11.94,Weak,Volume Expanding,Volume Expanding (8.88x vs 10W Avg),0.48,Outperformed Nifty by 0.48% in 3 Months,False,0.48,-11.49,304132461.94,4.25,0.64,8.88,False,False,"Stage 4, Stage 4, weekly_vcp_ok, weekly_strong, flags=Wider Risk;Low Liquidity, downtrend",weekly_watchlist,33.1,33.1,979.86,-10.96,"[21.95, 19.68, 7.89]","[6, 7, 6]",0.95,23.0,strong,391
AADHARHFC.NS,Aadhar Housing Finance Limited,Mortgage Finance,Financial Services,Financial Services,False,Cash,1,Stage 4,Stage 4,Stage 4,0.66,Price is below weekly structure.,,,,,Stage 4,10.24,Weak,Volume Normal,Volume Normal (0.88x vs 10W Avg),-14.85,Underperformed Nifty by 14.85% in 3 Months,False,-14.85,-5.74,157944482.45,1.38,0.94,0.88,False,True,"Stage 4, Stage 4, weekly_vcp_ok, weekly_volume_dryup, weekly_strong, flags=Wide Risk;Low Liquidity, downtrend",weekly_watchlist,33.1,33.1,563.99,-22.69,"[13.1, 13.45, 14.0]","[4, 3, 5]",0.95,18.0,strong,392
IGIL.NS,International Gemological Institute Limited,Basic Materials,Basic Materials,Basic Materials,False,Cash,1,Stage 4,Stage 4,Stage 4,0.66,Price is below weekly structure.,,,2026-08-05,,Stage 4,9.75,Weak,Volume Drying Up,Volume Drying Up (0.77x vs 10W Avg),-3.77,Underperformed Nifty by 3.77% in 3 Months,False,-3.77,-1.03,178958477.07,1.11,1.07,0.77,False,True,"Stage 4, Stage 4, weekly_vcp_ok, weekly_volume_dryup, weekly_strong, flags=Wide Risk;Low Liquidity, downtrend",weekly_watchlist,33.1,33.1,385.39,-18.03,"[16.75, 15.84, 10.52]","[5, 4, 25]",0.95,44.0,strong,393
INFY.NS,Infosys Limited,Information Technology Services,Technology,Technology,True,F&O,1,Stage 4,Stage 4,Stage 4,0.86,Price is below the 30-week trend and below long-term support structure.,,,,,Stage 4,9.73,Weak,Volume Normal,Volume Normal (1.01x vs 10W Avg),2.18,Outperformed Nifty by 2.18% in 3 Months,False,2.18,-25.47,9158036492.6,0.95,1.58,1.01,False,False,"Stage 4, Stage 4, weekly_vcp_ok, weekly_strong, flags=Wide Risk;Low Liquidity, downtrend",weekly_watchlist,33.1,33.1,1254.0,-20.73,"[29.68, 20.91, 21.52]","[6, 5, 4]",0.95,21.0,strong,394
JKLAKSHMI.NS,JK Lakshmi Cement Limited,Building Materials,Basic Materials,Basic Materials,False,Cash,1,Stage 4,Stage 4,Stage 4,0.86,Price is below the 30-week trend and below long-term support structure.,,,,,Stage 4,8.97,Weak,Volume Drying Up,Volume Drying Up (0.84x vs 10W Avg),-7.25,Underperformed Nifty by 7.25% in 3 Months,False,-7.25,-18.71,68641975.04,0.66,0.77,0.84,True,True,"Stage 4, Stage 4, weekly_vcp_ok, volume_dryup, weekly_volume_dryup, weekly_strong, flags=Wider Risk;Low Liquidity, downtrend",weekly_watchlist,33.1,33.1,678.27,-27.42,"[32.18, 15.63, 8.88]","[11, 3, 3]",0.95,26.0,strong,395
JWL.NS,Jupiter Wagons Limited,Industrials,Industrials,Industrials,False,Cash,1,Stage 4,Stage 4,Stage 4,0.86,Price is below the 30-week trend and below long-term support structure.,,,,,Stage 4,8.83,Weak,Volume Expanding,Volume Expanding (5.84x vs 10W Avg),-2.9,Underperformed Nifty by 2.9% in 3 Months,False,-2.9,-13.77,421172512.43,2.18,37.59,5.84,False,False,"Stage 4, Stage 4, weekly_vcp_ok, weekly_strong, flags=Wide Risk;Low Liquidity, downtrend",weekly_watchlist,33.1,33.1,309.14,-24.59,"[31.28, 26.09, 21.65]","[10, 3, 11]",0.95,30.0,strong,396
INDRAMEDCO.NS,Indraprastha Medical Corporation Limited,Medical Care Facilities,Healthcare,Healthcare,False,Cash,1,Stage 4,Stage 4,Stage 4,0.86,Price is below the 30-week trend and below long-term support structure.,,,,,Stage 4,7.59,Weak,Volume Drying Up,Volume Normal (0.97x vs 10W Avg),-0.63,Underperformed Nifty by 0.63% in 3 Months,False,-0.63,-16.38,76880869.09,0.73,1.97,0.97,True,False,"Stage 4, Stage 4, weekly_vcp_ok, volume_dryup, weekly_strong, flags=Wide Weekly Base;Wider Risk;Low Liquidity, downtrend",weekly_watchlist,33.1,33.1,439.12,-20.53,"[46.63, 16.86, 12.83]","[12, 6, 5]",0.95,38.0,strong,397
BLS.NS,BLS International Services Limited,Industrials,Industrials,Industrials,False,Cash,1,Stage 4,Stage 4,Stage 4,0.86,Price is below the 30-week trend and below long-term support structure.,,,,,Stage 4,7.38,Weak,Volume Drying Up,Volume Drying Up (0.33x vs 10W Avg),-5.7,Underperformed Nifty by 5.7% in 3 Months,False,-5.7,-20.16,170643265.0,0.37,0.28,0.33,True,True,"Stage 4, Stage 4, weekly_vcp_ok, volume_dryup, weekly_volume_dryup, weekly_strong, flags=Wide Weekly Base;Wide Risk;Low Liquidity, downtrend",weekly_watchlist,33.1,33.1,308.86,-29.33,"[35.77, 21.12, 18.15]","[19, 5, 4]",0.95,36.0,strong,398
ORIENTELEC.NS,Orient Electric Limited,"Furnishings, Fixtures & Appliances",Consumer Cyclical,Consumer Cyclical,False,Cash,1,Stage 4,Stage 4,Stage 4,0.66,Price is below weekly structure.,,,,,Stage 4,7.21,Weak,Volume Drying Up,Volume Drying Up (0.21x vs 10W Avg),-3.85,Underperformed Nifty by 3.85% in 3 Months,False,-3.85,-2.89,22509459.89,0.17,0.94,0.21,True,True,"Stage 4, Stage 4, weekly_vcp_ok, volume_dryup, weekly_volume_dryup, weekly_strong, flags=Wide Risk;Low Liquidity, downtrend",weekly_watchlist,33.1,33.1,200.43,-21.11,"[28.58, 19.0, 15.96]","[4, 11, 9]",0.95,36.0,strong,399
KSCL.NS,Kaveri Seed Company Limited,Agricultural Inputs,Basic Materials,Basic Materials,False,Cash,1,Stage 4,Stage 4,Stage 4,0.86,Price is below the 30-week trend and below long-term support structure.,,,,,Stage 4,7.13,Weak,Volume Expanding,Volume Expanding (8.94x vs 10W Avg),-13.47,Underperformed Nifty by 13.47% in 3 Months,False,-13.47,-15.81,1226181242.6,4.33,0.21,8.94,False,False,"Stage 4, Stage 4, weekly_vcp_ok, weekly_strong, flags=Wide Risk;Low Liquidity, downtrend",weekly_watchlist,33.1,33.1,1026.79,-29.33,"[27.27, 26.51, 17.83]","[9, 4, 5]",0.95,29.0,strong,400
GRINFRA.NS,G R Infraprojects Limited,Engineering & Construction,Industrials,Industrials,False,Cash,1,Stage 4,Stage 4,Stage 4,0.86,Price is below the 30-week trend and below long-term support structure.,,,,,Stage 4,6.24,Weak,Volume Drying Up,Volume Drying Up (0.46x vs 10W Avg),-4.65,Underperformed Nifty by 4.65% in 3 Months,False,-4.65,-4.15,24146394.52,1.19,0.47,0.46,False,True,"Stage 4, Stage 4, weekly_vcp_ok, weekly_volume_dryup, weekly_strong, flags=Wide Risk;Low Liquidity, downtrend",weekly_watchlist,33.1,33.1,1006.36,-20.45,"[24.1, 17.36, 12.88]","[7, 4, 7]",0.95,26.0,strong,401
NCC.NS,NCC Limited,Engineering & Construction,Industrials,Industrials,False,Cash,1,Stage 4,Stage 4,Stage 4,0.86,Price is below the 30-week trend and below long-term support structure.,,,,,Stage 4,6.19,Weak,Volume Expanding,Volume Expanding (3.26x vs 10W Avg),-6.2,Underperformed Nifty by 6.2% in 3 Months,False,-6.2,-8.0,456198008.21,1.73,0.74,3.26,False,False,"Stage 4, Stage 4, weekly_vcp_ok, weekly_strong, flags=Wide Risk;Low Liquidity, downtrend",weekly_watchlist,33.1,33.1,169.45,-23.94,"[19.74, 17.77, 16.75]","[7, 5, 4]",0.95,23.0,strong,402
SHARDACROP.NS,Sharda Cropchem Limited,Agricultural Inputs,Basic Materials,Basic Materials,False,Cash,1,Stage 4,Stage 4,Stage 4,0.86,Price is below the 30-week trend and below long-term support structure.,,,,,Stage 4,5.71,Weak,Volume Drying Up,Volume Drying Up (0.62x vs 10W Avg),-13.77,Underperformed Nifty by 13.77% in 3 Months,False,-13.77,-21.35,74522057.54,0.62,0.44,0.62,True,True,"Stage 4, Stage 4, weekly_vcp_ok, volume_dryup, weekly_volume_dryup, weekly_strong, flags=Wide Weekly Base;Wider Risk;Low Liquidity, downtrend",weekly_watchlist,33.1,33.1,1227.39,-41.05,"[35.47, 30.58, 18.31]","[7, 4, 5]",0.95,27.0,strong,403
SWANCORP.NS,SWAN CORP LIMITED,Conglomerates,Industrials,Industrials,False,Cash,1,Stage 4,Stage 4,Stage 4,0.86,Price is below the 30-week trend and below long-term support structure.,,,,,Stage 4,5.57,Weak,Volume Drying Up,Volume Drying Up (0.31x vs 10W Avg),-9.17,Underperformed Nifty by 9.17% in 3 Months,False,-9.17,-11.87,1126007095.51,0.44,0.33,0.31,True,True,"Stage 4, Stage 4, weekly_vcp_ok, volume_dryup, weekly_volume_dryup, weekly_strong, flags=Wide Weekly Base;Wide Risk;Low Liquidity, downtrend",weekly_watchlist,33.1,33.1,382.63,-26.77,"[40.1, 20.69, 20.83]","[13, 8, 11]",0.95,36.0,strong,404
IMFA.NS,Indian Metals & Ferro Alloys Limited,Basic Materials,Basic Materials,Basic Materials,False,Cash,1,Stage 4,Stage 4,Stage 4,0.66,Price is below weekly structure.,,,2026-08-27,,Stage 4,4.57,Weak,Volume Drying Up,Volume Drying Up (0.46x vs 10W Avg),-5.17,Underperformed Nifty by 5.17% in 3 Months,False,-5.17,-10.22,106026322.31,0.51,0.65,0.46,True,True,"Stage 4, Stage 4, weekly_vcp_ok, volume_dryup, weekly_volume_dryup, weekly_strong, flags=Wide Risk;Low Liquidity, downtrend",weekly_watchlist,33.1,33.1,1673.71,-28.85,"[29.56, 22.37, 20.61]","[3, 6, 4]",0.95,25.0,strong,405
SAMMAANCAP.NS,Sammaan Capital Limited,Mortgage Finance,Financial Services,Financial Services,True,F&O,1,Stage 4,Stage 4,Stage 4,0.66,Price is below weekly structure.,,,2026-08-13,,Stage 4,4.32,Weak,Volume Drying Up,Volume Drying Up (0.58x vs 10W Avg),-15.9,Underperformed Nifty by 15.9% in 3 Months,False,-15.9,-7.25,649038005.24,0.58,0.84,0.58,True,True,"Stage 4, Stage 4, weekly_vcp_ok, volume_dryup, weekly_volume_dryup, weekly_strong, flags=Wide Risk;Low Liquidity, downtrend",weekly_watchlist,33.1,33.1,192.68,-29.14,"[29.7, 20.37, 14.61]","[12, 4, 5]",0.95,28.0,strong,406
TITAN.NS,Titan Company Limited,Luxury Goods,Consumer Cyclical,Consumer Cyclical,True,F&O,1,Stage 2,Stage 2,Advancing,0.8,Price is above constructive weekly and long-term trend structure with improving relative strength.,,,2026-09-29,,Stage 2 - Advancing,28.46,Neutral,Volume Normal,Volume Normal (1.03x vs 10W Avg),9.42,Outperformed Nifty by 9.42% in 3 Months,True,9.42,7.49,2859473233.85,1.08,1.66,1.03,False,False,"Stage 2, Advancing, trend_template_ok, flags=Wider Risk;Low Liquidity",weekly_watchlist,28.09,33.09,5195.78,-11.72,"[12.64, 13.95]","[6, 5]",0.1,17.0,weak,407
RATEGAIN.NS,Rategain Travel Technologies Limited,Software - Application,Technology,Technology,False,Cash,1,Failed Stage 2,Stage 2,Failed Stage 2,0.7,Failed Stage 2 cooling period is still active; waiting for a fresh base or confirmed reclaim.,Failed Stage 2 hold period active.,,2026-09-23,,Failed Stage 2,25.05,Neutral,Volume Drying Up,Volume Drying Up (0.49x vs 10W Avg),-3.0,Underperformed Nifty by 3.0% in 3 Months,True,-3.0,66.56,245395719.14,0.6,1.14,0.49,True,True,"Stage 2, Advancing, trend_template_ok, volume_dryup, weekly_volume_dryup, flags=Wide Weekly Base;Wide Risk;Low Liquidity | Failed Stage 2 hold period active.",weekly_watchlist,30.56,33.06,1051.84,-19.04,[38.97],[13],0.0,13.0,weak,408
SUNDARMFIN.NS,Sundaram Finance Limited,Credit Services,Financial Services,Financial Services,False,Cash,1,Stage 4,Stage 4,Stage 4,0.66,Price is below weekly structure.,,,,,Stage 4,12.98,Neutral,Volume Drying Up,Volume Drying Up (0.81x vs 10W Avg),1.45,Outperformed Nifty by 1.45% in 3 Months,False,1.45,-7.62,210123931.96,1.1,1.18,0.81,False,True,"Stage 4, Stage 4, weekly_vcp_ok, weekly_volume_dryup, weekly_strong, flags=Wider Risk;Low Liquidity, downtrend",weekly_watchlist,32.0,33.0,5622.23,-22.54,"[17.96, 9.71]","[31, 2]",0.9,37.0,strong,409
EIHOTEL.NS,EIH Limited,Lodging,Consumer Cyclical,Consumer Cyclical,False,Cash,1,Stage 4,Stage 4,Stage 4,0.66,Price is below weekly structure.,,,,,Stage 4,12.01,Neutral,Volume Expanding,Volume Expanding (2.93x vs 10W Avg),-2.75,Underperformed Nifty by 2.75% in 3 Months,False,-2.75,0.38,127777299.57,1.89,3.04,2.93,False,False,"Stage 4, Stage 4, weekly_vcp_ok, weekly_strong, flags=Wider Risk;Low Liquidity, downtrend",weekly_watchlist,32.0,33.0,351.77,-14.4,"[27.61, 16.99]","[4, 6]",0.9,13.0,strong,410
IREDA.NS,Indian Renewable Energy Development Agency Limited,Credit Services,Financial Services,Financial Services,True,F&O,1,Stage 4,Stage 4,Stage 4,0.86,Price is below the 30-week trend and below long-term support structure.,,,,,Stage 4,10.76,Weak,Volume Expanding,Volume Expanding (2.09x vs 10W Avg),-4.5,Underperformed Nifty by 4.5% in 3 Months,False,-4.5,-4.11,510486060.34,1.28,0.84,2.09,False,False,"Stage 4, Stage 4, weekly_vcp_ok, weekly_strong, flags=Low Liquidity, downtrend",weekly_watchlist,32.0,33.0,142.15,-21.44,"[27.31, 17.57]","[12, 7]",0.9,22.0,strong,411
SBFC.NS,SBFC Finance Limited,Credit Services,Financial Services,Financial Services,False,Cash,1,Stage 4,Stage 4,Stage 4,0.86,Price is below the 30-week trend and below long-term support structure.,,,,,Stage 4,10.67,Weak,Volume Drying Up,Volume Normal (0.99x vs 10W Avg),-0.78,Underperformed Nifty by 0.78% in 3 Months,False,-0.78,-0.01,104338443.72,0.71,0.26,0.99,True,False,"Stage 4, Stage 4, weekly_vcp_ok, volume_dryup, weekly_strong, flags=Wide Risk;Low Liquidity, downtrend",weekly_watchlist,32.0,33.0,103.4,-17.33,"[27.47, 9.12]","[11, 6]",0.9,28.0,strong,412
ESCORTS.NS,Escorts Kubota Limited,Farm & Heavy Construction Machinery,Industrials,Industrials,False,Cash,1,Stage 4,Stage 4,Stage 4,0.86,Price is below the 30-week trend and below long-term support structure.,,,,,Stage 4,9.98,Weak,Volume Normal,Volume Normal (1.13x vs 10W Avg),-2.17,Underperformed Nifty by 2.17% in 3 Months,False,-2.17,-6.93,182978331.2,0.95,0.67,1.13,False,False,"Stage 4, Stage 4, weekly_vcp_ok, weekly_strong, flags=Wide Risk;Low Liquidity, downtrend",weekly_watchlist,32.0,33.0,3178.65,-14.58,"[29.66, 20.77]","[7, 4]",0.9,16.0,strong,413
COLPAL.NS,Colgate Palmolive (India) Limited,Household & Personal Products,Consumer Defensive,Consumer Defensive,True,F&O,1,Stage 4,Stage 4,Stage 4,0.66,Price is below weekly structure.,,,,,Stage 4,9.18,Weak,Volume Drying Up,Volume Drying Up (0.82x vs 10W Avg),-8.41,Underperformed Nifty by 8.41% in 3 Months,False,-8.41,-4.88,772982109.82,0.96,0.66,0.82,False,True,"Stage 4, Stage 4, weekly_vcp_ok, weekly_volume_dryup, weekly_strong, flags=Wider Risk;Low Liquidity, downtrend",weekly_watchlist,32.0,33.0,2213.4,-20.34,"[19.36, 10.92]","[10, 5]",0.9,22.0,strong,414
IRCTC.NS,Indian Railway Catering And Tourism Corporation Limited,Consumer Cyclical,Consumer Cyclical,Consumer Cyclical,False,Cash,1,Stage 4,Stage 4,Stage 4,0.86,Price is below the 30-week trend and below long-term support structure.,,,,,Stage 4,8.89,Weak,Volume Drying Up,Volume Drying Up (0.68x vs 10W Avg),-3.63,Underperformed Nifty by 3.63% in 3 Months,False,-3.63,-12.98,288377689.03,0.85,1.23,0.68,True,True,"Stage 4, Stage 4, weekly_vcp_ok, volume_dryup, weekly_volume_dryup, weekly_strong, flags=Wider Risk;Low Liquidity, downtrend",weekly_watchlist,32.0,33.0,527.36,-13.65,"[24.35, 13.47]","[6, 3]",0.9,14.0,strong,415
HINDUNILVR.NS,Hindustan Unilever Limited,Household & Personal Products,Consumer Defensive,Consumer Defensive,True,F&O,1,Stage 4,Stage 4,Stage 4,0.86,Price is below the 30-week trend and below long-term support structure.,,,,,Stage 4,8.53,Weak,Volume Normal,Volume Normal (1.03x vs 10W Avg),-7.86,Underperformed Nifty by 7.86% in 3 Months,False,-7.86,-11.36,2478463642.09,0.89,1.17,1.03,False,False,"Stage 4, Stage 4, weekly_vcp_ok, weekly_strong, flags=Wider Risk;Low Liquidity, downtrend",weekly_watchlist,32.0,33.0,2239.3,-16.09,"[18.43, 14.22]","[7, 6]",0.9,16.0,strong,416
LEMONTREE.NS,Lemon Tree Hotels Limited,Lodging,Consumer Cyclical,Consumer Cyclical,False,Cash,1,Stage 4,Stage 4,Stage 4,0.86,Price is below the 30-week trend and below long-term support structure.,,,,,Stage 4,7.54,Weak,Volume Drying Up,Volume Drying Up (0.74x vs 10W Avg),-6.4,Underperformed Nifty by 6.4% in 3 Months,False,-6.4,-6.13,232747790.79,0.82,0.85,0.74,True,True,"Stage 4, Stage 4, weekly_vcp_ok, volume_dryup, weekly_volume_dryup, weekly_strong, flags=Wide Weekly Base;Wide Risk;Low Liquidity, downtrend",weekly_watchlist,32.0,33.0,128.6,-18.94,"[40.66, 19.38]","[14, 7]",0.9,26.0,strong,417
HUDCO.NS,Housing & Urban Development Corporation Limited,Credit Services,Financial Services,Financial Services,False,Cash,1,Stage 4,Stage 4,Stage 4,0.86,Price is below the 30-week trend and below long-term support structure.,,,,,Stage 4,6.86,Weak,Volume Normal,Volume Normal (1.16x vs 10W Avg),-14.46,Underperformed Nifty by 14.46% in 3 Months,False,-14.46,-3.15,309889949.24,1.14,1.33,1.16,False,False,"Stage 4, Stage 4, weekly_vcp_ok, weekly_strong, flags=Wide Risk;Low Liquidity, downtrend",weekly_watchlist,32.0,33.0,232.57,-28.37,"[30.67, 16.3]","[12, 2]",0.9,19.0,strong,418
FIRSTCRY.NS,Brainbees Solutions Limited,Consumer Cyclical,Consumer Cyclical,Consumer Cyclical,False,Cash,1,Stage 4,Stage 4,Stage 4,0.86,Price is below the 30-week trend and below long-term support structure.,,,,,Stage 4,6.82,Weak,Volume Expanding,Volume Expanding (4.93x vs 10W Avg),-9.99,Underperformed Nifty by 9.99% in 3 Months,False,-9.99,-27.26,1663264234.47,2.49,0.39,4.93,False,False,"Stage 4, Stage 4, weekly_vcp_ok, weekly_strong, flags=Wide Risk;Low Liquidity, downtrend",weekly_watchlist,32.0,33.0,245.43,-26.68,"[28.46, 21.74]","[7, 9]",0.9,17.0,strong,419
TRAVELFOOD.NS,Travel Food Services Limited,Consumer Cyclical,Consumer Cyclical,Consumer Cyclical,False,Cash,1,Not Sure,Stage 4,Pending Stage 4,0.55,Blocked public stage jump Stage 1 -> Stage 4; waiting for intermediate/confirmed structure.,Blocked public stage jump Stage 1 -> Stage 4; waiting for intermediate/confirmed structure.,,,Stage 4,Not Sure - Unclear,6.67,Weak,Volume Drying Up,Volume Normal (1.32x vs 10W Avg),-2.2,Underperformed Nifty by 2.2% in 3 Months,False,-2.2,-6.79,52534611.36,0.74,0.47,1.32,True,False,"Stage 4, Stage 4, weekly_vcp_ok, volume_dryup, weekly_strong, flags=Wide Risk;Low Liquidity, downtrend | Blocked public stage jump Stage 1 -> Stage 4; waiting for intermediate/confirmed structure.",weekly_watchlist,32.0,33.0,1461.82,-17.89,"[23.13, 9.28]","[5, 4]",0.9,14.0,strong,420
CREDITACC.NS,CREDITACCESS GRAMEEN LIMITED,Credit Services,Financial Services,Financial Services,False,Cash,1,Failed Stage 2,Stage 4,Failed Stage 2,0.72,"This stock was recently Stage 2, but the latest structure no longer satisfies Stage 2 rules. It is kept as Failed Stage 2 until a fresh base/repair structure forms.",Recent Stage 2 break; public stage held as Failed Stage 2.,2026-09-30,2026-09-14,,Failed Stage 2,5.76,Weak,Volume Drying Up,Volume Drying Up (0.77x vs 10W Avg),-13.05,Underperformed Nifty by 13.05% in 3 Months,False,-13.05,2.74,220524679.12,0.6,1.63,0.77,True,True,"Stage 4, Stage 4, weekly_vcp_ok, volume_dryup, weekly_volume_dryup, weekly_strong, flags=Wide Risk;Low Liquidity, downtrend | Stage 2 failed state applied from stage memory.",weekly_watchlist,32.0,33.0,1636.86,-22.29,"[25.31, 21.61]","[21, 5]",0.9,32.0,strong,421
ABREL.NS,Aditya Birla Real Estate Limited,Real Estate Services,Real Estate,Real Estate,False,Cash,1,Stage 4,Stage 4,Stage 4,0.86,Price is below the 30-week trend and below long-term support structure.,,,,,Stage 4,5.41,Weak,Volume Expanding,Volume Expanding (1.71x vs 10W Avg),-13.29,Underperformed Nifty by 13.29% in 3 Months,False,-13.29,-5.56,215507556.35,1.2,1.38,1.71,False,False,"Stage 4, Stage 4, weekly_vcp_ok, weekly_strong, flags=Wide Weekly Base;Loose Structure;Wide Risk;Low Liquidity, downtrend",weekly_watchlist,32.0,33.0,1598.01,-29.24,"[41.27, 27.72]","[15, 5]",0.9,27.0,strong,422
IRFC.NS,Indian Railway Finance Corporation Limited,Credit Services,Financial Services,Financial Services,True,F&O,1,Stage 4,Stage 4,Stage 4,0.86,Price is below the 30-week trend and below long-term support structure.,,,,,Stage 4,4.73,Weak,Volume Expanding,Volume Expanding (2.03x vs 10W Avg),-5.35,Underperformed Nifty by 5.35% in 3 Months,False,-5.35,-15.98,709292194.88,1.36,5.09,2.03,False,False,"Stage 4, Stage 4, weekly_vcp_ok, weekly_strong, flags=Wide Weekly Base;Wide Risk;Low Liquidity, downtrend",weekly_watchlist,32.0,33.0,108.57,-26.98,"[35.9, 15.0]","[13, 4]",0.9,29.0,strong,423
MUTHOOTFIN.NS,Muthoot Finance Limited,Credit Services,Financial Services,Financial Services,True,F&O,1,Stage 4,Stage 4,Stage 4,0.86,Price is below the 30-week trend and below long-term support structure.,,,,,Stage 4,3.89,Weak,Volume Drying Up,Volume Drying Up (0.66x vs 10W Avg),-5.96,Underperformed Nifty by 5.96% in 3 Months,False,-5.96,-16.14,1682056265.87,0.65,0.57,0.66,True,True,"Stage 4, Stage 4, weekly_vcp_ok, volume_dryup, weekly_volume_dryup, weekly_strong, flags=Wide Risk;Low Liquidity, downtrend",weekly_watchlist,32.0,33.0,3654.04,-25.09,"[26.69, 26.77]","[8, 16]",0.9,27.0,strong,424
KPITTECH.NS,KPIT Technologies Limited,Software - Infrastructure,Technology,Technology,True,F&O,1,Stage 4,Stage 4,Stage 4,0.86,Price is below the 30-week trend and below long-term support structure.,,,,,Stage 4,3.79,Weak,Volume Drying Up,Volume Drying Up (0.59x vs 10W Avg),-3.0,Underperformed Nifty by 3.0% in 3 Months,False,-3.0,-30.19,833213896.04,0.62,1.04,0.59,True,True,"Stage 4, Stage 4, weekly_vcp_ok, volume_dryup, weekly_volume_dryup, weekly_strong, flags=Wide Base;Wide Weekly Base;Wide Risk;Low Liquidity, downtrend",weekly_watchlist,32.0,33.0,820.52,-39.17,"[49.6, 34.26]","[10, 6]",0.9,27.0,strong,425
RELAXO.NS,Relaxo Footwears Limited,Consumer Cyclical,Consumer Cyclical,Consumer Cyclical,False,Cash,1,Stage 4,Stage 4,Stage 4,0.86,Price is below the 30-week trend and below long-term support structure.,,,2026-08-18,,Stage 4,3.79,Weak,Volume Drying Up,Volume Drying Up (0.22x vs 10W Avg),-19.72,Underperformed Nifty by 19.72% in 3 Months,False,-19.72,6.52,77126043.67,1.22,0.5,0.22,False,True,"Stage 4, Stage 4, weekly_vcp_ok, weekly_volume_dryup, weekly_strong, flags=Wide Weekly Base;Loose Structure;Wide Risk;Low Liquidity, downtrend",weekly_watchlist,32.0,33.0,450.41,-35.35,"[41.53, 12.45]","[8, 5]",0.9,15.0,strong,426
MAPMYINDIA.NS,C.E. Info Systems Limited,Software - Infrastructure,Technology,Technology,False,Cash,1,Stage 4,Stage 4,Stage 4,0.86,Price is below the 30-week trend and below long-term support structure.,,,,,Stage 4,3.79,Weak,Volume Drying Up,Volume Drying Up (0.49x vs 10W Avg),-2.33,Underperformed Nifty by 2.33% in 3 Months,False,-2.33,-3.46,179159450.07,1.01,0.55,0.49,False,True,"Stage 4, Stage 4, weekly_vcp_ok, weekly_volume_dryup, weekly_strong, flags=Wide Weekly Base;Loose Structure;Wide Risk;Low Liquidity, downtrend",weekly_watchlist,32.0,33.0,1230.49,-30.26,"[54.64, 28.57]","[13, 3]",0.9,22.0,strong,427
KIMS.NS,Krishna Institute of Medical Sciences Limited,Medical Care Facilities,Healthcare,Healthcare,False,Cash,1,Failed Stage 2,Stage 3,Failed Stage 2,0.72,"This stock was recently Stage 2, but the latest structure no longer satisfies Stage 2 rules. It is kept as Failed Stage 2 until a fresh base/repair structure forms.",Recent Stage 2 break; public stage held as Failed Stage 2.,2026-09-30,2026-09-25,,Failed Stage 2,18.63,Neutral,Volume Expanding,Volume Normal (1.33x vs 10W Avg),-2.65,Underperformed Nifty by 2.65% in 3 Months,False,-2.65,15.39,388636192.78,1.18,4.84,1.33,False,False,"Stage 3, Early, weekly_vcp_ok, weekly_strong, flags=Wide Risk;Low Liquidity, distribution_or_weakening_risk | Stage 2 failed state applied from stage memory.",weekly_watchlist,32.87,32.87,827.95,-9.85,"[9.31, 9.62]","[2, 3]",0.9,8.0,strong,428
IPCALAB.NS,IPCA Laboratories Limited,Drug Manufacturers - Specialty & Generic,Healthcare,Healthcare,False,Cash,1,Stage 2,Stage 2,Advancing,0.9,Price is above constructive weekly and long-term trend structure with improving relative strength.,,,2026-09-29,,Stage 2 - Advancing,33.45,Very Strong,Volume Drying Up,Volume Drying Up (0.61x vs 10W Avg),15.29,Outperformed Nifty by 15.29% in 3 Months,True,15.29,32.78,448329613.89,0.68,1.21,0.61,True,True,"Stage 2, Advancing, trend_template_ok, volume_dryup, weekly_volume_dryup, flags=Low Liquidity",weekly_watchlist,27.81,32.81,2041.57,-5.61,[13.61],[4],0.0,4.0,weak,429
UNICHEMLAB.NS,Unichem Laboratories Limited,Drug Manufacturers - Specialty & Generic,Healthcare,Healthcare,False,Cash,1,Stage 2,Stage 2,Advancing,0.9,Price is above constructive weekly and long-term trend structure with improving relative strength.,,,2026-09-29,,Stage 2 - Advancing,38.12,Very Strong,Volume Expanding,Volume Expanding (4.71x vs 10W Avg),24.66,Outperformed Nifty by 24.66% in 3 Months,True,24.66,72.49,172272348.79,1.89,0.8,4.71,False,False,"Stage 2, Advancing, trend_template_ok, flags=Wide Risk;Low Liquidity",weekly_watchlist,27.8,32.8,600.0,-9.08,[6.52],[8],0.0,8.0,weak,430
CENTUM.NS,Centum Electronics Limited,Electronic Components,Technology,Technology,False,Cash,1,Stage 2,Stage 2,Extended,0.78,"Weekly advancing structure remains intact, but price is stretched versus key moving averages.",,,2026-09-29,,Stage 2 - Extended,27.8,Very Strong,Volume Expanding,Volume Expanding (2.04x vs 10W Avg),38.86,Outperformed Nifty by 38.86% in 3 Months,True,38.86,71.1,654177184.82,1.68,0.8,2.04,False,False,"Stage 2, Extended, trend_template_ok, flags=Loose Structure;Extended;Wide Risk;Low Liquidity",weekly_watchlist,27.8,32.8,4457.79,7.63,[16.76],[8],0.0,8.0,weak,431
ROSSTECH.NS,Rossell Techsys Limited,Aerospace & Defense,Industrials,Industrials,False,Cash,1,Stage 2,Stage 2,Extended,0.78,"Weekly advancing structure remains intact, but price is stretched versus key moving averages.",,,2026-09-29,,Stage 2 - Extended,27.66,Very Strong,Volume Drying Up,Volume Drying Up (0.52x vs 10W Avg),59.71,Outperformed Nifty by 59.71% in 3 Months,True,59.71,94.96,673421925.51,1.12,0.65,0.52,False,True,"Stage 2, Extended, trend_template_ok, weekly_volume_dryup, flags=Loose Structure;Extended;Wide Risk;Low Liquidity",weekly_watchlist,27.8,32.8,1173.79,28.06,[20.68],[8],0.0,8.0,weak,432
V2RETAIL.NS,V2 Retail Limited,Consumer Cyclical,Consumer Cyclical,Consumer Cyclical,False,Cash,1,Stage 4,Stage 4,Stage 4,0.66,Price is below weekly structure.,,,2026-09-07,,Stage 4,13.9,Neutral,Volume Drying Up,Volume Drying Up (0.75x vs 10W Avg),-2.56,Underperformed Nifty by 2.56% in 3 Months,False,-2.56,8.37,186062422.11,0.69,0.93,0.75,True,True,"Stage 4, Stage 4, weekly_vcp_ok, volume_dryup, weekly_volume_dryup, weekly_strong, flags=Wide Risk;Low Liquidity, downtrend",weekly_watchlist,31.78,32.78,249.36,-16.29,"[29.13, 24.21]","[3, 7]",0.9,11.0,strong,433
HEXT.NS,Hexaware Technologies Limited,Information Technology Services,Technology,Technology,False,Cash,1,Stage 4,Stage 4,Stage 4,0.86,Price is below the 30-week trend and below long-term support structure.,,,,,Stage 4,4.02,Neutral,Volume Drying Up,Volume Drying Up (0.22x vs 10W Avg),-0.97,Underperformed Nifty by 0.97% in 3 Months,False,-0.97,8.42,155739278.17,0.26,0.4,0.22,True,True,"Stage 4, Stage 4, weekly_vcp_ok, volume_dryup, weekly_volume_dryup, weekly_strong, flags=Wide Weekly Base;Wide Risk;Low Liquidity, downtrend",weekly_watchlist,32.74,32.74,623.89,-20.8,"[50.45, 14.57]","[14, 2]",0.9,28.0,strong,434
AURIONPRO.NS,Aurionpro Solutions Limited,Software - Application,Technology,Technology,False,Cash,1,Stage 4,Stage 4,Stage 4,0.86,Price is below the 30-week trend and below long-term support structure.,,,,,Stage 4,0.0,Weak,Volume Drying Up,Volume Drying Up (0.63x vs 10W Avg),-20.87,Underperformed Nifty by 20.87% in 3 Months,False,-20.87,-22.72,85947811.98,0.61,0.76,0.63,True,True,"Stage 4, Stage 4, weekly_vcp_ok, volume_dryup, weekly_volume_dryup, weekly_strong, flags=Loose Structure;Wide Risk;Low Liquidity, downtrend",weekly_watchlist,30.2,32.7,931.11,-33.19,"[30.98, 22.77]","[7, 4]",0.9,14.0,strong,435
SIS.NS,SIS LIMITED,Industrials,Industrials,Industrials,False,Cash,1,Stage 2,Stage 2,Advancing,0.8,Price is above constructive weekly and long-term trend structure with improving relative strength.,Stage 2 reclaimed after 3 confirmation runs.,,2026-09-29,,Stage 2 - Advancing,37.46,Very Strong,Volume Expanding,Volume Expanding (2.42x vs 10W Avg),5.16,Outperformed Nifty by 5.16% in 3 Months,True,5.16,43.7,173774766.24,1.52,0.92,2.42,False,False,"Stage 2, Advancing, trend_template_ok, flags=Low Liquidity",weekly_watchlist,32.69,32.69,445.35,-5.89,[14.71],[8],0.0,8.0,weak,436
GUJTHEM.NS,Gujarat Themis Biosyn Limited,Drug Manufacturers - Specialty & Generic,Healthcare,Healthcare,False,Cash,1,Stage 2,Stage 2,Advancing,0.8,Price is above constructive weekly and long-term trend structure with improving relative strength.,,,2026-09-29,,Stage 2 - Advancing,30.45,Strong,Volume Drying Up,Volume Drying Up (0.47x vs 10W Avg),7.64,Outperformed Nifty by 7.64% in 3 Months,True,7.64,46.24,250969947.51,0.82,0.3,0.47,True,True,"Stage 2, Advancing, trend_template_ok, volume_dryup, weekly_volume_dryup, flags=Wide Risk;Low Liquidity",weekly_watchlist,27.59,32.59,470.11,-17.55,[22.56],[10],0.0,10.0,weak,437
LTTS.NS,L&T Technology Services Limited,Information Technology Services,Technology,Technology,False,Cash,1,Stage 4,Stage 4,Stage 4,0.86,Price is below the 30-week trend and below long-term support structure.,,,,,Stage 4,10.02,Weak,Volume Drying Up,Volume Drying Up (0.79x vs 10W Avg),8.92,Outperformed Nifty by 8.92% in 3 Months,False,8.92,-3.6,180335593.85,0.72,1.92,0.79,True,True,"Stage 4, Stage 4, weekly_vcp_ok, volume_dryup, weekly_volume_dryup, weekly_strong, flags=Wide Weekly Base;Wide Risk;Low Liquidity, downtrend",weekly_watchlist,32.53,32.53,3811.65,-15.3,"[36.31, 20.37]","[14, 8]",0.9,30.0,strong,438
APTUS.NS,Aptus Value Housing Finance India Limited,Mortgage Finance,Financial Services,Financial Services,False,Cash,1,Stage 4,Stage 4,Stage 4,0.86,Price is below the 30-week trend and below long-term support structure.,,,,,Stage 4,5.72,Weak,Volume Normal,Volume Normal (1.50x vs 10W Avg),-11.75,Underperformed Nifty by 11.75% in 3 Months,False,-11.75,16.2,425248858.92,1.57,1.14,1.5,False,False,"Stage 4, Stage 4, weekly_vcp_ok, weekly_strong, flags=Loose Structure;Wide Risk;Low Liquidity, downtrend",weekly_watchlist,32.44,32.44,309.54,-24.88,"[34.02, 14.83]","[8, 5]",0.9,18.0,strong,439
JSWINFRA.NS,JSW Infrastructure Limited,Marine Shipping,Industrials,Industrials,False,Cash,1,Stage 2,Stage 2,Advancing,0.9,Price is above constructive weekly and long-term trend structure with improving relative strength.,,,2026-09-29,,Stage 2 - Advancing,39.52,Very Strong,Volume Normal,Volume Normal (0.90x vs 10W Avg),16.86,Outperformed Nifty by 16.86% in 3 Months,True,16.86,51.36,1645323339.14,1.95,0.59,0.9,False,True,"Stage 2, Advancing, trend_template_ok, weekly_volume_dryup, flags=Wide Risk;Low Liquidity",weekly_watchlist,27.42,32.42,355.62,0.28,[12.84],[2],0.0,2.0,weak,440
UTIAMC.NS,UTI Asset Management Company Limited,Asset Management,Financial Services,Financial Services,False,Cash,1,Stage 4,Stage 4,Stage 4,0.86,Price is below the 30-week trend and below long-term support structure.,,,,,Stage 4,7.43,Neutral,Volume Drying Up,Volume Drying Up (0.44x vs 10W Avg),-0.6,Underperformed Nifty by 0.6% in 3 Months,False,-0.6,-2.75,86025382.3,0.53,0.48,0.44,True,True,"Stage 4, Stage 4, weekly_vcp_ok, volume_dryup, weekly_volume_dryup, weekly_strong, flags=Low Liquidity, downtrend",weekly_watchlist,32.4,32.4,1078.11,-18.15,"[20.68, 19.94, 15.97, 13.02]","[6, 6, 7, 7]",1.0,37.0,strong,441
ORIENTCEM.NS,Orient Cement Limited,Building Materials,Basic Materials,Basic Materials,False,Cash,1,Stage 4,Stage 4,Stage 4,0.86,Price is below the 30-week trend and below long-term support structure.,,,,,Stage 4,0.0,Weak,Volume Normal,Volume Normal (1.26x vs 10W Avg),-8.88,Underperformed Nifty by 8.88% in 3 Months,False,-8.88,-12.97,63479716.2,2.07,0.45,1.26,False,False,"Stage 4, Stage 4, weekly_vcp_ok, weekly_strong, flags=Wide Risk;Low Liquidity, downtrend",weekly_watchlist,32.4,32.4,152.33,-22.03,"[32.96, 31.66, 15.45, 9.29]","[5, 14, 6, 2]",1.0,37.0,strong,442
PILANIINVS.NS,Pilani Investment and Industries Corporation Limited,Asset Management,Financial Services,Financial Services,False,Cash,1,Stage 4,Stage 4,Stage 4,0.86,Price is below the 30-week trend and below long-term support structure.,,,,,Stage 4,0.0,Weak,Volume Expanding,Volume Normal (1.16x vs 10W Avg),-3.42,Underperformed Nifty by 3.42% in 3 Months,False,-3.42,-11.37,11046383.44,0.96,2.7,1.16,False,False,"Stage 4, Stage 4, weekly_vcp_ok, weekly_strong, flags=Wide Risk;Low Liquidity, downtrend",weekly_watchlist,32.4,32.4,5037.93,-21.47,"[17.43, 18.16, 17.29, 6.42]","[5, 2, 8, 3]",1.0,31.0,strong,443
GSFC.NS,Gujarat State Fertilizers & Chemicals Limited,Agricultural Inputs,Basic Materials,Basic Materials,False,Cash,1,Stage 4,Stage 4,Stage 4,0.66,Price is below weekly structure.,,,,,Stage 4,14.48,Strong,Volume Drying Up,Volume Drying Up (0.78x vs 10W Avg),3.08,Outperformed Nifty by 3.08% in 3 Months,False,3.08,-0.02,154212521.03,0.92,0.73,0.78,False,True,"Stage 4, Stage 4, weekly_vcp_ok, weekly_volume_dryup, weekly_strong, flags=Low Liquidity, downtrend",weekly_watchlist,32.31,32.31,175.27,-13.97,"[25.58, 15.49]","[12, 9]",0.9,28.0,strong,444
NEOGEN.NS,Neogen Chemicals Limited,Specialty Chemicals,Basic Materials,Basic Materials,False,Cash,1,Stage 2,Stage 2,Advancing,0.9,Price is above constructive weekly and long-term trend structure with improving relative strength.,,,2026-09-29,,Stage 2 - Advancing,32.0,Very Strong,Volume Drying Up,Volume Drying Up (0.84x vs 10W Avg),28.84,Outperformed Nifty by 28.84% in 3 Months,True,28.84,100.05,531090173.74,1.19,0.76,0.84,False,True,"Stage 2, Advancing, trend_template_ok, weekly_volume_dryup, flags=Wide Risk;Low Liquidity",weekly_watchlist,29.8,32.3,2488.25,-1.47,[26.64],[3],0.0,3.0,weak,445
WELSPUNLIV.NS,Welspun Living Limited,Textile Manufacturing,Consumer Cyclical,Consumer Cyclical,False,Cash,1,Stage 2,Stage 2,Extended,0.78,"Weekly advancing structure remains intact, but price is stretched versus key moving averages.",,,2026-09-29,,Stage 2 - Extended,26.94,Very Strong,Volume Drying Up,Volume Drying Up (0.54x vs 10W Avg),40.88,Outperformed Nifty by 40.88% in 3 Months,True,40.88,89.36,920799621.58,0.72,0.62,0.54,True,True,"Stage 2, Extended, trend_template_ok, volume_dryup, weekly_volume_dryup, flags=Loose Structure;Extended;Wide Risk;Low Liquidity",weekly_watchlist,29.8,32.3,233.41,-2.6,[12.57],[3],0.0,3.0,weak,446
THELEELA.NS,Leela Palaces Hotels & Resorts Limited,Lodging,Consumer Cyclical,Consumer Cyclical,False,Cash,1,Stage 2,Stage 2,Advancing,0.9,Price is above constructive weekly and long-term trend structure with improving relative strength.,,,2026-09-29,,Stage 2 - Advancing,51.17,Very Strong,Volume Drying Up,Volume Normal (1.33x vs 10W Avg),27.42,Outperformed Nifty by 27.42% in 3 Months,True,27.42,36.67,203639076.65,0.76,2.43,1.33,True,False,"Stage 2, Advancing, trend_template_ok, volume_dryup, flags=Wider Risk",weekly_watchlist,31.21,32.21,583.87,-1.72,[9.77],[4],0.0,4.0,weak,447
PREMEXPLN.NS,Premier Explosives Limited,Specialty Chemicals,Basic Materials,Basic Materials,False,Cash,1,Stage 2,Stage 2,Advancing,0.9,Price is above constructive weekly and long-term trend structure with improving relative strength.,,,2026-09-29,,Stage 2 - Advancing,37.63,Neutral,Volume Expanding,Volume Normal (1.19x vs 10W Avg),-1.96,Underperformed Nifty by 1.96% in 3 Months,True,-1.96,57.11,155745181.82,0.97,2.45,1.19,False,False,"Stage 2, Advancing, trend_template_ok, flags=Low Liquidity",weekly_watchlist,29.71,32.21,703.21,-2.72,[23.31],[5],0.0,5.0,weak,448
AXISCADES.NS,AXISCADES Technologies Limited,Engineering & Construction,Industrials,Industrials,False,Cash,1,Stage 2,Stage 2,Extended,0.78,"Weekly advancing structure remains intact, but price is stretched versus key moving averages.",,,2026-09-29,,Stage 2 - Extended,28.83,Very Strong,Volume Expanding,Volume Expanding (3.07x vs 10W Avg),46.51,Outperformed Nifty by 46.51% in 3 Months,True,46.51,37.21,563063328.93,1.88,6.08,3.07,False,False,"Stage 2, Extended, trend_template_ok, flags=Wide Base;Wide Weekly Base;Loose Structure;Extended;Wide Risk;Low Liquidity",weekly_watchlist,32.2,32.2,2033.55,9.72,[35.95],[13],0.0,13.0,weak,449
VMM.NS,Vishal Mega Mart Limited,Consumer Cyclical,Consumer Cyclical,Consumer Cyclical,True,F&O,1,Stage 4,Stage 4,Stage 4,0.86,Price is below the 30-week trend and below long-term support structure.,,,,,Stage 4,7.44,Weak,Volume Normal,Volume Normal (1.05x vs 10W Avg),-8.38,Underperformed Nifty by 8.38% in 3 Months,False,-8.38,-11.53,1034426496.43,0.92,1.07,1.05,False,False,"Stage 4, Stage 4, weekly_vcp_ok, weekly_strong, flags=Wide Risk;Low Liquidity, downtrend",weekly_watchlist,31.2,32.2,123.91,-18.49,"[23.73, 13.46]","[4, 2]",0.9,11.0,strong,450
INDUSTOWER.NS,Indus Towers Limited,Telecom Services,Communication Services,Communication Services,True,F&O,1,Stage 4,Stage 4,Stage 4,0.66,Price is below weekly structure.,,,,,Stage 4,18.34,Neutral,Volume Normal,Volume Normal (1.24x vs 10W Avg),6.98,Outperformed Nifty by 6.98% in 3 Months,False,6.98,-9.78,1693885989.72,0.97,1.52,1.24,False,False,"Stage 4, Stage 4, weekly_vcp_ok, weekly_strong, flags=Low Liquidity, downtrend",weekly_watchlist,32.0,32.0,433.86,-13.98,"[18.84, 17.36]","[11, 9]",0.9,23.0,strong,451
POWERGRID.NS,Power Grid Corporation of India Limited,Utilities,Utilities,Utilities,True,F&O,1,Stage 4,Stage 4,Stage 4,0.66,Price is below weekly structure.,,,,,Stage 4,14.89,Weak,Volume Normal,Volume Normal (1.41x vs 10W Avg),-1.5,Underperformed Nifty by 1.5% in 3 Months,False,-1.5,-12.7,2530060438.7,1.17,1.07,1.41,False,False,"Stage 4, Stage 4, weekly_vcp_ok, weekly_strong, flags=Low Liquidity, downtrend",weekly_watchlist,32.0,32.0,293.88,-11.36,"[14.33, 10.6]","[5, 4]",0.9,18.0,strong,452
NHPC.NS,NHPC Limited,Utilities - Renewable,Utilities,Utilities,True,F&O,1,Stage 4,Stage 4,Stage 4,0.66,Price is below weekly structure.,,,,,Stage 4,14.71,Weak,Volume Drying Up,Volume Drying Up (0.70x vs 10W Avg),-1.77,Underperformed Nifty by 1.77% in 3 Months,False,-1.77,-4.81,722434875.46,0.96,0.83,0.7,False,True,"Stage 4, Stage 4, weekly_vcp_ok, weekly_volume_dryup, weekly_strong, flags=Wide Risk;Low Liquidity, downtrend",weekly_watchlist,32.0,32.0,82.77,-12.04,"[17.52, 10.24]","[6, 6]",0.9,18.0,strong,453
GATEWAY.NS,Gateway Distriparks Limited,Industrials,Industrials,Industrials,False,Cash,1,Stage 4,Stage 4,Stage 4,0.66,Price is below weekly structure.,,,,,Stage 4,13.22,Weak,Volume Drying Up,Volume Drying Up (0.50x vs 10W Avg),-6.82,Underperformed Nifty by 6.82% in 3 Months,False,-6.82,-4.7,27843241.26,0.52,0.67,0.5,True,True,"Stage 4, Stage 4, weekly_vcp_ok, volume_dryup, weekly_volume_dryup, weekly_strong, flags=Low Liquidity, downtrend",weekly_watchlist,32.0,32.0,62.0,-16.06,"[24.55, 12.81]","[6, 2]",0.9,14.0,strong,454
AMBER.NS,Amber Enterprises India Limited,"Furnishings, Fixtures & Appliances",Consumer Cyclical,Consumer Cyclical,True,F&O,1,Stage 4,Stage 4,Stage 4,0.66,Price is below weekly structure.,,,2026-08-31,,Stage 4,12.8,Weak,Volume Drying Up,Volume Drying Up (0.73x vs 10W Avg),-5.57,Underperformed Nifty by 5.57% in 3 Months,False,-5.57,2.42,825063958.52,0.56,1.39,0.73,True,True,"Stage 4, Stage 4, weekly_vcp_ok, volume_dryup, weekly_volume_dryup, weekly_strong, flags=Wide Risk;Low Liquidity, downtrend",weekly_watchlist,32.0,32.0,8218.0,-18.81,"[22.69, 15.42]","[2, 8]",0.9,14.0,strong,455
SBILIFE.NS,SBI Life Insurance Company Limited,Insurance - Life,Financial Services,Financial Services,True,F&O,1,Stage 4,Stage 4,Stage 4,0.66,Price is below weekly structure.,,,,,Stage 4,12.19,Neutral,Volume Expanding,Volume Expanding (2.02x vs 10W Avg),1.69,Outperformed Nifty by 1.69% in 3 Months,False,1.69,-9.17,1874614241.16,1.38,1.83,2.02,False,False,"Stage 4, Stage 4, weekly_vcp_ok, weekly_strong, flags=Wider Risk;Low Liquidity, downtrend",weekly_watchlist,32.0,32.0,1918.35,-11.57,"[18.83, 10.83]","[5, 2]",0.9,15.0,strong,456
BALMLAWRIE.NS,Balmer Lawrie & Company Limited,Conglomerates,Industrials,Industrials,False,Cash,1,Stage 4,Stage 4,Stage 4,0.66,Price is below weekly structure.,,,,,Stage 4,11.86,Weak,Volume Drying Up,Volume Drying Up (0.63x vs 10W Avg),-2.41,Underperformed Nifty by 2.41% in 3 Months,False,-2.41,1.42,21026171.45,0.69,0.63,0.63,True,True,"Stage 4, Stage 4, weekly_vcp_ok, volume_dryup, weekly_volume_dryup, weekly_strong, flags=Wider Risk;Low Liquidity, downtrend",weekly_watchlist,32.0,32.0,182.75,-11.82,"[16.29, 8.77]","[5, 6]",0.9,14.0,strong,457
DALBHARAT.NS,Dalmia Bharat Limited,Building Materials,Basic Materials,Basic Materials,True,F&O,1,Stage 4,Stage 4,Stage 4,0.66,Price is below weekly structure.,,,,,Stage 4,11.8,Weak,Volume Drying Up,Volume Drying Up (0.48x vs 10W Avg),1.78,Outperformed Nifty by 1.78% in 3 Months,False,1.78,-11.25,151641936.16,0.54,0.51,0.48,True,True,"Stage 4, Stage 4, weekly_vcp_ok, volume_dryup, weekly_volume_dryup, weekly_strong, flags=Wide Risk;Low Liquidity, downtrend",weekly_watchlist,32.0,32.0,2005.24,-16.03,"[24.01, 20.05]","[9, 5]",0.9,20.0,strong,458
RELIGARE.NS,Religare Enterprises Limited,Insurance - Life,Financial Services,Financial Services,False,Cash,1,Failed Stage 2,Stage 4,Failed Stage 2,0.72,"This stock was recently Stage 2, but the latest structure no longer satisfies Stage 2 rules. It is kept as Failed Stage 2 until a fresh base/repair structure forms.",Recent Stage 2 break; public stage held as Failed Stage 2.,2026-09-30,2026-09-23,,Failed Stage 2,10.7,Weak,Volume Drying Up,Volume Drying Up (0.77x vs 10W Avg),-6.87,Underperformed Nifty by 6.87% in 3 Months,False,-6.87,1.14,203160503.22,0.67,0.99,0.77,True,True,"Stage 4, Stage 4, weekly_vcp_ok, volume_dryup, weekly_volume_dryup, weekly_strong, flags=Wide Risk;Low Liquidity, downtrend | Stage 2 failed state applied from stage memory.",weekly_watchlist,32.0,32.0,280.49,-18.39,"[26.89, 20.27]","[4, 9]",0.9,28.0,strong,459
RAILTEL.NS,Railtel Corporation Of India Limited,Telecom Services,Communication Services,Communication Services,False,Cash,1,Stage 4,Stage 4,Stage 4,0.86,Price is below the 30-week trend and below long-term support structure.,,,,,Stage 4,10.57,Weak,Volume Expanding,Volume Expanding (2.19x vs 10W Avg),-7.0,Underperformed Nifty by 7.0% in 3 Months,False,-7.0,-2.05,209917143.59,1.34,6.82,2.19,False,False,"Stage 4, Stage 4, weekly_vcp_ok, weekly_strong, flags=Wide Risk;Low Liquidity, downtrend",weekly_watchlist,32.0,32.0,352.97,-24.74,"[31.44, 21.08]","[7, 14]",0.9,23.0,strong,460
KKCL.NS,Kewal Kiran Clothing Limited,Apparel Manufacturing,Consumer Cyclical,Consumer Cyclical,False,Cash,1,Stage 4,Stage 4,Stage 4,0.66,Price is below weekly structure.,,,2026-09-04,,Stage 4,10.15,Weak,Volume Drying Up,Volume Drying Up (0.63x vs 10W Avg),-2.29,Underperformed Nifty by 2.29% in 3 Months,False,-2.29,0.26,14366051.02,0.52,0.25,0.63,True,True,"Stage 4, Stage 4, weekly_vcp_ok, volume_dryup, weekly_volume_dryup, weekly_strong, flags=Wide Risk;Low Liquidity, downtrend",weekly_watchlist,32.0,32.0,569.04,-19.1,"[26.01, 15.49]","[6, 5]",0.9,17.0,strong,461
GOPAL.NS,Gopal Snacks Limited,Packaged Foods,Consumer Defensive,Consumer Defensive,False,Cash,1,Stage 4,Stage 4,Stage 4,0.86,Price is below the 30-week trend and below long-term support structure.,,,,,Stage 4,9.36,Weak,Volume Drying Up,Volume Drying Up (0.70x vs 10W Avg),-2.47,Underperformed Nifty by 2.47% in 3 Months,False,-2.47,-5.71,27673877.42,0.75,0.42,0.7,True,True,"Stage 4, Stage 4, weekly_vcp_ok, volume_dryup, weekly_volume_dryup, weekly_strong, flags=Wider Risk;Low Liquidity, downtrend",weekly_watchlist,32.0,32.0,343.14,-26.87,"[26.8, 24.97]","[11, 11]",0.9,28.0,strong,462
BSOFT.NS,BIRLASOFT LIMITED,Information Technology Services,Technology,Technology,False,Cash,1,Stage 4,Stage 4,Stage 4,0.86,Price is below the 30-week trend and below long-term support structure.,,,,,Stage 4,9.0,Weak,Volume Drying Up,Volume Drying Up (0.67x vs 10W Avg),5.01,Outperformed Nifty by 5.01% in 3 Months,False,5.01,-26.33,407542242.8,0.59,1.28,0.67,True,True,"Stage 4, Stage 4, weekly_vcp_ok, volume_dryup, weekly_volume_dryup, weekly_strong, flags=Wide Risk;Low Liquidity, downtrend",weekly_watchlist,32.0,32.0,331.58,-18.06,"[31.43, 32.42]","[7, 11]",0.9,21.0,strong,463
AMBUJACEM.NS,Ambuja Cements Limited,Building Materials,Basic Materials,Basic Materials,True,F&O,1,Stage 4,Stage 4,Stage 4,0.86,Price is below the 30-week trend and below long-term support structure.,,,,,Stage 4,8.94,Weak,Volume Drying Up,Volume Drying Up (0.84x vs 10W Avg),-8.47,Underperformed Nifty by 8.47% in 3 Months,False,-8.47,-11.9,482819636.09,0.73,2.03,0.84,True,True,"Stage 4, Stage 4, weekly_vcp_ok, volume_dryup, weekly_volume_dryup, weekly_strong, flags=Wide Risk;Low Liquidity, downtrend",weekly_watchlist,32.0,32.0,466.49,-19.83,"[31.25, 12.38]","[11, 2]",0.9,22.0,strong,464
FINPIPE.NS,Finolex Industries Limited,Building Products & Equipment,Industrials,Industrials,False,Cash,1,Stage 4,Stage 4,Stage 4,0.86,Price is below the 30-week trend and below long-term support structure.,,,,,Stage 4,8.7,Weak,Volume Drying Up,Volume Drying Up (0.72x vs 10W Avg),-4.46,Underperformed Nifty by 4.46% in 3 Months,False,-4.46,-4.75,50089604.32,0.78,0.57,0.72,True,True,"Stage 4, Stage 4, weekly_vcp_ok, volume_dryup, weekly_volume_dryup, weekly_strong, flags=Wide Risk;Low Liquidity, downtrend",weekly_watchlist,32.0,32.0,197.24,-23.2,"[25.41, 15.33]","[7, 4]",0.9,23.0,strong,465
PRAJIND.NS,Praj Industries Limited,Engineering & Construction,Industrials,Industrials,False,Cash,1,Stage 4,Stage 4,Stage 4,0.66,Price is below weekly structure.,,,2026-09-03,,Stage 4,8.56,Weak,Volume Drying Up,Volume Drying Up (0.41x vs 10W Avg),-8.68,Underperformed Nifty by 8.68% in 3 Months,False,-8.68,-10.45,122744276.63,0.43,0.59,0.41,True,True,"Stage 4, Stage 4, weekly_vcp_ok, volume_dryup, weekly_volume_dryup, weekly_strong, flags=Wide Risk;Low Liquidity, downtrend",weekly_watchlist,32.0,32.0,364.28,-16.04,"[24.21, 18.23]","[7, 3]",0.9,14.0,strong,466
RAMCOCEM.NS,The Ramco Cements Limited,Building Materials,Basic Materials,Basic Materials,False,Cash,1,Stage 4,Stage 4,Stage 4,0.86,Price is below the 30-week trend and below long-term support structure.,,,,,Stage 4,8.42,Weak,Volume Drying Up,Volume Drying Up (0.84x vs 10W Avg),-3.72,Underperformed Nifty by 3.72% in 3 Months,False,-3.72,-10.81,188924475.26,0.89,0.82,0.84,False,True,"Stage 4, Stage 4, weekly_vcp_ok, weekly_volume_dryup, weekly_strong, flags=Wide Risk, downtrend",weekly_watchlist,32.0,32.0,988.33,-14.45,"[29.18, 18.17]","[6, 7]",0.9,17.0,strong,467
CMSINFO.NS,CMS Info Systems Limited,Industrials,Industrials,Industrials,False,Cash,1,Stage 4,Stage 4,Stage 4,0.86,Price is below the 30-week trend and below long-term support structure.,,,,,Stage 4,8.22,Weak,Volume Drying Up,Volume Drying Up (0.57x vs 10W Avg),-10.19,Underperformed Nifty by 10.19% in 3 Months,False,-10.19,-23.91,201704018.25,0.67,0.62,0.57,True,True,"Stage 4, Stage 4, weekly_vcp_ok, volume_dryup, weekly_volume_dryup, weekly_strong, flags=Wide Risk;Low Liquidity, downtrend",weekly_watchlist,32.0,32.0,319.12,-30.61,"[27.62, 20.79]","[12, 11]",0.9,26.0,strong,468
KPIGREEN.NS,KPI Green Energy Limited,Utilities - Renewable,Utilities,Utilities,False,Cash,1,Stage 4,Stage 4,Stage 4,0.86,Price is below the 30-week trend and below long-term support structure.,,,,,Stage 4,8.17,Weak,Volume Expanding,Volume Expanding (2.47x vs 10W Avg),-4.01,Underperformed Nifty by 4.01% in 3 Months,False,-4.01,-8.71,1046071267.37,2.74,1.9,2.47,False,False,"Stage 4, Stage 4, weekly_vcp_ok, weekly_strong, flags=Wide Base;Loose Structure;Low Liquidity, downtrend",weekly_watchlist,32.0,32.0,507.56,-29.28,"[28.63, 12.15]","[5, 13]",0.9,31.0,strong,469
HINDCOPPER.NS,Hindustan Copper Limited,Basic Materials,Basic Materials,Basic Materials,False,Cash,1,Stage 4,Stage 4,Stage 4,0.86,Price is below the 30-week trend and below long-term support structure.,,,2026-08-24,,Stage 4,8.15,Weak,Volume Drying Up,Volume Drying Up (0.56x vs 10W Avg),2.72,Outperformed Nifty by 2.72% in 3 Months,False,2.72,-7.23,3820350753.52,0.57,0.5,0.56,True,True,"Stage 4, Stage 4, weekly_vcp_ok, volume_dryup, weekly_volume_dryup, weekly_strong, flags=Wide Weekly Base;Wide Risk;Low Liquidity, downtrend",weekly_watchlist,32.0,32.0,616.84,-23.38,"[41.27, 24.12]","[8, 11]",0.9,26.0,strong,470
GREENPANEL.NS,Greenpanel Industries Limited,Basic Materials,Basic Materials,Basic Materials,False,Cash,1,Stage 4,Stage 4,Stage 4,0.86,Price is below the 30-week trend and below long-term support structure.,,,,,Stage 4,7.6,Weak,Volume Expanding,Volume Normal (0.89x vs 10W Avg),-8.03,Underperformed Nifty by 8.03% in 3 Months,False,-8.03,-15.29,70948561.14,1.46,1.96,0.89,False,True,"Stage 4, Stage 4, weekly_vcp_ok, weekly_volume_dryup, weekly_strong, flags=Wide Risk;Low Liquidity, downtrend",weekly_watchlist,32.0,32.0,208.87,-23.25,"[34.8, 25.87]","[9, 2]",0.9,16.0,strong,471
MOIL.NS,MOIL Limited,Basic Materials,Basic Materials,Basic Materials,False,Cash,1,Stage 4,Stage 4,Stage 4,0.86,Price is below the 30-week trend and below long-term support structure.,,,,,Stage 4,6.71,Weak,Volume Drying Up,Volume Drying Up (0.30x vs 10W Avg),-8.19,Underperformed Nifty by 8.19% in 3 Months,False,-8.19,-21.58,127242059.35,0.3,0.53,0.3,True,True,"Stage 4, Stage 4, weekly_vcp_ok, volume_dryup, weekly_volume_dryup, weekly_strong, flags=Wide Weekly Base;Wide Risk;Low Liquidity, downtrend",weekly_watchlist,32.0,32.0,337.99,-29.65,"[37.1, 23.56]","[10, 12]",0.9,28.0,strong,472
GREENLAM.NS,Greenlam Industries Limited,"Furnishings, Fixtures & Appliances",Consumer Cyclical,Consumer Cyclical,False,Cash,1,Stage 4,Stage 4,Stage 4,0.66,Price is below weekly structure.,,,2026-08-21,,Stage 4,6.64,Weak,Volume Drying Up,Volume Drying Up (0.45x vs 10W Avg),-11.57,Underperformed Nifty by 11.57% in 3 Months,False,-11.57,-4.47,10600477.23,0.37,1.2,0.45,True,True,"Stage 4, Stage 4, weekly_vcp_ok, volume_dryup, weekly_volume_dryup, weekly_strong, flags=Loose Structure;Wider Risk;Low Liquidity, downtrend",weekly_watchlist,32.0,32.0,278.55,-23.59,"[25.77, 13.04]","[7, 5]",0.9,26.0,strong,473
GMRAIRPORT.NS,GMR AIRPORTS LIMITED,Industrials,Industrials,Industrials,True,F&O,1,Stage 4,Stage 4,Stage 4,0.66,Price is below weekly structure.,,,2026-08-10,,Stage 4,6.57,Weak,Volume Normal,Volume Normal (0.87x vs 10W Avg),-9.33,Underperformed Nifty by 9.33% in 3 Months,False,-9.33,3.35,1053919254.2,1.15,1.3,0.87,False,True,"Stage 4, Stage 4, weekly_vcp_ok, weekly_volume_dryup, weekly_strong, flags=Wide Risk;Low Liquidity, downtrend",weekly_watchlist,32.0,32.0,115.84,-17.86,"[17.5, 18.36]","[4, 5]",0.9,12.0,strong,474
CELLO.NS,Cello World Limited,"Furnishings, Fixtures & Appliances",Consumer Cyclical,Consumer Cyclical,False,Cash,1,Stage 4,Stage 4,Stage 4,0.86,Price is below the 30-week trend and below long-term support structure.,,,,,Stage 4,6.2,Weak,Volume Drying Up,Volume Drying Up (0.58x vs 10W Avg),-4.08,Underperformed Nifty by 4.08% in 3 Months,False,-4.08,-19.91,106894196.03,0.4,0.61,0.58,True,True,"Stage 4, Stage 4, weekly_vcp_ok, volume_dryup, weekly_volume_dryup, weekly_strong, flags=Wide Risk;Low Liquidity, downtrend",weekly_watchlist,32.0,32.0,441.22,-26.22,"[27.13, 23.92]","[8, 14]",0.9,24.0,strong,475
GODFRYPHLP.NS,Godfrey Phillips India Limited,Consumer Defensive,Consumer Defensive,Consumer Defensive,True,F&O,1,Stage 4,Stage 4,Stage 4,0.86,Price is below the 30-week trend and below long-term support structure.,,,,,Stage 4,5.49,Weak,Volume Drying Up,Volume Drying Up (0.53x vs 10W Avg),-3.63,Underperformed Nifty by 3.63% in 3 Months,False,-3.63,-1.85,316205313.22,0.5,1.33,0.53,True,True,"Stage 4, Stage 4, weekly_vcp_ok, volume_dryup, weekly_volume_dryup, weekly_strong, flags=Wide Risk;Low Liquidity, downtrend",weekly_watchlist,32.0,32.0,2460.08,-23.1,"[30.47, 19.21]","[5, 10]",0.9,23.0,strong,476
ABFRL.NS,Aditya Birla Fashion and Retail Limited,Apparel Manufacturing,Consumer Cyclical,Consumer Cyclical,False,Cash,1,Stage 4,Stage 4,Stage 4,0.86,Price is below the 30-week trend and below long-term support structure.,,,,,Stage 4,5.17,Weak,Volume Drying Up,Volume Normal (1.10x vs 10W Avg),-19.0,Underperformed Nifty by 19.0% in 3 Months,False,-19.0,-20.96,233374055.26,0.76,0.88,1.1,True,False,"Stage 4, Stage 4, weekly_vcp_ok, volume_dryup, weekly_strong, flags=Loose Structure;Wide Risk;Low Liquidity, downtrend",weekly_watchlist,32.0,32.0,69.21,-33.07,"[28.75, 13.69]","[7, 3]",0.9,23.0,strong,477
GRMOVER.NS,GRM Overseas Limited,Packaged Foods,Consumer Defensive,Consumer Defensive,False,Cash,1,Stage 4,Stage 4,Stage 4,0.86,Price is below the 30-week trend and below long-term support structure.,,,,,Stage 4,5.0,Weak,Volume Normal,Volume Normal (0.90x vs 10W Avg),-13.99,Underperformed Nifty by 13.99% in 3 Months,False,-13.99,-54.06,86477357.08,0.92,0.85,0.9,False,True,"Stage 4, Stage 4, weekly_vcp_ok, weekly_volume_dryup, weekly_strong, flags=Wide Base;Wide Weekly Base;Wide Risk;Low Liquidity, downtrend",weekly_watchlist,32.0,32.0,102.39,-22.92,"[52.01, 16.3]","[9, 3]",0.9,16.0,strong,478
AWL.NS,AWL Agri Business Limited,Packaged Foods,Consumer Defensive,Consumer Defensive,False,Cash,1,Stage 4,Stage 4,Stage 4,0.86,Price is below the 30-week trend and below long-term support structure.,,,,,Stage 4,4.66,Weak,Volume Normal,Volume Normal (1.21x vs 10W Avg),-0.06,Underperformed Nifty by 0.06% in 3 Months,False,-0.06,-1.55,347354964.54,0.92,0.3,1.21,False,False,"Stage 4, Stage 4, weekly_vcp_ok, weekly_strong, flags=Wide Weekly Base;Wide Risk;Low Liquidity, downtrend",weekly_watchlist,32.0,32.0,215.26,-17.46,"[39.49, 9.31]","[17, 2]",0.9,32.0,strong,479
SHREECEM.NS,SHREE CEMENT LIMITED,Building Materials,Basic Materials,Basic Materials,True,F&O,1,Stage 4,Stage 4,Stage 4,0.86,Price is below the 30-week trend and below long-term support structure.,,,,,Stage 4,4.01,Weak,Volume Expanding,Volume Expanding (4.44x vs 10W Avg),-9.07,Underperformed Nifty by 9.07% in 3 Months,False,-9.07,-5.35,872200622.5,2.01,0.57,4.44,False,False,"Stage 4, Stage 4, weekly_vcp_ok, weekly_strong, flags=Wide Risk;Low Liquidity, downtrend",weekly_watchlist,32.0,32.0,27598.21,-19.03,"[19.72, 10.39]","[11, 5]",0.9,22.0,strong,480
MFSL.NS,Max Financial Services Limited,Insurance - Life,Financial Services,Financial Services,True,F&O,1,Stage 4,Stage 4,Stage 4,0.86,Price is below the 30-week trend and below long-term support structure.,,,,,Stage 4,3.79,Weak,Volume Expanding,Volume Expanding (3.70x vs 10W Avg),-6.37,Underperformed Nifty by 6.37% in 3 Months,False,-6.37,-9.19,1856565565.38,2.13,0.94,3.7,False,False,"Stage 4, Stage 4, weekly_vcp_ok, weekly_strong, flags=Wide Risk;Low Liquidity, downtrend",weekly_watchlist,32.0,32.0,1748.0,-21.43,"[24.25, 14.36]","[5, 7]",0.9,24.0,strong,481
KEC.NS,KEC International Limited,Engineering & Construction,Industrials,Industrials,False,Cash,1,Stage 4,Stage 4,Stage 4,0.86,Price is below the 30-week trend and below long-term support structure.,,,,,Stage 4,3.79,Weak,Volume Drying Up,Volume Drying Up (0.62x vs 10W Avg),-17.69,Underperformed Nifty by 17.69% in 3 Months,False,-17.69,-29.46,436958232.26,0.74,0.67,0.62,True,True,"Stage 4, Stage 4, weekly_vcp_ok, volume_dryup, weekly_volume_dryup, weekly_strong, flags=Loose Structure;Wide Risk;Low Liquidity, downtrend",weekly_watchlist,32.0,32.0,610.96,-38.25,"[34.49, 24.47]","[14, 6]",0.9,21.0,strong,482
TTML.NS,Tata Teleservices (Maharashtra) Limited,Telecom Services,Communication Services,Communication Services,False,Cash,1,Stage 4,Stage 4,Stage 4,0.86,Price is below the 30-week trend and below long-term support structure.,,,,,Stage 4,3.79,Weak,Volume Expanding,Volume Expanding (6.87x vs 10W Avg),-12.02,Underperformed Nifty by 12.02% in 3 Months,False,-12.02,-10.98,213961834.89,2.39,0.56,6.87,False,False,"Stage 4, Stage 4, weekly_vcp_ok, weekly_strong, flags=Wide Risk;Low Liquidity, downtrend",weekly_watchlist,32.0,32.0,40.57,-15.46,"[34.75, 17.83]","[7, 3]",0.9,13.0,strong,483
RCF.NS,Rashtriya Chemicals and Fertilizers Limited,Agricultural Inputs,Basic Materials,Basic Materials,False,Cash,1,Stage 4,Stage 4,Stage 4,0.86,Price is below the 30-week trend and below long-term support structure.,,,,,Stage 4,3.79,Weak,Volume Normal,Volume Normal (1.05x vs 10W Avg),-7.92,Underperformed Nifty by 7.92% in 3 Months,False,-7.92,-6.64,116848030.2,0.89,1.13,1.05,False,False,"Stage 4, Stage 4, weekly_vcp_ok, weekly_strong, flags=Wide Risk;Low Liquidity, downtrend",weekly_watchlist,32.0,32.0,138.53,-20.62,"[29.24, 10.89]","[12, 9]",0.9,28.0,strong,484
ASHAPURMIN.NS,Ashapura Minechem Limited,Basic Materials,Basic Materials,Basic Materials,False,Cash,1,Stage 4,Stage 4,Stage 4,0.86,Price is below the 30-week trend and below long-term support structure.,,,2026-07-17,,Stage 4,3.79,Weak,Volume Drying Up,Volume Drying Up (0.70x vs 10W Avg),-14.79,Underperformed Nifty by 14.79% in 3 Months,False,-14.79,2.16,165300319.74,0.66,0.78,0.7,True,True,"Stage 4, Stage 4, weekly_vcp_ok, volume_dryup, weekly_volume_dryup, weekly_strong, flags=Wide Weekly Base;Loose Structure;Wide Risk;Low Liquidity, downtrend",weekly_watchlist,32.0,32.0,786.41,-35.89,"[50.79, 20.85]","[12, 5]",0.9,26.0,strong,485
ICRA.NS,ICRA Limited,Financial Services,Financial Services,Financial Services,False,Cash,1,Stage 4,Stage 4,Stage 4,0.86,Price is below the 30-week trend and below long-term support structure.,,,,,Stage 4,3.79,Weak,Volume Expanding,Volume Normal (0.91x vs 10W Avg),-11.19,Underperformed Nifty by 11.19% in 3 Months,False,-11.19,-16.7,129120012.85,0.88,2.32,0.91,False,False,"Stage 4, Stage 4, weekly_vcp_ok, weekly_strong, flags=Wide Risk;Low Liquidity, downtrend",weekly_watchlist,32.0,32.0,5524.36,-23.39,"[23.61, 13.79]","[12, 14]",0.9,29.0,strong,486
SWSOLAR.NS,Sterling and Wilson Renewable Energy Limited,Solar,Technology,Technology,False,Cash,1,Stage 4,Stage 4,Stage 4,0.86,Price is below the 30-week trend and below long-term support structure.,,,,,Stage 4,3.79,Weak,Volume Drying Up,Volume Drying Up (0.81x vs 10W Avg),-23.36,Underperformed Nifty by 23.36% in 3 Months,False,-23.36,2.18,202336716.83,1.57,1.12,0.81,False,True,"Stage 4, Stage 4, weekly_vcp_ok, weekly_volume_dryup, weekly_strong, flags=Loose Structure;Wide Risk;Low Liquidity, downtrend",weekly_watchlist,32.0,32.0,261.26,-34.48,"[33.41, 23.64]","[6, 6]",0.9,15.0,strong,487
NIITMTS.NS,NIIT Learning Systems Limited,Consumer Defensive,Consumer Defensive,Consumer Defensive,False,Cash,1,Stage 4,Stage 4,Stage 4,0.86,Price is below the 30-week trend and below long-term support structure.,,,,,Stage 4,3.79,Weak,Volume Drying Up,Volume Drying Up (0.61x vs 10W Avg),-6.4,Underperformed Nifty by 6.4% in 3 Months,False,-6.4,-30.06,43507591.11,0.77,0.55,0.61,True,True,"Stage 4, Stage 4, weekly_vcp_ok, volume_dryup, weekly_volume_dryup, weekly_strong, flags=Wide Base;Wide Weekly Base;Wide Risk;Low Liquidity, downtrend",weekly_watchlist,32.0,32.0,342.83,-40.35,"[41.47, 41.41]","[14, 5]",0.9,22.0,strong,488
HGINFRA.NS,H.G. Infra Engineering Limited,Engineering & Construction,Industrials,Industrials,False,Cash,1,Stage 4,Stage 4,Stage 4,0.86,Price is below the 30-week trend and below long-term support structure.,,,,,Stage 4,3.79,Weak,Volume Expanding,Volume Expanding (6.58x vs 10W Avg),-16.91,Underperformed Nifty by 16.91% in 3 Months,False,-16.91,-11.69,344378521.08,3.33,0.19,6.58,False,False,"Stage 4, Stage 4, weekly_vcp_ok, weekly_strong, flags=Wide Weekly Base;Wide Risk;Low Liquidity, downtrend",weekly_watchlist,32.0,32.0,576.76,-24.97,"[39.07, 17.46]","[7, 8]",0.9,17.0,strong,489
ROUTE.NS,ROUTE MOBILE LIMITED,Telecom Services,Communication Services,Communication Services,False,Cash,1,Stage 4,Stage 4,Stage 4,0.86,Price is below the 30-week trend and below long-term support structure.,,,,,Stage 4,3.79,Weak,Volume Drying Up,Volume Drying Up (0.11x vs 10W Avg),-11.3,Underperformed Nifty by 11.3% in 3 Months,False,-11.3,-4.99,106518917.81,0.35,0.3,0.11,True,True,"Stage 4, Stage 4, weekly_vcp_ok, volume_dryup, weekly_volume_dryup, weekly_strong, flags=Wide Weekly Base;Wide Risk;Low Liquidity, downtrend",weekly_watchlist,32.0,32.0,643.82,-30.88,"[36.96, 15.12]","[7, 2]",0.9,14.0,strong,490
KITEX.NS,Kitex Garments Limited,Apparel Manufacturing,Consumer Cyclical,Consumer Cyclical,False,Cash,1,Stage 4,Stage 4,Stage 4,0.86,Price is below the 30-week trend and below long-term support structure.,,,,,Stage 4,3.79,Weak,Volume Drying Up,Volume Drying Up (0.84x vs 10W Avg),-17.45,Underperformed Nifty by 17.45% in 3 Months,False,-17.45,-24.29,44839314.37,0.91,1.26,0.84,False,True,"Stage 4, Stage 4, weekly_vcp_ok, weekly_volume_dryup, weekly_strong, flags=Wide Weekly Base;Wide Risk;Low Liquidity, downtrend",weekly_watchlist,32.0,32.0,173.49,-31.09,"[38.65, 20.59]","[8, 7]",0.9,18.0,strong,491
POKARNA.NS,Pokarna Limited,Building Products & Equipment,Industrials,Industrials,False,Cash,1,Stage 4,Stage 4,Stage 4,0.86,Price is below the 30-week trend and below long-term support structure.,,,2026-08-18,,Stage 4,3.79,Weak,Volume Drying Up,Volume Drying Up (0.49x vs 10W Avg),-24.03,Underperformed Nifty by 24.03% in 3 Months,False,-24.03,-22.86,109103594.25,0.55,0.73,0.49,True,True,"Stage 4, Stage 4, weekly_vcp_ok, volume_dryup, weekly_volume_dryup, weekly_strong, flags=Loose Structure;Wide Risk;Low Liquidity, downtrend",weekly_watchlist,32.0,32.0,1144.59,-38.34,"[30.93, 21.13]","[7, 6]",0.9,16.0,strong,492
BLUEJET.NS,Blue Jet Healthcare Limited,Biotechnology,Healthcare,Healthcare,False,Cash,1,Stage 2,Stage 2,Advancing,0.8,Price is above constructive weekly and long-term trend structure with improving relative strength.,,,2026-09-29,,Stage 2 - Advancing,22.79,Neutral,Volume Drying Up,Volume Drying Up (0.54x vs 10W Avg),2.75,Outperformed Nifty by 2.75% in 3 Months,True,2.75,49.5,236554859.08,0.61,0.91,0.54,True,True,"Stage 2, Advancing, trend_template_ok, volume_dryup, weekly_volume_dryup, flags=Wide Weekly Base;Wide Risk;Low Liquidity",weekly_watchlist,29.42,31.92,647.58,-16.91,[52.8],[21],0.0,21.0,weak,493
SOUTHBANK.NS,The South Indian Bank Limited,Banks - Regional,Financial Services,Financial Services,False,Cash,1,Stage 2,Stage 2,Advancing,0.9,Price is above constructive weekly and long-term trend structure with improving relative strength.,,,2026-09-29,,Stage 2 - Advancing,35.43,Strong,Volume Expanding,Volume Expanding (2.35x vs 10W Avg),10.76,Outperformed Nifty by 10.76% in 3 Months,True,10.76,30.54,638411563.39,1.77,1.41,2.35,False,False,"Stage 2, Advancing, trend_template_ok, flags=Low Liquidity",weekly_watchlist,30.73,31.73,48.44,-0.41,[10.43],[7],0.0,7.0,weak,494
METROPOLIS.NS,Metropolis Healthcare Limited,Diagnostics & Research,Healthcare,Healthcare,False,Cash,1,Stage 2,Stage 2,Advancing,0.8,Price is above constructive weekly and long-term trend structure with improving relative strength.,,,2026-09-29,,Stage 2 - Advancing,20.77,Neutral,Volume Drying Up,Volume Normal (0.95x vs 10W Avg),1.25,Outperformed Nifty by 1.25% in 3 Months,False,1.25,23.65,123194631.54,0.8,2.32,0.95,True,False,"Stage 2, Advancing, volume_dryup, flags=Wider Risk;Low Liquidity",weekly_watchlist,26.69,31.69,610.12,-11.21,[10.39],[14],0.0,14.0,weak,495
DATAPATTNS.NS,Data Patterns (India) Limited,Aerospace & Defense,Industrials,Industrials,False,Cash,1,Stage 2,Stage 2,Advancing,0.8,Price is above constructive weekly and long-term trend structure with improving relative strength.,,,2026-09-29,,Stage 2 - Advancing,21.76,Neutral,Volume Drying Up,Volume Drying Up (0.34x vs 10W Avg),-0.12,Underperformed Nifty by 0.12% in 3 Months,True,-0.12,32.58,2774712599.5,0.54,0.47,0.34,True,True,"Stage 2, Advancing, trend_template_ok, volume_dryup, weekly_volume_dryup, flags=Wide Risk;Low Liquidity",weekly_watchlist,26.65,31.65,5008.7,-14.41,[9.39],[11],0.0,11.0,weak,496
SBCL.NS,Shivalik Bimetal Controls Limited,Metal Fabrication,Industrials,Industrials,False,Cash,1,Stage 2,Stage 2,Extended,0.78,"Weekly advancing structure remains intact, but price is stretched versus key moving averages.",,,2026-09-29,,Stage 2 - Extended,23.84,Very Strong,Volume Drying Up,Volume Drying Up (0.27x vs 10W Avg),52.02,Outperformed Nifty by 52.02% in 3 Months,True,52.02,149.05,345805633.65,0.36,0.73,0.27,True,True,"Stage 2, Extended, trend_template_ok, volume_dryup, weekly_volume_dryup, flags=Loose Structure;Extended;Wide Risk;Low Liquidity",weekly_watchlist,26.6,31.6,1217.83,-12.0,[32.59],[7],0.0,7.0,weak,497
TBOTEK.NS,TBO Tek Limited,Consumer Cyclical,Consumer Cyclical,Consumer Cyclical,False,Cash,1,Stage 2,Stage 2,Advancing,0.8,Price is above constructive weekly and long-term trend structure with improving relative strength.,,,2026-09-29,,Stage 2 - Advancing,49.0,Very Strong,Volume Drying Up,Volume Drying Up (0.73x vs 10W Avg),17.52,Outperformed Nifty by 17.52% in 3 Months,True,17.52,52.39,264317797.02,0.85,2.75,0.73,False,True,"Stage 2, Advancing, trend_template_ok, weekly_volume_dryup, flags=Wider Risk",weekly_watchlist,30.59,31.59,1753.06,-3.87,[10.76],[3],0.0,3.0,weak,498
APCOTEXIND.NS,Apcotex Industries Limited,Specialty Chemicals,Basic Materials,Basic Materials,False,Cash,1,Stage 2,Stage 2,Advancing,0.8,Price is above constructive weekly and long-term trend structure with improving relative strength.,,,2026-09-29,,Stage 2 - Advancing,39.93,Very Strong,Volume Drying Up,Volume Drying Up (0.21x vs 10W Avg),23.39,Outperformed Nifty by 23.39% in 3 Months,True,23.39,64.74,67604868.42,0.24,0.33,0.21,True,True,"Stage 2, Advancing, trend_template_ok, volume_dryup, weekly_volume_dryup, flags=Wider Risk;Low Liquidity",weekly_watchlist,29.0,31.5,713.25,-16.49,[11.35],[9],0.0,9.0,weak,499
RAYMONDREL.NS,Raymond Realty Limited,Real Estate,Real Estate,Real Estate,False,Cash,1,Stage 2,Stage 2,Advancing,0.9,Price is above constructive weekly and long-term trend structure with improving relative strength.,,,2026-09-29,,Stage 2 - Advancing,30.34,Strong,Volume Expanding,Volume Expanding (4.96x vs 10W Avg),2.13,Outperformed Nifty by 2.13% in 3 Months,True,2.13,60.67,1787658072.66,3.59,0.34,4.96,False,False,"Stage 2, Advancing, trend_template_ok, flags=Loose Structure;Low Liquidity",weekly_watchlist,30.48,31.48,736.19,-9.0,[25.53],[17],0.0,17.0,weak,500
WINDMACHIN.NS,Windsor Machines Limited,Specialty Industrial Machinery,Industrials,Industrials,False,Cash,1,Stage 2,Stage 2,Advancing,0.9,Price is above constructive weekly and long-term trend structure with improving relative strength.,,,2026-09-29,,Stage 2 - Advancing,34.05,Strong,Volume Drying Up,Volume Drying Up (0.61x vs 10W Avg),0.51,Outperformed Nifty by 0.51% in 3 Months,True,0.51,21.7,27636747.56,0.6,1.34,0.61,True,True,"Stage 2, Advancing, trend_template_ok, volume_dryup, weekly_volume_dryup, flags=Wide Risk;Low Liquidity",weekly_watchlist,26.42,31.42,326.57,-8.07,[18.28],[12],0.0,12.0,weak,501
ANANDRATHI.NS,Anand Rathi Wealth Limited,Asset Management,Financial Services,Financial Services,False,Cash,1,Stage 2,Stage 2,Advancing,0.8,Price is above constructive weekly and long-term trend structure with improving relative strength.,,,2026-09-29,,Stage 2 - Advancing,31.42,Strong,Volume Expanding,Volume Expanding (2.59x vs 10W Avg),7.97,Outperformed Nifty by 7.97% in 3 Months,True,7.97,27.73,744202294.43,1.87,1.95,2.59,False,False,"Stage 2, Advancing, trend_template_ok, flags=Low Liquidity",weekly_watchlist,31.37,31.37,2268.4,-6.54,[8.22],[8],0.0,8.0,weak,502
BLUESTARCO.NS,Blue Star Limited,Building Products & Equipment,Industrials,Industrials,True,F&O,1,Stage 4,Stage 4,Stage 4,0.66,Price is below weekly structure.,,,,,Stage 4,4.35,Neutral,Volume Normal,Volume Normal (1.48x vs 10W Avg),2.27,Outperformed Nifty by 2.27% in 3 Months,False,2.27,-2.27,1014061948.59,1.16,1.13,1.48,False,False,"Stage 4, Stage 4, weekly_vcp_ok, weekly_strong, flags=Low Liquidity, downtrend",weekly_watchlist,31.3,31.3,1922.85,-21.05,"[28.56, 21.82, 18.37]","[6, 5, 8]",0.95,29.0,strong,503
BIRLACORPN.NS,Birla Corporation Limited,Building Materials,Basic Materials,Basic Materials,False,Cash,1,Stage 4,Stage 4,Stage 4,0.86,Price is below the 30-week trend and below long-term support structure.,,,,,Stage 4,1.55,Weak,Volume Drying Up,Volume Drying Up (0.57x vs 10W Avg),-6.02,Underperformed Nifty by 6.02% in 3 Months,False,-6.02,-3.93,41742995.3,0.69,0.43,0.57,True,True,"Stage 4, Stage 4, weekly_vcp_ok, volume_dryup, weekly_volume_dryup, weekly_strong, flags=Wide Risk;Low Liquidity, downtrend",weekly_watchlist,31.3,31.3,1091.2,-23.02,"[31.04, 18.07, 16.39]","[5, 4, 2]",0.95,24.0,strong,504
MAXHEALTH.NS,Max Healthcare Institute Limited,Medical Care Facilities,Healthcare,Healthcare,True,F&O,1,Stage 4,Stage 4,Stage 4,0.66,Price is below weekly structure.,,,,,Stage 4,0.31,Weak,Volume Expanding,Volume Expanding (2.62x vs 10W Avg),-11.1,Underperformed Nifty by 11.1% in 3 Months,False,-11.1,-1.4,2477925653.79,1.44,7.64,2.62,False,False,"Stage 4, Stage 4, weekly_vcp_ok, weekly_strong, flags=Wide Risk;Low Liquidity, downtrend",weekly_watchlist,31.3,31.3,1169.94,-20.53,"[21.22, 18.84, 17.21]","[10, 6, 2]",0.95,27.0,strong,505
COROMANDEL.NS,Coromandel International Limited,Agricultural Inputs,Basic Materials,Basic Materials,False,Cash,1,Stage 4,Stage 4,Stage 4,0.86,Price is below the 30-week trend and below long-term support structure.,,,,,Stage 4,0.31,Weak,Volume Expanding,Volume Expanding (2.31x vs 10W Avg),-7.58,Underperformed Nifty by 7.58% in 3 Months,False,-7.58,-13.78,283824708.55,1.54,4.34,2.31,False,False,"Stage 4, Stage 4, weekly_vcp_ok, weekly_strong, flags=Wide Risk;Low Liquidity, downtrend",weekly_watchlist,31.3,31.3,2199.6,-20.07,"[24.21, 22.36, 11.26]","[5, 9, 4]",0.95,28.0,strong,506
UPL.NS,UPL Limited,Agricultural Inputs,Basic Materials,Basic Materials,True,F&O,1,Stage 4,Stage 4,Stage 4,0.86,Price is below the 30-week trend and below long-term support structure.,,,,,Stage 4,0.26,Weak,Volume Normal,Volume Normal (1.13x vs 10W Avg),-3.66,Underperformed Nifty by 3.66% in 3 Months,False,-3.66,-11.59,1159670373.03,1.24,1.43,1.13,False,False,"Stage 4, Stage 4, weekly_vcp_ok, weekly_strong, flags=Wide Risk;Low Liquidity, downtrend",weekly_watchlist,31.3,31.3,677.24,-20.3,"[26.78, 16.16, 10.74]","[6, 11, 5]",0.95,26.0,strong,507
JIOFIN.NS,Jio Financial Services Limited,Asset Management,Financial Services,Financial Services,True,F&O,1,Stage 4,Stage 4,Stage 4,0.86,Price is below the 30-week trend and below long-term support structure.,,,,,Stage 4,0.0,Weak,Volume Drying Up,Volume Normal (0.97x vs 10W Avg),-2.62,Underperformed Nifty by 2.62% in 3 Months,False,-2.62,-8.92,2522322273.18,0.82,1.35,0.97,True,False,"Stage 4, Stage 4, weekly_vcp_ok, volume_dryup, weekly_strong, flags=Wide Risk;Low Liquidity, downtrend",weekly_watchlist,31.3,31.3,268.04,-19.09,"[27.03, 11.67, 7.23]","[12, 6, 3]",0.95,26.0,strong,508
VOLTAS.NS,Voltas Limited,"Furnishings, Fixtures & Appliances",Consumer Cyclical,Consumer Cyclical,True,F&O,1,Stage 4,Stage 4,Stage 4,0.86,Price is below the 30-week trend and below long-term support structure.,,,,,Stage 4,0.0,Weak,Volume Normal,Volume Normal (1.11x vs 10W Avg),-9.9,Underperformed Nifty by 9.9% in 3 Months,False,-9.9,-13.33,739454546.72,1.0,1.4,1.11,False,False,"Stage 4, Stage 4, weekly_vcp_ok, weekly_strong, flags=Wide Risk;Low Liquidity, downtrend",weekly_watchlist,31.3,31.3,1411.9,-24.22,"[25.0, 22.06, 11.68]","[5, 3, 2]",0.95,19.0,strong,509
DELHIVERY.NS,Delhivery Limited,Industrials,Industrials,Industrials,True,F&O,1,Stage 4,Stage 4,Stage 4,0.66,Price is below weekly structure.,,,2026-08-11,,Stage 4,0.0,Weak,Volume Expanding,Volume Expanding (1.59x vs 10W Avg),-14.36,Underperformed Nifty by 14.36% in 3 Months,False,-14.36,-8.6,1173612294.2,1.23,2.48,1.59,False,False,"Stage 4, Stage 4, weekly_vcp_ok, weekly_strong, flags=Wide Risk;Low Liquidity, downtrend",weekly_watchlist,31.3,31.3,524.92,-21.95,"[23.58, 14.46, 12.18]","[11, 6, 5]",0.95,31.0,strong,510
SJVN.NS,SJVN Limited,Utilities - Renewable,Utilities,Utilities,False,Cash,1,Stage 4,Stage 4,Stage 4,0.86,Price is below the 30-week trend and below long-term support structure.,,,,,Stage 4,0.0,Weak,Volume Expanding,Volume Expanding (2.07x vs 10W Avg),-10.08,Underperformed Nifty by 10.08% in 3 Months,False,-10.08,-12.98,169417389.94,1.56,1.16,2.07,False,False,"Stage 4, Stage 4, weekly_vcp_ok, weekly_strong, flags=Wide Risk;Low Liquidity, downtrend",weekly_watchlist,31.3,31.3,82.7,-28.27,"[23.28, 21.47, 19.51]","[4, 7, 12]",0.95,28.0,strong,511
HDFCLIFE.NS,HDFC Life Insurance Company Limited,Insurance - Life,Financial Services,Financial Services,True,F&O,1,Stage 4,Stage 4,Stage 4,0.86,Price is below the 30-week trend and below long-term support structure.,,,,,Stage 4,0.0,Weak,Volume Expanding,Volume Expanding (2.07x vs 10W Avg),-0.82,Underperformed Nifty by 0.82% in 3 Months,False,-0.82,-11.38,2577783400.02,1.55,1.26,2.07,False,False,"Stage 4, Stage 4, weekly_vcp_ok, weekly_strong, flags=Wide Risk;Low Liquidity, downtrend",weekly_watchlist,31.3,31.3,649.57,-19.76,"[25.56, 16.56, 15.92]","[5, 8, 11]",0.95,28.0,strong,512
HDFCAMC.NS,HDFC Asset Management Company Limited,Asset Management,Financial Services,Financial Services,True,F&O,1,Stage 4,Stage 4,Stage 4,0.66,Price is below weekly structure.,,,2026-07-15,,Stage 4,0.0,Weak,Volume Normal,Volume Normal (1.18x vs 10W Avg),-10.97,Underperformed Nifty by 10.97% in 3 Months,False,-10.97,-1.92,1431488553.46,0.98,1.26,1.18,False,False,"Stage 4, Stage 4, weekly_vcp_ok, weekly_strong, flags=Wider Risk;Low Liquidity, downtrend",weekly_watchlist,31.3,31.3,2838.4,-19.65,"[23.98, 15.3, 13.03]","[6, 5, 2]",0.95,22.0,strong,513
ACC.NS,ACC Limited,Building Materials,Basic Materials,Basic Materials,False,Cash,1,Stage 4,Stage 4,Stage 4,0.86,Price is below the 30-week trend and below long-term support structure.,,,,,Stage 4,0.0,Weak,Volume Normal,Volume Normal (1.43x vs 10W Avg),-7.01,Underperformed Nifty by 7.01% in 3 Months,False,-7.01,-10.92,171350915.82,1.08,0.47,1.43,False,False,"Stage 4, Stage 4, weekly_vcp_ok, weekly_strong, flags=Wide Weekly Base;Wide Risk;Low Liquidity, downtrend",weekly_watchlist,31.3,31.3,1453.74,-17.17,"[37.01, 11.14, 6.62]","[18, 6, 2]",0.95,34.0,strong,514
EUREKAFORB.NS,Eureka Forbes Limited,"Furnishings, Fixtures & Appliances",Consumer Cyclical,Consumer Cyclical,False,Cash,1,Stage 4,Stage 4,Stage 4,0.86,Price is below the 30-week trend and below long-term support structure.,,,,,Stage 4,0.0,Weak,Volume Expanding,Volume Expanding (1.77x vs 10W Avg),-15.82,Underperformed Nifty by 15.82% in 3 Months,False,-15.82,-23.12,70385598.87,1.37,1.83,1.77,False,False,"Stage 4, Stage 4, weekly_vcp_ok, weekly_strong, flags=Wide Weekly Base;Wide Risk;Low Liquidity, downtrend",weekly_watchlist,31.3,31.3,542.7,-33.48,"[39.67, 21.37, 12.24]","[15, 4, 3]",0.95,34.0,strong,515
HEIDELBERG.NS,HeidelbergCement India Limited,Building Materials,Basic Materials,Basic Materials,False,Cash,1,Stage 4,Stage 4,Stage 4,0.86,Price is below the 30-week trend and below long-term support structure.,,,,,Stage 4,0.0,Weak,Volume Expanding,Volume Expanding (1.51x vs 10W Avg),-7.32,Underperformed Nifty by 7.32% in 3 Months,False,-7.32,-6.72,32887968.74,1.09,0.59,1.51,False,False,"Stage 4, Stage 4, weekly_vcp_ok, weekly_strong, flags=Wide Risk;Low Liquidity, downtrend",weekly_watchlist,31.3,31.3,158.68,-16.44,"[24.8, 12.59, 7.2]","[8, 2, 3]",0.95,25.0,strong,516
NAVA.NS,NAVA LIMITED,Conglomerates,Industrials,Industrials,False,Cash,1,Stage 4,Stage 4,Stage 4,0.66,Price is below weekly structure.,,,,,Stage 4,15.5,Weak,Volume Normal,Volume Normal (1.16x vs 10W Avg),-1.9,Underperformed Nifty by 1.9% in 3 Months,False,-1.9,-1.05,134426655.75,1.06,1.49,1.16,False,False,"Stage 4, Stage 4, weekly_vcp_ok, weekly_strong, flags=Wide Risk;Low Liquidity, downtrend",weekly_watchlist,31.2,31.2,623.47,-10.29,"[23.73, 14.5]","[4, 6]",0.9,11.0,strong,517
SOBHA.NS,Sobha Limited,Real Estate,Real Estate,Real Estate,False,Cash,1,Stage 4,Stage 4,Stage 4,0.86,Price is below the 30-week trend and below long-term support structure.,,,,,Stage 4,3.17,Weak,Volume Drying Up,Volume Drying Up (0.51x vs 10W Avg),-9.01,Underperformed Nifty by 9.01% in 3 Months,False,-9.01,-1.46,96811192.38,0.84,1.55,0.51,True,True,"Stage 4, Stage 4, weekly_vcp_ok, volume_dryup, weekly_volume_dryup, weekly_strong, flags=Low Liquidity, downtrend",weekly_watchlist,30.2,31.2,1562.23,-21.8,"[27.7, 19.78]","[7, 5]",0.9,17.0,strong,518
GODREJCP.NS,Godrej Consumer Products Limited,Household & Personal Products,Consumer Defensive,Consumer Defensive,True,F&O,1,Stage 4,Stage 4,Stage 4,0.86,Price is below the 30-week trend and below long-term support structure.,,,,,Stage 4,1.34,Weak,Volume Drying Up,Volume Drying Up (0.62x vs 10W Avg),-15.54,Underperformed Nifty by 15.54% in 3 Months,False,-15.54,-17.83,1201232005.57,0.55,1.24,0.62,True,True,"Stage 4, Stage 4, weekly_vcp_ok, volume_dryup, weekly_volume_dryup, weekly_strong, flags=Low Liquidity, downtrend",weekly_watchlist,30.2,31.2,1113.8,-23.68,"[22.04, 14.61]","[5, 6]",0.9,14.0,strong,519
RTNINDIA.NS,RattanIndia Enterprises Limited,Consumer Cyclical,Consumer Cyclical,Consumer Cyclical,False,Cash,1,Stage 4,Stage 4,Stage 4,0.86,Price is below the 30-week trend and below long-term support structure.,,,,,Stage 4,0.0,Weak,Volume Expanding,Volume Expanding (1.67x vs 10W Avg),-14.99,Underperformed Nifty by 14.99% in 3 Months,False,-14.99,-12.02,53377052.71,1.22,3.4,1.67,False,False,"Stage 4, Stage 4, weekly_vcp_ok, weekly_strong, flags=Wide Weekly Base;Wide Risk;Low Liquidity, downtrend",weekly_watchlist,30.2,31.2,33.83,-22.97,"[38.66, 18.41]","[4, 2]",0.9,14.0,strong,520
RECLTD.NS,REC Limited,Credit Services,Financial Services,Financial Services,True,F&O,1,Stage 4,Stage 4,Stage 4,0.66,Price is below weekly structure.,,,,,Stage 4,0.0,Weak,Volume Expanding,Volume Expanding (2.44x vs 10W Avg),-9.91,Underperformed Nifty by 9.91% in 3 Months,False,-9.91,-9.06,1875810038.14,1.41,1.16,2.44,False,False,"Stage 4, Stage 4, weekly_vcp_ok, weekly_strong, flags=Wide Risk;Low Liquidity, downtrend",weekly_watchlist,30.2,31.2,375.67,-20.41,"[19.6, 17.15]","[8, 6]",0.9,17.0,strong,521
METROBRAND.NS,Metro Brands Limited,Consumer Cyclical,Consumer Cyclical,Consumer Cyclical,False,Cash,1,Stage 4,Stage 4,Stage 4,0.86,Price is below the 30-week trend and below long-term support structure.,,,,,Stage 4,0.0,Weak,Volume Drying Up,Volume Drying Up (0.78x vs 10W Avg),-11.98,Underperformed Nifty by 11.98% in 3 Months,False,-11.98,-13.36,97088905.23,1.95,0.68,0.78,False,True,"Stage 4, Stage 4, weekly_vcp_ok, weekly_volume_dryup, weekly_strong, flags=Wide Risk;Low Liquidity, downtrend",weekly_watchlist,30.2,31.2,1126.37,-25.27,"[27.68, 11.67]","[16, 8]",0.9,26.0,strong,522
VENTIVE.NS,Ventive Hospitality Limited,Lodging,Consumer Cyclical,Consumer Cyclical,False,Cash,1,Stage 4,Stage 4,Stage 4,0.86,Price is below the 30-week trend and below long-term support structure.,,,,,Stage 4,0.0,Weak,Volume Drying Up,Volume Drying Up (0.63x vs 10W Avg),-5.01,Underperformed Nifty by 5.01% in 3 Months,False,-5.01,-2.89,19462380.14,0.98,0.3,0.63,False,True,"Stage 4, Stage 4, weekly_vcp_ok, weekly_volume_dryup, weekly_strong, flags=Wide Risk;Low Liquidity, downtrend",weekly_watchlist,30.2,31.2,699.12,-20.13,"[31.66, 13.88]","[8, 4]",0.9,18.0,strong,523
ABLBL.NS,Aditya Birla Lifestyle Brands Limited,Consumer Cyclical,Consumer Cyclical,Consumer Cyclical,False,Cash,1,Stage 4,Stage 4,Stage 4,0.86,Price is below the 30-week trend and below long-term support structure.,,,,,Stage 4,0.0,Weak,Volume Expanding,Volume Expanding (9.40x vs 10W Avg),-13.56,Underperformed Nifty by 13.56% in 3 Months,False,-13.56,-22.77,179647807.35,2.78,1.5,9.4,False,False,"Stage 4, Stage 4, weekly_vcp_ok, weekly_strong, flags=Wide Risk;Low Liquidity, downtrend",weekly_watchlist,30.2,31.2,119.13,-35.77,"[29.15, 30.0]","[10, 8]",0.9,19.0,strong,524
DBREALTY.NS,Valor Estate Limited,Real Estate,Real Estate,Real Estate,False,Cash,1,Stage 4,Stage 4,Stage 4,0.86,Price is below the 30-week trend and below long-term support structure.,,,,,Stage 4,0.0,Weak,Volume Normal,Volume Normal (1.18x vs 10W Avg),-9.04,Underperformed Nifty by 9.04% in 3 Months,False,-9.04,1.78,97561660.45,1.06,0.78,1.18,False,False,"Stage 4, Stage 4, weekly_vcp_ok, weekly_strong, flags=Wide Weekly Base;Wide Risk;Low Liquidity, downtrend",weekly_watchlist,30.2,31.2,126.21,-23.52,"[39.05, 31.22]","[7, 5]",0.9,17.0,strong,525
PARKHOTELS.NS,Apeejay Surrendra Park Hotels Limited,Lodging,Consumer Cyclical,Consumer Cyclical,False,Cash,1,Stage 4,Stage 4,Stage 4,0.86,Price is below the 30-week trend and below long-term support structure.,,,,,Stage 4,0.0,Weak,Volume Expanding,Volume Expanding (2.43x vs 10W Avg),-6.71,Underperformed Nifty by 6.71% in 3 Months,False,-6.71,-5.57,18729987.61,1.58,3.0,2.43,False,False,"Stage 4, Stage 4, weekly_vcp_ok, weekly_strong, flags=Wide Risk;Low Liquidity, downtrend",weekly_watchlist,30.2,31.2,134.08,-21.0,"[30.25, 17.22]","[7, 5]",0.9,17.0,strong,526
GULFOILLUB.NS,Gulf Oil Lubricants India Limited,Specialty Chemicals,Basic Materials,Basic Materials,False,Cash,1,Stage 2,Stage 2,Advancing,0.8,Price is above constructive weekly and long-term trend structure with improving relative strength.,,,2026-09-29,,Stage 2 - Advancing,39.51,Very Strong,Volume Drying Up,Volume Drying Up (0.57x vs 10W Avg),14.15,Outperformed Nifty by 14.15% in 3 Months,True,14.15,30.2,57223252.23,0.53,1.07,0.57,True,True,"Stage 2, Advancing, trend_template_ok, volume_dryup, weekly_volume_dryup, flags=Low Liquidity",weekly_watchlist,28.63,31.13,1199.32,-6.16,[15.61],[5],0.0,5.0,weak,527
EXIDEIND.NS,Exide Industries Limited,Auto Parts,Consumer Cyclical,Consumer Cyclical,True,F&O,1,Stage 2,Stage 2,Advancing,0.8,Price is above constructive weekly and long-term trend structure with improving relative strength.,,,2026-09-29,,Stage 2 - Advancing,27.45,Strong,Volume Drying Up,Volume Drying Up (0.55x vs 10W Avg),6.04,Outperformed Nifty by 6.04% in 3 Months,True,6.04,38.18,847817258.76,0.6,1.28,0.55,True,True,"Stage 2, Advancing, trend_template_ok, volume_dryup, weekly_volume_dryup, flags=Wide Risk;Low Liquidity",weekly_watchlist,28.62,31.12,497.27,-17.03,[23.61],[12],0.0,12.0,weak,528
RPEL.NS,Raghav Productivity Enhancers Limited,Chemicals,Basic Materials,Basic Materials,False,Cash,1,Stage 2,Stage 2,Extended,0.78,"Weekly advancing structure remains intact, but price is stretched versus key moving averages.",,,2026-09-29,,Stage 2 - Extended,25.43,Very Strong,Volume Drying Up,Volume Drying Up (0.68x vs 10W Avg),46.43,Outperformed Nifty by 46.43% in 3 Months,True,46.43,186.57,219319996.69,0.8,1.22,0.68,True,True,"Stage 2, Extended, trend_template_ok, volume_dryup, weekly_volume_dryup, flags=Loose Structure;Extended;Wide Risk;Low Liquidity",weekly_watchlist,28.6,31.1,1947.1,-7.09,[12.33],[2],0.0,2.0,weak,529
UNOMINDA.NS,UNO Minda Limited,Auto Parts,Consumer Cyclical,Consumer Cyclical,True,F&O,1,Failed Stage 2,Stage 1,Failed Stage 2,0.72,"This stock was recently Stage 2, but the latest structure no longer satisfies Stage 2 rules. It is kept as Failed Stage 2 until a fresh base/repair structure forms.",Recent Stage 2 break; public stage held as Failed Stage 2.,2026-09-30,2026-09-18,,Failed Stage 2,13.36,Strong,Volume Drying Up,Volume Drying Up (0.67x vs 10W Avg),9.61,Outperformed Nifty by 9.61% in 3 Months,False,9.61,13.43,620833209.49,0.84,0.86,0.67,True,True,"Stage 1, Stage 1, weekly_vcp_ok, volume_dryup, weekly_volume_dryup, flags=Wide Risk;Low Liquidity, stage1_not_actionable, stage1_needs_more_base | Stage 2 failed state applied from stage memory.",weekly_watchlist,28.6,31.1,1307.5,-10.52,"[18.25, 20.8, 15.31]","[2, 5, 2]",0.55,19.0,moderate,530
MBAPL.NS,Madhya Bharat Agro Products Limited,Agricultural Inputs,Basic Materials,Basic Materials,False,Cash,1,Stage 2,Stage 2,Extended,0.78,"Weekly advancing structure remains intact, but price is stretched versus key moving averages.",,,2026-09-29,,Stage 2 - Extended,39.5,Very Strong,Volume Drying Up,Volume Drying Up (0.80x vs 10W Avg),49.71,Outperformed Nifty by 49.71% in 3 Months,True,49.71,57.75,162181649.02,0.95,1.6,0.8,False,True,"Stage 2, Extended, trend_template_ok, weekly_volume_dryup, flags=Extended;Wider Risk;Low Liquidity",weekly_watchlist,31.0,31.0,175.25,-2.63,[11.03],[4],0.0,4.0,weak,531
INDIGOPNTS.NS,Indigo Paints Limited,Specialty Chemicals,Basic Materials,Basic Materials,False,Cash,1,Stage 2,Stage 2,Advancing,0.8,Price is above constructive weekly and long-term trend structure with improving relative strength.,,,2026-09-29,,Stage 2 - Advancing,18.12,Strong,Volume Drying Up,Volume Drying Up (0.43x vs 10W Avg),8.36,Outperformed Nifty by 8.36% in 3 Months,False,8.36,41.99,59986636.05,0.41,0.58,0.43,True,True,"Stage 2, Advancing, volume_dryup, weekly_volume_dryup, flags=Wide Weekly Base;Wider Risk;Low Liquidity",weekly_watchlist,28.44,30.94,1215.74,-10.26,[43.36],[11],0.0,11.0,weak,532
CRAFTSMAN.NS,Craftsman Automation Limited,Auto Parts,Consumer Cyclical,Consumer Cyclical,False,Cash,1,Stage 2,Stage 2,Advancing,0.8,Price is above constructive weekly and long-term trend structure with improving relative strength.,,,2026-09-29,,Stage 2 - Advancing,29.21,Very Strong,Volume Drying Up,Volume Drying Up (0.69x vs 10W Avg),21.45,Outperformed Nifty by 21.45% in 3 Months,True,21.45,52.5,563624636.8,1.0,0.84,0.69,False,True,"Stage 2, Advancing, trend_template_ok, weekly_volume_dryup, flags=Loose Structure;Low Liquidity",weekly_watchlist,28.4,30.9,12020.0,-13.34,[8.04],[9],0.0,9.0,weak,533
SMSPHARMA.NS,SMS Pharmaceuticals Limited,Drug Manufacturers - General,Healthcare,Healthcare,False,Cash,1,Stage 2,Stage 2,Extended,0.78,"Weekly advancing structure remains intact, but price is stretched versus key moving averages.",,,2026-09-29,,Stage 2 - Extended,34.83,Very Strong,Volume Drying Up,Volume Drying Up (0.63x vs 10W Avg),20.27,Outperformed Nifty by 20.27% in 3 Months,True,20.27,20.84,691022976.22,1.31,0.34,0.63,False,True,"Stage 2, Extended, trend_template_ok, weekly_volume_dryup, flags=Loose Structure;Extended;Wide Risk;Low Liquidity",weekly_watchlist,28.31,30.81,448.2,6.34,[19.51],[24],0.0,24.0,weak,534
EMIL.NS,Electronics Mart India Limited,Consumer Cyclical,Consumer Cyclical,Consumer Cyclical,False,Cash,1,Stage 2,Stage 2,Extended,0.78,"Weekly advancing structure remains intact, but price is stretched versus key moving averages.",,,2026-09-29,,Stage 2 - Extended,32.16,Very Strong,Volume Drying Up,Volume Drying Up (0.82x vs 10W Avg),60.1,Outperformed Nifty by 60.1% in 3 Months,True,60.1,115.08,808393902.52,0.73,5.2,0.82,True,True,"Stage 2, Extended, trend_template_ok, volume_dryup, weekly_volume_dryup, flags=Loose Structure;Extended;Wide Risk;Low Liquidity",weekly_watchlist,29.8,30.8,203.22,1.06,[14.84],[3],0.0,3.0,weak,535
SHOPERSTOP.NS,Shoppers Stop Limited,Consumer Cyclical,Consumer Cyclical,Consumer Cyclical,False,Cash,1,Stage 2,Stage 2,Advancing,0.8,Price is above constructive weekly and long-term trend structure with improving relative strength.,,,2026-09-29,,Stage 2 - Advancing,33.84,Very Strong,Volume Expanding,Volume Expanding (4.17x vs 10W Avg),23.55,Outperformed Nifty by 23.55% in 3 Months,True,23.55,43.23,162695667.14,2.62,0.1,4.17,False,False,"Stage 2, Advancing, trend_template_ok, flags=Wide Risk;Low Liquidity",weekly_watchlist,29.68,30.68,442.0,-6.11,[15.98],[4],0.0,4.0,weak,536
WESTLIFE.NS,WESTLIFE FOODWORLD LIMITED,Consumer Cyclical,Consumer Cyclical,Consumer Cyclical,False,Cash,1,Stage 2,Stage 2,Advancing,0.8,Price is above constructive weekly and long-term trend structure with improving relative strength.,,,2026-09-29,,Stage 2 - Advancing,28.8,Very Strong,Volume Drying Up,Volume Drying Up (0.56x vs 10W Avg),24.07,Outperformed Nifty by 24.07% in 3 Months,True,24.07,30.7,297334886.75,0.73,0.15,0.56,True,True,"Stage 2, Advancing, trend_template_ok, volume_dryup, weekly_volume_dryup, flags=Loose Structure;Wider Risk;Low Liquidity",weekly_watchlist,29.68,30.68,608.95,-3.14,[14.57],[5],0.0,5.0,weak,537
KTKBANK.NS,The Karnataka Bank Limited,Banks - Regional,Financial Services,Financial Services,False,Cash,1,Stage 2,Stage 2,Advancing,0.9,Price is above constructive weekly and long-term trend structure with improving relative strength.,,,2026-09-29,,Stage 2 - Advancing,34.78,Very Strong,Volume Drying Up,Volume Drying Up (0.43x vs 10W Avg),33.75,Outperformed Nifty by 33.75% in 3 Months,True,33.75,44.65,599200592.1,0.63,0.41,0.43,True,True,"Stage 2, Advancing, trend_template_ok, volume_dryup, weekly_volume_dryup, flags=Wider Risk;Low Liquidity",weekly_watchlist,29.64,30.64,341.18,-3.57,[7.74],[3],0.0,3.0,weak,538
AJANTPHARM.NS,Ajanta Pharma Limited,Drug Manufacturers - Specialty & Generic,Healthcare,Healthcare,False,Cash,1,Stage 2,Stage 2,Advancing,0.9,Price is above constructive weekly and long-term trend structure with improving relative strength.,,,2026-09-29,,Stage 2 - Advancing,38.3,Very Strong,Volume Expanding,Volume Normal (1.36x vs 10W Avg),15.11,Outperformed Nifty by 15.11% in 3 Months,True,15.11,33.46,315352241.79,1.27,4.7,1.36,False,False,"Stage 2, Advancing, trend_template_ok, flags=Low Liquidity",weekly_watchlist,25.46,30.46,3802.64,-4.78,[9.77],[2],0.0,2.0,weak,539
PPLPHARMA.NS,Piramal Pharma Limited,Drug Manufacturers - Specialty & Generic,Healthcare,Healthcare,False,Cash,1,Stage 2,Stage 2,Advancing,0.8,Price is above constructive weekly and long-term trend structure with improving relative strength.,,,2026-09-29,,Stage 2 - Advancing,30.4,Very Strong,Volume Drying Up,Volume Drying Up (0.63x vs 10W Avg),22.9,Outperformed Nifty by 22.9% in 3 Months,True,22.9,45.13,875912924.74,0.61,0.57,0.63,True,True,"Stage 2, Advancing, trend_template_ok, volume_dryup, weekly_volume_dryup, flags=Wide Risk;Low Liquidity",weekly_watchlist,25.4,30.4,232.34,-11.11,[19.52],[7],0.0,7.0,weak,540
VENUSPIPES.NS,Venus Pipes & Tubes Limited,Steel,Basic Materials,Basic Materials,False,Cash,1,Stage 2,Stage 2,Extended,0.78,"Weekly advancing structure remains intact, but price is stretched versus key moving averages.",,,2026-09-29,,Stage 2 - Extended,29.48,Very Strong,Volume Drying Up,Volume Drying Up (0.78x vs 10W Avg),25.36,Outperformed Nifty by 25.36% in 3 Months,True,25.36,109.35,746882165.43,1.99,0.45,0.78,False,True,"Stage 2, Extended, trend_template_ok, weekly_volume_dryup, flags=Loose Structure;Extended;Wide Risk;Low Liquidity",weekly_watchlist,25.4,30.4,1727.48,24.29,[18.55],[6],0.0,6.0,weak,541
AVALON.NS,Avalon Technologies Limited,Electronic Components,Technology,Technology,False,Cash,1,Stage 2,Stage 2,Extended,0.78,"Weekly advancing structure remains intact, but price is stretched versus key moving averages.",,,2026-09-29,,Stage 2 - Extended,23.65,Very Strong,Volume Expanding,Volume Normal (1.14x vs 10W Avg),39.01,Outperformed Nifty by 39.01% in 3 Months,True,39.01,136.58,1760085422.86,1.57,3.31,1.14,False,False,"Stage 2, Extended, trend_template_ok, flags=Loose Structure;Extended;Wide Risk;Low Liquidity",weekly_watchlist,25.4,30.4,2622.58,-12.43,[24.04],[6],0.0,6.0,weak,542
TEGA.NS,Tega Industries Limited,Specialty Industrial Machinery,Industrials,Industrials,False,Cash,1,Stage 2,Stage 2,Extended,0.78,"Weekly advancing structure remains intact, but price is stretched versus key moving averages.",,,2026-09-29,,Stage 2 - Extended,31.77,Very Strong,Volume Expanding,Volume Normal (1.21x vs 10W Avg),33.48,Outperformed Nifty by 33.48% in 3 Months,True,33.48,21.69,1815231347.25,2.91,2.31,1.21,False,False,"Stage 2, Extended, trend_template_ok, flags=Loose Structure;Extended;Wide Risk;Low Liquidity",weekly_watchlist,25.32,30.32,1838.08,14.61,[22.23],[8],0.0,8.0,weak,543
SUPRIYA.NS,Supriya Lifescience Limited,Biotechnology,Healthcare,Healthcare,False,Cash,1,Stage 2,Stage 2,Advancing,0.9,Price is above constructive weekly and long-term trend structure with improving relative strength.,,,2026-09-29,,Stage 2 - Advancing,38.99,Very Strong,Volume Normal,Volume Normal (1.14x vs 10W Avg),16.76,Outperformed Nifty by 16.76% in 3 Months,True,16.76,54.49,326309588.67,1.2,0.74,1.14,False,False,"Stage 2, Advancing, trend_template_ok, flags=Wider Risk;Low Liquidity",weekly_watchlist,27.73,30.23,951.53,-0.13,[21.77],[2],0.0,2.0,weak,544
ACUTAAS.NS,Acutaas Chemicals Limited,Specialty Chemicals,Basic Materials,Basic Materials,False,Cash,1,Stage 2,Stage 2,Advancing,0.9,Price is above constructive weekly and long-term trend structure with improving relative strength.,,,2026-09-29,,Stage 2 - Advancing,36.82,Strong,Volume Normal,Volume Normal (1.22x vs 10W Avg),0.17,Outperformed Nifty by 0.17% in 3 Months,True,0.17,46.94,1124574682.89,1.13,1.1,1.22,False,False,"Stage 2, Advancing, trend_template_ok, flags=Wider Risk;Low Liquidity",weekly_watchlist,27.71,30.21,3491.49,-6.07,[19.12],[4],0.0,4.0,weak,545
TRANSRAILL.NS,Transrail Lighting Limited,Engineering & Construction,Industrials,Industrials,False,Cash,1,Stage 4,Stage 4,Stage 4,0.86,Price is below the 30-week trend and below long-term support structure.,,,,,Stage 4,2.07,Neutral,Volume Expanding,Volume Expanding (1.91x vs 10W Avg),-0.63,Underperformed Nifty by 0.63% in 3 Months,False,-0.63,-6.25,1156325976.87,3.78,4.31,1.91,False,False,"Stage 4, Stage 4, weekly_vcp_ok, weekly_strong, flags=Wider Risk;Low Liquidity, downtrend",weekly_watchlist,30.2,30.2,527.03,-9.61,"[24.56, 25.45]","[6, 6]",0.9,16.0,strong,546
IRCON.NS,Ircon International Limited,Engineering & Construction,Industrials,Industrials,False,Cash,1,Stage 4,Stage 4,Stage 4,0.86,Price is below the 30-week trend and below long-term support structure.,,,,,Stage 4,0.0,Weak,Volume Expanding,Volume Expanding (12.39x vs 10W Avg),-5.42,Underperformed Nifty by 5.42% in 3 Months,False,-5.42,-7.56,624820564.04,3.26,49.15,12.39,False,False,"Stage 4, Stage 4, weekly_vcp_ok, weekly_strong, flags=Wide Weekly Base;Wide Risk;Low Liquidity, downtrend",weekly_watchlist,30.2,30.2,163.63,-28.44,"[38.1, 20.92]","[13, 5]",0.9,24.0,strong,547
SYMPHONY.NS,Symphony Limited,"Furnishings, Fixtures & Appliances",Consumer Cyclical,Consumer Cyclical,False,Cash,1,Stage 4,Stage 4,Stage 4,0.86,Price is below the 30-week trend and below long-term support structure.,,,,,Stage 4,0.0,Weak,Volume Drying Up,Volume Drying Up (0.39x vs 10W Avg),-9.93,Underperformed Nifty by 9.93% in 3 Months,False,-9.93,-19.59,188970252.55,0.32,0.08,0.39,True,True,"Stage 4, Stage 4, weekly_vcp_ok, volume_dryup, weekly_volume_dryup, weekly_strong, flags=Wide Risk;Low Liquidity, downtrend",weekly_watchlist,30.2,30.2,729.9,-20.2,"[29.41, 26.64]","[8, 6]",0.9,18.0,strong,548
AWFIS.NS,Awfis Space Solutions Limited,Industrials,Industrials,Industrials,False,Cash,1,Stage 4,Stage 4,Stage 4,0.86,Price is below the 30-week trend and below long-term support structure.,,,,,Stage 4,0.0,Weak,Volume Drying Up,Volume Drying Up (0.59x vs 10W Avg),-12.24,Underperformed Nifty by 12.24% in 3 Months,False,-12.24,-14.55,486888255.23,0.54,0.16,0.59,True,True,"Stage 4, Stage 4, weekly_vcp_ok, volume_dryup, weekly_volume_dryup, weekly_strong, flags=Wide Base;Wide Weekly Base;Wide Risk;Low Liquidity, downtrend",weekly_watchlist,30.2,30.2,424.74,-42.53,"[64.18, 33.63]","[20, 2]",0.9,30.0,strong,549
ICICIPRULI.NS,ICICI Prudential Life Insurance Company Limited,Insurance - Life,Financial Services,Financial Services,True,F&O,1,Stage 4,Stage 4,Stage 4,0.86,Price is below the 30-week trend and below long-term support structure.,,,,,Stage 4,0.0,Weak,Volume Expanding,Volume Expanding (1.85x vs 10W Avg),-1.71,Underperformed Nifty by 1.71% in 3 Months,False,-1.71,-15.1,742065790.49,1.4,0.55,1.85,False,False,"Stage 4, Stage 4, weekly_vcp_ok, weekly_strong, flags=Wide Risk;Low Liquidity, downtrend",weekly_watchlist,30.2,30.2,531.95,-16.57,"[27.47, 21.15]","[5, 8]",0.9,15.0,strong,550
FORTIS.NS,Fortis Healthcare Limited,Medical Care Facilities,Healthcare,Healthcare,True,F&O,1,Stage 4,Stage 4,Stage 4,0.66,Price is below weekly structure.,,,2026-07-15,,Stage 4,0.0,Weak,Volume Expanding,Volume Expanding (2.40x vs 10W Avg),-14.55,Underperformed Nifty by 14.55% in 3 Months,False,-14.55,-9.54,1169129273.05,1.46,5.07,2.4,False,False,"Stage 4, Stage 4, weekly_vcp_ok, weekly_strong, flags=Wide Risk;Low Liquidity, downtrend",weekly_watchlist,30.2,30.2,1010.8,-23.82,"[21.55, 12.88]","[5, 9]",0.9,24.0,strong,551
RVNL.NS,Rail Vikas Nigam Limited,Engineering & Construction,Industrials,Industrials,True,F&O,1,Stage 4,Stage 4,Stage 4,0.86,Price is below the 30-week trend and below long-term support structure.,,,,,Stage 4,0.0,Weak,Volume Expanding,Volume Expanding (1.50x vs 10W Avg),-6.65,Underperformed Nifty by 6.65% in 3 Months,False,-6.65,-23.83,1087880090.51,1.26,3.95,1.5,False,False,"Stage 4, Stage 4, weekly_vcp_ok, weekly_strong, flags=Wide Weekly Base;Wide Risk;Low Liquidity, downtrend",weekly_watchlist,30.2,30.2,311.43,-35.21,"[37.91, 29.4]","[13, 15]",0.9,30.0,strong,552
CENTURYPLY.NS,Century Plyboards (India) Limited,Basic Materials,Basic Materials,Basic Materials,False,Cash,1,Stage 4,Stage 4,Stage 4,0.66,Price is below weekly structure.,,,,,Stage 4,0.0,Weak,Volume Expanding,Volume Expanding (2.09x vs 10W Avg),-5.41,Underperformed Nifty by 5.41% in 3 Months,False,-5.41,-6.0,65414365.87,1.64,0.76,2.09,False,False,"Stage 4, Stage 4, weekly_vcp_ok, weekly_strong, flags=Wide Risk;Low Liquidity, downtrend",weekly_watchlist,30.2,30.2,826.89,-17.54,"[28.0, 13.58]","[7, 2]",0.9,18.0,strong,553
BIKAJI.NS,Bikaji Foods International Limited,Packaged Foods,Consumer Defensive,Consumer Defensive,False,Cash,1,Stage 4,Stage 4,Stage 4,0.86,Price is below the 30-week trend and below long-term support structure.,,,,,Stage 4,0.0,Weak,Volume Normal,Volume Normal (1.21x vs 10W Avg),-13.4,Underperformed Nifty by 13.4% in 3 Months,False,-13.4,-19.09,216578222.65,2.58,0.53,1.21,False,False,"Stage 4, Stage 4, weekly_vcp_ok, weekly_strong, flags=Wide Risk;Low Liquidity, downtrend",weekly_watchlist,30.2,30.2,681.86,-23.47,"[22.9, 10.75]","[11, 5]",0.9,21.0,strong,554
CANFINHOME.NS,Can Fin Homes Limited,Mortgage Finance,Financial Services,Financial Services,False,Cash,1,Stage 4,Stage 4,Stage 4,0.66,Price is below weekly structure.,,,2026-07-17,,Stage 4,0.0,Weak,Volume Normal,Volume Normal (0.89x vs 10W Avg),-14.92,Underperformed Nifty by 14.92% in 3 Months,False,-14.92,-12.55,199955245.33,1.18,0.94,0.89,False,True,"Stage 4, Stage 4, weekly_vcp_ok, weekly_volume_dryup, weekly_strong, flags=Wide Risk;Low Liquidity, downtrend",weekly_watchlist,30.2,30.2,940.85,-23.56,"[20.54, 16.0]","[13, 6]",0.9,24.0,strong,555
STARCEMENT.NS,Star Cement Limited,Building Materials,Basic Materials,Basic Materials,False,Cash,1,Stage 4,Stage 4,Stage 4,0.86,Price is below the 30-week trend and below long-term support structure.,,,,,Stage 4,0.0,Weak,Volume Drying Up,Volume Drying Up (0.78x vs 10W Avg),-5.56,Underperformed Nifty by 5.56% in 3 Months,False,-5.56,-14.49,37892082.85,0.73,0.4,0.78,True,True,"Stage 4, Stage 4, weekly_vcp_ok, volume_dryup, weekly_volume_dryup, weekly_strong, flags=Wider Risk;Low Liquidity, downtrend",weekly_watchlist,30.2,30.2,243.41,-25.24,"[18.9, 15.4]","[5, 6]",0.9,30.0,strong,556
JLHL.NS,Jupiter Life Line Hospitals Limited,Medical Care Facilities,Healthcare,Healthcare,False,Cash,1,Stage 4,Stage 4,Stage 4,0.66,Price is below weekly structure.,,,2026-08-28,,Stage 4,0.0,Weak,Volume Expanding,Volume Expanding (2.78x vs 10W Avg),-6.36,Underperformed Nifty by 6.36% in 3 Months,False,-6.36,4.02,46197623.1,1.49,2.31,2.78,False,False,"Stage 4, Stage 4, weekly_vcp_ok, weekly_strong, flags=Loose Structure;Wide Risk;Low Liquidity, downtrend",weekly_watchlist,30.2,30.2,340.6,-25.54,"[26.23, 7.82]","[14, 5]",0.9,27.0,strong,557
BORORENEW.NS,BOROSIL RENEWABLES LIMITED,Solar,Technology,Technology,False,Cash,1,Stage 4,Stage 4,Stage 4,0.86,Price is below the 30-week trend and below long-term support structure.,,,2026-08-20,,Stage 4,0.0,Weak,Volume Drying Up,Volume Drying Up (0.82x vs 10W Avg),-19.9,Underperformed Nifty by 19.9% in 3 Months,False,-19.9,7.35,208960698.29,1.06,1.21,0.82,False,True,"Stage 4, Stage 4, weekly_vcp_ok, weekly_volume_dryup, weekly_strong, flags=Wide Weekly Base;Loose Structure;Wide Risk;Low Liquidity, downtrend",weekly_watchlist,30.2,30.2,671.07,-31.73,"[48.07, 15.53]","[20, 4]",0.9,29.0,strong,558
PNCINFRA.NS,PNC Infratech Limited,Engineering & Construction,Industrials,Industrials,False,Cash,1,Stage 4,Stage 4,Stage 4,0.86,Price is below the 30-week trend and below long-term support structure.,,,,,Stage 4,0.0,Weak,Volume Normal,Volume Normal (1.04x vs 10W Avg),-37.99,Underperformed Nifty by 37.99% in 3 Months,False,-37.99,-23.41,312458125.75,1.45,0.48,1.04,False,False,"Stage 4, Stage 4, weekly_vcp_ok, weekly_strong, flags=Wide Base;Wide Weekly Base;Loose Structure;Wide Risk;Low Liquidity, downtrend",weekly_watchlist,30.2,30.2,260.33,-48.84,"[45.73, 16.48]","[20, 7]",0.9,30.0,strong,559
AHLUCONT.NS,Ahluwalia Contracts (India) Limited,Engineering & Construction,Industrials,Industrials,False,Cash,1,Stage 4,Stage 4,Stage 4,0.86,Price is below the 30-week trend and below long-term support structure.,,,,,Stage 4,0.0,Weak,Volume Drying Up,Volume Normal (1.10x vs 10W Avg),-28.67,Underperformed Nifty by 28.67% in 3 Months,False,-28.67,-25.43,41342626.68,0.85,0.81,1.1,True,False,"Stage 4, Stage 4, weekly_vcp_ok, volume_dryup, weekly_strong, flags=Loose Structure;Wide Risk;Low Liquidity, downtrend",weekly_watchlist,30.2,30.2,883.93,-37.77,"[30.63, 18.28]","[7, 4]",0.9,16.0,strong,560
WEBELSOLAR.NS,Websol Energy System Limited,Solar,Technology,Technology,False,Cash,1,Stage 4,Stage 4,Stage 4,0.86,Price is below the 30-week trend and below long-term support structure.,,,,,Stage 4,0.0,Weak,Volume Drying Up,Volume Drying Up (0.75x vs 10W Avg),-24.53,Underperformed Nifty by 24.53% in 3 Months,False,-24.53,-7.9,132655406.85,0.77,0.48,0.75,True,True,"Stage 4, Stage 4, weekly_vcp_ok, volume_dryup, weekly_volume_dryup, weekly_strong, flags=Wide Base;Wide Weekly Base;Loose Structure;Wide Risk;Low Liquidity, downtrend",weekly_watchlist,30.2,30.2,128.11,-44.92,"[63.45, 23.08]","[17, 3]",0.9,27.0,strong,561
SAIL.NS,Steel Authority of India Limited,Steel,Basic Materials,Basic Materials,True,F&O,1,Stage 2,Stage 2,Advancing,0.9,Price is above constructive weekly and long-term trend structure with improving relative strength.,,,2026-09-29,,Stage 2 - Advancing,39.5,Strong,Volume Drying Up,Volume Normal (0.88x vs 10W Avg),15.45,Outperformed Nifty by 15.45% in 3 Months,True,15.45,13.18,2766726535.8,0.82,0.72,0.88,True,True,"Stage 2, Advancing, trend_template_ok, daily_vcp_ok, volume_dryup, weekly_volume_dryup, flags=Wide Risk;Low Liquidity",weekly_watchlist,25.06,30.06,198.71,-8.67,[24.65],[10],0.0,10.0,weak,562
JSWENERGY.NS,JSW Energy Limited,Utilities,Utilities,Utilities,True,F&O,1,Stage 4,Stage 4,Stage 4,0.66,Price is below weekly structure.,,,2026-08-17,,Stage 4,9.74,Weak,Volume Normal,Volume Normal (0.88x vs 10W Avg),-2.83,Underperformed Nifty by 2.83% in 3 Months,False,-2.83,0.47,857417653.14,0.99,0.97,0.88,False,True,"Stage 4, Stage 4, weekly_vcp_ok, weekly_volume_dryup, weekly_strong, flags=Wide Risk;Low Liquidity, downtrend",weekly_watchlist,30.0,30.0,592.0,-16.44,"[13.74, 13.61]","[2, 6]",0.9,10.0,strong,563
CAMS.NS,Computer Age Management Services Limited,Information Technology Services,Technology,Technology,True,F&O,1,Stage 4,Stage 4,Stage 4,0.66,Price is below weekly structure.,,,2026-08-31,,Stage 4,3.95,Weak,Volume Normal,Volume Normal (1.07x vs 10W Avg),-7.42,Underperformed Nifty by 7.42% in 3 Months,False,-7.42,-0.71,774370369.41,0.95,1.48,1.07,False,False,"Stage 4, Stage 4, weekly_vcp_ok, weekly_strong, flags=Wide Risk;Low Liquidity, downtrend",weekly_watchlist,30.0,30.0,829.31,-19.09,"[14.78, 11.14]","[5, 4]",0.9,10.0,strong,564
CUPID.NS,Cupid Limited,Household & Personal Products,Consumer Defensive,Consumer Defensive,False,Cash,1,Stage 2,Stage 2,Extended,0.78,"Weekly advancing structure remains intact, but price is stretched versus key moving averages.",,,2026-09-29,,Stage 2 - Extended,31.1,Very Strong,Volume Expanding,Volume Normal (1.24x vs 10W Avg),53.05,Outperformed Nifty by 53.05% in 3 Months,True,53.05,259.66,6021195680.79,1.32,3.49,1.24,False,False,"Stage 2, Extended, trend_template_ok, flags=Loose Structure;Extended;Wider Risk;Low Liquidity",weekly_watchlist,29.0,30.0,299.52,4.05,[29.45],[9],0.0,9.0,weak,565
HIRECT.NS,Hind Rectifiers Limited,Electrical Equipment & Parts,Industrials,Industrials,False,Cash,1,Stage 2,Stage 2,Advancing,0.8,Price is above constructive weekly and long-term trend structure with improving relative strength.,,,2026-09-29,,Stage 2 - Advancing,44.84,Strong,Volume Drying Up,Volume Drying Up (0.33x vs 10W Avg),11.95,Outperformed Nifty by 11.95% in 3 Months,True,11.95,67.9,64196875.05,0.4,0.64,0.33,True,True,"Stage 2, Advancing, trend_template_ok, volume_dryup, weekly_volume_dryup, flags=Wide Risk",weekly_watchlist,24.78,29.78,1391.13,-17.53,[16.83],[4],0.0,4.0,weak,566
TFCILTD.NS,Tourism Finance Corporation of India Limited,Credit Services,Financial Services,Financial Services,False,Cash,1,Stage 2,Stage 2,Extended,0.78,"Weekly advancing structure remains intact, but price is stretched versus key moving averages.",,,2026-09-29,,Stage 2 - Extended,35.11,Very Strong,Volume Expanding,Volume Expanding (1.63x vs 10W Avg),82.63,Outperformed Nifty by 82.63% in 3 Months,True,82.63,119.09,1708085198.02,1.11,2.67,1.63,False,False,"Stage 2, Extended, trend_template_ok, flags=Loose Structure;Extended;Wider Risk;Low Liquidity",weekly_watchlist,28.6,29.6,147.91,-4.06,[15.91],[2],0.0,2.0,weak,567
VEEDOL.NS,Veedol Corporation Limited,Specialty Chemicals,Basic Materials,Basic Materials,False,Cash,1,Not Sure,Stage 1,Pending Stage 1,0.55,Blocked public stage jump Stage 4 -> Stage 1; waiting for intermediate/confirmed structure.,Blocked public stage jump Stage 4 -> Stage 1; waiting for intermediate/confirmed structure.,,,Stage 1,Not Sure - Unclear,13.13,Strong,Volume Drying Up,Volume Drying Up (0.75x vs 10W Avg),2.75,Outperformed Nifty by 2.75% in 3 Months,False,2.75,3.77,11386462.46,0.77,1.03,0.75,True,True,"Stage 1, Stage 1, weekly_vcp_ok, volume_dryup, weekly_volume_dryup, flags=Wide Risk;Low Liquidity, stage1_not_actionable, stage1_needs_more_base | Blocked public stage jump Stage 4 -> Stage 1; waiting for intermediate/confirmed structure.",weekly_watchlist,26.95,29.45,1567.74,-12.4,"[27.42, 8.7, 9.17]","[14, 5, 6]",0.55,31.0,moderate,568
SBICARD.NS,SBI Cards and Payment Services Limited,Credit Services,Financial Services,Financial Services,True,F&O,1,Stage 4,Stage 4,Stage 4,0.86,Price is below the 30-week trend and below long-term support structure.,,,,,Stage 4,12.92,Weak,Volume Drying Up,Volume Drying Up (0.54x vs 10W Avg),2.58,Outperformed Nifty by 2.58% in 3 Months,False,2.58,-10.92,1021839261.15,0.61,0.21,0.54,True,True,"Stage 4, Stage 4, weekly_vcp_ok, volume_dryup, weekly_volume_dryup, weekly_strong, flags=Wide Risk;Low Liquidity, downtrend",weekly_watchlist,28.33,29.33,675.38,-14.41,"[20.0, 22.84, 19.27, 9.52]","[4, 6, 7, 2]",0.73,32.0,strong,569
DLF.NS,DLF Limited,Real Estate,Real Estate,Real Estate,True,F&O,1,Failed Stage 2,Stage 2,Failed Stage 2,0.7,Failed Stage 2 cooling period is still active; waiting for a fresh base or confirmed reclaim.,Failed Stage 2 hold period active.,,2026-09-28,,Failed Stage 2,24.52,Very Strong,Volume Normal,Volume Normal (1.32x vs 10W Avg),8.16,Outperformed Nifty by 8.16% in 3 Months,True,8.16,26.48,2538381705.28,1.12,1.72,1.32,False,False,"Stage 2, Advancing, trend_template_ok, flags=Low Liquidity | Failed Stage 2 hold period active.",weekly_watchlist,28.26,29.26,692.26,-2.64,[27.67],[7],0.0,7.0,weak,570
ADFFOODS.NS,ADF Foods Limited,Packaged Foods,Consumer Defensive,Consumer Defensive,False,Cash,1,Failed Stage 2,Stage 2,Failed Stage 2,0.7,Failed Stage 2 cooling period is still active; waiting for a fresh base or confirmed reclaim.,Failed Stage 2 hold period active.,,2026-09-25,,Failed Stage 2,28.71,Neutral,Volume Drying Up,Volume Drying Up (0.40x vs 10W Avg),-4.42,Underperformed Nifty by 4.42% in 3 Months,True,-4.42,54.42,24772147.11,0.53,0.57,0.4,True,True,"Stage 2, Advancing, trend_template_ok, volume_dryup, weekly_volume_dryup, flags=Low Liquidity | Failed Stage 2 hold period active.",weekly_watchlist,29.2,29.2,346.79,-21.25,[15.0],[13],0.0,13.0,weak,571
PFC.NS,Power Finance Corporation Limited,Credit Services,Financial Services,Financial Services,True,F&O,1,Stage 4,Stage 4,Stage 4,0.66,Price is below weekly structure.,,,2026-08-07,,Stage 4,0.0,Weak,Volume Normal,Volume Normal (1.24x vs 10W Avg),-14.33,Underperformed Nifty by 14.33% in 3 Months,False,-14.33,-19.78,2902295838.08,1.13,1.15,1.24,False,False,"Stage 4, Stage 4, weekly_vcp_ok, weekly_strong, flags=Loose Structure;Wide Risk;Low Liquidity, downtrend",weekly_watchlist,28.2,29.2,425.4,-23.48,"[16.04, 10.3]","[5, 2]",0.9,10.0,strong,572
SUNFLAG.NS,Sunflag Iron And Steel Company Limited,Steel,Basic Materials,Basic Materials,False,Cash,1,Stage 2,Stage 2,Extended,0.78,"Weekly advancing structure remains intact, but price is stretched versus key moving averages.",,,2026-09-29,,Stage 2 - Extended,32.8,Very Strong,Volume Expanding,Volume Expanding (8.01x vs 10W Avg),40.48,Outperformed Nifty by 40.48% in 3 Months,True,40.48,95.45,290480794.54,3.1,1.24,8.01,False,False,"Stage 2, Extended, trend_template_ok, flags=Loose Structure;Extended;Wide Risk;Low Liquidity",weekly_watchlist,24.2,29.2,393.95,15.76,[24.32],[5],0.0,5.0,weak,573
STEELCAS.NS,Steelcast Limited,Steel,Basic Materials,Basic Materials,False,Cash,1,Stage 2,Stage 2,Advancing,0.9,Price is above constructive weekly and long-term trend structure with improving relative strength.,,,2026-09-29,,Stage 2 - Advancing,30.1,Very Strong,Volume Expanding,Volume Expanding (2.25x vs 10W Avg),24.89,Outperformed Nifty by 24.89% in 3 Months,True,24.89,57.18,86216861.86,2.27,0.92,2.25,False,False,"Stage 2, Advancing, trend_template_ok, flags=Wider Risk;Low Liquidity",weekly_watchlist,24.2,29.2,364.64,3.45,[19.44],[5],0.0,5.0,weak,574
SAILIFE.NS,Sai Life Sciences Limited,Diagnostics & Research,Healthcare,Healthcare,False,Cash,1,Stage 2,Stage 2,Advancing,0.9,Price is above constructive weekly and long-term trend structure with improving relative strength.,,,2026-09-29,,Stage 2 - Advancing,27.17,Very Strong,Volume Drying Up,Volume Drying Up (0.60x vs 10W Avg),30.48,Outperformed Nifty by 30.48% in 3 Months,True,30.48,59.92,1048223438.5,0.64,0.77,0.6,True,True,"Stage 2, Advancing, trend_template_ok, volume_dryup, weekly_volume_dryup, flags=Loose Structure;Wide Risk;Low Liquidity",weekly_watchlist,24.2,29.2,1699.97,-10.32,[14.48],[5],0.0,5.0,weak,575
KALYANKJIL.NS,Kalyan Jewellers India Limited,Luxury Goods,Consumer Cyclical,Consumer Cyclical,True,F&O,1,Stage 2,Stage 2,Advancing,0.8,Price is above constructive weekly and long-term trend structure with improving relative strength.,,,2026-09-29,,Stage 2 - Advancing,25.86,Strong,Volume Drying Up,Volume Drying Up (0.36x vs 10W Avg),52.48,Outperformed Nifty by 52.48% in 3 Months,True,52.48,32.75,3317949301.63,0.38,0.8,0.36,True,True,"Stage 2, Advancing, trend_template_ok, volume_dryup, weekly_volume_dryup, flags=Wide Risk;Low Liquidity",weekly_watchlist,24.2,29.2,634.47,-12.82,[14.25],[5],0.0,5.0,weak,576
PARAS.NS,Paras Defence and Space Technologies Limited,Aerospace & Defense,Industrials,Industrials,False,Cash,1,Stage 2,Stage 2,Advancing,0.8,Price is above constructive weekly and long-term trend structure with improving relative strength.,,,2026-09-29,,Stage 2 - Advancing,22.33,Strong,Volume Drying Up,Volume Drying Up (0.47x vs 10W Avg),3.38,Outperformed Nifty by 3.38% in 3 Months,True,3.38,103.47,1240907787.88,0.57,0.47,0.47,True,True,"Stage 2, Advancing, trend_template_ok, volume_dryup, weekly_volume_dryup, flags=Wide Risk;Low Liquidity",weekly_watchlist,24.2,29.2,1583.91,-17.23,[20.14],[5],0.0,5.0,weak,577
VIJAYA.NS,Vijaya Diagnostic Centre Limited,Diagnostics & Research,Healthcare,Healthcare,False,Cash,1,Stage 2,Stage 2,Advancing,0.8,Price is above constructive weekly and long-term trend structure with improving relative strength.,,,2026-09-29,,Stage 2 - Advancing,27.78,Very Strong,Volume Drying Up,Volume Drying Up (0.48x vs 10W Avg),13.65,Outperformed Nifty by 13.65% in 3 Months,True,13.65,53.7,203180977.51,0.79,0.53,0.48,True,True,"Stage 2, Advancing, trend_template_ok, volume_dryup, weekly_volume_dryup, flags=Wider Risk;Low Liquidity",weekly_watchlist,24.14,29.14,1576.08,-8.78,[18.23],[6],0.0,6.0,weak,578
SUDARSCHEM.NS,Sudarshan Chemical Industries Limited,Specialty Chemicals,Basic Materials,Basic Materials,False,Cash,1,Stage 2,Stage 2,Advancing,0.9,Price is above constructive weekly and long-term trend structure with improving relative strength.,,,2026-09-29,,Stage 2 - Advancing,30.82,Very Strong,Volume Drying Up,Volume Drying Up (0.41x vs 10W Avg),37.03,Outperformed Nifty by 37.03% in 3 Months,True,37.03,57.58,235296287.22,0.38,1.16,0.41,True,True,"Stage 2, Advancing, trend_template_ok, volume_dryup, weekly_volume_dryup, flags=Wide Risk;Low Liquidity",weekly_watchlist,26.6,29.1,1349.36,-10.78,[27.21],[7],0.0,7.0,weak,579
TIPSMUSIC.NS,Tips Music Limited,Communication Services,Communication Services,Communication Services,False,Cash,1,Stage 2,Stage 2,Advancing,0.8,Price is above constructive weekly and long-term trend structure with improving relative strength.,,,2026-09-29,,Stage 2 - Advancing,31.69,Strong,Volume Drying Up,Volume Drying Up (0.38x vs 10W Avg),2.31,Outperformed Nifty by 2.31% in 3 Months,True,2.31,20.19,159545590.23,0.52,0.85,0.38,True,True,"Stage 2, Advancing, trend_template_ok, volume_dryup, weekly_volume_dryup, flags=Wide Risk;Low Liquidity",weekly_watchlist,26.45,28.95,742.3,-11.38,[11.6],[13],0.0,13.0,weak,580
NOCIL.NS,NOCIL Limited,Specialty Chemicals,Basic Materials,Basic Materials,False,Cash,1,Stage 2,Stage 2,Advancing,0.8,Price is above constructive weekly and long-term trend structure with improving relative strength.,,,2026-09-29,,Stage 2 - Advancing,26.09,Strong,Volume Expanding,Volume Expanding (1.58x vs 10W Avg),2.16,Outperformed Nifty by 2.16% in 3 Months,True,2.16,5.82,439464430.11,1.65,0.59,1.58,False,False,"Stage 2, Advancing, trend_template_ok, flags=Wide Risk;Low Liquidity",weekly_watchlist,26.4,28.9,202.61,-15.55,"[19.83, 21.62]","[5, 4]",0.1,11.0,weak,581
RADICO.NS,Radico Khaitan Limited,Consumer Defensive,Consumer Defensive,Consumer Defensive,False,Cash,1,Stage 2,Stage 2,Advancing,0.8,Price is above constructive weekly and long-term trend structure with improving relative strength.,,,2026-09-29,,Stage 2 - Advancing,33.19,Very Strong,Volume Drying Up,Volume Drying Up (0.72x vs 10W Avg),13.35,Outperformed Nifty by 13.35% in 3 Months,True,13.35,65.14,1008539213.32,0.85,1.62,0.72,True,True,"Stage 2, Advancing, trend_template_ok, volume_dryup, weekly_volume_dryup, flags=Low Liquidity",weekly_watchlist,28.85,28.85,4755.31,-8.19,[26.45],[9],0.0,9.0,weak,582
DBL.NS,Dilip Buildcon Limited,Engineering & Construction,Industrials,Industrials,False,Cash,1,Stage 4,Stage 4,Stage 4,0.66,Price is below weekly structure.,,,,,Stage 4,11.81,Weak,Volume Drying Up,Volume Drying Up (0.15x vs 10W Avg),1.52,Outperformed Nifty by 1.52% in 3 Months,False,1.52,0.08,214390018.87,0.37,0.17,0.15,True,True,"Stage 4, Stage 4, weekly_vcp_ok, volume_dryup, weekly_volume_dryup, weekly_strong, flags=Wide Risk;Low Liquidity, downtrend",weekly_watchlist,28.49,28.49,496.64,-18.21,"[19.13, 17.29, 18.63, 17.84]","[2, 3, 4, 5]",0.73,26.0,strong,583
GESHIP.NS,The Great Eastern Shipping Company Limited,Marine Shipping,Industrials,Industrials,False,Cash,1,Stage 2,Stage 2,Extended,0.78,"Weekly advancing structure remains intact, but price is stretched versus key moving averages.",,,2026-09-29,,Stage 2 - Extended,35.53,Strong,Volume Expanding,Volume Expanding (1.62x vs 10W Avg),18.62,Outperformed Nifty by 18.62% in 3 Months,True,18.62,10.16,1450686175.34,1.1,0.94,1.62,False,False,"Stage 2, Extended, trend_template_ok, flags=Extended;Wide Risk;Low Liquidity",weekly_watchlist,23.48,28.48,1584.65,-1.56,[20.28],[2],0.0,2.0,weak,584
LICHSGFIN.NS,LIC Housing Finance Limited,Mortgage Finance,Financial Services,Financial Services,True,F&O,1,Failed Stage 2,Stage 1,Failed Stage 2,0.72,"This stock was recently Stage 2, but the latest structure no longer satisfies Stage 2 rules. It is kept as Failed Stage 2 until a fresh base/repair structure forms.",Recent Stage 2 break; public stage held as Failed Stage 2.,2026-09-30,2026-09-25,,Failed Stage 2,15.5,Strong,Volume Normal,Volume Normal (1.01x vs 10W Avg),5.34,Outperformed Nifty by 5.34% in 3 Months,False,5.34,4.16,1986385942.78,1.01,1.53,1.01,False,False,"Stage 1, Stage 1, stage1_base_ready, weekly_vcp_ok, flags=Wider Risk;Low Liquidity, stage1_not_actionable | Stage 2 failed state applied from stage memory.",weekly_watchlist,28.45,28.45,586.43,-9.59,"[16.78, 12.48, 13.24]","[4, 3, 10]",0.55,26.0,moderate,585
ACMESOLAR.NS,Acme Solar Holdings Limited,Utilities - Renewable,Utilities,Utilities,False,Cash,1,Stage 2,Stage 2,Advancing,0.9,Price is above constructive weekly and long-term trend structure with improving relative strength.,,,2026-09-29,,Stage 2 - Advancing,36.47,Very Strong,Volume Drying Up,Volume Drying Up (0.73x vs 10W Avg),21.21,Outperformed Nifty by 21.21% in 3 Months,True,21.21,57.08,1179561156.24,1.47,0.39,0.73,False,True,"Stage 2, Advancing, trend_template_ok, weekly_volume_dryup, flags=Wide Risk;Low Liquidity",weekly_watchlist,28.43,28.43,431.25,1.8,[13.53],[2],0.0,2.0,weak,586
ITC.NS,ITC Limited,Consumer Defensive,Consumer Defensive,Consumer Defensive,True,F&O,1,Stage 4,Stage 4,Stage 4,0.86,Price is below the 30-week trend and below long-term support structure.,,,,,Stage 4,11.21,Weak,Volume Drying Up,Volume Drying Up (0.73x vs 10W Avg),-2.05,Underperformed Nifty by 2.05% in 3 Months,False,-2.05,-10.86,2824682061.71,0.77,1.13,0.73,True,True,"Stage 4, Stage 4, weekly_vcp_ok, volume_dryup, weekly_volume_dryup, weekly_strong, flags=Low Liquidity, downtrend",weekly_watchlist,28.33,28.33,325.95,-19.39,"[26.25, 14.14, 11.14, 12.66]","[6, 6, 10, 4]",0.73,36.0,strong,587
PCBL.NS,PCBL Chemical Limited,Specialty Chemicals,Basic Materials,Basic Materials,False,Cash,1,Stage 2,Stage 2,Advancing,0.9,Price is above constructive weekly and long-term trend structure with improving relative strength.,,,2026-09-29,,Stage 2 - Advancing,40.67,Very Strong,Volume Drying Up,Volume Drying Up (0.36x vs 10W Avg),10.95,Outperformed Nifty by 10.95% in 3 Months,True,10.95,27.82,580560357.94,0.58,0.71,0.36,True,True,"Stage 2, Advancing, trend_template_ok, daily_vcp_ok, volume_dryup, weekly_volume_dryup, flags=Wider Risk;Low Liquidity",weekly_watchlist,25.68,28.18,346.61,-4.47,[16.46],[3],0.0,3.0,weak,588
SAMBHV.NS,Sambhv Steel Tubes Limited,Steel,Basic Materials,Basic Materials,False,Cash,1,Stage 2,Stage 2,Extended,0.78,"Weekly advancing structure remains intact, but price is stretched versus key moving averages.",,,2026-09-29,,Stage 2 - Extended,33.08,Very Strong,Volume Normal,Volume Normal (1.39x vs 10W Avg),50.63,Outperformed Nifty by 50.63% in 3 Months,True,50.63,44.98,1094931825.51,3.24,1.14,1.39,False,False,"Stage 2, Extended, trend_template_ok, flags=Loose Structure;Extended;Wide Risk;Low Liquidity",weekly_watchlist,23.0,28.0,134.03,23.03,[29.24],[4],0.0,4.0,weak,589
OPTIEMUS.NS,Optiemus Infracom Limited,Technology,Technology,Technology,False,Cash,1,Stage 2,Stage 2,Extended,0.78,"Weekly advancing structure remains intact, but price is stretched versus key moving averages.",,,2026-09-29,,Stage 2 - Extended,29.67,Very Strong,Volume Expanding,Volume Expanding (1.92x vs 10W Avg),53.77,Outperformed Nifty by 53.77% in 3 Months,True,53.77,136.58,1108369719.21,3.48,0.66,1.92,False,False,"Stage 2, Extended, trend_template_ok, flags=Loose Structure;Extended;Wide Risk;Low Liquidity",weekly_watchlist,23.0,28.0,662.16,15.95,[17.89],[4],0.0,4.0,weak,590
RAIN.NS,Rain Industries Limited,Specialty Chemicals,Basic Materials,Basic Materials,False,Cash,1,Stage 2,Stage 2,Advancing,0.9,Price is above constructive weekly and long-term trend structure with improving relative strength.,,,2026-09-29,,Stage 2 - Advancing,34.75,Very Strong,Volume Drying Up,Volume Drying Up (0.59x vs 10W Avg),15.97,Outperformed Nifty by 15.97% in 3 Months,True,15.97,93.45,845396596.35,0.65,0.54,0.59,True,True,"Stage 2, Advancing, trend_template_ok, volume_dryup, weekly_volume_dryup, flags=Wide Weekly Base;Wide Risk;Low Liquidity",weekly_watchlist,25.4,27.9,251.26,-14.85,[41.76],[6],0.0,6.0,weak,591
WHEELS.NS,Wheels India Limited,Auto Parts,Consumer Cyclical,Consumer Cyclical,False,Cash,1,Stage 2,Stage 2,Extended,0.78,"Weekly advancing structure remains intact, but price is stretched versus key moving averages.",,,2026-09-29,,Stage 2 - Extended,24.61,Very Strong,Volume Drying Up,Volume Drying Up (0.70x vs 10W Avg),57.27,Outperformed Nifty by 57.27% in 3 Months,True,57.27,131.31,2003798020.96,0.64,0.21,0.7,True,True,"Stage 2, Extended, trend_template_ok, volume_dryup, weekly_volume_dryup, flags=Loose Structure;Extended;Wide Risk;Low Liquidity",weekly_watchlist,25.4,27.9,2502.37,-11.24,[25.77],[6],0.0,6.0,weak,592
BANSALWIRE.NS,Bansal Wire Industries Limited,Steel,Basic Materials,Basic Materials,False,Cash,1,Stage 2,Stage 2,Advancing,0.9,Price is above constructive weekly and long-term trend structure with improving relative strength.,,,2026-09-29,,Stage 2 - Advancing,31.67,Neutral,Volume Normal,Volume Normal (1.16x vs 10W Avg),-4.01,Underperformed Nifty by 4.01% in 3 Months,True,-4.01,26.19,32359994.93,1.04,1.34,1.16,False,False,"Stage 2, Advancing, trend_template_ok, flags=Wide Risk;Low Liquidity",weekly_watchlist,22.82,27.82,341.6,-5.31,[13.68],[2],0.0,2.0,weak,593
NORTHARC.NS,Northern Arc Capital Limited,Credit Services,Financial Services,Financial Services,False,Cash,1,Stage 2,Stage 2,Advancing,0.8,Price is above constructive weekly and long-term trend structure with improving relative strength.,,,2026-09-29,,Stage 2 - Advancing,33.94,Strong,Volume Drying Up,Volume Drying Up (0.51x vs 10W Avg),-0.37,Underperformed Nifty by 0.37% in 3 Months,True,-0.37,24.48,325245090.55,0.65,0.31,0.51,True,True,"Stage 2, Advancing, trend_template_ok, volume_dryup, weekly_volume_dryup, flags=Wide Risk;Low Liquidity",weekly_watchlist,26.61,27.61,334.58,-14.12,[15.09],[12],0.0,12.0,weak,594
ITDC.NS,India Tourism Development Corporation Limited,Lodging,Consumer Cyclical,Consumer Cyclical,False,Cash,1,Stage 2,Stage 2,Advancing,0.9,Price is above constructive weekly and long-term trend structure with improving relative strength.,,,2026-09-29,,Stage 2 - Advancing,30.8,Very Strong,Volume Expanding,Volume Normal (1.37x vs 10W Avg),24.71,Outperformed Nifty by 24.71% in 3 Months,True,24.71,67.97,704092311.31,1.51,7.95,1.37,False,False,"Stage 2, Advancing, trend_template_ok, flags=Wider Risk;Low Liquidity",weekly_watchlist,26.6,27.6,819.92,-16.13,[23.71],[7],0.0,7.0,weak,595
KPIL.NS,Kalpataru Projects International Limited,Engineering & Construction,Industrials,Industrials,False,Cash,1,Stage 2,Stage 2,Advancing,0.9,Price is above constructive weekly and long-term trend structure with improving relative strength.,,,2026-09-29,,Stage 2 - Advancing,41.0,Strong,Volume Drying Up,Volume Drying Up (0.66x vs 10W Avg),6.81,Outperformed Nifty by 6.81% in 3 Months,True,6.81,26.1,202217397.34,0.75,0.47,0.66,True,True,"Stage 2, Advancing, trend_template_ok, daily_vcp_ok, volume_dryup, weekly_volume_dryup, flags=Wider Risk;Low Liquidity",weekly_watchlist,27.49,27.49,1468.0,-5.95,[14.28],[5],0.0,5.0,weak,596
UNITDSPR.NS,United Spirits Limited,Consumer Defensive,Consumer Defensive,Consumer Defensive,True,F&O,1,Stage 1,Stage 1,Stage 1,0.64,Price is building a base around long-term weekly structure without a confirmed advancing phase.,,,2026-08-28,,Stage 1,10.03,Neutral,Volume Expanding,Volume Expanding (3.14x vs 10W Avg),2.39,Outperformed Nifty by 2.39% in 3 Months,False,2.39,8.91,1226031937.47,1.63,1.21,3.14,False,False,"Stage 1, Stage 1, weekly_vcp_ok, flags=Wide Risk;Low Liquidity, stage1_not_actionable, stage1_needs_more_base",weekly_watchlist,27.43,27.43,1566.14,-13.55,"[14.25, 15.41, 13.09]","[12, 7, 6]",0.55,32.0,moderate,597
HIKAL.NS,Hikal Limited,Drug Manufacturers - Specialty & Generic,Healthcare,Healthcare,False,Cash,1,Stage 2,Stage 2,Advancing,0.8,Price is above constructive weekly and long-term trend structure with improving relative strength.,,,2026-09-29,,Stage 2 - Advancing,24.13,Strong,Volume Drying Up,Volume Drying Up (0.46x vs 10W Avg),5.92,Outperformed Nifty by 5.92% in 3 Months,True,5.92,30.84,908867044.03,0.44,0.16,0.46,True,True,"Stage 2, Advancing, trend_template_ok, volume_dryup, weekly_volume_dryup, flags=Wide Risk;Low Liquidity",weekly_watchlist,22.28,27.28,257.45,-15.37,[22.86],[7],0.0,7.0,weak,598
MIDHANI.NS,Mishra Dhatu Nigam Limited,Steel,Basic Materials,Basic Materials,False,Cash,1,Stage 2,Stage 2,Advancing,0.9,Price is above constructive weekly and long-term trend structure with improving relative strength.,,,2026-09-29,,Stage 2 - Advancing,26.77,Very Strong,Volume Drying Up,Volume Drying Up (0.51x vs 10W Avg),7.64,Outperformed Nifty by 7.64% in 3 Months,True,7.64,40.08,1420054016.83,0.45,0.9,0.51,True,True,"Stage 2, Advancing, trend_template_ok, volume_dryup, weekly_volume_dryup, flags=Wide Risk;Low Liquidity",weekly_watchlist,22.17,27.17,481.79,-9.16,[15.0],[6],0.0,6.0,weak,599
POLICYBZR.NS,PB Fintech Limited,Financial Services,Financial Services,Financial Services,True,F&O,1,Failed Stage 2,Stage 4,Failed Stage 2,0.72,"This stock was recently Stage 2, but the latest structure no longer satisfies Stage 2 rules. It is kept as Failed Stage 2 until a fresh base/repair structure forms.",Recent Stage 2 break; public stage held as Failed Stage 2.,2026-09-30,2026-09-23,,Failed Stage 2,0.0,Weak,Volume Expanding,Volume Expanding (8.44x vs 10W Avg),-25.89,Underperformed Nifty by 25.89% in 3 Months,False,-25.89,-28.41,8079060413.28,3.66,2.0,8.44,False,False,"Stage 4, Stage 4, weekly_vcp_ok, weekly_strong, flags=Loose Structure;Wide Risk;Circuit Risk;Corporate Action Check;Low Liquidity, downtrend | Stage 2 failed state applied from stage memory.",weekly_watchlist,27.1,27.1,1848.73,-42.45,"[30.56, 19.9, 12.22]","[13, 3, 4]",0.95,32.0,strong,600
GREENPLY.NS,Greenply Industries Limited,Basic Materials,Basic Materials,Basic Materials,False,Cash,1,Failed Stage 2,Stage 2,Failed Stage 2,0.7,Failed Stage 2 cooling period is still active; waiting for a fresh base or confirmed reclaim.,Failed Stage 2 hold period active.,,2026-09-25,,Failed Stage 2,37.38,Very Strong,Volume Expanding,Volume Expanding (1.88x vs 10W Avg),1.18,Outperformed Nifty by 1.18% in 3 Months,True,1.18,49.21,73773892.59,1.47,5.0,1.88,False,False,"Stage 2, Advancing, trend_template_ok, flags=Wider Risk;Low Liquidity | Failed Stage 2 hold period active.",weekly_watchlist,26.84,26.84,313.05,-4.18,[17.47],[3],0.0,3.0,weak,601
INOXINDIA.NS,INOX India Limited,Specialty Industrial Machinery,Industrials,Industrials,False,Cash,1,Stage 2,Stage 2,Advancing,0.9,Price is above constructive weekly and long-term trend structure with improving relative strength.,,,2026-09-29,,Stage 2 - Advancing,34.98,Very Strong,Volume Drying Up,Volume Drying Up (0.75x vs 10W Avg),16.4,Outperformed Nifty by 16.4% in 3 Months,True,16.4,66.4,706644249.58,0.77,0.41,0.75,True,True,"Stage 2, Advancing, trend_template_ok, daily_vcp_ok, volume_dryup, weekly_volume_dryup, flags=Wide Risk;Low Liquidity",weekly_watchlist,21.8,26.8,2343.59,-12.42,[15.34],[3],0.0,3.0,weak,602
INNOVACAP.NS,Innova Captab Limited,Drug Manufacturers - Specialty & Generic,Healthcare,Healthcare,False,Cash,1,Stage 2,Stage 2,Advancing,0.9,Price is above constructive weekly and long-term trend structure with improving relative strength.,,,2026-09-29,,Stage 2 - Advancing,22.69,Very Strong,Volume Expanding,Volume Expanding (2.17x vs 10W Avg),28.39,Outperformed Nifty by 28.39% in 3 Months,True,28.39,64.51,166361472.74,1.59,6.03,2.17,False,False,"Stage 2, Advancing, trend_template_ok, flags=Loose Structure;Wide Risk;Low Liquidity",weekly_watchlist,21.8,26.8,1121.96,3.37,[10.6],[3],0.0,3.0,weak,603
LLOYDSME.NS,Lloyds Metals And Energy Limited,Steel,Basic Materials,Basic Materials,False,Cash,1,Stage 2,Stage 2,Advancing,0.8,Price is above constructive weekly and long-term trend structure with improving relative strength.,,,2026-09-29,,Stage 2 - Advancing,34.86,Very Strong,Volume Drying Up,Volume Drying Up (0.70x vs 10W Avg),14.13,Outperformed Nifty by 14.13% in 3 Months,True,14.13,29.44,597044530.38,0.79,1.01,0.7,True,True,"Stage 2, Advancing, trend_template_ok, volume_dryup, weekly_volume_dryup, flags=Low Liquidity",weekly_watchlist,21.76,26.76,2128.72,-11.5,[15.67],[6],0.0,6.0,weak,604
SOTL.NS,Savita Oil Technologies Limited,Specialty Chemicals,Basic Materials,Basic Materials,False,Cash,1,Stage 2,Stage 2,Extended,0.78,"Weekly advancing structure remains intact, but price is stretched versus key moving averages.",,,2026-09-29,,Stage 2 - Extended,26.47,Very Strong,Volume Drying Up,Volume Drying Up (0.76x vs 10W Avg),31.87,Outperformed Nifty by 31.87% in 3 Months,True,31.87,125.26,351053631.23,0.48,3.0,0.76,True,True,"Stage 2, Extended, trend_template_ok, volume_dryup, weekly_volume_dryup, flags=Loose Structure;Extended;Wide Risk;Low Liquidity",weekly_watchlist,24.2,26.7,851.59,-15.59,[26.64],[5],0.0,5.0,weak,605
KRISHANA.NS,Krishana Phoschem Limited,Agricultural Inputs,Basic Materials,Basic Materials,False,Cash,1,Stage 2,Stage 2,Advancing,0.9,Price is above constructive weekly and long-term trend structure with improving relative strength.,,,2026-09-29,,Stage 2 - Advancing,32.44,Very Strong,Volume Drying Up,Volume Drying Up (0.52x vs 10W Avg),34.76,Outperformed Nifty by 34.76% in 3 Months,True,34.76,63.15,116954220.6,0.56,1.52,0.52,True,True,"Stage 2, Advancing, trend_template_ok, volume_dryup, weekly_volume_dryup, flags=Loose Structure;Wide Risk;Low Liquidity",weekly_watchlist,26.6,26.6,206.75,-8.96,[12.08],[7],0.0,7.0,weak,606
QUESS.NS,Quess Corp Limited,Industrials,Industrials,Industrials,False,Cash,1,Stage 2,Stage 2,Advancing,0.8,Price is above constructive weekly and long-term trend structure with improving relative strength.,,,2026-09-29,,Stage 2 - Advancing,22.69,Very Strong,Volume Drying Up,Volume Drying Up (0.63x vs 10W Avg),22.0,Outperformed Nifty by 22.0% in 3 Months,True,22.0,86.62,198281315.73,0.57,0.7,0.63,True,True,"Stage 2, Advancing, trend_template_ok, volume_dryup, weekly_volume_dryup, flags=Loose Structure;Wide Risk;Low Liquidity",weekly_watchlist,26.6,26.6,389.43,-13.99,[24.61],[7],0.0,7.0,weak,607
NAVINFLUOR.NS,Navin Fluorine International Limited,Chemicals,Basic Materials,Basic Materials,False,Cash,1,Stage 2,Stage 2,Advancing,0.8,Price is above constructive weekly and long-term trend structure with improving relative strength.,,,2026-09-29,,Stage 2 - Advancing,29.32,Very Strong,Volume Drying Up,Volume Drying Up (0.46x vs 10W Avg),13.48,Outperformed Nifty by 13.48% in 3 Months,True,13.48,40.51,1014107533.95,0.59,1.33,0.46,True,True,"Stage 2, Advancing, trend_template_ok, volume_dryup, weekly_volume_dryup, flags=Wider Risk;Low Liquidity",weekly_watchlist,24.0,26.5,8965.16,-8.03,[18.64],[7],0.0,7.0,weak,608
DYNAMATECH.NS,Dynamatic Technologies Limited,Auto Parts,Consumer Cyclical,Consumer Cyclical,False,Cash,1,Stage 2,Stage 2,Extended,0.78,"Weekly advancing structure remains intact, but price is stretched versus key moving averages.",,,2026-09-29,,Stage 2 - Extended,30.02,Very Strong,Volume Expanding,Volume Expanding (2.06x vs 10W Avg),33.0,Outperformed Nifty by 33.0% in 3 Months,True,33.0,44.41,310532391.15,1.5,2.43,2.06,False,False,"Stage 2, Extended, trend_template_ok, flags=Loose Structure;Extended;Wider Risk;Low Liquidity",weekly_watchlist,23.94,26.44,12287.72,10.77,[24.12],[5],0.0,5.0,weak,609
NTPCGREEN.NS,NTPC Green Energy Limited,Utilities - Renewable,Utilities,Utilities,False,Cash,1,Stage 1,Stage 1,Stage 1,0.64,Price is building a base around long-term weekly structure without a confirmed advancing phase.,,,,,Stage 1,20.63,Strong,Volume Drying Up,Volume Drying Up (0.58x vs 10W Avg),5.05,Outperformed Nifty by 5.05% in 3 Months,False,5.05,-4.75,258817977.44,0.78,1.33,0.58,True,True,"Stage 1, Stage 1, weekly_vcp_ok, volume_dryup, weekly_volume_dryup, flags=Low Liquidity, stage1_not_actionable, stage1_needs_more_base",weekly_watchlist,26.33,26.33,120.16,-22.3,"[16.89, 13.75, 14.54]","[6, 8, 20]",0.55,39.0,moderate,610
ELECTCAST.NS,Electrosteel Castings Limited,Building Products & Equipment,Industrials,Industrials,False,Cash,1,Failed Stage 2,Stage 1,Failed Stage 2,0.72,"This stock was recently Stage 2, but the latest structure no longer satisfies Stage 2 rules. It is kept as Failed Stage 2 until a fresh base/repair structure forms.",Recent Stage 2 break; public stage held as Failed Stage 2.,2026-09-30,2026-09-14,,Failed Stage 2,11.76,Strong,Volume Expanding,Volume Expanding (6.00x vs 10W Avg),3.89,Outperformed Nifty by 3.89% in 3 Months,False,3.89,-4.28,281797025.91,2.2,0.93,6.0,False,False,"Stage 1, Stage 1, weekly_vcp_ok, flags=Wide Risk;Low Liquidity, stage1_not_actionable, stage1_needs_more_base | Stage 2 failed state applied from stage memory.",weekly_watchlist,26.3,26.3,94.88,-21.62,"[15.98, 16.69, 18.91]","[5, 13, 4]",0.55,29.0,moderate,611
BANARISUG.NS,Bannari Amman Sugars Limited,Consumer Defensive,Consumer Defensive,Consumer Defensive,False,Cash,1,Stage 1,Stage 1,Stage 1,0.64,Price is building a base around long-term weekly structure without a confirmed advancing phase.,,,2026-08-20,,Stage 1,4.81,Weak,Volume Drying Up,Volume Drying Up (0.42x vs 10W Avg),1.88,Outperformed Nifty by 1.88% in 3 Months,False,1.88,-10.26,4669531.14,0.3,0.06,0.42,True,True,"Stage 1, Stage 1, weekly_vcp_ok, volume_dryup, weekly_volume_dryup, flags=Wide Risk;Low Liquidity, stage1_not_actionable, stage1_needs_more_base",weekly_watchlist,26.3,26.3,4329.67,-23.78,"[5.57, 6.16, 5.9]","[2, 4, 4]",0.55,32.0,moderate,612
NETWEB.NS,Netweb Technologies India Limited,Technology,Technology,Technology,False,Cash,1,Stage 2,Stage 2,Advancing,0.8,Price is above constructive weekly and long-term trend structure with improving relative strength.,,,2026-09-29,,Stage 2 - Advancing,17.92,Strong,Volume Drying Up,Volume Drying Up (0.43x vs 10W Avg),9.96,Outperformed Nifty by 9.96% in 3 Months,True,9.96,39.16,5247736794.07,0.51,0.38,0.43,True,True,"Stage 2, Advancing, trend_template_ok, volume_dryup, weekly_volume_dryup, flags=Loose Structure;Wide Risk;Low Liquidity",weekly_watchlist,21.11,26.11,5823.17,-21.9,[21.53],[5],0.0,5.0,weak,613
ANANTRAJ.NS,Anant Raj Limited,Real Estate,Real Estate,Real Estate,False,Cash,1,Stage 2,Stage 2,Advancing,0.8,Price is above constructive weekly and long-term trend structure with improving relative strength.,,,2026-09-29,,Stage 2 - Advancing,34.83,Very Strong,Volume Drying Up,Volume Drying Up (0.49x vs 10W Avg),15.69,Outperformed Nifty by 15.69% in 3 Months,True,15.69,29.27,1793973971.9,0.66,0.45,0.49,True,True,"Stage 2, Advancing, trend_template_ok, volume_dryup, weekly_volume_dryup, flags=Wider Risk;Low Liquidity",weekly_watchlist,25.1,26.1,649.0,-7.72,[11.96],[2],0.0,2.0,weak,614
ASHIANA.NS,Ashiana Housing Limited,Real Estate,Real Estate,Real Estate,False,Cash,1,Stage 2,Stage 2,Advancing,0.9,Price is above constructive weekly and long-term trend structure with improving relative strength.,,,2026-09-29,,Stage 2 - Advancing,24.53,Very Strong,Volume Drying Up,Volume Drying Up (0.14x vs 10W Avg),8.68,Outperformed Nifty by 8.68% in 3 Months,True,8.68,23.58,34523421.9,2.34,0.51,0.14,False,True,"Stage 2, Advancing, trend_template_ok, weekly_volume_dryup, flags=Wide Risk;Low Liquidity",weekly_watchlist,25.03,26.03,398.22,-3.07,[18.33],[3],0.0,3.0,weak,615
NPST.NS,Network People Services Technologies Limited,Software - Application,Technology,Technology,False,Cash,1,Stage 2,Stage 2,Advancing,0.9,Price is above constructive weekly and long-term trend structure with improving relative strength.,,,2026-09-29,,Stage 2 - Advancing,24.7,Very Strong,Volume Drying Up,Volume Drying Up (0.75x vs 10W Avg),12.83,Outperformed Nifty by 12.83% in 3 Months,True,12.83,57.15,425595524.05,1.07,0.68,0.75,False,True,"Stage 2, Advancing, trend_template_ok, weekly_volume_dryup, flags=Wide Risk;Low Liquidity",weekly_watchlist,23.2,25.7,1935.3,-8.81,[20.66],[5],0.0,5.0,weak,616
SIEMENS.NS,Siemens Limited,Specialty Industrial Machinery,Industrials,Industrials,True,F&O,1,Stage 2,Stage 2,Advancing,0.8,Price is above constructive weekly and long-term trend structure with improving relative strength.,,,2026-09-29,,Stage 2 - Advancing,26.9,Very Strong,Volume Drying Up,Volume Drying Up (0.57x vs 10W Avg),11.62,Outperformed Nifty by 11.62% in 3 Months,True,11.62,20.44,967050360.13,0.76,0.59,0.57,True,True,"Stage 2, Advancing, trend_template_ok, volume_dryup, weekly_volume_dryup, flags=Wider Risk;Low Liquidity",weekly_watchlist,20.61,25.61,4149.4,-10.21,[13.69],[6],0.0,6.0,weak,617
RAYMOND.NS,Raymond Limited,Specialty Industrial Machinery,Industrials,Industrials,False,Cash,1,Stage 2,Stage 2,Extended,0.78,"Weekly advancing structure remains intact, but price is stretched versus key moving averages.",,,2026-09-29,,Stage 2 - Extended,29.84,Very Strong,Volume Normal,Volume Normal (1.26x vs 10W Avg),101.56,Outperformed Nifty by 101.56% in 3 Months,True,101.56,242.1,6607869764.03,1.32,0.33,1.26,False,False,"Stage 2, Extended, trend_template_ok, flags=Loose Structure;Extended;Wide Risk;Low Liquidity",weekly_watchlist,20.6,25.6,660.1,83.77,[11.54],[2],0.0,2.0,weak,618
CYIENTDLM.NS,Cyient DLM Limited,Electronic Components,Technology,Technology,False,Cash,1,Stage 2,Stage 2,Extended,0.78,"Weekly advancing structure remains intact, but price is stretched versus key moving averages.",,,2026-09-29,,Stage 2 - Extended,23.18,Very Strong,Volume Drying Up,Volume Drying Up (0.33x vs 10W Avg),88.89,Outperformed Nifty by 88.89% in 3 Months,True,88.89,220.46,563846658.89,0.67,0.3,0.33,True,True,"Stage 2, Extended, trend_template_ok, volume_dryup, weekly_volume_dryup, flags=Loose Structure;Extended;Wide Risk;Low Liquidity",weekly_watchlist,20.6,25.6,1010.77,-9.56,[23.79],[2],0.0,2.0,weak,619
SUVEN.NS,Suven Life Sciences Limited,Drug Manufacturers - Specialty & Generic,Healthcare,Healthcare,False,Cash,1,Stage 2,Stage 2,Advancing,0.8,Price is above constructive weekly and long-term trend structure with improving relative strength.,,,2026-09-29,,Stage 2 - Advancing,19.72,Strong,Volume Drying Up,Volume Drying Up (0.64x vs 10W Avg),8.61,Outperformed Nifty by 8.61% in 3 Months,True,8.61,90.59,183116296.1,0.58,0.56,0.64,True,True,"Stage 2, Advancing, trend_template_ok, volume_dryup, weekly_volume_dryup, flags=Wide Risk;Low Liquidity",weekly_watchlist,20.6,25.6,404.06,-20.75,[21.7],[2],0.0,2.0,weak,620
UNIVCABLES.NS,Universal Cables Limited,Electrical Equipment & Parts,Industrials,Industrials,False,Cash,1,Stage 2,Stage 2,Extended,0.78,"Weekly advancing structure remains intact, but price is stretched versus key moving averages.",,,2026-09-29,,Stage 2 - Extended,19.06,Very Strong,Volume Drying Up,Volume Drying Up (0.44x vs 10W Avg),33.71,Outperformed Nifty by 33.71% in 3 Months,True,33.71,106.58,175108470.93,0.47,0.32,0.44,True,True,"Stage 2, Extended, trend_template_ok, volume_dryup, weekly_volume_dryup, flags=Loose Structure;Extended;Wide Risk;Low Liquidity",weekly_watchlist,20.6,25.6,1778.01,-18.84,[22.57],[2],0.0,2.0,weak,621
AEGISLOG.NS,Aegis Logistics Limited,Oil & Gas Refining & Marketing,Energy,Energy,False,Cash,1,Stage 2,Stage 2,Extended,0.78,"Weekly advancing structure remains intact, but price is stretched versus key moving averages.",,,2026-09-29,,Stage 2 - Extended,26.42,Very Strong,Volume Drying Up,Volume Drying Up (0.53x vs 10W Avg),5.26,Outperformed Nifty by 5.26% in 3 Months,True,5.26,134.67,1256722858.3,0.93,1.3,0.53,False,True,"Stage 2, Extended, trend_template_ok, weekly_volume_dryup, flags=Extended;Wide Risk;Low Liquidity",weekly_watchlist,23.0,25.5,1500.42,-8.02,[21.22],[4],0.0,4.0,weak,622
DEEPINDS.NS,Deep Industries Limited,Energy,Energy,Energy,False,Cash,1,Stage 2,Stage 2,Extended,0.78,"Weekly advancing structure remains intact, but price is stretched versus key moving averages.",,,2026-09-29,,Stage 2 - Extended,22.6,Very Strong,Volume Drying Up,Volume Drying Up (0.38x vs 10W Avg),73.06,Outperformed Nifty by 73.06% in 3 Months,True,73.06,58.07,377985390.19,0.39,0.41,0.38,True,True,"Stage 2, Extended, trend_template_ok, volume_dryup, weekly_volume_dryup, flags=Loose Structure;Extended;Wide Risk;Low Liquidity",weekly_watchlist,23.0,25.5,826.44,-8.53,[20.11],[4],0.0,4.0,weak,623
CHENNPETRO.NS,Chennai Petroleum Corporation Limited,Oil & Gas Refining & Marketing,Energy,Energy,False,Cash,1,Stage 2,Stage 2,Advancing,0.9,Price is above constructive weekly and long-term trend structure with improving relative strength.,,,2026-09-29,,Stage 2 - Advancing,22.49,Very Strong,Volume Drying Up,Volume Drying Up (0.85x vs 10W Avg),40.59,Outperformed Nifty by 40.59% in 3 Months,True,40.59,53.53,2901045072.99,0.71,0.93,0.85,True,True,"Stage 2, Advancing, trend_template_ok, volume_dryup, weekly_volume_dryup, flags=Loose Structure;Wide Risk;Low Liquidity",weekly_watchlist,23.0,25.5,1680.44,-14.53,[13.53],[4],0.0,4.0,weak,624
YATHARTH.NS,Yatharth Hospital & Trauma Care Services Limited,Medical Care Facilities,Healthcare,Healthcare,False,Cash,1,Stage 2,Stage 2,Advancing,0.9,Price is above constructive weekly and long-term trend structure with improving relative strength.,,,2026-09-29,,Stage 2 - Advancing,31.62,Very Strong,Volume Drying Up,Volume Drying Up (0.82x vs 10W Avg),29.42,Outperformed Nifty by 29.42% in 3 Months,True,29.42,51.84,918120666.36,2.42,1.17,0.82,False,True,"Stage 2, Advancing, trend_template_ok, weekly_volume_dryup, flags=Loose Structure;Wide Risk;Low Liquidity",weekly_watchlist,25.4,25.4,1186.07,-12.95,[10.67],[6],0.0,6.0,weak,625
JUSTDIAL.NS,Just Dial Limited,Communication Services,Communication Services,Communication Services,False,Cash,1,Stage 2,Stage 2,Advancing,0.8,Price is above constructive weekly and long-term trend structure with improving relative strength.,,,2026-09-29,,Stage 2 - Advancing,28.84,Very Strong,Volume Drying Up,Volume Drying Up (0.24x vs 10W Avg),28.49,Outperformed Nifty by 28.49% in 3 Months,False,28.49,24.17,81197507.43,0.39,0.61,0.24,True,True,"Stage 2, Advancing, volume_dryup, weekly_volume_dryup, flags=Wider Risk;Low Liquidity",weekly_watchlist,22.67,25.17,735.28,-9.4,[23.98],[6],0.0,6.0,weak,626
GARFIBRES.NS,Garware Technical Fibres Limited,Textile Manufacturing,Consumer Cyclical,Consumer Cyclical,False,Cash,1,Stage 2,Stage 2,Advancing,0.8,Price is above constructive weekly and long-term trend structure with improving relative strength.,,,2026-09-29,,Stage 2 - Advancing,25.01,Very Strong,Volume Drying Up,Volume Drying Up (0.45x vs 10W Avg),12.4,Outperformed Nifty by 12.4% in 3 Months,True,12.4,28.01,32179088.13,0.51,0.36,0.45,True,True,"Stage 2, Advancing, trend_template_ok, volume_dryup, weekly_volume_dryup, flags=Wider Risk;Low Liquidity",weekly_watchlist,22.64,25.14,862.34,-10.61,[25.0],[7],0.0,7.0,weak,627
SEAMECLTD.NS,Seamec Limited,Marine Shipping,Industrials,Industrials,False,Cash,1,Stage 2,Stage 2,Advancing,0.9,Price is above constructive weekly and long-term trend structure with improving relative strength.,,,2026-09-29,,Stage 2 - Advancing,35.45,Strong,Volume Drying Up,Volume Drying Up (0.44x vs 10W Avg),21.6,Outperformed Nifty by 21.6% in 3 Months,True,21.6,8.59,126187481.64,0.38,0.77,0.44,True,True,"Stage 2, Advancing, trend_template_ok, volume_dryup, weekly_volume_dryup, flags=Loose Structure;Wide Risk",weekly_watchlist,19.82,24.82,1852.24,-11.37,[24.75],[4],0.0,4.0,weak,628
SMARTWORKS.NS,Smartworks Coworking Spaces Limited,Real Estate Services,Real Estate,Real Estate,False,Cash,1,Stage 2,Stage 2,Advancing,0.9,Price is above constructive weekly and long-term trend structure with improving relative strength.,,,2026-09-29,,Stage 2 - Advancing,23.12,Very Strong,Volume Drying Up,Volume Drying Up (0.61x vs 10W Avg),16.69,Outperformed Nifty by 16.69% in 3 Months,True,16.69,34.47,42810574.03,0.97,1.1,0.61,False,True,"Stage 2, Advancing, trend_template_ok, weekly_volume_dryup, flags=Wide Risk;Low Liquidity",weekly_watchlist,23.72,24.72,567.9,-8.46,[24.09],[7],0.0,7.0,weak,629
ALKYLAMINE.NS,Alkyl Amines Chemicals Limited,Specialty Chemicals,Basic Materials,Basic Materials,False,Cash,1,Stage 2,Stage 2,Advancing,0.8,Price is above constructive weekly and long-term trend structure with improving relative strength.,,,2026-09-29,,Stage 2 - Advancing,28.98,Neutral,Volume Drying Up,Volume Drying Up (0.26x vs 10W Avg),4.74,Outperformed Nifty by 4.74% in 3 Months,True,4.74,31.49,92623825.04,0.3,0.38,0.26,True,True,"Stage 2, Advancing, trend_template_ok, volume_dryup, weekly_volume_dryup, flags=Wide Risk;Low Liquidity",weekly_watchlist,22.22,24.72,2115.0,-16.7,[11.56],[7],0.0,7.0,weak,630
JINDALSAW.NS,Jindal Saw Limited,Steel,Basic Materials,Basic Materials,False,Cash,1,Stage 2,Stage 2,Advancing,0.8,Price is above constructive weekly and long-term trend structure with improving relative strength.,,,2026-09-29,,Stage 2 - Advancing,35.34,Very Strong,Volume Drying Up,Volume Drying Up (0.51x vs 10W Avg),13.71,Outperformed Nifty by 13.71% in 3 Months,True,13.71,45.51,473705920.25,0.6,0.44,0.51,True,True,"Stage 2, Advancing, trend_template_ok, volume_dryup, weekly_volume_dryup, flags=Wide Risk;Low Liquidity",weekly_watchlist,19.72,24.72,320.56,-13.37,[11.63],[3],0.0,3.0,weak,631
SAREGAMA.NS,Saregama India Limited,Communication Services,Communication Services,Communication Services,False,Cash,1,Stage 2,Stage 2,Advancing,0.8,Price is above constructive weekly and long-term trend structure with improving relative strength.,,,2026-09-29,,Stage 2 - Advancing,45.95,Very Strong,Volume Drying Up,Volume Drying Up (0.78x vs 10W Avg),10.59,Outperformed Nifty by 10.59% in 3 Months,True,10.59,61.53,199716035.94,0.7,1.57,0.78,True,True,"Stage 2, Advancing, trend_template_ok, daily_vcp_ok, volume_dryup, weekly_volume_dryup, flags=Low Liquidity",weekly_watchlist,22.21,24.71,575.51,-11.98,[17.32],[4],0.0,4.0,weak,632
SKIPPER.NS,Skipper Limited,Engineering & Construction,Industrials,Industrials,False,Cash,1,Stage 2,Stage 2,Advancing,0.8,Price is above constructive weekly and long-term trend structure with improving relative strength.,,,2026-09-29,,Stage 2 - Advancing,26.02,Strong,Volume Drying Up,Volume Drying Up (0.42x vs 10W Avg),1.4,Outperformed Nifty by 1.4% in 3 Months,True,1.4,47.37,852267665.93,0.65,0.19,0.42,True,True,"Stage 2, Advancing, trend_template_ok, volume_dryup, weekly_volume_dryup, flags=Wide Risk;Low Liquidity",weekly_watchlist,24.68,24.68,617.88,-14.04,[13.66],[8],0.0,8.0,weak,633
AVL.NS,Aditya Vision Limited,Consumer Cyclical,Consumer Cyclical,Consumer Cyclical,False,Cash,1,Stage 2,Stage 2,Advancing,0.8,Price is above constructive weekly and long-term trend structure with improving relative strength.,,,2026-09-29,,Stage 2 - Advancing,28.81,Strong,Volume Drying Up,Volume Drying Up (0.49x vs 10W Avg),-1.52,Underperformed Nifty by 1.52% in 3 Months,True,-1.52,27.5,119688917.27,0.46,0.56,0.49,True,True,"Stage 2, Advancing, trend_template_ok, volume_dryup, weekly_volume_dryup, flags=Low Liquidity",weekly_watchlist,23.6,24.6,664.3,-10.53,[18.89],[9],0.0,9.0,weak,634
POWERMECH.NS,Power Mech Projects Limited,Engineering & Construction,Industrials,Industrials,False,Cash,1,Not Sure,Stage 2,Pending Stage 2,0.55,Stage 2 pending confirmation: needs 3 raw Stage 2 runs; current count 1.,Stage 2 pending confirmation: needs 3 raw Stage 2 runs; current count 1.,,2026-08-28,Stage 2,Not Sure - Unclear,42.84,Strong,Volume Expanding,Volume Expanding (1.79x vs 10W Avg),0.04,Outperformed Nifty by 0.04% in 3 Months,True,0.04,26.63,152688114.19,1.07,5.89,1.79,False,False,"Stage 2, Advancing, trend_template_ok, flags=Low Liquidity | Stage 2 pending confirmation: needs 3 raw Stage 2 runs; current count 1.",weekly_watchlist,24.47,24.47,2603.04,-4.32,[16.53],[3],0.0,3.0,weak,635
BBOX.NS,Black Box Limited,Software - Application,Technology,Technology,False,Cash,1,Failed Stage 2,Stage 1,Failed Stage 2,0.72,"This stock was recently Stage 2, but the latest structure no longer satisfies Stage 2 rules. It is kept as Failed Stage 2 until a fresh base/repair structure forms.",Recent Stage 2 break; public stage held as Failed Stage 2.,2026-09-30,2026-09-29,,Failed Stage 2,15.97,Neutral,Volume Expanding,Volume Expanding (1.73x vs 10W Avg),-11.9,Underperformed Nifty by 11.9% in 3 Months,False,-11.9,69.59,528673007.01,1.42,2.18,1.73,False,False,"Stage 1, Stage 1, flags=Wide Base;Wide Weekly Base;Wide Risk;Low Liquidity, stage1_not_actionable, stage1_needs_more_base | Stage 2 failed state applied from stage memory.",weekly_watchlist,21.97,24.47,842.83,-4.51,[35.62],[13],0.0,13.0,weak,636
DALMIASUG.NS,Dalmia Bharat Sugar and Industries Limited,Consumer Defensive,Consumer Defensive,Consumer Defensive,False,Cash,1,Stage 2,Stage 2,Advancing,0.8,Price is above constructive weekly and long-term trend structure with improving relative strength.,,,2026-09-29,,Stage 2 - Advancing,29.7,Strong,Volume Drying Up,Volume Drying Up (0.57x vs 10W Avg),15.84,Outperformed Nifty by 15.84% in 3 Months,True,15.84,6.3,100328580.61,0.4,0.29,0.57,True,True,"Stage 2, Advancing, trend_template_ok, volume_dryup, weekly_volume_dryup, flags=Loose Structure;Wide Risk;Low Liquidity",weekly_watchlist,24.41,24.41,520.91,-21.52,[23.15],[10],0.0,10.0,weak,637
HFCL.NS,HFCL Limited,Communication Equipment,Technology,Technology,False,Cash,1,Stage 2,Stage 2,Extended,0.78,"Weekly advancing structure remains intact, but price is stretched versus key moving averages.",,,2026-09-29,,Stage 2 - Extended,14.86,Strong,Volume Drying Up,Volume Drying Up (0.25x vs 10W Avg),7.81,Outperformed Nifty by 7.81% in 3 Months,True,7.81,211.53,1335085709.7,0.31,0.35,0.25,True,True,"Stage 2, Extended, trend_template_ok, volume_dryup, weekly_volume_dryup, flags=Loose Structure;Extended;Wide Risk;Circuit Risk;Low Liquidity",weekly_watchlist,19.4,24.4,256.91,-11.63,[21.11],[3],0.0,3.0,weak,638
DIACABS.NS,Diamond Power Infrastructure Limited,Specialty Industrial Machinery,Industrials,Industrials,False,Cash,1,Stage 2,Stage 2,Extended,0.78,"Weekly advancing structure remains intact, but price is stretched versus key moving averages.",,,2026-09-29,,Stage 2 - Extended,9.36,Very Strong,Volume Drying Up,Volume Drying Up (0.20x vs 10W Avg),68.71,Outperformed Nifty by 68.71% in 3 Months,True,68.71,175.32,316348431.94,0.28,0.37,0.2,True,True,"Stage 2, Extended, trend_template_ok, volume_dryup, weekly_volume_dryup, flags=Loose Structure;Extended;Wide Risk;Circuit Risk;Low Liquidity",weekly_watchlist,19.4,24.4,404.71,-12.48,[16.62],[3],0.0,3.0,weak,639
NITINSPIN.NS,Nitin Spinners Limited,Textile Manufacturing,Consumer Cyclical,Consumer Cyclical,False,Cash,1,Stage 2,Stage 2,Advancing,0.9,Price is above constructive weekly and long-term trend structure with improving relative strength.,,,2026-09-29,,Stage 2 - Advancing,30.61,Very Strong,Volume Drying Up,Volume Drying Up (0.24x vs 10W Avg),14.3,Outperformed Nifty by 14.3% in 3 Months,True,14.3,54.55,65201477.43,0.3,0.35,0.24,True,True,"Stage 2, Advancing, trend_template_ok, volume_dryup, weekly_volume_dryup, flags=Wider Risk;Low Liquidity",weekly_watchlist,21.88,24.38,666.16,-10.19,[10.69],[4],0.0,4.0,weak,640
NRBBEARING.NS,NRB Bearing Limited,Auto Parts,Consumer Cyclical,Consumer Cyclical,False,Cash,1,Stage 2,Stage 2,Extended,0.78,"Weekly advancing structure remains intact, but price is stretched versus key moving averages.",,,2026-09-29,,Stage 2 - Extended,36.06,Very Strong,Volume Normal,Volume Normal (0.89x vs 10W Avg),34.15,Outperformed Nifty by 34.15% in 3 Months,True,34.15,121.11,550387055.54,2.24,0.7,0.89,False,True,"Stage 2, Extended, trend_template_ok, weekly_volume_dryup, flags=Loose Structure;Extended;Wider Risk;Low Liquidity",weekly_watchlist,21.8,24.3,504.78,5.8,[18.22],[3],0.0,3.0,weak,641
63MOONS.NS,63 moons technologies limited,Software - Application,Technology,Technology,False,Cash,1,Stage 2,Stage 2,Advancing,0.8,Price is above constructive weekly and long-term trend structure with improving relative strength.,,,2026-09-29,,Stage 2 - Advancing,30.42,Very Strong,Volume Drying Up,Volume Drying Up (0.27x vs 10W Avg),22.83,Outperformed Nifty by 22.83% in 3 Months,True,22.83,60.47,441519244.11,0.46,0.32,0.27,True,True,"Stage 2, Advancing, trend_template_ok, daily_vcp_ok, volume_dryup, weekly_volume_dryup, flags=Loose Structure;Wide Risk;Low Liquidity",weekly_watchlist,21.8,24.3,955.73,-15.14,[22.85],[3],0.0,3.0,weak,642
BALAMINES.NS,Balaji Amines Limited,Specialty Chemicals,Basic Materials,Basic Materials,False,Cash,1,Stage 2,Stage 2,Advancing,0.8,Price is above constructive weekly and long-term trend structure with improving relative strength.,,,2026-09-29,,Stage 2 - Advancing,26.13,Strong,Volume Drying Up,Volume Drying Up (0.57x vs 10W Avg),5.58,Outperformed Nifty by 5.58% in 3 Months,True,5.58,104.44,431337086.44,0.57,0.52,0.57,True,True,"Stage 2, Advancing, trend_template_ok, volume_dryup, weekly_volume_dryup, flags=Wide Risk;Low Liquidity",weekly_watchlist,21.8,24.3,2634.4,-19.58,[19.08],[3],0.0,3.0,weak,643
SSWL.NS,Steel Strips Wheels Limited,Auto Parts,Consumer Cyclical,Consumer Cyclical,False,Cash,1,Stage 2,Stage 2,Extended,0.78,"Weekly advancing structure remains intact, but price is stretched versus key moving averages.",,,2026-09-29,,Stage 2 - Extended,23.14,Very Strong,Volume Normal,Volume Normal (1.03x vs 10W Avg),73.25,Outperformed Nifty by 73.25% in 3 Months,True,73.25,113.05,507452698.74,0.89,0.61,1.03,False,False,"Stage 2, Extended, trend_template_ok, flags=Loose Structure;Extended;Wide Risk;Low Liquidity",weekly_watchlist,21.8,24.3,383.24,6.49,[12.35],[3],0.0,3.0,weak,644
MSTCLTD.NS,Mstc Limited,Conglomerates,Industrials,Industrials,False,Cash,1,Stage 2,Stage 2,Advancing,0.9,Price is above constructive weekly and long-term trend structure with improving relative strength.,,,2026-09-29,,Stage 2 - Advancing,25.67,Strong,Volume Drying Up,Volume Drying Up (0.73x vs 10W Avg),6.28,Outperformed Nifty by 6.28% in 3 Months,True,6.28,79.97,212889251.09,0.68,0.65,0.73,True,True,"Stage 2, Advancing, trend_template_ok, volume_dryup, weekly_volume_dryup, flags=Wide Risk;Low Liquidity",weekly_watchlist,24.2,24.2,797.12,-10.33,[23.38],[5],0.0,5.0,weak,645
COFORGE.NS,Coforge Limited,Information Technology Services,Technology,Technology,True,F&O,1,Stage 2,Stage 2,Advancing,0.8,Price is above constructive weekly and long-term trend structure with improving relative strength.,,,2026-09-29,,Stage 2 - Advancing,18.55,Very Strong,Volume Drying Up,Volume Drying Up (0.60x vs 10W Avg),25.11,Outperformed Nifty by 25.11% in 3 Months,True,25.11,41.17,4256966433.42,0.61,1.34,0.6,True,True,"Stage 2, Advancing, trend_template_ok, volume_dryup, weekly_volume_dryup, flags=Wide Weekly Base;Loose Structure;Wide Risk;Low Liquidity",weekly_watchlist,24.03,24.03,2024.74,-13.61,[42.69],[6],0.0,6.0,weak,646
RBA.NS,Restaurant Brands Asia Limited,Consumer Cyclical,Consumer Cyclical,Consumer Cyclical,False,Cash,1,Stage 2,Stage 2,Advancing,0.8,Price is above constructive weekly and long-term trend structure with improving relative strength.,,,2026-09-29,,Stage 2 - Advancing,25.45,Very Strong,Volume Drying Up,Volume Drying Up (0.20x vs 10W Avg),29.59,Outperformed Nifty by 29.59% in 3 Months,True,29.59,49.4,276019461.05,0.28,0.48,0.2,True,True,"Stage 2, Advancing, trend_template_ok, volume_dryup, weekly_volume_dryup, flags=Loose Structure;Wider Risk;Low Liquidity",weekly_watchlist,22.9,23.9,111.34,-17.75,[22.38],[4],0.0,4.0,weak,647
JSFB.NS,Jana Small Finance Bank Limited,Banks - Regional,Financial Services,Financial Services,False,Cash,1,Stage 2,Stage 2,Advancing,0.8,Price is above constructive weekly and long-term trend structure with improving relative strength.,,,2026-09-29,,Stage 2 - Advancing,31.25,Strong,Volume Normal,Volume Normal (1.20x vs 10W Avg),11.06,Outperformed Nifty by 11.06% in 3 Months,True,11.06,25.57,454699326.89,1.35,0.39,1.2,False,False,"Stage 2, Advancing, trend_template_ok, flags=Wide Risk",weekly_watchlist,22.86,23.86,608.01,-19.52,[13.41],[6],0.0,6.0,weak,648
CGCL.NS,Capri Global Capital Limited,Credit Services,Financial Services,Financial Services,False,Cash,1,Stage 2,Stage 2,Advancing,0.9,Price is above constructive weekly and long-term trend structure with improving relative strength.,,,2026-09-29,,Stage 2 - Advancing,26.15,Strong,Volume Drying Up,Volume Drying Up (0.31x vs 10W Avg),8.97,Outperformed Nifty by 8.97% in 3 Months,True,8.97,44.35,1042207423.05,0.47,0.23,0.31,True,True,"Stage 2, Advancing, trend_template_ok, volume_dryup, weekly_volume_dryup, flags=Wide Risk;Low Liquidity",weekly_watchlist,22.73,23.73,287.95,-14.07,[17.97],[6],0.0,6.0,weak,649
SJS.NS,S.J.S. Enterprises Limited,Auto Parts,Consumer Cyclical,Consumer Cyclical,False,Cash,1,Stage 2,Stage 2,Advancing,0.8,Price is above constructive weekly and long-term trend structure with improving relative strength.,,,2026-09-29,,Stage 2 - Advancing,23.39,Strong,Volume Drying Up,Volume Drying Up (0.73x vs 10W Avg),9.53,Outperformed Nifty by 9.53% in 3 Months,True,9.53,40.34,369158806.22,1.17,0.61,0.73,False,True,"Stage 2, Advancing, trend_template_ok, weekly_volume_dryup, flags=Wide Risk;Low Liquidity",weekly_watchlist,21.19,23.69,2594.53,-12.97,[22.12],[5],0.0,5.0,weak,650
KIRLOSBROS.NS,Kirloskar Brothers Limited,Specialty Industrial Machinery,Industrials,Industrials,False,Cash,1,Stage 2,Stage 2,Advancing,0.8,Price is above constructive weekly and long-term trend structure with improving relative strength.,Stage 2 reclaimed after 3 confirmation runs.,,2026-09-29,,Stage 2 - Advancing,22.16,Strong,Volume Expanding,Volume Expanding (3.13x vs 10W Avg),1.82,Outperformed Nifty by 1.82% in 3 Months,True,1.82,22.91,115946173.46,1.5,6.94,3.13,False,False,"Stage 2, Advancing, trend_template_ok, flags=Wide Risk;Low Liquidity",weekly_watchlist,18.67,23.67,1993.0,-10.94,[17.92],[5],0.0,5.0,weak,651
CEIGALL.NS,Ceigall India Limited,Engineering & Construction,Industrials,Industrials,False,Cash,1,Stage 2,Stage 2,Advancing,0.9,Price is above constructive weekly and long-term trend structure with improving relative strength.,,,2026-09-29,,Stage 2 - Advancing,42.77,Very Strong,Volume Drying Up,Volume Drying Up (0.52x vs 10W Avg),13.75,Outperformed Nifty by 13.75% in 3 Months,True,13.75,35.48,194328917.92,0.64,0.51,0.52,True,True,"Stage 2, Advancing, trend_template_ok, volume_dryup, weekly_volume_dryup, flags=Wider Risk;Low Liquidity",weekly_watchlist,23.52,23.52,349.6,9.48,[25.49],[7],0.0,7.0,weak,652
THYROCARE.NS,Thyrocare Technologies Limited,Diagnostics & Research,Healthcare,Healthcare,False,Cash,1,Stage 2,Stage 2,Advancing,0.8,Price is above constructive weekly and long-term trend structure with improving relative strength.,,,2026-09-29,,Stage 2 - Advancing,20.88,Neutral,Volume Drying Up,Volume Drying Up (0.25x vs 10W Avg),4.77,Outperformed Nifty by 4.77% in 3 Months,True,4.77,41.57,122597219.11,0.29,0.85,0.25,True,True,"Stage 2, Advancing, trend_template_ok, volume_dryup, weekly_volume_dryup, flags=Wide Risk;Low Liquidity",weekly_watchlist,18.43,23.43,663.16,-19.45,[12.07],[3],0.0,3.0,weak,653
CONCORDBIO.NS,Concord Biotech Limited,Biotechnology,Healthcare,Healthcare,False,Cash,1,Stage 2,Stage 2,Advancing,0.8,Price is above constructive weekly and long-term trend structure with improving relative strength.,,,2026-09-29,,Stage 2 - Advancing,20.66,Strong,Volume Normal,Volume Normal (0.94x vs 10W Avg),14.45,Outperformed Nifty by 14.45% in 3 Months,True,14.45,32.53,235317017.27,1.12,0.67,0.94,False,False,"Stage 2, Advancing, trend_template_ok, flags=Wide Risk;Low Liquidity",weekly_watchlist,20.9,23.4,1617.83,-15.1,[11.54],[5],0.0,5.0,weak,654
SHAILY.NS,Shaily Engineering Plastics Limited,Specialty Chemicals,Basic Materials,Basic Materials,False,Cash,1,Stage 2,Stage 2,Advancing,0.8,Price is above constructive weekly and long-term trend structure with improving relative strength.,,,2026-09-29,,Stage 2 - Advancing,24.46,Very Strong,Volume Drying Up,Volume Drying Up (0.53x vs 10W Avg),13.42,Outperformed Nifty by 13.42% in 3 Months,True,13.42,45.22,508853881.56,1.06,0.55,0.53,False,True,"Stage 2, Advancing, trend_template_ok, weekly_volume_dryup, flags=Wide Risk;Low Liquidity",weekly_watchlist,20.86,23.36,3618.32,-15.35,[18.74],[4],0.0,4.0,weak,655
INOXWIND.NS,Inox Wind Limited,Specialty Industrial Machinery,Industrials,Industrials,True,F&O,1,Stage 4,Stage 4,Stage 4,0.86,Price is below the 30-week trend and below long-term support structure.,,,,,Stage 4,0.0,Weak,Volume Drying Up,Volume Drying Up (0.73x vs 10W Avg),-13.26,Underperformed Nifty by 13.26% in 3 Months,False,-13.26,-15.51,887701957.9,0.82,0.83,0.73,True,True,"Stage 4, Stage 4, weekly_vcp_ok, volume_dryup, weekly_volume_dryup, flags=Wide Weekly Base;Wide Risk;Low Liquidity, downtrend",weekly_watchlist,18.3,23.3,108.46,-35.91,"[52.89, 25.42, 28.19]","[22, 5, 10]",0.55,44.0,moderate,656
SENORES.NS,Senores Pharmaceuticals Limited,Drug Manufacturers - General,Healthcare,Healthcare,False,Cash,1,Stage 2,Stage 2,Advancing,0.8,Price is above constructive weekly and long-term trend structure with improving relative strength.,,,2026-09-29,,Stage 2 - Advancing,26.25,Strong,Volume Normal,Volume Normal (1.13x vs 10W Avg),8.34,Outperformed Nifty by 8.34% in 3 Months,True,8.34,78.14,314854993.55,1.03,1.22,1.13,False,False,"Stage 2, Advancing, trend_template_ok, flags=Wide Risk;Low Liquidity",weekly_watchlist,20.6,23.1,1601.8,-13.48,[15.24],[2],0.0,2.0,weak,657
MARKSANS.NS,Marksans Pharma Limited,Drug Manufacturers - General,Healthcare,Healthcare,False,Cash,1,Stage 2,Stage 2,Advancing,0.9,Price is above constructive weekly and long-term trend structure with improving relative strength.,,,2026-09-29,,Stage 2 - Advancing,26.0,Very Strong,Volume Drying Up,Volume Drying Up (0.78x vs 10W Avg),31.25,Outperformed Nifty by 31.25% in 3 Months,True,31.25,88.82,759956462.29,0.66,1.43,0.78,True,True,"Stage 2, Advancing, trend_template_ok, volume_dryup, weekly_volume_dryup, flags=Loose Structure;Wide Risk;Low Liquidity",weekly_watchlist,20.6,23.1,350.56,-8.06,[14.9],[2],0.0,2.0,weak,658
SANSERA.NS,Sansera Engineering Limited,Auto Parts,Consumer Cyclical,Consumer Cyclical,False,Cash,1,Stage 2,Stage 2,Extended,0.78,"Weekly advancing structure remains intact, but price is stretched versus key moving averages.",,,2026-09-29,,Stage 2 - Extended,22.13,Very Strong,Volume Expanding,Volume Expanding (1.62x vs 10W Avg),49.16,Outperformed Nifty by 49.16% in 3 Months,True,49.16,109.91,1348363658.83,1.59,0.99,1.62,False,False,"Stage 2, Extended, trend_template_ok, flags=Loose Structure;Extended;Wide Risk;Low Liquidity",weekly_watchlist,20.6,23.1,4043.39,12.22,[18.78],[2],0.0,2.0,weak,659
WELENT.NS,Welspun Enterprises Limited,Engineering & Construction,Industrials,Industrials,False,Cash,1,Stage 2,Stage 2,Advancing,0.9,Price is above constructive weekly and long-term trend structure with improving relative strength.,,,2026-09-29,,Stage 2 - Advancing,24.8,Very Strong,Volume Drying Up,Volume Drying Up (0.52x vs 10W Avg),27.79,Outperformed Nifty by 27.79% in 3 Months,True,27.79,68.64,673244353.19,0.97,0.18,0.52,False,True,"Stage 2, Advancing, trend_template_ok, weekly_volume_dryup, flags=Loose Structure;Wide Risk;Low Liquidity",weekly_watchlist,23.0,23.0,826.44,-10.13,[12.25],[4],0.0,4.0,weak,660
POLYPLEX.NS,Polyplex Corporation Limited,Specialty Chemicals,Basic Materials,Basic Materials,False,Cash,1,Stage 2,Stage 2,Advancing,0.8,Price is above constructive weekly and long-term trend structure with improving relative strength.,,,2026-09-29,,Stage 2 - Advancing,18.98,Strong,Volume Drying Up,Volume Drying Up (0.36x vs 10W Avg),10.84,Outperformed Nifty by 10.84% in 3 Months,True,10.84,29.83,47292078.56,0.42,0.81,0.36,True,True,"Stage 2, Advancing, trend_template_ok, volume_dryup, weekly_volume_dryup, flags=Wide Risk;Low Liquidity",weekly_watchlist,20.27,22.77,1265.14,-16.61,[20.34],[5],0.0,5.0,weak,661
JUBLPHARMA.NS,Jubilant Pharmova Limited,Drug Manufacturers - Specialty & Generic,Healthcare,Healthcare,False,Cash,1,Stage 2,Stage 2,Advancing,0.8,Price is above constructive weekly and long-term trend structure with improving relative strength.,,,2026-09-29,,Stage 2 - Advancing,7.19,Very Strong,Volume Normal,Volume Normal (1.37x vs 10W Avg),12.13,Outperformed Nifty by 12.13% in 3 Months,False,12.13,19.76,326265062.73,0.96,1.33,1.37,False,False,"Stage 2, Advancing, flags=Wider Risk;Low Liquidity",weekly_watchlist,17.59,22.59,996.74,3.22,[18.21],[5],0.0,5.0,weak,662
ARVIND.NS,Arvind Limited,Textile Manufacturing,Consumer Cyclical,Consumer Cyclical,False,Cash,1,Stage 2,Stage 2,Advancing,0.8,Price is above constructive weekly and long-term trend structure with improving relative strength.,,,2026-09-29,,Stage 2 - Advancing,26.11,Strong,Volume Drying Up,Volume Drying Up (0.75x vs 10W Avg),6.37,Outperformed Nifty by 6.37% in 3 Months,True,6.37,43.79,349765463.06,0.77,0.92,0.75,True,True,"Stage 2, Advancing, trend_template_ok, volume_dryup, weekly_volume_dryup, flags=Wide Risk;Low Liquidity",weekly_watchlist,20.02,22.52,608.21,-11.23,[15.84],[4],0.0,4.0,weak,663
TMB.NS,Tamilnad Mercantile Bank Limited,Banks - Regional,Financial Services,Financial Services,False,Cash,1,Stage 2,Stage 2,Advancing,0.8,Price is above constructive weekly and long-term trend structure with improving relative strength.,,,2026-09-29,,Stage 2 - Advancing,28.33,Very Strong,Volume Drying Up,Volume Drying Up (0.39x vs 10W Avg),21.57,Outperformed Nifty by 21.57% in 3 Months,True,21.57,43.3,129292013.65,0.42,0.71,0.39,True,True,"Stage 2, Advancing, trend_template_ok, volume_dryup, weekly_volume_dryup, flags=Wider Risk;Low Liquidity",weekly_watchlist,21.49,22.49,955.87,-8.85,[20.94],[4],0.0,4.0,weak,664
CARBORUNIV.NS,Carborundum Universal Limited,Conglomerates,Industrials,Industrials,False,Cash,1,Stage 2,Stage 2,Advancing,0.9,Price is above constructive weekly and long-term trend structure with improving relative strength.,,,2026-09-29,,Stage 2 - Advancing,36.26,Very Strong,Volume Expanding,Volume Expanding (2.66x vs 10W Avg),16.5,Outperformed Nifty by 16.5% in 3 Months,True,16.5,45.38,752156499.73,2.91,0.99,2.66,False,False,"Stage 2, Advancing, trend_template_ok, flags=Wide Risk;Low Liquidity",weekly_watchlist,22.39,22.39,1209.11,3.59,[20.77],[5],0.0,5.0,weak,665
KPRMILL.NS,K.P.R. Mill Limited,Textile Manufacturing,Consumer Cyclical,Consumer Cyclical,False,Cash,1,Stage 2,Stage 2,Advancing,0.8,Price is above constructive weekly and long-term trend structure with improving relative strength.,,,2026-09-29,,Stage 2 - Advancing,41.99,Strong,Volume Drying Up,Volume Drying Up (0.49x vs 10W Avg),0.15,Outperformed Nifty by 0.15% in 3 Months,True,0.15,30.21,222717127.46,0.66,0.77,0.49,True,True,"Stage 2, Advancing, trend_template_ok, volume_dryup, weekly_volume_dryup, flags=Wide Risk",weekly_watchlist,19.84,22.34,1200.0,-8.06,[23.75],[4],0.0,4.0,weak,666
POONAWALLA.NS,Poonawalla Fincorp Limited,Credit Services,Financial Services,Financial Services,False,Cash,1,Failed Stage 2,Stage 3,Failed Stage 2,0.72,"This stock was recently Stage 2, but the latest structure no longer satisfies Stage 2 rules. It is kept as Failed Stage 2 until a fresh base/repair structure forms.",Recent Stage 2 break; public stage held as Failed Stage 2.,2026-09-30,2026-09-25,,Failed Stage 2,0.0,Neutral,Volume Drying Up,Volume Drying Up (0.84x vs 10W Avg),-0.02,Underperformed Nifty by 0.02% in 3 Months,False,-0.02,8.37,558803187.91,1.48,0.63,0.84,False,True,"Stage 3, Late, weekly_vcp_ok, weekly_volume_dryup, flags=Wide Risk;Low Liquidity, distribution_or_weakening_risk | Stage 2 failed state applied from stage memory.",weekly_watchlist,21.33,22.33,512.8,-13.45,"[24.85, 28.19, 20.98]","[4, 7, 5]",0.55,22.0,moderate,667
BAJAJ-AUTO.NS,Bajaj Auto Limited,Auto Manufacturers,Consumer Cyclical,Consumer Cyclical,True,F&O,1,Stage 2,Stage 2,Advancing,0.8,Price is above constructive weekly and long-term trend structure with improving relative strength.,,,2026-09-29,,Stage 2 - Advancing,16.66,Strong,Volume Drying Up,Volume Normal (0.92x vs 10W Avg),15.14,Outperformed Nifty by 15.14% in 3 Months,False,15.14,20.56,2222885208.1,0.84,1.47,0.92,True,False,"Stage 2, Advancing, volume_dryup, flags=Wide Risk;Low Liquidity",weekly_watchlist,19.77,22.27,12491.82,-12.95,[11.62],[5],0.0,5.0,weak,668
ASAHIINDIA.NS,Asahi India Glass Limited,Auto Parts,Consumer Cyclical,Consumer Cyclical,False,Cash,1,Stage 1,Stage 1,Stage 1,0.68,Price is building a base around long-term weekly structure without a confirmed advancing phase.,,,,,Stage 1,31.31,Very Strong,Volume Drying Up,Volume Normal (0.87x vs 10W Avg),16.98,Outperformed Nifty by 16.98% in 3 Months,False,16.98,18.0,135006579.58,0.71,0.6,0.87,True,True,"Stage 1, Stage 1, stage1_base_ready, daily_vcp_ok, volume_dryup, weekly_volume_dryup, flags=Low Liquidity",weekly_watchlist,19.7,22.2,996.74,-3.8,[12.64],[5],0.0,5.0,weak,669
SOLARINDS.NS,Solar Industries India Limited,Specialty Chemicals,Basic Materials,Basic Materials,True,F&O,1,Stage 2,Stage 2,Advancing,0.8,Price is above constructive weekly and long-term trend structure with improving relative strength.,,,2026-09-29,,Stage 2 - Advancing,30.91,Very Strong,Volume Normal,Volume Normal (1.03x vs 10W Avg),13.13,Outperformed Nifty by 13.13% in 3 Months,True,13.13,45.74,5439162310.25,1.22,1.41,1.03,False,False,"Stage 2, Advancing, trend_template_ok, flags=Wide Risk;Low Liquidity",weekly_watchlist,19.69,22.19,22739.72,-13.37,[10.82],[3],0.0,3.0,weak,670
CGPOWER.NS,CG Power and Industrial Solutions Limited,Electrical Equipment & Parts,Industrials,Industrials,True,F&O,1,Stage 2,Stage 2,Advancing,0.8,Price is above constructive weekly and long-term trend structure with improving relative strength.,,,2026-09-29,,Stage 2 - Advancing,33.06,Strong,Volume Drying Up,Volume Drying Up (0.61x vs 10W Avg),-0.86,Underperformed Nifty by 0.86% in 3 Months,True,-0.86,21.81,1993943730.67,0.73,1.03,0.61,True,True,"Stage 2, Advancing, trend_template_ok, daily_vcp_ok, volume_dryup, weekly_volume_dryup, flags=Wide Risk;Low Liquidity",weekly_watchlist,17.09,22.09,932.63,-8.41,[16.93],[4],0.0,4.0,weak,671
HDBFS.NS,HDB Financial Services Limited,Credit Services,Financial Services,Financial Services,False,Cash,1,Stage 3,Stage 3,Late,0.76,"Prior strength has shifted into a Stage 3 transition based on trend, relative strength, and volume evidence.",,,,,Stage 3 Late,0.0,Weak,Volume Drying Up,Volume Drying Up (0.56x vs 10W Avg),-9.73,Underperformed Nifty by 9.73% in 3 Months,False,-9.73,5.72,289391951.82,0.74,0.67,0.56,True,True,"Stage 3, Late, weekly_vcp_ok, volume_dryup, weekly_volume_dryup, flags=Wide Risk;Low Liquidity, distribution_or_weakening_risk",weekly_watchlist,20.5,21.5,787.93,-21.15,"[29.62, 15.3, 16.47]","[11, 8, 4]",0.55,30.0,moderate,672
HBLENGINE.NS,HBL Engineering Limited,Electrical Equipment & Parts,Industrials,Industrials,False,Cash,1,Stage 1,Stage 1,Stage 1,0.68,Price is building a base around long-term weekly structure without a confirmed advancing phase.,,,,,Stage 1,16.23,Very Strong,Volume Expanding,Volume Expanding (1.85x vs 10W Avg),5.33,Outperformed Nifty by 5.33% in 3 Months,False,5.33,15.6,2125440971.81,1.69,0.56,1.85,False,False,"Stage 1, Stage 1, flags=Wider Risk;Low Liquidity, stage1_not_actionable, stage1_needs_more_base",weekly_watchlist,16.29,21.29,773.08,2.77,[23.3],[10],0.0,10.0,weak,673
IONEXCHANG.NS,ION Exchange (India) Limited,Industrials,Industrials,Industrials,False,Cash,1,Stage 2,Stage 2,Advancing,0.9,Price is above constructive weekly and long-term trend structure with improving relative strength.,,,2026-09-29,,Stage 2 - Advancing,28.85,Strong,Volume Drying Up,Volume Drying Up (0.37x vs 10W Avg),7.86,Outperformed Nifty by 7.86% in 3 Months,True,7.86,16.76,273467314.1,0.47,0.47,0.37,True,True,"Stage 2, Advancing, trend_template_ok, volume_dryup, weekly_volume_dryup, flags=Wide Risk;Low Liquidity",weekly_watchlist,21.06,21.06,461.81,-10.97,[25.52],[7],0.0,7.0,weak,674
PURVA.NS,Puravankara Limited,Real Estate,Real Estate,Real Estate,False,Cash,1,Stage 4,Stage 4,Stage 4,0.86,Price is below the 30-week trend and below long-term support structure.,,,,,Stage 4,6.31,Neutral,Volume Drying Up,Volume Drying Up (0.12x vs 10W Avg),-0.14,Underperformed Nifty by 0.14% in 3 Months,False,-0.14,16.03,255646928.8,0.29,0.1,0.12,True,True,"Stage 4, Stage 4, weekly_vcp_ok, volume_dryup, weekly_volume_dryup, flags=Wide Weekly Base;Wide Risk;Low Liquidity, downtrend",weekly_watchlist,19.89,20.89,262.26,-21.32,"[43.22, 19.08, 21.12]","[7, 8, 3]",0.55,25.0,moderate,675
AARTIIND.NS,Aarti Industries Limited,Specialty Chemicals,Basic Materials,Basic Materials,False,Cash,1,Failed Stage 2,Stage 2,Failed Stage 2,0.7,Failed Stage 2 cooling period is still active; waiting for a fresh base or confirmed reclaim.,Failed Stage 2 hold period active.,,2026-09-28,,Failed Stage 2,19.31,Neutral,Volume Drying Up,Volume Drying Up (0.36x vs 10W Avg),4.37,Outperformed Nifty by 4.37% in 3 Months,True,4.37,17.14,245530369.95,0.42,1.09,0.36,True,True,"Stage 2, Advancing, trend_template_ok, volume_dryup, weekly_volume_dryup, flags=Wide Risk;Low Liquidity | Failed Stage 2 hold period active.",weekly_watchlist,18.35,20.85,551.62,-13.76,[18.94],[5],0.0,5.0,weak,676
RELIANCE.NS,Reliance Industries Limited,Oil & Gas Refining & Marketing,Energy,Energy,True,F&O,1,Stage 4,Stage 4,Stage 4,0.86,Price is below the 30-week trend and below long-term support structure.,,,,,Stage 4,6.62,Weak,Volume Normal,Volume Normal (1.50x vs 10W Avg),-3.36,Underperformed Nifty by 3.36% in 3 Months,False,-3.36,-9.89,14277231233.55,1.19,1.48,1.5,False,False,"Stage 4, Stage 4, weekly_vcp_ok, flags=Wider Risk;Low Liquidity, downtrend",weekly_watchlist,18.3,20.8,1469.19,-19.21,"[13.39, 14.55, 7.07]","[9, 5, 4]",0.55,24.0,moderate,677
ROSSARI.NS,Rossari Biotech Limited,Specialty Chemicals,Basic Materials,Basic Materials,False,Cash,1,Stage 4,Stage 4,Stage 4,0.86,Price is below the 30-week trend and below long-term support structure.,,,,,Stage 4,0.0,Weak,Volume Drying Up,Volume Drying Up (0.65x vs 10W Avg),-14.42,Underperformed Nifty by 14.42% in 3 Months,False,-14.42,-7.08,30766477.75,0.81,0.93,0.65,True,True,"Stage 4, Stage 4, weekly_vcp_ok, volume_dryup, weekly_volume_dryup, flags=Wide Weekly Base;Wide Risk;Low Liquidity, downtrend",weekly_watchlist,18.3,20.8,575.45,-27.37,"[38.0, 13.88, 15.22]","[9, 5, 4]",0.55,25.0,moderate,678
HONASA.NS,Honasa Consumer Limited,Household & Personal Products,Consumer Defensive,Consumer Defensive,False,Cash,1,Stage 2,Stage 2,Advancing,0.8,Price is above constructive weekly and long-term trend structure with improving relative strength.,,,2026-09-29,,Stage 2 - Advancing,36.32,Neutral,Volume Expanding,Volume Expanding (3.87x vs 10W Avg),0.8,Outperformed Nifty by 0.8% in 3 Months,True,0.8,41.11,816966877.55,1.64,1.06,3.87,False,False,"Stage 2, Advancing, trend_template_ok, flags=Wide Risk",weekly_watchlist,19.79,20.79,507.53,-15.01,[11.0],[3],0.0,3.0,weak,679
SANGHVIMOV.NS,Sanghvi Movers Limited,Industrials,Industrials,Industrials,False,Cash,1,Stage 2,Stage 2,Advancing,0.9,Price is above constructive weekly and long-term trend structure with improving relative strength.,,,2026-09-29,,Stage 2 - Advancing,36.06,Very Strong,Volume Drying Up,Volume Drying Up (0.63x vs 10W Avg),6.73,Outperformed Nifty by 6.73% in 3 Months,True,6.73,63.0,102025188.83,0.57,0.7,0.63,True,True,"Stage 2, Advancing, trend_template_ok, volume_dryup, weekly_volume_dryup, flags=Wide Risk;Low Liquidity",weekly_watchlist,20.77,20.77,526.79,-13.59,[16.82],[3],0.0,3.0,weak,680
GRANULES.NS,Granules India Limited,Drug Manufacturers - Specialty & Generic,Healthcare,Healthcare,False,Cash,1,Stage 2,Stage 2,Advancing,0.8,Price is above constructive weekly and long-term trend structure with improving relative strength.,,,2026-09-29,,Stage 2 - Advancing,23.9,Strong,Volume Drying Up,Volume Drying Up (0.65x vs 10W Avg),6.11,Outperformed Nifty by 6.11% in 3 Months,True,6.11,31.5,1309913535.46,0.73,0.7,0.65,True,True,"Stage 2, Advancing, trend_template_ok, daily_vcp_ok, volume_dryup, weekly_volume_dryup, flags=Wider Risk;Low Liquidity",weekly_watchlist,15.76,20.76,925.27,-8.51,[10.34],[3],0.0,3.0,weak,681
WSTCSTPAPR.NS,West Coast Paper Mills Limited,Basic Materials,Basic Materials,Basic Materials,False,Cash,1,Stage 2,Stage 2,Extended,0.78,"Weekly advancing structure remains intact, but price is stretched versus key moving averages.",,,2026-09-29,,Stage 2 - Extended,32.44,Very Strong,Volume Drying Up,Volume Drying Up (0.57x vs 10W Avg),48.2,Outperformed Nifty by 48.2% in 3 Months,True,48.2,64.94,197795218.35,0.73,1.01,0.57,True,True,"Stage 2, Extended, trend_template_ok, volume_dryup, weekly_volume_dryup, flags=Loose Structure;Extended;Wide Risk;Low Liquidity",weekly_watchlist,20.6,20.6,656.15,12.26,[16.27],[2],0.0,2.0,weak,682
SHAREINDIA.NS,Share India Securities Limited,Capital Markets,Financial Services,Financial Services,False,Cash,1,Stage 2,Stage 2,Advancing,0.9,Price is above constructive weekly and long-term trend structure with improving relative strength.,,,2026-09-29,,Stage 2 - Advancing,29.3,Very Strong,Volume Drying Up,Volume Drying Up (0.30x vs 10W Avg),56.84,Outperformed Nifty by 56.84% in 3 Months,True,56.84,54.41,1805627851.13,1.73,0.12,0.3,False,True,"Stage 2, Advancing, trend_template_ok, weekly_volume_dryup, flags=Loose Structure;Wide Risk;Low Liquidity",weekly_watchlist,20.6,20.6,233.76,-12.3,[16.16],[2],0.0,2.0,weak,683
AIIL.NS,Authum Investment & Infrastructure Limited,Capital Markets,Financial Services,Financial Services,False,Cash,1,Stage 2,Stage 2,Advancing,0.8,Price is above constructive weekly and long-term trend structure with improving relative strength.,,,2026-09-29,,Stage 2 - Advancing,37.23,Very Strong,Volume Drying Up,Volume Drying Up (0.34x vs 10W Avg),11.46,Outperformed Nifty by 11.46% in 3 Months,True,11.46,31.3,258718532.22,0.45,0.29,0.34,True,True,"Stage 2, Advancing, trend_template_ok, volume_dryup, weekly_volume_dryup, flags=Wide Risk;Low Liquidity",weekly_watchlist,20.48,20.48,608.76,-10.21,[17.23],[5],0.0,5.0,weak,684
VISHNU.NS,Vishnu Chemicals Limited,Specialty Chemicals,Basic Materials,Basic Materials,False,Cash,1,Stage 2,Stage 2,Advancing,0.9,Price is above constructive weekly and long-term trend structure with improving relative strength.,,,2026-09-29,,Stage 2 - Advancing,27.91,Very Strong,Volume Drying Up,Volume Drying Up (0.56x vs 10W Avg),13.99,Outperformed Nifty by 13.99% in 3 Months,True,13.99,27.51,104463239.74,0.59,0.72,0.56,True,True,"Stage 2, Advancing, trend_template_ok, volume_dryup, weekly_volume_dryup, flags=Wider Risk;Low Liquidity",weekly_watchlist,17.95,20.45,745.3,-10.84,[13.39],[3],0.0,3.0,weak,685
MINDACORP.NS,Minda Corporation Limited,Auto Parts,Consumer Cyclical,Consumer Cyclical,False,Cash,1,Stage 2,Stage 2,Advancing,0.8,Price is above constructive weekly and long-term trend structure with improving relative strength.,,,2026-09-29,,Stage 2 - Advancing,29.0,Very Strong,Volume Drying Up,Volume Drying Up (0.49x vs 10W Avg),6.31,Outperformed Nifty by 6.31% in 3 Months,True,6.31,34.93,107303756.48,0.4,1.09,0.49,True,True,"Stage 2, Advancing, trend_template_ok, volume_dryup, weekly_volume_dryup, flags=Wider Risk;Low Liquidity",weekly_watchlist,17.92,20.42,770.35,-10.06,[8.92],[3],0.0,3.0,weak,686
ABDL.NS,Allied Blenders and Distillers Limited,Consumer Defensive,Consumer Defensive,Consumer Defensive,False,Cash,1,Stage 2,Stage 2,Extended,0.78,"Weekly advancing structure remains intact, but price is stretched versus key moving averages.",,,2026-09-29,,Stage 2 - Extended,39.28,Very Strong,Volume Expanding,Volume Expanding (4.40x vs 10W Avg),9.11,Outperformed Nifty by 9.11% in 3 Months,True,9.11,68.33,750287069.9,2.76,0.38,4.4,False,False,"Stage 2, Extended, trend_template_ok, flags=Extended;Wide Risk;Low Liquidity",weekly_watchlist,20.34,20.34,643.9,11.65,[18.5],[2],0.0,2.0,weak,687
TORNTPHARM.NS,Torrent Pharmaceuticals Limited,Drug Manufacturers - Specialty & Generic,Healthcare,Healthcare,True,F&O,1,Stage 2,Stage 2,Advancing,0.8,Price is above constructive weekly and long-term trend structure with improving relative strength.,,,2026-09-29,,Stage 2 - Advancing,33.97,Strong,Volume Normal,Volume Normal (1.08x vs 10W Avg),6.33,Outperformed Nifty by 6.33% in 3 Months,True,6.33,17.42,1660309931.53,0.99,1.25,1.08,False,False,"Stage 2, Advancing, trend_template_ok, flags=Wider Risk;Low Liquidity",weekly_watchlist,14.98,19.98,5259.19,-8.73,[8.3],[2],0.0,2.0,weak,688
WABAG.NS,VA Tech Wabag Limited,Engineering & Construction,Industrials,Industrials,False,Cash,1,Stage 2,Stage 2,Advancing,0.9,Price is above constructive weekly and long-term trend structure with improving relative strength.,Stage 2 reclaimed after 3 confirmation runs.,,2026-09-29,,Stage 2 - Advancing,24.62,Strong,Volume Drying Up,Volume Drying Up (0.70x vs 10W Avg),7.34,Outperformed Nifty by 7.34% in 3 Months,True,7.34,62.59,1416049252.31,0.67,0.55,0.7,True,True,"Stage 2, Advancing, trend_template_ok, volume_dryup, weekly_volume_dryup, flags=Wide Risk;Low Liquidity",weekly_watchlist,19.59,19.59,2323.06,-11.26,[17.44],[2],0.0,2.0,weak,689
HCG.NS,Healthcare Global Enterprises Limited,Medical Care Facilities,Healthcare,Healthcare,False,Cash,1,Stage 2,Stage 2,Advancing,0.8,Price is above constructive weekly and long-term trend structure with improving relative strength.,,,2026-09-29,,Stage 2 - Advancing,11.63,Strong,Volume Drying Up,Volume Drying Up (0.59x vs 10W Avg),8.86,Outperformed Nifty by 8.86% in 3 Months,False,8.86,23.72,91863477.98,0.86,1.51,0.59,False,True,"Stage 2, Advancing, weekly_volume_dryup, flags=Wide Risk;Low Liquidity",weekly_watchlist,19.46,19.46,776.36,-14.21,[11.05],[5],0.0,5.0,weak,690
STYLAMIND.NS,Stylam Industries Limited,"Furnishings, Fixtures & Appliances",Consumer Cyclical,Consumer Cyclical,False,Cash,1,Stage 2,Stage 2,Advancing,0.8,Price is above constructive weekly and long-term trend structure with improving relative strength.,,,2026-09-29,,Stage 2 - Advancing,26.17,Strong,Volume Drying Up,Volume Drying Up (0.56x vs 10W Avg),8.22,Outperformed Nifty by 8.22% in 3 Months,True,8.22,47.89,141291088.56,1.0,0.33,0.56,False,True,"Stage 2, Advancing, trend_template_ok, weekly_volume_dryup, flags=Wider Risk;Low Liquidity",weekly_watchlist,19.41,19.41,3770.49,-12.25,[11.12],[3],0.0,3.0,weak,691
SKFINDIA.NS,SKF India Limited,Tools & Accessories,Industrials,Industrials,False,Cash,1,Stage 4,Stage 4,Stage 4,0.86,Price is below the 30-week trend and below long-term support structure.,,,,,Stage 4,8.87,Neutral,Volume Drying Up,Volume Drying Up (0.73x vs 10W Avg),0.81,Outperformed Nifty by 0.81% in 3 Months,False,0.81,-0.4,84979946.84,0.95,0.55,0.73,False,True,"Stage 4, Stage 4, weekly_vcp_ok, weekly_volume_dryup, flags=Wide Risk;Low Liquidity, downtrend",weekly_watchlist,18.34,19.34,1734.74,-12.96,"[26.65, 13.21, 14.51]","[5, 5, 3]",0.55,21.0,moderate,692
AXISBANK.NS,Axis Bank Limited,Banks - Regional,Financial Services,Financial Services,True,F&O,1,Stage 4,Stage 4,Stage 4,0.66,Price is below weekly structure.,,,2026-07-17,,Stage 4,12.8,Neutral,Volume Normal,Volume Normal (1.24x vs 10W Avg),-1.61,Underperformed Nifty by 1.61% in 3 Months,False,-1.61,-3.15,5790687131.16,1.05,1.35,1.24,False,False,"Stage 4, Stage 4, weekly_vcp_ok, flags=Low Liquidity, downtrend",weekly_watchlist,18.3,19.3,1399.02,-12.37,"[18.9, 12.14, 13.61]","[8, 4, 7]",0.55,27.0,moderate,693
REDTAPE.NS,Redtape Limited,Consumer Cyclical,Consumer Cyclical,Consumer Cyclical,False,Cash,1,Stage 4,Stage 4,Stage 4,0.66,Price is below weekly structure.,,,2026-08-07,,Stage 4,5.53,Weak,Volume Drying Up,Volume Drying Up (0.55x vs 10W Avg),-6.42,Underperformed Nifty by 6.42% in 3 Months,False,-6.42,3.41,265293360.78,0.52,0.13,0.55,True,True,"Stage 4, Stage 4, weekly_vcp_ok, volume_dryup, weekly_volume_dryup, flags=Wide Risk;Low Liquidity, downtrend",weekly_watchlist,18.3,19.3,156.89,-25.04,"[20.23, 22.02, 20.16]","[2, 7, 9]",0.55,34.0,moderate,694
SIGNATURE.NS,Signatureglobal (India) Limited,Real Estate,Real Estate,Real Estate,False,Cash,1,Stage 4,Stage 4,Stage 4,0.86,Price is below the 30-week trend and below long-term support structure.,,,,,Stage 4,1.9,Weak,Volume Expanding,Volume Expanding (2.72x vs 10W Avg),2.77,Outperformed Nifty by 2.77% in 3 Months,False,2.77,-4.28,262712898.74,1.77,1.13,2.72,False,False,"Stage 4, Stage 4, weekly_vcp_ok, flags=Wide Weekly Base;Wide Risk, downtrend",weekly_watchlist,18.3,19.3,929.62,-21.78,"[32.82, 36.53, 21.34]","[5, 6, 7]",0.55,27.0,moderate,695
MAHABANK.NS,Bank of Maharashtra,Banks - Regional,Financial Services,Financial Services,False,Cash,1,Failed Stage 2,Stage 2,Failed Stage 2,0.7,Failed Stage 2 cooling period is still active; waiting for a fresh base or confirmed reclaim.,Failed Stage 2 hold period active.,,2026-09-28,,Failed Stage 2,31.18,Neutral,Volume Normal,Volume Normal (1.18x vs 10W Avg),-1.45,Underperformed Nifty by 1.45% in 3 Months,True,-1.45,19.81,1277143339.72,1.01,1.25,1.18,False,False,"Stage 2, Advancing, trend_template_ok, flags=Wider Risk;Low Liquidity | Failed Stage 2 hold period active.",weekly_watchlist,18.04,19.04,87.65,-9.45,[18.31],[5],0.0,5.0,weak,696
LGBBROSLTD.NS,LG Balakrishnan & Bros Limited,Auto Parts,Consumer Cyclical,Consumer Cyclical,False,Cash,1,Not Sure,Not Sure,Not Sure,0.0,Stage rules did not identify a reliable structure.,No confident stage classification.,,,,Not Sure - Unclear,20.31,Very Strong,Volume Normal,Volume Normal (0.87x vs 10W Avg),17.64,Outperformed Nifty by 17.64% in 3 Months,False,17.64,2.89,41678126.85,0.85,0.35,0.87,False,True,"Not Sure, Unclear, weekly_volume_dryup, flags=Wider Risk;Low Liquidity",weekly_watchlist,16.52,19.02,2023.43,-14.5,"[17.97, 20.34, 21.68, 7.68]","[9, 7, 6, 5]",0.47,36.0,weak,697
UJJIVANSFB.NS,Ujjivan Small Finance Bank Limited,Banks - Regional,Financial Services,Financial Services,False,Cash,1,Stage 2,Stage 2,Advancing,0.8,Price is above constructive weekly and long-term trend structure with improving relative strength.,,,2026-09-29,,Stage 2 - Advancing,37.19,Very Strong,Volume Drying Up,Volume Normal (1.16x vs 10W Avg),19.71,Outperformed Nifty by 19.71% in 3 Months,True,19.71,18.32,767387789.5,0.71,2.21,1.16,True,False,"Stage 2, Advancing, trend_template_ok, volume_dryup, flags=Low Liquidity",weekly_watchlist,17.6,18.6,74.07,-8.87,[20.56],[3],0.0,3.0,weak,698
OBEROIRLTY.NS,Oberoi Realty Limited,Real Estate,Real Estate,Real Estate,True,F&O,1,Stage 2,Stage 2,Advancing,0.8,Price is above constructive weekly and long-term trend structure with improving relative strength.,,,2026-09-29,,Stage 2 - Advancing,12.86,Neutral,Volume Normal,Volume Normal (1.14x vs 10W Avg),-2.71,Underperformed Nifty by 2.71% in 3 Months,False,-2.71,15.15,867313925.65,1.24,1.31,1.14,False,False,"Stage 2, Advancing, flags=Wide Risk;Low Liquidity",weekly_watchlist,17.44,18.44,1960.7,-9.95,[11.09],[5],0.0,5.0,weak,699
ELECON.NS,Elecon Engineering Company Limited,Specialty Industrial Machinery,Industrials,Industrials,False,Cash,1,Stage 1,Stage 1,Stage 1,0.64,Price is building a base around long-term weekly structure without a confirmed advancing phase.,,,2026-07-14,,Stage 1,8.99,Neutral,Volume Expanding,Volume Expanding (1.98x vs 10W Avg),-6.24,Underperformed Nifty by 6.24% in 3 Months,False,-6.24,15.96,1215918245.39,3.3,0.44,1.98,False,False,"Stage 1, Stage 1, stage1_base_ready, flags=Wide Risk;Low Liquidity, stage1_not_actionable",weekly_watchlist,13.37,18.37,460.1,0.37,[28.32],[6],0.0,6.0,weak,700
VMART.NS,V-Mart Retail Limited,Consumer Cyclical,Consumer Cyclical,Consumer Cyclical,False,Cash,1,Stage 2,Stage 2,Advancing,0.8,Price is above constructive weekly and long-term trend structure with improving relative strength.,,,2026-09-29,,Stage 2 - Advancing,22.08,Neutral,Volume Drying Up,Volume Normal (0.87x vs 10W Avg),1.22,Outperformed Nifty by 1.22% in 3 Months,True,1.22,21.93,62607007.54,0.74,1.7,0.87,True,True,"Stage 2, Advancing, trend_template_ok, volume_dryup, weekly_volume_dryup, flags=Wide Risk;Low Liquidity",weekly_watchlist,17.31,18.31,870.42,-13.41,[17.09],[4],0.0,4.0,weak,701
BAJAJHFL.NS,Bajaj Housing Finance Limited,Mortgage Finance,Financial Services,Financial Services,False,Cash,1,Stage 4,Stage 4,Stage 4,0.86,Price is below the 30-week trend and below long-term support structure.,,,,,Stage 4,7.9,Neutral,Volume Normal,Volume Normal (1.24x vs 10W Avg),-2.19,Underperformed Nifty by 2.19% in 3 Months,False,-2.19,0.54,247749975.01,1.04,1.51,1.24,False,False,"Stage 4, Stage 4, weekly_vcp_ok, flags=Wide Risk;Low Liquidity, downtrend",weekly_watchlist,18.3,18.3,94.0,-12.77,"[23.34, 12.04, 13.07]","[8, 3, 9]",0.55,30.0,moderate,702
JSLL.NS,Jeena Sikho Lifecare Limited,Medical Care Facilities,Healthcare,Healthcare,False,Cash,1,Stage 4,Stage 4,Stage 4,0.86,Price is below the 30-week trend and below long-term support structure.,,,,,Stage 4,2.35,Weak,Volume Drying Up,Volume Normal (0.90x vs 10W Avg),-3.27,Underperformed Nifty by 3.27% in 3 Months,False,-3.27,-19.78,235015409.33,0.76,1.28,0.9,True,False,"Stage 4, Stage 4, weekly_vcp_ok, volume_dryup, flags=Wide Weekly Base;Wide Risk;Low Liquidity, downtrend",weekly_watchlist,18.3,18.3,778.89,-35.7,"[33.94, 37.28, 19.27]","[7, 3, 2]",0.55,27.0,moderate,703
RAYMONDLSL.NS,Raymond Lifestyle Limited,Apparel Manufacturing,Consumer Cyclical,Consumer Cyclical,False,Cash,1,Stage 4,Stage 4,Stage 4,0.86,Price is below the 30-week trend and below long-term support structure.,,,,,Stage 4,0.7,Weak,Volume Normal,Volume Normal (1.26x vs 10W Avg),-10.28,Underperformed Nifty by 10.28% in 3 Months,False,-10.28,-19.61,257800718.14,1.07,0.63,1.26,False,False,"Stage 4, Stage 4, weekly_vcp_ok, flags=Wide Risk;Low Liquidity, downtrend",weekly_watchlist,18.3,18.3,843.34,-23.87,"[33.74, 17.11, 18.3]","[9, 3, 4]",0.55,31.0,moderate,704
TITAGARH.NS,TITAGARH RAIL SYSTEMS LIMITED,Industrials,Industrials,Industrials,False,Cash,1,Stage 2,Stage 2,Advancing,0.8,Price is above constructive weekly and long-term trend structure with improving relative strength.,,,2026-09-29,,Stage 2 - Advancing,23.0,Strong,Volume Normal,Volume Normal (1.00x vs 10W Avg),1.14,Outperformed Nifty by 1.14% in 3 Months,True,1.14,16.52,572782844.73,0.93,1.68,1.0,False,False,"Stage 2, Advancing, trend_template_ok, flags=Wider Risk;Low Liquidity",weekly_watchlist,17.97,17.97,905.3,-9.63,[18.43],[5],0.0,5.0,weak,705
COALINDIA.NS,Coal India Limited,Energy,Energy,Energy,True,F&O,1,Stage 1,Stage 1,Stage 1,0.64,Price is building a base around long-term weekly structure without a confirmed advancing phase.,,,,,Stage 1,18.08,Strong,Volume Drying Up,Volume Drying Up (0.68x vs 10W Avg),7.67,Outperformed Nifty by 7.67% in 3 Months,False,7.67,-7.1,3315527821.26,0.8,0.79,0.68,True,True,"Stage 1, Stage 1, volume_dryup, weekly_volume_dryup, flags=Wider Risk;Low Liquidity, stage1_not_actionable, stage1_needs_more_base",weekly_watchlist,15.46,17.96,437.06,-2.76,[17.21],[11],0.0,11.0,weak,706
CHOLAHLDNG.NS,Cholamandalam Financial Holdings Limited,Credit Services,Financial Services,Financial Services,False,Cash,1,Stage 4,Stage 4,Stage 4,0.86,Price is below the 30-week trend and below long-term support structure.,,,,,Stage 4,0.0,Weak,Volume Expanding,Volume Expanding (1.88x vs 10W Avg),-10.86,Underperformed Nifty by 10.86% in 3 Months,False,-10.86,-1.96,255964307.22,1.49,1.74,1.88,False,False,"Stage 4, Stage 4, weekly_vcp_ok, flags=Wide Risk;Low Liquidity, downtrend",weekly_watchlist,16.5,17.5,1811.64,-23.48,"[33.59, 16.58, 18.6]","[11, 9, 6]",0.55,31.0,moderate,707
TATATECH.NS,Tata Technologies Limited,Information Technology Services,Technology,Technology,False,Cash,1,Failed Stage 2,Stage 2,Failed Stage 2,0.7,Failed Stage 2 cooling period is still active; waiting for a fresh base or confirmed reclaim.,Failed Stage 2 hold period active.,,2026-09-28,,Failed Stage 2,17.61,Strong,Volume Drying Up,Volume Drying Up (0.54x vs 10W Avg),6.23,Outperformed Nifty by 6.23% in 3 Months,True,6.23,29.66,640630132.28,0.61,0.92,0.54,True,True,"Stage 2, Advancing, trend_template_ok, volume_dryup, weekly_volume_dryup, flags=Wide Risk;Low Liquidity | Failed Stage 2 hold period active.",weekly_watchlist,17.39,17.39,892.56,-20.73,[14.33],[3],0.0,3.0,weak,708
BELRISE.NS,Belrise Industries Limited,Auto Parts,Consumer Cyclical,Consumer Cyclical,False,Cash,1,Stage 2,Stage 2,Advancing,0.9,Price is above constructive weekly and long-term trend structure with improving relative strength.,,,2026-09-29,,Stage 2 - Advancing,23.69,Very Strong,Volume Drying Up,Volume Drying Up (0.65x vs 10W Avg),15.19,Outperformed Nifty by 15.19% in 3 Months,True,15.19,25.45,710893375.97,0.93,0.33,0.65,False,True,"Stage 2, Advancing, trend_template_ok, weekly_volume_dryup, flags=Wide Risk;Low Liquidity",weekly_watchlist,14.86,17.36,268.02,-10.32,[12.77],[2],0.0,2.0,weak,709
NYKAA.NS,FSN E-Commerce Ventures Limited,Consumer Cyclical,Consumer Cyclical,Consumer Cyclical,True,F&O,1,Stage 2,Stage 2,Advancing,0.8,Price is above constructive weekly and long-term trend structure with improving relative strength.,,,2026-09-29,,Stage 2 - Advancing,25.34,Strong,Volume Drying Up,Volume Drying Up (0.76x vs 10W Avg),8.87,Outperformed Nifty by 8.87% in 3 Months,True,8.87,27.77,1175818684.79,0.75,0.99,0.76,True,True,"Stage 2, Advancing, trend_template_ok, volume_dryup, weekly_volume_dryup, flags=Wider Risk;Low Liquidity",weekly_watchlist,16.26,17.26,349.55,-8.45,[7.96],[2],0.0,2.0,weak,710
GRINDWELL.NS,Grindwell Norton Limited,Building Products & Equipment,Industrials,Industrials,False,Cash,1,Stage 2,Stage 2,Advancing,0.8,Price is above constructive weekly and long-term trend structure with improving relative strength.,Stage 2 reclaimed after 3 confirmation runs.,,2026-09-29,,Stage 2 - Advancing,33.22,Strong,Volume Drying Up,Volume Drying Up (0.81x vs 10W Avg),3.44,Outperformed Nifty by 3.44% in 3 Months,True,3.44,38.64,50885826.32,1.09,2.5,0.81,False,True,"Stage 2, Advancing, trend_template_ok, weekly_volume_dryup, flags=Wider Risk;Low Liquidity",weekly_watchlist,16.81,16.81,2197.84,-9.27,[20.53],[2],0.0,2.0,weak,711
SUPREMEIND.NS,Supreme Industries Limited,Building Products & Equipment,Industrials,Industrials,True,F&O,1,Stage 1,Stage 1,Stage 1,0.64,Price is building a base around long-term weekly structure without a confirmed advancing phase.,,,,,Stage 1,7.62,Strong,Volume Drying Up,Volume Drying Up (0.71x vs 10W Avg),13.51,Outperformed Nifty by 13.51% in 3 Months,False,13.51,-9.17,530997747.07,0.88,0.78,0.71,False,True,"Stage 1, Stage 1, weekly_volume_dryup, flags=Wider Risk;Low Liquidity, stage1_not_actionable, stage1_needs_more_base",weekly_watchlist,16.63,16.63,3710.0,-6.98,[13.49],[26],0.0,26.0,weak,712
ZYDUSWELL.NS,Zydus Wellness Limited,Packaged Foods,Consumer Defensive,Consumer Defensive,False,Cash,1,Failed Stage 2,Stage 2,Failed Stage 2,0.7,Failed Stage 2 cooling period is still active; waiting for a fresh base or confirmed reclaim.,Failed Stage 2 hold period active.,,2026-09-22,,Failed Stage 2,26.68,Neutral,Volume Drying Up,Volume Drying Up (0.38x vs 10W Avg),-5.03,Underperformed Nifty by 5.03% in 3 Months,True,-5.03,2.17,319873109.37,0.51,0.54,0.38,True,True,"Stage 2, Advancing, trend_template_ok, volume_dryup, weekly_volume_dryup, flags=Wide Risk;Low Liquidity | Failed Stage 2 hold period active.",weekly_watchlist,16.2,16.2,582.02,-11.89,[19.92],[5],0.0,5.0,weak,713
TATASTEEL.NS,Tata Steel Limited,Steel,Basic Materials,Basic Materials,True,F&O,1,Stage 1,Stage 1,Stage 1,0.64,Price is building a base around long-term weekly structure without a confirmed advancing phase.,,,,,Stage 1,10.1,Neutral,Volume Normal,Volume Normal (0.87x vs 10W Avg),3.36,Outperformed Nifty by 3.36% in 3 Months,False,3.36,-6.36,4656942593.51,0.93,1.2,0.87,False,True,"Stage 1, Stage 1, weekly_volume_dryup, flags=Wider Risk;Low Liquidity, stage1_not_actionable, stage1_needs_more_base",weekly_watchlist,10.4,15.4,220.25,-16.32,"[16.26, 18.13]","[3, 13]",0.1,24.0,weak,714
GAEL.NS,Gujarat Ambuja Exports Limited,Packaged Foods,Consumer Defensive,Consumer Defensive,False,Cash,1,Stage 2,Stage 2,Advancing,0.8,Price is above constructive weekly and long-term trend structure with improving relative strength.,,,2026-09-29,,Stage 2 - Advancing,23.82,Strong,Volume Drying Up,Volume Drying Up (0.31x vs 10W Avg),5.32,Outperformed Nifty by 5.32% in 3 Months,True,5.32,10.33,93772345.31,0.37,0.32,0.31,True,True,"Stage 2, Advancing, trend_template_ok, volume_dryup, weekly_volume_dryup, flags=Wider Risk;Low Liquidity",weekly_watchlist,15.37,15.37,184.66,-13.24,[17.89],[3],0.0,3.0,weak,715
PDSL.NS,PDS Limited,Industrials,Industrials,Industrials,False,Cash,1,Stage 2,Stage 2,Advancing,0.8,Price is above constructive weekly and long-term trend structure with improving relative strength.,,,2026-09-29,,Stage 2 - Advancing,22.45,Very Strong,Volume Normal,Volume Normal (1.34x vs 10W Avg),3.33,Outperformed Nifty by 3.33% in 3 Months,False,3.33,22.83,47943462.79,1.03,0.47,1.34,False,False,"Stage 2, Advancing, flags=Wider Risk;Low Liquidity",weekly_watchlist,15.22,15.22,389.68,-9.59,[18.3],[2],0.0,2.0,weak,716
INDIGO.NS,InterGlobe Aviation Limited,Industrials,Industrials,Industrials,True,F&O,1,Failed Stage 2,Stage 2,Failed Stage 2,0.7,Failed Stage 2 cooling period is still active; waiting for a fresh base or confirmed reclaim.,Failed Stage 2 hold period active.,,2026-09-14,,Failed Stage 2,13.71,Neutral,Volume Drying Up,Volume Drying Up (0.75x vs 10W Avg),-1.05,Underperformed Nifty by 1.05% in 3 Months,False,-1.05,14.28,2776544729.45,0.89,1.08,0.75,False,True,"Stage 2, Advancing, weekly_volume_dryup, flags=Low Liquidity | Failed Stage 2 hold period active.",weekly_watchlist,15.12,15.12,5517.64,-9.67,[10.78],[3],0.0,3.0,weak,717
PARAGMILK.NS,Parag Milk Foods Limited,Packaged Foods,Consumer Defensive,Consumer Defensive,False,Cash,1,Stage 1,Stage 1,Stage 1,0.68,Price is building a base around long-term weekly structure without a confirmed advancing phase.,,,,,Stage 1,14.77,Very Strong,Volume Normal,Volume Normal (1.49x vs 10W Avg),23.52,Outperformed Nifty by 23.52% in 3 Months,False,23.52,40.89,540443442.13,1.6,0.44,1.49,False,False,"Stage 1, Stage 1, flags=Loose Structure;Wide Risk;Low Liquidity, stage1_not_actionable, stage1_needs_more_base",weekly_watchlist,13.84,13.84,241.44,12.51,[16.87],[11],0.0,11.0,weak,718
SUPRAJIT.NS,Suprajit Engineering Limited,Auto Parts,Consumer Cyclical,Consumer Cyclical,False,Cash,1,Failed Stage 2,Stage 1,Failed Stage 2,0.72,"This stock was recently Stage 2, but the latest structure no longer satisfies Stage 2 rules. It is kept as Failed Stage 2 until a fresh base/repair structure forms.",Recent Stage 2 break; public stage held as Failed Stage 2.,2026-09-30,2026-09-18,,Failed Stage 2,10.55,Strong,Volume Drying Up,Volume Drying Up (0.51x vs 10W Avg),7.25,Outperformed Nifty by 7.25% in 3 Months,False,7.25,16.1,44659991.01,0.6,0.53,0.51,True,True,"Stage 1, Stage 1, volume_dryup, weekly_volume_dryup, flags=Wider Risk;Low Liquidity, stage1_not_actionable, stage1_needs_more_base | Stage 2 failed state applied from stage memory.",weekly_watchlist,10.53,13.03,558.0,-13.76,[7.92],[15],0.0,15.0,weak,719
SARDAEN.NS,Sarda Energy & Minerals Limited,Steel,Basic Materials,Basic Materials,False,Cash,1,Stage 1,Stage 1,Stage 1,0.64,Price is building a base around long-term weekly structure without a confirmed advancing phase.,,,,,Stage 1,21.52,Neutral,Volume Drying Up,Volume Drying Up (0.33x vs 10W Avg),5.07,Outperformed Nifty by 5.07% in 3 Months,False,5.07,-6.2,326475371.95,0.36,0.42,0.33,True,True,"Stage 1, Stage 1, volume_dryup, weekly_volume_dryup, flags=Wider Risk, stage1_not_actionable, stage1_needs_more_base",weekly_watchlist,8.0,13.0,555.97,-10.55,[21.63],[10],0.0,10.0,weak,720
TIMKEN.NS,Timken India Limited,Tools & Accessories,Industrials,Industrials,False,Cash,1,Not Sure,Stage 1,Pending Stage 1,0.55,Blocked public stage jump Stage 4 -> Stage 1; waiting for intermediate/confirmed structure.,Blocked public stage jump Stage 4 -> Stage 1; waiting for intermediate/confirmed structure.,,,Stage 1,Not Sure - Unclear,10.17,Weak,Volume Expanding,Volume Normal (1.06x vs 10W Avg),0.58,Outperformed Nifty by 0.58% in 3 Months,False,0.58,-5.56,125151624.02,1.21,1.97,1.06,False,False,"Stage 1, Stage 1, flags=Wider Risk;Low Liquidity, stage1_not_actionable, stage1_needs_more_base | Blocked public stage jump Stage 4 -> Stage 1; waiting for intermediate/confirmed structure.",weekly_watchlist,11.8,12.8,3396.33,-7.67,[19.6],[8],0.0,8.0,weak,721
ABB.NS,ABB India Limited,Specialty Industrial Machinery,Industrials,Industrials,True,F&O,1,Failed Stage 2,Stage 1,Failed Stage 2,0.72,"This stock was recently Stage 2, but the latest structure no longer satisfies Stage 2 rules. It is kept as Failed Stage 2 until a fresh base/repair structure forms.",Recent Stage 2 break; public stage held as Failed Stage 2.,2026-09-30,2026-09-28,,Failed Stage 2,5.69,Neutral,Volume Drying Up,Volume Drying Up (0.76x vs 10W Avg),3.73,Outperformed Nifty by 3.73% in 3 Months,False,3.73,8.51,1218199531.55,0.84,1.35,0.76,True,True,"Stage 1, Stage 1, volume_dryup, weekly_volume_dryup, flags=Wide Risk;Low Liquidity, stage1_not_actionable, stage1_needs_more_base | Stage 2 failed state applied from stage memory.",weekly_watchlist,6.22,11.22,7842.35,-13.6,[5.45],[9],0.0,9.0,weak,722
NSLNISP.NS,NMDC Steel Limited,Steel,Basic Materials,Basic Materials,False,Cash,1,Failed Stage 2,Stage 1,Failed Stage 2,0.72,"This stock was recently Stage 2, but the latest structure no longer satisfies Stage 2 rules. It is kept as Failed Stage 2 until a fresh base/repair structure forms.",Recent Stage 2 break; public stage held as Failed Stage 2.,2026-09-30,2026-09-23,,Failed Stage 2,0.0,Weak,Volume Drying Up,Volume Drying Up (0.65x vs 10W Avg),0.73,Outperformed Nifty by 0.73% in 3 Months,False,0.73,3.53,187105553.53,0.63,0.46,0.65,True,True,"Stage 1, Stage 1, volume_dryup, weekly_volume_dryup, flags=Wide Risk;Low Liquidity, stage1_not_actionable, stage1_needs_more_base | Stage 2 failed state applied from stage memory.",weekly_watchlist,6.03,11.03,49.49,-16.5,[26.88],[11],0.0,11.0,weak,723
GUJALKALI.NS,Gujarat Alkalies and Chemicals Limited,Chemicals,Basic Materials,Basic Materials,False,Cash,1,Failed Stage 2,Stage 1,Failed Stage 2,0.72,"This stock was recently Stage 2, but the latest structure no longer satisfies Stage 2 rules. It is kept as Failed Stage 2 until a fresh base/repair structure forms.",Recent Stage 2 break; public stage held as Failed Stage 2.,2026-09-30,2026-09-18,,Failed Stage 2,9.97,Strong,Volume Drying Up,Volume Drying Up (0.63x vs 10W Avg),11.69,Outperformed Nifty by 11.69% in 3 Months,False,11.69,8.37,74875454.41,0.77,0.44,0.63,True,True,"Stage 1, Stage 1, volume_dryup, weekly_volume_dryup, flags=Wide Risk;Low Liquidity, stage1_not_actionable, stage1_needs_more_base | Stage 2 failed state applied from stage memory.",weekly_watchlist,8.21,10.71,741.33,-16.52,[29.07],[10],0.0,10.0,weak,724
ASHOKA.NS,Ashoka Buildcon Limited,Engineering & Construction,Industrials,Industrials,False,Cash,1,Stage 4,Stage 4,Stage 4,0.86,Price is below the 30-week trend and below long-term support structure.,,,,,Stage 4,0.12,Weak,Volume Drying Up,Volume Drying Up (0.16x vs 10W Avg),-10.92,Underperformed Nifty by 10.92% in 3 Months,False,-10.92,-5.48,64563809.11,0.19,0.1,0.16,True,True,"Stage 4, Stage 4, volume_dryup, weekly_volume_dryup, flags=Wide Weekly Base;Wide Risk;Low Liquidity, downtrend",weekly_watchlist,10.47,10.47,167.25,-35.58,"[34.96, 39.51, 18.93, 20.79]","[11, 7, 5, 9]",0.47,41.0,weak,725
DCMSHRIRAM.NS,DCM Shriram Limited,Conglomerates,Industrials,Industrials,False,Cash,1,Stage 4,Stage 4,Stage 4,0.86,Price is below the 30-week trend and below long-term support structure.,,,,,Stage 4,0.0,Weak,Volume Drying Up,Volume Normal (0.88x vs 10W Avg),-2.88,Underperformed Nifty by 2.88% in 3 Months,False,-2.88,-21.53,62475314.56,0.55,0.65,0.88,True,True,"Stage 4, Stage 4, volume_dryup, weekly_volume_dryup, flags=Wide Risk;Low Liquidity, downtrend",weekly_watchlist,10.47,10.47,1322.29,-30.76,"[20.26, 22.4, 25.65, 18.08]","[6, 5, 5, 2]",0.47,35.0,weak,726
BANDHANBNK.NS,Bandhan Bank Limited,Banks - Regional,Financial Services,Financial Services,True,F&O,1,Failed Stage 2,Stage 1,Failed Stage 2,0.72,"This stock was recently Stage 2, but the latest structure no longer satisfies Stage 2 rules. It is kept as Failed Stage 2 until a fresh base/repair structure forms.",Recent Stage 2 break; public stage held as Failed Stage 2.,2026-09-30,2026-09-29,,Failed Stage 2,8.14,Neutral,Volume Normal,Volume Normal (0.86x vs 10W Avg),-6.52,Underperformed Nifty by 6.52% in 3 Months,False,-6.52,19.25,2391766797.68,1.47,1.21,0.86,False,True,"Stage 1, Stage 1, weekly_volume_dryup, flags=Loose Structure;Wide Risk;Low Liquidity, stage1_not_actionable, stage1_needs_more_base | Stage 2 failed state applied from stage memory.",weekly_watchlist,9.47,10.47,218.86,-18.57,[24.47],[17],0.0,17.0,weak,727
ZOTA.NS,Zota Health Care LImited,Biotechnology,Healthcare,Healthcare,False,Cash,1,Stage 3,Stage 3,Late,0.76,"Prior strength has shifted into a Stage 3 transition based on trend, relative strength, and volume evidence.",,,,,Stage 3 Late,0.0,Neutral,Volume Drying Up,Volume Drying Up (0.55x vs 10W Avg),-2.0,Underperformed Nifty by 2.0% in 3 Months,False,-2.0,12.17,153303292.33,2.06,0.41,0.55,False,True,"Stage 3, Late, weekly_volume_dryup, flags=Wide Risk;Low Liquidity, distribution_or_weakening_risk",weekly_watchlist,7.02,9.52,1310.15,-1.18,[30.85],[8],0.0,8.0,weak,728
COHANCE.NS,Cohance Lifesciences Limited,Drug Manufacturers - Specialty & Generic,Healthcare,Healthcare,False,Cash,1,Stage 1,Stage 1,Stage 1,0.64,Price is building a base around long-term weekly structure without a confirmed advancing phase.,,,,,Stage 1,10.35,Strong,Volume Drying Up,Volume Drying Up (0.78x vs 10W Avg),4.82,Outperformed Nifty by 4.82% in 3 Months,False,4.82,46.43,555650641.27,1.43,1.17,0.78,False,True,"Stage 1, Stage 1, weekly_volume_dryup, flags=Wider Risk;Low Liquidity, stage1_not_actionable, stage1_needs_more_base",weekly_watchlist,4.13,9.13,484.85,-8.42,[15.48],[4],0.0,4.0,weak,729
JSWDULUX.NS,JSW Dulux Limited,Specialty Chemicals,Basic Materials,Basic Materials,False,Cash,1,Stage 1,Stage 1,Stage 1,0.64,Price is building a base around long-term weekly structure without a confirmed advancing phase.,,,,,Stage 1,5.79,Strong,Volume Expanding,Volume Expanding (2.99x vs 10W Avg),3.0,Outperformed Nifty by 3.0% in 3 Months,False,3.0,3.63,110480577.81,1.91,0.5,2.99,False,False,"Stage 1, Stage 1, flags=Wider Risk;Low Liquidity, stage1_not_actionable, stage1_needs_more_base",weekly_watchlist,6.46,8.96,3238.5,-4.93,[13.92],[3],0.0,3.0,weak,730
GANECOS.NS,Ganesha Ecosphere Limited,Textile Manufacturing,Consumer Cyclical,Consumer Cyclical,False,Cash,1,Failed Stage 2,Stage 1,Failed Stage 2,0.72,"This stock was recently Stage 2, but the latest structure no longer satisfies Stage 2 rules. It is kept as Failed Stage 2 until a fresh base/repair structure forms.",Recent Stage 2 break; public stage held as Failed Stage 2.,2026-09-30,2026-09-29,,Failed Stage 2,14.01,Neutral,Volume Drying Up,Volume Drying Up (0.46x vs 10W Avg),4.49,Outperformed Nifty by 4.49% in 3 Months,False,4.49,-12.08,103516129.28,0.89,0.45,0.46,False,True,"Stage 1, Stage 1, weekly_volume_dryup, flags=Wide Risk, stage1_not_actionable, stage1_needs_more_base | Stage 2 failed state applied from stage memory.",weekly_watchlist,6.4,8.9,1064.26,-5.98,[25.38],[2],0.0,2.0,weak,731
DRREDDY.NS,Dr. Reddy's Laboratories Limited,Drug Manufacturers - Specialty & Generic,Healthcare,Healthcare,True,F&O,1,Stage 4,Stage 4,Stage 4,0.66,Price is below weekly structure.,,,,,Stage 4,11.07,Neutral,Volume Expanding,Volume Expanding (1.79x vs 10W Avg),-2.49,Underperformed Nifty by 2.49% in 3 Months,False,-2.49,2.44,2174732086.46,1.45,2.61,1.79,False,False,"Stage 4, Stage 4, flags=Low Liquidity, downtrend",weekly_watchlist,3.8,8.8,1210.21,1.88,[17.73],[8],0.0,8.0,weak,732
ISGEC.NS,Isgec Heavy Engineering Limited,Specialty Industrial Machinery,Industrials,Industrials,False,Cash,1,Stage 1,Stage 1,Stage 1,0.64,Price is building a base around long-term weekly structure without a confirmed advancing phase.,,,,,Stage 1,6.71,Neutral,Volume Expanding,Volume Expanding (1.51x vs 10W Avg),3.04,Outperformed Nifty by 3.04% in 3 Months,False,3.04,-4.16,76853672.02,1.76,0.96,1.51,False,False,"Stage 1, Stage 1, flags=Low Liquidity, stage1_not_actionable, stage1_needs_more_base",weekly_watchlist,3.8,8.8,825.11,7.03,[26.87],[8],0.0,8.0,weak,733
PRAKASH.NS,Prakash Industries Limited,Steel,Basic Materials,Basic Materials,False,Cash,1,Not Sure,Stage 1,Pending Stage 1,0.55,Blocked public stage jump Stage 4 -> Stage 1; waiting for intermediate/confirmed structure.,Blocked public stage jump Stage 4 -> Stage 1; waiting for intermediate/confirmed structure.,,,Stage 1,Not Sure - Unclear,2.82,Weak,Volume Expanding,Volume Expanding (1.71x vs 10W Avg),1.22,Outperformed Nifty by 1.22% in 3 Months,False,1.22,-2.02,63886702.94,1.31,1.72,1.71,False,False,"Stage 1, Stage 1, flags=Low Liquidity, stage1_not_actionable, stage1_needs_more_base | Blocked public stage jump Stage 4 -> Stage 1; waiting for intermediate/confirmed structure.",weekly_watchlist,3.8,8.8,145.07,-14.72,[24.19],[8],0.0,8.0,weak,734
INTERARCH.NS,Interarch Building Solutions Limited,Engineering & Construction,Industrials,Industrials,False,Cash,1,Stage 4,Stage 4,Stage 4,0.86,Price is below the 30-week trend and below long-term support structure.,,,,,Stage 4,0.0,Weak,Volume Normal,Volume Normal (1.09x vs 10W Avg),-3.5,Underperformed Nifty by 3.5% in 3 Months,False,-3.5,-9.1,76291013.82,0.88,0.7,1.09,False,False,"Stage 4, Stage 4, flags=Low Liquidity, downtrend",weekly_watchlist,8.67,8.67,2267.17,-26.19,"[26.71, 28.2, 29.83, 15.08]","[6, 7, 2, 7]",0.47,34.0,weak,735
MAHLIFE.NS,Mahindra Lifespace Developers Limited,Real Estate,Real Estate,Real Estate,False,Cash,1,Not Sure,Stage 1,Pending Stage 1,0.55,Blocked public stage jump Stage 3 -> Stage 1; waiting for intermediate/confirmed structure.,Blocked public stage jump Stage 3 -> Stage 1; waiting for intermediate/confirmed structure.,,2026-08-27,Stage 1,Not Sure - Unclear,7.95,Strong,Volume Drying Up,Volume Drying Up (0.51x vs 10W Avg),3.58,Outperformed Nifty by 3.58% in 3 Months,False,3.58,4.18,32671471.07,0.53,0.9,0.51,True,True,"Stage 1, Stage 1, stage1_base_ready, volume_dryup, weekly_volume_dryup, flags=Wide Risk;Low Liquidity, stage1_not_actionable | Blocked public stage jump Stage 3 -> Stage 1; waiting for intermediate/confirmed structure.",weekly_watchlist,7.58,8.58,408.71,-11.85,[28.12],[8],0.0,8.0,weak,736
VIYASH.NS,Viyash Scientific Limited,Drug Manufacturers - Specialty & Generic,Healthcare,Healthcare,False,Cash,1,Failed Stage 2,Stage 3,Failed Stage 2,0.72,"This stock was recently Stage 2, but the latest structure no longer satisfies Stage 2 rules. It is kept as Failed Stage 2 until a fresh base/repair structure forms.",Recent Stage 2 break; public stage held as Failed Stage 2.,2026-09-30,2026-09-18,,Failed Stage 2,0.0,Weak,Volume Drying Up,Volume Drying Up (0.38x vs 10W Avg),-11.85,Underperformed Nifty by 11.85% in 3 Months,False,-11.85,20.03,623802069.51,0.42,0.17,0.38,True,True,"Stage 3, Late, volume_dryup, weekly_volume_dryup, flags=Wide Risk;Low Liquidity, distribution_or_weakening_risk | Stage 2 failed state applied from stage memory.",weekly_watchlist,3.22,8.22,298.52,-21.01,[11.56],[12],0.0,12.0,weak,737
BAJAJCON.NS,Bajaj Consumer Care Limited,Household & Personal Products,Consumer Defensive,Consumer Defensive,False,Cash,1,Stage 3,Stage 3,Early,0.68,"Prior strength has shifted into a Stage 3 transition based on trend, relative strength, and volume evidence.",,,2026-08-11,,Stage 3 Early,0.0,Neutral,Volume Drying Up,Volume Drying Up (0.68x vs 10W Avg),-13.23,Underperformed Nifty by 13.23% in 3 Months,False,-13.23,26.44,364490109.45,0.74,0.31,0.68,True,True,"Stage 3, Early, volume_dryup, weekly_volume_dryup, flags=Wide Weekly Base;Wide Risk;Low Liquidity, distribution_or_weakening_risk",weekly_watchlist,6.72,7.72,533.93,-7.19,[35.28],[6],0.0,6.0,weak,738
KERNEX.NS,Kernex Microsystems (India) Limited,Software - Application,Technology,Technology,False,Cash,1,Stage 3,Stage 3,Late,0.76,"Prior strength has shifted into a Stage 3 transition based on trend, relative strength, and volume evidence.",,,2026-08-14,,Stage 3 Late,0.0,Weak,Volume Drying Up,Volume Drying Up (0.43x vs 10W Avg),-23.04,Underperformed Nifty by 23.04% in 3 Months,False,-23.04,59.12,323060709.46,0.41,1.06,0.43,True,True,"Stage 3, Late, volume_dryup, weekly_volume_dryup, flags=Wide Base;Wide Weekly Base;Loose Structure;Wide Risk;Low Liquidity, distribution_or_weakening_risk",weekly_watchlist,5.21,7.71,2584.51,-34.77,[40.35],[11],0.0,11.0,weak,739
MAITHANALL.NS,Maithan Alloys Limited,Steel,Basic Materials,Basic Materials,False,Cash,1,Failed Stage 2,Stage 1,Failed Stage 2,0.72,"This stock was recently Stage 2, but the latest structure no longer satisfies Stage 2 rules. It is kept as Failed Stage 2 until a fresh base/repair structure forms.",Recent Stage 2 break; public stage held as Failed Stage 2.,2026-09-30,2026-09-14,,Failed Stage 2,1.48,Weak,Volume Drying Up,Volume Drying Up (0.67x vs 10W Avg),-0.61,Underperformed Nifty by 0.61% in 3 Months,False,-0.61,1.61,155145918.2,0.8,0.43,0.67,True,True,"Stage 1, Stage 1, volume_dryup, weekly_volume_dryup, flags=Wide Risk;Low Liquidity, stage1_not_actionable, stage1_needs_more_base | Stage 2 failed state applied from stage memory.",weekly_watchlist,2.7,7.7,1189.97,-22.25,[21.05],[7],0.0,7.0,weak,740
MAYURUNIQ.NS,Mayur Uniquoters Ltd,Textile Manufacturing,Consumer Cyclical,Consumer Cyclical,False,Cash,1,Failed Stage 2,Stage 3,Failed Stage 2,0.72,"This stock was recently Stage 2, but the latest structure no longer satisfies Stage 2 rules. It is kept as Failed Stage 2 until a fresh base/repair structure forms.",Recent Stage 2 break; public stage held as Failed Stage 2.,2026-09-30,2026-09-21,,Failed Stage 2,14.85,Neutral,Volume Drying Up,Volume Normal (0.88x vs 10W Avg),-9.38,Underperformed Nifty by 9.38% in 3 Months,False,-9.38,37.56,79114385.67,0.83,1.4,0.88,True,True,"Stage 3, Early, volume_dryup, weekly_volume_dryup, flags=Wider Risk;Low Liquidity, distribution_or_weakening_risk | Stage 2 failed state applied from stage memory.",weekly_watchlist,5.02,7.52,901.56,-18.55,[22.03],[10],0.0,10.0,weak,741
ADANIENT.NS,Adani Enterprises Limited,Energy,Energy,Energy,True,F&O,1,Failed Stage 2,Stage 3,Failed Stage 2,0.72,"This stock was recently Stage 2, but the latest structure no longer satisfies Stage 2 rules. It is kept as Failed Stage 2 until a fresh base/repair structure forms.",Recent Stage 2 break; public stage held as Failed Stage 2.,2026-09-30,2026-09-29,,Failed Stage 2,8.07,Neutral,Volume Normal,Volume Normal (1.18x vs 10W Avg),-2.66,Underperformed Nifty by 2.66% in 3 Months,False,-2.66,53.04,4261762103.48,0.86,0.91,1.18,False,False,"Stage 3, Early, flags=Wide Risk;Low Liquidity, distribution_or_weakening_risk | Stage 2 failed state applied from stage memory.",weekly_watchlist,4.84,7.34,3179.25,-8.68,[12.77],[8],0.0,8.0,weak,742
ENRIN.NS,Siemens Energy India Limited,Utilities - Renewable,Utilities,Utilities,False,Cash,1,Failed Stage 2,Stage 1,Failed Stage 2,0.72,"This stock was recently Stage 2, but the latest structure no longer satisfies Stage 2 rules. It is kept as Failed Stage 2 until a fresh base/repair structure forms.",Recent Stage 2 break; public stage held as Failed Stage 2.,2026-09-30,2026-09-25,,Failed Stage 2,15.03,Strong,Volume Drying Up,Volume Drying Up (0.79x vs 10W Avg),0.36,Outperformed Nifty by 0.36% in 3 Months,False,0.36,20.42,1188210856.92,0.73,1.71,0.79,True,True,"Stage 1, Stage 1, volume_dryup, weekly_volume_dryup, flags=Wide Risk;Low Liquidity, stage1_not_actionable, stage1_needs_more_base | Stage 2 failed state applied from stage memory.",weekly_watchlist,7.08,7.08,3741.54,-14.47,[22.51],[9],0.0,9.0,weak,743
ADANIPOWER.NS,Adani Power Limited,Utilities,Utilities,Utilities,True,F&O,1,Failed Stage 2,Stage 1,Failed Stage 2,0.72,"This stock was recently Stage 2, but the latest structure no longer satisfies Stage 2 rules. It is kept as Failed Stage 2 until a fresh base/repair structure forms.",Recent Stage 2 break; public stage held as Failed Stage 2.,2026-09-30,2026-09-10,,Failed Stage 2,11.72,Neutral,Volume Normal,Volume Normal (1.22x vs 10W Avg),-0.41,Underperformed Nifty by 0.41% in 3 Months,False,-0.41,23.58,3357002830.27,1.0,1.09,1.22,False,False,"Stage 1, Stage 1, flags=Wide Risk;Low Liquidity, stage1_not_actionable, stage1_needs_more_base | Stage 2 failed state applied from stage memory.",weekly_watchlist,6.92,6.92,217.4,-6.16,[15.5],[2],0.0,2.0,weak,744
GOKULAGRO.NS,Gokul Agro Resources Limited,Packaged Foods,Consumer Defensive,Consumer Defensive,False,Cash,1,Failed Stage 2,Stage 1,Failed Stage 2,0.72,"This stock was recently Stage 2, but the latest structure no longer satisfies Stage 2 rules. It is kept as Failed Stage 2 until a fresh base/repair structure forms.",Recent Stage 2 break; public stage held as Failed Stage 2.,2026-09-30,2026-09-25,,Failed Stage 2,3.07,Neutral,Volume Drying Up,Volume Drying Up (0.78x vs 10W Avg),10.19,Outperformed Nifty by 10.19% in 3 Months,False,10.19,6.83,68948513.57,0.57,0.19,0.78,True,True,"Stage 1, Stage 1, volume_dryup, weekly_volume_dryup, flags=Wide Risk;Low Liquidity, stage1_not_actionable, stage1_needs_more_base | Stage 2 failed state applied from stage memory.",weekly_watchlist,6.7,6.7,260.25,-18.16,[19.97],[9],0.0,9.0,weak,745
GVT&D.NS,GE Vernova T&D India Limited,Specialty Industrial Machinery,Industrials,Industrials,False,Cash,1,Failed Stage 2,Stage 1,Failed Stage 2,0.72,"This stock was recently Stage 2, but the latest structure no longer satisfies Stage 2 rules. It is kept as Failed Stage 2 until a fresh base/repair structure forms.",Recent Stage 2 break; public stage held as Failed Stage 2.,2026-09-30,2026-09-23,,Failed Stage 2,4.27,Strong,Volume Drying Up,Volume Drying Up (0.55x vs 10W Avg),-0.73,Underperformed Nifty by 0.73% in 3 Months,False,-0.73,13.36,3381353396.3,0.56,0.73,0.55,True,True,"Stage 1, Stage 1, volume_dryup, weekly_volume_dryup, flags=Wide Risk;Low Liquidity, stage1_not_actionable, stage1_needs_more_base | Stage 2 failed state applied from stage memory.",weekly_watchlist,1.46,6.46,4833.44,-13.08,[29.87],[5],0.0,5.0,weak,746
EIEL.NS,Enviro Infra Engineers Limited,Engineering & Construction,Industrials,Industrials,False,Cash,1,Stage 3,Stage 3,Early,0.68,"Prior strength has shifted into a Stage 3 transition based on trend, relative strength, and volume evidence.",,,2026-08-11,,Stage 3 Early,1.18,Weak,Volume Drying Up,Volume Drying Up (0.45x vs 10W Avg),-14.35,Underperformed Nifty by 14.35% in 3 Months,False,-14.35,13.6,318992191.75,0.55,0.35,0.45,True,True,"Stage 3, Early, volume_dryup, weekly_volume_dryup, flags=Wide Risk;Low Liquidity, distribution_or_weakening_risk",weekly_watchlist,6.4,6.4,247.83,-23.49,"[22.69, 24.01]","[6, 9]",0.1,18.0,weak,747
SUNTV.NS,Sun TV Network Limited,Communication Services,Communication Services,Communication Services,False,Cash,1,Not Sure,Not Sure,Not Sure,0.0,Stage rules did not identify a reliable structure.,No confident stage classification.,,,,Not Sure - Unclear,17.81,Very Strong,Volume Expanding,Volume Expanding (14.09x vs 10W Avg),25.95,Outperformed Nifty by 25.95% in 3 Months,False,25.95,2.32,1592324164.33,3.6,40.03,14.09,False,False,"Not Sure, Unclear, flags=Loose Structure;Wider Risk;Low Liquidity",weekly_watchlist,3.83,6.33,515.38,17.39,[25.94],[9],0.0,9.0,weak,748
POWERINDIA.NS,Hitachi Energy India Limited,Electrical Equipment & Parts,Industrials,Industrials,True,F&O,1,Failed Stage 2,Stage 1,Failed Stage 2,0.72,"This stock was recently Stage 2, but the latest structure no longer satisfies Stage 2 rules. It is kept as Failed Stage 2 until a fresh base/repair structure forms.",Recent Stage 2 break; public stage held as Failed Stage 2.,2026-09-30,2026-09-21,,Failed Stage 2,3.51,Neutral,Volume Normal,Volume Normal (1.36x vs 10W Avg),1.48,Outperformed Nifty by 1.48% in 3 Months,False,1.48,21.11,3187859953.25,1.04,0.91,1.36,False,False,"Stage 1, Stage 1, flags=Wider Risk;Low Liquidity, stage1_not_actionable, stage1_needs_more_base | Stage 2 failed state applied from stage memory.",weekly_watchlist,1.26,6.26,36645.28,-16.41,[21.62],[4],0.0,4.0,weak,749
ESABINDIA.NS,Esab India Limited,Tools & Accessories,Industrials,Industrials,False,Cash,1,Failed Stage 2,Stage 3,Failed Stage 2,0.72,"This stock was recently Stage 2, but the latest structure no longer satisfies Stage 2 rules. It is kept as Failed Stage 2 until a fresh base/repair structure forms.",Recent Stage 2 break; public stage held as Failed Stage 2.,2026-09-30,2026-09-14,,Failed Stage 2,1.57,Weak,Volume Drying Up,Volume Drying Up (0.38x vs 10W Avg),3.98,Outperformed Nifty by 3.98% in 3 Months,False,3.98,5.78,21187788.73,0.55,0.25,0.38,True,True,"Stage 3, Early, volume_dryup, weekly_volume_dryup, flags=Wide Risk;Low Liquidity, distribution_or_weakening_risk | Stage 2 failed state applied from stage memory.",weekly_watchlist,5.18,6.18,6482.32,-14.69,[24.24],[12],0.0,12.0,weak,750
SPARC.NS,Sun Pharma Advanced Research Company Limited,Drug Manufacturers - Specialty & Generic,Healthcare,Healthcare,False,Cash,1,Failed Stage 2,Stage 3,Failed Stage 2,0.72,"This stock was recently Stage 2, but the latest structure no longer satisfies Stage 2 rules. It is kept as Failed Stage 2 until a fresh base/repair structure forms.",Recent Stage 2 break; public stage held as Failed Stage 2.,2026-09-30,2026-09-29,,Failed Stage 2,3.37,Neutral,Volume Normal,Volume Normal (1.46x vs 10W Avg),-17.85,Underperformed Nifty by 17.85% in 3 Months,False,-17.85,54.74,191256964.39,1.25,1.43,1.46,False,False,"Stage 3, Early, flags=Wide Risk;Low Liquidity, distribution_or_weakening_risk | Stage 2 failed state applied from stage memory.",weekly_watchlist,1.09,6.09,223.19,-11.65,[33.61],[6],0.0,6.0,weak,751
OLAELEC.NS,Ola Electric Mobility Limited,Auto Manufacturers,Consumer Cyclical,Consumer Cyclical,False,Cash,1,Not Sure,Stage 1,Pending Stage 1,0.55,Blocked public stage jump Stage 3 -> Stage 1; waiting for intermediate/confirmed structure.,Blocked public stage jump Stage 3 -> Stage 1; waiting for intermediate/confirmed structure.,,,Stage 1,Not Sure - Unclear,3.51,Neutral,Volume Expanding,Volume Expanding (2.48x vs 10W Avg),-6.1,Underperformed Nifty by 6.1% in 3 Months,False,-6.1,26.77,3822889975.64,2.04,0.69,2.48,False,False,"Stage 1, Stage 1, flags=Wide Risk;Low Liquidity, stage1_not_actionable, stage1_needs_more_base | Blocked public stage jump Stage 3 -> Stage 1; waiting for intermediate/confirmed structure.",weekly_watchlist,3.47,5.97,42.6,-13.33,[26.28],[6],0.0,6.0,weak,752
VAIBHAVGBL.NS,Vaibhav Global Limited,Luxury Goods,Consumer Cyclical,Consumer Cyclical,False,Cash,1,Stage 4,Stage 4,Stage 4,0.86,Price is below the 30-week trend and below long-term support structure.,,,2026-08-13,,Stage 4,0.0,Weak,Volume Drying Up,Volume Drying Up (0.60x vs 10W Avg),-6.12,Underperformed Nifty by 6.12% in 3 Months,False,-6.12,8.58,43336816.85,0.57,0.85,0.6,True,True,"Stage 4, Stage 4, volume_dryup, weekly_volume_dryup, flags=Wide Weekly Base;Loose Structure;Wide Risk;Low Liquidity, downtrend",weekly_watchlist,0.85,5.85,281.01,-27.29,"[30.81, 35.05]","[12, 8]",0.1,22.0,weak,753
PGHL.NS,Procter & Gamble Health Limited,Drug Manufacturers - Specialty & Generic,Healthcare,Healthcare,False,Cash,1,Stage 3,Stage 3,Early,0.68,"Prior strength has shifted into a Stage 3 transition based on trend, relative strength, and volume evidence.",,,2026-08-11,,Stage 3 Early,3.9,Neutral,Volume Expanding,Volume Expanding (1.96x vs 10W Avg),-4.92,Underperformed Nifty by 4.92% in 3 Months,False,-4.92,15.25,67270369.35,1.12,0.91,1.96,False,False,"Stage 3, Early, flags=Wider Risk;Low Liquidity, distribution_or_weakening_risk",weekly_watchlist,0.83,5.83,6920.56,-19.62,[13.42],[8],0.0,8.0,weak,754
THANGAMAYL.NS,Thangamayil Jewellery Limited,Luxury Goods,Consumer Cyclical,Consumer Cyclical,False,Cash,1,Stage 1,Stage 1,Stage 1,0.64,Price is building a base around long-term weekly structure without a confirmed advancing phase.,,,2026-08-28,,Stage 1,0.3,Neutral,Volume Drying Up,Volume Drying Up (0.37x vs 10W Avg),-12.41,Underperformed Nifty by 12.41% in 3 Months,False,-12.41,30.12,438759061.07,0.54,0.4,0.37,True,True,"Stage 1, Stage 1, volume_dryup, weekly_volume_dryup, flags=Wide Base;Loose Structure;Wide Risk;Low Liquidity, stage1_not_actionable, stage1_needs_more_base",weekly_watchlist,0.77,5.77,5732.51,-11.7,[21.49],[4],0.0,4.0,weak,755
DMART.NS,Avenue Supermarts Limited,Consumer Defensive,Consumer Defensive,Consumer Defensive,True,F&O,1,Stage 1,Stage 1,Stage 1,0.64,Price is building a base around long-term weekly structure without a confirmed advancing phase.,,,,,Stage 1,0.0,Weak,Volume Normal,Volume Normal (0.98x vs 10W Avg),0.32,Outperformed Nifty by 0.32% in 3 Months,False,0.32,-16.18,1609699423.25,1.04,1.37,0.98,False,False,"Stage 1, Stage 1, flags=Wide Risk;Low Liquidity, stage1_not_actionable, stage1_needs_more_base",weekly_watchlist,5.6,5.6,4437.15,-14.33,[17.6],[11],0.0,11.0,weak,756
KIRLOSIND.NS,Kirloskar Industries Limited,Metal Fabrication,Industrials,Industrials,False,Cash,1,Failed Stage 2,Stage 3,Failed Stage 2,0.72,"This stock was recently Stage 2, but the latest structure no longer satisfies Stage 2 rules. It is kept as Failed Stage 2 until a fresh base/repair structure forms.",Recent Stage 2 break; public stage held as Failed Stage 2.,2026-09-30,2026-09-21,,Failed Stage 2,6.6,Neutral,Volume Drying Up,Volume Drying Up (0.24x vs 10W Avg),-4.85,Underperformed Nifty by 4.85% in 3 Months,False,-4.85,24.84,149680529.78,0.35,0.15,0.24,True,True,"Stage 3, Early, volume_dryup, weekly_volume_dryup, flags=Wide Risk;Low Liquidity, distribution_or_weakening_risk | Stage 2 failed state applied from stage memory.",weekly_watchlist,0.6,5.6,4061.49,-12.08,[22.13],[7],0.0,7.0,weak,757
TATACOMM.NS,Tata Communications Limited,Telecom Services,Communication Services,Communication Services,False,Cash,1,Failed Stage 2,Stage 3,Failed Stage 2,0.72,"This stock was recently Stage 2, but the latest structure no longer satisfies Stage 2 rules. It is kept as Failed Stage 2 until a fresh base/repair structure forms.",Recent Stage 2 break; public stage held as Failed Stage 2.,2026-09-30,2026-09-18,,Failed Stage 2,3.34,Neutral,Volume Drying Up,Volume Drying Up (0.53x vs 10W Avg),-5.66,Underperformed Nifty by 5.66% in 3 Months,False,-5.66,18.22,372661327.34,0.86,0.57,0.53,False,True,"Stage 3, Early, weekly_volume_dryup, flags=Wider Risk;Low Liquidity, distribution_or_weakening_risk | Stage 2 failed state applied from stage memory.",weekly_watchlist,5.46,5.46,2113.69,-21.64,[19.26],[13],0.0,13.0,weak,758
GENUSPOWER.NS,Genus Power Infrastructures Limited,Electrical Equipment & Parts,Industrials,Industrials,False,Cash,1,Failed Stage 2,Stage 3,Failed Stage 2,0.72,"This stock was recently Stage 2, but the latest structure no longer satisfies Stage 2 rules. It is kept as Failed Stage 2 until a fresh base/repair structure forms.",Recent Stage 2 break; public stage held as Failed Stage 2.,2026-09-30,2026-09-15,,Failed Stage 2,0.0,Weak,Volume Drying Up,Volume Drying Up (0.84x vs 10W Avg),-2.27,Underperformed Nifty by 2.27% in 3 Months,False,-2.27,19.04,509312797.53,0.73,0.82,0.84,True,True,"Stage 3, Early, volume_dryup, weekly_volume_dryup, flags=Wide Risk;Low Liquidity, distribution_or_weakening_risk | Stage 2 failed state applied from stage memory.",weekly_watchlist,0.28,5.28,353.53,-18.35,[16.12],[7],0.0,7.0,weak,759
GPIL.NS,Godawari Power And Ispat limited,Steel,Basic Materials,Basic Materials,False,Cash,1,Stage 4,Stage 4,Stage 4,0.86,Price is below the 30-week trend and below long-term support structure.,,,,,Stage 4,1.73,Weak,Volume Drying Up,Volume Drying Up (0.65x vs 10W Avg),-6.36,Underperformed Nifty by 6.36% in 3 Months,False,-6.36,-22.92,319000902.89,0.75,0.68,0.65,True,True,"Stage 4, Stage 4, volume_dryup, weekly_volume_dryup, flags=Wide Risk;Low Liquidity, downtrend",weekly_watchlist,0.2,5.2,256.0,-13.15,[28.65],[12],0.0,12.0,weak,760
FDC.NS,FDC Limited,Drug Manufacturers - Specialty & Generic,Healthcare,Healthcare,False,Cash,1,Stage 4,Stage 4,Stage 4,0.86,Price is below the 30-week trend and below long-term support structure.,,,2026-08-04,,Stage 4,0.0,Weak,Volume Drying Up,Volume Drying Up (0.62x vs 10W Avg),-14.35,Underperformed Nifty by 14.35% in 3 Months,False,-14.35,-0.55,48512387.62,0.61,0.73,0.62,True,True,"Stage 4, Stage 4, volume_dryup, weekly_volume_dryup, flags=Low Liquidity, downtrend",weekly_watchlist,0.2,5.2,442.77,-23.35,[25.18],[14],0.0,14.0,weak,761
IFCI.NS,IFCI Limited,Credit Services,Financial Services,Financial Services,False,Cash,1,Failed Stage 2,Stage 1,Failed Stage 2,0.72,"This stock was recently Stage 2, but the latest structure no longer satisfies Stage 2 rules. It is kept as Failed Stage 2 until a fresh base/repair structure forms.",Recent Stage 2 break; public stage held as Failed Stage 2.,2026-09-30,2026-09-23,,Failed Stage 2,0.0,Neutral,Volume Drying Up,Volume Drying Up (0.60x vs 10W Avg),-1.65,Underperformed Nifty by 1.65% in 3 Months,False,-1.65,29.17,9684094039.57,0.91,0.25,0.6,False,True,"Stage 1, Stage 1, weekly_volume_dryup, flags=Loose Structure;Wide Risk;Low Liquidity, stage1_not_actionable, stage1_needs_more_base | Stage 2 failed state applied from stage memory.",weekly_watchlist,4.15,5.15,107.69,-36.14,[28.86],[6],0.0,6.0,weak,762
GICRE.NS,General Insurance Corporation of India,Financial Services,Financial Services,Financial Services,False,Cash,1,Stage 1,Stage 1,Stage 1,0.64,Price is building a base around long-term weekly structure without a confirmed advancing phase.,,,,,Stage 1,6.69,Weak,Volume Drying Up,Volume Drying Up (0.67x vs 10W Avg),2.3,Outperformed Nifty by 2.3% in 3 Months,False,2.3,-11.24,310110404.95,0.67,0.82,0.67,True,True,"Stage 1, Stage 1, volume_dryup, weekly_volume_dryup, flags=Wide Risk;Low Liquidity, stage1_not_actionable, stage1_needs_more_base",weekly_watchlist,5.0,5.0,363.08,-8.8,[17.05],[9],0.0,9.0,weak,763
ASTRAMICRO.NS,Astra Microwave Products Limited,Communication Equipment,Technology,Technology,False,Cash,1,Failed Stage 2,Stage 3,Failed Stage 2,0.72,"This stock was recently Stage 2, but the latest structure no longer satisfies Stage 2 rules. It is kept as Failed Stage 2 until a fresh base/repair structure forms.",Recent Stage 2 break; public stage held as Failed Stage 2.,2026-09-30,2026-09-21,,Failed Stage 2,13.2,Neutral,Volume Drying Up,Volume Drying Up (0.71x vs 10W Avg),-4.6,Underperformed Nifty by 4.6% in 3 Months,False,-4.6,63.12,529639443.8,0.57,0.88,0.71,True,True,"Stage 3, Early, volume_dryup, weekly_volume_dryup, flags=Wide Risk;Low Liquidity, distribution_or_weakening_risk | Stage 2 failed state applied from stage memory.",weekly_watchlist,0.0,5.0,1794.6,-8.8,[19.64],[3],0.0,3.0,weak,764
MOSCHIP.NS,Moschip Technologies Limited,Technology,Technology,Technology,False,Cash,1,Stage 3,Stage 3,Early,0.68,"Prior strength has shifted into a Stage 3 transition based on trend, relative strength, and volume evidence.",,,2026-09-08,,Stage 3 Early,6.59,Neutral,Volume Drying Up,Volume Drying Up (0.48x vs 10W Avg),-6.45,Underperformed Nifty by 6.45% in 3 Months,False,-6.45,20.27,271818962.66,0.69,0.77,0.48,True,True,"Stage 3, Early, volume_dryup, weekly_volume_dryup, flags=Wide Risk;Low Liquidity, distribution_or_weakening_risk",weekly_watchlist,0.0,5.0,224.39,-10.31,[21.26],[2],0.0,2.0,weak,765
GOLDIAM.NS,Goldiam International Limited,Luxury Goods,Consumer Cyclical,Consumer Cyclical,False,Cash,1,Failed Stage 2,Stage 3,Failed Stage 2,0.72,"This stock was recently Stage 2, but the latest structure no longer satisfies Stage 2 rules. It is kept as Failed Stage 2 until a fresh base/repair structure forms.",Recent Stage 2 break; public stage held as Failed Stage 2.,2026-09-30,2026-09-23,,Failed Stage 2,5.87,Neutral,Volume Drying Up,Volume Drying Up (0.58x vs 10W Avg),-3.28,Underperformed Nifty by 3.28% in 3 Months,False,-3.28,36.14,146881726.65,0.52,0.77,0.58,True,True,"Stage 3, Early, volume_dryup, weekly_volume_dryup, flags=Wide Risk;Low Liquidity, distribution_or_weakening_risk | Stage 2 failed state applied from stage memory.",weekly_watchlist,0.0,5.0,398.9,-21.42,[19.6],[3],0.0,3.0,weak,766
KIRLPNU.NS,Kirloskar Pneumatic Company Limited,Specialty Industrial Machinery,Industrials,Industrials,False,Cash,1,Stage 3,Stage 3,Early,0.68,"Prior strength has shifted into a Stage 3 transition based on trend, relative strength, and volume evidence.",,,2026-07-22,,Stage 3 Early,4.36,Weak,Volume Drying Up,Volume Drying Up (0.31x vs 10W Avg),-19.08,Underperformed Nifty by 19.08% in 3 Months,False,-19.08,19.8,94358242.91,0.47,0.52,0.31,True,True,"Stage 3, Early, volume_dryup, weekly_volume_dryup, flags=Wide Weekly Base;Wide Risk, distribution_or_weakening_risk",weekly_watchlist,0.0,5.0,776.9,-12.9,[35.02],[6],0.0,6.0,weak,767
CIPLA.NS,Cipla Limited,Drug Manufacturers - Specialty & Generic,Healthcare,Healthcare,True,F&O,1,Not Sure,Stage 4,Pending Stage 4,0.55,Blocked public stage jump Stage 1 -> Stage 4; waiting for intermediate/confirmed structure.,Blocked public stage jump Stage 1 -> Stage 4; waiting for intermediate/confirmed structure.,,,Stage 4,Not Sure - Unclear,1.03,Neutral,Volume Normal,Volume Normal (1.15x vs 10W Avg),-1.78,Underperformed Nifty by 1.78% in 3 Months,False,-1.78,11.7,1317099199.93,1.03,1.24,1.15,False,False,"Stage 4, Stage 4, flags=Wider Risk;Low Liquidity, downtrend | Blocked public stage jump Stage 1 -> Stage 4; waiting for intermediate/confirmed structure.",weekly_watchlist,0.0,5.0,1491.2,-9.74,[8.32],[3],0.0,3.0,weak,768
TRITURBINE.NS,Triveni Turbine Limited,Specialty Industrial Machinery,Industrials,Industrials,False,Cash,1,Stage 3,Stage 3,Early,0.68,"Prior strength has shifted into a Stage 3 transition based on trend, relative strength, and volume evidence.",,,2026-08-10,,Stage 3 Early,0.0,Weak,Volume Drying Up,Volume Drying Up (0.58x vs 10W Avg),-9.85,Underperformed Nifty by 9.85% in 3 Months,False,-9.85,17.18,259203250.24,0.61,0.68,0.58,True,True,"Stage 3, Early, volume_dryup, weekly_volume_dryup, flags=Wide Risk;Low Liquidity, distribution_or_weakening_risk",weekly_watchlist,0.0,5.0,653.03,-17.4,[20.56],[3],0.0,3.0,weak,769
NMDC.NS,NMDC Limited,Steel,Basic Materials,Basic Materials,True,F&O,1,Stage 4,Stage 4,Stage 4,0.66,Price is below weekly structure.,,,2026-09-01,,Stage 4,0.0,Weak,Volume Drying Up,Volume Normal (0.97x vs 10W Avg),-3.23,Underperformed Nifty by 3.23% in 3 Months,False,-3.23,-7.66,951595750.26,0.82,1.11,0.97,True,False,"Stage 4, Stage 4, volume_dryup, flags=Wide Risk;Low Liquidity, downtrend",weekly_watchlist,0.0,5.0,89.26,-14.25,[16.86],[11],0.0,11.0,weak,770
LUPIN.NS,Lupin Limited,Drug Manufacturers - Specialty & Generic,Healthcare,Healthcare,True,F&O,1,Stage 4,Stage 4,Stage 4,0.66,Price is below weekly structure.,,,2026-08-10,,Stage 4,0.0,Weak,Volume Drying Up,Volume Drying Up (0.79x vs 10W Avg),-11.13,Underperformed Nifty by 11.13% in 3 Months,False,-11.13,-12.32,1358075628.33,0.78,1.58,0.79,True,True,"Stage 4, Stage 4, volume_dryup, weekly_volume_dryup, flags=Wide Risk;Low Liquidity, downtrend",weekly_watchlist,0.0,5.0,2474.8,-17.97,[8.73],[3],0.0,3.0,weak,771
POLYCAB.NS,Polycab India Limited,Electrical Equipment & Parts,Industrials,Industrials,True,F&O,1,Stage 3,Stage 3,Late,0.76,"Prior strength has shifted into a Stage 3 transition based on trend, relative strength, and volume evidence.",,,2026-08-31,,Stage 3 Late,0.0,Weak,Volume Expanding,Volume Expanding (1.84x vs 10W Avg),-9.46,Underperformed Nifty by 9.46% in 3 Months,False,-9.46,10.29,3568814084.12,1.24,1.24,1.84,False,False,"Stage 3, Late, flags=Wide Risk;Low Liquidity, distribution_or_weakening_risk",weekly_watchlist,0.0,5.0,9445.0,-15.02,[13.18],[4],0.0,4.0,weak,772
SUZLON.NS,Suzlon Energy Limited,Specialty Industrial Machinery,Industrials,Industrials,True,F&O,1,Stage 4,Stage 4,Stage 4,0.86,Price is below the 30-week trend and below long-term support structure.,,,2026-07-12,,Stage 4,0.0,Weak,Volume Normal,Volume Normal (1.34x vs 10W Avg),-22.01,Underperformed Nifty by 22.01% in 3 Months,False,-22.01,-6.25,2170501885.69,1.13,1.01,1.34,False,False,"Stage 4, Stage 4, flags=Loose Structure;Wide Risk;Low Liquidity, downtrend",weekly_watchlist,0.0,5.0,49.41,-20.07,[24.02],[6],0.0,6.0,weak,773
KEI.NS,KEI Industries Limited,Electrical Equipment & Parts,Industrials,Industrials,True,F&O,1,Stage 4,Stage 4,Stage 4,0.66,Price is below weekly structure.,,,2026-09-03,,Stage 4,0.0,Weak,Volume Drying Up,Volume Drying Up (0.54x vs 10W Avg),-8.36,Underperformed Nifty by 8.36% in 3 Months,False,-8.36,3.86,2867912351.8,0.65,0.34,0.54,True,True,"Stage 4, Stage 4, volume_dryup, weekly_volume_dryup, flags=Wide Risk;Low Liquidity, downtrend",weekly_watchlist,0.0,5.0,5909.32,-24.61,[24.61],[3],0.0,3.0,weak,774
KAYNES.NS,Kaynes Technology India Limited,Electronic Components,Technology,Technology,True,F&O,1,Stage 1,Stage 1,Stage 1,0.64,Price is building a base around long-term weekly structure without a confirmed advancing phase.,,,,,Stage 1,0.0,Neutral,Volume Normal,Volume Normal (0.96x vs 10W Avg),11.02,Outperformed Nifty by 11.02% in 3 Months,False,11.02,-7.96,3682086533.7,1.04,0.63,0.96,False,False,"Stage 1, Stage 1, flags=Wide Risk;Low Liquidity, stage1_not_actionable, stage1_needs_more_base",weekly_watchlist,0.0,5.0,4125.11,-15.13,[34.01],[2],0.0,2.0,weak,775
ITI.NS,ITI Limited,Communication Equipment,Technology,Technology,False,Cash,1,Stage 4,Stage 4,Stage 4,0.86,Price is below the 30-week trend and below long-term support structure.,,,,,Stage 4,0.0,Weak,Volume Expanding,Volume Normal (1.44x vs 10W Avg),-10.27,Underperformed Nifty by 10.27% in 3 Months,False,-10.27,-5.36,48404082.14,0.99,5.64,1.44,False,False,"Stage 4, Stage 4, flags=Wide Risk;Low Liquidity, downtrend",weekly_watchlist,0.0,5.0,296.77,-16.97,[16.68],[6],0.0,6.0,weak,776
NATCOPHARM.NS,Natco Pharma Limited,Drug Manufacturers - Specialty & Generic,Healthcare,Healthcare,False,Cash,1,Stage 4,Stage 4,Stage 4,0.66,Price is below weekly structure.,,,,,Stage 4,0.0,Weak,Volume Normal,Volume Normal (1.25x vs 10W Avg),-4.26,Underperformed Nifty by 4.26% in 3 Months,False,-4.26,-24.71,360992923.41,1.23,1.53,1.25,False,False,"Stage 4, Stage 4, flags=Wider Risk;Low Liquidity, downtrend",weekly_watchlist,0.0,5.0,997.36,-17.03,[26.07],[9],0.0,9.0,weak,777
ZENTEC.NS,Zen Technologies Limited,Aerospace & Defense,Industrials,Industrials,False,Cash,1,Failed Stage 2,Stage 3,Failed Stage 2,0.72,"This stock was recently Stage 2, but the latest structure no longer satisfies Stage 2 rules. It is kept as Failed Stage 2 until a fresh base/repair structure forms.",Recent Stage 2 break; public stage held as Failed Stage 2.,2026-09-30,2026-09-25,,Failed Stage 2,0.0,Weak,Volume Drying Up,Volume Drying Up (0.55x vs 10W Avg),-6.52,Underperformed Nifty by 6.52% in 3 Months,False,-6.52,11.47,458635847.84,0.51,0.57,0.55,True,True,"Stage 3, Early, volume_dryup, weekly_volume_dryup, flags=Wide Risk;Low Liquidity, distribution_or_weakening_risk | Stage 2 failed state applied from stage memory.",weekly_watchlist,0.0,5.0,2046.2,-21.55,[20.95],[5],0.0,5.0,weak,778
TARIL.NS,Transformers And Rectifiers (India) Limited,Electrical Equipment & Parts,Industrials,Industrials,False,Cash,1,Stage 4,Stage 4,Stage 4,0.66,Price is below weekly structure.,,,,,Stage 4,0.0,Weak,Volume Drying Up,Volume Drying Up (0.52x vs 10W Avg),-13.98,Underperformed Nifty by 13.98% in 3 Months,False,-13.98,-0.59,234067727.9,0.65,0.52,0.52,True,True,"Stage 4, Stage 4, volume_dryup, weekly_volume_dryup, flags=Wide Risk;Low Liquidity, downtrend",weekly_watchlist,0.0,5.0,350.9,-23.03,[23.66],[9],0.0,9.0,weak,779
JAIBALAJI.NS,Jai Balaji Industries Limited,Steel,Basic Materials,Basic Materials,False,Cash,1,Stage 4,Stage 4,Stage 4,0.66,Price is below weekly structure.,,,,,Stage 4,0.0,Weak,Volume Drying Up,Volume Drying Up (0.46x vs 10W Avg),-3.98,Underperformed Nifty by 3.98% in 3 Months,False,-3.98,6.37,41449860.91,0.67,0.34,0.46,True,True,"Stage 4, Stage 4, volume_dryup, weekly_volume_dryup, flags=Wide Weekly Base;Wide Risk;Low Liquidity, downtrend",weekly_watchlist,0.0,5.0,74.92,-16.92,[35.48],[11],0.0,11.0,weak,780
SENCO.NS,Senco Gold Limited,Luxury Goods,Consumer Cyclical,Consumer Cyclical,False,Cash,1,Failed Stage 2,Stage 1,Failed Stage 2,0.72,"This stock was recently Stage 2, but the latest structure no longer satisfies Stage 2 rules. It is kept as Failed Stage 2 until a fresh base/repair structure forms.",Recent Stage 2 break; public stage held as Failed Stage 2.,2026-09-30,2026-09-18,,Failed Stage 2,0.0,Weak,Volume Drying Up,Volume Drying Up (0.71x vs 10W Avg),5.39,Outperformed Nifty by 5.39% in 3 Months,False,5.39,0.58,261745087.29,0.55,0.55,0.71,True,True,"Stage 1, Stage 1, volume_dryup, weekly_volume_dryup, flags=Wide Risk;Low Liquidity, stage1_not_actionable, stage1_needs_more_base | Stage 2 failed state applied from stage memory.",weekly_watchlist,0.0,5.0,378.41,-15.18,[23.48],[3],0.0,3.0,weak,781
OSWALPUMPS.NS,Oswal Pumps Limited,Electrical Equipment & Parts,Industrials,Industrials,False,Cash,1,Stage 4,Stage 4,Stage 4,0.86,Price is below the 30-week trend and below long-term support structure.,,,,,Stage 4,0.0,Weak,Volume Drying Up,Volume Drying Up (0.50x vs 10W Avg),-30.55,Underperformed Nifty by 30.55% in 3 Months,False,-30.55,-23.74,134016076.91,0.81,0.67,0.5,True,True,"Stage 4, Stage 4, volume_dryup, weekly_volume_dryup, flags=Wide Base;Loose Structure;Wider Risk;Low Liquidity, downtrend",weekly_watchlist,0.0,5.0,398.7,-33.09,[21.92],[6],0.0,6.0,weak,782
360ONE.NS,360 ONE WAM LIMITED,Asset Management,Financial Services,Financial Services,True,F&O,1,Stage 3,Stage 3,Early,0.68,"Prior strength has shifted into a Stage 3 transition based on trend, relative strength, and volume evidence.",,,2026-09-03,,Stage 3 Early,3.33,Weak,Volume Normal,Volume Normal (1.46x vs 10W Avg),-2.32,Underperformed Nifty by 2.32% in 3 Months,False,-2.32,10.19,1009444027.17,1.29,1.51,1.46,False,False,"Stage 3, Early, flags=Wide Risk;Low Liquidity, distribution_or_weakening_risk",weekly_watchlist,4.99,4.99,1225.04,-15.92,[26.71],[12],0.0,12.0,weak,783
OFSS.NS,Oracle Financial Services Software Limited,Software - Infrastructure,Technology,Technology,True,F&O,1,Failed Stage 2,Stage 3,Failed Stage 2,0.72,"This stock was recently Stage 2, but the latest structure no longer satisfies Stage 2 rules. It is kept as Failed Stage 2 until a fresh base/repair structure forms.",Recent Stage 2 break; public stage held as Failed Stage 2.,2026-09-30,2026-09-24,,Failed Stage 2,0.0,Neutral,Volume Normal,Volume Normal (0.87x vs 10W Avg),2.82,Outperformed Nifty by 2.82% in 3 Months,False,2.82,50.74,2434209550.05,0.87,1.21,0.87,False,True,"Stage 3, Late, weekly_volume_dryup, flags=Wide Risk;Low Liquidity, distribution_or_weakening_risk | Stage 2 failed state applied from stage memory.",weekly_watchlist,3.36,4.36,12561.94,-15.38,[6.12],[8],0.0,8.0,weak,784
TSFINV.NS,TSF INVESTMENTS LIMITED,Asset Management,Financial Services,Financial Services,False,Cash,1,Stage 1,Stage 1,Stage 1,0.64,Price is building a base around long-term weekly structure without a confirmed advancing phase.,,,,,Stage 1,3.95,Neutral,Volume Expanding,Volume Expanding (2.50x vs 10W Avg),-1.93,Underperformed Nifty by 1.93% in 3 Months,False,-1.93,19.47,45108004.68,1.7,0.7,2.5,False,False,"Stage 1, Stage 1, flags=Wider Risk;Low Liquidity, stage1_not_actionable, stage1_needs_more_base",weekly_watchlist,4.35,4.35,472.33,-11.68,[19.51],[7],0.0,7.0,weak,785
OIL.NS,Oil India Limited,Energy,Energy,Energy,True,F&O,1,Failed Stage 2,Stage 1,Failed Stage 2,0.72,"This stock was recently Stage 2, but the latest structure no longer satisfies Stage 2 rules. It is kept as Failed Stage 2 until a fresh base/repair structure forms.",Recent Stage 2 break; public stage held as Failed Stage 2.,2026-09-30,2026-09-16,,Failed Stage 2,10.23,Strong,Volume Drying Up,Volume Drying Up (0.66x vs 10W Avg),12.44,Outperformed Nifty by 12.44% in 3 Months,False,12.44,-8.0,1018432005.22,0.71,1.51,0.66,True,True,"Stage 1, Stage 1, volume_dryup, weekly_volume_dryup, flags=Wide Risk;Low Liquidity, stage1_not_actionable, stage1_needs_more_base | Stage 2 failed state applied from stage memory.",weekly_watchlist,1.84,4.34,515.35,-12.94,[23.9],[6],0.0,6.0,weak,786
MEDPLUS.NS,Medplus Health Services Limited,Healthcare,Healthcare,Healthcare,False,Cash,1,Stage 4,Stage 4,Stage 4,0.86,Price is below the 30-week trend and below long-term support structure.,,,,,Stage 4,0.0,Weak,Volume Drying Up,Volume Drying Up (0.39x vs 10W Avg),-13.54,Underperformed Nifty by 13.54% in 3 Months,False,-13.54,-22.69,65376406.22,0.48,0.47,0.39,True,True,"Stage 4, Stage 4, volume_dryup, weekly_volume_dryup, flags=Wide Base;Wide Weekly Base;Wide Risk;Low Liquidity, downtrend",weekly_watchlist,3.2,4.2,696.22,-5.93,[36.12],[9],0.0,9.0,weak,787
HYUNDAI.NS,Hyundai Motor India Limited,Auto Manufacturers,Consumer Cyclical,Consumer Cyclical,True,F&O,1,Stage 3,Stage 3,Early,0.68,"Prior strength has shifted into a Stage 3 transition based on trend, relative strength, and volume evidence.",,,,,Stage 3 Early,1.33,Strong,Volume Normal,Volume Normal (1.05x vs 10W Avg),9.09,Outperformed Nifty by 9.09% in 3 Months,False,9.09,18.89,1287245052.01,0.87,0.97,1.05,False,False,"Stage 3, Early, flags=Wide Risk;Low Liquidity, distribution_or_weakening_risk",weekly_watchlist,1.4,3.9,2281.44,-10.98,[29.94],[7],0.0,7.0,weak,788
PATANJALI.NS,Patanjali Foods Limited,Packaged Foods,Consumer Defensive,Consumer Defensive,True,F&O,1,Stage 4,Stage 4,Stage 4,0.86,Price is below the 30-week trend and below long-term support structure.,,,,,Stage 4,0.0,Weak,Volume Drying Up,Volume Drying Up (0.58x vs 10W Avg),-5.26,Underperformed Nifty by 5.26% in 3 Months,False,-5.26,-22.95,1977879513.18,1.36,0.32,0.58,False,True,"Stage 4, Stage 4, weekly_volume_dryup, flags=Wide Base;Wide Risk;Low Liquidity, downtrend",weekly_watchlist,3.8,3.8,363.85,-0.23,[31.29],[8],0.0,8.0,weak,789
ANGELONE.NS,Angel One Limited,Capital Markets,Financial Services,Financial Services,True,F&O,1,Stage 3,Stage 3,Early,0.68,"Prior strength has shifted into a Stage 3 transition based on trend, relative strength, and volume evidence.",,,2026-07-29,,Stage 3 Early,2.05,Weak,Volume Drying Up,Volume Drying Up (0.68x vs 10W Avg),-13.75,Underperformed Nifty by 13.75% in 3 Months,False,-13.75,10.39,1470538974.25,0.59,0.45,0.68,True,True,"Stage 3, Early, volume_dryup, weekly_volume_dryup, flags=Wider Risk;Low Liquidity, distribution_or_weakening_risk",weekly_watchlist,3.4,3.4,355.65,-22.96,[23.4],[11],0.0,11.0,weak,790
GRASIM.NS,Grasim Industries Limited,Building Materials,Basic Materials,Basic Materials,True,F&O,1,Failed Stage 2,Stage 1,Failed Stage 2,0.72,"This stock was recently Stage 2, but the latest structure no longer satisfies Stage 2 rules. It is kept as Failed Stage 2 until a fresh base/repair structure forms.",Recent Stage 2 break; public stage held as Failed Stage 2.,2026-09-30,2026-09-25,,Failed Stage 2,6.06,Neutral,Volume Drying Up,Volume Drying Up (0.83x vs 10W Avg),2.39,Outperformed Nifty by 2.39% in 3 Months,False,2.39,15.89,2612292308.14,0.71,0.48,0.83,True,True,"Stage 1, Stage 1, volume_dryup, weekly_volume_dryup, flags=Wider Risk;Low Liquidity, stage1_not_actionable, stage1_needs_more_base | Stage 2 failed state applied from stage memory.",weekly_watchlist,3.23,3.23,3411.1,-10.24,[16.0],[6],0.0,6.0,weak,791
IDBI.NS,IDBI Bank Limited,Banks - Regional,Financial Services,Financial Services,False,Cash,1,Stage 3,Stage 3,Early,0.68,"Prior strength has shifted into a Stage 3 transition based on trend, relative strength, and volume evidence.",,,,,Stage 3 Early,1.06,Strong,Volume Drying Up,Volume Normal (0.90x vs 10W Avg),4.69,Outperformed Nifty by 4.69% in 3 Months,False,4.69,16.74,1267050160.97,0.84,0.26,0.9,True,True,"Stage 3, Early, volume_dryup, weekly_volume_dryup, flags=Wide Risk;Low Liquidity, distribution_or_weakening_risk",weekly_watchlist,1.94,2.94,96.42,-14.75,[12.11],[8],0.0,8.0,weak,792
CIEINDIA.NS,CIE Automotive India Limited,Auto Parts,Consumer Cyclical,Consumer Cyclical,False,Cash,1,Stage 4,Stage 4,Stage 4,0.66,Price is below weekly structure.,,,,,Stage 4,2.06,Weak,Volume Drying Up,Volume Drying Up (0.45x vs 10W Avg),-10.89,Underperformed Nifty by 10.89% in 3 Months,False,-10.89,-17.5,95840846.57,0.62,1.16,0.45,True,True,"Stage 4, Stage 4, volume_dryup, weekly_volume_dryup, flags=Low Liquidity, downtrend",weekly_watchlist,0.2,2.7,504.88,-23.49,[9.6],[29],0.0,29.0,weak,793
CHEMPLASTS.NS,Chemplast Sanmar Limited,Chemicals,Basic Materials,Basic Materials,False,Cash,1,Stage 4,Stage 4,Stage 4,0.86,Price is below the 30-week trend and below long-term support structure.,,,,,Stage 4,0.21,Weak,Volume Drying Up,Volume Drying Up (0.34x vs 10W Avg),-3.51,Underperformed Nifty by 3.51% in 3 Months,False,-3.51,-27.85,302343232.39,1.24,0.24,0.34,False,True,"Stage 4, Stage 4, weekly_volume_dryup, flags=Wider Risk;Low Liquidity, downtrend",weekly_watchlist,0.2,2.7,219.08,-15.14,[32.67],[21],0.0,21.0,weak,794
GMDCLTD.NS,Gujarat Mineral Development Corporation Limited,Energy,Energy,Energy,False,Cash,1,Stage 4,Stage 4,Stage 4,0.66,Price is below weekly structure.,,,,,Stage 4,0.0,Weak,Volume Drying Up,Volume Drying Up (0.60x vs 10W Avg),-6.85,Underperformed Nifty by 6.85% in 3 Months,False,-6.85,-14.23,515231711.05,0.6,0.76,0.6,True,True,"Stage 4, Stage 4, volume_dryup, weekly_volume_dryup, flags=Wide Risk;Low Liquidity, downtrend",weekly_watchlist,0.2,2.7,607.81,-16.47,[28.99],[15],0.0,15.0,weak,795
VTL.NS,Vardhman Textiles Limited,Textile Manufacturing,Consumer Cyclical,Consumer Cyclical,False,Cash,1,Stage 4,Stage 4,Stage 4,0.66,Price is below weekly structure.,,,2026-08-27,,Stage 4,0.0,Weak,Volume Drying Up,Volume Normal (0.91x vs 10W Avg),-11.74,Underperformed Nifty by 11.74% in 3 Months,False,-11.74,-2.76,204067174.89,0.57,0.52,0.91,True,False,"Stage 4, Stage 4, volume_dryup, flags=Wide Risk;Low Liquidity, downtrend",weekly_watchlist,0.2,2.7,683.41,-21.77,[10.97],[13],0.0,13.0,weak,796
VBL.NS,Varun Beverages Limited,Consumer Defensive,Consumer Defensive,Consumer Defensive,True,F&O,1,Stage 3,Stage 3,Late,0.76,"Prior strength has shifted into a Stage 3 transition based on trend, relative strength, and volume evidence.",,,2026-07-12,,Stage 3 Late,0.0,Weak,Volume Normal,Volume Normal (0.99x vs 10W Avg),-5.8,Underperformed Nifty by 5.8% in 3 Months,False,-5.8,6.83,2310976988.53,0.88,1.37,0.99,False,False,"Stage 3, Late, flags=Wider Risk;Low Liquidity, distribution_or_weakening_risk",weekly_watchlist,2.5,2.5,556.16,-22.32,[28.64],[12],0.0,12.0,weak,797
PIDILITIND.NS,Pidilite Industries Limited,Specialty Chemicals,Basic Materials,Basic Materials,True,F&O,1,Failed Stage 2,Stage 4,Failed Stage 2,0.72,"This stock was recently Stage 2, but the latest structure no longer satisfies Stage 2 rules. It is kept as Failed Stage 2 until a fresh base/repair structure forms.",Recent Stage 2 break; public stage held as Failed Stage 2.,2026-09-30,2026-09-23,,Failed Stage 2,5.18,Neutral,Volume Drying Up,Volume Normal (0.96x vs 10W Avg),-1.94,Underperformed Nifty by 1.94% in 3 Months,False,-1.94,12.65,912682541.5,0.81,1.45,0.96,True,False,"Stage 4, Stage 4, volume_dryup, flags=Wide Risk;Low Liquidity, downtrend | Stage 2 failed state applied from stage memory.",weekly_watchlist,0.0,2.5,1707.5,-14.2,[17.44],[6],0.0,6.0,weak,798
BPCL.NS,Bharat Petroleum Corporation Limited,Oil & Gas Refining & Marketing,Energy,Energy,True,F&O,1,Stage 3,Stage 3,Early,0.68,"Prior strength has shifted into a Stage 3 transition based on trend, relative strength, and volume evidence.",,,,,Stage 3 Early,2.47,Very Strong,Volume Drying Up,Volume Drying Up (0.69x vs 10W Avg),5.19,Outperformed Nifty by 5.19% in 3 Months,False,5.19,7.99,1232525490.35,0.95,1.23,0.69,False,True,"Stage 3, Early, weekly_volume_dryup, flags=Wider Risk;Low Liquidity, distribution_or_weakening_risk",weekly_watchlist,0.0,2.5,329.95,-8.11,[10.29],[5],0.0,5.0,weak,799
LINDEINDIA.NS,Linde India Limited,Specialty Chemicals,Basic Materials,Basic Materials,False,Cash,1,Stage 4,Stage 4,Stage 4,0.66,Price is below weekly structure.,,,2026-08-07,,Stage 4,2.41,Weak,Volume Normal,Volume Normal (0.99x vs 10W Avg),-5.15,Underperformed Nifty by 5.15% in 3 Months,False,-5.15,-12.04,141995511.9,0.93,1.37,0.99,False,False,"Stage 4, Stage 4, flags=Low Liquidity, downtrend",weekly_watchlist,0.0,2.5,7570.41,-16.48,[11.18],[11],0.0,11.0,weak,800
DEEPAKFERT.NS,Deepak Fertilizers and Petrochemicals Corporation Limited,Chemicals,Basic Materials,Basic Materials,False,Cash,1,Stage 3,Stage 3,Early,0.68,"Prior strength has shifted into a Stage 3 transition based on trend, relative strength, and volume evidence.",,,2026-09-01,,Stage 3 Early,0.71,Neutral,Volume Drying Up,Volume Drying Up (0.81x vs 10W Avg),-8.46,Underperformed Nifty by 8.46% in 3 Months,False,-8.46,36.83,324440121.26,0.71,2.27,0.81,True,True,"Stage 3, Early, volume_dryup, weekly_volume_dryup, flags=Wide Risk;Low Liquidity, distribution_or_weakening_risk",weekly_watchlist,0.0,2.5,1672.53,-19.22,[12.16],[2],0.0,2.0,weak,801
BERGEPAINT.NS,Berger Paints (I) Limited,Specialty Chemicals,Basic Materials,Basic Materials,False,Cash,1,Stage 3,Stage 3,Early,0.68,"Prior strength has shifted into a Stage 3 transition based on trend, relative strength, and volume evidence.",,,,,Stage 3 Early,0.61,Weak,Volume Normal,Volume Normal (1.06x vs 10W Avg),-5.27,Underperformed Nifty by 5.27% in 3 Months,False,-5.27,5.46,178360983.9,1.32,0.88,1.06,False,False,"Stage 3, Early, flags=Low Liquidity, distribution_or_weakening_risk",weekly_watchlist,0.0,2.5,566.89,-19.66,[13.46],[3],0.0,3.0,weak,802
TANLA.NS,Tanla Platforms Limited,Software - Application,Technology,Technology,False,Cash,1,Stage 4,Stage 4,Stage 4,0.86,Price is below the 30-week trend and below long-term support structure.,,,2026-08-25,,Stage 4,0.41,Neutral,Volume Drying Up,Volume Drying Up (0.29x vs 10W Avg),-2.83,Underperformed Nifty by 2.83% in 3 Months,False,-2.83,15.5,187900826.74,0.3,0.59,0.29,True,True,"Stage 4, Stage 4, volume_dryup, weekly_volume_dryup, flags=Wide Risk;Low Liquidity, downtrend",weekly_watchlist,0.0,2.5,646.73,-23.9,[18.51],[2],0.0,2.0,weak,803
JBMA.NS,JBM Auto Limited,Auto Parts,Consumer Cyclical,Consumer Cyclical,False,Cash,1,Stage 4,Stage 4,Stage 4,0.66,Price is below weekly structure.,,,2026-08-28,,Stage 4,0.0,Weak,Volume Drying Up,Volume Drying Up (0.34x vs 10W Avg),-12.72,Underperformed Nifty by 12.72% in 3 Months,False,-12.72,-1.84,154527814.26,0.45,0.34,0.34,True,True,"Stage 4, Stage 4, volume_dryup, weekly_volume_dryup, flags=Wide Risk;Low Liquidity, downtrend",weekly_watchlist,0.0,2.5,707.76,-21.37,[29.96],[10],0.0,10.0,weak,804
TMPV.NS,Tata Motors Passenger Vehicles Limited,Auto Manufacturers,Consumer Cyclical,Consumer Cyclical,True,F&O,1,Stage 4,Stage 4,Stage 4,0.86,Price is below the 30-week trend and below long-term support structure.,,,,,Stage 4,0.0,Weak,Volume Expanding,Volume Expanding (1.71x vs 10W Avg),-11.51,Underperformed Nifty by 11.51% in 3 Months,False,-11.51,-8.7,3010526952.73,1.35,1.22,1.71,False,False,"Stage 4, Stage 4, flags=Wide Risk;Low Liquidity, downtrend",weekly_watchlist,0.0,2.5,353.82,-19.87,[21.35],[8],0.0,8.0,weak,805
ADVENZYMES.NS,Advanced Enzyme Technologies Limited,Specialty Chemicals,Basic Materials,Basic Materials,False,Cash,1,Stage 4,Stage 4,Stage 4,0.66,Price is below weekly structure.,,,2026-07-21,,Stage 4,0.0,Weak,Volume Drying Up,Volume Drying Up (0.68x vs 10W Avg),-5.56,Underperformed Nifty by 5.56% in 3 Months,False,-5.56,-0.79,60510397.87,0.81,0.57,0.68,True,True,"Stage 4, Stage 4, volume_dryup, weekly_volume_dryup, flags=Wider Risk;Low Liquidity, downtrend",weekly_watchlist,0.0,2.5,343.6,-18.04,[29.12],[7],0.0,7.0,weak,806
MARUTI.NS,Maruti Suzuki India Limited,Auto Manufacturers,Consumer Cyclical,Consumer Cyclical,True,F&O,1,Stage 4,Stage 4,Stage 4,0.86,Price is below the 30-week trend and below long-term support structure.,,,,,Stage 4,0.0,Weak,Volume Normal,Volume Normal (1.05x vs 10W Avg),-9.59,Underperformed Nifty by 9.59% in 3 Months,False,-9.59,-6.85,4361518368.5,0.99,1.23,1.05,False,False,"Stage 4, Stage 4, flags=Wide Risk;Low Liquidity, downtrend",weekly_watchlist,0.0,2.5,14321.44,-16.44,[9.6],[2],0.0,2.0,weak,807
BHARATFORG.NS,Bharat Forge Limited,Auto Parts,Consumer Cyclical,Consumer Cyclical,True,F&O,1,Stage 3,Stage 3,Late,0.76,"Prior strength has shifted into a Stage 3 transition based on trend, relative strength, and volume evidence.",,,2026-09-03,,Stage 3 Late,0.0,Neutral,Volume Normal,Volume Normal (0.89x vs 10W Avg),-3.15,Underperformed Nifty by 3.15% in 3 Months,False,-3.15,14.29,1774820117.95,0.89,1.2,0.89,False,True,"Stage 3, Late, weekly_volume_dryup, flags=Wide Risk;Low Liquidity, distribution_or_weakening_risk",weekly_watchlist,0.0,2.5,2299.02,-16.23,[16.81],[5],0.0,5.0,weak,808
ZFCVINDIA.NS,ZF Commercial Vehicle Control Systems India Limited,Auto Parts,Consumer Cyclical,Consumer Cyclical,False,Cash,1,Stage 1,Stage 1,Stage 1,0.64,Price is building a base around long-term weekly structure without a confirmed advancing phase.,,,2026-08-27,,Stage 1,0.0,Neutral,Volume Drying Up,Volume Drying Up (0.82x vs 10W Avg),4.53,Outperformed Nifty by 4.53% in 3 Months,False,4.53,1.79,229672974.3,1.23,1.37,0.82,False,True,"Stage 1, Stage 1, weekly_volume_dryup, flags=Wide Risk;Low Liquidity, stage1_not_actionable, stage1_needs_more_base",weekly_watchlist,0.0,2.5,2691.0,-13.01,[25.63],[4],0.0,4.0,weak,809
TATAELXSI.NS,Tata Elxsi Limited,Software - Application,Technology,Technology,True,F&O,1,Stage 4,Stage 4,Stage 4,0.86,Price is below the 30-week trend and below long-term support structure.,,,,,Stage 4,0.0,Weak,Volume Normal,Volume Normal (1.07x vs 10W Avg),-8.77,Underperformed Nifty by 8.77% in 3 Months,False,-8.77,-29.14,759341395.68,1.09,1.72,1.07,False,False,"Stage 4, Stage 4, flags=Wide Risk;Low Liquidity, downtrend",weekly_watchlist,0.0,2.5,3863.75,-20.05,[24.85],[7],0.0,7.0,weak,810
KFINTECH.NS,Kfin Technologies Limited,Software - Application,Technology,Technology,True,F&O,1,Stage 4,Stage 4,Stage 4,0.86,Price is below the 30-week trend and below long-term support structure.,,,,,Stage 4,0.0,Weak,Volume Drying Up,Volume Drying Up (0.65x vs 10W Avg),3.32,Outperformed Nifty by 3.32% in 3 Months,False,3.32,-7.43,456604998.11,0.57,0.63,0.65,True,True,"Stage 4, Stage 4, volume_dryup, weekly_volume_dryup, flags=Wider Risk;Low Liquidity, downtrend",weekly_watchlist,0.0,2.5,994.14,-15.5,[21.97],[4],0.0,4.0,weak,811
INDIAGLYCO.NS,India Glycols Limited,Chemicals,Basic Materials,Basic Materials,False,Cash,1,Stage 4,Stage 4,Stage 4,0.86,Price is below the 30-week trend and below long-term support structure.,,,2026-09-01,,Stage 4,0.0,Weak,Volume Expanding,Volume Expanding (4.17x vs 10W Avg),-64.55,Underperformed Nifty by 64.55% in 3 Months,False,-64.55,-66.97,204542469.5,2.82,0.53,4.17,False,False,"Stage 4, Stage 4, flags=Wide Base;Wide Weekly Base;Loose Structure;Wide Risk;Circuit Risk;Corporate Action Check;Low Liquidity, downtrend",weekly_watchlist,0.0,2.5,1221.13,-74.83,[81.9],[5],0.0,5.0,weak,812
ACI.NS,Archean Chemical Industries Limited,Chemicals,Basic Materials,Basic Materials,False,Cash,1,Stage 4,Stage 4,Stage 4,0.86,Price is below the 30-week trend and below long-term support structure.,,,,,Stage 4,0.0,Weak,Volume Drying Up,Volume Drying Up (0.80x vs 10W Avg),-1.51,Underperformed Nifty by 1.51% in 3 Months,False,-1.51,-16.36,164066452.77,0.83,0.55,0.8,True,True,"Stage 4, Stage 4, volume_dryup, weekly_volume_dryup, flags=Wide Risk;Low Liquidity, downtrend",weekly_watchlist,0.0,2.5,637.91,-23.84,[11.72],[19],0.0,19.0,weak,813
STYRENIX.NS,Styrenix Performance Materials Limited,Chemicals,Basic Materials,Basic Materials,False,Cash,1,Stage 3,Stage 3,Early,0.68,"Prior strength has shifted into a Stage 3 transition based on trend, relative strength, and volume evidence.",,,2026-08-11,,Stage 3 Early,0.0,Weak,Volume Drying Up,Volume Drying Up (0.49x vs 10W Avg),-4.09,Underperformed Nifty by 4.09% in 3 Months,False,-4.09,5.83,66195250.1,0.49,0.62,0.49,True,True,"Stage 3, Early, volume_dryup, weekly_volume_dryup, flags=Wider Risk;Low Liquidity, distribution_or_weakening_risk",weekly_watchlist,0.0,2.5,2630.56,-23.38,[25.19],[4],0.0,4.0,weak,814
NAVNETEDUL.NS,Navneet Education Limited,Communication Services,Communication Services,Communication Services,False,Cash,1,Stage 4,Stage 4,Stage 4,0.66,Price is below weekly structure.,,,,,Stage 4,0.0,Weak,Volume Drying Up,Volume Drying Up (0.57x vs 10W Avg),-11.57,Underperformed Nifty by 11.57% in 3 Months,False,-11.57,-8.85,12949060.45,0.61,0.76,0.57,True,True,"Stage 4, Stage 4, volume_dryup, weekly_volume_dryup, flags=Wide Risk;Low Liquidity, downtrend",weekly_watchlist,0.0,2.5,138.75,-11.7,[19.35],[3],0.0,3.0,weak,815
SANDHAR.NS,Sandhar Technologies Limited,Auto Parts,Consumer Cyclical,Consumer Cyclical,False,Cash,1,Failed Stage 2,Stage 3,Failed Stage 2,0.72,"This stock was recently Stage 2, but the latest structure no longer satisfies Stage 2 rules. It is kept as Failed Stage 2 until a fresh base/repair structure forms.",Recent Stage 2 break; public stage held as Failed Stage 2.,2026-09-30,2026-09-23,,Failed Stage 2,0.0,Weak,Volume Drying Up,Volume Drying Up (0.55x vs 10W Avg),-7.42,Underperformed Nifty by 7.42% in 3 Months,False,-7.42,23.48,69118680.37,0.5,0.89,0.55,True,True,"Stage 3, Early, volume_dryup, weekly_volume_dryup, flags=Wide Risk;Low Liquidity, distribution_or_weakening_risk | Stage 2 failed state applied from stage memory.",weekly_watchlist,0.0,2.5,701.63,-16.49,[24.66],[6],0.0,6.0,weak,816
BOMDYEING.NS,Bombay Dyeing & Mfg Company Limited,Textile Manufacturing,Consumer Cyclical,Consumer Cyclical,False,Cash,1,Stage 4,Stage 4,Stage 4,0.86,Price is below the 30-week trend and below long-term support structure.,,,,,Stage 4,0.0,Weak,Volume Drying Up,Volume Drying Up (0.44x vs 10W Avg),-9.89,Underperformed Nifty by 9.89% in 3 Months,False,-9.89,2.57,49296438.89,0.59,0.36,0.44,True,True,"Stage 4, Stage 4, volume_dryup, weekly_volume_dryup, flags=Wide Risk;Low Liquidity, downtrend",weekly_watchlist,0.0,2.5,125.7,-15.97,[27.96],[8],0.0,8.0,weak,817
IFBIND.NS,IFB Industries Limited,"Furnishings, Fixtures & Appliances",Consumer Cyclical,Consumer Cyclical,False,Cash,1,Stage 4,Stage 4,Stage 4,0.86,Price is below the 30-week trend and below long-term support structure.,,,,,Stage 4,0.0,Neutral,Volume Drying Up,Volume Drying Up (0.53x vs 10W Avg),1.02,Outperformed Nifty by 1.02% in 3 Months,False,1.02,21.38,37294766.04,0.62,0.69,0.53,True,True,"Stage 4, Stage 4, volume_dryup, weekly_volume_dryup, flags=Wide Weekly Base;Wider Risk;Low Liquidity, downtrend",weekly_watchlist,2.44,2.44,1477.13,-18.69,[48.93],[14],0.0,14.0,weak,818
JKCEMENT.NS,JK Cement Limited,Building Materials,Basic Materials,Basic Materials,False,Cash,1,Stage 4,Stage 4,Stage 4,0.66,Price is below weekly structure.,,,,,Stage 4,0.89,Neutral,Volume Expanding,Volume Normal (0.93x vs 10W Avg),-0.07,Underperformed Nifty by 0.07% in 3 Months,False,-0.07,-4.55,218295103.22,1.2,3.02,0.93,False,False,"Stage 4, Stage 4, flags=Wide Risk;Low Liquidity, downtrend",weekly_watchlist,2.4,2.4,5800.13,-12.48,"[21.01, 22.4]","[9, 7]",0.1,20.0,weak,819
INDIACEM.NS,The India Cements Limited,Building Materials,Basic Materials,Basic Materials,False,Cash,1,Stage 4,Stage 4,Stage 4,0.86,Price is below the 30-week trend and below long-term support structure.,,,,,Stage 4,0.0,Weak,Volume Expanding,Volume Normal (0.92x vs 10W Avg),-14.02,Underperformed Nifty by 14.02% in 3 Months,False,-14.02,-18.4,59670719.67,1.9,2.22,0.92,False,False,"Stage 4, Stage 4, flags=Loose Structure;Wide Risk;Low Liquidity, downtrend",weekly_watchlist,2.4,2.4,470.72,-35.88,"[20.47, 22.06]","[22, 6]",0.1,32.0,weak,820
BRITANNIA.NS,Britannia Industries Limited,Packaged Foods,Consumer Defensive,Consumer Defensive,True,F&O,1,Stage 4,Stage 4,Stage 4,0.66,Price is below weekly structure.,,,,,Stage 4,0.0,Weak,Volume Expanding,Volume Normal (1.15x vs 10W Avg),-3.17,Underperformed Nifty by 3.17% in 3 Months,False,-3.17,-12.69,1243692754.38,0.95,1.87,1.15,False,False,"Stage 4, Stage 4, flags=Wide Risk;Low Liquidity, downtrend",weekly_watchlist,2.4,2.4,5699.46,-15.26,"[13.8, 15.01]","[5, 6]",0.1,14.0,weak,821
TATACONSUM.NS,TATA CONSUMER PRODUCTS LIMITED,Packaged Foods,Consumer Defensive,Consumer Defensive,True,F&O,1,Stage 4,Stage 4,Stage 4,0.66,Price is below weekly structure.,,,,,Stage 4,0.0,Weak,Volume Normal,Volume Normal (1.16x vs 10W Avg),-8.26,Underperformed Nifty by 8.26% in 3 Months,False,-8.26,-11.13,1172357842.42,1.05,1.48,1.16,False,False,"Stage 4, Stage 4, flags=Wide Risk;Low Liquidity, downtrend",weekly_watchlist,2.4,2.4,1274.16,-25.48,"[15.0, 16.26]","[5, 7]",0.1,18.0,weak,822
IEX.NS,Indian Energy Exchange Limited,Capital Markets,Financial Services,Financial Services,True,F&O,1,Stage 4,Stage 4,Stage 4,0.86,Price is below the 30-week trend and below long-term support structure.,,,,,Stage 4,0.0,Weak,Volume Drying Up,Volume Normal (0.87x vs 10W Avg),-6.69,Underperformed Nifty by 6.69% in 3 Months,False,-6.69,-15.69,412678137.41,0.72,1.19,0.87,True,True,"Stage 4, Stage 4, volume_dryup, weekly_volume_dryup, flags=Wide Risk;Low Liquidity, downtrend",weekly_watchlist,2.4,2.4,135.0,-20.74,"[12.32, 13.27]","[5, 8]",0.1,15.0,weak,823
INDUSINDBK.NS,IndusInd Bank Limited,Banks - Regional,Financial Services,Financial Services,True,F&O,1,Failed Stage 2,Stage 3,Failed Stage 2,0.72,"This stock was recently Stage 2, but the latest structure no longer satisfies Stage 2 rules. It is kept as Failed Stage 2 until a fresh base/repair structure forms.",Recent Stage 2 break; public stage held as Failed Stage 2.,2026-09-30,2026-09-23,,Failed Stage 2,0.0,Neutral,Volume Expanding,Volume Expanding (1.61x vs 10W Avg),-3.93,Underperformed Nifty by 3.93% in 3 Months,False,-3.93,13.75,2022608441.33,1.67,1.35,1.61,False,False,"Stage 3, Late, flags=Wide Risk;Low Liquidity, distribution_or_weakening_risk | Stage 2 failed state applied from stage memory.",weekly_watchlist,1.38,2.38,1079.74,-16.52,[21.98],[10],0.0,10.0,weak,824
ITCHOTELS.NS,ITC Hotels Limited,Consumer Cyclical,Consumer Cyclical,Consumer Cyclical,False,Cash,1,Not Sure,Not Sure,Not Sure,0.0,Stage rules did not identify a reliable structure.,No confident stage classification.,,,,Not Sure - Unclear,7.85,Neutral,Volume Normal,Volume Normal (1.07x vs 10W Avg),-3.9,Underperformed Nifty by 3.9% in 3 Months,False,-3.9,11.26,254560475.9,1.13,1.05,1.07,False,False,"Not Sure, Unclear, flags=Wider Risk;Low Liquidity",weekly_watchlist,1.34,2.34,173.3,-5.29,[15.74],[2],0.0,2.0,weak,825
CEMPRO.NS,Cemindia Projects Limited,Engineering & Construction,Industrials,Industrials,False,Cash,1,Failed Stage 2,Stage 3,Failed Stage 2,0.72,"This stock was recently Stage 2, but the latest structure no longer satisfies Stage 2 rules. It is kept as Failed Stage 2 until a fresh base/repair structure forms.",Recent Stage 2 break; public stage held as Failed Stage 2.,2026-09-30,2026-09-24,,Failed Stage 2,5.04,Weak,Volume Drying Up,Volume Drying Up (0.38x vs 10W Avg),-14.84,Underperformed Nifty by 14.84% in 3 Months,False,-14.84,111.33,290242563.3,0.46,1.13,0.38,True,True,"Stage 3, Early, volume_dryup, weekly_volume_dryup, flags=Wide Base;Loose Structure;Wide Risk;Low Liquidity, distribution_or_weakening_risk | Stage 2 failed state applied from stage memory.",weekly_watchlist,1.8,1.8,1363.7,-12.58,[30.04],[3],0.0,3.0,weak,826
ADANIGREEN.NS,Adani Green Energy Limited,Utilities - Renewable,Utilities,Utilities,True,F&O,1,Stage 3,Stage 3,Early,0.68,"Prior strength has shifted into a Stage 3 transition based on trend, relative strength, and volume evidence.",,,2026-08-07,,Stage 3 Early,0.0,Neutral,Volume Drying Up,Volume Normal (0.96x vs 10W Avg),-10.71,Underperformed Nifty by 10.71% in 3 Months,False,-10.71,36.82,1468465256.51,0.8,1.05,0.96,True,False,"Stage 3, Early, volume_dryup, flags=Wide Risk;Low Liquidity, distribution_or_weakening_risk",weekly_watchlist,1.21,1.21,1429.5,-10.6,[25.53],[7],0.0,7.0,weak,827
3MINDIA.NS,3M India Limited,Conglomerates,Industrials,Industrials,False,Cash,1,Stage 3,Stage 3,Early,0.68,"Prior strength has shifted into a Stage 3 transition based on trend, relative strength, and volume evidence.",,,2026-08-13,,Stage 3 Early,7.96,Neutral,Volume Expanding,Volume Expanding (2.02x vs 10W Avg),-0.61,Underperformed Nifty by 0.61% in 3 Months,False,-0.61,8.43,171190075.75,1.42,0.79,2.02,False,False,"Stage 3, Early, flags=Wider Risk, distribution_or_weakening_risk",weekly_watchlist,1.18,1.18,37365.28,-13.93,[24.45],[7],0.0,7.0,weak,828
MASFIN.NS,MAS Financial Services Limited,Credit Services,Financial Services,Financial Services,False,Cash,1,Stage 4,Stage 4,Stage 4,0.66,Price is below weekly structure.,,,,,Stage 4,0.95,Weak,Volume Normal,Volume Normal (0.93x vs 10W Avg),-4.41,Underperformed Nifty by 4.41% in 3 Months,False,-4.41,-6.6,62263620.55,1.04,0.73,0.93,False,False,"Stage 4, Stage 4, flags=Wider Risk;Low Liquidity, downtrend",weekly_watchlist,0.0,1.0,310.2,-8.87,[19.16],[5],0.0,5.0,weak,829
BANKBARODA.NS,Bank of Baroda,Banks - Regional,Financial Services,Financial Services,True,F&O,1,Stage 4,Stage 4,Stage 4,0.86,Price is below the 30-week trend and below long-term support structure.,,,,,Stage 4,0.74,Weak,Volume Drying Up,Volume Drying Up (0.81x vs 10W Avg),-0.96,Underperformed Nifty by 0.96% in 3 Months,False,-0.96,-9.08,1505022968.49,0.76,1.57,0.81,True,True,"Stage 4, Stage 4, volume_dryup, weekly_volume_dryup, flags=Wider Risk;Low Liquidity, downtrend",weekly_watchlist,0.0,1.0,251.84,-8.45,[16.97],[5],0.0,5.0,weak,830
OLECTRA.NS,Olectra Greentech Limited,Farm & Heavy Construction Machinery,Industrials,Industrials,False,Cash,1,Stage 3,Stage 3,Early,0.68,"Prior strength has shifted into a Stage 3 transition based on trend, relative strength, and volume evidence.",,,2026-08-28,,Stage 3 Early,0.0,Weak,Volume Normal,Volume Normal (0.99x vs 10W Avg),-16.48,Underperformed Nifty by 16.48% in 3 Months,False,-16.48,9.3,463351724.59,1.29,1.0,0.99,False,False,"Stage 3, Early, flags=Wide Risk;Low Liquidity, distribution_or_weakening_risk",weekly_watchlist,0.0,1.0,1422.77,-20.28,[16.63],[3],0.0,3.0,weak,831
CAMPUS.NS,Campus Activewear Limited,Consumer Cyclical,Consumer Cyclical,Consumer Cyclical,False,Cash,1,Stage 4,Stage 4,Stage 4,0.86,Price is below the 30-week trend and below long-term support structure.,,,,,Stage 4,0.0,Weak,Volume Drying Up,Volume Drying Up (0.45x vs 10W Avg),-3.02,Underperformed Nifty by 3.02% in 3 Months,False,-3.02,-10.76,70134045.79,0.56,0.48,0.45,True,True,"Stage 4, Stage 4, volume_dryup, weekly_volume_dryup, flags=Wide Risk;Low Liquidity, downtrend",weekly_watchlist,0.0,1.0,258.38,-19.18,[17.26],[8],0.0,8.0,weak,832
DABUR.NS,Dabur India Limited,Household & Personal Products,Consumer Defensive,Consumer Defensive,True,F&O,1,Stage 4,Stage 4,Stage 4,0.86,Price is below the 30-week trend and below long-term support structure.,,,,,Stage 4,0.0,Weak,Volume Normal,Volume Normal (1.26x vs 10W Avg),-7.59,Underperformed Nifty by 7.59% in 3 Months,False,-7.59,-8.35,898537565.49,1.0,0.94,1.26,False,False,"Stage 4, Stage 4, flags=Wide Risk;Low Liquidity, downtrend",weekly_watchlist,0.0,1.0,450.95,-15.71,[18.24],[9],0.0,9.0,weak,833
PGHH.NS,Procter & Gamble Hygiene and Health Care Limited,Household & Personal Products,Consumer Defensive,Consumer Defensive,False,Cash,1,Stage 4,Stage 4,Stage 4,0.86,Price is below the 30-week trend and below long-term support structure.,,,,,Stage 4,0.0,Weak,Volume Expanding,Volume Normal (1.39x vs 10W Avg),-16.77,Underperformed Nifty by 16.77% in 3 Months,False,-16.77,-30.73,152605658.6,1.61,2.71,1.39,False,False,"Stage 4, Stage 4, flags=Loose Structure;Wide Risk;Low Liquidity, downtrend",weekly_watchlist,0.0,1.0,9390.39,-27.6,[30.62],[13],0.0,13.0,weak,834
RUSTOMJEE.NS,Keystone Realtors Limited,Real Estate,Real Estate,Real Estate,False,Cash,1,Stage 4,Stage 4,Stage 4,0.86,Price is below the 30-week trend and below long-term support structure.,,,,,Stage 4,0.0,Weak,Volume Drying Up,Volume Drying Up (0.62x vs 10W Avg),-9.02,Underperformed Nifty by 9.02% in 3 Months,False,-9.02,-8.64,38494241.23,0.4,0.19,0.62,True,True,"Stage 4, Stage 4, volume_dryup, weekly_volume_dryup, flags=Wide Risk;Low Liquidity, downtrend",weekly_watchlist,0.0,1.0,433.96,-16.77,[23.38],[5],0.0,5.0,weak,835
HDFCBANK.NS,HDFC Bank Limited,Banks - Regional,Financial Services,Financial Services,True,F&O,1,Stage 4,Stage 4,Stage 4,0.86,Price is below the 30-week trend and below long-term support structure.,,,,,Stage 4,0.0,Weak,Volume Normal,Volume Normal (1.06x vs 10W Avg),-7.8,Underperformed Nifty by 7.8% in 3 Months,False,-7.8,-7.98,20034430567.09,1.08,1.38,1.06,False,False,"Stage 4, Stage 4, flags=Wide Risk;Low Liquidity, downtrend",weekly_watchlist,0.0,1.0,844.48,-16.08,[19.11],[9],0.0,9.0,weak,836
TRENT.NS,Trent Limited,Consumer Cyclical,Consumer Cyclical,Consumer Cyclical,True,F&O,1,Stage 4,Stage 4,Stage 4,0.86,Price is below the 30-week trend and below long-term support structure.,,,,,Stage 4,0.0,Weak,Volume Normal,Volume Normal (1.11x vs 10W Avg),-14.8,Underperformed Nifty by 14.8% in 3 Months,False,-14.8,1.72,1893522952.99,0.98,1.21,1.11,False,False,"Stage 4, Stage 4, flags=Wider Risk;Low Liquidity, downtrend",weekly_watchlist,0.0,1.0,3250.18,-19.34,[16.58],[3],0.0,3.0,weak,837
LTF.NS,L&T Finance Limited,Credit Services,Financial Services,Financial Services,True,F&O,1,Failed Stage 2,Stage 4,Failed Stage 2,0.72,"This stock was recently Stage 2, but the latest structure no longer satisfies Stage 2 rules. It is kept as Failed Stage 2 until a fresh base/repair structure forms.",Recent Stage 2 break; public stage held as Failed Stage 2.,2026-09-30,2026-09-23,,Failed Stage 2,0.0,Weak,Volume Expanding,Volume Expanding (2.66x vs 10W Avg),-14.24,Underperformed Nifty by 14.24% in 3 Months,False,-14.24,3.88,1666151377.22,1.66,1.16,2.66,False,False,"Stage 4, Stage 4, flags=Wide Risk;Low Liquidity, downtrend | Stage 2 failed state applied from stage memory.",weekly_watchlist,0.0,1.0,327.6,-19.11,[12.24],[2],0.0,2.0,weak,838
GILLETTE.NS,Gillette India Limited,Household & Personal Products,Consumer Defensive,Consumer Defensive,False,Cash,1,Stage 4,Stage 4,Stage 4,0.66,Price is below weekly structure.,,,,,Stage 4,0.0,Weak,Volume Expanding,Volume Normal (1.23x vs 10W Avg),-2.41,Underperformed Nifty by 2.41% in 3 Months,False,-2.41,-7.29,149764979.07,1.6,1.88,1.23,False,False,"Stage 4, Stage 4, flags=Wider Risk;Low Liquidity, downtrend",weekly_watchlist,0.0,1.0,7577.24,-7.62,[11.06],[5],0.0,5.0,weak,839
J&KBANK.NS,The Jammu & Kashmir Bank Limited,Banks - Regional,Financial Services,Financial Services,False,Cash,1,Stage 3,Stage 3,Late,0.76,"Prior strength has shifted into a Stage 3 transition based on trend, relative strength, and volume evidence.",,,2026-08-21,,Stage 3 Late,0.0,Weak,Volume Drying Up,Volume Drying Up (0.42x vs 10W Avg),-8.51,Underperformed Nifty by 8.51% in 3 Months,False,-8.51,17.36,261683900.71,0.54,0.88,0.42,True,True,"Stage 3, Late, volume_dryup, weekly_volume_dryup, flags=Loose Structure;Wide Risk;Low Liquidity, distribution_or_weakening_risk",weekly_watchlist,0.0,1.0,150.83,-8.08,[27.29],[3],0.0,3.0,weak,840
JYOTHYLAB.NS,Jyothy Labs Limited,Household & Personal Products,Consumer Defensive,Consumer Defensive,False,Cash,1,Stage 4,Stage 4,Stage 4,0.86,Price is below the 30-week trend and below long-term support structure.,,,,,Stage 4,0.0,Weak,Volume Drying Up,Volume Drying Up (0.38x vs 10W Avg),4.54,Outperformed Nifty by 4.54% in 3 Months,False,4.54,-12.23,108544986.77,0.37,0.44,0.38,True,True,"Stage 4, Stage 4, volume_dryup, weekly_volume_dryup, flags=Low Liquidity, downtrend",weekly_watchlist,0.0,1.0,217.28,-14.07,[30.35],[14],0.0,14.0,weak,841
KALPATARU.NS,Kalpataru Limited,Real Estate,Real Estate,Real Estate,False,Cash,1,Stage 4,Stage 4,Stage 4,0.86,Price is below the 30-week trend and below long-term support structure.,,,,,Stage 4,0.0,Weak,Volume Drying Up,Volume Normal (0.88x vs 10W Avg),-2.89,Underperformed Nifty by 2.89% in 3 Months,False,-2.89,-4.74,17161349.87,0.71,0.88,0.88,True,True,"Stage 4, Stage 4, volume_dryup, weekly_volume_dryup, flags=Wide Weekly Base;Wide Risk;Low Liquidity, downtrend",weekly_watchlist,0.0,1.0,315.35,-11.62,[35.3],[10],0.0,10.0,weak,842
IXIGO.NS,Le Travenues Technology Limited,Consumer Cyclical,Consumer Cyclical,Consumer Cyclical,False,Cash,1,Stage 4,Stage 4,Stage 4,0.86,Price is below the 30-week trend and below long-term support structure.,,,,,Stage 4,0.0,Weak,Volume Drying Up,Volume Drying Up (0.71x vs 10W Avg),-17.68,Underperformed Nifty by 17.68% in 3 Months,False,-17.68,-5.83,218088121.38,1.02,0.69,0.71,False,True,"Stage 4, Stage 4, weekly_volume_dryup, flags=Wider Risk;Low Liquidity, downtrend",weekly_watchlist,0.0,1.0,207.71,-21.58,[30.37],[8],0.0,8.0,weak,843
AGIIL.NS,Agi Infra Limited,Real Estate,Real Estate,Real Estate,False,Cash,1,Stage 4,Stage 4,Stage 4,0.66,Price is below weekly structure.,,,,,Stage 4,0.0,Weak,Volume Normal,Volume Normal (1.18x vs 10W Avg),-18.79,Underperformed Nifty by 18.79% in 3 Months,False,-18.79,-16.7,475530090.17,1.36,0.22,1.18,False,False,"Stage 4, Stage 4, flags=Wide Risk;Low Liquidity, downtrend",weekly_watchlist,0.0,1.0,324.83,-18.51,[20.4],[4],0.0,4.0,weak,844
HEMIPROP.NS,Hemisphere Properties India Limited,Real Estate,Real Estate,Real Estate,False,Cash,1,Stage 4,Stage 4,Stage 4,0.86,Price is below the 30-week trend and below long-term support structure.,,,,,Stage 4,0.0,Weak,Volume Normal,Volume Normal (1.14x vs 10W Avg),-12.19,Underperformed Nifty by 12.19% in 3 Months,False,-12.19,-5.48,32548810.64,0.93,0.72,1.14,False,False,"Stage 4, Stage 4, flags=Wide Risk;Low Liquidity, downtrend",weekly_watchlist,0.0,1.0,143.95,-20.76,[19.99],[10],0.0,10.0,weak,845
SAMHI.NS,Samhi Hotels Limited,Lodging,Consumer Cyclical,Consumer Cyclical,False,Cash,1,Stage 4,Stage 4,Stage 4,0.86,Price is below the 30-week trend and below long-term support structure.,,,,,Stage 4,0.0,Weak,Volume Drying Up,Volume Drying Up (0.67x vs 10W Avg),-4.82,Underperformed Nifty by 4.82% in 3 Months,False,-4.82,3.66,280899282.08,0.86,0.57,0.67,False,True,"Stage 4, Stage 4, weekly_volume_dryup, flags=Wide Risk;Low Liquidity, downtrend",weekly_watchlist,0.0,1.0,172.8,-11.07,[14.17],[4],0.0,4.0,weak,846
PERSISTENT.NS,Persistent Systems Limited,Information Technology Services,Technology,Technology,True,F&O,1,Stage 1,Stage 1,Stage 1,0.64,Price is building a base around long-term weekly structure without a confirmed advancing phase.,,,,,Stage 1,2.99,Strong,Volume Drying Up,Volume Drying Up (0.77x vs 10W Avg),19.13,Outperformed Nifty by 19.13% in 3 Months,False,19.13,-2.94,2170846410.72,0.74,1.38,0.77,True,True,"Stage 1, Stage 1, volume_dryup, weekly_volume_dryup, flags=Wide Risk;Low Liquidity, stage1_not_actionable, stage1_needs_more_base",weekly_watchlist,0.62,0.62,5920.34,-10.83,[24.37],[4],0.0,4.0,weak,847
SUMICHEM.NS,Sumitomo Chemical India Limited,Agricultural Inputs,Basic Materials,Basic Materials,False,Cash,1,Failed Stage 2,Stage 3,Failed Stage 2,0.72,"This stock was recently Stage 2, but the latest structure no longer satisfies Stage 2 rules. It is kept as Failed Stage 2 until a fresh base/repair structure forms.",Recent Stage 2 break; public stage held as Failed Stage 2.,2026-09-30,2026-09-14,,Failed Stage 2,0.0,Weak,Volume Drying Up,Volume Drying Up (0.49x vs 10W Avg),-3.48,Underperformed Nifty by 3.48% in 3 Months,False,-3.48,9.14,128747364.11,0.8,1.13,0.49,True,True,"Stage 3, Early, volume_dryup, weekly_volume_dryup, flags=Loose Structure;Wide Risk;Low Liquidity, distribution_or_weakening_risk | Stage 2 failed state applied from stage memory.",weekly_watchlist,0.37,0.37,573.05,-24.4,[20.01],[8],0.0,8.0,weak,848
HINDALCO.NS,Hindalco Industries Limited,Basic Materials,Basic Materials,Basic Materials,True,F&O,1,Failed Stage 2,Stage 1,Failed Stage 2,0.72,"This stock was recently Stage 2, but the latest structure no longer satisfies Stage 2 rules. It is kept as Failed Stage 2 until a fresh base/repair structure forms.",Recent Stage 2 break; public stage held as Failed Stage 2.,2026-09-30,2026-09-23,,Failed Stage 2,3.2,Weak,Volume Normal,Volume Normal (0.98x vs 10W Avg),3.36,Outperformed Nifty by 3.36% in 3 Months,False,3.36,-2.11,3368366103.88,1.07,1.34,0.98,False,False,"Stage 1, Stage 1, flags=Wide Risk;Low Liquidity, stage1_not_actionable, stage1_needs_more_base | Stage 2 failed state applied from stage memory.",weekly_watchlist,0.33,0.33,1089.85,-13.58,[20.28],[5],0.0,5.0,weak,849
NTPC.NS,NTPC Limited,Utilities,Utilities,Utilities,True,F&O,1,Stage 4,Stage 4,Stage 4,0.66,Price is below weekly structure.,,,,,Stage 4,1.21,Weak,Volume Normal,Volume Normal (0.92x vs 10W Avg),-1.62,Underperformed Nifty by 1.62% in 3 Months,False,-1.62,-12.85,2328550142.24,0.92,0.91,0.92,False,False,"Stage 4, Stage 4, flags=Wider Risk;Low Liquidity, downtrend",weekly_watchlist,0.2,0.2,365.94,-11.8,[21.94],[18],0.0,18.0,weak,850
NLCINDIA.NS,NLC India Limited,Utilities,Utilities,Utilities,False,Cash,1,Stage 4,Stage 4,Stage 4,0.66,Price is below weekly structure.,,,2026-07-21,,Stage 4,0.46,Weak,Volume Drying Up,Volume Drying Up (0.79x vs 10W Avg),-8.14,Underperformed Nifty by 8.14% in 3 Months,False,-8.14,-4.8,391974936.29,0.8,1.35,0.79,True,True,"Stage 4, Stage 4, volume_dryup, weekly_volume_dryup, flags=Wide Risk;Low Liquidity, downtrend",weekly_watchlist,0.2,0.2,307.95,-15.02,[32.1],[14],0.0,14.0,weak,851
TORNTPOWER.NS,Torrent Power Limited,Utilities,Utilities,Utilities,False,Cash,1,Stage 4,Stage 4,Stage 4,0.86,Price is below the 30-week trend and below long-term support structure.,,,,,Stage 4,0.39,Weak,Volume Drying Up,Volume Drying Up (0.39x vs 10W Avg),-1.41,Underperformed Nifty by 1.41% in 3 Months,False,-1.41,-11.96,454602541.9,0.5,0.51,0.39,True,True,"Stage 4, Stage 4, volume_dryup, weekly_volume_dryup, flags=Wider Risk;Low Liquidity, downtrend",weekly_watchlist,0.2,0.2,1820.99,-31.58,[13.9],[34],0.0,34.0,weak,852
UBL.NS,United Breweries Limited,Consumer Defensive,Consumer Defensive,Consumer Defensive,False,Cash,1,Stage 4,Stage 4,Stage 4,0.86,Price is below the 30-week trend and below long-term support structure.,,,,,Stage 4,0.0,Weak,Volume Expanding,Volume Normal (1.13x vs 10W Avg),-8.02,Underperformed Nifty by 8.02% in 3 Months,False,-8.02,-21.79,200385357.98,1.14,2.47,1.13,False,False,"Stage 4, Stage 4, flags=Wide Risk;Low Liquidity, downtrend",weekly_watchlist,0.2,0.2,1456.2,-20.47,[28.28],[13],0.0,13.0,weak,853
INDIASHLTR.NS,India Shelter Finance Corporation Limited,Mortgage Finance,Financial Services,Financial Services,False,Cash,1,Stage 4,Stage 4,Stage 4,0.86,Price is below the 30-week trend and below long-term support structure.,,,,,Stage 4,0.0,Weak,Volume Drying Up,Volume Normal (0.94x vs 10W Avg),-12.73,Underperformed Nifty by 12.73% in 3 Months,False,-12.73,-16.92,59366044.67,0.71,0.49,0.94,True,False,"Stage 4, Stage 4, volume_dryup, flags=Loose Structure;Wide Risk, downtrend",weekly_watchlist,0.2,0.2,830.7,-23.49,[24.3],[12],0.0,12.0,weak,854
NBCC.NS,NBCC (India) Limited,Engineering & Construction,Industrials,Industrials,True,F&O,1,Stage 4,Stage 4,Stage 4,0.86,Price is below the 30-week trend and below long-term support structure.,,,,,Stage 4,0.0,Weak,Volume Normal,Volume Normal (1.08x vs 10W Avg),-13.82,Underperformed Nifty by 13.82% in 3 Months,False,-13.82,-7.37,380106295.87,0.98,1.29,1.08,False,False,"Stage 4, Stage 4, flags=Wide Weekly Base;Wide Risk;Low Liquidity, downtrend",weekly_watchlist,0.2,0.2,113.7,-30.96,[38.6],[13],0.0,13.0,weak,855
WAAREEENER.NS,Waaree Energies Limited,Solar,Technology,Technology,True,F&O,1,Stage 4,Stage 4,Stage 4,0.86,Price is below the 30-week trend and below long-term support structure.,,,,,Stage 4,0.0,Weak,Volume Drying Up,Volume Drying Up (0.80x vs 10W Avg),-10.58,Underperformed Nifty by 10.58% in 3 Months,False,-10.58,-24.24,1443617098.26,0.98,0.73,0.8,False,True,"Stage 4, Stage 4, weekly_volume_dryup, flags=Wide Risk;Low Liquidity, downtrend",weekly_watchlist,0.2,0.2,3160.84,-24.88,[28.0],[14],0.0,14.0,weak,856
WAAREERTL.NS,Waaree Renewable Technologies Limited,Utilities - Renewable,Utilities,Utilities,False,Cash,1,Stage 4,Stage 4,Stage 4,0.86,Price is below the 30-week trend and below long-term support structure.,,,,,Stage 4,0.0,Weak,Volume Drying Up,Volume Drying Up (0.63x vs 10W Avg),-11.53,Underperformed Nifty by 11.53% in 3 Months,False,-11.53,-5.58,99266873.21,1.0,0.73,0.63,False,True,"Stage 4, Stage 4, weekly_volume_dryup, flags=Wider Risk;Low Liquidity, downtrend",weekly_watchlist,0.2,0.2,865.61,-5.28,[24.53],[5],0.0,5.0,weak,857
VSTIND.NS,VST Industries Limited,Consumer Defensive,Consumer Defensive,Consumer Defensive,False,Cash,1,Stage 4,Stage 4,Stage 4,0.66,Price is below weekly structure.,,,,,Stage 4,0.0,Weak,Volume Drying Up,Volume Drying Up (0.53x vs 10W Avg),-13.9,Underperformed Nifty by 13.9% in 3 Months,False,-13.9,-1.42,21674683.61,0.69,0.75,0.53,True,True,"Stage 4, Stage 4, volume_dryup, weekly_volume_dryup, flags=Wide Risk;Low Liquidity, downtrend",weekly_watchlist,0.2,0.2,215.08,-5.54,[12.41],[5],0.0,5.0,weak,858
CRIZAC.NS,Crizac Limited,Consumer Defensive,Consumer Defensive,Consumer Defensive,False,Cash,1,Stage 4,Stage 4,Stage 4,0.86,Price is below the 30-week trend and below long-term support structure.,,,,,Stage 4,0.0,Weak,Volume Drying Up,Volume Normal (1.15x vs 10W Avg),-7.81,Underperformed Nifty by 7.81% in 3 Months,False,-7.81,-16.34,59509710.11,0.8,0.33,1.15,True,False,"Stage 4, Stage 4, volume_dryup, flags=Wide Weekly Base;Wide Risk;Low Liquidity, downtrend",weekly_watchlist,0.2,0.2,207.39,-17.97,[35.08],[14],0.0,14.0,weak,859
LICI.NS,Life Insurance Corporation Of India,Insurance - Life,Financial Services,Financial Services,True,F&O,1,Not Sure,Stage 1,Pending Stage 1,0.55,Blocked public stage jump Stage 3 -> Stage 1; waiting for intermediate/confirmed structure.,Blocked public stage jump Stage 3 -> Stage 1; waiting for intermediate/confirmed structure.,,,Stage 1,Not Sure - Unclear,4.81,Neutral,Volume Drying Up,Volume Drying Up (0.83x vs 10W Avg),-1.1,Underperformed Nifty by 1.1% in 3 Months,False,-1.1,7.55,2804361129.49,0.67,0.77,0.83,True,True,"Stage 1, Stage 1, volume_dryup, weekly_volume_dryup, flags=Wide Risk;Low Liquidity, stage1_not_actionable, stage1_needs_more_base | Blocked public stage jump Stage 3 -> Stage 1; waiting for intermediate/confirmed structure.",weekly_watchlist,0.0,0.0,431.3,-8.37,[13.78],[3],0.0,3.0,weak,860
ECLERX.NS,eClerx Services Limited,Information Technology Services,Technology,Technology,False,Cash,1,Stage 3,Stage 3,Early,0.68,"Prior strength has shifted into a Stage 3 transition based on trend, relative strength, and volume evidence.",,,,,Stage 3 Early,4.07,Very Strong,Volume Drying Up,Volume Drying Up (0.65x vs 10W Avg),28.33,Outperformed Nifty by 28.33% in 3 Months,False,28.33,20.49,290402529.91,0.74,0.88,0.65,True,True,"Stage 3, Early, volume_dryup, weekly_volume_dryup, flags=Wide Risk;Low Liquidity, distribution_or_weakening_risk",weekly_watchlist,0.0,0.0,2065.61,-11.9,[14.42],[4],0.0,4.0,weak,861
SRF.NS,SRF Limited,Conglomerates,Industrials,Industrials,True,F&O,1,Stage 4,Stage 4,Stage 4,0.66,Price is below weekly structure.,,,,,Stage 4,4.02,Weak,Volume Drying Up,Volume Drying Up (0.55x vs 10W Avg),-5.69,Underperformed Nifty by 5.69% in 3 Months,False,-5.69,2.09,535712478.75,0.75,1.38,0.55,True,True,"Stage 4, Stage 4, volume_dryup, weekly_volume_dryup, flags=Wider Risk;Low Liquidity, downtrend",weekly_watchlist,0.0,0.0,2969.56,-16.74,[23.58],[9],0.0,9.0,weak,862
HCLTECH.NS,HCL Technologies Limited,Information Technology Services,Technology,Technology,True,F&O,1,Stage 4,Stage 4,Stage 4,0.66,Price is below weekly structure.,,,,,Stage 4,3.83,Strong,Volume Expanding,Volume Normal (1.21x vs 10W Avg),16.35,Outperformed Nifty by 16.35% in 3 Months,False,16.35,-13.45,3063922348.1,1.11,1.87,1.21,False,False,"Stage 4, Stage 4, flags=Wide Risk;Low Liquidity, downtrend",weekly_watchlist,0.0,0.0,1379.8,-10.86,[13.34],[4],0.0,4.0,weak,863
CARERATING.NS,CARE Ratings Limited,Financial Services,Financial Services,Financial Services,False,Cash,1,Stage 1,Stage 1,Stage 1,0.64,Price is building a base around long-term weekly structure without a confirmed advancing phase.,,,,,Stage 1,3.76,Strong,Volume Drying Up,Volume Drying Up (0.75x vs 10W Avg),3.34,Outperformed Nifty by 3.34% in 3 Months,False,3.34,3.71,96135387.25,0.84,0.87,0.75,True,True,"Stage 1, Stage 1, volume_dryup, weekly_volume_dryup, flags=Wider Risk;Low Liquidity, stage1_not_actionable, stage1_needs_more_base",weekly_watchlist,0.0,0.0,1812.17,-10.79,[10.51],[3],0.0,3.0,weak,864
TECHNOE.NS,Techno Electric & Engineering Company Limited,Engineering & Construction,Industrials,Industrials,False,Cash,1,Stage 4,Stage 4,Stage 4,0.86,Price is below the 30-week trend and below long-term support structure.,,,,,Stage 4,3.6,Neutral,Volume Drying Up,Volume Drying Up (0.74x vs 10W Avg),1.46,Outperformed Nifty by 1.46% in 3 Months,False,1.46,-4.13,137732612.51,0.83,0.92,0.74,True,True,"Stage 4, Stage 4, volume_dryup, weekly_volume_dryup, flags=Wide Risk;Low Liquidity, downtrend",weekly_watchlist,0.0,0.0,1073.15,-6.0,[28.93],[2],0.0,2.0,weak,865
ABSLAMC.NS,Aditya Birla Sun Life AMC Limited,Asset Management,Financial Services,Financial Services,False,Cash,1,Failed Stage 2,Stage 3,Failed Stage 2,0.72,"This stock was recently Stage 2, but the latest structure no longer satisfies Stage 2 rules. It is kept as Failed Stage 2 until a fresh base/repair structure forms.",Recent Stage 2 break; public stage held as Failed Stage 2.,2026-09-30,2026-09-23,,Failed Stage 2,3.44,Neutral,Volume Drying Up,Volume Drying Up (0.55x vs 10W Avg),-5.3,Underperformed Nifty by 5.3% in 3 Months,False,-5.3,8.39,197238224.81,0.78,1.07,0.55,True,True,"Stage 3, Early, volume_dryup, weekly_volume_dryup, flags=Wide Risk;Low Liquidity, distribution_or_weakening_risk | Stage 2 failed state applied from stage memory.",weekly_watchlist,0.0,0.0,1118.85,-11.04,[18.55],[4],0.0,4.0,weak,866
GODIGIT.NS,Go Digit General Insurance Limited,Financial Services,Financial Services,Financial Services,False,Cash,1,Stage 4,Stage 4,Stage 4,0.86,Price is below the 30-week trend and below long-term support structure.,,,,,Stage 4,2.62,Weak,Volume Expanding,Volume Expanding (3.31x vs 10W Avg),-9.88,Underperformed Nifty by 9.88% in 3 Months,False,-9.88,-21.19,266953287.75,2.14,1.98,3.31,False,False,"Stage 4, Stage 4, flags=Low Liquidity, downtrend",weekly_watchlist,0.0,0.0,291.41,-10.76,[26.66],[4],0.0,4.0,weak,867
NUVAMA.NS,Nuvama Wealth Management Limited,Asset Management,Financial Services,Financial Services,True,F&O,1,Failed Stage 2,Stage 3,Failed Stage 2,0.72,"This stock was recently Stage 2, but the latest structure no longer satisfies Stage 2 rules. It is kept as Failed Stage 2 until a fresh base/repair structure forms.",Recent Stage 2 break; public stage held as Failed Stage 2.,2026-09-30,2026-09-25,,Failed Stage 2,1.16,Neutral,Volume Drying Up,Volume Normal (0.99x vs 10W Avg),-4.8,Underperformed Nifty by 4.8% in 3 Months,False,-4.8,40.53,438551234.73,0.7,0.72,0.99,True,False,"Stage 3, Early, volume_dryup, flags=Wide Risk;Low Liquidity, distribution_or_weakening_risk | Stage 2 failed state applied from stage memory.",weekly_watchlist,0.0,0.0,1907.23,-13.36,[23.59],[3],0.0,3.0,weak,868
CARYSIL.NS,CARYSIL LIMITED,"Furnishings, Fixtures & Appliances",Consumer Cyclical,Consumer Cyclical,False,Cash,1,Failed Stage 2,Stage 3,Failed Stage 2,0.72,"This stock was recently Stage 2, but the latest structure no longer satisfies Stage 2 rules. It is kept as Failed Stage 2 until a fresh base/repair structure forms.",Recent Stage 2 break; public stage held as Failed Stage 2.,2026-09-30,2026-09-29,,Failed Stage 2,0.53,Neutral,Volume Expanding,Volume Normal (1.06x vs 10W Avg),-2.62,Underperformed Nifty by 2.62% in 3 Months,False,-2.62,27.78,104845888.47,0.98,1.8,1.06,False,False,"Stage 3, Early, flags=Wide Risk;Low Liquidity, distribution_or_weakening_risk | Stage 2 failed state applied from stage memory.",weekly_watchlist,0.0,0.0,1271.94,-18.54,[13.21],[3],0.0,3.0,weak,869
ICICIGI.NS,ICICI Lombard General Insurance Company Limited,Financial Services,Financial Services,Financial Services,True,F&O,1,Stage 4,Stage 4,Stage 4,0.66,Price is below weekly structure.,,,,,Stage 4,0.5,Weak,Volume Expanding,Volume Normal (1.49x vs 10W Avg),-4.14,Underperformed Nifty by 4.14% in 3 Months,False,-4.14,-8.86,1276287125.43,1.22,2.1,1.49,False,False,"Stage 4, Stage 4, flags=Low Liquidity, downtrend",weekly_watchlist,0.0,0.0,1774.1,-10.38,[18.43],[3],0.0,3.0,weak,870
BBTC.NS,The Bombay Burmah Trading Corporation Limited,Packaged Foods,Consumer Defensive,Consumer Defensive,False,Cash,1,Stage 4,Stage 4,Stage 4,0.86,Price is below the 30-week trend and below long-term support structure.,,,,,Stage 4,0.47,Weak,Volume Drying Up,Volume Drying Up (0.19x vs 10W Avg),-6.0,Underperformed Nifty by 6.0% in 3 Months,False,-6.0,-6.68,261496296.16,0.77,0.04,0.19,True,True,"Stage 4, Stage 4, volume_dryup, weekly_volume_dryup, flags=Wide Risk, downtrend",weekly_watchlist,0.0,0.0,1641.87,-17.33,[11.67],[4],0.0,4.0,weak,871
NESTLEIND.NS,Nestle India Limited,Packaged Foods,Consumer Defensive,Consumer Defensive,True,F&O,1,Not Sure,Stage 3,Pending Stage 3,0.55,Blocked public stage jump Stage 1 -> Stage 3; waiting for intermediate/confirmed structure.,Blocked public stage jump Stage 1 -> Stage 3; waiting for intermediate/confirmed structure.,,2026-09-01,Stage 3,Not Sure - Unclear,0.4,Weak,Volume Drying Up,Volume Drying Up (0.54x vs 10W Avg),-3.88,Underperformed Nifty by 3.88% in 3 Months,False,-3.88,6.35,1455835142.57,0.68,1.04,0.54,True,True,"Stage 3, Early, volume_dryup, weekly_volume_dryup, flags=Wide Risk;Low Liquidity, distribution_or_weakening_risk | Blocked public stage jump Stage 1 -> Stage 3; waiting for intermediate/confirmed structure.",weekly_watchlist,0.0,0.0,1555.72,-15.79,[8.68],[3],0.0,3.0,weak,872
LT.NS,Larsen & Toubro Limited,Engineering & Construction,Industrials,Industrials,True,F&O,1,Stage 1,Stage 1,Stage 1,0.64,Price is building a base around long-term weekly structure without a confirmed advancing phase.,,,,,Stage 1,0.36,Neutral,Volume Normal,Volume Normal (1.27x vs 10W Avg),-0.15,Underperformed Nifty by 0.15% in 3 Months,False,-0.15,0.68,5694712730.63,1.03,1.78,1.27,False,False,"Stage 1, Stage 1, flags=Wider Risk;Low Liquidity, stage1_not_actionable, stage1_needs_more_base",weekly_watchlist,0.0,0.0,4132.52,-9.01,[12.93],[4],0.0,4.0,weak,873
STARHEALTH.NS,Star Health and Allied Insurance Company Limited,Insurance - Life,Financial Services,Financial Services,False,Cash,1,Failed Stage 2,Stage 1,Failed Stage 2,0.72,"This stock was recently Stage 2, but the latest structure no longer satisfies Stage 2 rules. It is kept as Failed Stage 2 until a fresh base/repair structure forms.",Recent Stage 2 break; public stage held as Failed Stage 2.,2026-09-30,2026-09-28,,Failed Stage 2,0.03,Neutral,Volume Expanding,Volume Expanding (3.66x vs 10W Avg),-1.23,Underperformed Nifty by 1.23% in 3 Months,False,-1.23,14.72,562674913.85,2.42,0.32,3.66,False,False,"Stage 1, Stage 1, flags=Wide Risk;Low Liquidity, stage1_not_actionable, stage1_needs_more_base | Stage 2 failed state applied from stage memory.",weekly_watchlist,0.0,0.0,585.12,-8.63,[16.09],[3],0.0,3.0,weak,874
GLOBUSSPR.NS,Globus Spirits Limited,Consumer Defensive,Consumer Defensive,Consumer Defensive,False,Cash,1,Stage 4,Stage 4,Stage 4,0.86,Price is below the 30-week trend and below long-term support structure.,,,,,Stage 4,0.0,Weak,Volume Drying Up,Volume Drying Up (0.80x vs 10W Avg),-7.46,Underperformed Nifty by 7.46% in 3 Months,False,-7.46,-11.21,66956277.08,0.71,1.75,0.8,True,True,"Stage 4, Stage 4, volume_dryup, weekly_volume_dryup, flags=Wide Risk;Low Liquidity, downtrend",weekly_watchlist,0.0,0.0,929.17,-15.36,[28.25],[5],0.0,5.0,weak,875
AVANTIFEED.NS,Avanti Feeds Limited,Packaged Foods,Consumer Defensive,Consumer Defensive,False,Cash,1,Stage 4,Stage 4,Stage 4,0.86,Price is below the 30-week trend and below long-term support structure.,,,,,Stage 4,0.0,Weak,Volume Drying Up,Volume Normal (0.93x vs 10W Avg),-16.58,Underperformed Nifty by 16.58% in 3 Months,False,-16.58,-42.81,230641821.47,0.8,1.7,0.93,True,False,"Stage 4, Stage 4, volume_dryup, flags=Wide Base;Loose Structure;Wide Risk;Low Liquidity, downtrend",weekly_watchlist,0.0,0.0,849.38,-15.49,[25.97],[6],0.0,6.0,weak,876
IGL.NS,Indraprastha Gas Limited,Utilities,Utilities,Utilities,False,Cash,1,Stage 4,Stage 4,Stage 4,0.86,Price is below the 30-week trend and below long-term support structure.,,,,,Stage 4,0.0,Neutral,Volume Normal,Volume Normal (1.14x vs 10W Avg),2.46,Outperformed Nifty by 2.46% in 3 Months,False,2.46,-3.04,265423176.65,1.09,1.39,1.14,False,False,"Stage 4, Stage 4, flags=Wide Risk;Low Liquidity, downtrend",weekly_watchlist,0.0,0.0,159.5,-8.71,[16.73],[10],0.0,10.0,weak,877
NH.NS,Narayana Hrudayalaya Ltd.,Medical Care Facilities,Healthcare,Healthcare,False,Cash,1,Stage 4,Stage 4,Stage 4,0.66,Price is below weekly structure.,,,2026-07-31,,Stage 4,0.0,Neutral,Volume Drying Up,Volume Normal (1.17x vs 10W Avg),-3.39,Underperformed Nifty by 3.39% in 3 Months,False,-3.39,4.32,391023649.14,0.78,1.48,1.17,True,False,"Stage 4, Stage 4, volume_dryup, flags=Wide Risk;Low Liquidity, downtrend",weekly_watchlist,0.0,0.0,1949.6,-8.11,[14.9],[3],0.0,3.0,weak,878
TRIVENI.NS,Triveni Engineering & Industries Limited,Consumer Defensive,Consumer Defensive,Consumer Defensive,False,Cash,1,Stage 4,Stage 4,Stage 4,0.86,Price is below the 30-week trend and below long-term support structure.,,,2026-07-21,,Stage 4,0.0,Weak,Volume Drying Up,Volume Drying Up (0.69x vs 10W Avg),-41.58,Underperformed Nifty by 41.58% in 3 Months,False,-41.58,-40.96,173551575.23,0.64,0.29,0.69,True,True,"Stage 4, Stage 4, volume_dryup, weekly_volume_dryup, flags=Wide Base;Wide Weekly Base;Loose Structure;Wide Risk;Corporate Action Check, downtrend",weekly_watchlist,0.0,0.0,314.06,-24.95,[55.1],[2],0.0,2.0,weak,879
TCS.NS,Tata Consultancy Services Limited,Information Technology Services,Technology,Technology,True,F&O,1,Stage 4,Stage 4,Stage 4,0.86,Price is below the 30-week trend and below long-term support structure.,,,,,Stage 4,0.0,Weak,Volume Normal,Volume Normal (1.03x vs 10W Avg),7.01,Outperformed Nifty by 7.01% in 3 Months,False,7.01,-19.01,6425898271.37,1.08,1.31,1.03,False,False,"Stage 4, Stage 4, flags=Wide Risk;Low Liquidity, downtrend",weekly_watchlist,0.0,0.0,2403.5,-14.68,[19.56],[4],0.0,4.0,weak,880
CHAMBLFERT.NS,Chambal Fertilizers & Chemicals Limited,Agricultural Inputs,Basic Materials,Basic Materials,False,Cash,1,Stage 4,Stage 4,Stage 4,0.66,Price is below weekly structure.,,,,,Stage 4,0.0,Weak,Volume Normal,Volume Normal (0.91x vs 10W Avg),-6.07,Underperformed Nifty by 6.07% in 3 Months,False,-6.07,-8.89,190821837.23,0.9,0.68,0.91,False,False,"Stage 4, Stage 4, flags=Wide Risk;Low Liquidity, downtrend",weekly_watchlist,0.0,0.0,460.76,-11.18,[14.6],[5],0.0,5.0,weak,881
BAYERCROP.NS,Bayer Cropscience Limited,Agricultural Inputs,Basic Materials,Basic Materials,False,Cash,1,Stage 4,Stage 4,Stage 4,0.86,Price is below the 30-week trend and below long-term support structure.,,,,,Stage 4,0.0,Weak,Volume Expanding,Volume Expanding (1.90x vs 10W Avg),-5.05,Underperformed Nifty by 5.05% in 3 Months,False,-5.05,-22.21,124987457.39,2.14,0.76,1.9,False,False,"Stage 4, Stage 4, flags=Wide Risk;Low Liquidity, downtrend",weekly_watchlist,0.0,0.0,4499.76,-19.38,[20.4],[11],0.0,11.0,weak,882
JISLJALEQS.NS,Jain Irrigation Systems Limited,Conglomerates,Industrials,Industrials,False,Cash,1,Stage 4,Stage 4,Stage 4,0.86,Price is below the 30-week trend and below long-term support structure.,,,,,Stage 4,0.0,Weak,Volume Drying Up,Volume Drying Up (0.57x vs 10W Avg),-10.86,Underperformed Nifty by 10.86% in 3 Months,False,-10.86,-6.52,158925747.38,1.2,0.36,0.57,False,True,"Stage 4, Stage 4, weekly_volume_dryup, flags=Wide Risk;Low Liquidity, downtrend",weekly_watchlist,0.0,0.0,33.0,-15.36,[31.09],[8],0.0,8.0,weak,883
DREDGECORP.NS,Dredging Corporation of India Limited,Engineering & Construction,Industrials,Industrials,False,Cash,1,Failed Stage 2,Stage 3,Failed Stage 2,0.72,"This stock was recently Stage 2, but the latest structure no longer satisfies Stage 2 rules. It is kept as Failed Stage 2 until a fresh base/repair structure forms.",Recent Stage 2 break; public stage held as Failed Stage 2.,2026-09-30,2026-09-14,,Failed Stage 2,0.0,Weak,Volume Drying Up,Volume Drying Up (0.58x vs 10W Avg),-7.59,Underperformed Nifty by 7.59% in 3 Months,False,-7.59,8.42,74623996.95,0.52,0.64,0.58,True,True,"Stage 3, Early, volume_dryup, weekly_volume_dryup, flags=Wide Risk;Low Liquidity, distribution_or_weakening_risk | Stage 2 failed state applied from stage memory.",weekly_watchlist,0.0,0.0,1206.11,-23.7,[25.23],[7],0.0,7.0,weak,884
CERA.NS,Cera Sanitaryware Limited,Building Products & Equipment,Industrials,Industrials,False,Cash,1,Stage 3,Stage 3,Early,0.68,"Prior strength has shifted into a Stage 3 transition based on trend, relative strength, and volume evidence.",,,2026-09-04,,Stage 3 Early,0.0,Weak,Volume Expanding,Volume Expanding (1.90x vs 10W Avg),-14.87,Underperformed Nifty by 14.87% in 3 Months,False,-14.87,5.72,46519261.35,1.2,3.55,1.9,False,False,"Stage 3, Early, flags=Wide Risk;Low Liquidity, distribution_or_weakening_risk",weekly_watchlist,0.0,0.0,5948.89,-14.47,[13.56],[4],0.0,4.0,weak,885
ATGL.NS,Adani Total Gas Limited,Utilities,Utilities,Utilities,False,Cash,1,Failed Stage 2,Stage 3,Failed Stage 2,0.72,"This stock was recently Stage 2, but the latest structure no longer satisfies Stage 2 rules. It is kept as Failed Stage 2 until a fresh base/repair structure forms.",Recent Stage 2 break; public stage held as Failed Stage 2.,2026-09-30,2026-09-18,,Failed Stage 2,0.0,Weak,Volume Drying Up,Volume Drying Up (0.36x vs 10W Avg),-11.2,Underperformed Nifty by 11.2% in 3 Months,False,-11.2,13.06,1737878319.06,2.99,0.27,0.36,False,True,"Stage 3, Early, weekly_volume_dryup, flags=Wide Risk;Low Liquidity, distribution_or_weakening_risk | Stage 2 failed state applied from stage memory.",weekly_watchlist,0.0,0.0,687.9,-13.66,[14.25],[3],0.0,3.0,weak,886
WIPRO.NS,Wipro Limited,Information Technology Services,Technology,Technology,True,F&O,1,Stage 4,Stage 4,Stage 4,0.86,Price is below the 30-week trend and below long-term support structure.,,,,,Stage 4,0.0,Weak,Volume Expanding,Volume Expanding (3.76x vs 10W Avg),-1.24,Underperformed Nifty by 1.24% in 3 Months,False,-1.24,-22.99,2909637964.36,1.92,1.09,3.76,False,False,"Stage 4, Stage 4, flags=Wide Risk;Low Liquidity, downtrend",weekly_watchlist,0.0,0.0,184.82,-14.24,[19.91],[5],0.0,5.0,weak,887
HAPPSTMNDS.NS,Happiest Minds Technologies Limited,Information Technology Services,Technology,Technology,False,Cash,1,Stage 4,Stage 4,Stage 4,0.86,Price is below the 30-week trend and below long-term support structure.,,,,,Stage 4,0.0,Weak,Volume Drying Up,Volume Drying Up (0.23x vs 10W Avg),-2.92,Underperformed Nifty by 2.92% in 3 Months,False,-2.92,-18.29,269476119.66,0.29,0.22,0.23,True,True,"Stage 4, Stage 4, volume_dryup, weekly_volume_dryup, flags=Loose Structure;Wide Risk;Low Liquidity, downtrend",weekly_watchlist,0.0,0.0,458.1,-32.2,[15.06],[4],0.0,4.0,weak,888
ADANIENSOL.NS,Adani Energy Solutions Limited,Utilities,Utilities,Utilities,True,F&O,1,Failed Stage 2,Stage 3,Failed Stage 2,0.72,"This stock was recently Stage 2, but the latest structure no longer satisfies Stage 2 rules. It is kept as Failed Stage 2 until a fresh base/repair structure forms.",Recent Stage 2 break; public stage held as Failed Stage 2.,2026-09-30,2026-09-18,,Failed Stage 2,0.0,Weak,Volume Drying Up,Volume Drying Up (0.59x vs 10W Avg),-12.19,Underperformed Nifty by 12.19% in 3 Months,False,-12.19,32.0,1961212086.89,0.59,0.36,0.59,True,True,"Stage 3, Late, volume_dryup, weekly_volume_dryup, flags=Loose Structure;Wide Risk;Low Liquidity, distribution_or_weakening_risk | Stage 2 failed state applied from stage memory.",weekly_watchlist,0.0,0.0,1639.86,-19.83,[15.51],[2],0.0,2.0,weak,889
BSE.NS,BSE Limited,Financial Services,Financial Services,Financial Services,True,F&O,1,Stage 4,Stage 4,Stage 4,0.66,Price is below weekly structure.,,,2026-07-27,,Stage 4,0.0,Weak,Volume Expanding,Volume Expanding (2.60x vs 10W Avg),-11.68,Underperformed Nifty by 11.68% in 3 Months,False,-11.68,3.77,17315105170.12,1.49,1.27,2.6,False,False,"Stage 4, Stage 4, flags=Wide Risk;Low Liquidity, downtrend",weekly_watchlist,0.0,0.0,3677.82,-15.93,[21.38],[3],0.0,3.0,weak,890
VEDL.NS,Vedanta Limited,Basic Materials,Basic Materials,Basic Materials,True,F&O,1,Stage 4,Stage 4,Stage 4,0.86,Price is below the 30-week trend and below long-term support structure.,,,,,Stage 4,0.0,Weak,Volume Drying Up,Volume Drying Up (0.69x vs 10W Avg),-1.36,Underperformed Nifty by 1.36% in 3 Months,False,-1.36,-64.98,1768446193.1,0.7,0.92,0.69,True,True,"Stage 4, Stage 4, volume_dryup, weekly_volume_dryup, flags=Wide Risk;Low Liquidity, downtrend",weekly_watchlist,0.0,0.0,291.51,-11.15,[30.64],[7],0.0,7.0,weak,891
NAM-INDIA.NS,Nippon Life India Asset Management Limited,Asset Management,Financial Services,Financial Services,True,F&O,1,Failed Stage 2,Stage 3,Failed Stage 2,0.72,"This stock was recently Stage 2, but the latest structure no longer satisfies Stage 2 rules. It is kept as Failed Stage 2 until a fresh base/repair structure forms.",Recent Stage 2 break; public stage held as Failed Stage 2.,2026-09-30,2026-09-25,,Failed Stage 2,0.0,Neutral,Volume Drying Up,Volume Drying Up (0.78x vs 10W Avg),-4.59,Underperformed Nifty by 4.59% in 3 Months,False,-4.59,28.87,1119235415.82,0.77,0.57,0.78,True,True,"Stage 3, Late, volume_dryup, weekly_volume_dryup, flags=Wider Risk;Low Liquidity, distribution_or_weakening_risk | Stage 2 failed state applied from stage memory.",weekly_watchlist,0.0,0.0,1271.72,-15.86,[12.49],[3],0.0,3.0,weak,892
TIINDIA.NS,Tube Investments of India Limited,Conglomerates,Industrials,Industrials,True,F&O,1,Stage 4,Stage 4,Stage 4,0.66,Price is below weekly structure.,,,2026-08-19,,Stage 4,0.0,Weak,Volume Drying Up,Volume Normal (0.88x vs 10W Avg),-14.15,Underperformed Nifty by 14.15% in 3 Months,False,-14.15,-9.48,540855704.07,0.66,3.48,0.88,True,True,"Stage 4, Stage 4, volume_dryup, weekly_volume_dryup, flags=Wider Risk;Low Liquidity, downtrend",weekly_watchlist,0.0,0.0,2994.23,-20.68,[20.08],[5],0.0,5.0,weak,893
FACT.NS,Fertilizers and Chemicals Travancore Limited,Agricultural Inputs,Basic Materials,Basic Materials,False,Cash,1,Stage 4,Stage 4,Stage 4,0.66,Price is below weekly structure.,,,,,Stage 4,0.0,Weak,Volume Drying Up,Volume Drying Up (0.24x vs 10W Avg),-6.88,Underperformed Nifty by 6.88% in 3 Months,False,-6.88,-5.44,158174807.28,0.32,0.07,0.24,True,True,"Stage 4, Stage 4, volume_dryup, weekly_volume_dryup, flags=Wide Risk;Low Liquidity, downtrend",weekly_watchlist,0.0,0.0,921.61,-17.76,[27.17],[9],0.0,9.0,weak,894
THERMAX.NS,Thermax Limited,Conglomerates,Industrials,Industrials,False,Cash,1,Stage 4,Stage 4,Stage 4,0.66,Price is below weekly structure.,,,2026-07-24,,Stage 4,0.0,Weak,Volume Drying Up,Volume Drying Up (0.70x vs 10W Avg),-21.58,Underperformed Nifty by 21.58% in 3 Months,False,-21.58,4.69,553426647.19,0.69,3.35,0.7,True,True,"Stage 4, Stage 4, volume_dryup, weekly_volume_dryup, flags=Loose Structure;Wide Risk;Low Liquidity, downtrend",weekly_watchlist,0.0,0.0,4888.54,-30.61,[29.44],[9],0.0,9.0,weak,895
PIIND.NS,PI Industries Limited,Agricultural Inputs,Basic Materials,Basic Materials,True,F&O,1,Stage 4,Stage 4,Stage 4,0.86,Price is below the 30-week trend and below long-term support structure.,,,,,Stage 4,0.0,Weak,Volume Drying Up,Volume Drying Up (0.76x vs 10W Avg),-6.58,Underperformed Nifty by 6.58% in 3 Months,False,-6.58,-19.23,640322403.53,1.02,0.72,0.76,False,True,"Stage 4, Stage 4, weekly_volume_dryup, flags=Wide Risk;Low Liquidity, downtrend",weekly_watchlist,0.0,0.0,2839.79,-18.66,[22.71],[5],0.0,5.0,weak,896
PREMIERENE.NS,Premier Energies Limited,Solar,Technology,Technology,True,F&O,1,Stage 4,Stage 4,Stage 4,0.66,Price is below weekly structure.,,,2026-08-25,,Stage 4,0.0,Weak,Volume Normal,Volume Normal (1.22x vs 10W Avg),-8.14,Underperformed Nifty by 8.14% in 3 Months,False,-8.14,-8.99,1101509688.28,1.27,0.91,1.22,False,False,"Stage 4, Stage 4, flags=Low Liquidity, downtrend",weekly_watchlist,0.0,0.0,1072.4,-18.86,[11.46],[7],0.0,7.0,weak,897
GODREJIND.NS,Godrej Industries Limited,Conglomerates,Industrials,Industrials,False,Cash,1,Failed Stage 2,Stage 3,Failed Stage 2,0.72,"This stock was recently Stage 2, but the latest structure no longer satisfies Stage 2 rules. It is kept as Failed Stage 2 until a fresh base/repair structure forms.",Recent Stage 2 break; public stage held as Failed Stage 2.,2026-09-30,2026-09-23,,Failed Stage 2,0.0,Weak,Volume Drying Up,Volume Normal (0.89x vs 10W Avg),-7.24,Underperformed Nifty by 7.24% in 3 Months,False,-7.24,20.82,94905291.37,0.7,0.34,0.89,True,True,"Stage 3, Early, volume_dryup, weekly_volume_dryup, flags=Loose Structure;Wide Risk;Low Liquidity, distribution_or_weakening_risk | Stage 2 failed state applied from stage memory.",weekly_watchlist,0.0,0.0,1372.9,-24.29,[20.28],[5],0.0,5.0,weak,898
NIACL.NS,The New India Assurance Company Limited,Financial Services,Financial Services,Financial Services,False,Cash,1,Failed Stage 2,Stage 3,Failed Stage 2,0.72,"This stock was recently Stage 2, but the latest structure no longer satisfies Stage 2 rules. It is kept as Failed Stage 2 until a fresh base/repair structure forms.",Recent Stage 2 break; public stage held as Failed Stage 2.,2026-09-30,2026-09-25,,Failed Stage 2,0.0,Neutral,Volume Drying Up,Volume Drying Up (0.37x vs 10W Avg),-2.69,Underperformed Nifty by 2.69% in 3 Months,False,-2.69,34.22,2471249400.09,0.91,0.12,0.37,False,True,"Stage 3, Late, weekly_volume_dryup, flags=Loose Structure;Wide Risk;Low Liquidity, distribution_or_weakening_risk | Stage 2 failed state applied from stage memory.",weekly_watchlist,0.0,0.0,243.02,-31.27,[25.19],[5],0.0,5.0,weak,899
CESC.NS,CESC Limited,Utilities,Utilities,Utilities,False,Cash,1,Stage 4,Stage 4,Stage 4,0.86,Price is below the 30-week trend and below long-term support structure.,,,,,Stage 4,0.0,Weak,Volume Normal,Volume Normal (1.34x vs 10W Avg),-11.17,Underperformed Nifty by 11.17% in 3 Months,False,-11.17,-10.77,277820515.14,1.15,0.85,1.34,False,False,"Stage 4, Stage 4, flags=Wide Risk;Low Liquidity, downtrend",weekly_watchlist,0.0,0.0,166.15,-19.44,[22.28],[10],0.0,10.0,weak,900
CROMPTON.NS,Crompton Greaves Consumer Electricals Limited,"Furnishings, Fixtures & Appliances",Consumer Cyclical,Consumer Cyclical,True,F&O,1,Stage 4,Stage 4,Stage 4,0.86,Price is below the 30-week trend and below long-term support structure.,,,,,Stage 4,0.0,Weak,Volume Drying Up,Volume Drying Up (0.78x vs 10W Avg),-15.65,Underperformed Nifty by 15.65% in 3 Months,False,-15.65,-11.26,523363070.03,0.66,0.56,0.78,True,True,"Stage 4, Stage 4, volume_dryup, weekly_volume_dryup, flags=Wide Risk;Low Liquidity, downtrend",weekly_watchlist,0.0,0.0,271.47,-23.13,[21.71],[10],0.0,10.0,weak,901
FSL.NS,Firstsource Solutions Limited,Information Technology Services,Technology,Technology,False,Cash,1,Stage 3,Stage 3,Early,0.68,"Prior strength has shifted into a Stage 3 transition based on trend, relative strength, and volume evidence.",,,,,Stage 3 Early,0.0,Strong,Volume Drying Up,Volume Drying Up (0.44x vs 10W Avg),9.4,Outperformed Nifty by 9.4% in 3 Months,False,9.4,11.19,751416849.31,0.31,3.38,0.44,True,True,"Stage 3, Early, volume_dryup, weekly_volume_dryup, flags=Wide Risk;Low Liquidity, distribution_or_weakening_risk",weekly_watchlist,0.0,0.0,342.5,-25.31,[27.86],[5],0.0,5.0,weak,902
NIVABUPA.NS,Niva Bupa Health Insurance Company Limited,Insurance - Life,Financial Services,Financial Services,False,Cash,1,Stage 4,Stage 4,Stage 4,0.66,Price is below weekly structure.,,,2026-08-10,,Stage 4,0.0,Weak,Volume Expanding,Volume Expanding (2.97x vs 10W Avg),-5.87,Underperformed Nifty by 5.87% in 3 Months,False,-5.87,0.92,99457658.01,1.53,3.77,2.97,False,False,"Stage 4, Stage 4, flags=Wide Risk;Low Liquidity, downtrend",weekly_watchlist,0.0,0.0,91.56,-18.29,[16.16],[7],0.0,7.0,weak,903
CCL.NS,CCL Products (India) Limited,Packaged Foods,Consumer Defensive,Consumer Defensive,False,Cash,1,Failed Stage 2,Stage 4,Failed Stage 2,0.72,"This stock was recently Stage 2, but the latest structure no longer satisfies Stage 2 rules. It is kept as Failed Stage 2 until a fresh base/repair structure forms.",Recent Stage 2 break; public stage held as Failed Stage 2.,2026-09-30,2026-09-09,,Failed Stage 2,0.0,Weak,Volume Normal,Volume Normal (0.96x vs 10W Avg),-7.98,Underperformed Nifty by 7.98% in 3 Months,False,-7.98,-12.09,146201461.89,0.95,0.97,0.96,False,False,"Stage 4, Stage 4, flags=Wide Risk;Low Liquidity, downtrend | Stage 2 failed state applied from stage memory.",weekly_watchlist,0.0,0.0,1240.92,-17.84,[11.84],[8],0.0,8.0,weak,904
EIDPARRY.NS,EID Parry India Limited,Agricultural Inputs,Basic Materials,Basic Materials,False,Cash,1,Stage 4,Stage 4,Stage 4,0.86,Price is below the 30-week trend and below long-term support structure.,,,,,Stage 4,0.0,Weak,Volume Drying Up,Volume Drying Up (0.60x vs 10W Avg),-3.79,Underperformed Nifty by 3.79% in 3 Months,False,-3.79,-17.13,240155450.85,0.59,0.72,0.6,True,True,"Stage 4, Stage 4, volume_dryup, weekly_volume_dryup, flags=Wide Risk;Low Liquidity, downtrend",weekly_watchlist,0.0,0.0,866.91,-20.88,[23.6],[8],0.0,8.0,weak,905
RAINBOW.NS,Rainbow Childrens Medicare Limited,Medical Care Facilities,Healthcare,Healthcare,False,Cash,1,Failed Stage 2,Stage 3,Failed Stage 2,0.72,"This stock was recently Stage 2, but the latest structure no longer satisfies Stage 2 rules. It is kept as Failed Stage 2 until a fresh base/repair structure forms.",Recent Stage 2 break; public stage held as Failed Stage 2.,2026-09-30,2026-09-24,,Failed Stage 2,0.0,Neutral,Volume Expanding,Volume Expanding (2.83x vs 10W Avg),-1.71,Underperformed Nifty by 1.71% in 3 Months,False,-1.71,11.31,186669439.2,1.69,3.37,2.83,False,False,"Stage 3, Late, flags=Wide Risk, distribution_or_weakening_risk | Stage 2 failed state applied from stage memory.",weekly_watchlist,0.0,0.0,1612.82,-18.51,[12.46],[3],0.0,3.0,weak,906
AFCONS.NS,Afcons Infrastructure Limited,Engineering & Construction,Industrials,Industrials,False,Cash,1,Stage 4,Stage 4,Stage 4,0.86,Price is below the 30-week trend and below long-term support structure.,,,,,Stage 4,0.0,Weak,Volume Drying Up,Volume Drying Up (0.34x vs 10W Avg),-13.79,Underperformed Nifty by 13.79% in 3 Months,False,-13.79,-14.94,763524511.59,1.03,0.17,0.34,False,True,"Stage 4, Stage 4, weekly_volume_dryup, flags=Wide Risk;Low Liquidity, downtrend",weekly_watchlist,0.0,0.0,305.08,-18.78,[24.7],[9],0.0,9.0,weak,907
ZENSARTECH.NS,Zensar Technologies Limited,Information Technology Services,Technology,Technology,False,Cash,1,Stage 4,Stage 4,Stage 4,0.86,Price is below the 30-week trend and below long-term support structure.,,,,,Stage 4,0.0,Weak,Volume Drying Up,Volume Drying Up (0.57x vs 10W Avg),-2.74,Underperformed Nifty by 2.74% in 3 Months,False,-2.74,-22.38,1543476141.39,0.57,0.38,0.57,True,True,"Stage 4, Stage 4, volume_dryup, weekly_volume_dryup, flags=Wide Risk;Low Liquidity, downtrend",weekly_watchlist,0.0,0.0,554.07,-23.82,[30.77],[10],0.0,10.0,weak,908
AAVAS.NS,Aavas Financiers Limited,Mortgage Finance,Financial Services,Financial Services,False,Cash,1,Stage 4,Stage 4,Stage 4,0.86,Price is below the 30-week trend and below long-term support structure.,,,,,Stage 4,0.0,Weak,Volume Drying Up,Volume Drying Up (0.71x vs 10W Avg),-13.15,Underperformed Nifty by 13.15% in 3 Months,False,-13.15,6.45,106537930.52,0.89,0.7,0.71,False,True,"Stage 4, Stage 4, weekly_volume_dryup, flags=Wide Risk;Low Liquidity, downtrend",weekly_watchlist,0.0,0.0,1455.74,-16.75,[20.11],[6],0.0,6.0,weak,909
MMTC.NS,MMTC Limited,Conglomerates,Industrials,Industrials,False,Cash,1,Stage 4,Stage 4,Stage 4,0.66,Price is below weekly structure.,,,2026-08-21,,Stage 4,0.0,Weak,Volume Drying Up,Volume Drying Up (0.60x vs 10W Avg),-7.31,Underperformed Nifty by 7.31% in 3 Months,False,-7.31,-1.07,82700380.03,0.46,0.47,0.6,True,True,"Stage 4, Stage 4, volume_dryup, weekly_volume_dryup, flags=Wide Risk;Low Liquidity, downtrend",weekly_watchlist,0.0,0.0,67.7,-15.94,[23.55],[6],0.0,6.0,weak,910
INOXGREEN.NS,Inox Green Energy Services Limited,Utilities - Renewable,Utilities,Utilities,False,Cash,1,Stage 4,Stage 4,Stage 4,0.86,Price is below the 30-week trend and below long-term support structure.,,,,,Stage 4,0.0,Weak,Volume Normal,Volume Normal (0.90x vs 10W Avg),-15.27,Underperformed Nifty by 15.27% in 3 Months,False,-15.27,10.06,226291264.28,0.99,0.33,0.9,False,False,"Stage 4, Stage 4, flags=Wide Risk;Low Liquidity, downtrend",weekly_watchlist,0.0,0.0,202.93,-20.63,[24.38],[8],0.0,8.0,weak,911
TTKPRESTIG.NS,TTK Prestige Limited,"Furnishings, Fixtures & Appliances",Consumer Cyclical,Consumer Cyclical,False,Cash,1,Stage 4,Stage 4,Stage 4,0.86,Price is below the 30-week trend and below long-term support structure.,,,2026-08-27,,Stage 4,0.0,Weak,Volume Drying Up,Volume Drying Up (0.37x vs 10W Avg),-9.97,Underperformed Nifty by 9.97% in 3 Months,False,-9.97,9.5,42229441.53,0.27,0.71,0.37,True,True,"Stage 4, Stage 4, volume_dryup, weekly_volume_dryup, flags=Loose Structure;Wide Risk;Low Liquidity, downtrend",weekly_watchlist,0.0,0.0,615.78,-16.23,[31.05],[3],0.0,3.0,weak,912
PRSMJOHNSN.NS,Prism Johnson Limited,Building Materials,Basic Materials,Basic Materials,False,Cash,1,Stage 4,Stage 4,Stage 4,0.86,Price is below the 30-week trend and below long-term support structure.,,,,,Stage 4,0.0,Weak,Volume Drying Up,Volume Drying Up (0.18x vs 10W Avg),0.96,Outperformed Nifty by 0.96% in 3 Months,False,0.96,-13.25,41080824.44,0.15,0.11,0.18,True,True,"Stage 4, Stage 4, volume_dryup, weekly_volume_dryup, flags=Wider Risk;Low Liquidity, downtrend",weekly_watchlist,0.0,0.0,131.23,-17.14,[18.15],[4],0.0,4.0,weak,913
LATENTVIEW.NS,Latent View Analytics Limited,Industrials,Industrials,Industrials,False,Cash,1,Stage 4,Stage 4,Stage 4,0.86,Price is below the 30-week trend and below long-term support structure.,,,,,Stage 4,0.0,Weak,Volume Drying Up,Volume Drying Up (0.68x vs 10W Avg),-10.65,Underperformed Nifty by 10.65% in 3 Months,False,-10.65,-20.76,123441503.51,0.55,0.54,0.68,True,True,"Stage 4, Stage 4, volume_dryup, weekly_volume_dryup, flags=Loose Structure;Wide Risk;Low Liquidity, downtrend",weekly_watchlist,0.0,0.0,325.37,-27.47,[23.12],[6],0.0,6.0,weak,914
SFL.NS,Sheela Foam Limited,"Furnishings, Fixtures & Appliances",Consumer Cyclical,Consumer Cyclical,False,Cash,1,Failed Stage 2,Stage 3,Failed Stage 2,0.72,"This stock was recently Stage 2, but the latest structure no longer satisfies Stage 2 rules. It is kept as Failed Stage 2 until a fresh base/repair structure forms.",Recent Stage 2 break; public stage held as Failed Stage 2.,2026-09-30,2026-09-16,,Failed Stage 2,0.0,Weak,Volume Drying Up,Volume Drying Up (0.42x vs 10W Avg),-8.78,Underperformed Nifty by 8.78% in 3 Months,False,-8.78,25.53,194125707.73,0.52,0.33,0.42,True,True,"Stage 3, Early, volume_dryup, weekly_volume_dryup, flags=Wide Risk;Low Liquidity, distribution_or_weakening_risk | Stage 2 failed state applied from stage memory.",weekly_watchlist,0.0,0.0,833.91,-23.96,[24.58],[4],0.0,4.0,weak,915
GOKEX.NS,Gokaldas Exports Limited,Apparel Manufacturing,Consumer Cyclical,Consumer Cyclical,False,Cash,1,Failed Stage 2,Stage 4,Failed Stage 2,0.72,"This stock was recently Stage 2, but the latest structure no longer satisfies Stage 2 rules. It is kept as Failed Stage 2 until a fresh base/repair structure forms.",Recent Stage 2 break; public stage held as Failed Stage 2.,2026-09-30,2026-09-14,,Failed Stage 2,0.0,Weak,Volume Normal,Volume Normal (1.41x vs 10W Avg),-12.39,Underperformed Nifty by 12.39% in 3 Months,False,-12.39,10.13,203332176.47,1.34,0.94,1.41,False,False,"Stage 4, Stage 4, flags=Wide Risk;Low Liquidity, downtrend | Stage 2 failed state applied from stage memory.",weekly_watchlist,0.0,0.0,824.89,-16.62,[17.18],[6],0.0,6.0,weak,916
RALLIS.NS,Rallis India Limited,Agricultural Inputs,Basic Materials,Basic Materials,False,Cash,1,Stage 4,Stage 4,Stage 4,0.86,Price is below the 30-week trend and below long-term support structure.,,,,,Stage 4,0.0,Weak,Volume Drying Up,Volume Drying Up (0.52x vs 10W Avg),-7.14,Underperformed Nifty by 7.14% in 3 Months,False,-7.14,-21.38,100084138.04,0.71,0.84,0.52,True,True,"Stage 4, Stage 4, volume_dryup, weekly_volume_dryup, flags=Wider Risk;Low Liquidity, downtrend",weekly_watchlist,0.0,0.0,243.35,-17.92,[27.78],[6],0.0,6.0,weak,917
DHANUKA.NS,Dhanuka Agritech Limited,Agricultural Inputs,Basic Materials,Basic Materials,False,Cash,1,Stage 4,Stage 4,Stage 4,0.86,Price is below the 30-week trend and below long-term support structure.,,,,,Stage 4,0.0,Weak,Volume Drying Up,Volume Drying Up (0.65x vs 10W Avg),-7.9,Underperformed Nifty by 7.9% in 3 Months,False,-7.9,-6.35,20139622.06,0.64,1.13,0.65,True,True,"Stage 4, Stage 4, volume_dryup, weekly_volume_dryup, flags=Wider Risk;Low Liquidity, downtrend",weekly_watchlist,0.0,0.0,1105.81,-16.05,[24.27],[11],0.0,11.0,weak,918
LUXIND.NS,Lux Industries Limited,Apparel Manufacturing,Consumer Cyclical,Consumer Cyclical,False,Cash,1,Stage 4,Stage 4,Stage 4,0.66,Price is below weekly structure.,,,,,Stage 4,0.0,Weak,Volume Drying Up,Volume Drying Up (0.74x vs 10W Avg),-6.72,Underperformed Nifty by 6.72% in 3 Months,False,-6.72,-9.4,59689196.11,2.53,0.29,0.74,False,True,"Stage 4, Stage 4, weekly_volume_dryup, flags=Wide Risk;Low Liquidity, downtrend",weekly_watchlist,0.0,0.0,1339.77,-17.37,[33.91],[9],0.0,9.0,weak,919
BAJAJELEC.NS,Bajaj Electricals Limited,"Furnishings, Fixtures & Appliances",Consumer Cyclical,Consumer Cyclical,False,Cash,1,Stage 4,Stage 4,Stage 4,0.86,Price is below the 30-week trend and below long-term support structure.,,,,,Stage 4,0.0,Weak,Volume Drying Up,Volume Drying Up (0.36x vs 10W Avg),0.71,Outperformed Nifty by 0.71% in 3 Months,False,0.71,-14.44,38051758.81,0.27,1.18,0.36,True,True,"Stage 4, Stage 4, volume_dryup, weekly_volume_dryup, flags=Wide Risk;Low Liquidity, downtrend",weekly_watchlist,0.0,0.0,408.21,-25.68,[30.41],[5],0.0,5.0,weak,920
NACLIND.NS,NACL Industries Limited,Agricultural Inputs,Basic Materials,Basic Materials,False,Cash,1,Stage 4,Stage 4,Stage 4,0.86,Price is below the 30-week trend and below long-term support structure.,,,,,Stage 4,0.0,Weak,Volume Drying Up,Volume Drying Up (0.68x vs 10W Avg),-33.79,Underperformed Nifty by 33.79% in 3 Months,False,-33.79,-14.06,79154287.47,1.24,0.93,0.68,False,True,"Stage 4, Stage 4, weekly_volume_dryup, flags=Wide Base;Loose Structure;Wide Risk;Low Liquidity, downtrend",weekly_watchlist,0.0,0.0,185.73,-28.47,[32.65],[4],0.0,4.0,weak,921
NFL.NS,National Fertilizers Limited,Agricultural Inputs,Basic Materials,Basic Materials,False,Cash,1,Stage 4,Stage 4,Stage 4,0.86,Price is below the 30-week trend and below long-term support structure.,,,,,Stage 4,0.0,Weak,Volume Drying Up,Volume Normal (0.86x vs 10W Avg),-4.58,Underperformed Nifty by 4.58% in 3 Months,False,-4.58,-7.1,31568526.82,0.79,0.91,0.86,True,True,"Stage 4, Stage 4, volume_dryup, weekly_volume_dryup, flags=Wide Risk;Low Liquidity, downtrend",weekly_watchlist,0.0,0.0,74.38,-12.34,[13.57],[4],0.0,4.0,weak,922
INDOTHAI.NS,Indo Thai Securities Limited,Capital Markets,Financial Services,Financial Services,False,Cash,1,Stage 4,Stage 4,Stage 4,0.86,Price is below the 30-week trend and below long-term support structure.,,,,,Stage 4,0.0,Weak,Volume Drying Up,Volume Drying Up (0.42x vs 10W Avg),-79.24,Underperformed Nifty by 79.24% in 3 Months,False,-79.24,-89.94,111940801.3,0.81,0.13,0.42,True,True,"Stage 4, Stage 4, volume_dryup, weekly_volume_dryup, flags=Wide Base;Loose Structure;Wide Risk;Circuit Risk;Low Liquidity, downtrend",weekly_watchlist,0.0,0.0,45.57,-26.44,[34.23],[4],0.0,4.0,weak,923
KNRCON.NS,KNR Constructions Limited,Engineering & Construction,Industrials,Industrials,False,Cash,1,Stage 4,Stage 4,Stage 4,0.86,Price is below the 30-week trend and below long-term support structure.,,,,,Stage 4,0.0,Weak,Volume Drying Up,Volume Drying Up (0.55x vs 10W Avg),-1.61,Underperformed Nifty by 1.61% in 3 Months,False,-1.61,2.79,184724466.92,0.97,0.28,0.55,False,True,"Stage 4, Stage 4, weekly_volume_dryup, flags=Wider Risk;Low Liquidity, downtrend",weekly_watchlist,0.0,0.0,145.28,-18.38,[20.85],[3],0.0,3.0,weak,924
FLAIR.NS,Flair Writing Industries Limited,Industrials,Industrials,Industrials,False,Cash,1,Stage 4,Stage 4,Stage 4,0.86,Price is below the 30-week trend and below long-term support structure.,,,,,Stage 4,0.0,Weak,Volume Drying Up,Volume Drying Up (0.70x vs 10W Avg),-5.18,Underperformed Nifty by 5.18% in 3 Months,False,-5.18,-23.73,24709409.8,0.71,0.8,0.7,True,True,"Stage 4, Stage 4, volume_dryup, weekly_volume_dryup, flags=Wider Risk;Low Liquidity, downtrend",weekly_watchlist,0.0,0.0,263.74,-13.05,[25.4],[18],0.0,18.0,weak,925
RAMKY.NS,Ramky Infrastructure Limited,Engineering & Construction,Industrials,Industrials,False,Cash,1,Stage 4,Stage 4,Stage 4,0.86,Price is below the 30-week trend and below long-term support structure.,,,,,Stage 4,0.0,Weak,Volume Expanding,Volume Expanding (2.15x vs 10W Avg),-23.41,Underperformed Nifty by 23.41% in 3 Months,False,-23.41,-40.46,14072996.79,1.38,3.71,2.15,False,False,"Stage 4, Stage 4, flags=Loose Structure;Wide Risk;Low Liquidity, downtrend",weekly_watchlist,0.0,0.0,419.42,-33.46,[30.36],[13],0.0,13.0,weak,926
BHAGCHEM.NS,Bhagiradha Chemicals & Industries Limited,Agricultural Inputs,Basic Materials,Basic Materials,False,Cash,1,Failed Stage 2,Stage 3,Failed Stage 2,0.72,"This stock was recently Stage 2, but the latest structure no longer satisfies Stage 2 rules. It is kept as Failed Stage 2 until a fresh base/repair structure forms.",Recent Stage 2 break; public stage held as Failed Stage 2.,2026-09-30,2026-09-09,,Failed Stage 2,0.0,Weak,Volume Drying Up,Volume Drying Up (0.69x vs 10W Avg),-8.98,Underperformed Nifty by 8.98% in 3 Months,False,-8.98,19.72,17093424.67,0.77,1.07,0.69,True,True,"Stage 3, Early, volume_dryup, weekly_volume_dryup, flags=Wide Risk;Low Liquidity, distribution_or_weakening_risk | Stage 2 failed state applied from stage memory.",weekly_watchlist,0.0,0.0,317.45,-24.86,[16.83],[2],0.0,2.0,weak,927
PSPPROJECT.NS,PSP Projects Limited,Engineering & Construction,Industrials,Industrials,False,Cash,1,Stage 4,Stage 4,Stage 4,0.86,Price is below the 30-week trend and below long-term support structure.,,,2026-09-01,,Stage 4,0.0,Weak,Volume Normal,Volume Normal (0.91x vs 10W Avg),-23.41,Underperformed Nifty by 23.41% in 3 Months,False,-23.41,19.8,43430182.32,0.94,1.32,0.91,False,False,"Stage 4, Stage 4, flags=Loose Structure;Wide Risk;Low Liquidity, downtrend",weekly_watchlist,0.0,0.0,1110.44,-30.93,[31.75],[7],0.0,7.0,weak,928
KPEL.NS,K.P. Energy Limited,Engineering & Construction,Industrials,Industrials,False,Cash,1,Stage 4,Stage 4,Stage 4,0.86,Price is below the 30-week trend and below long-term support structure.,,,,,Stage 4,0.0,Weak,Volume Drying Up,Volume Drying Up (0.82x vs 10W Avg),-26.65,Underperformed Nifty by 26.65% in 3 Months,False,-26.65,-24.77,76541182.85,0.98,0.71,0.82,False,True,"Stage 4, Stage 4, weekly_volume_dryup, flags=Wide Base;Loose Structure;Wide Risk;Low Liquidity, downtrend",weekly_watchlist,0.0,0.0,325.62,-32.31,[24.93],[5],0.0,5.0,weak,929
NITCO.NS,Nitco Limited,Building Products & Equipment,Industrials,Industrials,False,Cash,1,Failed Stage 2,Stage 4,Failed Stage 2,0.72,"This stock was recently Stage 2, but the latest structure no longer satisfies Stage 2 rules. It is kept as Failed Stage 2 until a fresh base/repair structure forms.",Recent Stage 2 break; public stage held as Failed Stage 2.,2026-09-30,2026-09-10,,Failed Stage 2,0.0,Weak,Volume Drying Up,Volume Drying Up (0.65x vs 10W Avg),-16.57,Underperformed Nifty by 16.57% in 3 Months,False,-16.57,0.7,50452012.95,0.64,0.71,0.65,True,True,"Stage 4, Stage 4, volume_dryup, weekly_volume_dryup, flags=Wide Risk;Low Liquidity, downtrend | Stage 2 failed state applied from stage memory.",weekly_watchlist,0.0,0.0,109.9,-19.82,[25.33],[7],0.0,7.0,weak,930
