ticker,Company Name,Industry,sector,industry_group,is_fo_stock,fo_category,Include,stage,stage_raw,stage_variant,stage_confidence,stage_reason,stage_state_reason,stage_failed_since,last_stage2_date,stage_pending_raw,public_stage_label,structure_score,relative_strength_label,volume_pattern_label,volume_pattern_display,nifty_3m_outperformance_pct,nifty_3m_outperformance_label,trend_template_pass,rs_3m_pct,rs_6m_pct,avg_turnover_inr,volume_dryup_ratio,breakout_volume_ratio,weekly_volume_ratio,volume_is_drying_up,weekly_volume_is_drying_up,notes,daily_setup_bucket,weekly_setup_bucket,combined_bucket,daily_score,weekly_score,combined_score,industry_boost,final_combined_score,current_rank
BOSCHLTD.NS,Bosch Limited,Auto Parts,Consumer Cyclical,Consumer Cyclical,True,F&O,1,Stage 2,Stage 2,Advancing,0.9,Price is above constructive weekly and long-term trend structure with improving relative strength.,,,2026-09-29,,Stage 2 - Advancing,70.74,Very Strong,Volume Drying Up,Volume Drying Up (0.53x vs 10W Avg),19.96,Outperformed Nifty by 19.96% in 3 Months,True,19.96,46.24,1203183574.75,0.51,0.96,0.53,True,True,"Stage 2, Advancing, trend_template_ok, daily_vcp_ok, weekly_vcp_ok, volume_dryup, weekly_volume_dryup, weekly_strong, flags=Wider Risk",forming_vcp,weekly_near_pivot,building_setup,62.45,72.42,70.74,5.0,75.74,1
KAJARIACER.NS,Kajaria Ceramics Limited,Building Products & Equipment,Industrials,Industrials,False,Cash,1,Failed Stage 2,Stage 2,Failed Stage 2,0.7,Failed Stage 2 cooling period is still active; waiting for a fresh base or confirmed reclaim.,Failed Stage 2 hold period active.,,2026-09-28,,Failed Stage 2,70.99,Very Strong,Volume Expanding,Volume Expanding (5.63x vs 10W Avg),10.04,Outperformed Nifty by 10.04% in 3 Months,True,10.04,24.16,561375559.23,2.08,10.8,5.63,False,False,"Stage 2, Advancing, trend_template_ok, weekly_vcp_ok, weekly_strong | Failed Stage 2 hold period active.",watchlist,weekly_near_pivot,watchlist,63.82,69.22,70.99,0.0,70.99,2
AUROPHARMA.NS,Aurobindo Pharma Limited,Drug Manufacturers - Specialty & Generic,Healthcare,Healthcare,True,F&O,1,Stage 2,Stage 2,Advancing,0.9,Price is above constructive weekly and long-term trend structure with improving relative strength.,,,2026-09-29,,Stage 2 - Advancing,60.5,Very Strong,Volume Normal,Volume Normal (0.99x vs 10W Avg),11.65,Outperformed Nifty by 11.65% in 3 Months,True,11.65,24.42,1270431310.79,1.05,1.45,0.99,False,False,"Stage 2, Advancing, trend_template_ok, weekly_vcp_ok, weekly_strong, flags=Low Liquidity",watchlist,weekly_near_pivot,watchlist,63.22,64.41,60.5,10.0,70.5,3
FINEORG.NS,Fine Organic Industries Limited,Specialty Chemicals,Basic Materials,Basic Materials,False,Cash,1,Stage 2,Stage 2,Advancing,0.9,Price is above constructive weekly and long-term trend structure with improving relative strength.,,,2026-09-29,,Stage 2 - Advancing,63.95,Very Strong,Volume Drying Up,Volume Drying Up (0.70x vs 10W Avg),5.45,Outperformed Nifty by 5.45% in 3 Months,True,5.45,17.35,97673017.8,0.72,0.94,0.7,True,True,"Stage 2, Advancing, trend_template_ok, weekly_vcp_ok, volume_dryup, weekly_volume_dryup, weekly_strong",watchlist,weekly_near_pivot,watchlist,46.36,69.18,63.95,5.0,68.95,4
GALAXYSURF.NS,Galaxy Surfactants Limited,Specialty Chemicals,Basic Materials,Basic Materials,False,Cash,1,Stage 2,Stage 2,Advancing,0.9,Price is above constructive weekly and long-term trend structure with improving relative strength.,,,2026-09-29,,Stage 2 - Advancing,62.13,Very Strong,Volume Drying Up,Volume Normal (0.91x vs 10W Avg),21.9,Outperformed Nifty by 21.9% in 3 Months,True,21.9,41.24,91163633.42,0.67,2.71,0.91,True,False,"Stage 2, Advancing, trend_template_ok, weekly_vcp_ok, volume_dryup, weekly_strong, flags=Loose Structure;Wider Risk",watchlist,weekly_forming,watchlist,55.9,64.11,62.13,5.0,67.13,5
PITTIENG.NS,Pitti Engineering Limited,Metal Fabrication,Industrials,Industrials,False,Cash,1,Stage 2,Stage 2,Advancing,0.9,Price is above constructive weekly and long-term trend structure with improving relative strength.,,,2026-09-29,,Stage 2 - Advancing,56.82,Very Strong,Volume Drying Up,Volume Drying Up (0.47x vs 10W Avg),24.01,Outperformed Nifty by 24.01% in 3 Months,True,24.01,53.45,205895251.33,0.58,0.19,0.47,True,True,"Stage 2, Advancing, trend_template_ok, weekly_vcp_ok, volume_dryup, weekly_volume_dryup, weekly_strong, flags=Wide Risk",watchlist,weekly_breakout,watchlist,39.75,65.55,56.82,10.0,66.82,6
LMW.NS,LMW Limited,Specialty Industrial Machinery,Industrials,Industrials,False,Cash,1,Stage 2,Stage 2,Advancing,0.8,Price is above constructive weekly and long-term trend structure with improving relative strength.,,,2026-09-29,,Stage 2 - Advancing,56.4,Strong,Volume Drying Up,Volume Drying Up (0.39x vs 10W Avg),14.49,Outperformed Nifty by 14.49% in 3 Months,True,14.49,35.97,76408835.7,0.57,0.29,0.39,True,True,"Stage 2, Advancing, trend_template_ok, daily_vcp_ok, weekly_vcp_ok, volume_dryup, weekly_volume_dryup, weekly_strong, flags=Wide Risk",forming_vcp,weekly_forming,building_setup,57.0,62.85,56.4,10.0,66.4,7
SHARDAMOTR.NS,Sharda Motor Industries Limited,Auto Parts,Consumer Cyclical,Consumer Cyclical,False,Cash,1,Stage 2,Stage 2,Advancing,0.8,Price is above constructive weekly and long-term trend structure with improving relative strength.,,,2026-09-29,,Stage 2 - Advancing,60.67,Very Strong,Volume Drying Up,Volume Drying Up (0.63x vs 10W Avg),15.59,Outperformed Nifty by 15.59% in 3 Months,True,15.59,29.79,73743183.31,1.01,0.56,0.63,False,True,"Stage 2, Advancing, trend_template_ok, weekly_vcp_ok, weekly_volume_dryup, weekly_strong, flags=Wide Risk",watchlist,weekly_breakout,watchlist,53.64,72.54,60.67,5.0,65.67,8
AARTIDRUGS.NS,Aarti Drugs Limited,Drug Manufacturers - Specialty & Generic,Healthcare,Healthcare,False,Cash,1,Stage 2,Stage 2,Advancing,0.9,Price is above constructive weekly and long-term trend structure with improving relative strength.,,,2026-09-29,,Stage 2 - Advancing,54.94,Very Strong,Volume Expanding,Volume Expanding (1.92x vs 10W Avg),20.28,Outperformed Nifty by 20.28% in 3 Months,True,20.28,19.44,86127762.99,1.25,0.82,1.92,False,False,"Stage 2, Advancing, trend_template_ok, weekly_vcp_ok, weekly_strong, flags=Wider Risk;Low Liquidity",watchlist,weekly_near_pivot,watchlist,50.67,69.07,54.94,10.0,64.94,9
ACE.NS,Action Construction Equipment Limited,Farm & Heavy Construction Machinery,Industrials,Industrials,False,Cash,1,Stage 2,Stage 2,Advancing,0.9,Price is above constructive weekly and long-term trend structure with improving relative strength.,,,2026-09-29,,Stage 2 - Advancing,60.98,Very Strong,Volume Drying Up,Volume Drying Up (0.47x vs 10W Avg),29.44,Outperformed Nifty by 29.44% in 3 Months,True,29.44,46.52,412562602.77,0.94,1.06,0.47,False,True,"Stage 2, Advancing, trend_template_ok, weekly_vcp_ok, weekly_volume_dryup, weekly_strong, flags=Wide Risk;Low Liquidity",watchlist,weekly_breakout,watchlist,68.54,65.8,60.98,2.0,62.98,10
INDHOTEL.NS,The Indian Hotels Company Limited,Lodging,Consumer Cyclical,Consumer Cyclical,True,F&O,1,Stage 2,Stage 2,Advancing,0.8,Price is above constructive weekly and long-term trend structure with improving relative strength.,,,2026-09-29,,Stage 2 - Advancing,60.79,Very Strong,Volume Expanding,Volume Expanding (4.15x vs 10W Avg),5.51,Outperformed Nifty by 5.51% in 3 Months,True,5.51,20.61,2123570901.25,2.1,1.53,4.15,False,False,"Stage 2, Advancing, trend_template_ok, weekly_vcp_ok, weekly_strong, flags=Low Liquidity",watchlist,weekly_near_pivot,watchlist,66.43,66.61,60.79,2.0,62.79,11
SANATHAN.NS,Sanathan Textiles Limited,Textile Manufacturing,Consumer Cyclical,Consumer Cyclical,False,Cash,1,Stage 2,Stage 2,Advancing,0.9,Price is above constructive weekly and long-term trend structure with improving relative strength.,,,2026-09-29,,Stage 2 - Advancing,57.15,Very Strong,Volume Expanding,Volume Expanding (2.31x vs 10W Avg),21.2,Outperformed Nifty by 21.2% in 3 Months,True,21.2,19.92,88943937.75,1.79,0.74,2.31,False,False,"Stage 2, Advancing, trend_template_ok, weekly_vcp_ok, weekly_strong",watchlist,weekly_near_pivot,watchlist,36.74,71.01,57.15,5.0,62.15,12
APLAPOLLO.NS,APL Apollo Tubes Limited,Steel,Basic Materials,Basic Materials,True,F&O,1,Stage 2,Stage 2,Advancing,0.8,Price is above constructive weekly and long-term trend structure with improving relative strength.,,,2026-09-29,,Stage 2 - Advancing,51.28,Very Strong,Volume Drying Up,Volume Drying Up (0.73x vs 10W Avg),28.64,Outperformed Nifty by 28.64% in 3 Months,True,28.64,14.99,1295124404.31,0.82,0.96,0.73,True,True,"Stage 2, Advancing, trend_template_ok, weekly_vcp_ok, volume_dryup, weekly_volume_dryup, weekly_strong, flags=Wider Risk;Low Liquidity",watchlist,weekly_near_pivot,watchlist,43.8,68.36,51.28,10.0,61.28,13
VSSL.NS,Vardhman Special Steels Limited,Steel,Basic Materials,Basic Materials,False,Cash,1,Stage 2,Stage 2,Advancing,0.9,Price is above constructive weekly and long-term trend structure with improving relative strength.,,,2026-09-29,,Stage 2 - Advancing,51.21,Very Strong,Volume Drying Up,Volume Drying Up (0.24x vs 10W Avg),55.78,Outperformed Nifty by 55.78% in 3 Months,True,55.78,73.93,226001812.83,0.4,0.25,0.24,True,True,"Stage 2, Advancing, trend_template_ok, weekly_vcp_ok, volume_dryup, weekly_volume_dryup, weekly_strong, flags=Loose Structure;Wide Risk;Low Liquidity",watchlist,weekly_breakout,watchlist,59.95,65.1,51.21,10.0,61.21,14
ASKAUTOLTD.NS,ASK Automotive Limited,Auto Parts,Consumer Cyclical,Consumer Cyclical,False,Cash,1,Stage 2,Stage 2,Advancing,0.9,Price is above constructive weekly and long-term trend structure with improving relative strength.,,,2026-09-29,,Stage 2 - Advancing,55.39,Very Strong,Volume Drying Up,Volume Drying Up (0.44x vs 10W Avg),48.46,Outperformed Nifty by 48.46% in 3 Months,True,48.46,47.02,192795301.15,0.43,1.48,0.44,True,True,"Stage 2, Advancing, trend_template_ok, weekly_vcp_ok, volume_dryup, weekly_volume_dryup, weekly_strong, flags=Loose Structure;Wide Risk;Low Liquidity",watchlist,weekly_near_pivot,watchlist,58.34,72.0,55.39,5.0,60.39,15
HAL.NS,Hindustan Aeronautics Limited,Aerospace & Defense,Industrials,Industrials,True,F&O,1,Stage 2,Stage 2,Advancing,0.8,Price is above constructive weekly and long-term trend structure with improving relative strength.,,,2026-09-29,,Stage 2 - Advancing,49.94,Very Strong,Volume Drying Up,Volume Normal (0.88x vs 10W Avg),12.13,Outperformed Nifty by 12.13% in 3 Months,True,12.13,21.92,4040943011.57,0.79,1.7,0.88,True,True,"Stage 2, Advancing, trend_template_ok, weekly_vcp_ok, volume_dryup, weekly_volume_dryup, weekly_strong, flags=Wider Risk;Low Liquidity",watchlist,weekly_forming,watchlist,52.77,59.41,49.94,10.0,59.94,16
SONACOMS.NS,Sona BLW Precision Forgings Limited,Auto Parts,Consumer Cyclical,Consumer Cyclical,True,F&O,1,Stage 2,Stage 2,Advancing,0.9,Price is above constructive weekly and long-term trend structure with improving relative strength.,,,2026-09-29,,Stage 2 - Advancing,54.7,Very Strong,Volume Normal,Volume Normal (1.37x vs 10W Avg),31.14,Outperformed Nifty by 31.14% in 3 Months,True,31.14,60.29,1701614455.29,1.26,1.37,1.37,False,False,"Stage 2, Advancing, trend_template_ok, weekly_vcp_ok, weekly_strong, flags=Low Liquidity",watchlist,weekly_near_pivot,watchlist,46.58,72.0,54.7,5.0,59.7,17
KMEW.NS,Knowledge Marine & Engineering Works Limited,Marine Shipping,Industrials,Industrials,False,Cash,1,Stage 2,Stage 2,Extended,0.78,"Weekly advancing structure remains intact, but price is stretched versus key moving averages.",,,2026-09-29,,Stage 2 - Extended,49.48,Very Strong,Volume Expanding,Volume Expanding (1.94x vs 10W Avg),41.52,Outperformed Nifty by 41.52% in 3 Months,True,41.52,81.84,367783940.49,1.32,1.94,1.94,False,False,"Stage 2, Extended, trend_template_ok, flags=Extended;Wider Risk;Low Liquidity",watchlist,weekly_watchlist,watchlist,72.35,31.0,49.48,10.0,59.48,18
IIFLCAPS.NS,IIFL Capital Services Limited,Capital Markets,Financial Services,Financial Services,False,Cash,1,Stage 2,Stage 2,Advancing,0.8,Price is above constructive weekly and long-term trend structure with improving relative strength.,,,2026-09-29,,Stage 2 - Advancing,59.06,Very Strong,Volume Expanding,Volume Expanding (1.74x vs 10W Avg),8.88,Outperformed Nifty by 8.88% in 3 Months,True,8.88,30.24,203441978.97,2.0,2.91,1.74,False,False,"Stage 2, Advancing, trend_template_ok, weekly_vcp_ok, weekly_strong, flags=Wide Weekly Base;Low Liquidity",watchlist,weekly_near_pivot,watchlist,66.39,67.91,59.06,0.0,59.06,19
VOLTAMP.NS,Voltamp Transformers Limited,Electrical Equipment & Parts,Industrials,Industrials,False,Cash,1,Stage 2,Stage 2,Advancing,0.9,Price is above constructive weekly and long-term trend structure with improving relative strength.,,,2026-09-29,,Stage 2 - Advancing,48.78,Very Strong,Volume Drying Up,Volume Drying Up (0.28x vs 10W Avg),14.59,Outperformed Nifty by 14.59% in 3 Months,True,14.59,16.88,216035788.3,0.3,0.53,0.28,True,True,"Stage 2, Advancing, trend_template_ok, weekly_vcp_ok, volume_dryup, weekly_volume_dryup, weekly_strong, flags=Wide Base;Wide Risk;Low Liquidity",watchlist,weekly_forming,watchlist,53.85,59.15,48.78,10.0,58.78,20
AKUMS.NS,Akums Drugs and Pharmaceuticals Limited,Drug Manufacturers - Specialty & Generic,Healthcare,Healthcare,False,Cash,1,Stage 2,Stage 2,Advancing,0.9,Price is above constructive weekly and long-term trend structure with improving relative strength.,,,2026-09-29,,Stage 2 - Advancing,48.72,Very Strong,Volume Drying Up,Volume Drying Up (0.52x vs 10W Avg),37.85,Outperformed Nifty by 37.85% in 3 Months,True,37.85,65.4,223183987.01,0.87,0.59,0.52,False,True,"Stage 2, Advancing, trend_template_ok, weekly_vcp_ok, weekly_volume_dryup, weekly_strong, flags=Wider Risk;Low Liquidity",watchlist,weekly_breakout,watchlist,34.53,71.2,48.72,10.0,58.72,21
DIVISLAB.NS,Divi's Laboratories Limited,Drug Manufacturers - Specialty & Generic,Healthcare,Healthcare,True,F&O,1,Stage 2,Stage 2,Advancing,0.9,Price is above constructive weekly and long-term trend structure with improving relative strength.,,,2026-09-29,,Stage 2 - Advancing,48.44,Very Strong,Volume Normal,Volume Normal (1.07x vs 10W Avg),42.85,Outperformed Nifty by 42.85% in 3 Months,True,42.85,58.98,4493773952.7,0.99,1.16,1.07,False,False,"Stage 2, Advancing, trend_template_ok, weekly_vcp_ok, weekly_strong, flags=Loose Structure;Wider Risk;Low Liquidity",watchlist,weekly_near_pivot,watchlist,44.0,72.0,48.44,10.0,58.44,22
APLLTD.NS,Alembic Pharmaceuticals Limited,Drug Manufacturers - Specialty & Generic,Healthcare,Healthcare,False,Cash,1,Stage 2,Stage 2,Advancing,0.8,Price is above constructive weekly and long-term trend structure with improving relative strength.,,,2026-09-29,,Stage 2 - Advancing,47.81,Strong,Volume Expanding,Volume Expanding (2.26x vs 10W Avg),7.05,Outperformed Nifty by 7.05% in 3 Months,False,7.05,20.1,186279269.74,1.99,1.51,2.26,False,False,"Stage 2, Advancing, weekly_vcp_ok, weekly_strong, flags=Low Liquidity",watchlist,weekly_breakout,watchlist,44.74,59.81,47.81,10.0,57.81,23
SYRMA.NS,Syrma SGS Technology Limited,Electronic Components,Technology,Technology,False,Cash,1,Stage 2,Stage 2,Extended,0.78,"Weekly advancing structure remains intact, but price is stretched versus key moving averages.",,,2026-09-29,,Stage 2 - Extended,47.59,Very Strong,Volume Normal,Volume Normal (0.90x vs 10W Avg),35.1,Outperformed Nifty by 35.1% in 3 Months,True,35.1,119.46,4828950550.44,1.77,1.79,0.9,False,False,"Stage 2, Extended, trend_template_ok, weekly_vcp_ok, weekly_strong, flags=Loose Structure;Extended;Wide Risk;Low Liquidity",watchlist,weekly_breakout,watchlist,56.48,62.0,47.59,10.0,57.59,24
HARSHA.NS,Harsha Engineers International Limited,Tools & Accessories,Industrials,Industrials,False,Cash,1,Stage 2,Stage 2,Advancing,0.9,Price is above constructive weekly and long-term trend structure with improving relative strength.,,,2026-09-29,,Stage 2 - Advancing,55.52,Very Strong,Volume Normal,Volume Normal (0.94x vs 10W Avg),15.64,Outperformed Nifty by 15.64% in 3 Months,True,15.64,36.57,74951724.34,1.13,0.55,0.94,False,False,"Stage 2, Advancing, trend_template_ok, weekly_vcp_ok, weekly_strong, flags=Wider Risk;Low Liquidity",watchlist,weekly_near_pivot,watchlist,51.27,68.42,55.52,2.0,57.52,25
GLAND.NS,Gland Pharma Limited,Drug Manufacturers - Specialty & Generic,Healthcare,Healthcare,False,Cash,1,Stage 2,Stage 2,Advancing,0.9,Price is above constructive weekly and long-term trend structure with improving relative strength.,,,2026-09-29,,Stage 2 - Advancing,47.43,Very Strong,Volume Drying Up,Volume Drying Up (0.63x vs 10W Avg),25.4,Outperformed Nifty by 25.4% in 3 Months,True,25.4,68.91,1807473548.03,0.57,1.03,0.63,True,True,"Stage 2, Advancing, trend_template_ok, volume_dryup, weekly_volume_dryup, flags=Wider Risk;Low Liquidity",watchlist,weekly_watchlist,watchlist,65.81,29.8,47.43,10.0,57.43,26
KSL.NS,Kalyani Steels Limited,Steel,Basic Materials,Basic Materials,False,Cash,1,Stage 2,Stage 2,Advancing,0.9,Price is above constructive weekly and long-term trend structure with improving relative strength.,,,2026-09-29,,Stage 2 - Advancing,46.98,Very Strong,Volume Normal,Volume Normal (0.97x vs 10W Avg),17.91,Outperformed Nifty by 17.91% in 3 Months,True,17.91,52.85,159212001.2,1.55,0.51,0.97,False,False,"Stage 2, Advancing, trend_template_ok, weekly_vcp_ok, weekly_strong, flags=Wide Risk;Low Liquidity",watchlist,weekly_near_pivot,watchlist,35.98,71.08,46.98,10.0,56.98,27
MANINDS.NS,Man Industries (India) Limited,Steel,Basic Materials,Basic Materials,False,Cash,1,Stage 2,Stage 2,Extended,0.78,"Weekly advancing structure remains intact, but price is stretched versus key moving averages.",,,2026-09-29,,Stage 2 - Extended,46.96,Very Strong,Volume Normal,Volume Normal (0.97x vs 10W Avg),65.47,Outperformed Nifty by 65.47% in 3 Months,True,65.47,136.7,1856767190.75,1.49,0.62,0.97,False,False,"Stage 2, Extended, trend_template_ok, weekly_vcp_ok, weekly_strong, flags=Loose Structure;Extended;Wide Risk;Low Liquidity",watchlist,weekly_near_pivot,watchlist,53.35,68.8,46.96,10.0,56.96,28
GUFICBIO.NS,Gufic Biosciences Limited,Drug Manufacturers - Specialty & Generic,Healthcare,Healthcare,False,Cash,1,Stage 2,Stage 2,Advancing,0.9,Price is above constructive weekly and long-term trend structure with improving relative strength.,,,2026-09-29,,Stage 2 - Advancing,46.41,Very Strong,Volume Drying Up,Volume Normal (0.88x vs 10W Avg),17.61,Outperformed Nifty by 17.61% in 3 Months,True,17.61,47.6,54380881.38,0.71,1.33,0.88,True,True,"Stage 2, Advancing, trend_template_ok, volume_dryup, weekly_volume_dryup, flags=Wide Risk",watchlist,weekly_watchlist,watchlist,40.0,37.32,46.41,10.0,56.41,29
INDGN.NS,Indegene Limited,Healthcare,Healthcare,Healthcare,False,Cash,1,Stage 2,Stage 2,Advancing,0.9,Price is above constructive weekly and long-term trend structure with improving relative strength.,,,2026-09-29,,Stage 2 - Advancing,54.31,Very Strong,Volume Expanding,Volume Expanding (1.70x vs 10W Avg),26.87,Outperformed Nifty by 26.87% in 3 Months,True,26.87,26.4,301988480.91,0.99,0.57,1.7,False,False,"Stage 2, Advancing, trend_template_ok, weekly_vcp_ok, weekly_strong, flags=Wider Risk;Low Liquidity",watchlist,weekly_breakout,watchlist,55.89,61.33,54.31,2.0,56.31,30
AZAD.NS,Azad Engineering Limited,Specialty Industrial Machinery,Industrials,Industrials,False,Cash,1,Stage 2,Stage 2,Advancing,0.9,Price is above constructive weekly and long-term trend structure with improving relative strength.,,,2026-09-29,,Stage 2 - Advancing,46.18,Very Strong,Volume Expanding,Volume Expanding (4.75x vs 10W Avg),38.7,Outperformed Nifty by 38.7% in 3 Months,True,38.7,87.24,2463768149.53,1.93,10.62,4.75,False,False,"Stage 2, Advancing, trend_template_ok, weekly_vcp_ok, weekly_strong, flags=Loose Structure;Wider Risk;Low Liquidity",watchlist,weekly_near_pivot,watchlist,39.1,67.6,46.18,10.0,56.18,31
SPLPETRO.NS,Supreme Petrochem Limited,Specialty Chemicals,Basic Materials,Basic Materials,False,Cash,1,Stage 2,Stage 2,Advancing,0.9,Price is above constructive weekly and long-term trend structure with improving relative strength.,,,2026-09-29,,Stage 2 - Advancing,51.1,Strong,Volume Normal,Volume Normal (1.04x vs 10W Avg),18.99,Outperformed Nifty by 18.99% in 3 Months,True,18.99,11.79,342879755.71,1.29,0.74,1.04,False,False,"Stage 2, Advancing, trend_template_ok, weekly_vcp_ok, weekly_strong, flags=Wide Risk;Low Liquidity",watchlist,weekly_breakout,watchlist,55.68,60.18,51.1,5.0,56.1,32
PRIVISCL.NS,Privi Speciality Chemicals Limited,Specialty Chemicals,Basic Materials,Basic Materials,False,Cash,1,Stage 2,Stage 2,Advancing,0.9,Price is above constructive weekly and long-term trend structure with improving relative strength.,,,2026-09-29,,Stage 2 - Advancing,50.48,Very Strong,Volume Expanding,Volume Expanding (2.18x vs 10W Avg),4.14,Outperformed Nifty by 4.14% in 3 Months,True,4.14,20.14,368120126.97,1.45,1.21,2.18,False,False,"Stage 2, Advancing, trend_template_ok",watchlist,weekly_watchlist,watchlist,44.76,36.43,50.48,5.0,55.48,33
AARTIPHARM.NS,Aarti Pharmalabs Limited,Drug Manufacturers - Specialty & Generic,Healthcare,Healthcare,False,Cash,1,Stage 2,Stage 2,Extended,0.78,"Weekly advancing structure remains intact, but price is stretched versus key moving averages.",,,2026-09-29,,Stage 2 - Extended,45.34,Very Strong,Volume Drying Up,Volume Drying Up (0.85x vs 10W Avg),42.34,Outperformed Nifty by 42.34% in 3 Months,True,42.34,45.86,733493035.65,1.37,1.4,0.85,False,True,"Stage 2, Extended, trend_template_ok, weekly_vcp_ok, weekly_volume_dryup, weekly_strong, flags=Loose Structure;Extended;Wider Risk;Low Liquidity",watchlist,weekly_breakout,watchlist,39.25,73.1,45.34,10.0,55.34,34
JAMNAAUTO.NS,Jamna Auto Industries Limited,Auto Parts,Consumer Cyclical,Consumer Cyclical,False,Cash,1,Stage 2,Stage 2,Advancing,0.8,Price is above constructive weekly and long-term trend structure with improving relative strength.,,,2026-09-29,,Stage 2 - Advancing,50.09,Very Strong,Volume Expanding,Volume Expanding (2.08x vs 10W Avg),6.99,Outperformed Nifty by 6.99% in 3 Months,True,6.99,18.85,398660619.31,1.41,1.12,2.08,False,False,"Stage 2, Advancing, trend_template_ok, weekly_vcp_ok, weekly_strong, flags=Wide Risk;Low Liquidity",watchlist,weekly_near_pivot,watchlist,54.75,67.68,50.09,5.0,55.09,35
HAPPYFORGE.NS,Happy Forgings Limited,Metal Fabrication,Industrials,Industrials,False,Cash,1,Stage 2,Stage 2,Extended,0.78,"Weekly advancing structure remains intact, but price is stretched versus key moving averages.",,,2026-09-29,,Stage 2 - Extended,45.04,Very Strong,Volume Drying Up,Volume Drying Up (0.81x vs 10W Avg),42.53,Outperformed Nifty by 42.53% in 3 Months,True,42.53,70.13,151592870.96,0.72,0.66,0.81,True,True,"Stage 2, Extended, trend_template_ok, daily_vcp_ok, weekly_vcp_ok, volume_dryup, weekly_volume_dryup, weekly_strong, flags=Loose Structure;Extended;Wide Risk;Low Liquidity",forming_vcp,weekly_forming,building_setup,50.91,64.0,45.04,10.0,55.04,36
HSCL.NS,Himadri Speciality Chemical Limited,Specialty Chemicals,Basic Materials,Basic Materials,False,Cash,1,Stage 2,Stage 2,Advancing,0.8,Price is above constructive weekly and long-term trend structure with improving relative strength.,,,2026-09-29,,Stage 2 - Advancing,49.94,Strong,Volume Drying Up,Volume Drying Up (0.26x vs 10W Avg),5.87,Outperformed Nifty by 5.87% in 3 Months,True,5.87,47.51,1489000783.94,0.35,0.35,0.26,True,True,"Stage 2, Advancing, trend_template_ok, weekly_vcp_ok, volume_dryup, weekly_volume_dryup, weekly_strong, flags=Wider Risk;Low Liquidity",watchlist,weekly_forming,watchlist,49.89,61.34,49.94,5.0,54.94,37
HIRECT.NS,Hind Rectifiers Limited,Electrical Equipment & Parts,Industrials,Industrials,False,Cash,1,Stage 2,Stage 2,Advancing,0.8,Price is above constructive weekly and long-term trend structure with improving relative strength.,,,2026-09-29,,Stage 2 - Advancing,44.84,Strong,Volume Drying Up,Volume Drying Up (0.33x vs 10W Avg),11.95,Outperformed Nifty by 11.95% in 3 Months,True,11.95,67.9,64196875.05,0.4,0.64,0.33,True,True,"Stage 2, Advancing, trend_template_ok, volume_dryup, weekly_volume_dryup, flags=Wide Risk",watchlist,weekly_watchlist,watchlist,54.69,24.78,44.84,10.0,54.84,38
TCPLPACK.NS,TCPL Packaging Limited,Consumer Cyclical,Consumer Cyclical,Consumer Cyclical,False,Cash,1,Stage 2,Stage 2,Advancing,0.9,Price is above constructive weekly and long-term trend structure with improving relative strength.,,,2026-09-29,,Stage 2 - Advancing,52.52,Very Strong,Volume Drying Up,Volume Drying Up (0.44x vs 10W Avg),46.6,Outperformed Nifty by 46.6% in 3 Months,True,46.6,74.19,36921225.03,0.36,0.53,0.44,True,True,"Stage 2, Advancing, trend_template_ok, weekly_vcp_ok, volume_dryup, weekly_volume_dryup, weekly_strong, flags=Loose Structure;Wide Risk;Low Liquidity",watchlist,weekly_near_pivot,watchlist,47.8,72.0,52.52,2.0,54.52,39
LAURUSLABS.NS,Laurus Labs Limited,Drug Manufacturers - Specialty & Generic,Healthcare,Healthcare,True,F&O,1,Stage 2,Stage 2,Extended,0.78,"Weekly advancing structure remains intact, but price is stretched versus key moving averages.",,,2026-09-29,,Stage 2 - Extended,44.39,Very Strong,Volume Drying Up,Volume Drying Up (0.58x vs 10W Avg),36.28,Outperformed Nifty by 36.28% in 3 Months,True,36.28,86.13,3166146382.4,0.64,0.48,0.58,True,True,"Stage 2, Extended, trend_template_ok, weekly_vcp_ok, volume_dryup, weekly_volume_dryup, weekly_strong, flags=Loose Structure;Extended;Wider Risk;Low Liquidity",watchlist,weekly_breakout,watchlist,36.83,62.0,44.39,10.0,54.39,40
GOODLUCK.NS,Goodluck India Limited,Steel,Basic Materials,Basic Materials,False,Cash,1,Stage 2,Stage 2,Advancing,0.9,Price is above constructive weekly and long-term trend structure with improving relative strength.,,,2026-09-29,,Stage 2 - Advancing,44.3,Strong,Volume Drying Up,Volume Drying Up (0.41x vs 10W Avg),9.46,Outperformed Nifty by 9.46% in 3 Months,True,9.46,42.78,293626421.24,0.62,0.44,0.41,True,True,"Stage 2, Advancing, trend_template_ok, volume_dryup, weekly_volume_dryup, flags=Wider Risk;Low Liquidity",watchlist,weekly_watchlist,watchlist,60.72,29.42,44.3,10.0,54.3,41
PNBHOUSING.NS,PNB Housing Finance Limited,Mortgage Finance,Financial Services,Financial Services,True,F&O,1,Stage 2,Stage 2,Advancing,0.8,Price is above constructive weekly and long-term trend structure with improving relative strength.,,,2026-09-29,,Stage 2 - Advancing,54.22,Strong,Volume Drying Up,Volume Drying Up (0.85x vs 10W Avg),10.37,Outperformed Nifty by 10.37% in 3 Months,True,10.37,36.86,1022618493.14,1.19,1.28,0.85,False,True,"Stage 2, Advancing, trend_template_ok, weekly_vcp_ok, weekly_volume_dryup, weekly_strong, flags=Wider Risk;Low Liquidity",watchlist,weekly_near_pivot,watchlist,57.54,68.72,54.22,0.0,54.22,42
ALIVUS.NS,Alivus Life Sciences Limited,Drug Manufacturers - Specialty & Generic,Healthcare,Healthcare,False,Cash,1,Stage 2,Stage 2,Advancing,0.9,Price is above constructive weekly and long-term trend structure with improving relative strength.,,,2026-09-29,,Stage 2 - Advancing,44.13,Very Strong,Volume Drying Up,Volume Drying Up (0.73x vs 10W Avg),27.11,Outperformed Nifty by 27.11% in 3 Months,True,27.11,31.83,170873762.45,0.84,1.15,0.73,True,True,"Stage 2, Advancing, trend_template_ok, weekly_vcp_ok, volume_dryup, weekly_volume_dryup, weekly_strong, flags=Loose Structure;Wider Risk;Low Liquidity",watchlist,weekly_near_pivot,watchlist,36.25,67.89,44.13,10.0,54.13,43
VARROC.NS,Varroc Engineering Limited,Auto Parts,Consumer Cyclical,Consumer Cyclical,False,Cash,1,Stage 2,Stage 2,Advancing,0.9,Price is above constructive weekly and long-term trend structure with improving relative strength.,,,2026-09-29,,Stage 2 - Advancing,48.91,Very Strong,Volume Drying Up,Volume Drying Up (0.33x vs 10W Avg),37.64,Outperformed Nifty by 37.64% in 3 Months,True,37.64,79.08,282292242.41,0.42,0.79,0.33,True,True,"Stage 2, Advancing, trend_template_ok, weekly_vcp_ok, volume_dryup, weekly_volume_dryup, weekly_strong, flags=Loose Structure;Wider Risk;Low Liquidity",watchlist,weekly_near_pivot,watchlist,41.15,72.0,48.91,5.0,53.91,44
MOTILALOFS.NS,Motilal Oswal Financial Services Limited,Capital Markets,Financial Services,Financial Services,True,F&O,1,Stage 2,Stage 2,Advancing,0.9,Price is above constructive weekly and long-term trend structure with improving relative strength.,,,2026-09-29,,Stage 2 - Advancing,53.88,Strong,Volume Drying Up,Volume Drying Up (0.66x vs 10W Avg),11.1,Outperformed Nifty by 11.1% in 3 Months,True,11.1,40.94,785456749.99,0.7,0.82,0.66,True,True,"Stage 2, Advancing, trend_template_ok, weekly_vcp_ok, volume_dryup, weekly_volume_dryup, weekly_strong, flags=Wide Weekly Base;Wider Risk;Low Liquidity",watchlist,weekly_breakout,watchlist,56.72,69.2,53.88,0.0,53.88,45
SHYAMMETL.NS,Shyam Metalics and Energy Limited,Steel,Basic Materials,Basic Materials,False,Cash,1,Stage 2,Stage 2,Advancing,0.9,Price is above constructive weekly and long-term trend structure with improving relative strength.,,,2026-09-29,,Stage 2 - Advancing,43.69,Very Strong,Volume Normal,Volume Normal (1.01x vs 10W Avg),18.4,Outperformed Nifty by 18.4% in 3 Months,True,18.4,28.86,566568629.89,1.61,0.42,1.01,False,False,"Stage 2, Advancing, trend_template_ok, flags=Wider Risk;Low Liquidity",watchlist,weekly_watchlist,watchlist,49.23,37.13,43.69,10.0,53.69,46
RPGLIFE.NS,RPG Life Sciences Limited,Drug Manufacturers - Specialty & Generic,Healthcare,Healthcare,False,Cash,1,Stage 2,Stage 2,Advancing,0.9,Price is above constructive weekly and long-term trend structure with improving relative strength.,,,2026-09-29,,Stage 2 - Advancing,43.65,Very Strong,Volume Expanding,Volume Expanding (2.95x vs 10W Avg),33.72,Outperformed Nifty by 33.72% in 3 Months,True,33.72,60.92,116630714.03,2.25,1.65,2.95,False,False,"Stage 2, Advancing, trend_template_ok, flags=Wider Risk;Low Liquidity",watchlist,weekly_watchlist,watchlist,57.42,32.2,43.65,10.0,53.65,47
RKFORGE.NS,Ramkrishna Forgings Limited,Metal Fabrication,Industrials,Industrials,False,Cash,1,Stage 2,Stage 2,Advancing,0.8,Price is above constructive weekly and long-term trend structure with improving relative strength.,,,2026-09-29,,Stage 2 - Advancing,43.62,Very Strong,Volume Drying Up,Volume Drying Up (0.42x vs 10W Avg),29.06,Outperformed Nifty by 29.06% in 3 Months,True,29.06,37.55,395137921.61,0.39,0.8,0.42,True,True,"Stage 2, Advancing, trend_template_ok, weekly_vcp_ok, volume_dryup, weekly_volume_dryup, weekly_strong, flags=Loose Structure;Wider Risk;Low Liquidity",watchlist,weekly_forming,watchlist,39.1,63.76,43.62,10.0,53.62,48
PTCIL.NS,PTC Industries Limited,Metal Fabrication,Industrials,Industrials,False,Cash,1,Stage 2,Stage 2,Advancing,0.9,Price is above constructive weekly and long-term trend structure with improving relative strength.,,,2026-09-29,,Stage 2 - Advancing,43.56,Very Strong,Volume Drying Up,Volume Drying Up (0.42x vs 10W Avg),31.27,Outperformed Nifty by 31.27% in 3 Months,True,31.27,37.17,607515023.25,0.45,0.6,0.42,True,True,"Stage 2, Advancing, trend_template_ok, weekly_vcp_ok, volume_dryup, weekly_volume_dryup, weekly_strong, flags=Loose Structure;Wider Risk;Low Liquidity",watchlist,weekly_forming,watchlist,38.85,62.84,43.56,10.0,53.56,49
FOSECOIND.NS,Foseco India Limited,Chemicals,Basic Materials,Basic Materials,False,Cash,1,Stage 2,Stage 2,Advancing,0.9,Price is above constructive weekly and long-term trend structure with improving relative strength.,,,2026-09-29,,Stage 2 - Advancing,48.43,Very Strong,Volume Drying Up,Volume Drying Up (0.71x vs 10W Avg),32.92,Outperformed Nifty by 32.92% in 3 Months,True,32.92,39.46,239070463.4,2.07,0.7,0.71,False,True,"Stage 2, Advancing, trend_template_ok, weekly_vcp_ok, weekly_volume_dryup, weekly_strong, flags=Loose Structure;Wide Risk;Low Liquidity",watchlist,weekly_breakout,watchlist,55.8,64.34,48.43,5.0,53.43,50
THELEELA.NS,Leela Palaces Hotels & Resorts Limited,Lodging,Consumer Cyclical,Consumer Cyclical,False,Cash,1,Stage 2,Stage 2,Advancing,0.9,Price is above constructive weekly and long-term trend structure with improving relative strength.,,,2026-09-29,,Stage 2 - Advancing,51.17,Very Strong,Volume Drying Up,Volume Normal (1.33x vs 10W Avg),27.42,Outperformed Nifty by 27.42% in 3 Months,True,27.42,36.67,203639076.65,0.76,2.43,1.33,True,False,"Stage 2, Advancing, trend_template_ok, volume_dryup, flags=Wider Risk",watchlist,weekly_watchlist,watchlist,53.75,31.21,51.17,2.0,53.17,51
STAR.NS,Strides Pharma Science Limited,Drug Manufacturers - Specialty & Generic,Healthcare,Healthcare,False,Cash,1,Stage 2,Stage 2,Advancing,0.9,Price is above constructive weekly and long-term trend structure with improving relative strength.,,,2026-09-29,,Stage 2 - Advancing,43.07,Strong,Volume Drying Up,Volume Drying Up (0.52x vs 10W Avg),7.12,Outperformed Nifty by 7.12% in 3 Months,True,7.12,11.9,448132509.89,0.59,0.91,0.52,True,True,"Stage 2, Advancing, trend_template_ok, weekly_vcp_ok, volume_dryup, weekly_volume_dryup, weekly_strong, flags=Wide Risk;Low Liquidity",watchlist,weekly_near_pivot,watchlist,34.13,65.9,43.07,10.0,53.07,52
CUB.NS,City Union Bank Limited,Banks - Regional,Financial Services,Financial Services,False,Cash,1,Stage 2,Stage 2,Advancing,0.8,Price is above constructive weekly and long-term trend structure with improving relative strength.,,,2026-09-29,,Stage 2 - Advancing,51.01,Strong,Volume Expanding,Volume Normal (1.32x vs 10W Avg),8.35,Outperformed Nifty by 8.35% in 3 Months,True,8.35,21.12,558494501.07,0.9,3.51,1.32,False,False,"Stage 2, Advancing, trend_template_ok, weekly_vcp_ok, weekly_strong, flags=Wide Risk;Low Liquidity",watchlist,weekly_forming,watchlist,59.76,58.95,51.01,2.0,53.01,53
MPSLTD.NS,MPS Limited,Communication Services,Communication Services,Communication Services,False,Cash,1,Stage 2,Stage 2,Advancing,0.8,Price is above constructive weekly and long-term trend structure with improving relative strength.,,,2026-09-29,,Stage 2 - Advancing,47.84,Very Strong,Volume Drying Up,Volume Drying Up (0.20x vs 10W Avg),40.99,Outperformed Nifty by 40.99% in 3 Months,True,40.99,60.77,37391633.85,0.22,2.56,0.2,True,True,"Stage 2, Advancing, trend_template_ok, weekly_vcp_ok, volume_dryup, weekly_volume_dryup, weekly_strong, flags=Loose Structure;Low Liquidity",watchlist,weekly_forming,watchlist,44.22,64.0,47.84,5.0,52.84,54
MRPL.NS,Mangalore Refinery and Petrochemicals Limited,Oil & Gas Refining & Marketing,Energy,Energy,False,Cash,1,Stage 2,Stage 2,Advancing,0.8,Price is above constructive weekly and long-term trend structure with improving relative strength.,,,2026-09-29,,Stage 2 - Advancing,47.65,Strong,Volume Expanding,Volume Normal (1.32x vs 10W Avg),19.18,Outperformed Nifty by 19.18% in 3 Months,True,19.18,-6.89,2011150990.14,0.86,3.13,1.32,False,False,"Stage 2, Advancing, trend_template_ok, weekly_vcp_ok, weekly_strong, flags=Wide Risk;Low Liquidity",watchlist,weekly_forming,watchlist,54.37,58.33,47.65,5.0,52.65,55
ANTHEM.NS,Anthem Biosciences Limited,Biotechnology,Healthcare,Healthcare,False,Cash,1,Stage 2,Stage 2,Advancing,0.8,Price is above constructive weekly and long-term trend structure with improving relative strength.,,,2026-09-29,,Stage 2 - Advancing,47.12,Very Strong,Volume Drying Up,Volume Drying Up (0.50x vs 10W Avg),17.72,Outperformed Nifty by 17.72% in 3 Months,True,17.72,27.73,775235664.87,1.22,0.22,0.5,False,True,"Stage 2, Advancing, trend_template_ok, weekly_vcp_ok, weekly_volume_dryup, weekly_strong, flags=Wide Risk;Low Liquidity",watchlist,weekly_forming,watchlist,51.74,58.55,47.12,5.0,52.12,56
ADANIPORTS.NS,Adani Ports and Special Economic Zone Limited,Marine Shipping,Industrials,Industrials,True,F&O,1,Stage 2,Stage 2,Advancing,0.9,Price is above constructive weekly and long-term trend structure with improving relative strength.,,,2026-09-29,,Stage 2 - Advancing,41.93,Very Strong,Volume Normal,Volume Normal (1.02x vs 10W Avg),3.25,Outperformed Nifty by 3.25% in 3 Months,True,3.25,29.47,3557101242.76,0.89,1.45,1.02,False,False,"Stage 2, Advancing, trend_template_ok, flags=Low Liquidity",watchlist,weekly_watchlist,watchlist,47.85,32.27,41.93,10.0,51.93,57
MCX.NS,Multi Commodity Exchange of India Limited,Financial Services,Financial Services,Financial Services,True,F&O,1,Stage 2,Stage 2,Advancing,0.9,Price is above constructive weekly and long-term trend structure with improving relative strength.,,,2026-09-29,,Stage 2 - Advancing,51.83,Very Strong,Volume Normal,Volume Normal (1.08x vs 10W Avg),28.3,Outperformed Nifty by 28.3% in 3 Months,True,28.3,28.86,6122053781.79,0.91,0.97,1.08,False,False,"Stage 2, Advancing, trend_template_ok, weekly_vcp_ok, weekly_strong, flags=Wider Risk;Low Liquidity",watchlist,weekly_near_pivot,watchlist,44.71,68.92,51.83,0.0,51.83,58
CARTRADE.NS,Cartrade Tech Limited,Consumer Cyclical,Consumer Cyclical,Consumer Cyclical,False,Cash,1,Stage 2,Stage 2,Advancing,0.8,Price is above constructive weekly and long-term trend structure with improving relative strength.,,,2026-09-29,,Stage 2 - Advancing,49.59,Strong,Volume Drying Up,Volume Drying Up (0.60x vs 10W Avg),10.68,Outperformed Nifty by 10.68% in 3 Months,True,10.68,63.09,980726518.43,0.59,0.48,0.6,True,True,"Stage 2, Advancing, trend_template_ok, weekly_vcp_ok, volume_dryup, weekly_volume_dryup, weekly_strong, flags=Wide Weekly Base;Wide Risk;Low Liquidity",watchlist,weekly_forming,watchlist,58.18,63.38,49.59,2.0,51.59,59
EDELWEISS.NS,Edelweiss Financial Services Limited,Financial Services,Financial Services,Financial Services,False,Cash,1,Stage 2,Stage 2,Advancing,0.9,Price is above constructive weekly and long-term trend structure with improving relative strength.,,,2026-09-29,,Stage 2 - Advancing,51.34,Very Strong,Volume Normal,Volume Normal (0.99x vs 10W Avg),21.23,Outperformed Nifty by 21.23% in 3 Months,True,21.23,32.98,1413342931.37,1.29,1.21,0.99,False,False,"Stage 2, Advancing, trend_template_ok, weekly_vcp_ok, weekly_strong, flags=Wide Risk;Low Liquidity",watchlist,weekly_breakout,watchlist,57.06,62.52,51.34,0.0,51.34,60
IOLCP.NS,IOL Chemicals and Pharmaceuticals Limited,Drug Manufacturers - Specialty & Generic,Healthcare,Healthcare,False,Cash,1,Stage 2,Stage 2,Extended,0.78,"Weekly advancing structure remains intact, but price is stretched versus key moving averages.",,,2026-09-29,,Stage 2 - Extended,41.24,Very Strong,Volume Drying Up,Volume Drying Up (0.63x vs 10W Avg),50.15,Outperformed Nifty by 50.15% in 3 Months,True,50.15,162.17,844462814.63,0.75,0.74,0.63,True,True,"Stage 2, Extended, trend_template_ok, weekly_vcp_ok, volume_dryup, weekly_volume_dryup, weekly_strong, flags=Loose Structure;Extended;Wide Risk;Low Liquidity",watchlist,weekly_near_pivot,watchlist,35.84,72.0,41.24,10.0,51.24,61
ENGINERSIN.NS,Engineers India Limited,Engineering & Construction,Industrials,Industrials,False,Cash,1,Stage 2,Stage 2,Extended,0.78,"Weekly advancing structure remains intact, but price is stretched versus key moving averages.",,,2026-09-29,,Stage 2 - Extended,51.0,Very Strong,Volume Expanding,Volume Expanding (1.79x vs 10W Avg),34.78,Outperformed Nifty by 34.78% in 3 Months,True,34.78,55.77,1747399778.22,1.81,0.45,1.79,False,False,"Stage 2, Extended, trend_template_ok, weekly_vcp_ok, weekly_strong, flags=Loose Structure;Extended;Wide Risk;Low Liquidity",watchlist,weekly_breakout,watchlist,57.7,63.2,51.0,0.0,51.0,62
TBOTEK.NS,TBO Tek Limited,Consumer Cyclical,Consumer Cyclical,Consumer Cyclical,False,Cash,1,Stage 2,Stage 2,Advancing,0.8,Price is above constructive weekly and long-term trend structure with improving relative strength.,,,2026-09-29,,Stage 2 - Advancing,49.0,Very Strong,Volume Drying Up,Volume Drying Up (0.73x vs 10W Avg),17.52,Outperformed Nifty by 17.52% in 3 Months,True,17.52,52.39,264317797.02,0.85,2.75,0.73,False,True,"Stage 2, Advancing, trend_template_ok, weekly_volume_dryup, flags=Wider Risk",watchlist,weekly_watchlist,watchlist,53.48,30.59,49.0,2.0,51.0,63
GRAPHITE.NS,Graphite India Limited,Electrical Equipment & Parts,Industrials,Industrials,False,Cash,1,Stage 2,Stage 2,Advancing,0.9,Price is above constructive weekly and long-term trend structure with improving relative strength.,,,2026-09-29,,Stage 2 - Advancing,40.98,Very Strong,Volume Drying Up,Volume Drying Up (0.56x vs 10W Avg),31.41,Outperformed Nifty by 31.41% in 3 Months,True,31.41,21.47,3186234236.8,0.66,0.82,0.56,True,True,"Stage 2, Advancing, trend_template_ok, volume_dryup, weekly_volume_dryup, flags=Loose Structure;Wide Risk;Low Liquidity",watchlist,weekly_watchlist,watchlist,59.46,31.69,40.98,10.0,50.98,64
SAREGAMA.NS,Saregama India Limited,Communication Services,Communication Services,Communication Services,False,Cash,1,Stage 2,Stage 2,Advancing,0.8,Price is above constructive weekly and long-term trend structure with improving relative strength.,,,2026-09-29,,Stage 2 - Advancing,45.95,Very Strong,Volume Drying Up,Volume Drying Up (0.78x vs 10W Avg),10.59,Outperformed Nifty by 10.59% in 3 Months,True,10.59,61.53,199716035.94,0.7,1.57,0.78,True,True,"Stage 2, Advancing, trend_template_ok, daily_vcp_ok, volume_dryup, weekly_volume_dryup, flags=Low Liquidity",near_pivot,weekly_watchlist,watchlist,67.85,22.21,45.95,5.0,50.95,65
KSB.NS,Ksb Limited,Specialty Industrial Machinery,Industrials,Industrials,False,Cash,1,Not Sure,Stage 2,Pending Stage 2,0.55,Stage 2 pending confirmation: needs 3 raw Stage 2 runs; current count 1.,Stage 2 pending confirmation: needs 3 raw Stage 2 runs; current count 1.,,2026-08-04,Stage 2,Not Sure - Unclear,40.92,Neutral,Volume Expanding,Volume Expanding (7.87x vs 10W Avg),-1.61,Underperformed Nifty by 1.61% in 3 Months,True,-1.61,2.0,344333982.71,2.54,29.57,7.87,False,False,"Stage 2, Advancing, trend_template_ok, weekly_vcp_ok, weekly_strong, flags=Wide Risk;Low Liquidity | Stage 2 pending confirmation: needs 3 raw Stage 2 runs; current count 1.",watchlist,weekly_forming,watchlist,52.77,56.04,40.92,10.0,50.92,66
ENTERO.NS,Entero Healthcare Solutions Limited,Healthcare,Healthcare,Healthcare,False,Cash,1,Stage 2,Stage 2,Advancing,0.9,Price is above constructive weekly and long-term trend structure with improving relative strength.,,,2026-09-29,,Stage 2 - Advancing,48.77,Very Strong,Volume Drying Up,Volume Drying Up (0.49x vs 10W Avg),47.75,Outperformed Nifty by 47.75% in 3 Months,True,47.75,35.52,403081554.63,0.95,0.21,0.49,False,True,"Stage 2, Advancing, trend_template_ok, weekly_vcp_ok, weekly_volume_dryup, weekly_strong, flags=Loose Structure;Wide Risk",watchlist,weekly_breakout,watchlist,39.47,66.9,48.77,2.0,50.77,67
BHEL.NS,Bharat Heavy Electricals Limited,Specialty Industrial Machinery,Industrials,Industrials,True,F&O,1,Stage 2,Stage 2,Advancing,0.8,Price is above constructive weekly and long-term trend structure with improving relative strength.,,,2026-09-29,,Stage 2 - Advancing,40.47,Very Strong,Volume Normal,Volume Normal (0.96x vs 10W Avg),14.37,Outperformed Nifty by 14.37% in 3 Months,True,14.37,63.08,2538296976.19,0.94,1.31,0.96,False,False,"Stage 2, Advancing, trend_template_ok, flags=Wider Risk;Low Liquidity",watchlist,weekly_watchlist,watchlist,60.5,28.35,40.47,10.0,50.47,68
NAZARA.NS,Nazara Technologies Limited,Communication Services,Communication Services,Communication Services,False,Cash,1,Stage 2,Stage 2,Advancing,0.9,Price is above constructive weekly and long-term trend structure with improving relative strength.,,,2026-09-29,,Stage 2 - Advancing,45.31,Very Strong,Volume Drying Up,Volume Normal (0.97x vs 10W Avg),38.34,Outperformed Nifty by 38.34% in 3 Months,True,38.34,61.42,519011105.22,0.76,1.21,0.97,True,False,"Stage 2, Advancing, trend_template_ok, weekly_vcp_ok, volume_dryup, weekly_strong, flags=Loose Structure;Wider Risk;Low Liquidity",watchlist,weekly_breakout,watchlist,37.45,64.0,45.31,5.0,50.31,69
WOCKPHARMA.NS,Wockhardt Limited,Drug Manufacturers - Specialty & Generic,Healthcare,Healthcare,False,Cash,1,Stage 2,Stage 2,Advancing,0.9,Price is above constructive weekly and long-term trend structure with improving relative strength.,,,2026-09-29,,Stage 2 - Advancing,40.22,Very Strong,Volume Normal,Volume Normal (0.92x vs 10W Avg),17.28,Outperformed Nifty by 17.28% in 3 Months,True,17.28,61.8,3012688090.87,1.28,0.73,0.92,False,False,"Stage 2, Advancing, trend_template_ok, weekly_vcp_ok, weekly_strong, flags=Wide Risk;Low Liquidity",watchlist,weekly_near_pivot,watchlist,33.22,71.11,40.22,10.0,50.22,70
CAPLIPOINT.NS,Caplin Point Laboratories Limited,Drug Manufacturers - Specialty & Generic,Healthcare,Healthcare,False,Cash,1,Stage 2,Stage 2,Advancing,0.9,Price is above constructive weekly and long-term trend structure with improving relative strength.,,,2026-09-29,,Stage 2 - Advancing,40.12,Strong,Volume Expanding,Volume Expanding (1.85x vs 10W Avg),10.47,Outperformed Nifty by 10.47% in 3 Months,True,10.47,72.43,645956918.91,1.25,0.62,1.85,False,False,"Stage 2, Advancing, trend_template_ok, flags=Wider Risk;Low Liquidity",watchlist,weekly_watchlist,watchlist,54.43,31.0,40.12,10.0,50.12,71
ICIL.NS,Indo Count Industries Limited,Textile Manufacturing,Consumer Cyclical,Consumer Cyclical,False,Cash,1,Stage 2,Stage 2,Advancing,0.9,Price is above constructive weekly and long-term trend structure with improving relative strength.,,,2026-09-29,,Stage 2 - Advancing,45.02,Very Strong,Volume Drying Up,Volume Drying Up (0.44x vs 10W Avg),13.87,Outperformed Nifty by 13.87% in 3 Months,True,13.87,86.02,247016499.63,0.51,1.4,0.44,True,True,"Stage 2, Advancing, trend_template_ok, volume_dryup, weekly_volume_dryup, flags=Wide Risk;Low Liquidity",watchlist,weekly_watchlist,watchlist,61.04,34.6,45.02,5.0,50.02,72
AJAXENGG.NS,Ajax Engineering Limited,Farm & Heavy Construction Machinery,Industrials,Industrials,False,Cash,1,Stage 2,Stage 2,Advancing,0.8,Price is above constructive weekly and long-term trend structure with improving relative strength.,,,2026-09-29,,Stage 2 - Advancing,47.88,Very Strong,Volume Expanding,Volume Expanding (4.51x vs 10W Avg),16.18,Outperformed Nifty by 16.18% in 3 Months,True,16.18,29.75,96374486.31,2.4,0.32,4.51,False,False,"Stage 2, Advancing, trend_template_ok, weekly_vcp_ok, weekly_strong, flags=Wide Weekly Base;Wider Risk;Low Liquidity",watchlist,weekly_near_pivot,watchlist,48.4,69.69,47.88,2.0,49.88,73
VRLLOG.NS,VRL Logistics Limited,Industrials,Industrials,Industrials,False,Cash,1,Failed Stage 2,Stage 2,Failed Stage 2,0.7,Failed Stage 2 cooling period is still active; waiting for a fresh base or confirmed reclaim.,Failed Stage 2 hold period active.,,2026-09-28,,Failed Stage 2,49.75,Very Strong,Volume Drying Up,Volume Drying Up (0.30x vs 10W Avg),26.44,Outperformed Nifty by 26.44% in 3 Months,True,26.44,20.86,33381414.78,0.28,1.05,0.3,True,True,"Stage 2, Advancing, trend_template_ok, weekly_vcp_ok, volume_dryup, weekly_volume_dryup, weekly_strong, flags=Loose Structure;Wider Risk;Low Liquidity | Failed Stage 2 hold period active.",watchlist,weekly_near_pivot,watchlist,46.85,69.83,49.75,0.0,49.75,74
JSWINFRA.NS,JSW Infrastructure Limited,Marine Shipping,Industrials,Industrials,False,Cash,1,Stage 2,Stage 2,Advancing,0.9,Price is above constructive weekly and long-term trend structure with improving relative strength.,,,2026-09-29,,Stage 2 - Advancing,39.52,Very Strong,Volume Normal,Volume Normal (0.90x vs 10W Avg),16.86,Outperformed Nifty by 16.86% in 3 Months,True,16.86,51.36,1645323339.14,1.95,0.59,0.9,False,True,"Stage 2, Advancing, trend_template_ok, weekly_volume_dryup, flags=Wide Risk;Low Liquidity",watchlist,weekly_watchlist,watchlist,54.68,27.42,39.52,10.0,49.52,75
RATNAMANI.NS,Ratnamani Metals & Tubes Limited,Steel,Basic Materials,Basic Materials,False,Cash,1,Stage 2,Stage 2,Advancing,0.9,Price is above constructive weekly and long-term trend structure with improving relative strength.,,,2026-09-29,,Stage 2 - Advancing,39.51,Very Strong,Volume Drying Up,Volume Drying Up (0.40x vs 10W Avg),13.1,Outperformed Nifty by 13.1% in 3 Months,True,13.1,22.18,149672600.45,0.4,0.36,0.4,True,True,"Stage 2, Advancing, trend_template_ok, volume_dryup, weekly_volume_dryup, flags=Loose Structure;Wider Risk;Low Liquidity",watchlist,weekly_watchlist,watchlist,56.07,30.13,39.51,10.0,49.51,76
SAIL.NS,Steel Authority of India Limited,Steel,Basic Materials,Basic Materials,True,F&O,1,Stage 2,Stage 2,Advancing,0.9,Price is above constructive weekly and long-term trend structure with improving relative strength.,,,2026-09-29,,Stage 2 - Advancing,39.5,Strong,Volume Drying Up,Volume Normal (0.88x vs 10W Avg),15.45,Outperformed Nifty by 15.45% in 3 Months,True,15.45,13.18,2766726535.8,0.82,0.72,0.88,True,True,"Stage 2, Advancing, trend_template_ok, daily_vcp_ok, volume_dryup, weekly_volume_dryup, flags=Wide Risk;Low Liquidity",forming_vcp,weekly_watchlist,watchlist,54.66,25.06,39.5,10.0,49.5,77
NEULANDLAB.NS,Neuland Laboratories Limited,Drug Manufacturers - Specialty & Generic,Healthcare,Healthcare,False,Cash,1,Stage 2,Stage 2,Advancing,0.8,Price is above constructive weekly and long-term trend structure with improving relative strength.,,,2026-09-29,,Stage 2 - Advancing,39.41,Very Strong,Volume Drying Up,Volume Drying Up (0.81x vs 10W Avg),19.64,Outperformed Nifty by 19.64% in 3 Months,True,19.64,61.04,1018850014.5,0.69,1.21,0.81,True,True,"Stage 2, Advancing, trend_template_ok, weekly_vcp_ok, volume_dryup, weekly_volume_dryup, weekly_strong, flags=Wide Weekly Base;Wide Risk;Low Liquidity",watchlist,weekly_forming,watchlist,36.33,64.0,39.41,10.0,49.41,78
JTLIND.NS,JTL INDUSTRIES LIMITED,Steel,Basic Materials,Basic Materials,False,Cash,1,Stage 2,Stage 2,Advancing,0.9,Price is above constructive weekly and long-term trend structure with improving relative strength.,,,2026-09-29,,Stage 2 - Advancing,38.9,Very Strong,Volume Drying Up,Volume Drying Up (0.85x vs 10W Avg),13.19,Outperformed Nifty by 13.19% in 3 Months,True,13.19,80.01,250563632.03,0.85,0.45,0.85,False,True,"Stage 2, Advancing, trend_template_ok, weekly_vcp_ok, weekly_volume_dryup, weekly_strong, flags=Wide Weekly Base;Wide Risk;Low Liquidity",watchlist,weekly_near_pivot,watchlist,35.32,72.0,38.9,10.0,48.9,79
GNFC.NS,Gujarat Narmada Valley Fertilizers and Chemicals Limited,Chemicals,Basic Materials,Basic Materials,False,Cash,1,Stage 2,Stage 2,Advancing,0.9,Price is above constructive weekly and long-term trend structure with improving relative strength.,,,2026-09-29,,Stage 2 - Advancing,43.85,Very Strong,Volume Normal,Volume Normal (1.20x vs 10W Avg),27.1,Outperformed Nifty by 27.1% in 3 Months,True,27.1,52.96,760138343.24,2.23,0.98,1.2,False,False,"Stage 2, Advancing, trend_template_ok, flags=Loose Structure;Wider Risk;Low Liquidity",watchlist,weekly_watchlist,watchlist,66.55,31.0,43.85,5.0,48.85,80
ABBOTINDIA.NS,Abbott India Limited,Drug Manufacturers - Specialty & Generic,Healthcare,Healthcare,False,Cash,1,Stage 1,Stage 1,Stage 1,0.68,Price is building a base around long-term weekly structure without a confirmed advancing phase.,,,,,Stage 1,38.68,Very Strong,Volume Drying Up,Volume Drying Up (0.85x vs 10W Avg),14.0,Outperformed Nifty by 14.0% in 3 Months,False,14.0,5.91,230576489.25,1.07,0.68,0.85,False,True,"Stage 1, Stage 1, stage1_base_ready, weekly_volume_dryup, flags=Wider Risk, stage1_not_actionable",watchlist,weekly_watchlist,watchlist,22.19,33.26,38.68,10.0,48.68,81
LALPATHLAB.NS,Dr. Lal Path Labs Ltd.,Diagnostics & Research,Healthcare,Healthcare,False,Cash,1,Stage 2,Stage 2,Advancing,0.9,Price is above constructive weekly and long-term trend structure with improving relative strength.,,,2026-09-29,,Stage 2 - Advancing,38.58,Very Strong,Volume Expanding,Volume Normal (1.09x vs 10W Avg),24.97,Outperformed Nifty by 24.97% in 3 Months,True,24.97,45.21,629624757.09,0.95,1.96,1.09,False,False,"Stage 2, Advancing, trend_template_ok, flags=Wider Risk;Low Liquidity",watchlist,weekly_watchlist,watchlist,49.1,28.82,38.58,10.0,48.58,82
FLUOROCHEM.NS,Gujarat Fluorochemicals Limited,Specialty Chemicals,Basic Materials,Basic Materials,False,Cash,1,Stage 2,Stage 2,Advancing,0.8,Price is above constructive weekly and long-term trend structure with improving relative strength.,,,2026-09-29,,Stage 2 - Advancing,43.56,Very Strong,Volume Drying Up,Volume Drying Up (0.28x vs 10W Avg),18.79,Outperformed Nifty by 18.79% in 3 Months,True,18.79,34.93,543148490.46,0.54,0.55,0.28,True,True,"Stage 2, Advancing, trend_template_ok, weekly_vcp_ok, volume_dryup, weekly_volume_dryup, weekly_strong, flags=Wider Risk;Low Liquidity",watchlist,weekly_forming,watchlist,37.35,62.47,43.56,5.0,48.56,83
IKS.NS,Inventurus Knowledge Solutions Limited,Healthcare,Healthcare,Healthcare,False,Cash,1,Stage 2,Stage 2,Advancing,0.8,Price is above constructive weekly and long-term trend structure with improving relative strength.,,,2026-09-29,,Stage 2 - Advancing,46.44,Strong,Volume Normal,Volume Normal (1.21x vs 10W Avg),-0.1,Underperformed Nifty by 0.1% in 3 Months,True,-0.1,22.48,407724159.61,1.82,0.79,1.21,False,False,"Stage 2, Advancing, trend_template_ok, weekly_vcp_ok, weekly_strong, flags=Wide Risk;Low Liquidity",watchlist,weekly_forming,watchlist,52.06,58.24,46.44,2.0,48.44,84
WELCORP.NS,Welspun Corp Limited,Steel,Basic Materials,Basic Materials,False,Cash,1,Stage 2,Stage 2,Extended,0.78,"Weekly advancing structure remains intact, but price is stretched versus key moving averages.",,,2026-09-29,,Stage 2 - Extended,38.36,Very Strong,Volume Normal,Volume Normal (0.99x vs 10W Avg),82.82,Outperformed Nifty by 82.82% in 3 Months,True,82.82,208.78,5660298762.87,1.05,0.58,0.99,False,False,"Stage 2, Extended, trend_template_ok, weekly_vcp_ok, weekly_strong, flags=Loose Structure;Extended;Wide Risk;Low Liquidity",watchlist,weekly_near_pivot,watchlist,33.48,72.0,38.36,10.0,48.36,85
AJANTPHARM.NS,Ajanta Pharma Limited,Drug Manufacturers - Specialty & Generic,Healthcare,Healthcare,False,Cash,1,Stage 2,Stage 2,Advancing,0.9,Price is above constructive weekly and long-term trend structure with improving relative strength.,,,2026-09-29,,Stage 2 - Advancing,38.3,Very Strong,Volume Expanding,Volume Normal (1.36x vs 10W Avg),15.11,Outperformed Nifty by 15.11% in 3 Months,True,15.11,33.46,315352241.79,1.27,4.7,1.36,False,False,"Stage 2, Advancing, trend_template_ok, flags=Low Liquidity",watchlist,weekly_watchlist,watchlist,47.83,25.46,38.3,10.0,48.3,86
GAIL.NS,GAIL (India) Limited,Utilities,Utilities,Utilities,True,F&O,1,Stage 2,Stage 2,Advancing,0.8,Price is above constructive weekly and long-term trend structure with improving relative strength.,,,2026-09-29,,Stage 2 - Advancing,48.26,Very Strong,Volume Drying Up,Volume Normal (1.11x vs 10W Avg),4.52,Outperformed Nifty by 4.52% in 3 Months,False,4.52,16.36,1070866244.6,0.84,1.93,1.11,True,False,"Stage 2, Advancing, daily_vcp_ok, weekly_vcp_ok, volume_dryup, weekly_strong, flags=Low Liquidity",watchlist,weekly_near_pivot,watchlist,37.24,66.09,48.26,0.0,48.26,87
MAHSEAMLES.NS,Maharashtra Seamless Limited,Steel,Basic Materials,Basic Materials,False,Cash,1,Stage 2,Stage 2,Advancing,0.9,Price is above constructive weekly and long-term trend structure with improving relative strength.,,,2026-09-29,,Stage 2 - Advancing,38.2,Very Strong,Volume Expanding,Volume Expanding (1.97x vs 10W Avg),32.04,Outperformed Nifty by 32.04% in 3 Months,True,32.04,22.71,354783891.22,1.29,3.79,1.97,False,False,"Stage 2, Advancing, trend_template_ok, flags=Loose Structure;Wider Risk;Low Liquidity",watchlist,weekly_watchlist,watchlist,49.95,31.88,38.2,10.0,48.2,88
UNICHEMLAB.NS,Unichem Laboratories Limited,Drug Manufacturers - Specialty & Generic,Healthcare,Healthcare,False,Cash,1,Stage 2,Stage 2,Advancing,0.9,Price is above constructive weekly and long-term trend structure with improving relative strength.,,,2026-09-29,,Stage 2 - Advancing,38.12,Very Strong,Volume Expanding,Volume Expanding (4.71x vs 10W Avg),24.66,Outperformed Nifty by 24.66% in 3 Months,True,24.66,72.49,172272348.79,1.89,0.8,4.71,False,False,"Stage 2, Advancing, trend_template_ok, flags=Wide Risk;Low Liquidity",watchlist,weekly_watchlist,watchlist,50.82,27.8,38.12,10.0,48.12,89
PRICOLLTD.NS,Pricol Limited,Auto Parts,Consumer Cyclical,Consumer Cyclical,False,Cash,1,Stage 2,Stage 2,Advancing,0.8,Price is above constructive weekly and long-term trend structure with improving relative strength.,,,2026-09-29,,Stage 2 - Advancing,43.08,Very Strong,Volume Drying Up,Volume Drying Up (0.47x vs 10W Avg),26.49,Outperformed Nifty by 26.49% in 3 Months,True,26.49,37.38,197344203.89,0.44,0.78,0.47,True,True,"Stage 2, Advancing, trend_template_ok, weekly_vcp_ok, volume_dryup, weekly_volume_dryup, weekly_strong, flags=Loose Structure;Wider Risk;Low Liquidity",watchlist,weekly_forming,watchlist,38.98,62.39,43.08,5.0,48.08,90
MAHLOG.NS,Mahindra Logistics Limited,Industrials,Industrials,Industrials,False,Cash,1,Stage 2,Stage 2,Advancing,0.9,Price is above constructive weekly and long-term trend structure with improving relative strength.,,,2026-09-29,,Stage 2 - Advancing,47.87,Very Strong,Volume Expanding,Volume Normal (1.46x vs 10W Avg),16.66,Outperformed Nifty by 16.66% in 3 Months,True,16.66,22.31,82920856.95,1.27,2.24,1.46,False,False,"Stage 2, Advancing, trend_template_ok, flags=Wider Risk;Low Liquidity",watchlist,weekly_watchlist,watchlist,59.66,38.3,47.87,0.0,47.87,91
PFOCUS.NS,Prime Focus Limited,Communication Services,Communication Services,Communication Services,False,Cash,1,Stage 2,Stage 2,Advancing,0.9,Price is above constructive weekly and long-term trend structure with improving relative strength.,,,2026-09-29,,Stage 2 - Advancing,42.57,Strong,Volume Expanding,Volume Expanding (2.53x vs 10W Avg),41.53,Outperformed Nifty by 41.53% in 3 Months,True,41.53,-8.54,982253424.84,2.71,1.64,2.53,False,False,"Stage 2, Advancing, trend_template_ok, weekly_vcp_ok, weekly_strong, flags=Wide Weekly Base;Wide Risk;Low Liquidity",watchlist,weekly_breakout,watchlist,50.21,67.3,42.57,5.0,47.57,92
SMLMAH.NS,SML Mahindra Limited,Auto Manufacturers,Consumer Cyclical,Consumer Cyclical,False,Cash,1,Stage 2,Stage 2,Extended,0.78,"Weekly advancing structure remains intact, but price is stretched versus key moving averages.",,,2026-09-29,,Stage 2 - Extended,42.57,Very Strong,Volume Drying Up,Volume Drying Up (0.25x vs 10W Avg),75.8,Outperformed Nifty by 75.8% in 3 Months,True,75.8,65.54,611148362.58,0.29,0.53,0.25,True,True,"Stage 2, Extended, trend_template_ok, weekly_vcp_ok, volume_dryup, weekly_volume_dryup, weekly_strong, flags=Loose Structure;Extended;Wide Risk;Low Liquidity",watchlist,weekly_breakout,watchlist,39.22,64.0,42.57,5.0,47.57,93
RAMRAT.NS,Ram Ratna Wires Limited,Electrical Equipment & Parts,Industrials,Industrials,False,Cash,1,Stage 2,Stage 2,Extended,0.78,"Weekly advancing structure remains intact, but price is stretched versus key moving averages.",,,2026-09-29,,Stage 2 - Extended,37.46,Very Strong,Volume Drying Up,Volume Drying Up (0.59x vs 10W Avg),54.9,Outperformed Nifty by 54.9% in 3 Months,True,54.9,92.35,151856348.68,0.72,0.45,0.59,True,True,"Stage 2, Extended, trend_template_ok, volume_dryup, weekly_volume_dryup, flags=Loose Structure;Extended;Wide Risk",watchlist,weekly_watchlist,watchlist,39.33,30.4,37.46,10.0,47.46,94
ETERNAL.NS,ETERNAL LIMITED,Consumer Cyclical,Consumer Cyclical,Consumer Cyclical,True,F&O,1,Stage 2,Stage 2,Advancing,0.8,Price is above constructive weekly and long-term trend structure with improving relative strength.,,,2026-09-29,,Stage 2 - Advancing,45.32,Very Strong,Volume Drying Up,Volume Drying Up (0.77x vs 10W Avg),19.71,Outperformed Nifty by 19.71% in 3 Months,True,19.71,36.65,5996711726.47,0.74,0.96,0.77,True,True,"Stage 2, Advancing, trend_template_ok, weekly_vcp_ok, volume_dryup, weekly_volume_dryup, weekly_strong, flags=Wider Risk;Low Liquidity",watchlist,weekly_near_pivot,watchlist,36.35,69.64,45.32,2.0,47.32,95
PHOENIXLTD.NS,The Phoenix Mills Limited,Real Estate,Real Estate,Real Estate,True,F&O,1,Stage 2,Stage 2,Advancing,0.9,Price is above constructive weekly and long-term trend structure with improving relative strength.,,,2026-09-29,,Stage 2 - Advancing,45.17,Strong,Volume Normal,Volume Normal (0.85x vs 10W Avg),-1.19,Underperformed Nifty by 1.19% in 3 Months,True,-1.19,23.33,729504901.06,0.86,1.14,0.85,False,True,"Stage 2, Advancing, trend_template_ok, daily_vcp_ok, weekly_vcp_ok, weekly_volume_dryup, weekly_strong, flags=Low Liquidity",near_pivot,weekly_forming,high_conviction_near_pivot,60.23,56.41,45.17,2.0,47.17,96
KPRMILL.NS,K.P.R. Mill Limited,Textile Manufacturing,Consumer Cyclical,Consumer Cyclical,False,Cash,1,Stage 2,Stage 2,Advancing,0.8,Price is above constructive weekly and long-term trend structure with improving relative strength.,,,2026-09-29,,Stage 2 - Advancing,41.99,Strong,Volume Drying Up,Volume Drying Up (0.49x vs 10W Avg),0.15,Outperformed Nifty by 0.15% in 3 Months,True,0.15,30.21,222717127.46,0.66,0.77,0.49,True,True,"Stage 2, Advancing, trend_template_ok, volume_dryup, weekly_volume_dryup, flags=Wide Risk",watchlist,weekly_watchlist,watchlist,59.63,19.84,41.99,5.0,46.99,97
MANYAVAR.NS,Vedant Fashions Limited,Apparel Manufacturing,Consumer Cyclical,Consumer Cyclical,False,Cash,1,Stage 2,Stage 2,Advancing,0.8,Price is above constructive weekly and long-term trend structure with improving relative strength.,,,2026-09-29,,Stage 2 - Advancing,46.93,Very Strong,Volume Drying Up,Volume Drying Up (0.11x vs 10W Avg),41.68,Outperformed Nifty by 41.68% in 3 Months,True,41.68,42.12,200789801.41,0.25,0.27,0.11,True,True,"Stage 2, Advancing, trend_template_ok, weekly_vcp_ok, volume_dryup, weekly_volume_dryup, weekly_strong, flags=Loose Structure;Wide Risk;Low Liquidity",watchlist,weekly_forming,watchlist,53.05,59.6,46.93,0.0,46.93,98
SHILPAMED.NS,Shilpa Medicare Limited,Drug Manufacturers - Specialty & Generic,Healthcare,Healthcare,False,Cash,1,Stage 2,Stage 2,Extended,0.78,"Weekly advancing structure remains intact, but price is stretched versus key moving averages.",,,2026-09-29,,Stage 2 - Extended,36.87,Very Strong,Volume Drying Up,Volume Drying Up (0.34x vs 10W Avg),82.41,Outperformed Nifty by 82.41% in 3 Months,True,82.41,166.46,875706706.43,0.45,0.43,0.34,True,True,"Stage 2, Extended, trend_template_ok, weekly_vcp_ok, volume_dryup, weekly_volume_dryup, weekly_strong, flags=Wide Weekly Base;Loose Structure;Extended;Wide Risk;Low Liquidity",watchlist,weekly_breakout,watchlist,37.48,64.0,36.87,10.0,46.87,99
NAUKRI.NS,Info Edge (India) Limited,Communication Services,Communication Services,Communication Services,True,F&O,1,Stage 2,Stage 2,Advancing,0.8,Price is above constructive weekly and long-term trend structure with improving relative strength.,,,2026-09-29,,Stage 2 - Advancing,41.86,Very Strong,Volume Normal,Volume Normal (0.95x vs 10W Avg),25.03,Outperformed Nifty by 25.03% in 3 Months,False,25.03,21.73,1662536103.03,0.92,1.24,0.95,False,False,"Stage 2, Advancing, weekly_vcp_ok, weekly_strong, flags=Wide Risk",watchlist,weekly_forming,watchlist,16.54,62.48,41.86,5.0,46.86,100
GMMPFAUDLR.NS,GMM Pfaudler Limited,Specialty Industrial Machinery,Industrials,Industrials,False,Cash,1,Stage 2,Stage 2,Extended,0.78,"Weekly advancing structure remains intact, but price is stretched versus key moving averages.",,,2026-09-29,,Stage 2 - Extended,36.84,Very Strong,Volume Drying Up,Volume Drying Up (0.66x vs 10W Avg),97.58,Outperformed Nifty by 97.58% in 3 Months,True,97.58,68.48,779384734.31,1.03,0.38,0.66,False,True,"Stage 2, Extended, trend_template_ok, weekly_vcp_ok, weekly_volume_dryup, weekly_strong, flags=Loose Structure;Extended;Wide Risk;Low Liquidity",watchlist,weekly_breakout,watchlist,33.35,65.1,36.84,10.0,46.84,101
EMCURE.NS,Emcure Pharmaceuticals Limited,Drug Manufacturers - Specialty & Generic,Healthcare,Healthcare,False,Cash,1,Stage 2,Stage 2,Advancing,0.9,Price is above constructive weekly and long-term trend structure with improving relative strength.,,,2026-09-29,,Stage 2 - Advancing,36.83,Very Strong,Volume Drying Up,Volume Drying Up (0.61x vs 10W Avg),12.89,Outperformed Nifty by 12.89% in 3 Months,True,12.89,23.91,410662663.69,1.57,0.4,0.61,False,True,"Stage 2, Advancing, trend_template_ok, weekly_volume_dryup, flags=Wider Risk;Low Liquidity",watchlist,weekly_watchlist,watchlist,37.45,34.88,36.83,10.0,46.83,102
UNIMECH.NS,Unimech Aerospace and Manufacturing Limited,Aerospace & Defense,Industrials,Industrials,False,Cash,1,Stage 2,Stage 2,Extended,0.78,"Weekly advancing structure remains intact, but price is stretched versus key moving averages.",,,2026-09-29,,Stage 2 - Extended,36.67,Very Strong,Volume Normal,Volume Normal (1.06x vs 10W Avg),52.03,Outperformed Nifty by 52.03% in 3 Months,True,52.03,132.83,541148960.11,1.36,1.01,1.06,False,False,"Stage 2, Extended, trend_template_ok, weekly_vcp_ok, weekly_strong, flags=Loose Structure;Extended;Wide Risk;Low Liquidity",watchlist,weekly_breakout,watchlist,34.27,64.0,36.67,10.0,46.67,103
MAXESTATES.NS,Max Estates Limited,Real Estate,Real Estate,Real Estate,False,Cash,1,Stage 2,Stage 2,Extended,0.78,"Weekly advancing structure remains intact, but price is stretched versus key moving averages.",,,2026-09-29,,Stage 2 - Extended,44.54,Very Strong,Volume Expanding,Volume Expanding (1.59x vs 10W Avg),42.5,Outperformed Nifty by 42.5% in 3 Months,True,42.5,75.36,114233159.46,1.14,0.35,1.59,False,False,"Stage 2, Extended, trend_template_ok, weekly_vcp_ok, weekly_strong, flags=Wide Weekly Base;Loose Structure;Extended;Wide Risk",watchlist,weekly_breakout,watchlist,35.62,65.8,44.54,2.0,46.54,104
GLAXO.NS,GlaxoSmithKline Pharmaceuticals Limited,Drug Manufacturers - General,Healthcare,Healthcare,False,Cash,1,Stage 2,Stage 2,Advancing,0.8,Price is above constructive weekly and long-term trend structure with improving relative strength.,,,2026-09-29,,Stage 2 - Advancing,41.43,Very Strong,Volume Drying Up,Volume Normal (1.03x vs 10W Avg),22.08,Outperformed Nifty by 22.08% in 3 Months,True,22.08,20.41,217594101.67,0.8,0.32,1.03,True,False,"Stage 2, Advancing, trend_template_ok, weekly_vcp_ok, volume_dryup, weekly_strong, flags=Wider Risk;Low Liquidity",watchlist,weekly_forming,watchlist,33.63,60.25,41.43,5.0,46.43,105
RPTECH.NS,Rashi Peripherals Limited,Technology,Technology,Technology,False,Cash,1,Stage 2,Stage 2,Extended,0.78,"Weekly advancing structure remains intact, but price is stretched versus key moving averages.",,,2026-09-29,,Stage 2 - Extended,36.35,Very Strong,Volume Drying Up,Volume Normal (1.11x vs 10W Avg),32.36,Outperformed Nifty by 32.36% in 3 Months,True,32.36,157.63,335014148.74,0.81,3.41,1.11,True,False,"Stage 2, Extended, trend_template_ok, volume_dryup, flags=Loose Structure;Extended;Wider Risk;Low Liquidity",watchlist,weekly_watchlist,watchlist,44.22,35.8,36.35,10.0,46.35,106
LXCHEM.NS,Laxmi Organic Industries Limited,Specialty Chemicals,Basic Materials,Basic Materials,False,Cash,1,Stage 2,Stage 2,Advancing,0.9,Price is above constructive weekly and long-term trend structure with improving relative strength.,,,2026-09-29,,Stage 2 - Advancing,41.2,Very Strong,Volume Drying Up,Volume Drying Up (0.52x vs 10W Avg),19.39,Outperformed Nifty by 19.39% in 3 Months,True,19.39,49.51,225549654.05,0.82,0.7,0.52,True,True,"Stage 2, Advancing, trend_template_ok, volume_dryup, weekly_volume_dryup, flags=Wider Risk;Low Liquidity",watchlist,weekly_watchlist,watchlist,49.95,31.09,41.2,5.0,46.2,107
JKPAPER.NS,JK Paper Limited,Basic Materials,Basic Materials,Basic Materials,False,Cash,1,Stage 2,Stage 2,Advancing,0.8,Price is above constructive weekly and long-term trend structure with improving relative strength.,,,2026-09-29,,Stage 2 - Advancing,45.87,Very Strong,Volume Drying Up,Volume Drying Up (0.29x vs 10W Avg),20.19,Outperformed Nifty by 20.19% in 3 Months,False,20.19,17.62,248236093.56,0.67,0.56,0.29,True,True,"Stage 2, Advancing, weekly_vcp_ok, volume_dryup, weekly_volume_dryup, weekly_strong, flags=Wide Risk;Low Liquidity",watchlist,weekly_near_pivot,watchlist,39.88,68.88,45.87,0.0,45.87,108
JYOTICNC.NS,Jyoti CNC Automation Limited,Specialty Industrial Machinery,Industrials,Industrials,False,Cash,1,Stage 2,Stage 2,Advancing,0.8,Price is above constructive weekly and long-term trend structure with improving relative strength.,,,2026-09-29,,Stage 2 - Advancing,35.85,Very Strong,Volume Drying Up,Volume Drying Up (0.57x vs 10W Avg),41.74,Outperformed Nifty by 41.74% in 3 Months,True,41.74,34.39,1371070530.82,1.27,0.34,0.57,False,True,"Stage 2, Advancing, trend_template_ok, weekly_vcp_ok, weekly_volume_dryup, weekly_strong, flags=Loose Structure;Wide Risk;Low Liquidity",watchlist,weekly_forming,watchlist,54.4,61.81,35.85,10.0,45.85,109
PCBL.NS,PCBL Chemical Limited,Specialty Chemicals,Basic Materials,Basic Materials,False,Cash,1,Stage 2,Stage 2,Advancing,0.9,Price is above constructive weekly and long-term trend structure with improving relative strength.,,,2026-09-29,,Stage 2 - Advancing,40.67,Very Strong,Volume Drying Up,Volume Drying Up (0.36x vs 10W Avg),10.95,Outperformed Nifty by 10.95% in 3 Months,True,10.95,27.82,580560357.94,0.58,0.71,0.36,True,True,"Stage 2, Advancing, trend_template_ok, daily_vcp_ok, volume_dryup, weekly_volume_dryup, flags=Wider Risk;Low Liquidity",forming_vcp,weekly_watchlist,watchlist,52.98,25.68,40.67,5.0,45.67,110
GESHIP.NS,The Great Eastern Shipping Company Limited,Marine Shipping,Industrials,Industrials,False,Cash,1,Stage 2,Stage 2,Extended,0.78,"Weekly advancing structure remains intact, but price is stretched versus key moving averages.",,,2026-09-29,,Stage 2 - Extended,35.53,Strong,Volume Expanding,Volume Expanding (1.62x vs 10W Avg),18.62,Outperformed Nifty by 18.62% in 3 Months,True,18.62,10.16,1450686175.34,1.1,0.94,1.62,False,False,"Stage 2, Extended, trend_template_ok, flags=Extended;Wide Risk;Low Liquidity",watchlist,weekly_watchlist,watchlist,53.68,23.48,35.53,10.0,45.53,111
ZYDUSLIFE.NS,Zydus Lifesciences Limited,Drug Manufacturers - Specialty & Generic,Healthcare,Healthcare,True,F&O,1,Stage 2,Stage 2,Advancing,0.9,Price is above constructive weekly and long-term trend structure with improving relative strength.,,,2026-09-29,,Stage 2 - Advancing,35.51,Strong,Volume Expanding,Volume Expanding (1.74x vs 10W Avg),8.12,Outperformed Nifty by 8.12% in 3 Months,True,8.12,31.85,1688957929.58,1.29,1.14,1.74,False,False,"Stage 2, Advancing, trend_template_ok, flags=Low Liquidity",watchlist,weekly_watchlist,watchlist,42.79,28.2,35.51,10.0,45.51,112
SEAMECLTD.NS,Seamec Limited,Marine Shipping,Industrials,Industrials,False,Cash,1,Stage 2,Stage 2,Advancing,0.9,Price is above constructive weekly and long-term trend structure with improving relative strength.,,,2026-09-29,,Stage 2 - Advancing,35.45,Strong,Volume Drying Up,Volume Drying Up (0.44x vs 10W Avg),21.6,Outperformed Nifty by 21.6% in 3 Months,True,21.6,8.59,126187481.64,0.38,0.77,0.44,True,True,"Stage 2, Advancing, trend_template_ok, volume_dryup, weekly_volume_dryup, flags=Loose Structure;Wide Risk",watchlist,weekly_watchlist,watchlist,38.77,19.82,35.45,10.0,45.45,113
MOTHERSON.NS,Samvardhana Motherson International Limited,Auto Parts,Consumer Cyclical,Consumer Cyclical,True,F&O,1,Stage 2,Stage 2,Advancing,0.9,Price is above constructive weekly and long-term trend structure with improving relative strength.,,,2026-09-29,,Stage 2 - Advancing,40.39,Very Strong,Volume Drying Up,Volume Normal (0.98x vs 10W Avg),19.33,Outperformed Nifty by 19.33% in 3 Months,True,19.33,49.52,1731777499.38,0.8,1.39,0.98,True,False,"Stage 2, Advancing, trend_template_ok, volume_dryup, flags=Wider Risk;Low Liquidity",watchlist,weekly_watchlist,watchlist,48.63,32.29,40.39,5.0,45.39,114
JINDALSAW.NS,Jindal Saw Limited,Steel,Basic Materials,Basic Materials,False,Cash,1,Stage 2,Stage 2,Advancing,0.8,Price is above constructive weekly and long-term trend structure with improving relative strength.,,,2026-09-29,,Stage 2 - Advancing,35.34,Very Strong,Volume Drying Up,Volume Drying Up (0.51x vs 10W Avg),13.71,Outperformed Nifty by 13.71% in 3 Months,True,13.71,45.51,473705920.25,0.6,0.44,0.51,True,True,"Stage 2, Advancing, trend_template_ok, volume_dryup, weekly_volume_dryup, flags=Wide Risk;Low Liquidity",watchlist,weekly_watchlist,watchlist,54.94,19.72,35.34,10.0,45.34,115
JASH.NS,Jash Engineering Limited,Specialty Industrial Machinery,Industrials,Industrials,False,Cash,1,Stage 2,Stage 2,Extended,0.78,"Weekly advancing structure remains intact, but price is stretched versus key moving averages.",,,2026-09-29,,Stage 2 - Extended,35.34,Very Strong,Volume Normal,Volume Normal (0.95x vs 10W Avg),25.31,Outperformed Nifty by 25.31% in 3 Months,True,25.31,57.93,618043388.62,4.03,1.16,0.95,False,False,"Stage 2, Extended, trend_template_ok, flags=Extended;Wide Risk;Low Liquidity",watchlist,weekly_watchlist,watchlist,49.38,30.2,35.34,10.0,45.34,116
INOXINDIA.NS,INOX India Limited,Specialty Industrial Machinery,Industrials,Industrials,False,Cash,1,Stage 2,Stage 2,Advancing,0.9,Price is above constructive weekly and long-term trend structure with improving relative strength.,,,2026-09-29,,Stage 2 - Advancing,34.98,Very Strong,Volume Drying Up,Volume Drying Up (0.75x vs 10W Avg),16.4,Outperformed Nifty by 16.4% in 3 Months,True,16.4,66.4,706644249.58,0.77,0.41,0.75,True,True,"Stage 2, Advancing, trend_template_ok, daily_vcp_ok, volume_dryup, weekly_volume_dryup, flags=Wide Risk;Low Liquidity",forming_vcp,weekly_watchlist,watchlist,56.51,21.8,34.98,10.0,44.98,117
REDINGTON.NS,Redington Limited,Information Technology Services,Technology,Technology,False,Cash,1,Stage 2,Stage 2,Extended,0.78,"Weekly advancing structure remains intact, but price is stretched versus key moving averages.",,,2026-09-29,,Stage 2 - Extended,44.95,Very Strong,Volume Drying Up,Volume Drying Up (0.46x vs 10W Avg),53.86,Outperformed Nifty by 53.86% in 3 Months,True,53.86,99.75,2252442419.66,0.6,0.68,0.46,True,True,"Stage 2, Extended, trend_template_ok, weekly_vcp_ok, volume_dryup, weekly_volume_dryup, weekly_strong, flags=Loose Structure;Extended;Wider Risk;Low Liquidity",watchlist,weekly_breakout,watchlist,37.35,63.2,44.95,0.0,44.95,118
APCOTEXIND.NS,Apcotex Industries Limited,Specialty Chemicals,Basic Materials,Basic Materials,False,Cash,1,Stage 2,Stage 2,Advancing,0.8,Price is above constructive weekly and long-term trend structure with improving relative strength.,,,2026-09-29,,Stage 2 - Advancing,39.93,Very Strong,Volume Drying Up,Volume Drying Up (0.21x vs 10W Avg),23.39,Outperformed Nifty by 23.39% in 3 Months,True,23.39,64.74,67604868.42,0.24,0.33,0.21,True,True,"Stage 2, Advancing, trend_template_ok, volume_dryup, weekly_volume_dryup, flags=Wider Risk;Low Liquidity",watchlist,weekly_watchlist,watchlist,54.43,29.0,39.93,5.0,44.93,119
LLOYDSME.NS,Lloyds Metals And Energy Limited,Steel,Basic Materials,Basic Materials,False,Cash,1,Stage 2,Stage 2,Advancing,0.8,Price is above constructive weekly and long-term trend structure with improving relative strength.,,,2026-09-29,,Stage 2 - Advancing,34.86,Very Strong,Volume Drying Up,Volume Drying Up (0.70x vs 10W Avg),14.13,Outperformed Nifty by 14.13% in 3 Months,True,14.13,29.44,597044530.38,0.79,1.01,0.7,True,True,"Stage 2, Advancing, trend_template_ok, volume_dryup, weekly_volume_dryup, flags=Low Liquidity",watchlist,weekly_watchlist,watchlist,45.95,21.76,34.86,10.0,44.86,120
MANKIND.NS,Mankind Pharma Limited,Drug Manufacturers - Specialty & Generic,Healthcare,Healthcare,True,F&O,1,Stage 2,Stage 2,Advancing,0.9,Price is above constructive weekly and long-term trend structure with improving relative strength.,,,2026-09-29,,Stage 2 - Advancing,34.83,Very Strong,Volume Expanding,Volume Expanding (2.21x vs 10W Avg),5.32,Outperformed Nifty by 5.32% in 3 Months,True,5.32,22.8,1261705794.83,1.71,3.09,2.21,False,False,"Stage 2, Advancing, trend_template_ok, flags=Wider Risk;Low Liquidity",watchlist,weekly_watchlist,watchlist,44.21,28.21,34.83,10.0,44.83,121
MEDANTA.NS,Global Health Limited,Medical Care Facilities,Healthcare,Healthcare,False,Cash,1,Stage 2,Stage 2,Advancing,0.8,Price is above constructive weekly and long-term trend structure with improving relative strength.,,,2026-09-29,,Stage 2 - Advancing,44.76,Strong,Volume Drying Up,Volume Drying Up (0.79x vs 10W Avg),7.89,Outperformed Nifty by 7.89% in 3 Months,True,7.89,35.2,376680775.96,0.86,1.69,0.79,False,True,"Stage 2, Advancing, trend_template_ok, weekly_vcp_ok, weekly_volume_dryup, flags=Wide Risk",watchlist,weekly_forming,watchlist,40.69,48.41,44.76,0.0,44.76,122
VADILALIND.NS,Vadilal Industries Limited,Packaged Foods,Consumer Defensive,Consumer Defensive,False,Cash,1,Stage 2,Stage 2,Advancing,0.8,Price is above constructive weekly and long-term trend structure with improving relative strength.,,,2026-09-29,,Stage 2 - Advancing,44.65,Very Strong,Volume Drying Up,Volume Drying Up (0.33x vs 10W Avg),20.72,Outperformed Nifty by 20.72% in 3 Months,True,20.72,64.65,119272148.6,0.55,0.66,0.33,True,True,"Stage 2, Advancing, trend_template_ok, weekly_vcp_ok, volume_dryup, weekly_volume_dryup, weekly_strong, flags=Wider Risk;Low Liquidity",watchlist,weekly_forming,watchlist,38.1,65.1,44.65,0.0,44.65,123
DCBBANK.NS,DCB Bank Limited,Banks - Regional,Financial Services,Financial Services,False,Cash,1,Stage 2,Stage 2,Advancing,0.8,Price is above constructive weekly and long-term trend structure with improving relative strength.,,,2026-09-29,,Stage 2 - Advancing,42.52,Very Strong,Volume Drying Up,Volume Drying Up (0.63x vs 10W Avg),15.57,Outperformed Nifty by 15.57% in 3 Months,True,15.57,16.42,310749056.08,0.51,0.29,0.63,True,True,"Stage 2, Advancing, trend_template_ok, weekly_vcp_ok, volume_dryup, weekly_volume_dryup, weekly_strong, flags=Wide Risk;Low Liquidity",watchlist,weekly_near_pivot,watchlist,34.59,68.3,42.52,2.0,44.52,124
GULFOILLUB.NS,Gulf Oil Lubricants India Limited,Specialty Chemicals,Basic Materials,Basic Materials,False,Cash,1,Stage 2,Stage 2,Advancing,0.8,Price is above constructive weekly and long-term trend structure with improving relative strength.,,,2026-09-29,,Stage 2 - Advancing,39.51,Very Strong,Volume Drying Up,Volume Drying Up (0.57x vs 10W Avg),14.15,Outperformed Nifty by 14.15% in 3 Months,True,14.15,30.2,57223252.23,0.53,1.07,0.57,True,True,"Stage 2, Advancing, trend_template_ok, volume_dryup, weekly_volume_dryup, flags=Low Liquidity",watchlist,weekly_watchlist,watchlist,48.56,28.63,39.51,5.0,44.51,125
LLOYDSENGG.NS,LLOYDS ENGINEERING WORKS LIMITED,Specialty Industrial Machinery,Industrials,Industrials,False,Cash,1,Stage 2,Stage 2,Extended,0.78,"Weekly advancing structure remains intact, but price is stretched versus key moving averages.",,,2026-09-29,,Stage 2 - Extended,34.42,Very Strong,Volume Expanding,Volume Expanding (3.01x vs 10W Avg),16.24,Outperformed Nifty by 16.24% in 3 Months,True,16.24,115.14,1089004863.65,1.75,2.22,3.01,False,False,"Stage 2, Extended, trend_template_ok, flags=Extended;Wide Risk;Low Liquidity",watchlist,weekly_watchlist,watchlist,40.87,42.4,34.42,10.0,44.42,126
SHRIPISTON.NS,Shriram Pistons & Rings Limited,Auto Parts,Consumer Cyclical,Consumer Cyclical,False,Cash,1,Stage 2,Stage 2,Advancing,0.9,Price is above constructive weekly and long-term trend structure with improving relative strength.,,,2026-09-29,,Stage 2 - Advancing,39.32,Very Strong,Volume Expanding,Volume Expanding (2.00x vs 10W Avg),17.28,Outperformed Nifty by 17.28% in 3 Months,True,17.28,55.87,347520240.08,1.43,0.92,2.0,False,False,"Stage 2, Advancing, trend_template_ok, flags=Low Liquidity",watchlist,weekly_watchlist,watchlist,45.6,31.51,39.32,5.0,44.32,127
WINDMACHIN.NS,Windsor Machines Limited,Specialty Industrial Machinery,Industrials,Industrials,False,Cash,1,Stage 2,Stage 2,Advancing,0.9,Price is above constructive weekly and long-term trend structure with improving relative strength.,,,2026-09-29,,Stage 2 - Advancing,34.05,Strong,Volume Drying Up,Volume Drying Up (0.61x vs 10W Avg),0.51,Outperformed Nifty by 0.51% in 3 Months,True,0.51,21.7,27636747.56,0.6,1.34,0.61,True,True,"Stage 2, Advancing, trend_template_ok, volume_dryup, weekly_volume_dryup, flags=Wide Risk;Low Liquidity",watchlist,weekly_watchlist,watchlist,50.36,26.42,34.05,10.0,44.05,128
SUPRIYA.NS,Supriya Lifescience Limited,Biotechnology,Healthcare,Healthcare,False,Cash,1,Stage 2,Stage 2,Advancing,0.9,Price is above constructive weekly and long-term trend structure with improving relative strength.,,,2026-09-29,,Stage 2 - Advancing,38.99,Very Strong,Volume Normal,Volume Normal (1.14x vs 10W Avg),16.76,Outperformed Nifty by 16.76% in 3 Months,True,16.76,54.49,326309588.67,1.2,0.74,1.14,False,False,"Stage 2, Advancing, trend_template_ok, flags=Wider Risk;Low Liquidity",watchlist,weekly_watchlist,watchlist,52.93,27.73,38.99,5.0,43.99,129
TORNTPHARM.NS,Torrent Pharmaceuticals Limited,Drug Manufacturers - Specialty & Generic,Healthcare,Healthcare,True,F&O,1,Stage 2,Stage 2,Advancing,0.8,Price is above constructive weekly and long-term trend structure with improving relative strength.,,,2026-09-29,,Stage 2 - Advancing,33.97,Strong,Volume Normal,Volume Normal (1.08x vs 10W Avg),6.33,Outperformed Nifty by 6.33% in 3 Months,True,6.33,17.42,1660309931.53,0.99,1.25,1.08,False,False,"Stage 2, Advancing, trend_template_ok, flags=Wider Risk;Low Liquidity",watchlist,weekly_watchlist,watchlist,55.14,14.98,33.97,10.0,43.97,130
FINCABLES.NS,Finolex Cables Limited,Electrical Equipment & Parts,Industrials,Industrials,False,Cash,1,Stage 2,Stage 2,Extended,0.78,"Weekly advancing structure remains intact, but price is stretched versus key moving averages.",,,2026-09-29,,Stage 2 - Extended,33.95,Very Strong,Volume Drying Up,Volume Drying Up (0.43x vs 10W Avg),41.17,Outperformed Nifty by 41.17% in 3 Months,True,41.17,78.92,1700292071.62,0.56,0.44,0.43,True,True,"Stage 2, Extended, trend_template_ok, volume_dryup, weekly_volume_dryup, flags=Loose Structure;Extended;Wide Risk;Low Liquidity",watchlist,weekly_watchlist,watchlist,38.48,35.8,33.95,10.0,43.95,131
APARINDS.NS,Apar Industries Limited,Electrical Equipment & Parts,Industrials,Industrials,False,Cash,1,Stage 2,Stage 2,Advancing,0.9,Price is above constructive weekly and long-term trend structure with improving relative strength.,,,2026-09-29,,Stage 2 - Advancing,33.7,Very Strong,Volume Drying Up,Volume Drying Up (0.79x vs 10W Avg),28.59,Outperformed Nifty by 28.59% in 3 Months,True,28.59,70.54,2331114358.73,0.96,0.91,0.79,False,True,"Stage 2, Advancing, trend_template_ok, weekly_volume_dryup, flags=Loose Structure;Wide Risk;Low Liquidity",watchlist,weekly_watchlist,watchlist,56.66,31.0,33.7,10.0,43.7,132
ELGIEQUIP.NS,Elgi Equipments Limited,Specialty Industrial Machinery,Industrials,Industrials,False,Cash,1,Stage 2,Stage 2,Advancing,0.9,Price is above constructive weekly and long-term trend structure with improving relative strength.,,,2026-09-29,,Stage 2 - Advancing,33.62,Very Strong,Volume Drying Up,Volume Drying Up (0.41x vs 10W Avg),10.13,Outperformed Nifty by 10.13% in 3 Months,True,10.13,25.44,229738716.05,0.5,0.67,0.41,True,True,"Stage 2, Advancing, trend_template_ok, volume_dryup, weekly_volume_dryup, flags=Wider Risk;Low Liquidity",watchlist,weekly_watchlist,watchlist,35.16,30.16,33.62,10.0,43.62,133
IPCALAB.NS,IPCA Laboratories Limited,Drug Manufacturers - Specialty & Generic,Healthcare,Healthcare,False,Cash,1,Stage 2,Stage 2,Advancing,0.9,Price is above constructive weekly and long-term trend structure with improving relative strength.,,,2026-09-29,,Stage 2 - Advancing,33.45,Very Strong,Volume Drying Up,Volume Drying Up (0.61x vs 10W Avg),15.29,Outperformed Nifty by 15.29% in 3 Months,True,15.29,32.78,448329613.89,0.68,1.21,0.61,True,True,"Stage 2, Advancing, trend_template_ok, volume_dryup, weekly_volume_dryup, flags=Low Liquidity",watchlist,weekly_watchlist,watchlist,37.45,27.81,33.45,10.0,43.45,134
KIRLOSENG.NS,Kirloskar Oil Engines Limited,Specialty Industrial Machinery,Industrials,Industrials,False,Cash,1,Stage 2,Stage 2,Advancing,0.9,Price is above constructive weekly and long-term trend structure with improving relative strength.,,,2026-09-29,,Stage 2 - Advancing,33.37,Strong,Volume Expanding,Volume Expanding (3.74x vs 10W Avg),8.72,Outperformed Nifty by 8.72% in 3 Months,True,8.72,63.84,1668435276.71,1.82,3.2,3.74,False,False,"Stage 2, Advancing, trend_template_ok, flags=Wider Risk;Low Liquidity",watchlist,weekly_watchlist,watchlist,38.22,32.66,33.37,10.0,43.37,135
BAJAJHLDNG.NS,Bajaj Holdings & Investment Limited,Asset Management,Financial Services,Financial Services,True,F&O,1,Failed Stage 2,Stage 2,Failed Stage 2,0.7,Failed Stage 2 cooling period is still active; waiting for a fresh base or confirmed reclaim.,Failed Stage 2 hold period active.,,2026-09-28,,Failed Stage 2,43.29,Strong,Volume Normal,Volume Normal (0.95x vs 10W Avg),7.09,Outperformed Nifty by 7.09% in 3 Months,False,7.09,17.63,466320888.09,1.01,0.95,0.95,False,False,"Stage 2, Advancing, weekly_vcp_ok, weekly_strong, flags=Wider Risk;Low Liquidity | Failed Stage 2 hold period active.",watchlist,weekly_near_pivot,watchlist,31.17,68.67,43.29,0.0,43.29,136
ROLEXRINGS.NS,Rolex Rings Limited,Metal Fabrication,Industrials,Industrials,False,Cash,1,Stage 2,Stage 2,Advancing,0.9,Price is above constructive weekly and long-term trend structure with improving relative strength.,,,2026-09-29,,Stage 2 - Advancing,33.15,Very Strong,Volume Drying Up,Volume Drying Up (0.76x vs 10W Avg),43.0,Outperformed Nifty by 43.0% in 3 Months,True,43.0,57.43,330343319.28,0.62,0.57,0.76,True,True,"Stage 2, Advancing, trend_template_ok, volume_dryup, weekly_volume_dryup, flags=Loose Structure;Wider Risk;Low Liquidity",watchlist,weekly_watchlist,watchlist,38.64,33.4,33.15,10.0,43.15,137
GLENMARK.NS,Glenmark Pharmaceuticals Limited,Drug Manufacturers - Specialty & Generic,Healthcare,Healthcare,True,F&O,1,Stage 2,Stage 2,Advancing,0.8,Price is above constructive weekly and long-term trend structure with improving relative strength.,,,2026-09-29,,Stage 2 - Advancing,33.09,Strong,Volume Expanding,Volume Expanding (1.88x vs 10W Avg),9.71,Outperformed Nifty by 9.71% in 3 Months,False,9.71,9.25,1271013946.61,1.3,2.35,1.88,False,False,"Stage 2, Advancing, weekly_vcp_ok, weekly_strong, flags=Wider Risk;Low Liquidity",watchlist,weekly_forming,watchlist,17.12,60.1,33.09,10.0,43.09,138
SAMBHV.NS,Sambhv Steel Tubes Limited,Steel,Basic Materials,Basic Materials,False,Cash,1,Stage 2,Stage 2,Extended,0.78,"Weekly advancing structure remains intact, but price is stretched versus key moving averages.",,,2026-09-29,,Stage 2 - Extended,33.08,Very Strong,Volume Normal,Volume Normal (1.39x vs 10W Avg),50.63,Outperformed Nifty by 50.63% in 3 Months,True,50.63,44.98,1094931825.51,3.24,1.14,1.39,False,False,"Stage 2, Extended, trend_template_ok, flags=Loose Structure;Extended;Wide Risk;Low Liquidity",watchlist,weekly_watchlist,watchlist,58.26,23.0,33.08,10.0,43.08,139
KRN.NS,KRN Heat Exchanger and Refrigeration Limited,Electronic Components,Technology,Technology,False,Cash,1,Stage 2,Stage 2,Advancing,0.9,Price is above constructive weekly and long-term trend structure with improving relative strength.,,,2026-09-29,,Stage 2 - Advancing,33.08,Very Strong,Volume Normal,Volume Normal (0.99x vs 10W Avg),23.54,Outperformed Nifty by 23.54% in 3 Months,True,23.54,58.49,332559781.27,1.15,0.8,0.99,False,False,"Stage 2, Advancing, trend_template_ok, weekly_vcp_ok, weekly_strong, flags=Loose Structure;Wide Risk;Circuit Risk;Low Liquidity",watchlist,weekly_forming,watchlist,51.03,61.6,33.08,10.0,43.08,140
CGPOWER.NS,CG Power and Industrial Solutions Limited,Electrical Equipment & Parts,Industrials,Industrials,True,F&O,1,Stage 2,Stage 2,Advancing,0.8,Price is above constructive weekly and long-term trend structure with improving relative strength.,,,2026-09-29,,Stage 2 - Advancing,33.06,Strong,Volume Drying Up,Volume Drying Up (0.61x vs 10W Avg),-0.86,Underperformed Nifty by 0.86% in 3 Months,True,-0.86,21.81,1993943730.67,0.73,1.03,0.61,True,True,"Stage 2, Advancing, trend_template_ok, daily_vcp_ok, volume_dryup, weekly_volume_dryup, flags=Wide Risk;Low Liquidity",forming_vcp,weekly_watchlist,watchlist,53.21,17.09,33.06,10.0,43.06,141
POWERMECH.NS,Power Mech Projects Limited,Engineering & Construction,Industrials,Industrials,False,Cash,1,Not Sure,Stage 2,Pending Stage 2,0.55,Stage 2 pending confirmation: needs 3 raw Stage 2 runs; current count 1.,Stage 2 pending confirmation: needs 3 raw Stage 2 runs; current count 1.,,2026-08-28,Stage 2,Not Sure - Unclear,42.84,Strong,Volume Expanding,Volume Expanding (1.79x vs 10W Avg),0.04,Outperformed Nifty by 0.04% in 3 Months,True,0.04,26.63,152688114.19,1.07,5.89,1.79,False,False,"Stage 2, Advancing, trend_template_ok, flags=Low Liquidity | Stage 2 pending confirmation: needs 3 raw Stage 2 runs; current count 1.",watchlist,weekly_watchlist,watchlist,61.16,24.47,42.84,0.0,42.84,142
USHAMART.NS,Usha Martin Limited,Steel,Basic Materials,Basic Materials,False,Cash,1,Stage 2,Stage 2,Advancing,0.8,Price is above constructive weekly and long-term trend structure with improving relative strength.,,,2026-09-29,,Stage 2 - Advancing,32.84,Strong,Volume Drying Up,Volume Drying Up (0.65x vs 10W Avg),4.44,Outperformed Nifty by 4.44% in 3 Months,False,4.44,22.6,536727539.93,1.58,0.82,0.65,False,True,"Stage 2, Advancing, weekly_vcp_ok, weekly_volume_dryup, weekly_strong, flags=Wider Risk;Low Liquidity",watchlist,weekly_near_pivot,watchlist,12.3,65.9,32.84,10.0,42.84,143
SUNFLAG.NS,Sunflag Iron And Steel Company Limited,Steel,Basic Materials,Basic Materials,False,Cash,1,Stage 2,Stage 2,Extended,0.78,"Weekly advancing structure remains intact, but price is stretched versus key moving averages.",,,2026-09-29,,Stage 2 - Extended,32.8,Very Strong,Volume Expanding,Volume Expanding (8.01x vs 10W Avg),40.48,Outperformed Nifty by 40.48% in 3 Months,True,40.48,95.45,290480794.54,3.1,1.24,8.01,False,False,"Stage 2, Extended, trend_template_ok, flags=Loose Structure;Extended;Wide Risk;Low Liquidity",watchlist,weekly_watchlist,watchlist,57.76,24.2,32.8,10.0,42.8,144
CEIGALL.NS,Ceigall India Limited,Engineering & Construction,Industrials,Industrials,False,Cash,1,Stage 2,Stage 2,Advancing,0.9,Price is above constructive weekly and long-term trend structure with improving relative strength.,,,2026-09-29,,Stage 2 - Advancing,42.77,Very Strong,Volume Drying Up,Volume Drying Up (0.52x vs 10W Avg),13.75,Outperformed Nifty by 13.75% in 3 Months,True,13.75,35.48,194328917.92,0.64,0.51,0.52,True,True,"Stage 2, Advancing, trend_template_ok, volume_dryup, weekly_volume_dryup, flags=Wider Risk;Low Liquidity",watchlist,weekly_watchlist,watchlist,59.31,23.52,42.77,0.0,42.77,145
BALRAMCHIN.NS,Balrampur Chini Mills Limited,Consumer Defensive,Consumer Defensive,Consumer Defensive,False,Cash,1,Stage 2,Stage 2,Advancing,0.9,Price is above constructive weekly and long-term trend structure with improving relative strength.,,,2026-09-29,,Stage 2 - Advancing,42.76,Very Strong,Volume Drying Up,Volume Drying Up (0.49x vs 10W Avg),22.89,Outperformed Nifty by 22.89% in 3 Months,True,22.89,35.83,1362650197.66,0.37,0.23,0.49,True,True,"Stage 2, Advancing, trend_template_ok, weekly_vcp_ok, volume_dryup, weekly_volume_dryup, weekly_strong, flags=Wide Risk;Low Liquidity",watchlist,weekly_forming,watchlist,33.88,61.87,42.76,0.0,42.76,146
PAYTM.NS,One 97 Communications Limited,Software - Infrastructure,Technology,Technology,True,F&O,1,Stage 2,Stage 2,Advancing,0.9,Price is above constructive weekly and long-term trend structure with improving relative strength.,,,2026-09-29,,Stage 2 - Advancing,40.65,Very Strong,Volume Drying Up,Volume Drying Up (0.84x vs 10W Avg),44.54,Outperformed Nifty by 44.54% in 3 Months,True,44.54,61.86,7442140170.74,0.83,0.56,0.84,True,True,"Stage 2, Advancing, trend_template_ok, weekly_vcp_ok, volume_dryup, weekly_volume_dryup, weekly_strong, flags=Loose Structure;Wide Risk;Low Liquidity",watchlist,weekly_breakout,watchlist,34.92,64.0,40.65,2.0,42.65,147
PREMEXPLN.NS,Premier Explosives Limited,Specialty Chemicals,Basic Materials,Basic Materials,False,Cash,1,Stage 2,Stage 2,Advancing,0.9,Price is above constructive weekly and long-term trend structure with improving relative strength.,,,2026-09-29,,Stage 2 - Advancing,37.63,Neutral,Volume Expanding,Volume Normal (1.19x vs 10W Avg),-1.96,Underperformed Nifty by 1.96% in 3 Months,True,-1.96,57.11,155745181.82,0.97,2.45,1.19,False,False,"Stage 2, Advancing, trend_template_ok, flags=Low Liquidity",watchlist,weekly_watchlist,watchlist,49.06,29.71,37.63,5.0,42.63,148
LLOYDSENT.NS,Lloyds Enterprises Limited,Steel,Basic Materials,Basic Materials,False,Cash,1,Stage 2,Stage 2,Advancing,0.9,Price is above constructive weekly and long-term trend structure with improving relative strength.,,,2026-09-29,,Stage 2 - Advancing,32.4,Very Strong,Volume Expanding,Volume Expanding (1.57x vs 10W Avg),8.74,Outperformed Nifty by 8.74% in 3 Months,True,8.74,52.36,223722288.29,1.24,1.53,1.57,False,False,"Stage 2, Advancing, trend_template_ok, flags=Wide Weekly Base;Wide Risk;Low Liquidity",watchlist,weekly_watchlist,watchlist,39.98,33.91,32.4,10.0,42.4,149
GPPL.NS,Gujarat Pipavav Port Limited,Marine Shipping,Industrials,Industrials,False,Cash,1,Not Sure,Not Sure,Not Sure,0.0,Stage rules did not identify a reliable structure.,No confident stage classification.,,,,Not Sure - Unclear,32.38,Very Strong,Volume Drying Up,Volume Drying Up (0.71x vs 10W Avg),16.96,Outperformed Nifty by 16.96% in 3 Months,False,16.96,15.04,221111665.4,0.67,1.06,0.71,True,True,"Not Sure, Unclear, weekly_vcp_ok, volume_dryup, weekly_volume_dryup, flags=Low Liquidity",watchlist,weekly_watchlist,watchlist,20.0,33.5,32.38,10.0,42.38,150
KARURVYSYA.NS,Karur Vysya Bank Limited,Banks - Regional,Financial Services,Financial Services,False,Cash,1,Stage 2,Stage 2,Advancing,0.8,Price is above constructive weekly and long-term trend structure with improving relative strength.,,,2026-09-29,,Stage 2 - Advancing,40.08,Very Strong,Volume Drying Up,Volume Drying Up (0.50x vs 10W Avg),14.42,Outperformed Nifty by 14.42% in 3 Months,True,14.42,23.62,535907120.63,1.07,2.09,0.5,False,True,"Stage 2, Advancing, trend_template_ok, weekly_vcp_ok, weekly_volume_dryup, weekly_strong, flags=Wide Risk;Low Liquidity",watchlist,weekly_forming,watchlist,36.0,59.8,40.08,2.0,42.08,151
ACUTAAS.NS,Acutaas Chemicals Limited,Specialty Chemicals,Basic Materials,Basic Materials,False,Cash,1,Stage 2,Stage 2,Advancing,0.9,Price is above constructive weekly and long-term trend structure with improving relative strength.,,,2026-09-29,,Stage 2 - Advancing,36.82,Strong,Volume Normal,Volume Normal (1.22x vs 10W Avg),0.17,Outperformed Nifty by 0.17% in 3 Months,True,0.17,46.94,1124574682.89,1.13,1.1,1.22,False,False,"Stage 2, Advancing, trend_template_ok, flags=Wider Risk;Low Liquidity",watchlist,weekly_watchlist,watchlist,50.62,27.71,36.82,5.0,41.82,152
TEGA.NS,Tega Industries Limited,Specialty Industrial Machinery,Industrials,Industrials,False,Cash,1,Stage 2,Stage 2,Extended,0.78,"Weekly advancing structure remains intact, but price is stretched versus key moving averages.",,,2026-09-29,,Stage 2 - Extended,31.77,Very Strong,Volume Expanding,Volume Normal (1.21x vs 10W Avg),33.48,Outperformed Nifty by 33.48% in 3 Months,True,33.48,21.69,1815231347.25,2.91,2.31,1.21,False,False,"Stage 2, Extended, trend_template_ok, flags=Loose Structure;Extended;Wide Risk;Low Liquidity",watchlist,weekly_watchlist,watchlist,53.52,25.32,31.77,10.0,41.77,153
BLISSGVS.NS,Bliss GVS Pharma Limited,Drug Manufacturers - Specialty & Generic,Healthcare,Healthcare,False,Cash,1,Stage 2,Stage 2,Extended,0.78,"Weekly advancing structure remains intact, but price is stretched versus key moving averages.",,,2026-09-29,,Stage 2 - Extended,31.75,Very Strong,Volume Expanding,Volume Expanding (2.41x vs 10W Avg),48.69,Outperformed Nifty by 48.69% in 3 Months,True,48.69,192.25,286591442.86,1.32,0.49,2.41,False,False,"Stage 2, Extended, trend_template_ok, flags=Loose Structure;Extended;Wider Risk;Low Liquidity",watchlist,weekly_watchlist,watchlist,37.48,31.0,31.75,10.0,41.75,154
BANSALWIRE.NS,Bansal Wire Industries Limited,Steel,Basic Materials,Basic Materials,False,Cash,1,Stage 2,Stage 2,Advancing,0.9,Price is above constructive weekly and long-term trend structure with improving relative strength.,,,2026-09-29,,Stage 2 - Advancing,31.67,Neutral,Volume Normal,Volume Normal (1.16x vs 10W Avg),-4.01,Underperformed Nifty by 4.01% in 3 Months,True,-4.01,26.19,32359994.93,1.04,1.34,1.16,False,False,"Stage 2, Advancing, trend_template_ok, flags=Wide Risk;Low Liquidity",watchlist,weekly_watchlist,watchlist,44.78,22.82,31.67,10.0,41.67,155
BEML.NS,BEML Limited,Conglomerates,Industrials,Industrials,False,Cash,1,Stage 2,Stage 2,Advancing,0.9,Price is above constructive weekly and long-term trend structure with improving relative strength.,,,2026-09-29,,Stage 2 - Advancing,41.61,Very Strong,Volume Drying Up,Volume Drying Up (0.46x vs 10W Avg),14.83,Outperformed Nifty by 14.83% in 3 Months,True,14.83,30.76,883137358.65,0.8,0.5,0.46,True,True,"Stage 2, Advancing, trend_template_ok, weekly_vcp_ok, volume_dryup, weekly_volume_dryup, weekly_strong, flags=Wide Risk;Low Liquidity",watchlist,weekly_near_pivot,watchlist,33.85,69.66,41.61,0.0,41.61,156
GABRIEL.NS,Gabriel India Limited,Auto Parts,Consumer Cyclical,Consumer Cyclical,False,Cash,1,Stage 2,Stage 2,Advancing,0.8,Price is above constructive weekly and long-term trend structure with improving relative strength.,,,2026-09-29,,Stage 2 - Advancing,36.56,Very Strong,Volume Drying Up,Volume Drying Up (0.32x vs 10W Avg),12.25,Outperformed Nifty by 12.25% in 3 Months,True,12.25,49.88,921062250.06,2.3,0.44,0.32,False,True,"Stage 2, Advancing, trend_template_ok, weekly_vcp_ok, weekly_volume_dryup, weekly_strong, flags=Wide Risk;Low Liquidity",watchlist,weekly_forming,watchlist,32.72,63.31,36.56,5.0,41.56,157
TATVA.NS,Tatva Chintan Pharma Chem Limited,Specialty Chemicals,Basic Materials,Basic Materials,False,Cash,1,Stage 2,Stage 2,Advancing,0.9,Price is above constructive weekly and long-term trend structure with improving relative strength.,,,2026-09-29,,Stage 2 - Advancing,36.24,Very Strong,Volume Drying Up,Volume Drying Up (0.53x vs 10W Avg),49.09,Outperformed Nifty by 49.09% in 3 Months,True,49.09,54.66,122163347.39,1.1,0.89,0.53,False,True,"Stage 2, Advancing, trend_template_ok, weekly_volume_dryup, flags=Low Liquidity",watchlist,weekly_watchlist,watchlist,36.6,32.2,36.24,5.0,41.24,158
GREAVESCOT.NS,Greaves Cotton Limited,Specialty Industrial Machinery,Industrials,Industrials,False,Cash,1,Stage 2,Stage 2,Advancing,0.9,Price is above constructive weekly and long-term trend structure with improving relative strength.,,,2026-09-29,,Stage 2 - Advancing,31.19,Strong,Volume Expanding,Volume Expanding (3.59x vs 10W Avg),10.37,Outperformed Nifty by 10.37% in 3 Months,True,10.37,67.07,525757715.81,2.14,1.1,3.59,False,False,"Stage 2, Advancing, trend_template_ok, flags=Wide Weekly Base;Loose Structure;Wide Risk;Low Liquidity",watchlist,weekly_watchlist,watchlist,55.28,31.94,31.19,10.0,41.19,159
PARADEEP.NS,Paradeep Phosphates Limited,Agricultural Inputs,Basic Materials,Basic Materials,False,Cash,1,Stage 2,Stage 2,Advancing,0.8,Price is above constructive weekly and long-term trend structure with improving relative strength.,,,2026-09-29,,Stage 2 - Advancing,41.14,Very Strong,Volume Drying Up,Volume Drying Up (0.22x vs 10W Avg),15.82,Outperformed Nifty by 15.82% in 3 Months,True,15.82,33.44,369131456.85,0.22,0.4,0.22,True,True,"Stage 2, Advancing, trend_template_ok, weekly_vcp_ok, volume_dryup, weekly_volume_dryup, weekly_strong, flags=Wide Weekly Base;Wide Risk;Low Liquidity",watchlist,weekly_near_pivot,watchlist,31.28,68.93,41.14,0.0,41.14,160
NRBBEARING.NS,NRB Bearing Limited,Auto Parts,Consumer Cyclical,Consumer Cyclical,False,Cash,1,Stage 2,Stage 2,Extended,0.78,"Weekly advancing structure remains intact, but price is stretched versus key moving averages.",,,2026-09-29,,Stage 2 - Extended,36.06,Very Strong,Volume Normal,Volume Normal (0.89x vs 10W Avg),34.15,Outperformed Nifty by 34.15% in 3 Months,True,34.15,121.11,550387055.54,2.24,0.7,0.89,False,True,"Stage 2, Extended, trend_template_ok, weekly_volume_dryup, flags=Loose Structure;Extended;Wider Risk;Low Liquidity",watchlist,weekly_watchlist,watchlist,54.68,21.8,36.06,5.0,41.06,161
SUNDRMFAST.NS,Sundram Fasteners Limited,Auto Parts,Consumer Cyclical,Consumer Cyclical,False,Cash,1,Stage 2,Stage 2,Advancing,0.8,Price is above constructive weekly and long-term trend structure with improving relative strength.,,,2026-09-29,,Stage 2 - Advancing,36.05,Very Strong,Volume Drying Up,Volume Normal (0.92x vs 10W Avg),28.38,Outperformed Nifty by 28.38% in 3 Months,True,28.38,51.35,332405545.31,0.78,0.33,0.92,True,False,"Stage 2, Advancing, trend_template_ok, weekly_vcp_ok, volume_dryup, weekly_strong, flags=Loose Structure;Wide Risk;Low Liquidity",watchlist,weekly_breakout,watchlist,35.73,63.97,36.05,5.0,41.05,162
KPIL.NS,Kalpataru Projects International Limited,Engineering & Construction,Industrials,Industrials,False,Cash,1,Stage 2,Stage 2,Advancing,0.9,Price is above constructive weekly and long-term trend structure with improving relative strength.,,,2026-09-29,,Stage 2 - Advancing,41.0,Strong,Volume Drying Up,Volume Drying Up (0.66x vs 10W Avg),6.81,Outperformed Nifty by 6.81% in 3 Months,True,6.81,26.1,202217397.34,0.75,0.47,0.66,True,True,"Stage 2, Advancing, trend_template_ok, daily_vcp_ok, volume_dryup, weekly_volume_dryup, flags=Wider Risk;Low Liquidity",forming_vcp,weekly_watchlist,watchlist,56.24,27.49,41.0,0.0,41.0,163
TVSMOTOR.NS,TVS Motor Company Limited,Auto Manufacturers,Consumer Cyclical,Consumer Cyclical,True,F&O,1,Failed Stage 2,Stage 2,Failed Stage 2,0.7,Failed Stage 2 cooling period is still active; waiting for a fresh base or confirmed reclaim.,Failed Stage 2 hold period active.,,2026-09-25,,Failed Stage 2,35.94,Very Strong,Volume Drying Up,Volume Drying Up (0.62x vs 10W Avg),17.62,Outperformed Nifty by 17.62% in 3 Months,False,17.62,17.01,2540120210.44,0.74,0.76,0.62,True,True,"Stage 2, Advancing, weekly_vcp_ok, volume_dryup, weekly_volume_dryup, weekly_strong, flags=Wider Risk;Low Liquidity | Failed Stage 2 hold period active.",watchlist,weekly_forming,watchlist,18.07,59.46,35.94,5.0,40.94,164
SKYGOLD.NS,SKY GOLD AND DIAMONDS LIMITED,Luxury Goods,Consumer Cyclical,Consumer Cyclical,False,Cash,1,Stage 2,Stage 2,Extended,0.78,"Weekly advancing structure remains intact, but price is stretched versus key moving averages.",,,2026-09-29,,Stage 2 - Extended,30.93,Very Strong,Volume Drying Up,Volume Drying Up (0.74x vs 10W Avg),52.71,Outperformed Nifty by 52.71% in 3 Months,True,52.71,118.23,615617335.73,0.72,0.86,0.74,True,True,"Stage 2, Extended, trend_template_ok, volume_dryup, weekly_volume_dryup, flags=Loose Structure;Extended;Wide Risk;Low Liquidity",watchlist,weekly_watchlist,watchlist,36.3,34.6,30.93,10.0,40.93,165
APOLLO.NS,Apollo Micro Systems Limited,Aerospace & Defense,Industrials,Industrials,False,Cash,1,Stage 2,Stage 2,Advancing,0.9,Price is above constructive weekly and long-term trend structure with improving relative strength.,,,2026-09-29,,Stage 2 - Advancing,30.81,Strong,Volume Normal,Volume Normal (1.02x vs 10W Avg),2.05,Outperformed Nifty by 2.05% in 3 Months,True,2.05,102.57,3166481923.11,1.28,0.64,1.02,False,False,"Stage 2, Advancing, trend_template_ok, flags=Wider Risk;Low Liquidity",watchlist,weekly_watchlist,watchlist,32.93,35.8,30.81,10.0,40.81,166
IDFCFIRSTB.NS,IDFC First Bank Limited,Banks - Regional,Financial Services,Financial Services,True,F&O,1,Stage 2,Stage 2,Advancing,0.8,Price is above constructive weekly and long-term trend structure with improving relative strength.,,,2026-09-29,,Stage 2 - Advancing,38.74,Strong,Volume Normal,Volume Normal (1.40x vs 10W Avg),7.46,Outperformed Nifty by 7.46% in 3 Months,True,7.46,32.19,1922951108.61,1.34,1.23,1.4,False,False,"Stage 2, Advancing, trend_template_ok, weekly_vcp_ok, weekly_strong, flags=Wide Risk;Low Liquidity",watchlist,weekly_forming,watchlist,34.6,59.97,38.74,2.0,40.74,167
EPL.NS,EPL Limited,Consumer Cyclical,Consumer Cyclical,Consumer Cyclical,False,Cash,1,Stage 2,Stage 2,Advancing,0.8,Price is above constructive weekly and long-term trend structure with improving relative strength.,,,2026-09-29,,Stage 2 - Advancing,38.51,Strong,Volume Drying Up,Volume Drying Up (0.29x vs 10W Avg),4.87,Outperformed Nifty by 4.87% in 3 Months,True,4.87,9.48,628219415.5,0.36,0.41,0.29,True,True,"Stage 2, Advancing, trend_template_ok, weekly_vcp_ok, volume_dryup, weekly_volume_dryup, weekly_strong, flags=Wide Risk;Low Liquidity",watchlist,weekly_forming,watchlist,32.03,58.54,38.51,2.0,40.51,168
GUJTHEM.NS,Gujarat Themis Biosyn Limited,Drug Manufacturers - Specialty & Generic,Healthcare,Healthcare,False,Cash,1,Stage 2,Stage 2,Advancing,0.8,Price is above constructive weekly and long-term trend structure with improving relative strength.,,,2026-09-29,,Stage 2 - Advancing,30.45,Strong,Volume Drying Up,Volume Drying Up (0.47x vs 10W Avg),7.64,Outperformed Nifty by 7.64% in 3 Months,True,7.64,46.24,250969947.51,0.82,0.3,0.47,True,True,"Stage 2, Advancing, trend_template_ok, volume_dryup, weekly_volume_dryup, flags=Wide Risk;Low Liquidity",watchlist,weekly_watchlist,watchlist,46.68,27.59,30.45,10.0,40.45,169
PPLPHARMA.NS,Piramal Pharma Limited,Drug Manufacturers - Specialty & Generic,Healthcare,Healthcare,False,Cash,1,Stage 2,Stage 2,Advancing,0.8,Price is above constructive weekly and long-term trend structure with improving relative strength.,,,2026-09-29,,Stage 2 - Advancing,30.4,Very Strong,Volume Drying Up,Volume Drying Up (0.63x vs 10W Avg),22.9,Outperformed Nifty by 22.9% in 3 Months,True,22.9,45.13,875912924.74,0.61,0.57,0.63,True,True,"Stage 2, Advancing, trend_template_ok, volume_dryup, weekly_volume_dryup, flags=Wide Risk;Low Liquidity",watchlist,weekly_watchlist,watchlist,38.72,25.4,30.4,10.0,40.4,170
KINGFA.NS,Kingfa Science & Technology (India) Limited,Specialty Chemicals,Basic Materials,Basic Materials,False,Cash,1,Stage 2,Stage 2,Advancing,0.9,Price is above constructive weekly and long-term trend structure with improving relative strength.,,,2026-09-29,,Stage 2 - Advancing,35.23,Very Strong,Volume Drying Up,Volume Drying Up (0.84x vs 10W Avg),35.51,Outperformed Nifty by 35.51% in 3 Months,True,35.51,53.18,99778733.68,0.76,1.31,0.84,True,True,"Stage 2, Advancing, trend_template_ok, volume_dryup, weekly_volume_dryup, flags=Loose Structure;Wider Risk;Low Liquidity",watchlist,weekly_watchlist,watchlist,39.21,37.0,35.23,5.0,40.23,171
STEELCAS.NS,Steelcast Limited,Steel,Basic Materials,Basic Materials,False,Cash,1,Stage 2,Stage 2,Advancing,0.9,Price is above constructive weekly and long-term trend structure with improving relative strength.,,,2026-09-29,,Stage 2 - Advancing,30.1,Very Strong,Volume Expanding,Volume Expanding (2.25x vs 10W Avg),24.89,Outperformed Nifty by 24.89% in 3 Months,True,24.89,57.18,86216861.86,2.27,0.92,2.25,False,False,"Stage 2, Advancing, trend_template_ok, flags=Wider Risk;Low Liquidity",watchlist,weekly_watchlist,watchlist,34.72,24.2,30.1,10.0,40.1,172
FMGOETZE.NS,Federal-Mogul Goetze (India) Limited.,Auto Parts,Consumer Cyclical,Consumer Cyclical,False,Cash,1,Stage 2,Stage 2,Advancing,0.9,Price is above constructive weekly and long-term trend structure with improving relative strength.,,,2026-09-29,,Stage 2 - Advancing,35.0,Very Strong,Volume Drying Up,Volume Drying Up (0.13x vs 10W Avg),21.18,Outperformed Nifty by 21.18% in 3 Months,True,21.18,23.54,207743298.86,0.11,0.1,0.13,True,True,"Stage 2, Advancing, trend_template_ok, weekly_vcp_ok, volume_dryup, weekly_volume_dryup, weekly_strong, flags=Loose Structure;Wide Risk;Low Liquidity",watchlist,weekly_forming,watchlist,31.2,61.57,35.0,5.0,40.0,173
AGARWALEYE.NS,Dr. Agarwal's Health Care Limited,Healthcare,Healthcare,Healthcare,False,Cash,1,Failed Stage 2,Stage 1,Failed Stage 2,0.72,"This stock was recently Stage 2, but the latest structure no longer satisfies Stage 2 rules. It is kept as Failed Stage 2 until a fresh base/repair structure forms.",Recent Stage 2 break; public stage held as Failed Stage 2.,2026-09-30,2026-09-14,,Failed Stage 2,37.98,Strong,Volume Drying Up,Volume Drying Up (0.28x vs 10W Avg),7.16,Outperformed Nifty by 7.16% in 3 Months,False,7.16,13.65,157313199.22,0.22,0.54,0.28,True,True,"Stage 1, Stage 1, weekly_vcp_ok, volume_dryup, weekly_volume_dryup, weekly_strong, flags=Wider Risk, stage1_not_actionable, stage1_needs_more_base | Stage 2 failed state applied from stage memory.",watchlist,weekly_watchlist,watchlist,12.89,43.88,37.98,2.0,39.98,174
CRISIL.NS,CRISIL Limited,Financial Services,Financial Services,Financial Services,False,Cash,1,Failed Stage 2,Stage 1,Failed Stage 2,0.72,"This stock was recently Stage 2, but the latest structure no longer satisfies Stage 2 rules. It is kept as Failed Stage 2 until a fresh base/repair structure forms.",Recent Stage 2 break; public stage held as Failed Stage 2.,2026-09-30,2026-09-28,,Failed Stage 2,39.89,Very Strong,Volume Normal,Volume Normal (0.86x vs 10W Avg),17.85,Outperformed Nifty by 17.85% in 3 Months,False,17.85,16.08,242412109.7,0.89,0.67,0.86,False,True,"Stage 1, Stage 1, weekly_vcp_ok, weekly_volume_dryup, weekly_strong, flags=Wider Risk, stage1_not_actionable, stage1_needs_more_base | Stage 2 failed state applied from stage memory.",watchlist,weekly_watchlist,watchlist,17.2,45.19,39.89,0.0,39.89,175
POLYMED.NS,Poly Medicure Limited,Healthcare,Healthcare,Healthcare,False,Cash,1,Stage 2,Stage 2,Advancing,0.8,Price is above constructive weekly and long-term trend structure with improving relative strength.,,,2026-09-29,,Stage 2 - Advancing,37.88,Strong,Volume Drying Up,Volume Normal (0.87x vs 10W Avg),6.17,Outperformed Nifty by 6.17% in 3 Months,False,6.17,19.37,183788509.44,0.7,0.86,0.87,True,True,"Stage 2, Advancing, daily_vcp_ok, weekly_vcp_ok, volume_dryup, weekly_volume_dryup, weekly_strong, flags=Wide Weekly Base;Wide Risk;Low Liquidity",watchlist,weekly_forming,watchlist,34.23,58.55,37.88,2.0,39.88,176
RAYMOND.NS,Raymond Limited,Specialty Industrial Machinery,Industrials,Industrials,False,Cash,1,Stage 2,Stage 2,Extended,0.78,"Weekly advancing structure remains intact, but price is stretched versus key moving averages.",,,2026-09-29,,Stage 2 - Extended,29.84,Very Strong,Volume Normal,Volume Normal (1.26x vs 10W Avg),101.56,Outperformed Nifty by 101.56% in 3 Months,True,101.56,242.1,6607869764.03,1.32,0.33,1.26,False,False,"Stage 2, Extended, trend_template_ok, flags=Loose Structure;Extended;Wide Risk;Low Liquidity",watchlist,weekly_watchlist,watchlist,52.8,20.6,29.84,10.0,39.84,177
SMSPHARMA.NS,SMS Pharmaceuticals Limited,Drug Manufacturers - General,Healthcare,Healthcare,False,Cash,1,Stage 2,Stage 2,Extended,0.78,"Weekly advancing structure remains intact, but price is stretched versus key moving averages.",,,2026-09-29,,Stage 2 - Extended,34.83,Very Strong,Volume Drying Up,Volume Drying Up (0.63x vs 10W Avg),20.27,Outperformed Nifty by 20.27% in 3 Months,True,20.27,20.84,691022976.22,1.31,0.34,0.63,False,True,"Stage 2, Extended, trend_template_ok, weekly_volume_dryup, flags=Loose Structure;Extended;Wide Risk;Low Liquidity",watchlist,weekly_watchlist,watchlist,54.91,28.31,34.83,5.0,39.83,178
RAIN.NS,Rain Industries Limited,Specialty Chemicals,Basic Materials,Basic Materials,False,Cash,1,Stage 2,Stage 2,Advancing,0.9,Price is above constructive weekly and long-term trend structure with improving relative strength.,,,2026-09-29,,Stage 2 - Advancing,34.75,Very Strong,Volume Drying Up,Volume Drying Up (0.59x vs 10W Avg),15.97,Outperformed Nifty by 15.97% in 3 Months,True,15.97,93.45,845396596.35,0.65,0.54,0.59,True,True,"Stage 2, Advancing, trend_template_ok, volume_dryup, weekly_volume_dryup, flags=Wide Weekly Base;Wide Risk;Low Liquidity",watchlist,weekly_watchlist,watchlist,58.71,25.4,34.75,5.0,39.75,179
ABCAPITAL.NS,Aditya Birla Capital Limited,Financial Services,Financial Services,Financial Services,True,F&O,1,Stage 2,Stage 2,Advancing,0.8,Price is above constructive weekly and long-term trend structure with improving relative strength.,,,2026-09-29,,Stage 2 - Advancing,39.68,Neutral,Volume Normal,Volume Normal (1.04x vs 10W Avg),-0.31,Underperformed Nifty by 0.31% in 3 Months,True,-0.31,22.06,970357938.45,0.95,1.28,1.04,False,False,"Stage 2, Advancing, trend_template_ok, weekly_vcp_ok, weekly_strong, flags=Wider Risk;Low Liquidity",watchlist,weekly_forming,watchlist,35.86,58.17,39.68,0.0,39.68,180
OPTIEMUS.NS,Optiemus Infracom Limited,Technology,Technology,Technology,False,Cash,1,Stage 2,Stage 2,Extended,0.78,"Weekly advancing structure remains intact, but price is stretched versus key moving averages.",,,2026-09-29,,Stage 2 - Extended,29.67,Very Strong,Volume Expanding,Volume Expanding (1.92x vs 10W Avg),53.77,Outperformed Nifty by 53.77% in 3 Months,True,53.77,136.58,1108369719.21,3.48,0.66,1.92,False,False,"Stage 2, Extended, trend_template_ok, flags=Loose Structure;Extended;Wide Risk;Low Liquidity",watchlist,weekly_watchlist,watchlist,52.43,23.0,29.67,10.0,39.67,181
MBAPL.NS,Madhya Bharat Agro Products Limited,Agricultural Inputs,Basic Materials,Basic Materials,False,Cash,1,Stage 2,Stage 2,Extended,0.78,"Weekly advancing structure remains intact, but price is stretched versus key moving averages.",,,2026-09-29,,Stage 2 - Extended,39.5,Very Strong,Volume Drying Up,Volume Drying Up (0.80x vs 10W Avg),49.71,Outperformed Nifty by 49.71% in 3 Months,True,49.71,57.75,162181649.02,0.95,1.6,0.8,False,True,"Stage 2, Extended, trend_template_ok, weekly_volume_dryup, flags=Extended;Wider Risk;Low Liquidity",watchlist,weekly_watchlist,watchlist,49.78,31.0,39.5,0.0,39.5,182
VENUSPIPES.NS,Venus Pipes & Tubes Limited,Steel,Basic Materials,Basic Materials,False,Cash,1,Stage 2,Stage 2,Extended,0.78,"Weekly advancing structure remains intact, but price is stretched versus key moving averages.",,,2026-09-29,,Stage 2 - Extended,29.48,Very Strong,Volume Drying Up,Volume Drying Up (0.78x vs 10W Avg),25.36,Outperformed Nifty by 25.36% in 3 Months,True,25.36,109.35,746882165.43,1.99,0.45,0.78,False,True,"Stage 2, Extended, trend_template_ok, weekly_volume_dryup, flags=Loose Structure;Extended;Wide Risk;Low Liquidity",watchlist,weekly_watchlist,watchlist,52.43,25.4,29.48,10.0,39.48,183
UFLEX.NS,UFLEX Limited,Consumer Cyclical,Consumer Cyclical,Consumer Cyclical,False,Cash,1,Stage 2,Stage 2,Advancing,0.9,Price is above constructive weekly and long-term trend structure with improving relative strength.,,,2026-09-29,,Stage 2 - Advancing,37.32,Very Strong,Volume Drying Up,Volume Drying Up (0.18x vs 10W Avg),57.93,Outperformed Nifty by 57.93% in 3 Months,True,57.93,89.55,109988587.34,0.27,0.49,0.18,True,True,"Stage 2, Advancing, trend_template_ok, weekly_vcp_ok, volume_dryup, weekly_volume_dryup, weekly_strong, flags=Wide Weekly Base;Loose Structure;Wide Risk;Low Liquidity",watchlist,weekly_forming,watchlist,37.85,64.0,37.32,2.0,39.32,184
ABDL.NS,Allied Blenders and Distillers Limited,Consumer Defensive,Consumer Defensive,Consumer Defensive,False,Cash,1,Stage 2,Stage 2,Extended,0.78,"Weekly advancing structure remains intact, but price is stretched versus key moving averages.",,,2026-09-29,,Stage 2 - Extended,39.28,Very Strong,Volume Expanding,Volume Expanding (4.40x vs 10W Avg),9.11,Outperformed Nifty by 9.11% in 3 Months,True,9.11,68.33,750287069.9,2.76,0.38,4.4,False,False,"Stage 2, Extended, trend_template_ok, flags=Extended;Wide Risk;Low Liquidity",watchlist,weekly_watchlist,watchlist,58.6,20.34,39.28,0.0,39.28,185
KDDL.NS,KDDL Limited,Luxury Goods,Consumer Cyclical,Consumer Cyclical,False,Cash,1,Stage 2,Stage 2,Advancing,0.9,Price is above constructive weekly and long-term trend structure with improving relative strength.,,,2026-09-29,,Stage 2 - Advancing,29.27,Very Strong,Volume Drying Up,Volume Drying Up (0.76x vs 10W Avg),28.91,Outperformed Nifty by 28.91% in 3 Months,True,28.91,75.13,144171274.22,0.88,0.34,0.76,False,True,"Stage 2, Advancing, trend_template_ok, weekly_volume_dryup, flags=Loose Structure;Wide Risk;Low Liquidity",watchlist,weekly_watchlist,watchlist,36.39,34.6,29.27,10.0,39.27,186
RSYSTEMS.NS,R Systems International Limited,Information Technology Services,Technology,Technology,False,Cash,1,Not Sure,Not Sure,Not Sure,0.0,Stage rules did not identify a reliable structure.,No confident stage classification.,,,,Not Sure - Unclear,39.23,Strong,Volume Expanding,Volume Expanding (111.07x vs 10W Avg),33.93,Outperformed Nifty by 33.93% in 3 Months,False,33.93,4.92,2056800456.54,4.64,2.81,111.07,False,False,"Not Sure, Unclear, weekly_vcp_ok, weekly_strong, flags=Wide Risk",watchlist,weekly_watchlist,watchlist,19.46,49.69,39.23,0.0,39.23,187
UJJIVANSFB.NS,Ujjivan Small Finance Bank Limited,Banks - Regional,Financial Services,Financial Services,False,Cash,1,Stage 2,Stage 2,Advancing,0.8,Price is above constructive weekly and long-term trend structure with improving relative strength.,,,2026-09-29,,Stage 2 - Advancing,37.19,Very Strong,Volume Drying Up,Volume Normal (1.16x vs 10W Avg),19.71,Outperformed Nifty by 19.71% in 3 Months,True,19.71,18.32,767387789.5,0.71,2.21,1.16,True,False,"Stage 2, Advancing, trend_template_ok, volume_dryup, flags=Low Liquidity",watchlist,weekly_watchlist,watchlist,51.5,17.6,37.19,2.0,39.19,188
PVRINOX.NS,PVR INOX Limited,Communication Services,Communication Services,Communication Services,False,Cash,1,Stage 2,Stage 2,Advancing,0.9,Price is above constructive weekly and long-term trend structure with improving relative strength.,,,2026-09-29,,Stage 2 - Advancing,34.1,Very Strong,Volume Normal,Volume Normal (0.97x vs 10W Avg),29.35,Outperformed Nifty by 29.35% in 3 Months,True,29.35,30.01,895468148.3,0.9,1.06,0.97,False,False,"Stage 2, Advancing, trend_template_ok, weekly_vcp_ok, flags=Loose Structure;Wide Risk;Low Liquidity",watchlist,weekly_forming,watchlist,34.88,48.24,34.1,5.0,39.1,189
AETHER.NS,Aether Industries Limited,Specialty Chemicals,Basic Materials,Basic Materials,False,Cash,1,Stage 2,Stage 2,Advancing,0.9,Price is above constructive weekly and long-term trend structure with improving relative strength.,,,2026-09-29,,Stage 2 - Advancing,33.93,Very Strong,Volume Expanding,Volume Expanding (1.93x vs 10W Avg),31.65,Outperformed Nifty by 31.65% in 3 Months,True,31.65,55.35,476383721.39,1.11,1.11,1.93,False,False,"Stage 2, Advancing, trend_template_ok, flags=Wider Risk;Low Liquidity",watchlist,weekly_watchlist,watchlist,34.65,35.8,33.93,5.0,38.93,190
IIFL.NS,IIFL Finance Limited,Credit Services,Financial Services,Financial Services,False,Cash,1,Stage 2,Stage 2,Advancing,0.8,Price is above constructive weekly and long-term trend structure with improving relative strength.,,,2026-09-29,,Stage 2 - Advancing,36.75,Very Strong,Volume Drying Up,Volume Drying Up (0.52x vs 10W Avg),20.63,Outperformed Nifty by 20.63% in 3 Months,True,20.63,38.94,1542319158.87,0.71,0.4,0.52,True,True,"Stage 2, Advancing, trend_template_ok, weekly_vcp_ok, volume_dryup, weekly_volume_dryup, weekly_strong, flags=Wide Risk;Low Liquidity",watchlist,weekly_forming,watchlist,32.46,61.96,36.75,2.0,38.75,191
GRWRHITECH.NS,Garware Hi-Tech Films Limited,Specialty Chemicals,Basic Materials,Basic Materials,False,Cash,1,Stage 2,Stage 2,Advancing,0.9,Price is above constructive weekly and long-term trend structure with improving relative strength.,Stage 2 reclaimed after 3 confirmation runs.,,2026-09-29,,Stage 2 - Advancing,33.67,Very Strong,Volume Normal,Volume Normal (0.99x vs 10W Avg),6.9,Outperformed Nifty by 6.9% in 3 Months,True,6.9,87.71,404531594.89,0.9,1.41,0.99,False,False,"Stage 2, Advancing, trend_template_ok, weekly_vcp_ok, weekly_strong, flags=Wide Weekly Base;Low Liquidity",watchlist,weekly_forming,watchlist,33.78,62.2,33.67,5.0,38.67,192
TITAN.NS,Titan Company Limited,Luxury Goods,Consumer Cyclical,Consumer Cyclical,True,F&O,1,Stage 2,Stage 2,Advancing,0.8,Price is above constructive weekly and long-term trend structure with improving relative strength.,,,2026-09-29,,Stage 2 - Advancing,28.46,Neutral,Volume Normal,Volume Normal (1.03x vs 10W Avg),9.42,Outperformed Nifty by 9.42% in 3 Months,True,9.42,7.49,2859473233.85,1.08,1.66,1.03,False,False,"Stage 2, Advancing, trend_template_ok, flags=Wider Risk;Low Liquidity",watchlist,weekly_watchlist,watchlist,34.66,28.09,28.46,10.0,38.46,193
HONASA.NS,Honasa Consumer Limited,Household & Personal Products,Consumer Defensive,Consumer Defensive,False,Cash,1,Stage 2,Stage 2,Advancing,0.8,Price is above constructive weekly and long-term trend structure with improving relative strength.,,,2026-09-29,,Stage 2 - Advancing,36.32,Neutral,Volume Expanding,Volume Expanding (3.87x vs 10W Avg),0.8,Outperformed Nifty by 0.8% in 3 Months,True,0.8,41.11,816966877.55,1.64,1.06,3.87,False,False,"Stage 2, Advancing, trend_template_ok, flags=Wide Risk",watchlist,weekly_watchlist,watchlist,51.58,19.79,36.32,2.0,38.32,194
BOSCH-HCIL.NS,BOSCH HOME COMFORT INDIA LIMITED,"Furnishings, Fixtures & Appliances",Consumer Cyclical,Consumer Cyclical,False,Cash,1,Stage 2,Stage 2,Advancing,0.9,Price is above constructive weekly and long-term trend structure with improving relative strength.,,,2026-09-29,,Stage 2 - Advancing,38.13,Very Strong,Volume Expanding,Volume Expanding (1.78x vs 10W Avg),45.66,Outperformed Nifty by 45.66% in 3 Months,True,45.66,60.38,93249213.13,0.99,1.49,1.78,False,False,"Stage 2, Advancing, trend_template_ok, weekly_vcp_ok, flags=Loose Structure;Wide Risk;Low Liquidity",watchlist,weekly_forming,watchlist,36.99,50.3,38.13,0.0,38.13,195
IMAGICAA.NS,Imagicaaworld Entertainment Limited,Communication Services,Communication Services,Communication Services,False,Cash,1,Stage 2,Stage 2,Advancing,0.8,Price is above constructive weekly and long-term trend structure with improving relative strength.,,,2026-09-29,,Stage 2 - Advancing,33.09,Very Strong,Volume Drying Up,Volume Drying Up (0.40x vs 10W Avg),13.11,Outperformed Nifty by 13.11% in 3 Months,True,13.11,18.64,48591887.82,0.46,0.11,0.4,True,True,"Stage 2, Advancing, trend_template_ok, weekly_vcp_ok, volume_dryup, weekly_volume_dryup, weekly_strong, flags=Wide Risk;Low Liquidity",watchlist,weekly_forming,watchlist,22.4,59.17,33.09,5.0,38.09,196
JINDALSTEL.NS,JINDAL STEEL LIMITED,Steel,Basic Materials,Basic Materials,True,F&O,1,Stage 1,Stage 1,Stage 1,0.64,Price is building a base around long-term weekly structure without a confirmed advancing phase.,,,2026-08-31,,Stage 1,28.02,Strong,Volume Expanding,Volume Normal (0.98x vs 10W Avg),14.11,Outperformed Nifty by 14.11% in 3 Months,False,14.11,-3.97,820154028.32,1.01,2.03,0.98,False,False,"Stage 1, Stage 1, weekly_vcp_ok, weekly_strong, flags=Wide Risk;Low Liquidity, stage1_not_actionable, stage1_needs_more_base",watchlist,weekly_watchlist,watchlist,17.16,49.01,28.02,10.0,38.02,197
AGI.NS,AGI Greenpac Limited,Consumer Cyclical,Consumer Cyclical,Consumer Cyclical,False,Cash,1,Stage 2,Stage 2,Advancing,0.8,Price is above constructive weekly and long-term trend structure with improving relative strength.,,,2026-09-29,,Stage 2 - Advancing,35.95,Very Strong,Volume Drying Up,Volume Drying Up (0.68x vs 10W Avg),21.65,Outperformed Nifty by 21.65% in 3 Months,True,21.65,61.11,162226363.0,1.34,0.5,0.68,False,True,"Stage 2, Advancing, trend_template_ok, weekly_vcp_ok, weekly_volume_dryup, weekly_strong, flags=Wide Weekly Base;Wide Risk;Low Liquidity",watchlist,weekly_breakout,watchlist,34.1,64.0,35.95,2.0,37.95,198
SUNPHARMA.NS,Sun Pharmaceutical Industries Limited,Drug Manufacturers - Specialty & Generic,Healthcare,Healthcare,True,F&O,1,Stage 1,Stage 1,Stage 1,0.64,Price is building a base around long-term weekly structure without a confirmed advancing phase.,,,2026-08-31,,Stage 1,27.84,Strong,Volume Normal,Volume Normal (0.96x vs 10W Avg),2.02,Outperformed Nifty by 2.02% in 3 Months,False,2.02,4.72,2734257871.27,0.94,1.61,0.96,False,False,"Stage 1, Stage 1, weekly_vcp_ok, weekly_strong, flags=Wider Risk;Low Liquidity, stage1_not_actionable, stage1_needs_more_base",watchlist,weekly_watchlist,watchlist,19.31,41.77,27.84,10.0,37.84,199
CENTUM.NS,Centum Electronics Limited,Electronic Components,Technology,Technology,False,Cash,1,Stage 2,Stage 2,Extended,0.78,"Weekly advancing structure remains intact, but price is stretched versus key moving averages.",,,2026-09-29,,Stage 2 - Extended,27.8,Very Strong,Volume Expanding,Volume Expanding (2.04x vs 10W Avg),38.86,Outperformed Nifty by 38.86% in 3 Months,True,38.86,71.1,654177184.82,1.68,0.8,2.04,False,False,"Stage 2, Extended, trend_template_ok, flags=Loose Structure;Extended;Wide Risk;Low Liquidity",watchlist,weekly_watchlist,watchlist,40.22,27.8,27.8,10.0,37.8,200
VIJAYA.NS,Vijaya Diagnostic Centre Limited,Diagnostics & Research,Healthcare,Healthcare,False,Cash,1,Stage 2,Stage 2,Advancing,0.8,Price is above constructive weekly and long-term trend structure with improving relative strength.,,,2026-09-29,,Stage 2 - Advancing,27.78,Very Strong,Volume Drying Up,Volume Drying Up (0.48x vs 10W Avg),13.65,Outperformed Nifty by 13.65% in 3 Months,True,13.65,53.7,203180977.51,0.79,0.53,0.48,True,True,"Stage 2, Advancing, trend_template_ok, volume_dryup, weekly_volume_dryup, flags=Wider Risk;Low Liquidity",watchlist,weekly_watchlist,watchlist,35.34,24.14,27.78,10.0,37.78,201
ROSSTECH.NS,Rossell Techsys Limited,Aerospace & Defense,Industrials,Industrials,False,Cash,1,Stage 2,Stage 2,Extended,0.78,"Weekly advancing structure remains intact, but price is stretched versus key moving averages.",,,2026-09-29,,Stage 2 - Extended,27.66,Very Strong,Volume Drying Up,Volume Drying Up (0.52x vs 10W Avg),59.71,Outperformed Nifty by 59.71% in 3 Months,True,59.71,94.96,673421925.51,1.12,0.65,0.52,False,True,"Stage 2, Extended, trend_template_ok, weekly_volume_dryup, flags=Loose Structure;Extended;Wide Risk;Low Liquidity",watchlist,weekly_watchlist,watchlist,39.85,27.8,27.66,10.0,37.66,202
PRECWIRE.NS,Precision Wires India Limited,Electrical Equipment & Parts,Industrials,Industrials,False,Cash,1,Stage 2,Stage 2,Extended,0.78,"Weekly advancing structure remains intact, but price is stretched versus key moving averages.",,,2026-09-29,,Stage 2 - Extended,27.62,Very Strong,Volume Drying Up,Volume Drying Up (0.77x vs 10W Avg),34.99,Outperformed Nifty by 34.99% in 3 Months,True,34.99,66.75,309167304.91,0.86,0.32,0.77,False,True,"Stage 2, Extended, trend_template_ok, weekly_volume_dryup, flags=Loose Structure;Extended;Wide Risk;Low Liquidity",watchlist,weekly_watchlist,watchlist,35.5,37.0,27.62,10.0,37.62,203
SIS.NS,SIS LIMITED,Industrials,Industrials,Industrials,False,Cash,1,Stage 2,Stage 2,Advancing,0.8,Price is above constructive weekly and long-term trend structure with improving relative strength.,Stage 2 reclaimed after 3 confirmation runs.,,2026-09-29,,Stage 2 - Advancing,37.46,Very Strong,Volume Expanding,Volume Expanding (2.42x vs 10W Avg),5.16,Outperformed Nifty by 5.16% in 3 Months,True,5.16,43.7,173774766.24,1.52,0.92,2.42,False,False,"Stage 2, Advancing, trend_template_ok, flags=Low Liquidity",watchlist,weekly_watchlist,watchlist,42.74,32.69,37.46,0.0,37.46,204
RRKABEL.NS,R R Kabel Limited,Electrical Equipment & Parts,Industrials,Industrials,False,Cash,1,Stage 2,Stage 2,Advancing,0.8,Price is above constructive weekly and long-term trend structure with improving relative strength.,,,2026-09-29,,Stage 2 - Advancing,27.45,Very Strong,Volume Drying Up,Volume Drying Up (0.39x vs 10W Avg),16.53,Outperformed Nifty by 16.53% in 3 Months,True,16.53,89.73,1199360023.43,0.44,0.5,0.39,True,True,"Stage 2, Advancing, trend_template_ok, volume_dryup, weekly_volume_dryup, flags=Wide Risk;Low Liquidity",watchlist,weekly_watchlist,watchlist,34.73,34.4,27.45,10.0,37.45,205
SOUTHBANK.NS,The South Indian Bank Limited,Banks - Regional,Financial Services,Financial Services,False,Cash,1,Stage 2,Stage 2,Advancing,0.9,Price is above constructive weekly and long-term trend structure with improving relative strength.,,,2026-09-29,,Stage 2 - Advancing,35.43,Strong,Volume Expanding,Volume Expanding (2.35x vs 10W Avg),10.76,Outperformed Nifty by 10.76% in 3 Months,True,10.76,30.54,638411563.39,1.77,1.41,2.35,False,False,"Stage 2, Advancing, trend_template_ok, flags=Low Liquidity",watchlist,weekly_watchlist,watchlist,39.18,30.73,35.43,2.0,37.43,206
GREENPLY.NS,Greenply Industries Limited,Basic Materials,Basic Materials,Basic Materials,False,Cash,1,Failed Stage 2,Stage 2,Failed Stage 2,0.7,Failed Stage 2 cooling period is still active; waiting for a fresh base or confirmed reclaim.,Failed Stage 2 hold period active.,,2026-09-25,,Failed Stage 2,37.38,Very Strong,Volume Expanding,Volume Expanding (1.88x vs 10W Avg),1.18,Outperformed Nifty by 1.18% in 3 Months,True,1.18,49.21,73773892.59,1.47,5.0,1.88,False,False,"Stage 2, Advancing, trend_template_ok, flags=Wider Risk;Low Liquidity | Failed Stage 2 hold period active.",watchlist,weekly_watchlist,watchlist,47.51,26.84,37.38,0.0,37.38,207
QPOWER.NS,Quality Power Electrical Equipments Limited,Electrical Equipment & Parts,Industrials,Industrials,False,Cash,1,Stage 2,Stage 2,Extended,0.78,"Weekly advancing structure remains intact, but price is stretched versus key moving averages.",,,2026-09-29,,Stage 2 - Extended,27.38,Very Strong,Volume Normal,Volume Normal (1.15x vs 10W Avg),44.99,Outperformed Nifty by 44.99% in 3 Months,True,44.99,83.8,503651157.73,1.31,0.82,1.15,False,False,"Stage 2, Extended, trend_template_ok, weekly_vcp_ok, weekly_strong, flags=Loose Structure;Extended;Wide Risk;Circuit Risk;Low Liquidity",watchlist,weekly_breakout,watchlist,30.28,69.6,27.38,10.0,37.38,208
AIIL.NS,Authum Investment & Infrastructure Limited,Capital Markets,Financial Services,Financial Services,False,Cash,1,Stage 2,Stage 2,Advancing,0.8,Price is above constructive weekly and long-term trend structure with improving relative strength.,,,2026-09-29,,Stage 2 - Advancing,37.23,Very Strong,Volume Drying Up,Volume Drying Up (0.34x vs 10W Avg),11.46,Outperformed Nifty by 11.46% in 3 Months,True,11.46,31.3,258718532.22,0.45,0.29,0.34,True,True,"Stage 2, Advancing, trend_template_ok, volume_dryup, weekly_volume_dryup, flags=Wide Risk;Low Liquidity",watchlist,weekly_watchlist,watchlist,55.88,20.48,37.23,0.0,37.23,209
HONAUT.NS,Honeywell Automation India Limited,Electrical Equipment & Parts,Industrials,Industrials,False,Cash,1,Stage 3,Stage 3,Early,0.68,"Prior strength has shifted into a Stage 3 transition based on trend, relative strength, and volume evidence.",,,2026-09-08,,Stage 3 Early,27.19,Weak,Volume Expanding,Volume Expanding (1.52x vs 10W Avg),-8.28,Underperformed Nifty by 8.28% in 3 Months,False,-8.28,23.51,145196465.75,1.19,0.45,1.52,False,False,"Stage 3, Early, weekly_vcp_ok, weekly_strong, flags=Wider Risk, distribution_or_weakening_risk",watchlist,weekly_watchlist,watchlist,5.85,39.32,27.19,10.0,37.19,210
SAILIFE.NS,Sai Life Sciences Limited,Diagnostics & Research,Healthcare,Healthcare,False,Cash,1,Stage 2,Stage 2,Advancing,0.9,Price is above constructive weekly and long-term trend structure with improving relative strength.,,,2026-09-29,,Stage 2 - Advancing,27.17,Very Strong,Volume Drying Up,Volume Drying Up (0.60x vs 10W Avg),30.48,Outperformed Nifty by 30.48% in 3 Months,True,30.48,59.92,1048223438.5,0.64,0.77,0.6,True,True,"Stage 2, Advancing, trend_template_ok, volume_dryup, weekly_volume_dryup, flags=Loose Structure;Wide Risk;Low Liquidity",watchlist,weekly_watchlist,watchlist,36.81,24.2,27.17,10.0,37.17,211
TFCILTD.NS,Tourism Finance Corporation of India Limited,Credit Services,Financial Services,Financial Services,False,Cash,1,Stage 2,Stage 2,Extended,0.78,"Weekly advancing structure remains intact, but price is stretched versus key moving averages.",,,2026-09-29,,Stage 2 - Extended,35.11,Very Strong,Volume Expanding,Volume Expanding (1.63x vs 10W Avg),82.63,Outperformed Nifty by 82.63% in 3 Months,True,82.63,119.09,1708085198.02,1.11,2.67,1.63,False,False,"Stage 2, Extended, trend_template_ok, flags=Loose Structure;Extended;Wider Risk;Low Liquidity",watchlist,weekly_watchlist,watchlist,48.85,28.6,35.11,2.0,37.11,212
HNDFDS.NS,Hindustan Foods Limited,Conglomerates,Industrials,Industrials,False,Cash,1,Stage 2,Stage 2,Advancing,0.8,Price is above constructive weekly and long-term trend structure with improving relative strength.,,,2026-09-29,,Stage 2 - Advancing,37.05,Strong,Volume Drying Up,Volume Normal (0.87x vs 10W Avg),11.1,Outperformed Nifty by 11.1% in 3 Months,False,11.1,14.97,55922465.97,0.73,1.31,0.87,True,True,"Stage 2, Advancing, weekly_vcp_ok, volume_dryup, weekly_volume_dryup, weekly_strong, flags=Wide Risk",watchlist,weekly_forming,watchlist,16.14,61.51,37.05,0.0,37.05,213
MARINE.NS,Marine Electricals (India) Limited,Electrical Equipment & Parts,Industrials,Industrials,False,Cash,1,Stage 2,Stage 2,Extended,0.78,"Weekly advancing structure remains intact, but price is stretched versus key moving averages.",,,2026-09-29,,Stage 2 - Extended,27.05,Very Strong,Volume Normal,Volume Normal (1.23x vs 10W Avg),62.58,Outperformed Nifty by 62.58% in 3 Months,True,62.58,138.52,816933312.92,2.03,0.72,1.23,False,False,"Stage 2, Extended, trend_template_ok, flags=Loose Structure;Extended;Wide Risk;Low Liquidity",watchlist,weekly_watchlist,watchlist,33.72,35.8,27.05,10.0,37.05,214
NEOGEN.NS,Neogen Chemicals Limited,Specialty Chemicals,Basic Materials,Basic Materials,False,Cash,1,Stage 2,Stage 2,Advancing,0.9,Price is above constructive weekly and long-term trend structure with improving relative strength.,,,2026-09-29,,Stage 2 - Advancing,32.0,Very Strong,Volume Drying Up,Volume Drying Up (0.84x vs 10W Avg),28.84,Outperformed Nifty by 28.84% in 3 Months,True,28.84,100.05,531090173.74,1.19,0.76,0.84,False,True,"Stage 2, Advancing, trend_template_ok, weekly_volume_dryup, flags=Wide Risk;Low Liquidity",watchlist,weekly_watchlist,watchlist,33.85,29.8,32.0,5.0,37.0,215
SIEMENS.NS,Siemens Limited,Specialty Industrial Machinery,Industrials,Industrials,True,F&O,1,Stage 2,Stage 2,Advancing,0.8,Price is above constructive weekly and long-term trend structure with improving relative strength.,,,2026-09-29,,Stage 2 - Advancing,26.9,Very Strong,Volume Drying Up,Volume Drying Up (0.57x vs 10W Avg),11.62,Outperformed Nifty by 11.62% in 3 Months,True,11.62,20.44,967050360.13,0.76,0.59,0.57,True,True,"Stage 2, Advancing, trend_template_ok, volume_dryup, weekly_volume_dryup, flags=Wider Risk;Low Liquidity",watchlist,weekly_watchlist,watchlist,34.25,20.61,26.9,10.0,36.9,216
ANANTRAJ.NS,Anant Raj Limited,Real Estate,Real Estate,Real Estate,False,Cash,1,Stage 2,Stage 2,Advancing,0.8,Price is above constructive weekly and long-term trend structure with improving relative strength.,,,2026-09-29,,Stage 2 - Advancing,34.83,Very Strong,Volume Drying Up,Volume Drying Up (0.49x vs 10W Avg),15.69,Outperformed Nifty by 15.69% in 3 Months,True,15.69,29.27,1793973971.9,0.66,0.45,0.49,True,True,"Stage 2, Advancing, trend_template_ok, volume_dryup, weekly_volume_dryup, flags=Wider Risk;Low Liquidity",watchlist,weekly_watchlist,watchlist,48.09,25.1,34.83,2.0,36.83,217
RBLBANK.NS,RBL Bank Limited,Banks - Regional,Financial Services,Financial Services,True,F&O,1,Stage 2,Stage 2,Advancing,0.9,Price is above constructive weekly and long-term trend structure with improving relative strength.,,,2026-09-29,,Stage 2 - Advancing,34.8,Very Strong,Volume Normal,Volume Normal (1.09x vs 10W Avg),16.51,Outperformed Nifty by 16.51% in 3 Months,True,16.51,28.07,1790397946.8,1.11,1.09,1.09,False,False,"Stage 2, Advancing, trend_template_ok, flags=Low Liquidity",watchlist,weekly_watchlist,watchlist,32.05,38.86,34.8,2.0,36.8,218
KTKBANK.NS,The Karnataka Bank Limited,Banks - Regional,Financial Services,Financial Services,False,Cash,1,Stage 2,Stage 2,Advancing,0.9,Price is above constructive weekly and long-term trend structure with improving relative strength.,,,2026-09-29,,Stage 2 - Advancing,34.78,Very Strong,Volume Drying Up,Volume Drying Up (0.43x vs 10W Avg),33.75,Outperformed Nifty by 33.75% in 3 Months,True,33.75,44.65,599200592.1,0.63,0.41,0.43,True,True,"Stage 2, Advancing, trend_template_ok, volume_dryup, weekly_volume_dryup, flags=Wider Risk;Low Liquidity",watchlist,weekly_watchlist,watchlist,37.45,29.64,34.78,2.0,36.78,219
MIDHANI.NS,Mishra Dhatu Nigam Limited,Steel,Basic Materials,Basic Materials,False,Cash,1,Stage 2,Stage 2,Advancing,0.9,Price is above constructive weekly and long-term trend structure with improving relative strength.,,,2026-09-29,,Stage 2 - Advancing,26.77,Very Strong,Volume Drying Up,Volume Drying Up (0.51x vs 10W Avg),7.64,Outperformed Nifty by 7.64% in 3 Months,True,7.64,40.08,1420054016.83,0.45,0.9,0.51,True,True,"Stage 2, Advancing, trend_template_ok, volume_dryup, weekly_volume_dryup, flags=Wide Risk;Low Liquidity",watchlist,weekly_watchlist,watchlist,36.12,22.17,26.77,10.0,36.77,220
TIPSMUSIC.NS,Tips Music Limited,Communication Services,Communication Services,Communication Services,False,Cash,1,Stage 2,Stage 2,Advancing,0.8,Price is above constructive weekly and long-term trend structure with improving relative strength.,,,2026-09-29,,Stage 2 - Advancing,31.69,Strong,Volume Drying Up,Volume Drying Up (0.38x vs 10W Avg),2.31,Outperformed Nifty by 2.31% in 3 Months,True,2.31,20.19,159545590.23,0.52,0.85,0.38,True,True,"Stage 2, Advancing, trend_template_ok, volume_dryup, weekly_volume_dryup, flags=Wide Risk;Low Liquidity",watchlist,weekly_watchlist,watchlist,42.53,26.45,31.69,5.0,36.69,221
LUMAXTECH.NS,Lumax Auto Technologies Limited,Auto Parts,Consumer Cyclical,Consumer Cyclical,False,Cash,1,Stage 2,Stage 2,Advancing,0.9,Price is above constructive weekly and long-term trend structure with improving relative strength.,,,2026-09-29,,Stage 2 - Advancing,31.52,Very Strong,Volume Drying Up,Volume Drying Up (0.35x vs 10W Avg),44.2,Outperformed Nifty by 44.2% in 3 Months,True,44.2,26.18,248465476.01,0.47,0.97,0.35,True,True,"Stage 2, Advancing, trend_template_ok, volume_dryup, weekly_volume_dryup, flags=Loose Structure;Wide Risk;Low Liquidity",watchlist,weekly_watchlist,watchlist,37.6,32.44,31.52,5.0,36.52,222
JSWSTEEL.NS,JSW Steel Limited,Steel,Basic Materials,Basic Materials,True,F&O,1,Stage 1,Stage 1,Stage 1,0.64,Price is building a base around long-term weekly structure without a confirmed advancing phase.,,,2026-09-02,,Stage 1,26.48,Very Strong,Volume Normal,Volume Normal (0.87x vs 10W Avg),8.2,Outperformed Nifty by 8.2% in 3 Months,False,8.2,8.14,1650260032.13,0.91,0.86,0.87,False,True,"Stage 1, Stage 1, weekly_vcp_ok, weekly_volume_dryup, weekly_strong, flags=Low Liquidity, stage1_not_actionable, stage1_needs_more_base",watchlist,weekly_watchlist,watchlist,0.0,49.63,26.48,10.0,36.48,223
ACMESOLAR.NS,Acme Solar Holdings Limited,Utilities - Renewable,Utilities,Utilities,False,Cash,1,Stage 2,Stage 2,Advancing,0.9,Price is above constructive weekly and long-term trend structure with improving relative strength.,,,2026-09-29,,Stage 2 - Advancing,36.47,Very Strong,Volume Drying Up,Volume Drying Up (0.73x vs 10W Avg),21.21,Outperformed Nifty by 21.21% in 3 Months,True,21.21,57.08,1179561156.24,1.47,0.39,0.73,False,True,"Stage 2, Advancing, trend_template_ok, weekly_volume_dryup, flags=Wide Risk;Low Liquidity",watchlist,weekly_watchlist,watchlist,55.07,28.43,36.47,0.0,36.47,224
TIIL.NS,Technocraft Industries (India) Limited,Tools & Accessories,Industrials,Industrials,False,Cash,1,Stage 2,Stage 2,Advancing,0.8,Price is above constructive weekly and long-term trend structure with improving relative strength.,,,2026-09-29,,Stage 2 - Advancing,34.4,Very Strong,Volume Drying Up,Volume Drying Up (0.49x vs 10W Avg),23.09,Outperformed Nifty by 23.09% in 3 Months,True,23.09,28.78,99286888.67,0.63,0.79,0.49,True,True,"Stage 2, Advancing, trend_template_ok, weekly_vcp_ok, volume_dryup, weekly_volume_dryup, weekly_strong, flags=Loose Structure;Wide Risk;Low Liquidity",watchlist,weekly_forming,watchlist,32.5,62.29,34.4,2.0,36.4,225
TDPOWERSYS.NS,TD Power Systems Limited,Specialty Industrial Machinery,Industrials,Industrials,False,Cash,1,Stage 2,Stage 2,Extended,0.78,"Weekly advancing structure remains intact, but price is stretched versus key moving averages.",,,2026-09-29,,Stage 2 - Extended,26.32,Very Strong,Volume Normal,Volume Normal (1.11x vs 10W Avg),40.82,Outperformed Nifty by 40.82% in 3 Months,True,40.82,77.48,1824467073.24,0.88,1.17,1.11,False,False,"Stage 2, Extended, trend_template_ok, flags=Loose Structure;Extended;Wide Risk;Low Liquidity",watchlist,weekly_watchlist,watchlist,35.93,32.2,26.32,10.0,36.32,226
ASAHIINDIA.NS,Asahi India Glass Limited,Auto Parts,Consumer Cyclical,Consumer Cyclical,False,Cash,1,Stage 1,Stage 1,Stage 1,0.68,Price is building a base around long-term weekly structure without a confirmed advancing phase.,,,,,Stage 1,31.31,Very Strong,Volume Drying Up,Volume Normal (0.87x vs 10W Avg),16.98,Outperformed Nifty by 16.98% in 3 Months,False,16.98,18.0,135006579.58,0.71,0.6,0.87,True,True,"Stage 1, Stage 1, stage1_base_ready, daily_vcp_ok, volume_dryup, weekly_volume_dryup, flags=Low Liquidity",watchlist,weekly_watchlist,watchlist,33.12,19.7,31.31,5.0,36.31,227
DIXON.NS,Dixon Technologies (India) Limited,Technology,Technology,Technology,True,F&O,1,Stage 2,Stage 2,Advancing,0.8,Price is above constructive weekly and long-term trend structure with improving relative strength.,,,2026-09-29,,Stage 2 - Advancing,26.31,Neutral,Volume Normal,Volume Normal (0.92x vs 10W Avg),5.34,Outperformed Nifty by 5.34% in 3 Months,False,5.34,28.3,4407954264.57,0.89,0.76,0.92,False,False,"Stage 2, Advancing, weekly_vcp_ok, weekly_strong, flags=Wide Weekly Base;Wide Risk;Low Liquidity",watchlist,weekly_forming,watchlist,12.21,59.36,26.31,10.0,36.31,228
CARBORUNIV.NS,Carborundum Universal Limited,Conglomerates,Industrials,Industrials,False,Cash,1,Stage 2,Stage 2,Advancing,0.9,Price is above constructive weekly and long-term trend structure with improving relative strength.,,,2026-09-29,,Stage 2 - Advancing,36.26,Very Strong,Volume Expanding,Volume Expanding (2.66x vs 10W Avg),16.5,Outperformed Nifty by 16.5% in 3 Months,True,16.5,45.38,752156499.73,2.91,0.99,2.66,False,False,"Stage 2, Advancing, trend_template_ok, flags=Wide Risk;Low Liquidity",watchlist,weekly_watchlist,watchlist,56.8,22.39,36.26,0.0,36.26,229
JSL.NS,Jindal Stainless Limited,Steel,Basic Materials,Basic Materials,False,Cash,1,Stage 1,Stage 1,Stage 1,0.68,Price is building a base around long-term weekly structure without a confirmed advancing phase.,,,,,Stage 1,26.22,Very Strong,Volume Normal,Volume Normal (1.43x vs 10W Avg),13.68,Outperformed Nifty by 13.68% in 3 Months,False,13.68,2.87,972858227.18,1.58,0.87,1.43,False,False,"Stage 1, Stage 1, weekly_vcp_ok, weekly_strong, flags=Wider Risk;Low Liquidity, stage1_not_actionable, stage1_needs_more_base",watchlist,weekly_watchlist,watchlist,0.0,49.65,26.22,10.0,36.22,230
MANORAMA.NS,Manorama Industries Limited,Packaged Foods,Consumer Defensive,Consumer Defensive,False,Cash,1,Stage 2,Stage 2,Advancing,0.9,Price is above constructive weekly and long-term trend structure with improving relative strength.,,,2026-09-29,,Stage 2 - Advancing,36.16,Very Strong,Volume Drying Up,Volume Drying Up (0.25x vs 10W Avg),24.42,Outperformed Nifty by 24.42% in 3 Months,True,24.42,50.53,434772685.2,0.24,0.51,0.25,True,True,"Stage 2, Advancing, trend_template_ok, weekly_vcp_ok, volume_dryup, weekly_volume_dryup, flags=Loose Structure;Wide Risk;Low Liquidity",watchlist,weekly_forming,watchlist,35.0,49.79,36.16,0.0,36.16,231
SANGHVIMOV.NS,Sanghvi Movers Limited,Industrials,Industrials,Industrials,False,Cash,1,Stage 2,Stage 2,Advancing,0.9,Price is above constructive weekly and long-term trend structure with improving relative strength.,,,2026-09-29,,Stage 2 - Advancing,36.06,Very Strong,Volume Drying Up,Volume Drying Up (0.63x vs 10W Avg),6.73,Outperformed Nifty by 6.73% in 3 Months,True,6.73,63.0,102025188.83,0.57,0.7,0.63,True,True,"Stage 2, Advancing, trend_template_ok, volume_dryup, weekly_volume_dryup, flags=Wide Risk;Low Liquidity",watchlist,weekly_watchlist,watchlist,56.34,20.77,36.06,0.0,36.06,232
NORTHARC.NS,Northern Arc Capital Limited,Credit Services,Financial Services,Financial Services,False,Cash,1,Stage 2,Stage 2,Advancing,0.8,Price is above constructive weekly and long-term trend structure with improving relative strength.,,,2026-09-29,,Stage 2 - Advancing,33.94,Strong,Volume Drying Up,Volume Drying Up (0.51x vs 10W Avg),-0.37,Underperformed Nifty by 0.37% in 3 Months,True,-0.37,24.48,325245090.55,0.65,0.31,0.51,True,True,"Stage 2, Advancing, trend_template_ok, volume_dryup, weekly_volume_dryup, flags=Wide Risk;Low Liquidity",watchlist,weekly_watchlist,watchlist,48.71,26.61,33.94,2.0,35.94,233
SOLARINDS.NS,Solar Industries India Limited,Specialty Chemicals,Basic Materials,Basic Materials,True,F&O,1,Stage 2,Stage 2,Advancing,0.8,Price is above constructive weekly and long-term trend structure with improving relative strength.,,,2026-09-29,,Stage 2 - Advancing,30.91,Very Strong,Volume Normal,Volume Normal (1.03x vs 10W Avg),13.13,Outperformed Nifty by 13.13% in 3 Months,True,13.13,45.74,5439162310.25,1.22,1.41,1.03,False,False,"Stage 2, Advancing, trend_template_ok, flags=Wide Risk;Low Liquidity",watchlist,weekly_watchlist,watchlist,54.97,19.69,30.91,5.0,35.91,234
ATHERENERG.NS,Ather Energy Limited,Auto Manufacturers,Consumer Cyclical,Consumer Cyclical,False,Cash,1,Stage 2,Stage 2,Extended,0.78,"Weekly advancing structure remains intact, but price is stretched versus key moving averages.",,,2026-09-29,,Stage 2 - Extended,30.88,Strong,Volume Drying Up,Volume Drying Up (0.74x vs 10W Avg),33.42,Outperformed Nifty by 33.42% in 3 Months,True,33.42,85.96,5831783310.22,0.81,0.68,0.74,True,True,"Stage 2, Extended, trend_template_ok, weekly_vcp_ok, volume_dryup, weekly_volume_dryup, weekly_strong, flags=Loose Structure;Extended;Wide Risk;Low Liquidity",watchlist,weekly_forming,watchlist,30.28,62.0,30.88,5.0,35.88,235
KALYANKJIL.NS,Kalyan Jewellers India Limited,Luxury Goods,Consumer Cyclical,Consumer Cyclical,True,F&O,1,Stage 2,Stage 2,Advancing,0.8,Price is above constructive weekly and long-term trend structure with improving relative strength.,,,2026-09-29,,Stage 2 - Advancing,25.86,Strong,Volume Drying Up,Volume Drying Up (0.36x vs 10W Avg),52.48,Outperformed Nifty by 52.48% in 3 Months,True,52.48,32.75,3317949301.63,0.38,0.8,0.36,True,True,"Stage 2, Advancing, trend_template_ok, volume_dryup, weekly_volume_dryup, flags=Wide Risk;Low Liquidity",watchlist,weekly_watchlist,watchlist,34.75,24.2,25.86,10.0,35.86,236
SHOPERSTOP.NS,Shoppers Stop Limited,Consumer Cyclical,Consumer Cyclical,Consumer Cyclical,False,Cash,1,Stage 2,Stage 2,Advancing,0.8,Price is above constructive weekly and long-term trend structure with improving relative strength.,,,2026-09-29,,Stage 2 - Advancing,33.84,Very Strong,Volume Expanding,Volume Expanding (4.17x vs 10W Avg),23.55,Outperformed Nifty by 23.55% in 3 Months,True,23.55,43.23,162695667.14,2.62,0.1,4.17,False,False,"Stage 2, Advancing, trend_template_ok, flags=Wide Risk;Low Liquidity",watchlist,weekly_watchlist,watchlist,43.8,29.68,33.84,2.0,35.84,237
SUDARSCHEM.NS,Sudarshan Chemical Industries Limited,Specialty Chemicals,Basic Materials,Basic Materials,False,Cash,1,Stage 2,Stage 2,Advancing,0.9,Price is above constructive weekly and long-term trend structure with improving relative strength.,,,2026-09-29,,Stage 2 - Advancing,30.82,Very Strong,Volume Drying Up,Volume Drying Up (0.41x vs 10W Avg),37.03,Outperformed Nifty by 37.03% in 3 Months,True,37.03,57.58,235296287.22,0.38,1.16,0.41,True,True,"Stage 2, Advancing, trend_template_ok, volume_dryup, weekly_volume_dryup, flags=Wide Risk;Low Liquidity",watchlist,weekly_watchlist,watchlist,37.85,26.6,30.82,5.0,35.82,238
EMUDHRA.NS,eMudhra Limited,Software - Application,Technology,Technology,False,Cash,1,Stage 2,Stage 2,Advancing,0.8,Price is above constructive weekly and long-term trend structure with improving relative strength.,,,2026-09-29,,Stage 2 - Advancing,30.68,Very Strong,Volume Drying Up,Volume Drying Up (0.61x vs 10W Avg),43.52,Outperformed Nifty by 43.52% in 3 Months,True,43.52,40.41,1461598035.03,1.27,0.46,0.61,False,True,"Stage 2, Advancing, trend_template_ok, weekly_vcp_ok, weekly_volume_dryup, weekly_strong, flags=Wide Weekly Base;Loose Structure;Wide Risk;Low Liquidity",watchlist,weekly_breakout,watchlist,32.37,65.1,30.68,5.0,35.68,239
KRBL.NS,KRBL Limited,Packaged Foods,Consumer Defensive,Consumer Defensive,False,Cash,1,Stage 2,Stage 2,Advancing,0.8,Price is above constructive weekly and long-term trend structure with improving relative strength.,,,2026-09-29,,Stage 2 - Advancing,35.61,Strong,Volume Drying Up,Volume Drying Up (0.50x vs 10W Avg),9.97,Outperformed Nifty by 9.97% in 3 Months,True,9.97,22.5,160260239.08,0.5,0.31,0.5,True,True,"Stage 2, Advancing, trend_template_ok, weekly_vcp_ok, volume_dryup, weekly_volume_dryup, weekly_strong, flags=Wide Risk;Low Liquidity",watchlist,weekly_forming,watchlist,30.75,60.35,35.61,0.0,35.61,240
NITINSPIN.NS,Nitin Spinners Limited,Textile Manufacturing,Consumer Cyclical,Consumer Cyclical,False,Cash,1,Stage 2,Stage 2,Advancing,0.9,Price is above constructive weekly and long-term trend structure with improving relative strength.,,,2026-09-29,,Stage 2 - Advancing,30.61,Very Strong,Volume Drying Up,Volume Drying Up (0.24x vs 10W Avg),14.3,Outperformed Nifty by 14.3% in 3 Months,True,14.3,54.55,65201477.43,0.3,0.35,0.24,True,True,"Stage 2, Advancing, trend_template_ok, volume_dryup, weekly_volume_dryup, flags=Wider Risk;Low Liquidity",watchlist,weekly_watchlist,watchlist,37.98,21.88,30.61,5.0,35.61,241
HATSUN.NS,Hatsun Agro Product Limited,Packaged Foods,Consumer Defensive,Consumer Defensive,False,Cash,1,Stage 2,Stage 2,Advancing,0.9,Price is above constructive weekly and long-term trend structure with improving relative strength.,,,2026-09-29,,Stage 2 - Advancing,35.57,Very Strong,Volume Drying Up,Volume Drying Up (0.31x vs 10W Avg),28.44,Outperformed Nifty by 28.44% in 3 Months,True,28.44,22.53,120035486.0,0.43,0.13,0.31,True,True,"Stage 2, Advancing, trend_template_ok, weekly_vcp_ok, volume_dryup, weekly_volume_dryup, weekly_strong, flags=Loose Structure;Wide Risk;Low Liquidity",watchlist,weekly_breakout,watchlist,33.14,62.2,35.57,0.0,35.57,242
SANGAMIND.NS,Sangam (India) Limited,Textile Manufacturing,Consumer Cyclical,Consumer Cyclical,False,Cash,1,Stage 2,Stage 2,Advancing,0.9,Price is above constructive weekly and long-term trend structure with improving relative strength.,,,2026-09-29,,Stage 2 - Advancing,30.49,Very Strong,Volume Expanding,Volume Expanding (3.10x vs 10W Avg),20.27,Outperformed Nifty by 20.27% in 3 Months,True,20.27,46.65,31508832.42,2.16,0.62,3.1,False,False,"Stage 2, Advancing, trend_template_ok, flags=Low Liquidity",watchlist,weekly_watchlist,watchlist,25.98,30.89,30.49,5.0,35.49,243
63MOONS.NS,63 moons technologies limited,Software - Application,Technology,Technology,False,Cash,1,Stage 2,Stage 2,Advancing,0.8,Price is above constructive weekly and long-term trend structure with improving relative strength.,,,2026-09-29,,Stage 2 - Advancing,30.42,Very Strong,Volume Drying Up,Volume Drying Up (0.27x vs 10W Avg),22.83,Outperformed Nifty by 22.83% in 3 Months,True,22.83,60.47,441519244.11,0.46,0.32,0.27,True,True,"Stage 2, Advancing, trend_template_ok, daily_vcp_ok, volume_dryup, weekly_volume_dryup, flags=Loose Structure;Wide Risk;Low Liquidity",forming_vcp,weekly_watchlist,watchlist,58.08,21.8,30.42,5.0,35.42,244
PETRONET.NS,Petronet LNG Limited,Oil & Gas Refining & Marketing,Energy,Energy,True,F&O,1,Stage 3,Stage 3,Early,0.68,"Prior strength has shifted into a Stage 3 transition based on trend, relative strength, and volume evidence.",,,2026-08-31,,Stage 3 Early,30.25,Very Strong,Volume Normal,Volume Normal (1.15x vs 10W Avg),10.07,Outperformed Nifty by 10.07% in 3 Months,False,10.07,11.53,452846619.29,1.06,1.37,1.15,False,False,"Stage 3, Early, weekly_vcp_ok, weekly_strong, flags=Low Liquidity, distribution_or_weakening_risk",watchlist,weekly_watchlist,watchlist,9.13,47.26,30.25,5.0,35.25,245
AEGISVOPAK.NS,Aegis Vopak Terminals Limited,Energy,Energy,Energy,False,Cash,1,Stage 2,Stage 2,Advancing,0.9,Price is above constructive weekly and long-term trend structure with improving relative strength.,,,2026-09-29,,Stage 2 - Advancing,30.2,Very Strong,Volume Normal,Volume Normal (0.87x vs 10W Avg),12.89,Outperformed Nifty by 12.89% in 3 Months,True,12.89,68.89,557239381.4,1.59,0.35,0.87,False,True,"Stage 2, Advancing, trend_template_ok, weekly_volume_dryup, flags=Wide Risk;Low Liquidity",watchlist,weekly_watchlist,watchlist,34.72,33.4,30.2,5.0,35.2,246
JAYNECOIND.NS,Jayaswal Neco Industries Limited,Steel,Basic Materials,Basic Materials,False,Cash,1,Stage 2,Stage 2,Advancing,0.9,Price is above constructive weekly and long-term trend structure with improving relative strength.,Stage 2 reclaimed after 3 confirmation runs.,,2026-09-29,,Stage 2 - Advancing,25.2,Strong,Volume Drying Up,Volume Drying Up (0.62x vs 10W Avg),9.07,Outperformed Nifty by 9.07% in 3 Months,True,9.07,16.65,487496763.41,0.56,1.02,0.62,True,True,"Stage 2, Advancing, trend_template_ok, weekly_vcp_ok, volume_dryup, weekly_volume_dryup, weekly_strong, flags=Wide Risk;Low Liquidity",watchlist,weekly_forming,watchlist,26.83,56.77,25.2,10.0,35.2,247
TI.NS,Tilaknagar Industries Limited,Consumer Defensive,Consumer Defensive,Consumer Defensive,False,Cash,1,Stage 2,Stage 2,Advancing,0.9,Price is above constructive weekly and long-term trend structure with improving relative strength.,,,2026-09-29,,Stage 2 - Advancing,35.19,Very Strong,Volume Drying Up,Volume Drying Up (0.75x vs 10W Avg),25.75,Outperformed Nifty by 25.75% in 3 Months,True,25.75,28.73,435535219.44,1.08,1.13,0.75,False,True,"Stage 2, Advancing, trend_template_ok, weekly_vcp_ok, weekly_volume_dryup, weekly_strong, flags=Loose Structure;Wide Risk;Low Liquidity",watchlist,weekly_forming,watchlist,34.46,61.45,35.19,0.0,35.19,248
TVSSRICHAK.NS,TVS Srichakra Limited,Auto Parts,Consumer Cyclical,Consumer Cyclical,False,Cash,1,Stage 2,Stage 2,Advancing,0.8,Price is above constructive weekly and long-term trend structure with improving relative strength.,,,2026-09-29,,Stage 2 - Advancing,30.17,Very Strong,Volume Drying Up,Volume Drying Up (0.20x vs 10W Avg),12.47,Outperformed Nifty by 12.47% in 3 Months,True,12.47,25.93,45817583.48,0.22,0.18,0.2,True,True,"Stage 2, Advancing, trend_template_ok, weekly_vcp_ok, volume_dryup, weekly_volume_dryup, weekly_strong, flags=Loose Structure;Wide Risk;Low Liquidity",watchlist,weekly_forming,watchlist,23.94,60.94,30.17,5.0,35.17,249
DYNAMATECH.NS,Dynamatic Technologies Limited,Auto Parts,Consumer Cyclical,Consumer Cyclical,False,Cash,1,Stage 2,Stage 2,Extended,0.78,"Weekly advancing structure remains intact, but price is stretched versus key moving averages.",,,2026-09-29,,Stage 2 - Extended,30.02,Very Strong,Volume Expanding,Volume Expanding (2.06x vs 10W Avg),33.0,Outperformed Nifty by 33.0% in 3 Months,True,33.0,44.41,310532391.15,1.5,2.43,2.06,False,False,"Stage 2, Extended, trend_template_ok, flags=Loose Structure;Extended;Wider Risk;Low Liquidity",watchlist,weekly_watchlist,watchlist,39.85,23.94,30.02,5.0,35.02,250
AEROFLEX.NS,Aeroflex Industries Limited,Metal Fabrication,Industrials,Industrials,False,Cash,1,Stage 2,Stage 2,Extended,0.78,"Weekly advancing structure remains intact, but price is stretched versus key moving averages.",,,2026-09-29,,Stage 2 - Extended,24.88,Very Strong,Volume Drying Up,Volume Drying Up (0.67x vs 10W Avg),23.83,Outperformed Nifty by 23.83% in 3 Months,True,23.83,117.31,659588238.14,0.7,0.69,0.67,True,True,"Stage 2, Extended, trend_template_ok, volume_dryup, weekly_volume_dryup, flags=Loose Structure;Extended;Wide Risk;Low Liquidity",watchlist,weekly_watchlist,watchlist,36.36,29.0,24.88,10.0,34.88,251
BLACKBUCK.NS,BLACKBUCK LIMITED,Software - Application,Technology,Technology,False,Cash,1,Stage 1,Stage 1,Stage 1,0.68,Price is building a base around long-term weekly structure without a confirmed advancing phase.,,,,,Stage 1,29.74,Strong,Volume Drying Up,Volume Drying Up (0.84x vs 10W Avg),15.12,Outperformed Nifty by 15.12% in 3 Months,False,15.12,6.9,537532490.89,1.22,0.56,0.84,False,True,"Stage 1, Stage 1, stage1_base_ready, weekly_vcp_ok, weekly_volume_dryup, weekly_strong, flags=Wide Risk;Low Liquidity, stage1_not_actionable",watchlist,weekly_watchlist,watchlist,11.63,53.2,29.74,5.0,34.74,252
KOLTEPATIL.NS,Kolte - Patil Developers Limited,Real Estate,Real Estate,Real Estate,False,Cash,1,Stage 2,Stage 2,Advancing,0.8,Price is above constructive weekly and long-term trend structure with improving relative strength.,,,2026-09-29,,Stage 2 - Advancing,32.69,Very Strong,Volume Drying Up,Volume Drying Up (0.08x vs 10W Avg),22.9,Outperformed Nifty by 22.9% in 3 Months,True,22.9,35.53,49104193.65,0.14,0.26,0.08,True,True,"Stage 2, Advancing, trend_template_ok, weekly_vcp_ok, volume_dryup, weekly_volume_dryup, flags=Wide Risk;Low Liquidity",watchlist,weekly_forming,watchlist,25.44,48.14,32.69,2.0,34.69,253
INDOTECH.NS,Indo Tech Transformers Limited,Electrical Equipment & Parts,Industrials,Industrials,False,Cash,1,Stage 2,Stage 2,Advancing,0.8,Price is above constructive weekly and long-term trend structure with improving relative strength.,,,2026-09-29,,Stage 2 - Advancing,24.63,Strong,Volume Drying Up,Volume Drying Up (0.77x vs 10W Avg),9.24,Outperformed Nifty by 9.24% in 3 Months,True,9.24,155.63,50446727.96,0.63,0.42,0.77,True,True,"Stage 2, Advancing, trend_template_ok, volume_dryup, weekly_volume_dryup, flags=Wide Risk;Low Liquidity",watchlist,weekly_watchlist,watchlist,32.26,34.4,24.63,10.0,34.63,254
STLTECH.NS,Sterlite Technologies Limited,Communication Equipment,Technology,Technology,False,Cash,1,Stage 2,Stage 2,Extended,0.78,"Weekly advancing structure remains intact, but price is stretched versus key moving averages.",,,2026-09-29,,Stage 2 - Extended,24.41,Very Strong,Volume Drying Up,Volume Normal (0.87x vs 10W Avg),62.3,Outperformed Nifty by 62.3% in 3 Months,True,62.3,377.78,1460956100.0,0.8,1.02,0.87,True,True,"Stage 2, Extended, trend_template_ok, volume_dryup, weekly_volume_dryup, flags=Loose Structure;Extended;Wide Risk;Circuit Risk;Low Liquidity",watchlist,weekly_watchlist,watchlist,53.35,31.0,24.41,10.0,34.41,255
NAVINFLUOR.NS,Navin Fluorine International Limited,Chemicals,Basic Materials,Basic Materials,False,Cash,1,Stage 2,Stage 2,Advancing,0.8,Price is above constructive weekly and long-term trend structure with improving relative strength.,,,2026-09-29,,Stage 2 - Advancing,29.32,Very Strong,Volume Drying Up,Volume Drying Up (0.46x vs 10W Avg),13.48,Outperformed Nifty by 13.48% in 3 Months,True,13.48,40.51,1014107533.95,0.59,1.33,0.46,True,True,"Stage 2, Advancing, trend_template_ok, volume_dryup, weekly_volume_dryup, flags=Wider Risk;Low Liquidity",watchlist,weekly_watchlist,watchlist,37.93,24.0,29.32,5.0,34.32,256
ORCHPHARMA.NS,Orchid Pharma Limited,Drug Manufacturers - Specialty & Generic,Healthcare,Healthcare,False,Cash,1,Stage 2,Stage 2,Advancing,0.8,Price is above constructive weekly and long-term trend structure with improving relative strength.,,,2026-09-29,,Stage 2 - Advancing,24.25,Very Strong,Volume Normal,Volume Normal (0.98x vs 10W Avg),13.6,Outperformed Nifty by 13.6% in 3 Months,True,13.6,91.03,128411332.89,1.94,0.54,0.98,False,False,"Stage 2, Advancing, trend_template_ok, flags=Wide Risk;Low Liquidity",watchlist,weekly_watchlist,watchlist,34.1,30.2,24.25,10.0,34.25,257
CRAFTSMAN.NS,Craftsman Automation Limited,Auto Parts,Consumer Cyclical,Consumer Cyclical,False,Cash,1,Stage 2,Stage 2,Advancing,0.8,Price is above constructive weekly and long-term trend structure with improving relative strength.,,,2026-09-29,,Stage 2 - Advancing,29.21,Very Strong,Volume Drying Up,Volume Drying Up (0.69x vs 10W Avg),21.45,Outperformed Nifty by 21.45% in 3 Months,True,21.45,52.5,563624636.8,1.0,0.84,0.69,False,True,"Stage 2, Advancing, trend_template_ok, weekly_volume_dryup, flags=Loose Structure;Low Liquidity",watchlist,weekly_watchlist,watchlist,35.89,28.4,29.21,5.0,34.21,258
EMIL.NS,Electronics Mart India Limited,Consumer Cyclical,Consumer Cyclical,Consumer Cyclical,False,Cash,1,Stage 2,Stage 2,Extended,0.78,"Weekly advancing structure remains intact, but price is stretched versus key moving averages.",,,2026-09-29,,Stage 2 - Extended,32.16,Very Strong,Volume Drying Up,Volume Drying Up (0.82x vs 10W Avg),60.1,Outperformed Nifty by 60.1% in 3 Months,True,60.1,115.08,808393902.52,0.73,5.2,0.82,True,True,"Stage 2, Extended, trend_template_ok, volume_dryup, weekly_volume_dryup, flags=Loose Structure;Extended;Wide Risk;Low Liquidity",watchlist,weekly_watchlist,watchlist,42.29,29.8,32.16,2.0,34.16,259
HIKAL.NS,Hikal Limited,Drug Manufacturers - Specialty & Generic,Healthcare,Healthcare,False,Cash,1,Stage 2,Stage 2,Advancing,0.8,Price is above constructive weekly and long-term trend structure with improving relative strength.,,,2026-09-29,,Stage 2 - Advancing,24.13,Strong,Volume Drying Up,Volume Drying Up (0.46x vs 10W Avg),5.92,Outperformed Nifty by 5.92% in 3 Months,True,5.92,30.84,908867044.03,0.44,0.16,0.46,True,True,"Stage 2, Advancing, trend_template_ok, volume_dryup, weekly_volume_dryup, flags=Wide Risk;Low Liquidity",watchlist,weekly_watchlist,watchlist,38.14,22.28,24.13,10.0,34.13,260
MINDACORP.NS,Minda Corporation Limited,Auto Parts,Consumer Cyclical,Consumer Cyclical,False,Cash,1,Stage 2,Stage 2,Advancing,0.8,Price is above constructive weekly and long-term trend structure with improving relative strength.,,,2026-09-29,,Stage 2 - Advancing,29.0,Very Strong,Volume Drying Up,Volume Drying Up (0.49x vs 10W Avg),6.31,Outperformed Nifty by 6.31% in 3 Months,True,6.31,34.93,107303756.48,0.4,1.09,0.49,True,True,"Stage 2, Advancing, trend_template_ok, volume_dryup, weekly_volume_dryup, flags=Wider Risk;Low Liquidity",watchlist,weekly_watchlist,watchlist,37.95,17.92,29.0,5.0,34.0,261
ALKYLAMINE.NS,Alkyl Amines Chemicals Limited,Specialty Chemicals,Basic Materials,Basic Materials,False,Cash,1,Stage 2,Stage 2,Advancing,0.8,Price is above constructive weekly and long-term trend structure with improving relative strength.,,,2026-09-29,,Stage 2 - Advancing,28.98,Neutral,Volume Drying Up,Volume Drying Up (0.26x vs 10W Avg),4.74,Outperformed Nifty by 4.74% in 3 Months,True,4.74,31.49,92623825.04,0.3,0.38,0.26,True,True,"Stage 2, Advancing, trend_template_ok, volume_dryup, weekly_volume_dryup, flags=Wide Risk;Low Liquidity",watchlist,weekly_watchlist,watchlist,50.42,22.22,28.98,5.0,33.98,262
GRANULES.NS,Granules India Limited,Drug Manufacturers - Specialty & Generic,Healthcare,Healthcare,False,Cash,1,Stage 2,Stage 2,Advancing,0.8,Price is above constructive weekly and long-term trend structure with improving relative strength.,,,2026-09-29,,Stage 2 - Advancing,23.9,Strong,Volume Drying Up,Volume Drying Up (0.65x vs 10W Avg),6.11,Outperformed Nifty by 6.11% in 3 Months,True,6.11,31.5,1309913535.46,0.73,0.7,0.65,True,True,"Stage 2, Advancing, trend_template_ok, daily_vcp_ok, volume_dryup, weekly_volume_dryup, flags=Wider Risk;Low Liquidity",forming_vcp,weekly_watchlist,watchlist,51.12,15.76,23.9,10.0,33.9,263
JUSTDIAL.NS,Just Dial Limited,Communication Services,Communication Services,Communication Services,False,Cash,1,Stage 2,Stage 2,Advancing,0.8,Price is above constructive weekly and long-term trend structure with improving relative strength.,,,2026-09-29,,Stage 2 - Advancing,28.84,Very Strong,Volume Drying Up,Volume Drying Up (0.24x vs 10W Avg),28.49,Outperformed Nifty by 28.49% in 3 Months,False,28.49,24.17,81197507.43,0.39,0.61,0.24,True,True,"Stage 2, Advancing, volume_dryup, weekly_volume_dryup, flags=Wider Risk;Low Liquidity",watchlist,weekly_watchlist,watchlist,34.57,22.67,28.84,5.0,33.84,264
SBCL.NS,Shivalik Bimetal Controls Limited,Metal Fabrication,Industrials,Industrials,False,Cash,1,Stage 2,Stage 2,Extended,0.78,"Weekly advancing structure remains intact, but price is stretched versus key moving averages.",,,2026-09-29,,Stage 2 - Extended,23.84,Very Strong,Volume Drying Up,Volume Drying Up (0.27x vs 10W Avg),52.02,Outperformed Nifty by 52.02% in 3 Months,True,52.02,149.05,345805633.65,0.36,0.73,0.27,True,True,"Stage 2, Extended, trend_template_ok, volume_dryup, weekly_volume_dryup, flags=Loose Structure;Extended;Wide Risk;Low Liquidity",watchlist,weekly_watchlist,watchlist,37.6,26.6,23.84,10.0,33.84,265
DEVYANI.NS,Devyani International Limited,Consumer Cyclical,Consumer Cyclical,Consumer Cyclical,False,Cash,1,Stage 2,Stage 2,Advancing,0.8,Price is above constructive weekly and long-term trend structure with improving relative strength.,,,2026-09-29,,Stage 2 - Advancing,31.82,Very Strong,Volume Drying Up,Volume Drying Up (0.38x vs 10W Avg),20.96,Outperformed Nifty by 20.96% in 3 Months,True,20.96,29.76,226302432.08,0.41,0.44,0.38,True,True,"Stage 2, Advancing, trend_template_ok, weekly_vcp_ok, volume_dryup, weekly_volume_dryup, weekly_strong, flags=Loose Structure;Wide Risk;Low Liquidity",watchlist,weekly_forming,watchlist,32.05,57.4,31.82,2.0,33.82,266
AVALON.NS,Avalon Technologies Limited,Electronic Components,Technology,Technology,False,Cash,1,Stage 2,Stage 2,Extended,0.78,"Weekly advancing structure remains intact, but price is stretched versus key moving averages.",,,2026-09-29,,Stage 2 - Extended,23.65,Very Strong,Volume Expanding,Volume Normal (1.14x vs 10W Avg),39.01,Outperformed Nifty by 39.01% in 3 Months,True,39.01,136.58,1760085422.86,1.57,3.31,1.14,False,False,"Stage 2, Extended, trend_template_ok, flags=Loose Structure;Extended;Wide Risk;Low Liquidity",watchlist,weekly_watchlist,watchlist,38.48,25.4,23.65,10.0,33.65,267
RHIM.NS,RHI MAGNESITA INDIA LIMITED,Metal Fabrication,Industrials,Industrials,False,Cash,1,Not Sure,Not Sure,Not Sure,0.0,Stage rules did not identify a reliable structure.,No confident stage classification.,,,,Not Sure - Unclear,23.62,Strong,Volume Drying Up,Volume Drying Up (0.61x vs 10W Avg),7.52,Outperformed Nifty by 7.52% in 3 Months,False,7.52,3.88,403501043.87,2.47,0.61,0.61,False,True,"Not Sure, Unclear, weekly_vcp_ok, weekly_volume_dryup, weekly_strong, flags=Low Liquidity",watchlist,weekly_watchlist,watchlist,6.31,38.24,23.62,10.0,33.62,268
LODHA.NS,Lodha Developers Limited,Real Estate,Real Estate,Real Estate,True,F&O,1,Stage 2,Stage 2,Advancing,0.8,Price is above constructive weekly and long-term trend structure with improving relative strength.,,,2026-09-29,,Stage 2 - Advancing,31.43,Strong,Volume Normal,Volume Normal (1.38x vs 10W Avg),10.73,Outperformed Nifty by 10.73% in 3 Months,True,10.73,57.42,2111750097.46,1.11,1.04,1.38,False,False,"Stage 2, Advancing, trend_template_ok, weekly_vcp_ok, weekly_strong, flags=Wide Weekly Base;Wide Risk;Low Liquidity",watchlist,weekly_forming,watchlist,31.17,62.81,31.43,2.0,33.43,269
PNB.NS,Punjab National Bank,Banks - Regional,Financial Services,Financial Services,True,F&O,1,Stage 3,Stage 3,Early,0.68,"Prior strength has shifted into a Stage 3 transition based on trend, relative strength, and volume evidence.",,,,,Stage 3 Early,31.37,Strong,Volume Normal,Volume Normal (0.99x vs 10W Avg),15.21,Outperformed Nifty by 15.21% in 3 Months,False,15.21,9.96,1472885141.44,1.07,1.23,0.99,False,False,"Stage 3, Early, weekly_vcp_ok, weekly_strong, flags=Low Liquidity, distribution_or_weakening_risk",watchlist,weekly_watchlist,watchlist,15.05,45.72,31.37,2.0,33.37,270
TEXRAIL.NS,Texmaco Rail & Engineering Limited,Industrials,Industrials,Industrials,False,Cash,1,Stage 1,Stage 1,Stage 1,0.68,Price is building a base around long-term weekly structure without a confirmed advancing phase.,,,,,Stage 1,33.31,Very Strong,Volume Expanding,Volume Expanding (3.02x vs 10W Avg),16.33,Outperformed Nifty by 16.33% in 3 Months,False,16.33,45.02,462322363.22,1.94,5.62,3.02,False,False,"Stage 1, Stage 1, weekly_vcp_ok, weekly_strong, flags=Wide Weekly Base;Wider Risk;Low Liquidity, stage1_not_actionable, stage1_needs_more_base",watchlist,weekly_watchlist,watchlist,18.8,55.23,33.31,0.0,33.31,271
JSFB.NS,Jana Small Finance Bank Limited,Banks - Regional,Financial Services,Financial Services,False,Cash,1,Stage 2,Stage 2,Advancing,0.8,Price is above constructive weekly and long-term trend structure with improving relative strength.,,,2026-09-29,,Stage 2 - Advancing,31.25,Strong,Volume Normal,Volume Normal (1.20x vs 10W Avg),11.06,Outperformed Nifty by 11.06% in 3 Months,True,11.06,25.57,454699326.89,1.35,0.39,1.2,False,False,"Stage 2, Advancing, trend_template_ok, flags=Wide Risk",watchlist,weekly_watchlist,watchlist,29.79,22.86,31.25,2.0,33.25,272
GRINDWELL.NS,Grindwell Norton Limited,Building Products & Equipment,Industrials,Industrials,False,Cash,1,Stage 2,Stage 2,Advancing,0.8,Price is above constructive weekly and long-term trend structure with improving relative strength.,Stage 2 reclaimed after 3 confirmation runs.,,2026-09-29,,Stage 2 - Advancing,33.22,Strong,Volume Drying Up,Volume Drying Up (0.81x vs 10W Avg),3.44,Outperformed Nifty by 3.44% in 3 Months,True,3.44,38.64,50885826.32,1.09,2.5,0.81,False,True,"Stage 2, Advancing, trend_template_ok, weekly_volume_dryup, flags=Wider Risk;Low Liquidity",watchlist,weekly_watchlist,watchlist,52.38,16.81,33.22,0.0,33.22,273
RADICO.NS,Radico Khaitan Limited,Consumer Defensive,Consumer Defensive,Consumer Defensive,False,Cash,1,Stage 2,Stage 2,Advancing,0.8,Price is above constructive weekly and long-term trend structure with improving relative strength.,,,2026-09-29,,Stage 2 - Advancing,33.19,Very Strong,Volume Drying Up,Volume Drying Up (0.72x vs 10W Avg),13.35,Outperformed Nifty by 13.35% in 3 Months,True,13.35,65.14,1008539213.32,0.85,1.62,0.72,True,True,"Stage 2, Advancing, trend_template_ok, volume_dryup, weekly_volume_dryup, flags=Low Liquidity",watchlist,weekly_watchlist,watchlist,38.99,28.85,33.19,0.0,33.19,274
MAHABANK.NS,Bank of Maharashtra,Banks - Regional,Financial Services,Financial Services,False,Cash,1,Failed Stage 2,Stage 2,Failed Stage 2,0.7,Failed Stage 2 cooling period is still active; waiting for a fresh base or confirmed reclaim.,Failed Stage 2 hold period active.,,2026-09-28,,Failed Stage 2,31.18,Neutral,Volume Normal,Volume Normal (1.18x vs 10W Avg),-1.45,Underperformed Nifty by 1.45% in 3 Months,True,-1.45,19.81,1277143339.72,1.01,1.25,1.18,False,False,"Stage 2, Advancing, trend_template_ok, flags=Wider Risk;Low Liquidity | Failed Stage 2 hold period active.",watchlist,weekly_watchlist,watchlist,48.67,18.04,31.18,2.0,33.18,275
CYIENTDLM.NS,Cyient DLM Limited,Electronic Components,Technology,Technology,False,Cash,1,Stage 2,Stage 2,Extended,0.78,"Weekly advancing structure remains intact, but price is stretched versus key moving averages.",,,2026-09-29,,Stage 2 - Extended,23.18,Very Strong,Volume Drying Up,Volume Drying Up (0.33x vs 10W Avg),88.89,Outperformed Nifty by 88.89% in 3 Months,True,88.89,220.46,563846658.89,0.67,0.3,0.33,True,True,"Stage 2, Extended, trend_template_ok, volume_dryup, weekly_volume_dryup, flags=Loose Structure;Extended;Wide Risk;Low Liquidity",watchlist,weekly_watchlist,watchlist,36.63,20.6,23.18,10.0,33.18,276
CUPID.NS,Cupid Limited,Household & Personal Products,Consumer Defensive,Consumer Defensive,False,Cash,1,Stage 2,Stage 2,Extended,0.78,"Weekly advancing structure remains intact, but price is stretched versus key moving averages.",,,2026-09-29,,Stage 2 - Extended,31.1,Very Strong,Volume Expanding,Volume Normal (1.24x vs 10W Avg),53.05,Outperformed Nifty by 53.05% in 3 Months,True,53.05,259.66,6021195680.79,1.32,3.49,1.24,False,False,"Stage 2, Extended, trend_template_ok, flags=Loose Structure;Extended;Wider Risk;Low Liquidity",watchlist,weekly_watchlist,watchlist,38.6,29.0,31.1,2.0,33.1,277
VISHNU.NS,Vishnu Chemicals Limited,Specialty Chemicals,Basic Materials,Basic Materials,False,Cash,1,Stage 2,Stage 2,Advancing,0.9,Price is above constructive weekly and long-term trend structure with improving relative strength.,,,2026-09-29,,Stage 2 - Advancing,27.91,Very Strong,Volume Drying Up,Volume Drying Up (0.56x vs 10W Avg),13.99,Outperformed Nifty by 13.99% in 3 Months,True,13.99,27.51,104463239.74,0.59,0.72,0.56,True,True,"Stage 2, Advancing, trend_template_ok, volume_dryup, weekly_volume_dryup, flags=Wider Risk;Low Liquidity",watchlist,weekly_watchlist,watchlist,35.63,17.95,27.91,5.0,32.91,278
ITDC.NS,India Tourism Development Corporation Limited,Lodging,Consumer Cyclical,Consumer Cyclical,False,Cash,1,Stage 2,Stage 2,Advancing,0.9,Price is above constructive weekly and long-term trend structure with improving relative strength.,,,2026-09-29,,Stage 2 - Advancing,30.8,Very Strong,Volume Expanding,Volume Normal (1.37x vs 10W Avg),24.71,Outperformed Nifty by 24.71% in 3 Months,True,24.71,67.97,704092311.31,1.51,7.95,1.37,False,False,"Stage 2, Advancing, trend_template_ok, flags=Wider Risk;Low Liquidity",watchlist,weekly_watchlist,watchlist,37.09,26.6,30.8,2.0,32.8,279
INNOVACAP.NS,Innova Captab Limited,Drug Manufacturers - Specialty & Generic,Healthcare,Healthcare,False,Cash,1,Stage 2,Stage 2,Advancing,0.9,Price is above constructive weekly and long-term trend structure with improving relative strength.,,,2026-09-29,,Stage 2 - Advancing,22.69,Very Strong,Volume Expanding,Volume Expanding (2.17x vs 10W Avg),28.39,Outperformed Nifty by 28.39% in 3 Months,True,28.39,64.51,166361472.74,1.59,6.03,2.17,False,False,"Stage 2, Advancing, trend_template_ok, flags=Loose Structure;Wide Risk;Low Liquidity",watchlist,weekly_watchlist,watchlist,38.86,21.8,22.69,10.0,32.69,280
GMRP&UI.NS,GMR Power and Urban Infra Limited,Energy,Energy,Energy,False,Cash,1,Not Sure,Not Sure,Not Sure,0.0,Stage rules did not identify a reliable structure.,No confident stage classification.,,,,Not Sure - Unclear,27.63,Strong,Volume Expanding,Volume Expanding (2.03x vs 10W Avg),11.99,Outperformed Nifty by 11.99% in 3 Months,False,11.99,6.97,164945894.5,1.54,2.08,2.03,False,False,"Not Sure, Unclear, weekly_vcp_ok, weekly_strong, flags=Wider Risk;Low Liquidity",watchlist,weekly_watchlist,watchlist,14.89,39.0,27.63,5.0,32.63,281
CASTROLIND.NS,Castrol India Limited,Oil & Gas Refining & Marketing,Energy,Energy,False,Cash,1,Stage 1,Stage 1,Stage 1,0.68,Price is building a base around long-term weekly structure without a confirmed advancing phase.,,,,,Stage 1,27.57,Very Strong,Volume Expanding,Volume Expanding (2.02x vs 10W Avg),19.3,Outperformed Nifty by 19.3% in 3 Months,False,19.3,14.83,719697069.17,1.75,0.87,2.02,False,False,"Stage 1, Stage 1, weekly_vcp_ok, weekly_strong, flags=Low Liquidity, stage1_not_actionable, stage1_needs_more_base",watchlist,weekly_watchlist,watchlist,0.0,43.41,27.57,5.0,32.57,282
PAISALO.NS,Paisalo Digital Limited,Credit Services,Financial Services,Financial Services,False,Cash,1,Stage 2,Stage 2,Extended,0.78,"Weekly advancing structure remains intact, but price is stretched versus key moving averages.",,,2026-09-29,,Stage 2 - Extended,30.5,Very Strong,Volume Normal,Volume Normal (1.08x vs 10W Avg),12.99,Outperformed Nifty by 12.99% in 3 Months,True,12.99,103.48,1632214080.01,1.45,0.46,1.08,False,False,"Stage 2, Extended, trend_template_ok, flags=Loose Structure;Extended;Wide Risk;Low Liquidity",watchlist,weekly_watchlist,watchlist,49.18,32.2,30.5,2.0,32.5,283
EXIDEIND.NS,Exide Industries Limited,Auto Parts,Consumer Cyclical,Consumer Cyclical,True,F&O,1,Stage 2,Stage 2,Advancing,0.8,Price is above constructive weekly and long-term trend structure with improving relative strength.,,,2026-09-29,,Stage 2 - Advancing,27.45,Strong,Volume Drying Up,Volume Drying Up (0.55x vs 10W Avg),6.04,Outperformed Nifty by 6.04% in 3 Months,True,6.04,38.18,847817258.76,0.6,1.28,0.55,True,True,"Stage 2, Advancing, trend_template_ok, volume_dryup, weekly_volume_dryup, flags=Wide Risk;Low Liquidity",watchlist,weekly_watchlist,watchlist,34.28,28.62,27.45,5.0,32.45,284
WSTCSTPAPR.NS,West Coast Paper Mills Limited,Basic Materials,Basic Materials,Basic Materials,False,Cash,1,Stage 2,Stage 2,Extended,0.78,"Weekly advancing structure remains intact, but price is stretched versus key moving averages.",,,2026-09-29,,Stage 2 - Extended,32.44,Very Strong,Volume Drying Up,Volume Drying Up (0.57x vs 10W Avg),48.2,Outperformed Nifty by 48.2% in 3 Months,True,48.2,64.94,197795218.35,0.73,1.01,0.57,True,True,"Stage 2, Extended, trend_template_ok, volume_dryup, weekly_volume_dryup, flags=Loose Structure;Extended;Wide Risk;Low Liquidity",watchlist,weekly_watchlist,watchlist,53.23,20.6,32.44,0.0,32.44,285
KRISHANA.NS,Krishana Phoschem Limited,Agricultural Inputs,Basic Materials,Basic Materials,False,Cash,1,Stage 2,Stage 2,Advancing,0.9,Price is above constructive weekly and long-term trend structure with improving relative strength.,,,2026-09-29,,Stage 2 - Advancing,32.44,Very Strong,Volume Drying Up,Volume Drying Up (0.52x vs 10W Avg),34.76,Outperformed Nifty by 34.76% in 3 Months,True,34.76,63.15,116954220.6,0.56,1.52,0.52,True,True,"Stage 2, Advancing, trend_template_ok, volume_dryup, weekly_volume_dryup, flags=Loose Structure;Wide Risk;Low Liquidity",watchlist,weekly_watchlist,watchlist,42.8,26.6,32.44,0.0,32.44,286
FEDFINA.NS,Fedbank Financial Services Limited,Credit Services,Financial Services,Financial Services,False,Cash,1,Failed Stage 2,Stage 1,Failed Stage 2,0.72,"This stock was recently Stage 2, but the latest structure no longer satisfies Stage 2 rules. It is kept as Failed Stage 2 until a fresh base/repair structure forms.",Recent Stage 2 break; public stage held as Failed Stage 2.,2026-09-30,2026-09-25,,Failed Stage 2,30.36,Strong,Volume Normal,Volume Normal (1.08x vs 10W Avg),5.49,Outperformed Nifty by 5.49% in 3 Months,False,5.49,9.8,134148685.34,0.98,0.66,1.08,False,False,"Stage 1, Stage 1, weekly_vcp_ok, weekly_strong, flags=Wider Risk, stage1_not_actionable, stage1_needs_more_base | Stage 2 failed state applied from stage memory.",watchlist,weekly_watchlist,watchlist,0.0,43.33,30.36,2.0,32.36,287
RAYMONDREL.NS,Raymond Realty Limited,Real Estate,Real Estate,Real Estate,False,Cash,1,Stage 2,Stage 2,Advancing,0.9,Price is above constructive weekly and long-term trend structure with improving relative strength.,,,2026-09-29,,Stage 2 - Advancing,30.34,Strong,Volume Expanding,Volume Expanding (4.96x vs 10W Avg),2.13,Outperformed Nifty by 2.13% in 3 Months,True,2.13,60.67,1787658072.66,3.59,0.34,4.96,False,False,"Stage 2, Advancing, trend_template_ok, flags=Loose Structure;Low Liquidity",watchlist,weekly_watchlist,watchlist,34.98,30.48,30.34,2.0,32.34,288
PARAS.NS,Paras Defence and Space Technologies Limited,Aerospace & Defense,Industrials,Industrials,False,Cash,1,Stage 2,Stage 2,Advancing,0.8,Price is above constructive weekly and long-term trend structure with improving relative strength.,,,2026-09-29,,Stage 2 - Advancing,22.33,Strong,Volume Drying Up,Volume Drying Up (0.47x vs 10W Avg),3.38,Outperformed Nifty by 3.38% in 3 Months,True,3.38,103.47,1240907787.88,0.57,0.47,0.47,True,True,"Stage 2, Advancing, trend_template_ok, volume_dryup, weekly_volume_dryup, flags=Wide Risk;Low Liquidity",watchlist,weekly_watchlist,watchlist,33.25,24.2,22.33,10.0,32.33,289
MANINFRA.NS,Man Infraconstruction Limited,Engineering & Construction,Industrials,Industrials,False,Cash,1,Stage 2,Stage 2,Advancing,0.8,Price is above constructive weekly and long-term trend structure with improving relative strength.,,,2026-09-29,,Stage 2 - Advancing,32.26,Very Strong,Volume Normal,Volume Normal (1.21x vs 10W Avg),28.83,Outperformed Nifty by 28.83% in 3 Months,True,28.83,41.45,281400098.93,0.93,0.64,1.21,False,False,"Stage 2, Advancing, trend_template_ok, flags=Loose Structure;Low Liquidity",watchlist,weekly_watchlist,watchlist,29.38,38.43,32.26,0.0,32.26,290
KIRLOSBROS.NS,Kirloskar Brothers Limited,Specialty Industrial Machinery,Industrials,Industrials,False,Cash,1,Stage 2,Stage 2,Advancing,0.8,Price is above constructive weekly and long-term trend structure with improving relative strength.,Stage 2 reclaimed after 3 confirmation runs.,,2026-09-29,,Stage 2 - Advancing,22.16,Strong,Volume Expanding,Volume Expanding (3.13x vs 10W Avg),1.82,Outperformed Nifty by 1.82% in 3 Months,True,1.82,22.91,115946173.46,1.5,6.94,3.13,False,False,"Stage 2, Advancing, trend_template_ok, flags=Wide Risk;Low Liquidity",watchlist,weekly_watchlist,watchlist,38.01,18.67,22.16,10.0,32.16,291
WELSPUNLIV.NS,Welspun Living Limited,Textile Manufacturing,Consumer Cyclical,Consumer Cyclical,False,Cash,1,Stage 2,Stage 2,Extended,0.78,"Weekly advancing structure remains intact, but price is stretched versus key moving averages.",,,2026-09-29,,Stage 2 - Extended,26.94,Very Strong,Volume Drying Up,Volume Drying Up (0.54x vs 10W Avg),40.88,Outperformed Nifty by 40.88% in 3 Months,True,40.88,89.36,920799621.58,0.72,0.62,0.54,True,True,"Stage 2, Extended, trend_template_ok, volume_dryup, weekly_volume_dryup, flags=Loose Structure;Extended;Wide Risk;Low Liquidity",watchlist,weekly_watchlist,watchlist,36.29,29.8,26.94,5.0,31.94,292
DATAPATTNS.NS,Data Patterns (India) Limited,Aerospace & Defense,Industrials,Industrials,False,Cash,1,Stage 2,Stage 2,Advancing,0.8,Price is above constructive weekly and long-term trend structure with improving relative strength.,,,2026-09-29,,Stage 2 - Advancing,21.76,Neutral,Volume Drying Up,Volume Drying Up (0.34x vs 10W Avg),-0.12,Underperformed Nifty by 0.12% in 3 Months,True,-0.12,32.58,2774712599.5,0.54,0.47,0.34,True,True,"Stage 2, Advancing, trend_template_ok, volume_dryup, weekly_volume_dryup, flags=Wide Risk;Low Liquidity",watchlist,weekly_watchlist,watchlist,31.39,26.65,21.76,10.0,31.76,293
DATAMATICS.NS,Datamatics Global Services Limited,Information Technology Services,Technology,Technology,False,Cash,1,Stage 2,Stage 2,Advancing,0.9,Price is above constructive weekly and long-term trend structure with improving relative strength.,Stage 2 reclaimed after 3 confirmation runs.,,2026-09-29,,Stage 2 - Advancing,31.66,Strong,Volume Normal,Volume Normal (1.33x vs 10W Avg),3.5,Outperformed Nifty by 3.5% in 3 Months,True,3.5,14.97,129386826.15,0.98,1.2,1.33,False,False,"Stage 2, Advancing, trend_template_ok, weekly_vcp_ok, flags=Wider Risk;Low Liquidity",watchlist,weekly_forming,watchlist,26.67,44.15,31.66,0.0,31.66,294
YATHARTH.NS,Yatharth Hospital & Trauma Care Services Limited,Medical Care Facilities,Healthcare,Healthcare,False,Cash,1,Stage 2,Stage 2,Advancing,0.9,Price is above constructive weekly and long-term trend structure with improving relative strength.,,,2026-09-29,,Stage 2 - Advancing,31.62,Very Strong,Volume Drying Up,Volume Drying Up (0.82x vs 10W Avg),29.42,Outperformed Nifty by 29.42% in 3 Months,True,29.42,51.84,918120666.36,2.42,1.17,0.82,False,True,"Stage 2, Advancing, trend_template_ok, weekly_volume_dryup, flags=Loose Structure;Wide Risk;Low Liquidity",watchlist,weekly_watchlist,watchlist,55.69,25.4,31.62,0.0,31.62,295
KOTAKBANK.NS,Kotak Mahindra Bank Limited,Banks - Regional,Financial Services,Financial Services,True,F&O,1,Stage 1,Stage 1,Stage 1,0.68,Price is building a base around long-term weekly structure without a confirmed advancing phase.,,,,,Stage 1,29.61,Very Strong,Volume Expanding,Volume Expanding (1.88x vs 10W Avg),16.35,Outperformed Nifty by 16.35% in 3 Months,False,16.35,13.8,5221921895.15,1.3,2.53,1.88,False,False,"Stage 1, Stage 1, stage1_base_ready, weekly_vcp_ok, weekly_strong, flags=Wider Risk;Low Liquidity, stage1_not_actionable",watchlist,weekly_watchlist,watchlist,2.61,54.01,29.61,2.0,31.61,296
SARDAEN.NS,Sarda Energy & Minerals Limited,Steel,Basic Materials,Basic Materials,False,Cash,1,Stage 1,Stage 1,Stage 1,0.64,Price is building a base around long-term weekly structure without a confirmed advancing phase.,,,,,Stage 1,21.52,Neutral,Volume Drying Up,Volume Drying Up (0.33x vs 10W Avg),5.07,Outperformed Nifty by 5.07% in 3 Months,False,5.07,-6.2,326475371.95,0.36,0.42,0.33,True,True,"Stage 1, Stage 1, volume_dryup, weekly_volume_dryup, flags=Wider Risk, stage1_not_actionable, stage1_needs_more_base",watchlist,weekly_watchlist,watchlist,15.2,8.0,21.52,10.0,31.52,297
SOTL.NS,Savita Oil Technologies Limited,Specialty Chemicals,Basic Materials,Basic Materials,False,Cash,1,Stage 2,Stage 2,Extended,0.78,"Weekly advancing structure remains intact, but price is stretched versus key moving averages.",,,2026-09-29,,Stage 2 - Extended,26.47,Very Strong,Volume Drying Up,Volume Drying Up (0.76x vs 10W Avg),31.87,Outperformed Nifty by 31.87% in 3 Months,True,31.87,125.26,351053631.23,0.48,3.0,0.76,True,True,"Stage 2, Extended, trend_template_ok, volume_dryup, weekly_volume_dryup, flags=Loose Structure;Extended;Wide Risk;Low Liquidity",watchlist,weekly_watchlist,watchlist,42.48,24.2,26.47,5.0,31.47,298
ANANDRATHI.NS,Anand Rathi Wealth Limited,Asset Management,Financial Services,Financial Services,False,Cash,1,Stage 2,Stage 2,Advancing,0.8,Price is above constructive weekly and long-term trend structure with improving relative strength.,,,2026-09-29,,Stage 2 - Advancing,31.42,Strong,Volume Expanding,Volume Expanding (2.59x vs 10W Avg),7.97,Outperformed Nifty by 7.97% in 3 Months,True,7.97,27.73,744202294.43,1.87,1.95,2.59,False,False,"Stage 2, Advancing, trend_template_ok, flags=Low Liquidity",watchlist,weekly_watchlist,watchlist,35.24,31.37,31.42,0.0,31.42,299
AEGISLOG.NS,Aegis Logistics Limited,Oil & Gas Refining & Marketing,Energy,Energy,False,Cash,1,Stage 2,Stage 2,Extended,0.78,"Weekly advancing structure remains intact, but price is stretched versus key moving averages.",,,2026-09-29,,Stage 2 - Extended,26.42,Very Strong,Volume Drying Up,Volume Drying Up (0.53x vs 10W Avg),5.26,Outperformed Nifty by 5.26% in 3 Months,True,5.26,134.67,1256722858.3,0.93,1.3,0.53,False,True,"Stage 2, Extended, trend_template_ok, weekly_volume_dryup, flags=Extended;Wide Risk;Low Liquidity",watchlist,weekly_watchlist,watchlist,38.61,23.0,26.42,5.0,31.42,300
NUVOCO.NS,Nuvoco Vistas Corporation Limited,Building Materials,Basic Materials,Basic Materials,False,Cash,1,Not Sure,Stage 1,Pending Stage 1,0.55,Blocked public stage jump Stage 3 -> Stage 1; waiting for intermediate/confirmed structure.,Blocked public stage jump Stage 3 -> Stage 1; waiting for intermediate/confirmed structure.,,,Stage 1,Not Sure - Unclear,31.28,Very Strong,Volume Drying Up,Volume Drying Up (0.59x vs 10W Avg),13.01,Outperformed Nifty by 13.01% in 3 Months,False,13.01,14.33,123385446.17,0.86,0.57,0.59,False,True,"Stage 1, Stage 1, stage1_base_ready, weekly_vcp_ok, weekly_volume_dryup, weekly_strong, flags=Wider Risk;Low Liquidity, stage1_not_actionable | Blocked public stage jump Stage 3 -> Stage 1; waiting for intermediate/confirmed structure.",watchlist,weekly_watchlist,watchlist,14.58,45.73,31.28,0.0,31.28,301
SENORES.NS,Senores Pharmaceuticals Limited,Drug Manufacturers - General,Healthcare,Healthcare,False,Cash,1,Stage 2,Stage 2,Advancing,0.8,Price is above constructive weekly and long-term trend structure with improving relative strength.,,,2026-09-29,,Stage 2 - Advancing,26.25,Strong,Volume Normal,Volume Normal (1.13x vs 10W Avg),8.34,Outperformed Nifty by 8.34% in 3 Months,True,8.34,78.14,314854993.55,1.03,1.22,1.13,False,False,"Stage 2, Advancing, trend_template_ok, flags=Wide Risk;Low Liquidity",watchlist,weekly_watchlist,watchlist,36.59,20.6,26.25,5.0,31.25,302
BALAMINES.NS,Balaji Amines Limited,Specialty Chemicals,Basic Materials,Basic Materials,False,Cash,1,Stage 2,Stage 2,Advancing,0.8,Price is above constructive weekly and long-term trend structure with improving relative strength.,,,2026-09-29,,Stage 2 - Advancing,26.13,Strong,Volume Drying Up,Volume Drying Up (0.57x vs 10W Avg),5.58,Outperformed Nifty by 5.58% in 3 Months,True,5.58,104.44,431337086.44,0.57,0.52,0.57,True,True,"Stage 2, Advancing, trend_template_ok, volume_dryup, weekly_volume_dryup, flags=Wide Risk;Low Liquidity",watchlist,weekly_watchlist,watchlist,42.3,21.8,26.13,5.0,31.13,303
ARVIND.NS,Arvind Limited,Textile Manufacturing,Consumer Cyclical,Consumer Cyclical,False,Cash,1,Stage 2,Stage 2,Advancing,0.8,Price is above constructive weekly and long-term trend structure with improving relative strength.,,,2026-09-29,,Stage 2 - Advancing,26.11,Strong,Volume Drying Up,Volume Drying Up (0.75x vs 10W Avg),6.37,Outperformed Nifty by 6.37% in 3 Months,True,6.37,43.79,349765463.06,0.77,0.92,0.75,True,True,"Stage 2, Advancing, trend_template_ok, volume_dryup, weekly_volume_dryup, flags=Wide Risk;Low Liquidity",watchlist,weekly_watchlist,watchlist,36.65,20.02,26.11,5.0,31.11,304
NOCIL.NS,NOCIL Limited,Specialty Chemicals,Basic Materials,Basic Materials,False,Cash,1,Stage 2,Stage 2,Advancing,0.8,Price is above constructive weekly and long-term trend structure with improving relative strength.,,,2026-09-29,,Stage 2 - Advancing,26.09,Strong,Volume Expanding,Volume Expanding (1.58x vs 10W Avg),2.16,Outperformed Nifty by 2.16% in 3 Months,True,2.16,5.82,439464430.11,1.65,0.59,1.58,False,False,"Stage 2, Advancing, trend_template_ok, flags=Wide Risk;Low Liquidity",watchlist,weekly_watchlist,watchlist,40.3,26.4,26.09,5.0,31.09,305
MARKSANS.NS,Marksans Pharma Limited,Drug Manufacturers - General,Healthcare,Healthcare,False,Cash,1,Stage 2,Stage 2,Advancing,0.9,Price is above constructive weekly and long-term trend structure with improving relative strength.,,,2026-09-29,,Stage 2 - Advancing,26.0,Very Strong,Volume Drying Up,Volume Drying Up (0.78x vs 10W Avg),31.25,Outperformed Nifty by 31.25% in 3 Months,True,31.25,88.82,759956462.29,0.66,1.43,0.78,True,True,"Stage 2, Advancing, trend_template_ok, volume_dryup, weekly_volume_dryup, flags=Loose Structure;Wide Risk;Low Liquidity",watchlist,weekly_watchlist,watchlist,38.28,20.6,26.0,5.0,31.0,306
ETHOSLTD.NS,Ethos Limited,Luxury Goods,Consumer Cyclical,Consumer Cyclical,False,Cash,1,Failed Stage 2,Stage 1,Failed Stage 2,0.72,"This stock was recently Stage 2, but the latest structure no longer satisfies Stage 2 rules. It is kept as Failed Stage 2 until a fresh base/repair structure forms.",Recent Stage 2 break; public stage held as Failed Stage 2.,2026-09-30,2026-09-24,,Failed Stage 2,21.0,Strong,Volume Drying Up,Volume Drying Up (0.69x vs 10W Avg),8.5,Outperformed Nifty by 8.5% in 3 Months,False,8.5,12.72,123088470.84,0.56,0.32,0.69,True,True,"Stage 1, Stage 1, weekly_vcp_ok, volume_dryup, weekly_volume_dryup, weekly_strong, flags=Wide Weekly Base;Wide Risk, stage1_not_actionable, stage1_needs_more_base | Stage 2 failed state applied from stage memory.",watchlist,weekly_watchlist,watchlist,0.0,43.92,21.0,10.0,31.0,307
THYROCARE.NS,Thyrocare Technologies Limited,Diagnostics & Research,Healthcare,Healthcare,False,Cash,1,Stage 2,Stage 2,Advancing,0.8,Price is above constructive weekly and long-term trend structure with improving relative strength.,,,2026-09-29,,Stage 2 - Advancing,20.88,Neutral,Volume Drying Up,Volume Drying Up (0.25x vs 10W Avg),4.77,Outperformed Nifty by 4.77% in 3 Months,True,4.77,41.57,122597219.11,0.29,0.85,0.25,True,True,"Stage 2, Advancing, trend_template_ok, volume_dryup, weekly_volume_dryup, flags=Wide Risk;Low Liquidity",watchlist,weekly_watchlist,watchlist,34.86,18.43,20.88,10.0,30.88,308
AVL.NS,Aditya Vision Limited,Consumer Cyclical,Consumer Cyclical,Consumer Cyclical,False,Cash,1,Stage 2,Stage 2,Advancing,0.8,Price is above constructive weekly and long-term trend structure with improving relative strength.,,,2026-09-29,,Stage 2 - Advancing,28.81,Strong,Volume Drying Up,Volume Drying Up (0.49x vs 10W Avg),-1.52,Underperformed Nifty by 1.52% in 3 Months,True,-1.52,27.5,119688917.27,0.46,0.56,0.49,True,True,"Stage 2, Advancing, trend_template_ok, volume_dryup, weekly_volume_dryup, flags=Low Liquidity",watchlist,weekly_watchlist,watchlist,35.54,23.6,28.81,2.0,30.81,309
WESTLIFE.NS,WESTLIFE FOODWORLD LIMITED,Consumer Cyclical,Consumer Cyclical,Consumer Cyclical,False,Cash,1,Stage 2,Stage 2,Advancing,0.8,Price is above constructive weekly and long-term trend structure with improving relative strength.,,,2026-09-29,,Stage 2 - Advancing,28.8,Very Strong,Volume Drying Up,Volume Drying Up (0.56x vs 10W Avg),24.07,Outperformed Nifty by 24.07% in 3 Months,True,24.07,30.7,297334886.75,0.73,0.15,0.56,True,True,"Stage 2, Advancing, trend_template_ok, volume_dryup, weekly_volume_dryup, flags=Loose Structure;Wider Risk;Low Liquidity",watchlist,weekly_watchlist,watchlist,30.77,29.68,28.8,2.0,30.8,310
PGIL.NS,Pearl Global Industries Limited,Apparel Manufacturing,Consumer Cyclical,Consumer Cyclical,False,Cash,1,Stage 2,Stage 2,Advancing,0.9,Price is above constructive weekly and long-term trend structure with improving relative strength.,,,2026-09-29,,Stage 2 - Advancing,30.79,Very Strong,Volume Drying Up,Volume Drying Up (0.81x vs 10W Avg),36.58,Outperformed Nifty by 36.58% in 3 Months,True,36.58,67.63,292413502.41,0.93,0.42,0.81,False,True,"Stage 2, Advancing, trend_template_ok, weekly_volume_dryup, flags=Loose Structure;Wider Risk;Low Liquidity",watchlist,weekly_watchlist,watchlist,34.88,35.8,30.79,0.0,30.79,311
METROPOLIS.NS,Metropolis Healthcare Limited,Diagnostics & Research,Healthcare,Healthcare,False,Cash,1,Stage 2,Stage 2,Advancing,0.8,Price is above constructive weekly and long-term trend structure with improving relative strength.,,,2026-09-29,,Stage 2 - Advancing,20.77,Neutral,Volume Drying Up,Volume Normal (0.95x vs 10W Avg),1.25,Outperformed Nifty by 1.25% in 3 Months,False,1.25,23.65,123194631.54,0.8,2.32,0.95,True,False,"Stage 2, Advancing, volume_dryup, flags=Wider Risk;Low Liquidity",watchlist,weekly_watchlist,watchlist,19.94,26.69,20.77,10.0,30.77,312
RPEL.NS,Raghav Productivity Enhancers Limited,Chemicals,Basic Materials,Basic Materials,False,Cash,1,Stage 2,Stage 2,Extended,0.78,"Weekly advancing structure remains intact, but price is stretched versus key moving averages.",,,2026-09-29,,Stage 2 - Extended,25.43,Very Strong,Volume Drying Up,Volume Drying Up (0.68x vs 10W Avg),46.43,Outperformed Nifty by 46.43% in 3 Months,True,46.43,186.57,219319996.69,0.8,1.22,0.68,True,True,"Stage 2, Extended, trend_template_ok, volume_dryup, weekly_volume_dryup, flags=Loose Structure;Extended;Wide Risk;Low Liquidity",watchlist,weekly_watchlist,watchlist,36.52,28.6,25.43,5.0,30.43,313
JUBLCPL.NS,Jubilant Agri and Consumer Products Limited,Specialty Chemicals,Basic Materials,Basic Materials,False,Cash,1,Stage 2,Stage 2,Advancing,0.8,Price is above constructive weekly and long-term trend structure with improving relative strength.,,,2026-09-29,,Stage 2 - Advancing,25.4,Strong,Volume Drying Up,Volume Drying Up (0.31x vs 10W Avg),1.06,Outperformed Nifty by 1.06% in 3 Months,False,1.06,22.29,18369941.12,0.52,0.49,0.31,True,True,"Stage 2, Advancing, weekly_vcp_ok, volume_dryup, weekly_volume_dryup, weekly_strong, flags=Wide Weekly Base;Loose Structure;Wide Risk;Low Liquidity",watchlist,weekly_forming,watchlist,21.14,59.44,25.4,5.0,30.4,314
TMB.NS,Tamilnad Mercantile Bank Limited,Banks - Regional,Financial Services,Financial Services,False,Cash,1,Stage 2,Stage 2,Advancing,0.8,Price is above constructive weekly and long-term trend structure with improving relative strength.,,,2026-09-29,,Stage 2 - Advancing,28.33,Very Strong,Volume Drying Up,Volume Drying Up (0.39x vs 10W Avg),21.57,Outperformed Nifty by 21.57% in 3 Months,True,21.57,43.3,129292013.65,0.42,0.71,0.39,True,True,"Stage 2, Advancing, trend_template_ok, volume_dryup, weekly_volume_dryup, flags=Wider Risk;Low Liquidity",watchlist,weekly_watchlist,watchlist,37.35,21.49,28.33,2.0,30.33,315
RATEGAIN.NS,Rategain Travel Technologies Limited,Software - Application,Technology,Technology,False,Cash,1,Failed Stage 2,Stage 2,Failed Stage 2,0.7,Failed Stage 2 cooling period is still active; waiting for a fresh base or confirmed reclaim.,Failed Stage 2 hold period active.,,2026-09-23,,Failed Stage 2,25.05,Neutral,Volume Drying Up,Volume Drying Up (0.49x vs 10W Avg),-3.0,Underperformed Nifty by 3.0% in 3 Months,True,-3.0,66.56,245395719.14,0.6,1.14,0.49,True,True,"Stage 2, Advancing, trend_template_ok, volume_dryup, weekly_volume_dryup, flags=Wide Weekly Base;Wide Risk;Low Liquidity | Failed Stage 2 hold period active.",watchlist,weekly_watchlist,watchlist,37.59,30.56,25.05,5.0,30.05,316
HERITGFOOD.NS,Heritage Foods Limited,Packaged Foods,Consumer Defensive,Consumer Defensive,False,Cash,1,Stage 1,Stage 1,Stage 1,0.68,Price is building a base around long-term weekly structure without a confirmed advancing phase.,,,,,Stage 1,30.02,Very Strong,Volume Drying Up,Volume Drying Up (0.36x vs 10W Avg),28.2,Outperformed Nifty by 28.2% in 3 Months,False,28.2,27.45,277544128.01,0.55,0.25,0.36,True,True,"Stage 1, Stage 1, weekly_vcp_ok, volume_dryup, weekly_volume_dryup, weekly_strong, flags=Wide Weekly Base;Wide Risk;Low Liquidity, stage1_not_actionable, stage1_needs_more_base",watchlist,weekly_watchlist,watchlist,19.26,46.66,30.02,0.0,30.02,317
SCHAEFFLER.NS,Schaeffler India Limited,Auto Parts,Consumer Cyclical,Consumer Cyclical,False,Cash,1,Stage 1,Stage 1,Stage 1,0.64,Price is building a base around long-term weekly structure without a confirmed advancing phase.,,,,,Stage 1,25.02,Strong,Volume Drying Up,Volume Drying Up (0.84x vs 10W Avg),1.01,Outperformed Nifty by 1.01% in 3 Months,False,1.01,4.72,202319092.89,1.05,1.25,0.84,False,True,"Stage 1, Stage 1, weekly_vcp_ok, weekly_volume_dryup, weekly_strong, flags=Wide Risk;Low Liquidity, stage1_not_actionable, stage1_needs_more_base",watchlist,weekly_watchlist,watchlist,16.66,42.77,25.02,5.0,30.02,318
GARFIBRES.NS,Garware Technical Fibres Limited,Textile Manufacturing,Consumer Cyclical,Consumer Cyclical,False,Cash,1,Stage 2,Stage 2,Advancing,0.8,Price is above constructive weekly and long-term trend structure with improving relative strength.,,,2026-09-29,,Stage 2 - Advancing,25.01,Very Strong,Volume Drying Up,Volume Drying Up (0.45x vs 10W Avg),12.4,Outperformed Nifty by 12.4% in 3 Months,True,12.4,28.01,32179088.13,0.51,0.36,0.45,True,True,"Stage 2, Advancing, trend_template_ok, volume_dryup, weekly_volume_dryup, flags=Wider Risk;Low Liquidity",watchlist,weekly_watchlist,watchlist,27.52,22.64,25.01,5.0,30.01,319
FIVESTAR.NS,Five-Star Business Finance Limited,Credit Services,Financial Services,Financial Services,False,Cash,1,Failed Stage 2,Stage 2,Failed Stage 2,0.7,Failed Stage 2 cooling period is still active; waiting for a fresh base or confirmed reclaim.,Failed Stage 2 hold period active.,,2026-09-28,,Failed Stage 2,27.88,Strong,Volume Expanding,Volume Expanding (1.53x vs 10W Avg),0.46,Outperformed Nifty by 0.46% in 3 Months,False,0.46,44.03,360730690.65,1.24,0.9,1.53,False,False,"Stage 2, Advancing, weekly_vcp_ok, weekly_strong, flags=Wide Weekly Base;Wide Risk;Low Liquidity | Failed Stage 2 hold period active.",watchlist,weekly_forming,watchlist,13.92,61.55,27.88,2.0,29.88,320
SUVEN.NS,Suven Life Sciences Limited,Drug Manufacturers - Specialty & Generic,Healthcare,Healthcare,False,Cash,1,Stage 2,Stage 2,Advancing,0.8,Price is above constructive weekly and long-term trend structure with improving relative strength.,,,2026-09-29,,Stage 2 - Advancing,19.72,Strong,Volume Drying Up,Volume Drying Up (0.64x vs 10W Avg),8.61,Outperformed Nifty by 8.61% in 3 Months,True,8.61,90.59,183116296.1,0.58,0.56,0.64,True,True,"Stage 2, Advancing, trend_template_ok, volume_dryup, weekly_volume_dryup, flags=Wide Risk;Low Liquidity",watchlist,weekly_watchlist,watchlist,32.98,20.6,19.72,10.0,29.72,321
DALMIASUG.NS,Dalmia Bharat Sugar and Industries Limited,Consumer Defensive,Consumer Defensive,Consumer Defensive,False,Cash,1,Stage 2,Stage 2,Advancing,0.8,Price is above constructive weekly and long-term trend structure with improving relative strength.,,,2026-09-29,,Stage 2 - Advancing,29.7,Strong,Volume Drying Up,Volume Drying Up (0.57x vs 10W Avg),15.84,Outperformed Nifty by 15.84% in 3 Months,True,15.84,6.3,100328580.61,0.4,0.29,0.57,True,True,"Stage 2, Advancing, trend_template_ok, volume_dryup, weekly_volume_dryup, flags=Loose Structure;Wide Risk;Low Liquidity",watchlist,weekly_watchlist,watchlist,52.91,24.41,29.7,0.0,29.7,322
NPST.NS,Network People Services Technologies Limited,Software - Application,Technology,Technology,False,Cash,1,Stage 2,Stage 2,Advancing,0.9,Price is above constructive weekly and long-term trend structure with improving relative strength.,,,2026-09-29,,Stage 2 - Advancing,24.7,Very Strong,Volume Drying Up,Volume Drying Up (0.75x vs 10W Avg),12.83,Outperformed Nifty by 12.83% in 3 Months,True,12.83,57.15,425595524.05,1.07,0.68,0.75,False,True,"Stage 2, Advancing, trend_template_ok, weekly_volume_dryup, flags=Wide Risk;Low Liquidity",watchlist,weekly_watchlist,watchlist,33.85,23.2,24.7,5.0,29.7,323
WHEELS.NS,Wheels India Limited,Auto Parts,Consumer Cyclical,Consumer Cyclical,False,Cash,1,Stage 2,Stage 2,Extended,0.78,"Weekly advancing structure remains intact, but price is stretched versus key moving averages.",,,2026-09-29,,Stage 2 - Extended,24.61,Very Strong,Volume Drying Up,Volume Drying Up (0.70x vs 10W Avg),57.27,Outperformed Nifty by 57.27% in 3 Months,True,57.27,131.31,2003798020.96,0.64,0.21,0.7,True,True,"Stage 2, Extended, trend_template_ok, volume_dryup, weekly_volume_dryup, flags=Loose Structure;Extended;Wide Risk;Low Liquidity",watchlist,weekly_watchlist,watchlist,40.23,25.4,24.61,5.0,29.61,324
SHAILY.NS,Shaily Engineering Plastics Limited,Specialty Chemicals,Basic Materials,Basic Materials,False,Cash,1,Stage 2,Stage 2,Advancing,0.8,Price is above constructive weekly and long-term trend structure with improving relative strength.,,,2026-09-29,,Stage 2 - Advancing,24.46,Very Strong,Volume Drying Up,Volume Drying Up (0.53x vs 10W Avg),13.42,Outperformed Nifty by 13.42% in 3 Months,True,13.42,45.22,508853881.56,1.06,0.55,0.53,False,True,"Stage 2, Advancing, trend_template_ok, weekly_volume_dryup, flags=Wide Risk;Low Liquidity",watchlist,weekly_watchlist,watchlist,33.12,20.86,24.46,5.0,29.46,325
SHAREINDIA.NS,Share India Securities Limited,Capital Markets,Financial Services,Financial Services,False,Cash,1,Stage 2,Stage 2,Advancing,0.9,Price is above constructive weekly and long-term trend structure with improving relative strength.,,,2026-09-29,,Stage 2 - Advancing,29.3,Very Strong,Volume Drying Up,Volume Drying Up (0.30x vs 10W Avg),56.84,Outperformed Nifty by 56.84% in 3 Months,True,56.84,54.41,1805627851.13,1.73,0.12,0.3,False,True,"Stage 2, Advancing, trend_template_ok, weekly_volume_dryup, flags=Loose Structure;Wide Risk;Low Liquidity",watchlist,weekly_watchlist,watchlist,53.41,20.6,29.3,0.0,29.3,326
SAGILITY.NS,SAGILITY LIMITED,Healthcare,Healthcare,Healthcare,False,Cash,1,Stage 1,Stage 1,Stage 1,0.64,Price is building a base around long-term weekly structure without a confirmed advancing phase.,,,,,Stage 1,27.23,Strong,Volume Drying Up,Volume Drying Up (0.43x vs 10W Avg),11.97,Outperformed Nifty by 11.97% in 3 Months,False,11.97,0.56,548777472.58,0.5,0.56,0.43,True,True,"Stage 1, Stage 1, weekly_vcp_ok, volume_dryup, weekly_volume_dryup, weekly_strong, flags=Wider Risk;Low Liquidity, stage1_not_actionable, stage1_needs_more_base",watchlist,weekly_watchlist,watchlist,14.95,41.25,27.23,2.0,29.23,327
UNIVCABLES.NS,Universal Cables Limited,Electrical Equipment & Parts,Industrials,Industrials,False,Cash,1,Stage 2,Stage 2,Extended,0.78,"Weekly advancing structure remains intact, but price is stretched versus key moving averages.",,,2026-09-29,,Stage 2 - Extended,19.06,Very Strong,Volume Drying Up,Volume Drying Up (0.44x vs 10W Avg),33.71,Outperformed Nifty by 33.71% in 3 Months,True,33.71,106.58,175108470.93,0.47,0.32,0.44,True,True,"Stage 2, Extended, trend_template_ok, volume_dryup, weekly_volume_dryup, flags=Loose Structure;Extended;Wide Risk;Low Liquidity",watchlist,weekly_watchlist,watchlist,34.85,20.6,19.06,10.0,29.06,328
AVANTEL.NS,Avantel Limited,Communication Equipment,Technology,Technology,False,Cash,1,Failed Stage 2,Stage 3,Failed Stage 2,0.72,"This stock was recently Stage 2, but the latest structure no longer satisfies Stage 2 rules. It is kept as Failed Stage 2 until a fresh base/repair structure forms.",Recent Stage 2 break; public stage held as Failed Stage 2.,2026-09-30,2026-09-09,,Failed Stage 2,18.92,Neutral,Volume Expanding,Volume Expanding (4.04x vs 10W Avg),-8.51,Underperformed Nifty by 8.51% in 3 Months,False,-8.51,12.1,293033716.19,2.37,1.15,4.04,False,False,"Stage 3, Early, weekly_vcp_ok, weekly_strong, flags=Wider Risk;Low Liquidity, distribution_or_weakening_risk | Stage 2 failed state applied from stage memory.",watchlist,weekly_watchlist,watchlist,6.62,35.56,18.92,10.0,28.92,329
AIAENG.NS,AIA Engineering Limited,Specialty Industrial Machinery,Industrials,Industrials,False,Cash,1,Not Sure,Stage 4,Pending Stage 4,0.55,Failed Stage 2 -> Stage 4 needs 3 confirmation runs; current count 1.,Failed Stage 2 -> Stage 4 needs 3 confirmation runs; current count 1.,,2026-09-08,Stage 4,Not Sure - Unclear,18.87,Weak,Volume Expanding,Volume Expanding (1.60x vs 10W Avg),-11.52,Underperformed Nifty by 11.52% in 3 Months,False,-11.52,4.35,259238445.2,1.26,0.97,1.6,False,False,"Stage 4, Stage 4, weekly_vcp_ok, weekly_strong, flags=Wide Risk, downtrend | Failed Stage 2 -> Stage 4 needs 3 confirmation runs; current count 1.",watchlist,weekly_watchlist,watchlist,0.0,33.8,18.87,10.0,28.87,330
IONEXCHANG.NS,ION Exchange (India) Limited,Industrials,Industrials,Industrials,False,Cash,1,Stage 2,Stage 2,Advancing,0.9,Price is above constructive weekly and long-term trend structure with improving relative strength.,,,2026-09-29,,Stage 2 - Advancing,28.85,Strong,Volume Drying Up,Volume Drying Up (0.37x vs 10W Avg),7.86,Outperformed Nifty by 7.86% in 3 Months,True,7.86,16.76,273467314.1,0.47,0.47,0.37,True,True,"Stage 2, Advancing, trend_template_ok, volume_dryup, weekly_volume_dryup, flags=Wide Risk;Low Liquidity",watchlist,weekly_watchlist,watchlist,35.65,21.06,28.85,0.0,28.85,331
AXISCADES.NS,AXISCADES Technologies Limited,Engineering & Construction,Industrials,Industrials,False,Cash,1,Stage 2,Stage 2,Extended,0.78,"Weekly advancing structure remains intact, but price is stretched versus key moving averages.",,,2026-09-29,,Stage 2 - Extended,28.83,Very Strong,Volume Expanding,Volume Expanding (3.07x vs 10W Avg),46.51,Outperformed Nifty by 46.51% in 3 Months,True,46.51,37.21,563063328.93,1.88,6.08,3.07,False,False,"Stage 2, Extended, trend_template_ok, flags=Wide Base;Wide Weekly Base;Loose Structure;Extended;Wide Risk;Low Liquidity",watchlist,weekly_watchlist,watchlist,55.5,32.2,28.83,0.0,28.83,332
ADFFOODS.NS,ADF Foods Limited,Packaged Foods,Consumer Defensive,Consumer Defensive,False,Cash,1,Failed Stage 2,Stage 2,Failed Stage 2,0.7,Failed Stage 2 cooling period is still active; waiting for a fresh base or confirmed reclaim.,Failed Stage 2 hold period active.,,2026-09-25,,Failed Stage 2,28.71,Neutral,Volume Drying Up,Volume Drying Up (0.40x vs 10W Avg),-4.42,Underperformed Nifty by 4.42% in 3 Months,True,-4.42,54.42,24772147.11,0.53,0.57,0.4,True,True,"Stage 2, Advancing, trend_template_ok, volume_dryup, weekly_volume_dryup, flags=Low Liquidity | Failed Stage 2 hold period active.",watchlist,weekly_watchlist,watchlist,23.65,29.2,28.71,0.0,28.71,333
BELRISE.NS,Belrise Industries Limited,Auto Parts,Consumer Cyclical,Consumer Cyclical,False,Cash,1,Stage 2,Stage 2,Advancing,0.9,Price is above constructive weekly and long-term trend structure with improving relative strength.,,,2026-09-29,,Stage 2 - Advancing,23.69,Very Strong,Volume Drying Up,Volume Drying Up (0.65x vs 10W Avg),15.19,Outperformed Nifty by 15.19% in 3 Months,True,15.19,25.45,710893375.97,0.93,0.33,0.65,False,True,"Stage 2, Advancing, trend_template_ok, weekly_volume_dryup, flags=Wide Risk;Low Liquidity",watchlist,weekly_watchlist,watchlist,52.5,14.86,23.69,5.0,28.69,334
SJS.NS,S.J.S. Enterprises Limited,Auto Parts,Consumer Cyclical,Consumer Cyclical,False,Cash,1,Stage 2,Stage 2,Advancing,0.8,Price is above constructive weekly and long-term trend structure with improving relative strength.,,,2026-09-29,,Stage 2 - Advancing,23.39,Strong,Volume Drying Up,Volume Drying Up (0.73x vs 10W Avg),9.53,Outperformed Nifty by 9.53% in 3 Months,True,9.53,40.34,369158806.22,1.17,0.61,0.73,False,True,"Stage 2, Advancing, trend_template_ok, weekly_volume_dryup, flags=Wide Risk;Low Liquidity",watchlist,weekly_watchlist,watchlist,33.36,21.19,23.39,5.0,28.39,335
MAHSCOOTER.NS,Maharashtra Scooters Limited,Asset Management,Financial Services,Financial Services,False,Cash,1,Stage 3,Stage 3,Early,0.68,"Prior strength has shifted into a Stage 3 transition based on trend, relative strength, and volume evidence.",,,,,Stage 3 Early,28.35,Strong,Volume Expanding,Volume Expanding (2.27x vs 10W Avg),4.57,Outperformed Nifty by 4.57% in 3 Months,False,4.57,10.99,61537267.77,1.38,1.15,2.27,False,False,"Stage 3, Early, weekly_vcp_ok, weekly_strong, flags=Wide Risk, distribution_or_weakening_risk",watchlist,weekly_watchlist,watchlist,9.35,40.46,28.35,0.0,28.35,336
TEJASNET.NS,Tejas Networks Limited,Communication Equipment,Technology,Technology,False,Cash,1,Failed Stage 2,Stage 3,Failed Stage 2,0.72,"This stock was recently Stage 2, but the latest structure no longer satisfies Stage 2 rules. It is kept as Failed Stage 2 until a fresh base/repair structure forms.",Recent Stage 2 break; public stage held as Failed Stage 2.,2026-09-30,2026-09-23,,Failed Stage 2,18.26,Weak,Volume Drying Up,Volume Drying Up (0.34x vs 10W Avg),-7.9,Underperformed Nifty by 7.9% in 3 Months,False,-7.9,14.81,1841610406.71,0.36,0.23,0.34,True,True,"Stage 3, Early, weekly_vcp_ok, volume_dryup, weekly_volume_dryup, weekly_strong, flags=Wide Risk;Low Liquidity, distribution_or_weakening_risk | Stage 2 failed state applied from stage memory.",watchlist,weekly_watchlist,watchlist,11.74,36.69,18.26,10.0,28.26,337
CGCL.NS,Capri Global Capital Limited,Credit Services,Financial Services,Financial Services,False,Cash,1,Stage 2,Stage 2,Advancing,0.9,Price is above constructive weekly and long-term trend structure with improving relative strength.,,,2026-09-29,,Stage 2 - Advancing,26.15,Strong,Volume Drying Up,Volume Drying Up (0.31x vs 10W Avg),8.97,Outperformed Nifty by 8.97% in 3 Months,True,8.97,44.35,1042207423.05,0.47,0.23,0.31,True,True,"Stage 2, Advancing, trend_template_ok, volume_dryup, weekly_volume_dryup, flags=Wide Risk;Low Liquidity",watchlist,weekly_watchlist,watchlist,38.09,22.73,26.15,2.0,28.15,338
SSWL.NS,Steel Strips Wheels Limited,Auto Parts,Consumer Cyclical,Consumer Cyclical,False,Cash,1,Stage 2,Stage 2,Extended,0.78,"Weekly advancing structure remains intact, but price is stretched versus key moving averages.",,,2026-09-29,,Stage 2 - Extended,23.14,Very Strong,Volume Normal,Volume Normal (1.03x vs 10W Avg),73.25,Outperformed Nifty by 73.25% in 3 Months,True,73.25,113.05,507452698.74,0.89,0.61,1.03,False,False,"Stage 2, Extended, trend_template_ok, flags=Loose Structure;Extended;Wide Risk;Low Liquidity",watchlist,weekly_watchlist,watchlist,35.94,21.8,23.14,5.0,28.14,339
DEEDEV.NS,DEE Development Engineers Limited,Metal Fabrication,Industrials,Industrials,False,Cash,1,Stage 2,Stage 2,Extended,0.78,"Weekly advancing structure remains intact, but price is stretched versus key moving averages.",,,2026-09-29,,Stage 2 - Extended,18.02,Very Strong,Volume Drying Up,Volume Drying Up (0.60x vs 10W Avg),7.14,Outperformed Nifty by 7.14% in 3 Months,True,7.14,114.77,140271822.95,0.86,0.39,0.6,False,True,"Stage 2, Extended, trend_template_ok, weekly_volume_dryup, flags=Extended;Wide Risk;Circuit Risk;Low Liquidity",watchlist,weekly_watchlist,watchlist,31.59,29.0,18.02,10.0,28.02,340
NETWEB.NS,Netweb Technologies India Limited,Technology,Technology,Technology,False,Cash,1,Stage 2,Stage 2,Advancing,0.8,Price is above constructive weekly and long-term trend structure with improving relative strength.,,,2026-09-29,,Stage 2 - Advancing,17.92,Strong,Volume Drying Up,Volume Drying Up (0.43x vs 10W Avg),9.96,Outperformed Nifty by 9.96% in 3 Months,True,9.96,39.16,5247736794.07,0.51,0.38,0.43,True,True,"Stage 2, Advancing, trend_template_ok, volume_dryup, weekly_volume_dryup, flags=Loose Structure;Wide Risk;Low Liquidity",watchlist,weekly_watchlist,watchlist,32.64,21.11,17.92,10.0,27.92,341
PNGJL.NS,P N Gadgil Jewellers Limited,Luxury Goods,Consumer Cyclical,Consumer Cyclical,False,Cash,1,Stage 1,Stage 1,Stage 1,0.64,Price is building a base around long-term weekly structure without a confirmed advancing phase.,,,,,Stage 1,17.9,Strong,Volume Drying Up,Volume Drying Up (0.77x vs 10W Avg),8.59,Outperformed Nifty by 8.59% in 3 Months,False,8.59,-2.79,255943707.19,0.61,0.54,0.77,True,True,"Stage 1, Stage 1, weekly_vcp_ok, volume_dryup, weekly_volume_dryup, weekly_strong, flags=Wider Risk;Low Liquidity, stage1_not_actionable, stage1_needs_more_base",watchlist,weekly_watchlist,watchlist,0.0,40.58,17.9,10.0,27.9,342
TARC.NS,TARC Limited,Real Estate,Real Estate,Real Estate,False,Cash,1,Stage 4,Stage 4,Stage 4,0.66,Price is below weekly structure.,,,,,Stage 4,25.81,Strong,Volume Drying Up,Volume Drying Up (0.28x vs 10W Avg),6.1,Outperformed Nifty by 6.1% in 3 Months,False,6.1,4.21,69541686.88,0.35,0.25,0.28,True,True,"Stage 4, Stage 4, weekly_vcp_ok, volume_dryup, weekly_volume_dryup, weekly_strong, flags=Wide Weekly Base;Wider Risk, downtrend",watchlist,weekly_watchlist,watchlist,8.11,34.83,25.81,2.0,27.81,343
BLUEJET.NS,Blue Jet Healthcare Limited,Biotechnology,Healthcare,Healthcare,False,Cash,1,Stage 2,Stage 2,Advancing,0.8,Price is above constructive weekly and long-term trend structure with improving relative strength.,,,2026-09-29,,Stage 2 - Advancing,22.79,Neutral,Volume Drying Up,Volume Drying Up (0.54x vs 10W Avg),2.75,Outperformed Nifty by 2.75% in 3 Months,True,2.75,49.5,236554859.08,0.61,0.91,0.54,True,True,"Stage 2, Advancing, trend_template_ok, volume_dryup, weekly_volume_dryup, flags=Wide Weekly Base;Wide Risk;Low Liquidity",watchlist,weekly_watchlist,watchlist,38.55,29.42,22.79,5.0,27.79,344
DEEPINDS.NS,Deep Industries Limited,Energy,Energy,Energy,False,Cash,1,Stage 2,Stage 2,Extended,0.78,"Weekly advancing structure remains intact, but price is stretched versus key moving averages.",,,2026-09-29,,Stage 2 - Extended,22.6,Very Strong,Volume Drying Up,Volume Drying Up (0.38x vs 10W Avg),73.06,Outperformed Nifty by 73.06% in 3 Months,True,73.06,58.07,377985390.19,0.39,0.41,0.38,True,True,"Stage 2, Extended, trend_template_ok, volume_dryup, weekly_volume_dryup, flags=Loose Structure;Extended;Wide Risk;Low Liquidity",watchlist,weekly_watchlist,watchlist,37.22,23.0,22.6,5.0,27.6,345
CHENNPETRO.NS,Chennai Petroleum Corporation Limited,Oil & Gas Refining & Marketing,Energy,Energy,False,Cash,1,Stage 2,Stage 2,Advancing,0.9,Price is above constructive weekly and long-term trend structure with improving relative strength.,,,2026-09-29,,Stage 2 - Advancing,22.49,Very Strong,Volume Drying Up,Volume Drying Up (0.85x vs 10W Avg),40.59,Outperformed Nifty by 40.59% in 3 Months,True,40.59,53.53,2901045072.99,0.71,0.93,0.85,True,True,"Stage 2, Advancing, trend_template_ok, volume_dryup, weekly_volume_dryup, flags=Loose Structure;Wide Risk;Low Liquidity",watchlist,weekly_watchlist,watchlist,34.86,23.0,22.49,5.0,27.49,346
CHALET.NS,Chalet Hotels Limited,Lodging,Consumer Cyclical,Consumer Cyclical,False,Cash,1,Failed Stage 2,Stage 1,Failed Stage 2,0.72,"This stock was recently Stage 2, but the latest structure no longer satisfies Stage 2 rules. It is kept as Failed Stage 2 until a fresh base/repair structure forms.",Recent Stage 2 break; public stage held as Failed Stage 2.,2026-09-30,2026-09-25,,Failed Stage 2,25.48,Strong,Volume Expanding,Volume Expanding (1.78x vs 10W Avg),9.13,Outperformed Nifty by 9.13% in 3 Months,False,9.13,13.23,143372031.6,1.32,0.58,1.78,False,False,"Stage 1, Stage 1, weekly_vcp_ok, weekly_strong, flags=Wider Risk;Low Liquidity, stage1_not_actionable, stage1_needs_more_base | Stage 2 failed state applied from stage memory.",watchlist,weekly_watchlist,watchlist,9.83,38.57,25.48,2.0,27.48,347
RBA.NS,Restaurant Brands Asia Limited,Consumer Cyclical,Consumer Cyclical,Consumer Cyclical,False,Cash,1,Stage 2,Stage 2,Advancing,0.8,Price is above constructive weekly and long-term trend structure with improving relative strength.,,,2026-09-29,,Stage 2 - Advancing,25.45,Very Strong,Volume Drying Up,Volume Drying Up (0.20x vs 10W Avg),29.59,Outperformed Nifty by 29.59% in 3 Months,True,29.59,49.4,276019461.05,0.28,0.48,0.2,True,True,"Stage 2, Advancing, trend_template_ok, volume_dryup, weekly_volume_dryup, flags=Loose Structure;Wider Risk;Low Liquidity",watchlist,weekly_watchlist,watchlist,35.26,22.9,25.45,2.0,27.45,348
NYKAA.NS,FSN E-Commerce Ventures Limited,Consumer Cyclical,Consumer Cyclical,Consumer Cyclical,True,F&O,1,Stage 2,Stage 2,Advancing,0.8,Price is above constructive weekly and long-term trend structure with improving relative strength.,,,2026-09-29,,Stage 2 - Advancing,25.34,Strong,Volume Drying Up,Volume Drying Up (0.76x vs 10W Avg),8.87,Outperformed Nifty by 8.87% in 3 Months,True,8.87,27.77,1175818684.79,0.75,0.99,0.76,True,True,"Stage 2, Advancing, trend_template_ok, volume_dryup, weekly_volume_dryup, flags=Wider Risk;Low Liquidity",watchlist,weekly_watchlist,watchlist,34.04,16.26,25.34,2.0,27.34,349
JMFINANCIL.NS,JM Financial Limited,Capital Markets,Financial Services,Financial Services,False,Cash,1,Stage 1,Stage 1,Stage 1,0.68,Price is building a base around long-term weekly structure without a confirmed advancing phase.,,,,,Stage 1,27.21,Strong,Volume Drying Up,Volume Drying Up (0.83x vs 10W Avg),4.42,Outperformed Nifty by 4.42% in 3 Months,False,4.42,7.29,311049317.5,0.8,0.91,0.83,True,True,"Stage 1, Stage 1, stage1_base_ready, weekly_vcp_ok, volume_dryup, weekly_volume_dryup, weekly_strong, flags=Wider Risk;Low Liquidity, stage1_not_actionable",watchlist,weekly_watchlist,watchlist,9.68,46.37,27.21,0.0,27.21,350
SANSERA.NS,Sansera Engineering Limited,Auto Parts,Consumer Cyclical,Consumer Cyclical,False,Cash,1,Stage 2,Stage 2,Extended,0.78,"Weekly advancing structure remains intact, but price is stretched versus key moving averages.",,,2026-09-29,,Stage 2 - Extended,22.13,Very Strong,Volume Expanding,Volume Expanding (1.62x vs 10W Avg),49.16,Outperformed Nifty by 49.16% in 3 Months,True,49.16,109.91,1348363658.83,1.59,0.99,1.62,False,False,"Stage 2, Extended, trend_template_ok, flags=Loose Structure;Extended;Wide Risk;Low Liquidity",watchlist,weekly_watchlist,watchlist,34.22,20.6,22.13,5.0,27.13,351
GODREJAGRO.NS,Godrej Agrovet Limited,Packaged Foods,Consumer Defensive,Consumer Defensive,False,Cash,1,Failed Stage 2,Stage 1,Failed Stage 2,0.72,"This stock was recently Stage 2, but the latest structure no longer satisfies Stage 2 rules. It is kept as Failed Stage 2 until a fresh base/repair structure forms.",Recent Stage 2 break; public stage held as Failed Stage 2.,2026-09-30,2026-09-29,,Failed Stage 2,27.07,Strong,Volume Drying Up,Volume Drying Up (0.48x vs 10W Avg),18.69,Outperformed Nifty by 18.69% in 3 Months,False,18.69,9.44,156773036.37,0.37,0.15,0.48,True,True,"Stage 1, Stage 1, weekly_vcp_ok, volume_dryup, weekly_volume_dryup, weekly_strong, flags=Wider Risk;Low Liquidity, stage1_not_actionable, stage1_needs_more_base | Stage 2 failed state applied from stage memory.",watchlist,weekly_watchlist,watchlist,0.0,51.91,27.07,0.0,27.07,352
SETL.NS,Standard Engineering Technology Limited,Specialty Industrial Machinery,Industrials,Industrials,False,Cash,1,Stage 2,Stage 2,Extended,0.78,"Weekly advancing structure remains intact, but price is stretched versus key moving averages.",,,2026-09-29,,Stage 2 - Extended,16.96,Very Strong,Volume Drying Up,Volume Drying Up (0.66x vs 10W Avg),64.74,Outperformed Nifty by 64.74% in 3 Months,True,64.74,233.86,395924222.92,0.93,0.35,0.66,False,True,"Stage 2, Extended, trend_template_ok, weekly_vcp_ok, weekly_volume_dryup, weekly_strong, flags=Wide Weekly Base;Loose Structure;Extended;Wide Risk;Circuit Risk;Low Liquidity",watchlist,weekly_breakout,watchlist,32.37,61.6,16.96,10.0,26.96,353
VGUARD.NS,V-Guard Industries Limited,Electrical Equipment & Parts,Industrials,Industrials,False,Cash,1,Stage 1,Stage 1,Stage 1,0.64,Price is building a base around long-term weekly structure without a confirmed advancing phase.,,,,,Stage 1,16.86,Weak,Volume Drying Up,Volume Drying Up (0.29x vs 10W Avg),4.28,Outperformed Nifty by 4.28% in 3 Months,False,4.28,-9.38,129690057.07,0.26,2.22,0.29,True,True,"Stage 1, Stage 1, weekly_vcp_ok, volume_dryup, weekly_volume_dryup, weekly_strong, flags=Wide Risk;Low Liquidity, stage1_not_actionable, stage1_needs_more_base",watchlist,weekly_watchlist,watchlist,16.8,40.0,16.86,10.0,26.86,354
ZYDUSWELL.NS,Zydus Wellness Limited,Packaged Foods,Consumer Defensive,Consumer Defensive,False,Cash,1,Failed Stage 2,Stage 2,Failed Stage 2,0.7,Failed Stage 2 cooling period is still active; waiting for a fresh base or confirmed reclaim.,Failed Stage 2 hold period active.,,2026-09-22,,Failed Stage 2,26.68,Neutral,Volume Drying Up,Volume Drying Up (0.38x vs 10W Avg),-5.03,Underperformed Nifty by 5.03% in 3 Months,True,-5.03,2.17,319873109.37,0.51,0.54,0.38,True,True,"Stage 2, Advancing, trend_template_ok, volume_dryup, weekly_volume_dryup, flags=Wide Risk;Low Liquidity | Failed Stage 2 hold period active.",watchlist,weekly_watchlist,watchlist,50.81,16.2,26.68,0.0,26.68,355
ASHIANA.NS,Ashiana Housing Limited,Real Estate,Real Estate,Real Estate,False,Cash,1,Stage 2,Stage 2,Advancing,0.9,Price is above constructive weekly and long-term trend structure with improving relative strength.,,,2026-09-29,,Stage 2 - Advancing,24.53,Very Strong,Volume Drying Up,Volume Drying Up (0.14x vs 10W Avg),8.68,Outperformed Nifty by 8.68% in 3 Months,True,8.68,23.58,34523421.9,2.34,0.51,0.14,False,True,"Stage 2, Advancing, trend_template_ok, weekly_volume_dryup, flags=Wide Risk;Low Liquidity",watchlist,weekly_watchlist,watchlist,29.83,25.03,24.53,2.0,26.53,356
DLF.NS,DLF Limited,Real Estate,Real Estate,Real Estate,True,F&O,1,Failed Stage 2,Stage 2,Failed Stage 2,0.7,Failed Stage 2 cooling period is still active; waiting for a fresh base or confirmed reclaim.,Failed Stage 2 hold period active.,,2026-09-28,,Failed Stage 2,24.52,Very Strong,Volume Normal,Volume Normal (1.32x vs 10W Avg),8.16,Outperformed Nifty by 8.16% in 3 Months,True,8.16,26.48,2538381705.28,1.12,1.72,1.32,False,False,"Stage 2, Advancing, trend_template_ok, flags=Low Liquidity | Failed Stage 2 hold period active.",watchlist,weekly_watchlist,watchlist,39.59,28.26,24.52,2.0,26.52,357
IOC.NS,Indian Oil Corporation Limited,Oil & Gas Refining & Marketing,Energy,Energy,True,F&O,1,Stage 3,Stage 3,Early,0.68,"Prior strength has shifted into a Stage 3 transition based on trend, relative strength, and volume evidence.",,,,,Stage 3 Early,21.47,Strong,Volume Normal,Volume Normal (0.98x vs 10W Avg),2.88,Outperformed Nifty by 2.88% in 3 Months,False,2.88,-0.04,987157571.68,1.04,1.28,0.98,False,False,"Stage 3, Early, weekly_vcp_ok, weekly_strong, flags=Wider Risk;Low Liquidity, distribution_or_weakening_risk",watchlist,weekly_watchlist,watchlist,10.99,37.38,21.47,5.0,26.47,358
HBLENGINE.NS,HBL Engineering Limited,Electrical Equipment & Parts,Industrials,Industrials,False,Cash,1,Stage 1,Stage 1,Stage 1,0.68,Price is building a base around long-term weekly structure without a confirmed advancing phase.,,,,,Stage 1,16.23,Very Strong,Volume Expanding,Volume Expanding (1.85x vs 10W Avg),5.33,Outperformed Nifty by 5.33% in 3 Months,False,5.33,15.6,2125440971.81,1.69,0.56,1.85,False,False,"Stage 1, Stage 1, flags=Wider Risk;Low Liquidity, stage1_not_actionable, stage1_needs_more_base",watchlist,weekly_watchlist,watchlist,6.02,16.29,16.23,10.0,26.23,359
STYLAMIND.NS,Stylam Industries Limited,"Furnishings, Fixtures & Appliances",Consumer Cyclical,Consumer Cyclical,False,Cash,1,Stage 2,Stage 2,Advancing,0.8,Price is above constructive weekly and long-term trend structure with improving relative strength.,,,2026-09-29,,Stage 2 - Advancing,26.17,Strong,Volume Drying Up,Volume Drying Up (0.56x vs 10W Avg),8.22,Outperformed Nifty by 8.22% in 3 Months,True,8.22,47.89,141291088.56,1.0,0.33,0.56,False,True,"Stage 2, Advancing, trend_template_ok, weekly_volume_dryup, flags=Wider Risk;Low Liquidity",watchlist,weekly_watchlist,watchlist,33.39,19.41,26.17,0.0,26.17,360
ENDURANCE.NS,Endurance Technologies Limited,Auto Parts,Consumer Cyclical,Consumer Cyclical,False,Cash,1,Failed Stage 2,Stage 1,Failed Stage 2,0.72,"This stock was recently Stage 2, but the latest structure no longer satisfies Stage 2 rules. It is kept as Failed Stage 2 until a fresh base/repair structure forms.",Recent Stage 2 break; public stage held as Failed Stage 2.,2026-09-30,2026-09-21,,Failed Stage 2,21.11,Strong,Volume Drying Up,Volume Drying Up (0.80x vs 10W Avg),7.53,Outperformed Nifty by 7.53% in 3 Months,False,7.53,18.99,224378575.22,0.78,1.43,0.8,True,True,"Stage 1, Stage 1, weekly_vcp_ok, volume_dryup, weekly_volume_dryup, weekly_strong, flags=Wider Risk;Low Liquidity, stage1_not_actionable, stage1_needs_more_base | Stage 2 failed state applied from stage memory.",watchlist,weekly_watchlist,watchlist,0.0,42.65,21.11,5.0,26.11,361
MANAPPURAM.NS,Manappuram Finance Limited,Credit Services,Financial Services,Financial Services,True,F&O,1,Stage 2,Stage 2,Advancing,0.8,Price is above constructive weekly and long-term trend structure with improving relative strength.,Stage 2 reclaimed after 3 confirmation runs.,,2026-09-29,,Stage 2 - Advancing,24.05,Neutral,Volume Drying Up,Volume Normal (1.08x vs 10W Avg),-1.68,Underperformed Nifty by 1.68% in 3 Months,False,-1.68,22.61,1394859215.75,0.79,0.69,1.08,True,False,"Stage 2, Advancing, weekly_vcp_ok, volume_dryup, weekly_strong, flags=Wide Risk;Low Liquidity",watchlist,weekly_forming,watchlist,9.68,58.09,24.05,2.0,26.05,362
SKIPPER.NS,Skipper Limited,Engineering & Construction,Industrials,Industrials,False,Cash,1,Stage 2,Stage 2,Advancing,0.8,Price is above constructive weekly and long-term trend structure with improving relative strength.,,,2026-09-29,,Stage 2 - Advancing,26.02,Strong,Volume Drying Up,Volume Drying Up (0.42x vs 10W Avg),1.4,Outperformed Nifty by 1.4% in 3 Months,True,1.4,47.37,852267665.93,0.65,0.19,0.42,True,True,"Stage 2, Advancing, trend_template_ok, volume_dryup, weekly_volume_dryup, flags=Wide Risk;Low Liquidity",watchlist,weekly_watchlist,watchlist,33.52,24.68,26.02,0.0,26.02,363
MSTCLTD.NS,Mstc Limited,Conglomerates,Industrials,Industrials,False,Cash,1,Stage 2,Stage 2,Advancing,0.9,Price is above constructive weekly and long-term trend structure with improving relative strength.,,,2026-09-29,,Stage 2 - Advancing,25.67,Strong,Volume Drying Up,Volume Drying Up (0.73x vs 10W Avg),6.28,Outperformed Nifty by 6.28% in 3 Months,True,6.28,79.97,212889251.09,0.68,0.65,0.73,True,True,"Stage 2, Advancing, trend_template_ok, volume_dryup, weekly_volume_dryup, flags=Wide Risk;Low Liquidity",watchlist,weekly_watchlist,watchlist,36.52,24.2,25.67,0.0,25.67,364
CONCORDBIO.NS,Concord Biotech Limited,Biotechnology,Healthcare,Healthcare,False,Cash,1,Stage 2,Stage 2,Advancing,0.8,Price is above constructive weekly and long-term trend structure with improving relative strength.,,,2026-09-29,,Stage 2 - Advancing,20.66,Strong,Volume Normal,Volume Normal (0.94x vs 10W Avg),14.45,Outperformed Nifty by 14.45% in 3 Months,True,14.45,32.53,235317017.27,1.12,0.67,0.94,False,False,"Stage 2, Advancing, trend_template_ok, flags=Wide Risk;Low Liquidity",watchlist,weekly_watchlist,watchlist,27.67,20.9,20.66,5.0,25.66,365
TIMETECHNO.NS,Time Technoplast Limited,Consumer Cyclical,Consumer Cyclical,Consumer Cyclical,False,Cash,1,Stage 3,Stage 3,Early,0.68,"Prior strength has shifted into a Stage 3 transition based on trend, relative strength, and volume evidence.",,,2026-08-13,,Stage 3 Early,23.38,Strong,Volume Normal,Volume Normal (0.99x vs 10W Avg),9.7,Outperformed Nifty by 9.7% in 3 Months,False,9.7,9.2,434507734.56,1.03,1.48,0.99,False,False,"Stage 3, Early, weekly_vcp_ok, weekly_strong, flags=Wider Risk;Low Liquidity, distribution_or_weakening_risk",watchlist,weekly_watchlist,watchlist,7.99,38.99,23.38,2.0,25.38,366
LGBBROSLTD.NS,LG Balakrishnan & Bros Limited,Auto Parts,Consumer Cyclical,Consumer Cyclical,False,Cash,1,Not Sure,Not Sure,Not Sure,0.0,Stage rules did not identify a reliable structure.,No confident stage classification.,,,,Not Sure - Unclear,20.31,Very Strong,Volume Normal,Volume Normal (0.87x vs 10W Avg),17.64,Outperformed Nifty by 17.64% in 3 Months,False,17.64,2.89,41678126.85,0.85,0.35,0.87,False,True,"Not Sure, Unclear, weekly_volume_dryup, flags=Wider Risk;Low Liquidity",watchlist,weekly_watchlist,watchlist,8.59,16.52,20.31,5.0,25.31,367
CLEAN.NS,Clean Science and Technology Limited,Specialty Chemicals,Basic Materials,Basic Materials,False,Cash,1,Stage 1,Stage 1,Stage 1,0.64,Price is building a base around long-term weekly structure without a confirmed advancing phase.,,,,,Stage 1,20.22,Strong,Volume Drying Up,Volume Drying Up (0.58x vs 10W Avg),7.48,Outperformed Nifty by 7.48% in 3 Months,False,7.48,13.96,270738385.31,0.71,0.76,0.58,True,True,"Stage 1, Stage 1, stage1_base_ready, weekly_vcp_ok, volume_dryup, weekly_volume_dryup, weekly_strong, flags=Wider Risk;Low Liquidity, stage1_not_actionable",watchlist,weekly_watchlist,watchlist,0.0,44.34,20.22,5.0,25.22,368
SMARTWORKS.NS,Smartworks Coworking Spaces Limited,Real Estate Services,Real Estate,Real Estate,False,Cash,1,Stage 2,Stage 2,Advancing,0.9,Price is above constructive weekly and long-term trend structure with improving relative strength.,,,2026-09-29,,Stage 2 - Advancing,23.12,Very Strong,Volume Drying Up,Volume Drying Up (0.61x vs 10W Avg),16.69,Outperformed Nifty by 16.69% in 3 Months,True,16.69,34.47,42810574.03,0.97,1.1,0.61,False,True,"Stage 2, Advancing, trend_template_ok, weekly_volume_dryup, flags=Wide Risk;Low Liquidity",watchlist,weekly_watchlist,watchlist,22.07,23.72,23.12,2.0,25.12,369
INGERRAND.NS,Ingersoll Rand (India) Limited,Specialty Industrial Machinery,Industrials,Industrials,False,Cash,1,Failed Stage 2,Stage 1,Failed Stage 2,0.72,"This stock was recently Stage 2, but the latest structure no longer satisfies Stage 2 rules. It is kept as Failed Stage 2 until a fresh base/repair structure forms.",Recent Stage 2 break; public stage held as Failed Stage 2.,2026-09-30,2026-09-15,,Failed Stage 2,14.98,Neutral,Volume Drying Up,Volume Drying Up (0.46x vs 10W Avg),0.26,Outperformed Nifty by 0.26% in 3 Months,False,0.26,10.71,89483226.47,0.76,1.08,0.46,True,True,"Stage 1, Stage 1, weekly_vcp_ok, volume_dryup, weekly_volume_dryup, weekly_strong, flags=Wide Risk;Low Liquidity, stage1_not_actionable, stage1_needs_more_base | Stage 2 failed state applied from stage memory.",watchlist,weekly_watchlist,watchlist,0.0,41.1,14.98,10.0,24.98,370
SHANTIGEAR.NS,Shanthi Gears Limited,Specialty Industrial Machinery,Industrials,Industrials,False,Cash,1,Stage 2,Stage 2,Advancing,0.9,Price is above constructive weekly and long-term trend structure with improving relative strength.,,,2026-09-29,,Stage 2 - Advancing,14.93,Very Strong,Volume Drying Up,Volume Drying Up (0.18x vs 10W Avg),37.12,Outperformed Nifty by 37.12% in 3 Months,True,37.12,26.17,185078350.96,0.16,0.16,0.18,True,True,"Stage 2, Advancing, trend_template_ok, volume_dryup, weekly_volume_dryup, flags=Loose Structure;Wide Risk;Circuit Risk;Low Liquidity",watchlist,weekly_watchlist,watchlist,35.78,30.33,14.93,10.0,24.93,371
HFCL.NS,HFCL Limited,Communication Equipment,Technology,Technology,False,Cash,1,Stage 2,Stage 2,Extended,0.78,"Weekly advancing structure remains intact, but price is stretched versus key moving averages.",,,2026-09-29,,Stage 2 - Extended,14.86,Strong,Volume Drying Up,Volume Drying Up (0.25x vs 10W Avg),7.81,Outperformed Nifty by 7.81% in 3 Months,True,7.81,211.53,1335085709.7,0.31,0.35,0.25,True,True,"Stage 2, Extended, trend_template_ok, volume_dryup, weekly_volume_dryup, flags=Loose Structure;Extended;Wide Risk;Circuit Risk;Low Liquidity",watchlist,weekly_watchlist,watchlist,54.48,19.4,14.86,10.0,24.86,372
WELENT.NS,Welspun Enterprises Limited,Engineering & Construction,Industrials,Industrials,False,Cash,1,Stage 2,Stage 2,Advancing,0.9,Price is above constructive weekly and long-term trend structure with improving relative strength.,,,2026-09-29,,Stage 2 - Advancing,24.8,Very Strong,Volume Drying Up,Volume Drying Up (0.52x vs 10W Avg),27.79,Outperformed Nifty by 27.79% in 3 Months,True,27.79,68.64,673244353.19,0.97,0.18,0.52,False,True,"Stage 2, Advancing, trend_template_ok, weekly_volume_dryup, flags=Loose Structure;Wide Risk;Low Liquidity",watchlist,weekly_watchlist,watchlist,33.93,23.0,24.8,0.0,24.8,373
HEROMOTOCO.NS,Hero MotoCorp Limited,Auto Manufacturers,Consumer Cyclical,Consumer Cyclical,True,F&O,1,Stage 1,Stage 1,Stage 1,0.64,Price is building a base around long-term weekly structure without a confirmed advancing phase.,,,,,Stage 1,19.78,Strong,Volume Drying Up,Volume Drying Up (0.71x vs 10W Avg),14.36,Outperformed Nifty by 14.36% in 3 Months,False,14.36,3.99,2387449727.1,0.74,1.12,0.71,True,True,"Stage 1, Stage 1, weekly_vcp_ok, volume_dryup, weekly_volume_dryup, weekly_strong, flags=Wider Risk;Low Liquidity, stage1_not_actionable, stage1_needs_more_base",watchlist,weekly_watchlist,watchlist,0.0,41.84,19.78,5.0,24.78,374
WABAG.NS,VA Tech Wabag Limited,Engineering & Construction,Industrials,Industrials,False,Cash,1,Stage 2,Stage 2,Advancing,0.9,Price is above constructive weekly and long-term trend structure with improving relative strength.,Stage 2 reclaimed after 3 confirmation runs.,,2026-09-29,,Stage 2 - Advancing,24.62,Strong,Volume Drying Up,Volume Drying Up (0.70x vs 10W Avg),7.34,Outperformed Nifty by 7.34% in 3 Months,True,7.34,62.59,1416049252.31,0.67,0.55,0.7,True,True,"Stage 2, Advancing, trend_template_ok, volume_dryup, weekly_volume_dryup, flags=Wide Risk;Low Liquidity",watchlist,weekly_watchlist,watchlist,37.27,19.59,24.62,0.0,24.62,375
APOLLOHOSP.NS,Apollo Hospitals Enterprise Limited,Medical Care Facilities,Healthcare,Healthcare,True,F&O,1,Failed Stage 2,Stage 1,Failed Stage 2,0.72,"This stock was recently Stage 2, but the latest structure no longer satisfies Stage 2 rules. It is kept as Failed Stage 2 until a fresh base/repair structure forms.",Recent Stage 2 break; public stage held as Failed Stage 2.,2026-09-30,2026-09-29,,Failed Stage 2,24.47,Neutral,Volume Expanding,Volume Expanding (2.50x vs 10W Avg),-1.23,Underperformed Nifty by 1.23% in 3 Months,False,-1.23,10.29,3477839400.3,1.49,7.27,2.5,False,False,"Stage 1, Stage 1, weekly_vcp_ok, weekly_strong, flags=Wider Risk;Low Liquidity, stage1_not_actionable, stage1_needs_more_base | Stage 2 failed state applied from stage memory.",watchlist,weekly_watchlist,watchlist,18.83,40.11,24.47,0.0,24.47,376
AARTIIND.NS,Aarti Industries Limited,Specialty Chemicals,Basic Materials,Basic Materials,False,Cash,1,Failed Stage 2,Stage 2,Failed Stage 2,0.7,Failed Stage 2 cooling period is still active; waiting for a fresh base or confirmed reclaim.,Failed Stage 2 hold period active.,,2026-09-28,,Failed Stage 2,19.31,Neutral,Volume Drying Up,Volume Drying Up (0.36x vs 10W Avg),4.37,Outperformed Nifty by 4.37% in 3 Months,True,4.37,17.14,245530369.95,0.42,1.09,0.36,True,True,"Stage 2, Advancing, trend_template_ok, volume_dryup, weekly_volume_dryup, flags=Wide Risk;Low Liquidity | Failed Stage 2 hold period active.",watchlist,weekly_watchlist,watchlist,32.86,18.35,19.31,5.0,24.31,377
SCI.NS,Shipping Corporation Of India Limited,Marine Shipping,Industrials,Industrials,False,Cash,1,Failed Stage 2,Stage 3,Failed Stage 2,0.72,"This stock was recently Stage 2, but the latest structure no longer satisfies Stage 2 rules. It is kept as Failed Stage 2 until a fresh base/repair structure forms.",Recent Stage 2 break; public stage held as Failed Stage 2.,2026-09-30,2026-09-09,,Failed Stage 2,14.26,Weak,Volume Drying Up,Volume Drying Up (0.51x vs 10W Avg),-0.8,Underperformed Nifty by 0.8% in 3 Months,False,-0.8,15.06,371176445.24,0.58,0.6,0.51,True,True,"Stage 3, Early, weekly_vcp_ok, volume_dryup, weekly_volume_dryup, weekly_strong, flags=Wide Risk;Low Liquidity, distribution_or_weakening_risk | Stage 2 failed state applied from stage memory.",watchlist,weekly_watchlist,watchlist,0.0,35.43,14.26,10.0,24.26,378
VESUVIUS.NS,Vesuvius India Limited,Specialty Industrial Machinery,Industrials,Industrials,False,Cash,1,Stage 4,Stage 4,Stage 4,0.66,Price is below weekly structure.,,,,,Stage 4,14.21,Weak,Volume Expanding,Volume Expanding (32.94x vs 10W Avg),-3.16,Underperformed Nifty by 3.16% in 3 Months,False,-3.16,-7.28,252517308.71,4.04,50.53,32.94,False,False,"Stage 4, Stage 4, weekly_vcp_ok, weekly_strong, flags=Wider Risk;Low Liquidity, downtrend",watchlist,weekly_watchlist,watchlist,6.05,32.0,14.21,10.0,24.21,379
ALKEM.NS,Alkem Laboratories Limited,Drug Manufacturers - Specialty & Generic,Healthcare,Healthcare,True,F&O,1,Stage 1,Stage 1,Stage 1,0.64,Price is building a base around long-term weekly structure without a confirmed advancing phase.,,,,,Stage 1,14.09,Neutral,Volume Normal,Volume Normal (1.07x vs 10W Avg),-0.8,Underperformed Nifty by 0.8% in 3 Months,False,-0.8,-1.29,758647115.9,1.18,1.08,1.07,False,False,"Stage 1, Stage 1, weekly_vcp_ok, weekly_strong, flags=Wide Risk;Low Liquidity, stage1_not_actionable, stage1_needs_more_base",watchlist,weekly_watchlist,watchlist,0.0,40.0,14.09,10.0,24.09,380
VMART.NS,V-Mart Retail Limited,Consumer Cyclical,Consumer Cyclical,Consumer Cyclical,False,Cash,1,Stage 2,Stage 2,Advancing,0.8,Price is above constructive weekly and long-term trend structure with improving relative strength.,,,2026-09-29,,Stage 2 - Advancing,22.08,Neutral,Volume Drying Up,Volume Normal (0.87x vs 10W Avg),1.22,Outperformed Nifty by 1.22% in 3 Months,True,1.22,21.93,62607007.54,0.74,1.7,0.87,True,True,"Stage 2, Advancing, trend_template_ok, volume_dryup, weekly_volume_dryup, flags=Wide Risk;Low Liquidity",watchlist,weekly_watchlist,watchlist,32.12,17.31,22.08,2.0,24.08,381
POLYPLEX.NS,Polyplex Corporation Limited,Specialty Chemicals,Basic Materials,Basic Materials,False,Cash,1,Stage 2,Stage 2,Advancing,0.8,Price is above constructive weekly and long-term trend structure with improving relative strength.,,,2026-09-29,,Stage 2 - Advancing,18.98,Strong,Volume Drying Up,Volume Drying Up (0.36x vs 10W Avg),10.84,Outperformed Nifty by 10.84% in 3 Months,True,10.84,29.83,47292078.56,0.42,0.81,0.36,True,True,"Stage 2, Advancing, trend_template_ok, volume_dryup, weekly_volume_dryup, flags=Wide Risk;Low Liquidity",watchlist,weekly_watchlist,watchlist,27.17,20.27,18.98,5.0,23.98,382
SURYAROSNI.NS,Surya Roshni Limited,Steel,Basic Materials,Basic Materials,False,Cash,1,Stage 4,Stage 4,Stage 4,0.86,Price is below the 30-week trend and below long-term support structure.,,,,,Stage 4,13.98,Weak,Volume Drying Up,Volume Normal (0.87x vs 10W Avg),-8.17,Underperformed Nifty by 8.17% in 3 Months,False,-8.17,6.12,89783050.89,0.77,0.69,0.87,True,True,"Stage 4, Stage 4, weekly_vcp_ok, volume_dryup, weekly_volume_dryup, weekly_strong, flags=Low Liquidity, downtrend",watchlist,weekly_watchlist,watchlist,0.0,32.0,13.98,10.0,23.98,383
MRF.NS,MRF Limited,Auto Parts,Consumer Cyclical,Consumer Cyclical,False,Cash,1,Stage 4,Stage 4,Stage 4,0.66,Price is below weekly structure.,,,,,Stage 4,18.91,Neutral,Volume Drying Up,Volume Drying Up (0.72x vs 10W Avg),-0.68,Underperformed Nifty by 0.68% in 3 Months,False,-0.68,-2.61,408569314.25,0.84,1.16,0.72,True,True,"Stage 4, Stage 4, weekly_vcp_ok, volume_dryup, weekly_volume_dryup, weekly_strong, flags=Wider Risk;Low Liquidity, downtrend",watchlist,weekly_watchlist,watchlist,6.93,33.1,18.91,5.0,23.91,384
GAEL.NS,Gujarat Ambuja Exports Limited,Packaged Foods,Consumer Defensive,Consumer Defensive,False,Cash,1,Stage 2,Stage 2,Advancing,0.8,Price is above constructive weekly and long-term trend structure with improving relative strength.,,,2026-09-29,,Stage 2 - Advancing,23.82,Strong,Volume Drying Up,Volume Drying Up (0.31x vs 10W Avg),5.32,Outperformed Nifty by 5.32% in 3 Months,True,5.32,10.33,93772345.31,0.37,0.32,0.31,True,True,"Stage 2, Advancing, trend_template_ok, volume_dryup, weekly_volume_dryup, flags=Wider Risk;Low Liquidity",watchlist,weekly_watchlist,watchlist,31.95,15.37,23.82,0.0,23.82,385
SWARAJENG.NS,Swaraj Engines Limited,Auto Parts,Consumer Cyclical,Consumer Cyclical,False,Cash,1,Not Sure,Stage 1,Pending Stage 1,0.55,Blocked public stage jump Stage 4 -> Stage 1; waiting for intermediate/confirmed structure.,Blocked public stage jump Stage 4 -> Stage 1; waiting for intermediate/confirmed structure.,,,Stage 1,Not Sure - Unclear,18.57,Neutral,Volume Drying Up,Volume Drying Up (0.70x vs 10W Avg),-0.33,Underperformed Nifty by 0.33% in 3 Months,False,-0.33,-1.26,27316360.58,0.9,0.67,0.7,False,True,"Stage 1, Stage 1, weekly_vcp_ok, weekly_volume_dryup, weekly_strong, flags=Low Liquidity, stage1_not_actionable, stage1_needs_more_base | Blocked public stage jump Stage 4 -> Stage 1; waiting for intermediate/confirmed structure.",watchlist,weekly_watchlist,watchlist,0.0,40.0,18.57,5.0,23.57,386
INDIANB.NS,Indian Bank,Banks - Regional,Financial Services,Financial Services,True,F&O,1,Stage 1,Stage 1,Stage 1,0.64,Price is building a base around long-term weekly structure without a confirmed advancing phase.,,,2026-09-07,,Stage 1,21.25,Weak,Volume Drying Up,Volume Drying Up (0.79x vs 10W Avg),9.21,Outperformed Nifty by 9.21% in 3 Months,False,9.21,-10.37,806518512.69,0.76,1.15,0.79,True,True,"Stage 1, Stage 1, weekly_vcp_ok, volume_dryup, weekly_volume_dryup, weekly_strong, flags=Wide Risk;Low Liquidity, stage1_not_actionable, stage1_needs_more_base",watchlist,weekly_watchlist,watchlist,13.57,40.0,21.25,2.0,23.25,387
ASTRAMICRO.NS,Astra Microwave Products Limited,Communication Equipment,Technology,Technology,False,Cash,1,Failed Stage 2,Stage 3,Failed Stage 2,0.72,"This stock was recently Stage 2, but the latest structure no longer satisfies Stage 2 rules. It is kept as Failed Stage 2 until a fresh base/repair structure forms.",Recent Stage 2 break; public stage held as Failed Stage 2.,2026-09-30,2026-09-21,,Failed Stage 2,13.2,Neutral,Volume Drying Up,Volume Drying Up (0.71x vs 10W Avg),-4.6,Underperformed Nifty by 4.6% in 3 Months,False,-4.6,63.12,529639443.8,0.57,0.88,0.71,True,True,"Stage 3, Early, volume_dryup, weekly_volume_dryup, flags=Wide Risk;Low Liquidity, distribution_or_weakening_risk | Stage 2 failed state applied from stage memory.",watchlist,weekly_watchlist,watchlist,16.82,0.0,13.2,10.0,23.2,388
ELLEN.NS,Ellenbarrie Industrial Gases Limited,Chemicals,Basic Materials,Basic Materials,False,Cash,1,Failed Stage 2,Stage 1,Failed Stage 2,0.72,"This stock was recently Stage 2, but the latest structure no longer satisfies Stage 2 rules. It is kept as Failed Stage 2 until a fresh base/repair structure forms.",Recent Stage 2 break; public stage held as Failed Stage 2.,2026-09-30,2026-09-29,,Failed Stage 2,18.16,Very Strong,Volume Expanding,Volume Expanding (2.79x vs 10W Avg),44.02,Outperformed Nifty by 44.02% in 3 Months,False,44.02,71.27,550937621.86,1.62,1.96,2.79,False,False,"Stage 1, Stage 1, weekly_vcp_ok, weekly_strong, flags=Loose Structure;Wide Risk;Low Liquidity, stage1_not_actionable, stage1_needs_more_base | Stage 2 failed state applied from stage memory.",watchlist,weekly_watchlist,watchlist,0.0,43.6,18.16,5.0,23.16,389
LUMAXIND.NS,Lumax Industries Limited,Auto Parts,Consumer Cyclical,Consumer Cyclical,False,Cash,1,Failed Stage 2,Stage 1,Failed Stage 2,0.72,"This stock was recently Stage 2, but the latest structure no longer satisfies Stage 2 rules. It is kept as Failed Stage 2 until a fresh base/repair structure forms.",Recent Stage 2 break; public stage held as Failed Stage 2.,2026-09-30,2026-09-29,,Failed Stage 2,18.13,Very Strong,Volume Drying Up,Volume Drying Up (0.58x vs 10W Avg),11.58,Outperformed Nifty by 11.58% in 3 Months,False,11.58,14.47,78801594.83,0.48,0.75,0.58,True,True,"Stage 1, Stage 1, weekly_vcp_ok, volume_dryup, weekly_volume_dryup, weekly_strong, flags=Wide Risk;Low Liquidity, stage1_not_actionable, stage1_needs_more_base | Stage 2 failed state applied from stage memory.",watchlist,weekly_watchlist,watchlist,0.0,43.7,18.13,5.0,23.13,390
JSWHL.NS,JSW Holdings Limited,Conglomerates,Industrials,Industrials,False,Cash,1,Stage 4,Stage 4,Stage 4,0.86,Price is below the 30-week trend and below long-term support structure.,,,,,Stage 4,23.12,Weak,Volume Expanding,Volume Expanding (2.43x vs 10W Avg),-1.26,Underperformed Nifty by 1.26% in 3 Months,False,-1.26,-6.73,102242401.5,1.23,9.22,2.43,False,False,"Stage 4, Stage 4, weekly_vcp_ok, weekly_strong, flags=Wide Weekly Base;Wider Risk, downtrend",watchlist,weekly_watchlist,watchlist,12.1,33.8,23.12,0.0,23.12,391
INDIGOPNTS.NS,Indigo Paints Limited,Specialty Chemicals,Basic Materials,Basic Materials,False,Cash,1,Stage 2,Stage 2,Advancing,0.8,Price is above constructive weekly and long-term trend structure with improving relative strength.,,,2026-09-29,,Stage 2 - Advancing,18.12,Strong,Volume Drying Up,Volume Drying Up (0.43x vs 10W Avg),8.36,Outperformed Nifty by 8.36% in 3 Months,False,8.36,41.99,59986636.05,0.41,0.58,0.43,True,True,"Stage 2, Advancing, volume_dryup, weekly_volume_dryup, flags=Wide Weekly Base;Wider Risk;Low Liquidity",watchlist,weekly_watchlist,watchlist,13.39,28.44,18.12,5.0,23.12,392
COALINDIA.NS,Coal India Limited,Energy,Energy,Energy,True,F&O,1,Stage 1,Stage 1,Stage 1,0.64,Price is building a base around long-term weekly structure without a confirmed advancing phase.,,,,,Stage 1,18.08,Strong,Volume Drying Up,Volume Drying Up (0.68x vs 10W Avg),7.67,Outperformed Nifty by 7.67% in 3 Months,False,7.67,-7.1,3315527821.26,0.8,0.79,0.68,True,True,"Stage 1, Stage 1, volume_dryup, weekly_volume_dryup, flags=Wider Risk;Low Liquidity, stage1_not_actionable, stage1_needs_more_base",watchlist,weekly_watchlist,watchlist,15.91,15.46,18.08,5.0,23.08,393
BEL.NS,Bharat Electronics Limited,Aerospace & Defense,Industrials,Industrials,True,F&O,1,Not Sure,Stage 4,Pending Stage 4,0.55,Blocked public stage jump Stage 1 -> Stage 4; waiting for intermediate/confirmed structure.,Blocked public stage jump Stage 1 -> Stage 4; waiting for intermediate/confirmed structure.,,,Stage 4,Not Sure - Unclear,13.06,Weak,Volume Drying Up,Volume Normal (0.88x vs 10W Avg),-1.83,Underperformed Nifty by 1.83% in 3 Months,False,-1.83,-10.4,3790817333.71,0.83,1.01,0.88,True,True,"Stage 4, Stage 4, weekly_vcp_ok, volume_dryup, weekly_volume_dryup, weekly_strong, flags=Wide Risk;Low Liquidity, downtrend | Blocked public stage jump Stage 1 -> Stage 4; waiting for intermediate/confirmed structure.",watchlist,weekly_watchlist,watchlist,0.0,33.1,13.06,10.0,23.06,394
TITAGARH.NS,TITAGARH RAIL SYSTEMS LIMITED,Industrials,Industrials,Industrials,False,Cash,1,Stage 2,Stage 2,Advancing,0.8,Price is above constructive weekly and long-term trend structure with improving relative strength.,,,2026-09-29,,Stage 2 - Advancing,23.0,Strong,Volume Normal,Volume Normal (1.00x vs 10W Avg),1.14,Outperformed Nifty by 1.14% in 3 Months,True,1.14,16.52,572782844.73,0.93,1.68,1.0,False,False,"Stage 2, Advancing, trend_template_ok, flags=Wider Risk;Low Liquidity",watchlist,weekly_watchlist,watchlist,30.3,17.97,23.0,0.0,23.0,395
HINDZINC.NS,Hindustan Zinc Limited,Basic Materials,Basic Materials,Basic Materials,True,F&O,1,Stage 1,Stage 1,Stage 1,0.64,Price is building a base around long-term weekly structure without a confirmed advancing phase.,,,2026-08-12,,Stage 1,23.0,Strong,Volume Drying Up,Volume Drying Up (0.68x vs 10W Avg),11.55,Outperformed Nifty by 11.55% in 3 Months,False,11.55,5.68,2442664885.95,0.75,0.49,0.68,True,True,"Stage 1, Stage 1, weekly_vcp_ok, volume_dryup, weekly_volume_dryup, weekly_strong, flags=Wider Risk;Low Liquidity, stage1_not_actionable, stage1_needs_more_base",watchlist,weekly_watchlist,watchlist,6.72,41.72,23.0,0.0,23.0,396
SUNTV.NS,Sun TV Network Limited,Communication Services,Communication Services,Communication Services,False,Cash,1,Not Sure,Not Sure,Not Sure,0.0,Stage rules did not identify a reliable structure.,No confident stage classification.,,,,Not Sure - Unclear,17.81,Very Strong,Volume Expanding,Volume Expanding (14.09x vs 10W Avg),25.95,Outperformed Nifty by 25.95% in 3 Months,False,25.95,2.32,1592324164.33,3.6,40.03,14.09,False,False,"Not Sure, Unclear, flags=Loose Structure;Wider Risk;Low Liquidity",watchlist,weekly_watchlist,watchlist,22.63,3.83,17.81,5.0,22.81,397
JUBLINGREA.NS,Jubilant Ingrevia Limited,Specialty Chemicals,Basic Materials,Basic Materials,False,Cash,1,Not Sure,Stage 1,Pending Stage 1,0.55,Failed Stage 2 -> Stage 1 needs 3 confirmation runs; current count 1.,Failed Stage 2 -> Stage 1 needs 3 confirmation runs; current count 1.,,2026-09-08,Stage 1,Not Sure - Unclear,17.8,Neutral,Volume Expanding,Volume Normal (1.09x vs 10W Avg),1.7,Outperformed Nifty by 1.7% in 3 Months,False,1.7,6.85,189107853.77,1.34,2.01,1.09,False,False,"Stage 1, Stage 1, weekly_vcp_ok, weekly_strong, flags=Wide Risk;Low Liquidity, stage1_not_actionable, stage1_needs_more_base | Failed Stage 2 -> Stage 1 needs 3 confirmation runs; current count 1.",watchlist,weekly_watchlist,watchlist,14.49,40.86,17.8,5.0,22.8,398
DOMS.NS,DOMS Industries Limited,Industrials,Industrials,Industrials,False,Cash,1,Stage 4,Stage 4,Stage 4,0.66,Price is below weekly structure.,,,,,Stage 4,22.78,Weak,Volume Drying Up,Volume Drying Up (0.78x vs 10W Avg),-1.86,Underperformed Nifty by 1.86% in 3 Months,False,-1.86,-11.73,77498664.94,0.67,1.33,0.78,True,True,"Stage 4, Stage 4, weekly_vcp_ok, volume_dryup, weekly_volume_dryup, weekly_strong, flags=Wide Risk, downtrend",watchlist,weekly_watchlist,watchlist,10.82,34.9,22.78,0.0,22.78,399
MGL.NS,Mahanagar Gas Limited,Utilities,Utilities,Utilities,False,Cash,1,Stage 3,Stage 3,Early,0.68,"Prior strength has shifted into a Stage 3 transition based on trend, relative strength, and volume evidence.",,,2026-08-24,,Stage 3 Early,22.77,Strong,Volume Drying Up,Volume Drying Up (0.48x vs 10W Avg),2.29,Outperformed Nifty by 2.29% in 3 Months,False,2.29,10.64,142306047.93,0.56,1.08,0.48,True,True,"Stage 3, Early, weekly_vcp_ok, volume_dryup, weekly_volume_dryup, weekly_strong, flags=Wider Risk;Low Liquidity, distribution_or_weakening_risk",watchlist,weekly_watchlist,watchlist,11.77,37.29,22.77,0.0,22.77,400
TVSHLTD.NS,TVS Holdings Limited,Auto Parts,Consumer Cyclical,Consumer Cyclical,False,Cash,1,Stage 4,Stage 4,Stage 4,0.66,Price is below weekly structure.,,,,,Stage 4,17.74,Weak,Volume Drying Up,Volume Drying Up (0.77x vs 10W Avg),-7.24,Underperformed Nifty by 7.24% in 3 Months,False,-7.24,-14.71,106934642.7,1.1,1.27,0.77,False,True,"Stage 4, Stage 4, weekly_vcp_ok, weekly_volume_dryup, weekly_strong, flags=Wide Risk, downtrend",watchlist,weekly_watchlist,watchlist,3.15,36.0,17.74,5.0,22.74,401
QUESS.NS,Quess Corp Limited,Industrials,Industrials,Industrials,False,Cash,1,Stage 2,Stage 2,Advancing,0.8,Price is above constructive weekly and long-term trend structure with improving relative strength.,,,2026-09-29,,Stage 2 - Advancing,22.69,Very Strong,Volume Drying Up,Volume Drying Up (0.63x vs 10W Avg),22.0,Outperformed Nifty by 22.0% in 3 Months,True,22.0,86.62,198281315.73,0.57,0.7,0.63,True,True,"Stage 2, Advancing, trend_template_ok, volume_dryup, weekly_volume_dryup, flags=Loose Structure;Wide Risk;Low Liquidity",watchlist,weekly_watchlist,watchlist,37.59,26.6,22.69,0.0,22.69,402
AFFLE.NS,Affle 3i Limited,Communication Services,Communication Services,Communication Services,False,Cash,1,Stage 3,Stage 3,Early,0.68,"Prior strength has shifted into a Stage 3 transition based on trend, relative strength, and volume evidence.",,,,,Stage 3 Early,17.48,Neutral,Volume Drying Up,Volume Drying Up (0.38x vs 10W Avg),11.19,Outperformed Nifty by 11.19% in 3 Months,False,11.19,6.07,575590176.05,0.41,0.73,0.38,True,True,"Stage 3, Early, weekly_vcp_ok, volume_dryup, weekly_volume_dryup, weekly_strong, flags=Wider Risk;Low Liquidity, distribution_or_weakening_risk",watchlist,weekly_watchlist,watchlist,0.0,37.73,17.48,5.0,22.48,403
SUNCLAY.NS,Sundaram Clayton Limited,Metal Fabrication,Industrials,Industrials,False,Cash,1,Stage 4,Stage 4,Stage 4,0.66,Price is below weekly structure.,,,,,Stage 4,12.46,Weak,Volume Drying Up,Volume Normal (0.90x vs 10W Avg),-1.85,Underperformed Nifty by 1.85% in 3 Months,False,-1.85,-3.21,6380324.78,0.61,0.8,0.9,True,False,"Stage 4, Stage 4, weekly_vcp_ok, volume_dryup, weekly_strong, flags=Wider Risk;Low Liquidity, downtrend",watchlist,weekly_watchlist,watchlist,0.0,34.2,12.46,10.0,22.46,404
PDSL.NS,PDS Limited,Industrials,Industrials,Industrials,False,Cash,1,Stage 2,Stage 2,Advancing,0.8,Price is above constructive weekly and long-term trend structure with improving relative strength.,,,2026-09-29,,Stage 2 - Advancing,22.45,Very Strong,Volume Normal,Volume Normal (1.34x vs 10W Avg),3.33,Outperformed Nifty by 3.33% in 3 Months,False,3.33,22.83,47943462.79,1.03,0.47,1.34,False,False,"Stage 2, Advancing, flags=Wider Risk;Low Liquidity",watchlist,weekly_watchlist,watchlist,21.92,15.22,22.45,0.0,22.45,405
LTFOODS.NS,LT Foods Limited,Packaged Foods,Consumer Defensive,Consumer Defensive,False,Cash,1,Failed Stage 2,Stage 1,Failed Stage 2,0.72,"This stock was recently Stage 2, but the latest structure no longer satisfies Stage 2 rules. It is kept as Failed Stage 2 until a fresh base/repair structure forms.",Recent Stage 2 break; public stage held as Failed Stage 2.,2026-09-30,2026-09-25,,Failed Stage 2,22.45,Neutral,Volume Drying Up,Volume Drying Up (0.22x vs 10W Avg),12.67,Outperformed Nifty by 12.67% in 3 Months,False,12.67,3.03,184576871.98,0.23,0.18,0.22,True,True,"Stage 1, Stage 1, weekly_vcp_ok, volume_dryup, weekly_volume_dryup, weekly_strong, flags=Wide Risk;Low Liquidity, stage1_not_actionable, stage1_needs_more_base | Stage 2 failed state applied from stage memory.",watchlist,weekly_watchlist,watchlist,17.34,41.57,22.45,0.0,22.45,406
ONGC.NS,Oil & Natural Gas Corporation Limited,Energy,Energy,Energy,True,F&O,1,Stage 4,Stage 4,Stage 4,0.66,Price is below weekly structure.,,,,,Stage 4,17.21,Weak,Volume Drying Up,Volume Normal (0.86x vs 10W Avg),-0.23,Underperformed Nifty by 0.23% in 3 Months,False,-0.23,-22.19,2257309946.12,0.84,1.09,0.86,True,True,"Stage 4, Stage 4, weekly_vcp_ok, volume_dryup, weekly_volume_dryup, weekly_strong, flags=Wider Risk;Low Liquidity, downtrend",watchlist,weekly_watchlist,watchlist,5.8,32.0,17.21,5.0,22.21,407
TECHM.NS,Tech Mahindra Limited,Information Technology Services,Technology,Technology,True,F&O,1,Stage 1,Stage 1,Stage 1,0.64,Price is building a base around long-term weekly structure without a confirmed advancing phase.,,,2026-09-02,,Stage 1,21.8,Strong,Volume Drying Up,Volume Normal (0.89x vs 10W Avg),15.15,Outperformed Nifty by 15.15% in 3 Months,False,15.15,4.83,2617352860.76,0.82,1.57,0.89,True,True,"Stage 1, Stage 1, weekly_vcp_ok, volume_dryup, weekly_volume_dryup, weekly_strong, flags=Wider Risk;Low Liquidity, stage1_not_actionable, stage1_needs_more_base",watchlist,weekly_watchlist,watchlist,0.0,42.0,21.8,0.0,21.8,408
BAJAJ-AUTO.NS,Bajaj Auto Limited,Auto Manufacturers,Consumer Cyclical,Consumer Cyclical,True,F&O,1,Stage 2,Stage 2,Advancing,0.8,Price is above constructive weekly and long-term trend structure with improving relative strength.,,,2026-09-29,,Stage 2 - Advancing,16.66,Strong,Volume Drying Up,Volume Normal (0.92x vs 10W Avg),15.14,Outperformed Nifty by 15.14% in 3 Months,False,15.14,20.56,2222885208.1,0.84,1.47,0.92,True,False,"Stage 2, Advancing, volume_dryup, flags=Wide Risk;Low Liquidity",watchlist,weekly_watchlist,watchlist,16.34,19.77,16.66,5.0,21.66,409
CARRARO.NS,Carraro India Limited,Auto Parts,Consumer Cyclical,Consumer Cyclical,False,Cash,1,Failed Stage 2,Stage 3,Failed Stage 2,0.72,"This stock was recently Stage 2, but the latest structure no longer satisfies Stage 2 rules. It is kept as Failed Stage 2 until a fresh base/repair structure forms.",Recent Stage 2 break; public stage held as Failed Stage 2.,2026-09-30,2026-09-25,,Failed Stage 2,16.64,Strong,Volume Expanding,Volume Normal (0.90x vs 10W Avg),5.05,Outperformed Nifty by 5.05% in 3 Months,False,5.05,14.24,60208050.18,1.05,2.71,0.9,False,False,"Stage 3, Late, weekly_vcp_ok, weekly_strong, flags=Wider Risk;Low Liquidity, distribution_or_weakening_risk | Stage 2 failed state applied from stage memory.",watchlist,weekly_watchlist,watchlist,14.74,37.23,16.64,5.0,21.64,410
PTC.NS,PTC India Limited,Utilities,Utilities,Utilities,False,Cash,1,Stage 1,Stage 1,Stage 1,0.64,Price is building a base around long-term weekly structure without a confirmed advancing phase.,,,2026-08-11,,Stage 1,21.63,Strong,Volume Drying Up,Volume Drying Up (0.55x vs 10W Avg),7.16,Outperformed Nifty by 7.16% in 3 Months,False,7.16,6.48,175349318.72,0.54,0.84,0.55,True,True,"Stage 1, Stage 1, weekly_vcp_ok, volume_dryup, weekly_volume_dryup, weekly_strong, flags=Wide Risk;Low Liquidity, stage1_not_actionable, stage1_needs_more_base",watchlist,weekly_watchlist,watchlist,15.06,41.36,21.63,0.0,21.63,411
IDEAFORGE.NS,Ideaforge Technology Limited,Technology,Technology,Technology,False,Cash,1,Stage 3,Stage 3,Early,0.68,"Prior strength has shifted into a Stage 3 transition based on trend, relative strength, and volume evidence.",,,2026-08-20,,Stage 3 Early,11.47,Weak,Volume Drying Up,Volume Drying Up (0.57x vs 10W Avg),-7.61,Underperformed Nifty by 7.61% in 3 Months,False,-7.61,80.62,176287368.67,0.68,0.81,0.57,True,True,"Stage 3, Early, weekly_vcp_ok, volume_dryup, weekly_volume_dryup, flags=Wide Risk;Low Liquidity, distribution_or_weakening_risk",watchlist,weekly_watchlist,watchlist,0.0,29.6,11.47,10.0,21.47,412
WONDERLA.NS,Wonderla Holidays Limited,Consumer Cyclical,Consumer Cyclical,Consumer Cyclical,False,Cash,1,Stage 1,Stage 1,Stage 1,0.64,Price is building a base around long-term weekly structure without a confirmed advancing phase.,,,,,Stage 1,19.25,Strong,Volume Drying Up,Volume Drying Up (0.35x vs 10W Avg),7.42,Outperformed Nifty by 7.42% in 3 Months,False,7.42,-4.38,25616348.27,0.37,0.23,0.35,True,True,"Stage 1, Stage 1, weekly_vcp_ok, volume_dryup, weekly_volume_dryup, weekly_strong, flags=Wider Risk;Low Liquidity, stage1_not_actionable, stage1_needs_more_base",watchlist,weekly_watchlist,watchlist,0.6,40.3,19.25,2.0,21.25,413
BASF.NS,BASF India Limited,Specialty Chemicals,Basic Materials,Basic Materials,False,Cash,1,Stage 1,Stage 1,Stage 1,0.64,Price is building a base around long-term weekly structure without a confirmed advancing phase.,,,,,Stage 1,16.09,Neutral,Volume Drying Up,Volume Drying Up (0.29x vs 10W Avg),2.14,Outperformed Nifty by 2.14% in 3 Months,False,2.14,3.28,70475980.75,0.47,0.59,0.29,True,True,"Stage 1, Stage 1, weekly_vcp_ok, volume_dryup, weekly_volume_dryup, weekly_strong, flags=Wide Risk;Low Liquidity, stage1_not_actionable, stage1_needs_more_base",watchlist,weekly_watchlist,watchlist,10.72,40.54,16.09,5.0,21.09,414
DRREDDY.NS,Dr. Reddy's Laboratories Limited,Drug Manufacturers - Specialty & Generic,Healthcare,Healthcare,True,F&O,1,Stage 4,Stage 4,Stage 4,0.66,Price is below weekly structure.,,,,,Stage 4,11.07,Neutral,Volume Expanding,Volume Expanding (1.79x vs 10W Avg),-2.49,Underperformed Nifty by 2.49% in 3 Months,False,-2.49,2.44,2174732086.46,1.45,2.61,1.79,False,False,"Stage 4, Stage 4, flags=Low Liquidity, downtrend",watchlist,weekly_watchlist,watchlist,12.55,3.8,11.07,10.0,21.07,415
EICHERMOT.NS,Eicher Motors Limited,Auto Manufacturers,Consumer Cyclical,Consumer Cyclical,True,F&O,1,Stage 1,Stage 1,Stage 1,0.64,Price is building a base around long-term weekly structure without a confirmed advancing phase.,,,2026-09-01,,Stage 1,15.98,Neutral,Volume Drying Up,Volume Normal (0.89x vs 10W Avg),3.5,Outperformed Nifty by 3.5% in 3 Months,False,3.5,8.08,2604177022.05,0.78,1.09,0.89,True,True,"Stage 1, Stage 1, weekly_vcp_ok, volume_dryup, weekly_volume_dryup, weekly_strong, flags=Wide Risk;Low Liquidity, stage1_not_actionable, stage1_needs_more_base",watchlist,weekly_watchlist,watchlist,0.0,41.16,15.98,5.0,20.98,416
BBOX.NS,Black Box Limited,Software - Application,Technology,Technology,False,Cash,1,Failed Stage 2,Stage 1,Failed Stage 2,0.72,"This stock was recently Stage 2, but the latest structure no longer satisfies Stage 2 rules. It is kept as Failed Stage 2 until a fresh base/repair structure forms.",Recent Stage 2 break; public stage held as Failed Stage 2.,2026-09-30,2026-09-29,,Failed Stage 2,15.97,Neutral,Volume Expanding,Volume Expanding (1.73x vs 10W Avg),-11.9,Underperformed Nifty by 11.9% in 3 Months,False,-11.9,69.59,528673007.01,1.42,2.18,1.73,False,False,"Stage 1, Stage 1, flags=Wide Base;Wide Weekly Base;Wide Risk;Low Liquidity, stage1_not_actionable, stage1_needs_more_base | Stage 2 failed state applied from stage memory.",watchlist,weekly_watchlist,watchlist,18.03,21.97,15.97,5.0,20.97,417
ARE&M.NS,Amara Raja Energy & Mobility Limited,Electrical Equipment & Parts,Industrials,Industrials,False,Cash,1,Stage 4,Stage 4,Stage 4,0.66,Price is below weekly structure.,,,2026-09-02,,Stage 4,10.82,Weak,Volume Drying Up,Volume Drying Up (0.49x vs 10W Avg),-4.05,Underperformed Nifty by 4.05% in 3 Months,False,-4.05,3.59,335931797.38,0.58,1.79,0.49,True,True,"Stage 4, Stage 4, weekly_vcp_ok, volume_dryup, weekly_volume_dryup, weekly_strong, flags=Wide Risk;Low Liquidity, downtrend",watchlist,weekly_watchlist,watchlist,7.96,32.0,10.82,10.0,20.82,418
MTARTECH.NS,Mtar Technologies Limited,Specialty Industrial Machinery,Industrials,Industrials,False,Cash,1,Stage 2,Stage 2,Advancing,0.9,Price is above constructive weekly and long-term trend structure with improving relative strength.,,,2026-09-29,,Stage 2 - Advancing,10.76,Very Strong,Volume Normal,Volume Normal (1.21x vs 10W Avg),17.44,Outperformed Nifty by 17.44% in 3 Months,True,17.44,97.28,898888606.3,0.87,1.8,1.21,False,False,"Stage 2, Advancing, trend_template_ok, flags=Wide Weekly Base;Loose Structure;Wide Risk;Circuit Risk;Low Liquidity",watchlist,weekly_watchlist,watchlist,34.51,31.0,10.76,10.0,20.76,419
NTPCGREEN.NS,NTPC Green Energy Limited,Utilities - Renewable,Utilities,Utilities,False,Cash,1,Stage 1,Stage 1,Stage 1,0.64,Price is building a base around long-term weekly structure without a confirmed advancing phase.,,,,,Stage 1,20.63,Strong,Volume Drying Up,Volume Drying Up (0.58x vs 10W Avg),5.05,Outperformed Nifty by 5.05% in 3 Months,False,5.05,-4.75,258817977.44,0.78,1.33,0.58,True,True,"Stage 1, Stage 1, weekly_vcp_ok, volume_dryup, weekly_volume_dryup, flags=Low Liquidity, stage1_not_actionable, stage1_needs_more_base",watchlist,weekly_watchlist,watchlist,9.18,26.33,20.63,0.0,20.63,420
BANCOINDIA.NS,Banco Products (I) Limited,Auto Parts,Consumer Cyclical,Consumer Cyclical,False,Cash,1,Stage 4,Stage 4,Stage 4,0.86,Price is below the 30-week trend and below long-term support structure.,,,,,Stage 4,15.57,Neutral,Volume Drying Up,Volume Drying Up (0.57x vs 10W Avg),-2.5,Underperformed Nifty by 2.5% in 3 Months,False,-2.5,13.97,51624825.12,0.57,1.31,0.57,True,True,"Stage 4, Stage 4, weekly_vcp_ok, volume_dryup, weekly_volume_dryup, weekly_strong, flags=Wide Weekly Base;Wide Risk;Low Liquidity, downtrend",watchlist,weekly_watchlist,watchlist,9.71,35.35,15.57,5.0,20.57,421
BOROLTD.NS,Borosil Limited,"Furnishings, Fixtures & Appliances",Consumer Cyclical,Consumer Cyclical,False,Cash,1,Stage 1,Stage 1,Stage 1,0.68,Price is building a base around long-term weekly structure without a confirmed advancing phase.,,,,,Stage 1,20.52,Very Strong,Volume Expanding,Volume Expanding (1.56x vs 10W Avg),29.08,Outperformed Nifty by 29.08% in 3 Months,False,29.08,22.02,103972057.41,0.82,1.08,1.56,True,False,"Stage 1, Stage 1, weekly_vcp_ok, volume_dryup, weekly_strong, flags=Wide Weekly Base;Wide Risk;Low Liquidity, stage1_not_actionable, stage1_needs_more_base",watchlist,weekly_watchlist,watchlist,0.0,53.11,20.52,0.0,20.52,422
COHANCE.NS,Cohance Lifesciences Limited,Drug Manufacturers - Specialty & Generic,Healthcare,Healthcare,False,Cash,1,Stage 1,Stage 1,Stage 1,0.64,Price is building a base around long-term weekly structure without a confirmed advancing phase.,,,,,Stage 1,10.35,Strong,Volume Drying Up,Volume Drying Up (0.78x vs 10W Avg),4.82,Outperformed Nifty by 4.82% in 3 Months,False,4.82,46.43,555650641.27,1.43,1.17,0.78,False,True,"Stage 1, Stage 1, weekly_volume_dryup, flags=Wider Risk;Low Liquidity, stage1_not_actionable, stage1_needs_more_base",watchlist,weekly_watchlist,watchlist,7.93,4.13,10.35,10.0,20.35,423
ANURAS.NS,Anupam Rasayan India Limited,Specialty Chemicals,Basic Materials,Basic Materials,False,Cash,1,Stage 1,Stage 1,Stage 1,0.64,Price is building a base around long-term weekly structure without a confirmed advancing phase.,,,,,Stage 1,15.33,Weak,Volume Drying Up,Volume Drying Up (0.46x vs 10W Avg),-0.03,Underperformed Nifty by 0.03% in 3 Months,False,-0.03,-6.21,670514501.91,2.39,0.28,0.46,False,True,"Stage 1, Stage 1, weekly_vcp_ok, weekly_volume_dryup, weekly_strong, flags=Low Liquidity, stage1_not_actionable, stage1_needs_more_base",watchlist,weekly_watchlist,watchlist,0.0,40.0,15.33,5.0,20.33,424
KIRIINDUS.NS,Kiri Industries Limited,Specialty Chemicals,Basic Materials,Basic Materials,False,Cash,1,Stage 1,Stage 1,Stage 1,0.68,Price is building a base around long-term weekly structure without a confirmed advancing phase.,,,,,Stage 1,15.21,Very Strong,Volume Drying Up,Volume Drying Up (0.64x vs 10W Avg),48.19,Outperformed Nifty by 48.19% in 3 Months,False,48.19,41.57,801482537.72,0.61,0.24,0.64,True,True,"Stage 1, Stage 1, weekly_vcp_ok, volume_dryup, weekly_volume_dryup, weekly_strong, flags=Wide Weekly Base;Loose Structure;Wide Risk;Low Liquidity, stage1_not_actionable, stage1_needs_more_base",watchlist,weekly_watchlist,watchlist,0.0,49.1,15.21,5.0,20.21,425
BALUFORGE.NS,Balu Forge Industries Limited,Metal Fabrication,Industrials,Industrials,False,Cash,1,Failed Stage 2,Stage 1,Failed Stage 2,0.72,"This stock was recently Stage 2, but the latest structure no longer satisfies Stage 2 rules. It is kept as Failed Stage 2 until a fresh base/repair structure forms.",Recent Stage 2 break; public stage held as Failed Stage 2.,2026-09-30,2026-09-23,,Failed Stage 2,10.14,Strong,Volume Drying Up,Volume Drying Up (0.28x vs 10W Avg),14.65,Outperformed Nifty by 14.65% in 3 Months,False,14.65,9.01,468635778.77,0.36,0.17,0.28,True,True,"Stage 1, Stage 1, weekly_vcp_ok, volume_dryup, weekly_volume_dryup, weekly_strong, flags=Wide Weekly Base;Loose Structure;Wide Risk;Low Liquidity, stage1_not_actionable, stage1_needs_more_base | Stage 2 failed state applied from stage memory.",watchlist,weekly_watchlist,watchlist,0.0,43.47,10.14,10.0,20.14,426
TATASTEEL.NS,Tata Steel Limited,Steel,Basic Materials,Basic Materials,True,F&O,1,Stage 1,Stage 1,Stage 1,0.64,Price is building a base around long-term weekly structure without a confirmed advancing phase.,,,,,Stage 1,10.1,Neutral,Volume Normal,Volume Normal (0.87x vs 10W Avg),3.36,Outperformed Nifty by 3.36% in 3 Months,False,3.36,-6.36,4656942593.51,0.93,1.2,0.87,False,True,"Stage 1, Stage 1, weekly_volume_dryup, flags=Wider Risk;Low Liquidity, stage1_not_actionable, stage1_needs_more_base",watchlist,weekly_watchlist,watchlist,7.33,10.4,10.1,10.0,20.1,427
AUTOAXLES.NS,Automotive Axles Limited,Auto Parts,Consumer Cyclical,Consumer Cyclical,False,Cash,1,Stage 4,Stage 4,Stage 4,0.66,Price is below weekly structure.,,,2026-08-05,,Stage 4,14.91,Strong,Volume Drying Up,Volume Normal (0.96x vs 10W Avg),2.5,Outperformed Nifty by 2.5% in 3 Months,False,2.5,2.94,10063682.19,0.69,0.48,0.96,True,False,"Stage 4, Stage 4, weekly_vcp_ok, volume_dryup, weekly_strong, flags=Wide Risk;Low Liquidity, downtrend",watchlist,weekly_watchlist,watchlist,0.0,32.54,14.91,5.0,19.91,428
MAYURUNIQ.NS,Mayur Uniquoters Ltd,Textile Manufacturing,Consumer Cyclical,Consumer Cyclical,False,Cash,1,Failed Stage 2,Stage 3,Failed Stage 2,0.72,"This stock was recently Stage 2, but the latest structure no longer satisfies Stage 2 rules. It is kept as Failed Stage 2 until a fresh base/repair structure forms.",Recent Stage 2 break; public stage held as Failed Stage 2.,2026-09-30,2026-09-21,,Failed Stage 2,14.85,Neutral,Volume Drying Up,Volume Normal (0.88x vs 10W Avg),-9.38,Underperformed Nifty by 9.38% in 3 Months,False,-9.38,37.56,79114385.67,0.83,1.4,0.88,True,True,"Stage 3, Early, volume_dryup, weekly_volume_dryup, flags=Wider Risk;Low Liquidity, distribution_or_weakening_risk | Stage 2 failed state applied from stage memory.",watchlist,weekly_watchlist,watchlist,12.63,5.02,14.85,5.0,19.85,429
BLUEDART.NS,Blue Dart Express Limited,Industrials,Industrials,Industrials,False,Cash,1,Stage 4,Stage 4,Stage 4,0.86,Price is below the 30-week trend and below long-term support structure.,,,,,Stage 4,19.42,Weak,Volume Drying Up,Volume Normal (0.97x vs 10W Avg),2.21,Outperformed Nifty by 2.21% in 3 Months,False,2.21,-6.81,55246332.06,0.58,1.38,0.97,True,False,"Stage 4, Stage 4, weekly_vcp_ok, volume_dryup, weekly_strong, flags=Wide Risk, downtrend",watchlist,weekly_watchlist,watchlist,5.41,34.9,19.42,0.0,19.42,430
STYLEBAAZA.NS,Baazar Style Retail Limited,Consumer Cyclical,Consumer Cyclical,Consumer Cyclical,False,Cash,1,Stage 2,Stage 2,Advancing,0.9,Price is above constructive weekly and long-term trend structure with improving relative strength.,,,2026-09-29,,Stage 2 - Advancing,17.42,Very Strong,Volume Expanding,Volume Expanding (1.79x vs 10W Avg),27.56,Outperformed Nifty by 27.56% in 3 Months,True,27.56,34.01,471093784.5,1.47,1.21,1.79,False,False,"Stage 2, Advancing, trend_template_ok, weekly_vcp_ok, flags=Wide Weekly Base;Loose Structure;Wide Risk;Circuit Risk;Low Liquidity",watchlist,weekly_forming,watchlist,30.03,46.06,17.42,2.0,19.42,431
DIACABS.NS,Diamond Power Infrastructure Limited,Specialty Industrial Machinery,Industrials,Industrials,False,Cash,1,Stage 2,Stage 2,Extended,0.78,"Weekly advancing structure remains intact, but price is stretched versus key moving averages.",,,2026-09-29,,Stage 2 - Extended,9.36,Very Strong,Volume Drying Up,Volume Drying Up (0.20x vs 10W Avg),68.71,Outperformed Nifty by 68.71% in 3 Months,True,68.71,175.32,316348431.94,0.28,0.37,0.2,True,True,"Stage 2, Extended, trend_template_ok, volume_dryup, weekly_volume_dryup, flags=Loose Structure;Extended;Wide Risk;Circuit Risk;Low Liquidity",watchlist,weekly_watchlist,watchlist,35.13,19.4,9.36,10.0,19.36,432
CDSL.NS,Central Depository Services (India) Limited,Capital Markets,Financial Services,Financial Services,True,F&O,1,Not Sure,Stage 1,Pending Stage 1,0.55,Blocked public stage jump Stage 3 -> Stage 1; waiting for intermediate/confirmed structure.,Blocked public stage jump Stage 3 -> Stage 1; waiting for intermediate/confirmed structure.,,,Stage 1,Not Sure - Unclear,19.15,Neutral,Volume Normal,Volume Normal (0.97x vs 10W Avg),0.69,Outperformed Nifty by 0.69% in 3 Months,False,0.69,4.69,1520920353.2,0.95,0.66,0.97,False,False,"Stage 1, Stage 1, weekly_vcp_ok, weekly_strong, flags=Wide Risk;Low Liquidity, stage1_not_actionable, stage1_needs_more_base | Blocked public stage jump Stage 3 -> Stage 1; waiting for intermediate/confirmed structure.",watchlist,weekly_watchlist,watchlist,10.73,40.54,19.15,0.0,19.15,433
GANECOS.NS,Ganesha Ecosphere Limited,Textile Manufacturing,Consumer Cyclical,Consumer Cyclical,False,Cash,1,Failed Stage 2,Stage 1,Failed Stage 2,0.72,"This stock was recently Stage 2, but the latest structure no longer satisfies Stage 2 rules. It is kept as Failed Stage 2 until a fresh base/repair structure forms.",Recent Stage 2 break; public stage held as Failed Stage 2.,2026-09-30,2026-09-29,,Failed Stage 2,14.01,Neutral,Volume Drying Up,Volume Drying Up (0.46x vs 10W Avg),4.49,Outperformed Nifty by 4.49% in 3 Months,False,4.49,-12.08,103516129.28,0.89,0.45,0.46,False,True,"Stage 1, Stage 1, weekly_volume_dryup, flags=Wide Risk, stage1_not_actionable, stage1_needs_more_base | Stage 2 failed state applied from stage memory.",watchlist,weekly_watchlist,watchlist,0.0,6.4,14.01,5.0,19.01,434
ELECON.NS,Elecon Engineering Company Limited,Specialty Industrial Machinery,Industrials,Industrials,False,Cash,1,Stage 1,Stage 1,Stage 1,0.64,Price is building a base around long-term weekly structure without a confirmed advancing phase.,,,2026-07-14,,Stage 1,8.99,Neutral,Volume Expanding,Volume Expanding (1.98x vs 10W Avg),-6.24,Underperformed Nifty by 6.24% in 3 Months,False,-6.24,15.96,1215918245.39,3.3,0.44,1.98,False,False,"Stage 1, Stage 1, stage1_base_ready, flags=Wide Risk;Low Liquidity, stage1_not_actionable",watchlist,weekly_watchlist,watchlist,13.77,13.37,8.99,10.0,18.99,435
BAJFINANCE.NS,Bajaj Finance Limited,Credit Services,Financial Services,Financial Services,True,F&O,1,Failed Stage 2,Stage 1,Failed Stage 2,0.72,"This stock was recently Stage 2, but the latest structure no longer satisfies Stage 2 rules. It is kept as Failed Stage 2 until a fresh base/repair structure forms.",Recent Stage 2 break; public stage held as Failed Stage 2.,2026-09-30,2026-09-25,,Failed Stage 2,16.89,Neutral,Volume Normal,Volume Normal (1.19x vs 10W Avg),0.03,Outperformed Nifty by 0.03% in 3 Months,False,0.03,11.59,6121659091.94,1.03,1.21,1.19,False,False,"Stage 1, Stage 1, weekly_vcp_ok, weekly_strong, flags=Wide Risk;Low Liquidity, stage1_not_actionable, stage1_needs_more_base | Stage 2 failed state applied from stage memory.",watchlist,weekly_watchlist,watchlist,5.04,41.16,16.89,2.0,18.89,436
ATUL.NS,Atul Limited,Specialty Chemicals,Basic Materials,Basic Materials,False,Cash,1,Stage 1,Stage 1,Stage 1,0.64,Price is building a base around long-term weekly structure without a confirmed advancing phase.,,,,,Stage 1,13.82,Weak,Volume Drying Up,Volume Drying Up (0.60x vs 10W Avg),-1.18,Underperformed Nifty by 1.18% in 3 Months,False,-1.18,-5.59,175651114.95,0.63,2.24,0.6,True,True,"Stage 1, Stage 1, weekly_vcp_ok, volume_dryup, weekly_volume_dryup, weekly_strong, flags=Wider Risk;Low Liquidity, stage1_not_actionable, stage1_needs_more_base",watchlist,weekly_watchlist,watchlist,0.0,40.0,13.82,5.0,18.82,437
KIMS.NS,Krishna Institute of Medical Sciences Limited,Medical Care Facilities,Healthcare,Healthcare,False,Cash,1,Failed Stage 2,Stage 3,Failed Stage 2,0.72,"This stock was recently Stage 2, but the latest structure no longer satisfies Stage 2 rules. It is kept as Failed Stage 2 until a fresh base/repair structure forms.",Recent Stage 2 break; public stage held as Failed Stage 2.,2026-09-30,2026-09-25,,Failed Stage 2,18.63,Neutral,Volume Expanding,Volume Normal (1.33x vs 10W Avg),-2.65,Underperformed Nifty by 2.65% in 3 Months,False,-2.65,15.39,388636192.78,1.18,4.84,1.33,False,False,"Stage 3, Early, weekly_vcp_ok, weekly_strong, flags=Wide Risk;Low Liquidity, distribution_or_weakening_risk | Stage 2 failed state applied from stage memory.",watchlist,weekly_watchlist,watchlist,16.82,32.87,18.63,0.0,18.63,438
CANBK.NS,Canara Bank,Banks - Regional,Financial Services,Financial Services,True,F&O,1,Stage 4,Stage 4,Stage 4,0.66,Price is below weekly structure.,,,,,Stage 4,16.61,Weak,Volume Drying Up,Volume Normal (0.86x vs 10W Avg),1.25,Outperformed Nifty by 1.25% in 3 Months,False,1.25,-6.03,1420753039.4,0.79,1.08,0.86,True,True,"Stage 4, Stage 4, weekly_vcp_ok, volume_dryup, weekly_volume_dryup, weekly_strong, flags=Wider Risk;Low Liquidity, downtrend",watchlist,weekly_watchlist,watchlist,7.1,33.1,16.61,2.0,18.61,439
BALKRISIND.NS,Balkrishna Industries Limited,Auto Parts,Consumer Cyclical,Consumer Cyclical,False,Cash,1,Stage 1,Stage 1,Stage 1,0.64,Price is building a base around long-term weekly structure without a confirmed advancing phase.,,,,,Stage 1,13.57,Neutral,Volume Drying Up,Volume Drying Up (0.18x vs 10W Avg),2.89,Outperformed Nifty by 2.89% in 3 Months,False,2.89,-1.47,505008046.64,0.3,0.21,0.18,True,True,"Stage 1, Stage 1, weekly_vcp_ok, volume_dryup, weekly_volume_dryup, weekly_strong, flags=Wide Risk;Low Liquidity, stage1_not_actionable, stage1_needs_more_base",watchlist,weekly_watchlist,watchlist,0.0,35.74,13.57,5.0,18.57,440
COFORGE.NS,Coforge Limited,Information Technology Services,Technology,Technology,True,F&O,1,Stage 2,Stage 2,Advancing,0.8,Price is above constructive weekly and long-term trend structure with improving relative strength.,,,2026-09-29,,Stage 2 - Advancing,18.55,Very Strong,Volume Drying Up,Volume Drying Up (0.60x vs 10W Avg),25.11,Outperformed Nifty by 25.11% in 3 Months,True,25.11,41.17,4256966433.42,0.61,1.34,0.6,True,True,"Stage 2, Advancing, trend_template_ok, volume_dryup, weekly_volume_dryup, flags=Wide Weekly Base;Loose Structure;Wide Risk;Low Liquidity",watchlist,weekly_watchlist,watchlist,36.22,24.03,18.55,0.0,18.55,441
MARICO.NS,Marico Limited,Household & Personal Products,Consumer Defensive,Consumer Defensive,True,F&O,1,Stage 1,Stage 1,Stage 1,0.64,Price is building a base around long-term weekly structure without a confirmed advancing phase.,,,2026-08-04,,Stage 1,16.37,Neutral,Volume Drying Up,Volume Drying Up (0.78x vs 10W Avg),1.01,Outperformed Nifty by 1.01% in 3 Months,False,1.01,3.53,1233622425.44,0.87,1.55,0.78,False,True,"Stage 1, Stage 1, weekly_vcp_ok, weekly_volume_dryup, weekly_strong, flags=Wider Risk;Low Liquidity, stage1_not_actionable, stage1_needs_more_base",watchlist,weekly_watchlist,watchlist,0.0,40.45,16.37,2.0,18.37,442
UNOMINDA.NS,UNO Minda Limited,Auto Parts,Consumer Cyclical,Consumer Cyclical,True,F&O,1,Failed Stage 2,Stage 1,Failed Stage 2,0.72,"This stock was recently Stage 2, but the latest structure no longer satisfies Stage 2 rules. It is kept as Failed Stage 2 until a fresh base/repair structure forms.",Recent Stage 2 break; public stage held as Failed Stage 2.,2026-09-30,2026-09-18,,Failed Stage 2,13.36,Strong,Volume Drying Up,Volume Drying Up (0.67x vs 10W Avg),9.61,Outperformed Nifty by 9.61% in 3 Months,False,9.61,13.43,620833209.49,0.84,0.86,0.67,True,True,"Stage 1, Stage 1, weekly_vcp_ok, volume_dryup, weekly_volume_dryup, flags=Wide Risk;Low Liquidity, stage1_not_actionable, stage1_needs_more_base | Stage 2 failed state applied from stage memory.",watchlist,weekly_watchlist,watchlist,0.0,28.6,13.36,5.0,18.36,443
INDUSTOWER.NS,Indus Towers Limited,Telecom Services,Communication Services,Communication Services,True,F&O,1,Stage 4,Stage 4,Stage 4,0.66,Price is below weekly structure.,,,,,Stage 4,18.34,Neutral,Volume Normal,Volume Normal (1.24x vs 10W Avg),6.98,Outperformed Nifty by 6.98% in 3 Months,False,6.98,-9.78,1693885989.72,0.97,1.52,1.24,False,False,"Stage 4, Stage 4, weekly_vcp_ok, weekly_strong, flags=Low Liquidity, downtrend",watchlist,weekly_watchlist,watchlist,3.13,32.0,18.34,0.0,18.34,444
ASIANPAINT.NS,Asian Paints Limited,Specialty Chemicals,Basic Materials,Basic Materials,True,F&O,1,Stage 3,Stage 3,Early,0.68,"Prior strength has shifted into a Stage 3 transition based on trend, relative strength, and volume evidence.",,,2026-07-23,,Stage 3 Early,13.29,Weak,Volume Drying Up,Volume Normal (0.90x vs 10W Avg),-5.99,Underperformed Nifty by 5.99% in 3 Months,False,-5.99,9.56,1248435566.04,0.79,1.02,0.9,True,True,"Stage 3, Early, weekly_vcp_ok, volume_dryup, weekly_volume_dryup, weekly_strong, flags=Wide Risk;Low Liquidity, distribution_or_weakening_risk",watchlist,weekly_watchlist,watchlist,9.82,36.36,13.29,5.0,18.29,445
BRIGADE.NS,Brigade Enterprises Limited,Real Estate,Real Estate,Real Estate,False,Cash,1,Failed Stage 2,Stage 1,Failed Stage 2,0.72,"This stock was recently Stage 2, but the latest structure no longer satisfies Stage 2 rules. It is kept as Failed Stage 2 until a fresh base/repair structure forms.",Recent Stage 2 break; public stage held as Failed Stage 2.,2026-09-30,2026-09-25,,Failed Stage 2,16.17,Strong,Volume Drying Up,Volume Drying Up (0.53x vs 10W Avg),14.22,Outperformed Nifty by 14.22% in 3 Months,False,14.22,10.01,437741758.05,0.55,0.88,0.53,True,True,"Stage 1, Stage 1, weekly_vcp_ok, volume_dryup, weekly_volume_dryup, weekly_strong, flags=Loose Structure;Wide Risk;Low Liquidity, stage1_not_actionable, stage1_needs_more_base | Stage 2 failed state applied from stage memory.",watchlist,weekly_watchlist,watchlist,8.92,42.42,16.17,2.0,18.17,446
RPSGVENT.NS,RPSG VENTURES LIMITED,Information Technology Services,Technology,Technology,False,Cash,1,Failed Stage 2,Stage 1,Failed Stage 2,0.72,"This stock was recently Stage 2, but the latest structure no longer satisfies Stage 2 rules. It is kept as Failed Stage 2 until a fresh base/repair structure forms.",Recent Stage 2 break; public stage held as Failed Stage 2.,2026-09-30,2026-09-09,,Failed Stage 2,18.14,Neutral,Volume Normal,Volume Normal (1.17x vs 10W Avg),9.29,Outperformed Nifty by 9.29% in 3 Months,False,9.29,-25.12,26111485.04,0.87,1.5,1.17,False,False,"Stage 1, Stage 1, weekly_vcp_ok, weekly_strong, flags=Wide Risk;Low Liquidity, stage1_not_actionable, stage1_needs_more_base | Stage 2 failed state applied from stage memory.",watchlist,weekly_watchlist,watchlist,0.0,41.1,18.14,0.0,18.14,447
VEEDOL.NS,Veedol Corporation Limited,Specialty Chemicals,Basic Materials,Basic Materials,False,Cash,1,Not Sure,Stage 1,Pending Stage 1,0.55,Blocked public stage jump Stage 4 -> Stage 1; waiting for intermediate/confirmed structure.,Blocked public stage jump Stage 4 -> Stage 1; waiting for intermediate/confirmed structure.,,,Stage 1,Not Sure - Unclear,13.13,Strong,Volume Drying Up,Volume Drying Up (0.75x vs 10W Avg),2.75,Outperformed Nifty by 2.75% in 3 Months,False,2.75,3.77,11386462.46,0.77,1.03,0.75,True,True,"Stage 1, Stage 1, weekly_vcp_ok, volume_dryup, weekly_volume_dryup, flags=Wide Risk;Low Liquidity, stage1_not_actionable, stage1_needs_more_base | Blocked public stage jump Stage 4 -> Stage 1; waiting for intermediate/confirmed structure.",watchlist,weekly_watchlist,watchlist,3.19,26.95,13.13,5.0,18.13,448
RITES.NS,RITES Limited,Engineering & Construction,Industrials,Industrials,False,Cash,1,Stage 3,Stage 3,Early,0.68,"Prior strength has shifted into a Stage 3 transition based on trend, relative strength, and volume evidence.",,,,,Stage 3 Early,18.08,Strong,Volume Expanding,Volume Expanding (21.02x vs 10W Avg),5.4,Outperformed Nifty by 5.4% in 3 Months,False,5.4,9.86,590378084.52,3.63,160.03,21.02,False,False,"Stage 3, Early, weekly_vcp_ok, weekly_strong, flags=Low Liquidity, distribution_or_weakening_risk",watchlist,weekly_watchlist,watchlist,0.0,37.53,18.08,0.0,18.08,449
HINDPETRO.NS,Hindustan Petroleum Corporation Limited,Oil & Gas Refining & Marketing,Energy,Energy,True,F&O,1,Stage 4,Stage 4,Stage 4,0.86,Price is below the 30-week trend and below long-term support structure.,,,,,Stage 4,13.02,Neutral,Volume Drying Up,Volume Drying Up (0.72x vs 10W Avg),-1.18,Underperformed Nifty by 1.18% in 3 Months,False,-1.18,9.87,1245444945.67,0.72,0.66,0.72,True,True,"Stage 4, Stage 4, weekly_vcp_ok, volume_dryup, weekly_volume_dryup, weekly_strong, flags=Wide Risk;Low Liquidity, downtrend",watchlist,weekly_watchlist,watchlist,7.42,32.87,13.02,5.0,18.02,450
JUNIPER.NS,Juniper Hotels Limited,Lodging,Consumer Cyclical,Consumer Cyclical,False,Cash,1,Not Sure,Not Sure,Not Sure,0.0,Stage rules did not identify a reliable structure.,No confident stage classification.,,,,Not Sure - Unclear,16.0,Strong,Volume Drying Up,Volume Drying Up (0.32x vs 10W Avg),15.72,Outperformed Nifty by 15.72% in 3 Months,False,15.72,3.25,39064202.28,0.47,0.37,0.32,True,True,"Not Sure, Unclear, weekly_vcp_ok, volume_dryup, weekly_volume_dryup, flags=Wider Risk;Low Liquidity",watchlist,weekly_watchlist,watchlist,0.0,32.2,16.0,2.0,18.0,451
PRESTIGE.NS,Prestige Estates Projects Limited,Real Estate,Real Estate,Real Estate,True,F&O,1,Failed Stage 2,Stage 3,Failed Stage 2,0.72,"This stock was recently Stage 2, but the latest structure no longer satisfies Stage 2 rules. It is kept as Failed Stage 2 until a fresh base/repair structure forms.",Recent Stage 2 break; public stage held as Failed Stage 2.,2026-09-30,2026-09-23,,Failed Stage 2,15.88,Neutral,Volume Expanding,Volume Normal (1.26x vs 10W Avg),-6.1,Underperformed Nifty by 6.1% in 3 Months,False,-6.1,20.12,748427015.5,1.0,2.86,1.26,False,False,"Stage 3, Early, weekly_vcp_ok, weekly_strong, flags=Wide Risk;Low Liquidity, distribution_or_weakening_risk | Stage 2 failed state applied from stage memory.",watchlist,weekly_watchlist,watchlist,0.0,37.4,15.88,2.0,17.88,452
GRSE.NS,Garden Reach Shipbuilders & Engineers Limited,Aerospace & Defense,Industrials,Industrials,False,Cash,1,Stage 4,Stage 4,Stage 4,0.66,Price is below weekly structure.,,,2026-08-28,,Stage 4,7.73,Weak,Volume Drying Up,Volume Drying Up (0.81x vs 10W Avg),-14.08,Underperformed Nifty by 14.08% in 3 Months,False,-14.08,-6.38,748417260.35,0.83,1.11,0.81,True,True,"Stage 4, Stage 4, weekly_vcp_ok, volume_dryup, weekly_volume_dryup, weekly_strong, flags=Wide Risk;Low Liquidity, downtrend",watchlist,weekly_watchlist,watchlist,5.96,32.0,7.73,10.0,17.73,453
UNIONBANK.NS,Union Bank of India,Banks - Regional,Financial Services,Financial Services,True,F&O,1,Failed Stage 2,Stage 1,Failed Stage 2,0.72,"This stock was recently Stage 2, but the latest structure no longer satisfies Stage 2 rules. It is kept as Failed Stage 2 until a fresh base/repair structure forms.",Recent Stage 2 break; public stage held as Failed Stage 2.,2026-09-30,2026-09-25,,Failed Stage 2,15.69,Neutral,Volume Expanding,Volume Normal (1.07x vs 10W Avg),12.96,Outperformed Nifty by 12.96% in 3 Months,False,12.96,1.13,1415634381.77,0.86,2.18,1.07,False,False,"Stage 1, Stage 1, weekly_vcp_ok, weekly_strong, flags=Wide Risk;Low Liquidity, stage1_not_actionable, stage1_needs_more_base | Stage 2 failed state applied from stage memory.",watchlist,weekly_watchlist,watchlist,0.0,42.51,15.69,2.0,17.69,454
ICICIBANK.NS,ICICI Bank Limited,Banks - Regional,Financial Services,Financial Services,True,F&O,1,Stage 3,Stage 3,Early,0.68,"Prior strength has shifted into a Stage 3 transition based on trend, relative strength, and volume evidence.",,,,,Stage 3 Early,15.63,Strong,Volume Normal,Volume Normal (1.11x vs 10W Avg),0.21,Outperformed Nifty by 0.21% in 3 Months,False,0.21,5.72,11958393600.34,0.9,1.64,1.11,False,False,"Stage 3, Early, weekly_vcp_ok, weekly_strong, flags=Wider Risk;Low Liquidity, distribution_or_weakening_risk",watchlist,weekly_watchlist,watchlist,0.0,36.59,15.63,2.0,17.63,455
TATATECH.NS,Tata Technologies Limited,Information Technology Services,Technology,Technology,False,Cash,1,Failed Stage 2,Stage 2,Failed Stage 2,0.7,Failed Stage 2 cooling period is still active; waiting for a fresh base or confirmed reclaim.,Failed Stage 2 hold period active.,,2026-09-28,,Failed Stage 2,17.61,Strong,Volume Drying Up,Volume Drying Up (0.54x vs 10W Avg),6.23,Outperformed Nifty by 6.23% in 3 Months,True,6.23,29.66,640630132.28,0.61,0.92,0.54,True,True,"Stage 2, Advancing, trend_template_ok, volume_dryup, weekly_volume_dryup, flags=Wide Risk;Low Liquidity | Failed Stage 2 hold period active.",watchlist,weekly_watchlist,watchlist,30.38,17.39,17.61,0.0,17.61,456
CYIENT.NS,Cyient Limited,Conglomerates,Industrials,Industrials,False,Cash,1,Stage 1,Stage 1,Stage 1,0.68,Price is building a base around long-term weekly structure without a confirmed advancing phase.,,,,,Stage 1,17.5,Very Strong,Volume Drying Up,Volume Drying Up (0.73x vs 10W Avg),33.32,Outperformed Nifty by 33.32% in 3 Months,False,33.32,30.95,495768734.52,0.55,1.85,0.73,True,True,"Stage 1, Stage 1, weekly_vcp_ok, volume_dryup, weekly_volume_dryup, weekly_strong, flags=Wide Weekly Base;Loose Structure;Wide Risk;Low Liquidity, stage1_not_actionable, stage1_needs_more_base",watchlist,weekly_watchlist,watchlist,4.36,46.43,17.5,0.0,17.5,457
WHIRLPOOL.NS,Whirlpool of India Limited,"Furnishings, Fixtures & Appliances",Consumer Cyclical,Consumer Cyclical,False,Cash,1,Stage 1,Stage 1,Stage 1,0.68,Price is building a base around long-term weekly structure without a confirmed advancing phase.,,,,,Stage 1,17.5,Strong,Volume Expanding,Volume Expanding (6.59x vs 10W Avg),18.64,Outperformed Nifty by 18.64% in 3 Months,False,18.64,7.76,2639382392.58,3.8,1.49,6.59,False,False,"Stage 1, Stage 1, weekly_vcp_ok, weekly_strong, flags=Loose Structure;Wider Risk;Low Liquidity, stage1_not_actionable, stage1_needs_more_base",watchlist,weekly_watchlist,watchlist,0.0,42.64,17.5,0.0,17.5,458
KIOCL.NS,KIOCL Limited,Steel,Basic Materials,Basic Materials,False,Cash,1,Stage 4,Stage 4,Stage 4,0.66,Price is below weekly structure.,,,,,Stage 4,7.46,Weak,Volume Drying Up,Volume Drying Up (0.33x vs 10W Avg),-7.35,Underperformed Nifty by 7.35% in 3 Months,False,-7.35,-4.1,24634542.44,0.35,0.71,0.33,True,True,"Stage 4, Stage 4, weekly_vcp_ok, volume_dryup, weekly_volume_dryup, weekly_strong, flags=Wide Risk;Low Liquidity, downtrend",watchlist,weekly_watchlist,watchlist,0.0,32.0,7.46,10.0,17.46,459
GHCL.NS,GHCL Limited,Chemicals,Basic Materials,Basic Materials,False,Cash,1,Stage 4,Stage 4,Stage 4,0.86,Price is below the 30-week trend and below long-term support structure.,,,,,Stage 4,12.44,Weak,Volume Expanding,Volume Expanding (1.66x vs 10W Avg),1.22,Outperformed Nifty by 1.22% in 3 Months,False,1.22,-10.25,50313415.78,1.11,0.8,1.66,False,False,"Stage 4, Stage 4, weekly_vcp_ok, weekly_strong, flags=Wide Risk;Low Liquidity, downtrend",watchlist,weekly_watchlist,watchlist,5.6,32.0,12.44,5.0,17.44,460
CHOLAFIN.NS,Cholamandalam Investment and Finance Company Limited,Credit Services,Financial Services,Financial Services,True,F&O,1,Failed Stage 2,Stage 3,Failed Stage 2,0.72,"This stock was recently Stage 2, but the latest structure no longer satisfies Stage 2 rules. It is kept as Failed Stage 2 until a fresh base/repair structure forms.",Recent Stage 2 break; public stage held as Failed Stage 2.,2026-09-30,2026-09-23,,Failed Stage 2,15.25,Weak,Volume Expanding,Volume Expanding (1.67x vs 10W Avg),-5.62,Underperformed Nifty by 5.62% in 3 Months,False,-5.62,13.24,2591185529.06,1.27,1.46,1.67,False,False,"Stage 3, Early, weekly_vcp_ok, weekly_strong, flags=Wide Risk;Low Liquidity, distribution_or_weakening_risk | Stage 2 failed state applied from stage memory.",watchlist,weekly_watchlist,watchlist,11.3,37.86,15.25,2.0,17.25,461
JINDALPOLY.NS,Jindal Poly Films Limited,Consumer Cyclical,Consumer Cyclical,Consumer Cyclical,False,Cash,1,Stage 1,Stage 1,Stage 1,0.64,Price is building a base around long-term weekly structure without a confirmed advancing phase.,,,,,Stage 1,15.21,Strong,Volume Drying Up,Volume Drying Up (0.28x vs 10W Avg),13.89,Outperformed Nifty by 13.89% in 3 Months,False,13.89,-22.31,38325163.19,0.47,0.13,0.28,True,True,"Stage 1, Stage 1, weekly_vcp_ok, volume_dryup, weekly_volume_dryup, weekly_strong, flags=Wide Weekly Base;Wide Risk;Low Liquidity, stage1_not_actionable, stage1_needs_more_base",watchlist,weekly_watchlist,watchlist,4.7,41.1,15.21,2.0,17.21,462
TATAPOWER.NS,Tata Power Company Limited,Utilities,Utilities,Utilities,True,F&O,1,Stage 1,Stage 1,Stage 1,0.64,Price is building a base around long-term weekly structure without a confirmed advancing phase.,,,,,Stage 1,17.2,Neutral,Volume Normal,Volume Normal (1.16x vs 10W Avg),1.89,Outperformed Nifty by 1.89% in 3 Months,False,1.89,-8.12,1337283580.78,0.91,1.15,1.16,False,False,"Stage 1, Stage 1, weekly_vcp_ok, weekly_strong, flags=Low Liquidity, stage1_not_actionable, stage1_needs_more_base",watchlist,weekly_watchlist,watchlist,0.0,40.0,17.2,0.0,17.2,463
ONESOURCE.NS,Onesource Specialty Pharma Limited,Biotechnology,Healthcare,Healthcare,False,Cash,1,Not Sure,Stage 3,Pending Stage 3,0.55,Blocked public stage jump Stage 1 -> Stage 3; waiting for intermediate/confirmed structure.,Blocked public stage jump Stage 1 -> Stage 3; waiting for intermediate/confirmed structure.,,2026-07-21,Stage 3,Not Sure - Unclear,12.19,Weak,Volume Normal,Volume Normal (0.92x vs 10W Avg),-1.71,Underperformed Nifty by 1.71% in 3 Months,False,-1.71,9.26,616427639.16,0.86,0.67,0.92,False,False,"Stage 3, Early, weekly_vcp_ok, weekly_strong, flags=Wide Weekly Base;Wider Risk;Low Liquidity, distribution_or_weakening_risk | Blocked public stage jump Stage 1 -> Stage 3; waiting for intermediate/confirmed structure.",watchlist,weekly_watchlist,watchlist,0.0,37.86,12.19,5.0,17.19,464
JUBLPHARMA.NS,Jubilant Pharmova Limited,Drug Manufacturers - Specialty & Generic,Healthcare,Healthcare,False,Cash,1,Stage 2,Stage 2,Advancing,0.8,Price is above constructive weekly and long-term trend structure with improving relative strength.,,,2026-09-29,,Stage 2 - Advancing,7.19,Very Strong,Volume Normal,Volume Normal (1.37x vs 10W Avg),12.13,Outperformed Nifty by 12.13% in 3 Months,False,12.13,19.76,326265062.73,0.96,1.33,1.37,False,False,"Stage 2, Advancing, flags=Wider Risk;Low Liquidity",watchlist,weekly_watchlist,watchlist,12.76,17.59,7.19,10.0,17.19,465
BIOCON.NS,Biocon Limited,Biotechnology,Healthcare,Healthcare,True,F&O,1,Stage 3,Stage 3,Early,0.68,"Prior strength has shifted into a Stage 3 transition based on trend, relative strength, and volume evidence.",,,2026-08-12,,Stage 3 Early,12.11,Weak,Volume Drying Up,Volume Drying Up (0.68x vs 10W Avg),-5.93,Underperformed Nifty by 5.93% in 3 Months,False,-5.93,7.73,1230233685.72,0.96,0.65,0.68,False,True,"Stage 3, Early, weekly_vcp_ok, weekly_volume_dryup, weekly_strong, flags=Wide Risk;Low Liquidity, distribution_or_weakening_risk",watchlist,weekly_watchlist,watchlist,0.0,37.28,12.11,5.0,17.11,466
ARVSMART.NS,Arvind SmartSpaces Limited,Real Estate,Real Estate,Real Estate,False,Cash,1,Failed Stage 2,Stage 1,Failed Stage 2,0.72,"This stock was recently Stage 2, but the latest structure no longer satisfies Stage 2 rules. It is kept as Failed Stage 2 until a fresh base/repair structure forms.",Recent Stage 2 break; public stage held as Failed Stage 2.,2026-09-30,2026-09-23,,Failed Stage 2,15.05,Strong,Volume Drying Up,Volume Drying Up (0.31x vs 10W Avg),6.02,Outperformed Nifty by 6.02% in 3 Months,False,6.02,13.97,255204171.71,2.04,0.13,0.31,False,True,"Stage 1, Stage 1, weekly_vcp_ok, weekly_volume_dryup, weekly_strong, flags=Wide Risk;Low Liquidity, stage1_not_actionable, stage1_needs_more_base | Stage 2 failed state applied from stage memory.",watchlist,weekly_watchlist,watchlist,0.0,38.33,15.05,2.0,17.05,467
SHAKTIPUMP.NS,Shakti Pumps (India) Limited,Specialty Industrial Machinery,Industrials,Industrials,False,Cash,1,Stage 4,Stage 4,Stage 4,0.86,Price is below the 30-week trend and below long-term support structure.,,,,,Stage 4,7.05,Weak,Volume Drying Up,Volume Drying Up (0.50x vs 10W Avg),-16.1,Underperformed Nifty by 16.1% in 3 Months,False,-16.1,-10.18,539479068.01,0.58,0.57,0.5,True,True,"Stage 4, Stage 4, weekly_vcp_ok, volume_dryup, weekly_volume_dryup, weekly_strong, flags=Wide Weekly Base;Wide Risk;Low Liquidity, downtrend",watchlist,weekly_watchlist,watchlist,8.7,32.0,7.05,10.0,17.05,468
BHARTIARTL.NS,Bharti Airtel Limited,Telecom Services,Communication Services,Communication Services,True,F&O,1,Stage 1,Stage 1,Stage 1,0.64,Price is building a base around long-term weekly structure without a confirmed advancing phase.,,,,,Stage 1,16.96,Weak,Volume Normal,Volume Normal (1.05x vs 10W Avg),-0.81,Underperformed Nifty by 0.81% in 3 Months,False,-0.81,-4.09,9744597410.87,1.11,1.44,1.05,False,False,"Stage 1, Stage 1, weekly_vcp_ok, weekly_strong, flags=Wide Risk;Low Liquidity, stage1_not_actionable, stage1_needs_more_base",watchlist,weekly_watchlist,watchlist,10.54,40.0,16.96,0.0,16.96,469
MPHASIS.NS,MphasiS Limited,Information Technology Services,Technology,Technology,True,F&O,1,Not Sure,Stage 1,Pending Stage 1,0.55,Blocked public stage jump Stage 4 -> Stage 1; waiting for intermediate/confirmed structure.,Blocked public stage jump Stage 4 -> Stage 1; waiting for intermediate/confirmed structure.,,,Stage 1,Not Sure - Unclear,16.91,Neutral,Volume Drying Up,Volume Drying Up (0.72x vs 10W Avg),2.68,Outperformed Nifty by 2.68% in 3 Months,False,2.68,-6.27,826480833.87,0.73,1.83,0.72,True,True,"Stage 1, Stage 1, weekly_vcp_ok, volume_dryup, weekly_volume_dryup, weekly_strong, flags=Wide Risk;Low Liquidity, stage1_not_actionable, stage1_needs_more_base | Blocked public stage jump Stage 4 -> Stage 1; waiting for intermediate/confirmed structure.",watchlist,weekly_watchlist,watchlist,13.55,41.1,16.91,0.0,16.91,470
PGEL.NS,PG Electroplast Limited,Electronic Components,Technology,Technology,True,F&O,1,Stage 3,Stage 3,Early,0.68,"Prior strength has shifted into a Stage 3 transition based on trend, relative strength, and volume evidence.",,,2026-09-04,,Stage 3 Early,6.89,Weak,Volume Drying Up,Volume Drying Up (0.61x vs 10W Avg),-6.65,Underperformed Nifty by 6.65% in 3 Months,False,-6.65,10.74,436232898.19,0.55,0.92,0.61,True,True,"Stage 3, Early, weekly_vcp_ok, volume_dryup, weekly_volume_dryup, weekly_strong, flags=Wide Risk;Low Liquidity, distribution_or_weakening_risk",watchlist,weekly_watchlist,watchlist,0.0,36.41,6.89,10.0,16.89,471
ISGEC.NS,Isgec Heavy Engineering Limited,Specialty Industrial Machinery,Industrials,Industrials,False,Cash,1,Stage 1,Stage 1,Stage 1,0.64,Price is building a base around long-term weekly structure without a confirmed advancing phase.,,,,,Stage 1,6.71,Neutral,Volume Expanding,Volume Expanding (1.51x vs 10W Avg),3.04,Outperformed Nifty by 3.04% in 3 Months,False,3.04,-4.16,76853672.02,1.76,0.96,1.51,False,False,"Stage 1, Stage 1, flags=Low Liquidity, stage1_not_actionable, stage1_needs_more_base",watchlist,weekly_watchlist,watchlist,0.0,3.8,6.71,10.0,16.71,472
ULTRACEMCO.NS,UltraTech Cement Limited,Building Materials,Basic Materials,Basic Materials,True,F&O,1,Stage 1,Stage 1,Stage 1,0.64,Price is building a base around long-term weekly structure without a confirmed advancing phase.,,,,,Stage 1,16.7,Strong,Volume Normal,Volume Normal (1.21x vs 10W Avg),2.67,Outperformed Nifty by 2.67% in 3 Months,False,2.67,0.93,2971373381.8,1.15,0.99,1.21,False,False,"Stage 1, Stage 1, weekly_vcp_ok, weekly_strong, flags=Wider Risk;Low Liquidity, stage1_not_actionable, stage1_needs_more_base",watchlist,weekly_watchlist,watchlist,0.0,40.36,16.7,0.0,16.7,473
FORCEMOT.NS,FORCE MOTORS LTD,Auto Manufacturers,Consumer Cyclical,Consumer Cyclical,True,F&O,1,Stage 4,Stage 4,Stage 4,0.86,Price is below the 30-week trend and below long-term support structure.,,,,,Stage 4,11.64,Weak,Volume Drying Up,Volume Drying Up (0.82x vs 10W Avg),-1.97,Underperformed Nifty by 1.97% in 3 Months,False,-1.97,-15.44,1091106109.9,0.74,0.88,0.82,True,True,"Stage 4, Stage 4, weekly_vcp_ok, volume_dryup, weekly_volume_dryup, weekly_strong, flags=Wide Risk;Low Liquidity, downtrend",watchlist,weekly_watchlist,watchlist,7.29,33.1,11.64,5.0,16.64,474
KIRLOSIND.NS,Kirloskar Industries Limited,Metal Fabrication,Industrials,Industrials,False,Cash,1,Failed Stage 2,Stage 3,Failed Stage 2,0.72,"This stock was recently Stage 2, but the latest structure no longer satisfies Stage 2 rules. It is kept as Failed Stage 2 until a fresh base/repair structure forms.",Recent Stage 2 break; public stage held as Failed Stage 2.,2026-09-30,2026-09-21,,Failed Stage 2,6.6,Neutral,Volume Drying Up,Volume Drying Up (0.24x vs 10W Avg),-4.85,Underperformed Nifty by 4.85% in 3 Months,False,-4.85,24.84,149680529.78,0.35,0.15,0.24,True,True,"Stage 3, Early, volume_dryup, weekly_volume_dryup, flags=Wide Risk;Low Liquidity, distribution_or_weakening_risk | Stage 2 failed state applied from stage memory.",watchlist,weekly_watchlist,watchlist,0.8,0.6,6.6,10.0,16.6,475
MOSCHIP.NS,Moschip Technologies Limited,Technology,Technology,Technology,False,Cash,1,Stage 3,Stage 3,Early,0.68,"Prior strength has shifted into a Stage 3 transition based on trend, relative strength, and volume evidence.",,,2026-09-08,,Stage 3 Early,6.59,Neutral,Volume Drying Up,Volume Drying Up (0.48x vs 10W Avg),-6.45,Underperformed Nifty by 6.45% in 3 Months,False,-6.45,20.27,271818962.66,0.69,0.77,0.48,True,True,"Stage 3, Early, volume_dryup, weekly_volume_dryup, flags=Wide Risk;Low Liquidity, distribution_or_weakening_risk",watchlist,weekly_watchlist,watchlist,9.77,0.0,6.59,10.0,16.59,476
JUBLFOOD.NS,Jubilant Foodworks Limited,Consumer Cyclical,Consumer Cyclical,Consumer Cyclical,True,F&O,1,Stage 3,Stage 3,Early,0.68,"Prior strength has shifted into a Stage 3 transition based on trend, relative strength, and volume evidence.",,,,,Stage 3 Early,14.48,Strong,Volume Drying Up,Volume Drying Up (0.52x vs 10W Avg),11.31,Outperformed Nifty by 11.31% in 3 Months,False,11.31,9.56,468646635.52,0.63,0.72,0.52,True,True,"Stage 3, Early, weekly_vcp_ok, volume_dryup, weekly_volume_dryup, weekly_strong, flags=Wide Risk;Low Liquidity, distribution_or_weakening_risk",watchlist,weekly_watchlist,watchlist,0.0,39.19,14.48,2.0,16.48,477
CUMMINSIND.NS,Cummins India Limited,Specialty Industrial Machinery,Industrials,Industrials,True,F&O,1,Stage 4,Stage 4,Stage 4,0.66,Price is below weekly structure.,,,2026-08-18,,Stage 4,6.46,Weak,Volume Normal,Volume Normal (1.14x vs 10W Avg),-7.16,Underperformed Nifty by 7.16% in 3 Months,False,-7.16,2.17,1864096197.08,0.91,1.38,1.14,False,False,"Stage 4, Stage 4, weekly_vcp_ok, weekly_strong, flags=Wide Risk;Low Liquidity, downtrend",watchlist,weekly_watchlist,watchlist,0.0,32.0,6.46,10.0,16.46,478
BBL.NS,Bharat Bijlee Limited,Electrical Equipment & Parts,Industrials,Industrials,False,Cash,1,Stage 4,Stage 4,Stage 4,0.86,Price is below the 30-week trend and below long-term support structure.,,,,,Stage 4,6.32,Weak,Volume Drying Up,Volume Drying Up (0.70x vs 10W Avg),-14.49,Underperformed Nifty by 14.49% in 3 Months,False,-14.49,-10.18,41811535.01,0.65,0.69,0.7,True,True,"Stage 4, Stage 4, weekly_vcp_ok, volume_dryup, weekly_volume_dryup, weekly_strong, flags=Wide Risk;Low Liquidity, downtrend",watchlist,weekly_watchlist,watchlist,0.0,33.1,6.32,10.0,16.32,479
BANKINDIA.NS,Bank of India,Banks - Regional,Financial Services,Financial Services,True,F&O,1,Stage 4,Stage 4,Stage 4,0.66,Price is below weekly structure.,,,2026-08-27,,Stage 4,14.3,Weak,Volume Normal,Volume Normal (0.95x vs 10W Avg),-0.04,Underperformed Nifty by 0.04% in 3 Months,False,-0.04,-3.52,673946084.96,0.88,0.94,0.95,False,False,"Stage 4, Stage 4, weekly_vcp_ok, weekly_strong, flags=Wide Risk;Low Liquidity, downtrend",watchlist,weekly_watchlist,watchlist,5.9,33.1,14.3,2.0,16.3,480
SANOFI.NS,Sanofi India Limited,Drug Manufacturers - General,Healthcare,Healthcare,False,Cash,1,Stage 4,Stage 4,Stage 4,0.86,Price is below the 30-week trend and below long-term support structure.,,,,,Stage 4,11.24,Weak,Volume Normal,Volume Normal (1.50x vs 10W Avg),-4.48,Underperformed Nifty by 4.48% in 3 Months,False,-4.48,-9.66,55045763.61,1.04,0.78,1.5,False,False,"Stage 4, Stage 4, weekly_vcp_ok, weekly_strong, flags=Low Liquidity, downtrend",watchlist,weekly_watchlist,watchlist,0.0,32.0,11.24,5.0,16.24,481
CENTRALBK.NS,Central Bank of India,Banks - Regional,Financial Services,Financial Services,False,Cash,1,Stage 4,Stage 4,Stage 4,0.66,Price is below weekly structure.,,,,,Stage 4,14.14,Weak,Volume Drying Up,Volume Drying Up (0.67x vs 10W Avg),0.18,Outperformed Nifty by 0.18% in 3 Months,False,0.18,-9.75,218062980.07,1.52,0.73,0.67,False,True,"Stage 4, Stage 4, weekly_vcp_ok, weekly_volume_dryup, weekly_strong, flags=Wide Risk;Low Liquidity, downtrend",watchlist,weekly_watchlist,watchlist,5.6,33.1,14.14,2.0,16.14,482
THOMASCOOK.NS,Thomas Cook  (India)  Limited,Consumer Cyclical,Consumer Cyclical,Consumer Cyclical,False,Cash,1,Not Sure,Not Sure,Not Sure,0.0,Stage rules did not identify a reliable structure.,No confident stage classification.,,,,Not Sure - Unclear,14.13,Strong,Volume Drying Up,Volume Drying Up (0.27x vs 10W Avg),3.07,Outperformed Nifty by 3.07% in 3 Months,False,3.07,4.84,72735879.3,0.27,0.32,0.27,True,True,"Not Sure, Unclear, weekly_vcp_ok, volume_dryup, weekly_volume_dryup, weekly_strong, flags=Wide Weekly Base;Wide Risk;Low Liquidity",watchlist,weekly_watchlist,watchlist,8.29,37.89,14.13,2.0,16.13,483
APOLLOTYRE.NS,Apollo Tyres Limited,Auto Parts,Consumer Cyclical,Consumer Cyclical,False,Cash,1,Stage 4,Stage 4,Stage 4,0.66,Price is below weekly structure.,,,,,Stage 4,11.12,Neutral,Volume Expanding,Volume Expanding (1.82x vs 10W Avg),-3.82,Underperformed Nifty by 3.82% in 3 Months,False,-3.82,-2.71,364103314.37,1.37,0.67,1.82,False,False,"Stage 4, Stage 4, weekly_vcp_ok, weekly_strong, flags=Wide Risk;Low Liquidity, downtrend",watchlist,weekly_watchlist,watchlist,3.95,33.1,11.12,5.0,16.12,484
PRINCEPIPE.NS,Prince Pipes And Fittings Limited,Building Products & Equipment,Industrials,Industrials,False,Cash,1,Failed Stage 2,Stage 1,Failed Stage 2,0.72,"This stock was recently Stage 2, but the latest structure no longer satisfies Stage 2 rules. It is kept as Failed Stage 2 until a fresh base/repair structure forms.",Recent Stage 2 break; public stage held as Failed Stage 2.,2026-09-30,2026-09-23,,Failed Stage 2,15.92,Neutral,Volume Drying Up,Volume Drying Up (0.39x vs 10W Avg),1.03,Outperformed Nifty by 1.03% in 3 Months,False,1.03,11.67,35583213.05,0.51,0.35,0.39,True,True,"Stage 1, Stage 1, weekly_vcp_ok, volume_dryup, weekly_volume_dryup, weekly_strong, flags=Wide Risk;Low Liquidity, stage1_not_actionable, stage1_needs_more_base | Stage 2 failed state applied from stage memory.",watchlist,weekly_watchlist,watchlist,5.57,41.27,15.92,0.0,15.92,485
V2RETAIL.NS,V2 Retail Limited,Consumer Cyclical,Consumer Cyclical,Consumer Cyclical,False,Cash,1,Stage 4,Stage 4,Stage 4,0.66,Price is below weekly structure.,,,2026-09-07,,Stage 4,13.9,Neutral,Volume Drying Up,Volume Drying Up (0.75x vs 10W Avg),-2.56,Underperformed Nifty by 2.56% in 3 Months,False,-2.56,8.37,186062422.11,0.69,0.93,0.75,True,True,"Stage 4, Stage 4, weekly_vcp_ok, volume_dryup, weekly_volume_dryup, weekly_strong, flags=Wide Risk;Low Liquidity, downtrend",watchlist,weekly_watchlist,watchlist,8.36,31.78,13.9,2.0,15.9,486
ASTERDM.NS,Aster DM Healthcare Limited,Medical Care Facilities,Healthcare,Healthcare,False,Cash,1,Failed Stage 2,Stage 3,Failed Stage 2,0.72,"This stock was recently Stage 2, but the latest structure no longer satisfies Stage 2 rules. It is kept as Failed Stage 2 until a fresh base/repair structure forms.",Recent Stage 2 break; public stage held as Failed Stage 2.,2026-09-30,2026-09-25,,Failed Stage 2,15.88,Weak,Volume Drying Up,Volume Drying Up (0.70x vs 10W Avg),-5.13,Underperformed Nifty by 5.13% in 3 Months,False,-5.13,5.02,941834439.16,0.48,0.54,0.7,True,True,"Stage 3, Early, weekly_vcp_ok, volume_dryup, weekly_volume_dryup, weekly_strong, flags=Wide Risk;Low Liquidity, distribution_or_weakening_risk | Stage 2 failed state applied from stage memory.",watchlist,weekly_watchlist,watchlist,7.17,35.2,15.88,0.0,15.88,487
GOLDIAM.NS,Goldiam International Limited,Luxury Goods,Consumer Cyclical,Consumer Cyclical,False,Cash,1,Failed Stage 2,Stage 3,Failed Stage 2,0.72,"This stock was recently Stage 2, but the latest structure no longer satisfies Stage 2 rules. It is kept as Failed Stage 2 until a fresh base/repair structure forms.",Recent Stage 2 break; public stage held as Failed Stage 2.,2026-09-30,2026-09-23,,Failed Stage 2,5.87,Neutral,Volume Drying Up,Volume Drying Up (0.58x vs 10W Avg),-3.28,Underperformed Nifty by 3.28% in 3 Months,False,-3.28,36.14,146881726.65,0.52,0.77,0.58,True,True,"Stage 3, Early, volume_dryup, weekly_volume_dryup, flags=Wide Risk;Low Liquidity, distribution_or_weakening_risk | Stage 2 failed state applied from stage memory.",watchlist,weekly_watchlist,watchlist,12.21,0.0,5.87,10.0,15.87,488
VSTTILLERS.NS,V.S.T Tillers Tractors Limited,Farm & Heavy Construction Machinery,Industrials,Industrials,False,Cash,1,Stage 4,Stage 4,Stage 4,0.86,Price is below the 30-week trend and below long-term support structure.,,,,,Stage 4,13.84,Weak,Volume Normal,Volume Normal (1.32x vs 10W Avg),4.43,Outperformed Nifty by 4.43% in 3 Months,False,4.43,-13.17,39350264.13,1.27,0.88,1.32,False,False,"Stage 4, Stage 4, weekly_vcp_ok, weekly_strong, flags=Wider Risk;Low Liquidity, downtrend",watchlist,weekly_watchlist,watchlist,0.0,40.0,13.84,2.0,15.84,489
GALLANTT.NS,Gallantt Ispat Limited,Steel,Basic Materials,Basic Materials,False,Cash,1,Stage 4,Stage 4,Stage 4,0.66,Price is below weekly structure.,,,,,Stage 4,5.78,Weak,Volume Drying Up,Volume Drying Up (0.36x vs 10W Avg),-12.51,Underperformed Nifty by 12.51% in 3 Months,False,-12.51,-17.28,51788012.65,0.86,0.66,0.36,False,True,"Stage 4, Stage 4, weekly_vcp_ok, weekly_volume_dryup, weekly_strong, flags=Wide Base;Wide Risk;Low Liquidity, downtrend",watchlist,weekly_watchlist,watchlist,6.96,30.0,5.78,10.0,15.78,490
ABB.NS,ABB India Limited,Specialty Industrial Machinery,Industrials,Industrials,True,F&O,1,Failed Stage 2,Stage 1,Failed Stage 2,0.72,"This stock was recently Stage 2, but the latest structure no longer satisfies Stage 2 rules. It is kept as Failed Stage 2 until a fresh base/repair structure forms.",Recent Stage 2 break; public stage held as Failed Stage 2.,2026-09-30,2026-09-28,,Failed Stage 2,5.69,Neutral,Volume Drying Up,Volume Drying Up (0.76x vs 10W Avg),3.73,Outperformed Nifty by 3.73% in 3 Months,False,3.73,8.51,1218199531.55,0.84,1.35,0.76,True,True,"Stage 1, Stage 1, volume_dryup, weekly_volume_dryup, flags=Wide Risk;Low Liquidity, stage1_not_actionable, stage1_needs_more_base | Stage 2 failed state applied from stage memory.",watchlist,weekly_watchlist,watchlist,0.0,6.22,5.69,10.0,15.69,491
SUPRAJIT.NS,Suprajit Engineering Limited,Auto Parts,Consumer Cyclical,Consumer Cyclical,False,Cash,1,Failed Stage 2,Stage 1,Failed Stage 2,0.72,"This stock was recently Stage 2, but the latest structure no longer satisfies Stage 2 rules. It is kept as Failed Stage 2 until a fresh base/repair structure forms.",Recent Stage 2 break; public stage held as Failed Stage 2.,2026-09-30,2026-09-18,,Failed Stage 2,10.55,Strong,Volume Drying Up,Volume Drying Up (0.51x vs 10W Avg),7.25,Outperformed Nifty by 7.25% in 3 Months,False,7.25,16.1,44659991.01,0.6,0.53,0.51,True,True,"Stage 1, Stage 1, volume_dryup, weekly_volume_dryup, flags=Wider Risk;Low Liquidity, stage1_not_actionable, stage1_needs_more_base | Stage 2 failed state applied from stage memory.",watchlist,weekly_watchlist,watchlist,0.0,10.53,10.55,5.0,15.55,492
LICHSGFIN.NS,LIC Housing Finance Limited,Mortgage Finance,Financial Services,Financial Services,True,F&O,1,Failed Stage 2,Stage 1,Failed Stage 2,0.72,"This stock was recently Stage 2, but the latest structure no longer satisfies Stage 2 rules. It is kept as Failed Stage 2 until a fresh base/repair structure forms.",Recent Stage 2 break; public stage held as Failed Stage 2.,2026-09-30,2026-09-25,,Failed Stage 2,15.5,Strong,Volume Normal,Volume Normal (1.01x vs 10W Avg),5.34,Outperformed Nifty by 5.34% in 3 Months,False,5.34,4.16,1986385942.78,1.01,1.53,1.01,False,False,"Stage 1, Stage 1, stage1_base_ready, weekly_vcp_ok, flags=Wider Risk;Low Liquidity, stage1_not_actionable | Stage 2 failed state applied from stage memory.",watchlist,weekly_watchlist,watchlist,14.86,28.45,15.5,0.0,15.5,493
NAVA.NS,NAVA LIMITED,Conglomerates,Industrials,Industrials,False,Cash,1,Stage 4,Stage 4,Stage 4,0.66,Price is below weekly structure.,,,,,Stage 4,15.5,Weak,Volume Normal,Volume Normal (1.16x vs 10W Avg),-1.9,Underperformed Nifty by 1.9% in 3 Months,False,-1.9,-1.05,134426655.75,1.06,1.49,1.16,False,False,"Stage 4, Stage 4, weekly_vcp_ok, weekly_strong, flags=Wide Risk;Low Liquidity, downtrend",watchlist,weekly_watchlist,watchlist,7.55,31.2,15.5,0.0,15.5,494
JKIL.NS,J.Kumar Infraprojects Limited,Engineering & Construction,Industrials,Industrials,False,Cash,1,Stage 4,Stage 4,Stage 4,0.66,Price is below weekly structure.,,,,,Stage 4,15.49,Strong,Volume Drying Up,Volume Normal (0.85x vs 10W Avg),2.05,Outperformed Nifty by 2.05% in 3 Months,False,2.05,-0.09,21195409.58,0.8,1.89,0.85,True,True,"Stage 4, Stage 4, weekly_vcp_ok, volume_dryup, weekly_volume_dryup, weekly_strong, flags=Wide Risk;Low Liquidity, downtrend",watchlist,weekly_watchlist,watchlist,2.48,33.3,15.49,0.0,15.49,495
EQUITASBNK.NS,Equitas Small Finance Bank Limited,Banks - Regional,Financial Services,Financial Services,False,Cash,1,Failed Stage 2,Stage 3,Failed Stage 2,0.72,"This stock was recently Stage 2, but the latest structure no longer satisfies Stage 2 rules. It is kept as Failed Stage 2 until a fresh base/repair structure forms.",Recent Stage 2 break; public stage held as Failed Stage 2.,2026-09-30,2026-09-24,,Failed Stage 2,13.4,Neutral,Volume Normal,Volume Normal (1.21x vs 10W Avg),-4.3,Underperformed Nifty by 4.3% in 3 Months,False,-4.3,22.19,125223319.56,0.98,1.03,1.21,False,False,"Stage 3, Early, weekly_vcp_ok, weekly_strong, flags=Wide Risk;Low Liquidity, distribution_or_weakening_risk | Stage 2 failed state applied from stage memory.",watchlist,weekly_watchlist,watchlist,0.0,37.79,13.4,2.0,15.4,496
OIL.NS,Oil India Limited,Energy,Energy,Energy,True,F&O,1,Failed Stage 2,Stage 1,Failed Stage 2,0.72,"This stock was recently Stage 2, but the latest structure no longer satisfies Stage 2 rules. It is kept as Failed Stage 2 until a fresh base/repair structure forms.",Recent Stage 2 break; public stage held as Failed Stage 2.,2026-09-30,2026-09-16,,Failed Stage 2,10.23,Strong,Volume Drying Up,Volume Drying Up (0.66x vs 10W Avg),12.44,Outperformed Nifty by 12.44% in 3 Months,False,12.44,-8.0,1018432005.22,0.71,1.51,0.66,True,True,"Stage 1, Stage 1, volume_dryup, weekly_volume_dryup, flags=Wide Risk;Low Liquidity, stage1_not_actionable, stage1_needs_more_base | Stage 2 failed state applied from stage memory.",watchlist,weekly_watchlist,watchlist,15.91,1.84,10.23,5.0,15.23,497
NATIONALUM.NS,National Aluminium Company Limited,Basic Materials,Basic Materials,Basic Materials,True,F&O,1,Stage 3,Stage 3,Early,0.68,"Prior strength has shifted into a Stage 3 transition based on trend, relative strength, and volume evidence.",,,2026-08-31,,Stage 3 Early,15.22,Weak,Volume Drying Up,Volume Drying Up (0.80x vs 10W Avg),4.17,Outperformed Nifty by 4.17% in 3 Months,False,4.17,-17.87,1617291495.52,0.72,1.08,0.8,True,True,"Stage 3, Early, weekly_vcp_ok, volume_dryup, weekly_volume_dryup, weekly_strong, flags=Wide Risk;Low Liquidity, distribution_or_weakening_risk",watchlist,weekly_watchlist,watchlist,9.64,36.0,15.22,0.0,15.22,498
DEEPAKNTR.NS,Deepak Nitrite Limited,Chemicals,Basic Materials,Basic Materials,False,Cash,1,Failed Stage 2,Stage 3,Failed Stage 2,0.72,"This stock was recently Stage 2, but the latest structure no longer satisfies Stage 2 rules. It is kept as Failed Stage 2 until a fresh base/repair structure forms.",Recent Stage 2 break; public stage held as Failed Stage 2.,2026-09-30,2026-09-23,,Failed Stage 2,10.05,Weak,Volume Drying Up,Volume Drying Up (0.32x vs 10W Avg),2.72,Outperformed Nifty by 2.72% in 3 Months,False,2.72,9.43,353294836.04,0.43,0.49,0.32,True,True,"Stage 3, Late, weekly_vcp_ok, volume_dryup, weekly_volume_dryup, weekly_strong, flags=Wide Risk;Low Liquidity, distribution_or_weakening_risk | Stage 2 failed state applied from stage memory.",watchlist,weekly_watchlist,watchlist,0.0,37.21,10.05,5.0,15.05,499
NSIL.NS,Nalwa Sons Investments Limited,Asset Management,Financial Services,Financial Services,False,Cash,1,Stage 4,Stage 4,Stage 4,0.66,Price is below weekly structure.,,,,,Stage 4,15.04,Strong,Volume Normal,Volume Normal (1.25x vs 10W Avg),5.31,Outperformed Nifty by 5.31% in 3 Months,False,5.31,-0.34,10725554.6,1.03,0.45,1.25,False,False,"Stage 4, Stage 4, weekly_vcp_ok, weekly_strong, flags=Wider Risk;Low Liquidity, downtrend",watchlist,weekly_watchlist,watchlist,0.0,33.6,15.04,0.0,15.04,500
ENRIN.NS,Siemens Energy India Limited,Utilities - Renewable,Utilities,Utilities,False,Cash,1,Failed Stage 2,Stage 1,Failed Stage 2,0.72,"This stock was recently Stage 2, but the latest structure no longer satisfies Stage 2 rules. It is kept as Failed Stage 2 until a fresh base/repair structure forms.",Recent Stage 2 break; public stage held as Failed Stage 2.,2026-09-30,2026-09-25,,Failed Stage 2,15.03,Strong,Volume Drying Up,Volume Drying Up (0.79x vs 10W Avg),0.36,Outperformed Nifty by 0.36% in 3 Months,False,0.36,20.42,1188210856.92,0.73,1.71,0.79,True,True,"Stage 1, Stage 1, volume_dryup, weekly_volume_dryup, flags=Wide Risk;Low Liquidity, stage1_not_actionable, stage1_needs_more_base | Stage 2 failed state applied from stage memory.",watchlist,weekly_watchlist,watchlist,16.03,7.08,15.03,0.0,15.03,501
SUNDARMFIN.NS,Sundaram Finance Limited,Credit Services,Financial Services,Financial Services,False,Cash,1,Stage 4,Stage 4,Stage 4,0.66,Price is below weekly structure.,,,,,Stage 4,12.98,Neutral,Volume Drying Up,Volume Drying Up (0.81x vs 10W Avg),1.45,Outperformed Nifty by 1.45% in 3 Months,False,1.45,-7.62,210123931.96,1.1,1.18,0.81,False,True,"Stage 4, Stage 4, weekly_vcp_ok, weekly_volume_dryup, weekly_strong, flags=Wider Risk;Low Liquidity, downtrend",watchlist,weekly_watchlist,watchlist,0.0,32.0,12.98,2.0,14.98,502
GUJALKALI.NS,Gujarat Alkalies and Chemicals Limited,Chemicals,Basic Materials,Basic Materials,False,Cash,1,Failed Stage 2,Stage 1,Failed Stage 2,0.72,"This stock was recently Stage 2, but the latest structure no longer satisfies Stage 2 rules. It is kept as Failed Stage 2 until a fresh base/repair structure forms.",Recent Stage 2 break; public stage held as Failed Stage 2.,2026-09-30,2026-09-18,,Failed Stage 2,9.97,Strong,Volume Drying Up,Volume Drying Up (0.63x vs 10W Avg),11.69,Outperformed Nifty by 11.69% in 3 Months,False,11.69,8.37,74875454.41,0.77,0.44,0.63,True,True,"Stage 1, Stage 1, volume_dryup, weekly_volume_dryup, flags=Wide Risk;Low Liquidity, stage1_not_actionable, stage1_needs_more_base | Stage 2 failed state applied from stage memory.",watchlist,weekly_watchlist,watchlist,13.12,8.21,9.97,5.0,14.97,503
SUBROS.NS,Subros Limited,Auto Parts,Consumer Cyclical,Consumer Cyclical,False,Cash,1,Stage 4,Stage 4,Stage 4,0.86,Price is below the 30-week trend and below long-term support structure.,,,,,Stage 4,9.95,Weak,Volume Drying Up,Volume Drying Up (0.69x vs 10W Avg),-9.95,Underperformed Nifty by 9.95% in 3 Months,False,-9.95,0.55,24750809.84,0.78,0.52,0.69,True,True,"Stage 4, Stage 4, weekly_vcp_ok, volume_dryup, weekly_volume_dryup, weekly_strong, flags=Wider Risk;Low Liquidity, downtrend",watchlist,weekly_watchlist,watchlist,0.0,32.0,9.95,5.0,14.95,504
SBICARD.NS,SBI Cards and Payment Services Limited,Credit Services,Financial Services,Financial Services,True,F&O,1,Stage 4,Stage 4,Stage 4,0.86,Price is below the 30-week trend and below long-term support structure.,,,,,Stage 4,12.92,Weak,Volume Drying Up,Volume Drying Up (0.54x vs 10W Avg),2.58,Outperformed Nifty by 2.58% in 3 Months,False,2.58,-10.92,1021839261.15,0.61,0.21,0.54,True,True,"Stage 4, Stage 4, weekly_vcp_ok, volume_dryup, weekly_volume_dryup, weekly_strong, flags=Wide Risk;Low Liquidity, downtrend",watchlist,weekly_watchlist,watchlist,9.53,28.33,12.92,2.0,14.92,505
POWERGRID.NS,Power Grid Corporation of India Limited,Utilities,Utilities,Utilities,True,F&O,1,Stage 4,Stage 4,Stage 4,0.66,Price is below weekly structure.,,,,,Stage 4,14.89,Weak,Volume Normal,Volume Normal (1.41x vs 10W Avg),-1.5,Underperformed Nifty by 1.5% in 3 Months,False,-1.5,-12.7,2530060438.7,1.17,1.07,1.41,False,False,"Stage 4, Stage 4, weekly_vcp_ok, weekly_strong, flags=Low Liquidity, downtrend",watchlist,weekly_watchlist,watchlist,0.0,32.0,14.89,0.0,14.89,506
COCHINSHIP.NS,Cochin Shipyard Limited,Aerospace & Defense,Industrials,Industrials,True,F&O,1,Stage 4,Stage 4,Stage 4,0.86,Price is below the 30-week trend and below long-term support structure.,,,,,Stage 4,4.88,Weak,Volume Drying Up,Volume Drying Up (0.75x vs 10W Avg),-5.81,Underperformed Nifty by 5.81% in 3 Months,False,-5.81,-3.63,1579054035.25,0.78,0.98,0.75,True,True,"Stage 4, Stage 4, weekly_vcp_ok, volume_dryup, weekly_volume_dryup, weekly_strong, flags=Wide Risk;Low Liquidity, downtrend",watchlist,weekly_watchlist,watchlist,0.0,33.1,4.88,10.0,14.88,507
OBEROIRLTY.NS,Oberoi Realty Limited,Real Estate,Real Estate,Real Estate,True,F&O,1,Stage 2,Stage 2,Advancing,0.8,Price is above constructive weekly and long-term trend structure with improving relative strength.,,,2026-09-29,,Stage 2 - Advancing,12.86,Neutral,Volume Normal,Volume Normal (1.14x vs 10W Avg),-2.71,Underperformed Nifty by 2.71% in 3 Months,False,-2.71,15.15,867313925.65,1.24,1.31,1.14,False,False,"Stage 2, Advancing, flags=Wide Risk;Low Liquidity",watchlist,weekly_watchlist,watchlist,12.1,17.44,12.86,2.0,14.86,508
PICCADIL.NS,Piccadily Agro Industries Limited,Consumer Defensive,Consumer Defensive,Consumer Defensive,False,Cash,1,Not Sure,Stage 3,Pending Stage 3,0.55,Blocked public stage jump Stage 1 -> Stage 3; waiting for intermediate/confirmed structure.,Blocked public stage jump Stage 1 -> Stage 3; waiting for intermediate/confirmed structure.,,,Stage 3,Not Sure - Unclear,14.85,Weak,Volume Drying Up,Volume Drying Up (0.33x vs 10W Avg),-4.58,Underperformed Nifty by 4.58% in 3 Months,False,-4.58,9.1,88789311.36,0.46,0.54,0.33,True,True,"Stage 3, Early, weekly_vcp_ok, volume_dryup, weekly_volume_dryup, weekly_strong, flags=Wider Risk;Low Liquidity, distribution_or_weakening_risk | Blocked public stage jump Stage 1 -> Stage 3; waiting for intermediate/confirmed structure.",watchlist,weekly_watchlist,watchlist,0.0,37.55,14.85,0.0,14.85,509
AXISBANK.NS,Axis Bank Limited,Banks - Regional,Financial Services,Financial Services,True,F&O,1,Stage 4,Stage 4,Stage 4,0.66,Price is below weekly structure.,,,2026-07-17,,Stage 4,12.8,Neutral,Volume Normal,Volume Normal (1.24x vs 10W Avg),-1.61,Underperformed Nifty by 1.61% in 3 Months,False,-1.61,-3.15,5790687131.16,1.05,1.35,1.24,False,False,"Stage 4, Stage 4, weekly_vcp_ok, flags=Low Liquidity, downtrend",watchlist,weekly_watchlist,watchlist,4.13,18.3,12.8,2.0,14.8,510
PARAGMILK.NS,Parag Milk Foods Limited,Packaged Foods,Consumer Defensive,Consumer Defensive,False,Cash,1,Stage 1,Stage 1,Stage 1,0.68,Price is building a base around long-term weekly structure without a confirmed advancing phase.,,,,,Stage 1,14.77,Very Strong,Volume Normal,Volume Normal (1.49x vs 10W Avg),23.52,Outperformed Nifty by 23.52% in 3 Months,False,23.52,40.89,540443442.13,1.6,0.44,1.49,False,False,"Stage 1, Stage 1, flags=Loose Structure;Wide Risk;Low Liquidity, stage1_not_actionable, stage1_needs_more_base",watchlist,weekly_watchlist,watchlist,11.42,13.84,14.77,0.0,14.77,511
NHPC.NS,NHPC Limited,Utilities - Renewable,Utilities,Utilities,True,F&O,1,Stage 4,Stage 4,Stage 4,0.66,Price is below weekly structure.,,,,,Stage 4,14.71,Weak,Volume Drying Up,Volume Drying Up (0.70x vs 10W Avg),-1.77,Underperformed Nifty by 1.77% in 3 Months,False,-1.77,-4.81,722434875.46,0.96,0.83,0.7,False,True,"Stage 4, Stage 4, weekly_vcp_ok, weekly_volume_dryup, weekly_strong, flags=Wide Risk;Low Liquidity, downtrend",watchlist,weekly_watchlist,watchlist,5.5,32.0,14.71,0.0,14.71,512
ORISSAMINE.NS,The Orissa Minerals Development Company Limited,Steel,Basic Materials,Basic Materials,False,Cash,1,Stage 4,Stage 4,Stage 4,0.86,Price is below the 30-week trend and below long-term support structure.,,,,,Stage 4,4.49,Weak,Volume Drying Up,Volume Drying Up (0.21x vs 10W Avg),0.29,Outperformed Nifty by 0.29% in 3 Months,False,0.29,1.86,28498308.61,0.28,0.58,0.21,True,True,"Stage 4, Stage 4, weekly_vcp_ok, volume_dryup, weekly_volume_dryup, weekly_strong, flags=Wide Weekly Base;Loose Structure;Wider Risk;Low Liquidity, downtrend",watchlist,weekly_watchlist,watchlist,0.0,32.22,4.49,10.0,14.49,513
GSFC.NS,Gujarat State Fertilizers & Chemicals Limited,Agricultural Inputs,Basic Materials,Basic Materials,False,Cash,1,Stage 4,Stage 4,Stage 4,0.66,Price is below weekly structure.,,,,,Stage 4,14.48,Strong,Volume Drying Up,Volume Drying Up (0.78x vs 10W Avg),3.08,Outperformed Nifty by 3.08% in 3 Months,False,3.08,-0.02,154212521.03,0.92,0.73,0.78,False,True,"Stage 4, Stage 4, weekly_vcp_ok, weekly_volume_dryup, weekly_strong, flags=Low Liquidity, downtrend",watchlist,weekly_watchlist,watchlist,0.0,32.31,14.48,0.0,14.48,514
KIRLPNU.NS,Kirloskar Pneumatic Company Limited,Specialty Industrial Machinery,Industrials,Industrials,False,Cash,1,Stage 3,Stage 3,Early,0.68,"Prior strength has shifted into a Stage 3 transition based on trend, relative strength, and volume evidence.",,,2026-07-22,,Stage 3 Early,4.36,Weak,Volume Drying Up,Volume Drying Up (0.31x vs 10W Avg),-19.08,Underperformed Nifty by 19.08% in 3 Months,False,-19.08,19.8,94358242.91,0.47,0.52,0.31,True,True,"Stage 3, Early, volume_dryup, weekly_volume_dryup, flags=Wide Weekly Base;Wide Risk, distribution_or_weakening_risk",watchlist,weekly_watchlist,watchlist,0.0,0.0,4.36,10.0,14.36,515
PAGEIND.NS,Page Industries Limited,Apparel Manufacturing,Consumer Cyclical,Consumer Cyclical,True,F&O,1,Not Sure,Stage 1,Pending Stage 1,0.55,Blocked public stage jump Stage 3 -> Stage 1; waiting for intermediate/confirmed structure.,Blocked public stage jump Stage 3 -> Stage 1; waiting for intermediate/confirmed structure.,,2026-08-12,Stage 1,Not Sure - Unclear,14.34,Neutral,Volume Expanding,Volume Normal (1.20x vs 10W Avg),-7.14,Underperformed Nifty by 7.14% in 3 Months,False,-7.14,4.4,815605884.75,1.02,3.99,1.2,False,False,"Stage 1, Stage 1, weekly_vcp_ok, weekly_strong, flags=Low Liquidity, stage1_not_actionable, stage1_needs_more_base | Blocked public stage jump Stage 3 -> Stage 1; waiting for intermediate/confirmed structure.",watchlist,weekly_watchlist,watchlist,7.65,38.2,14.34,0.0,14.34,516
BAJAJFINSV.NS,Bajaj Finserv Limited,Financial Services,Financial Services,Financial Services,True,F&O,1,Not Sure,Stage 1,Pending Stage 1,0.55,Blocked public stage jump Stage 4 -> Stage 1; waiting for intermediate/confirmed structure.,Blocked public stage jump Stage 4 -> Stage 1; waiting for intermediate/confirmed structure.,,,Stage 1,Not Sure - Unclear,14.33,Weak,Volume Drying Up,Volume Normal (1.10x vs 10W Avg),-0.67,Underperformed Nifty by 0.67% in 3 Months,False,-0.67,1.56,1217805934.36,0.84,1.71,1.1,True,False,"Stage 1, Stage 1, weekly_vcp_ok, volume_dryup, weekly_strong, flags=Wide Risk;Low Liquidity, stage1_not_actionable, stage1_needs_more_base | Blocked public stage jump Stage 4 -> Stage 1; waiting for intermediate/confirmed structure.",watchlist,weekly_watchlist,watchlist,9.72,40.09,14.33,0.0,14.33,517
DODLA.NS,Dodla Dairy Limited,Consumer Defensive,Consumer Defensive,Consumer Defensive,False,Cash,1,Stage 4,Stage 4,Stage 4,0.66,Price is below weekly structure.,,,,,Stage 4,14.27,Neutral,Volume Drying Up,Volume Drying Up (0.71x vs 10W Avg),-1.51,Underperformed Nifty by 1.51% in 3 Months,False,-1.51,-1.98,22575021.0,0.71,0.81,0.71,True,True,"Stage 4, Stage 4, weekly_vcp_ok, volume_dryup, weekly_volume_dryup, weekly_strong, flags=Wide Risk;Low Liquidity, downtrend",watchlist,weekly_watchlist,watchlist,0.0,33.1,14.27,0.0,14.27,518
GVT&D.NS,GE Vernova T&D India Limited,Specialty Industrial Machinery,Industrials,Industrials,False,Cash,1,Failed Stage 2,Stage 1,Failed Stage 2,0.72,"This stock was recently Stage 2, but the latest structure no longer satisfies Stage 2 rules. It is kept as Failed Stage 2 until a fresh base/repair structure forms.",Recent Stage 2 break; public stage held as Failed Stage 2.,2026-09-30,2026-09-23,,Failed Stage 2,4.27,Strong,Volume Drying Up,Volume Drying Up (0.55x vs 10W Avg),-0.73,Underperformed Nifty by 0.73% in 3 Months,False,-0.73,13.36,3381353396.3,0.56,0.73,0.55,True,True,"Stage 1, Stage 1, volume_dryup, weekly_volume_dryup, flags=Wide Risk;Low Liquidity, stage1_not_actionable, stage1_needs_more_base | Stage 2 failed state applied from stage memory.",watchlist,weekly_watchlist,watchlist,0.0,1.46,4.27,10.0,14.27,519
NESCO.NS,Nesco Limited,Conglomerates,Industrials,Industrials,False,Cash,1,Stage 4,Stage 4,Stage 4,0.66,Price is below weekly structure.,,,,,Stage 4,14.23,Neutral,Volume Expanding,Volume Expanding (1.54x vs 10W Avg),-1.68,Underperformed Nifty by 1.68% in 3 Months,False,-1.68,-3.88,64700549.06,1.08,0.44,1.54,False,False,"Stage 4, Stage 4, weekly_vcp_ok, weekly_strong, flags=Wider Risk;Low Liquidity, downtrend",watchlist,weekly_watchlist,watchlist,0.55,33.1,14.23,0.0,14.23,520
EMAMILTD.NS,Emami Limited,Household & Personal Products,Consumer Defensive,Consumer Defensive,False,Cash,1,Stage 4,Stage 4,Stage 4,0.86,Price is below the 30-week trend and below long-term support structure.,,,,,Stage 4,12.23,Weak,Volume Normal,Volume Normal (1.41x vs 10W Avg),-2.25,Underperformed Nifty by 2.25% in 3 Months,False,-2.25,-8.91,979990179.82,2.02,0.91,1.41,False,False,"Stage 4, Stage 4, weekly_vcp_ok, weekly_strong, flags=Wide Risk;Low Liquidity, downtrend",watchlist,weekly_watchlist,watchlist,3.8,33.1,12.23,2.0,14.23,521
MAZDOCK.NS,Mazagon Dock Shipbuilders Limited,Aerospace & Defense,Industrials,Industrials,True,F&O,1,Stage 4,Stage 4,Stage 4,0.86,Price is below the 30-week trend and below long-term support structure.,,,2026-08-28,,Stage 4,4.13,Weak,Volume Drying Up,Volume Drying Up (0.76x vs 10W Avg),-10.96,Underperformed Nifty by 10.96% in 3 Months,False,-10.96,-10.37,1338266509.74,0.91,0.81,0.76,False,True,"Stage 4, Stage 4, weekly_vcp_ok, weekly_volume_dryup, weekly_strong, flags=Wide Risk;Low Liquidity, downtrend",watchlist,weekly_watchlist,watchlist,0.0,33.1,4.13,10.0,14.13,522
CHOICEIN.NS,Choice International Limited,Capital Markets,Financial Services,Financial Services,False,Cash,1,Stage 3,Stage 3,Early,0.68,"Prior strength has shifted into a Stage 3 transition based on trend, relative strength, and volume evidence.",,,2026-08-28,,Stage 3 Early,14.05,Neutral,Volume Drying Up,Volume Drying Up (0.74x vs 10W Avg),-1.71,Underperformed Nifty by 1.71% in 3 Months,False,-1.71,12.03,296148634.23,1.09,1.04,0.74,False,True,"Stage 3, Early, weekly_vcp_ok, weekly_volume_dryup, weekly_strong, flags=Wider Risk;Low Liquidity, distribution_or_weakening_risk",watchlist,weekly_watchlist,watchlist,0.0,37.03,14.05,0.0,14.05,523
EIHOTEL.NS,EIH Limited,Lodging,Consumer Cyclical,Consumer Cyclical,False,Cash,1,Stage 4,Stage 4,Stage 4,0.66,Price is below weekly structure.,,,,,Stage 4,12.01,Neutral,Volume Expanding,Volume Expanding (2.93x vs 10W Avg),-2.75,Underperformed Nifty by 2.75% in 3 Months,False,-2.75,0.38,127777299.57,1.89,3.04,2.93,False,False,"Stage 4, Stage 4, weekly_vcp_ok, weekly_strong, flags=Wider Risk;Low Liquidity, downtrend",watchlist,weekly_watchlist,watchlist,0.0,32.0,12.01,2.0,14.01,524
M&M.NS,Mahindra & Mahindra Limited,Auto Manufacturers,Consumer Cyclical,Consumer Cyclical,True,F&O,1,Stage 4,Stage 4,Stage 4,0.66,Price is below weekly structure.,,,,,Stage 4,8.97,Weak,Volume Normal,Volume Normal (1.13x vs 10W Avg),-1.05,Underperformed Nifty by 1.05% in 3 Months,False,-1.05,-2.15,5772090691.93,1.03,1.27,1.13,False,False,"Stage 4, Stage 4, weekly_vcp_ok, weekly_strong, flags=Wide Risk;Low Liquidity, downtrend",watchlist,weekly_watchlist,watchlist,3.02,32.0,8.97,5.0,13.97,525
PGHL.NS,Procter & Gamble Health Limited,Drug Manufacturers - Specialty & Generic,Healthcare,Healthcare,False,Cash,1,Stage 3,Stage 3,Early,0.68,"Prior strength has shifted into a Stage 3 transition based on trend, relative strength, and volume evidence.",,,2026-08-11,,Stage 3 Early,3.9,Neutral,Volume Expanding,Volume Expanding (1.96x vs 10W Avg),-4.92,Underperformed Nifty by 4.92% in 3 Months,False,-4.92,15.25,67270369.35,1.12,0.91,1.96,False,False,"Stage 3, Early, flags=Wider Risk;Low Liquidity, distribution_or_weakening_risk",watchlist,weekly_watchlist,watchlist,0.0,0.83,3.9,10.0,13.9,526
HAVELLS.NS,Havells India Limited,Electrical Equipment & Parts,Industrials,Industrials,True,F&O,1,Stage 4,Stage 4,Stage 4,0.86,Price is below the 30-week trend and below long-term support structure.,,,,,Stage 4,3.79,Weak,Volume Drying Up,Volume Normal (0.89x vs 10W Avg),-7.21,Underperformed Nifty by 7.21% in 3 Months,False,-7.21,-18.56,879807230.41,0.78,1.86,0.89,True,True,"Stage 4, Stage 4, weekly_vcp_ok, volume_dryup, weekly_volume_dryup, weekly_strong, flags=Wide Risk;Low Liquidity, downtrend",watchlist,weekly_watchlist,watchlist,0.0,32.0,3.79,10.0,13.79,527
SANDUMA.NS,Sandur Manganese & Iron Ores Limited,Steel,Basic Materials,Basic Materials,False,Cash,1,Stage 4,Stage 4,Stage 4,0.86,Price is below the 30-week trend and below long-term support structure.,,,,,Stage 4,3.79,Weak,Volume Drying Up,Volume Drying Up (0.62x vs 10W Avg),-6.63,Underperformed Nifty by 6.63% in 3 Months,False,-6.63,-2.12,91965464.02,0.66,0.53,0.62,True,True,"Stage 4, Stage 4, weekly_vcp_ok, volume_dryup, weekly_volume_dryup, weekly_strong, flags=Wide Weekly Base;Wide Risk;Low Liquidity, downtrend",watchlist,weekly_watchlist,watchlist,0.0,32.0,3.79,10.0,13.79,528
ANUP.NS,The Anup Engineering Limited,Specialty Industrial Machinery,Industrials,Industrials,False,Cash,1,Stage 4,Stage 4,Stage 4,0.86,Price is below the 30-week trend and below long-term support structure.,,,,,Stage 4,3.79,Weak,Volume Drying Up,Volume Drying Up (0.81x vs 10W Avg),-23.59,Underperformed Nifty by 23.59% in 3 Months,False,-23.59,-7.75,40024372.63,0.79,0.47,0.81,True,True,"Stage 4, Stage 4, weekly_vcp_ok, volume_dryup, weekly_volume_dryup, weekly_strong, flags=Wide Base;Wide Weekly Base;Loose Structure;Wider Risk;Low Liquidity, downtrend",watchlist,weekly_watchlist,watchlist,0.0,32.0,3.79,10.0,13.79,529
INDIGO.NS,InterGlobe Aviation Limited,Industrials,Industrials,Industrials,True,F&O,1,Failed Stage 2,Stage 2,Failed Stage 2,0.7,Failed Stage 2 cooling period is still active; waiting for a fresh base or confirmed reclaim.,Failed Stage 2 hold period active.,,2026-09-14,,Failed Stage 2,13.71,Neutral,Volume Drying Up,Volume Drying Up (0.75x vs 10W Avg),-1.05,Underperformed Nifty by 1.05% in 3 Months,False,-1.05,14.28,2776544729.45,0.89,1.08,0.75,False,True,"Stage 2, Advancing, weekly_volume_dryup, flags=Low Liquidity | Failed Stage 2 hold period active.",watchlist,weekly_watchlist,watchlist,10.04,15.12,13.71,0.0,13.71,530
CONCOR.NS,Container Corporation of India Limited,Industrials,Industrials,Industrials,True,F&O,1,Not Sure,Stage 1,Pending Stage 1,0.55,Blocked public stage jump Stage 4 -> Stage 1; waiting for intermediate/confirmed structure.,Blocked public stage jump Stage 4 -> Stage 1; waiting for intermediate/confirmed structure.,,,Stage 1,Not Sure - Unclear,13.62,Weak,Volume Normal,Volume Normal (0.86x vs 10W Avg),0.25,Outperformed Nifty by 0.25% in 3 Months,False,0.25,-2.14,533255285.45,0.9,0.88,0.86,False,True,"Stage 1, Stage 1, weekly_vcp_ok, weekly_volume_dryup, weekly_strong, flags=Wide Risk;Low Liquidity, stage1_not_actionable, stage1_needs_more_base | Blocked public stage jump Stage 4 -> Stage 1; waiting for intermediate/confirmed structure.",watchlist,weekly_watchlist,watchlist,9.8,40.0,13.62,0.0,13.62,531
M&MFIN.NS,Mahindra & Mahindra Financial Services Limited,Credit Services,Financial Services,Financial Services,False,Cash,1,Failed Stage 2,Stage 3,Failed Stage 2,0.72,"This stock was recently Stage 2, but the latest structure no longer satisfies Stage 2 rules. It is kept as Failed Stage 2 until a fresh base/repair structure forms.",Recent Stage 2 break; public stage held as Failed Stage 2.,2026-09-30,2026-09-15,,Failed Stage 2,11.54,Strong,Volume Drying Up,Volume Drying Up (0.35x vs 10W Avg),6.91,Outperformed Nifty by 6.91% in 3 Months,False,6.91,18.4,610878502.02,0.61,0.54,0.35,True,True,"Stage 3, Early, weekly_vcp_ok, volume_dryup, weekly_volume_dryup, weekly_strong, flags=Wide Risk;Low Liquidity, distribution_or_weakening_risk | Stage 2 failed state applied from stage memory.",watchlist,weekly_watchlist,watchlist,0.0,38.53,11.54,2.0,13.54,532
ASTRAL.NS,Astral Limited,Building Products & Equipment,Industrials,Industrials,True,F&O,1,Stage 1,Stage 1,Stage 1,0.64,Price is building a base around long-term weekly structure without a confirmed advancing phase.,,,2026-08-13,,Stage 1,13.51,Weak,Volume Drying Up,Volume Drying Up (0.48x vs 10W Avg),5.62,Outperformed Nifty by 5.62% in 3 Months,False,5.62,-12.43,815578436.06,0.53,0.28,0.48,True,True,"Stage 1, Stage 1, weekly_vcp_ok, volume_dryup, weekly_volume_dryup, weekly_strong, flags=Wide Risk;Low Liquidity, stage1_not_actionable, stage1_needs_more_base",watchlist,weekly_watchlist,watchlist,0.0,40.0,13.51,0.0,13.51,533
POWERINDIA.NS,Hitachi Energy India Limited,Electrical Equipment & Parts,Industrials,Industrials,True,F&O,1,Failed Stage 2,Stage 1,Failed Stage 2,0.72,"This stock was recently Stage 2, but the latest structure no longer satisfies Stage 2 rules. It is kept as Failed Stage 2 until a fresh base/repair structure forms.",Recent Stage 2 break; public stage held as Failed Stage 2.,2026-09-30,2026-09-21,,Failed Stage 2,3.51,Neutral,Volume Normal,Volume Normal (1.36x vs 10W Avg),1.48,Outperformed Nifty by 1.48% in 3 Months,False,1.48,21.11,3187859953.25,1.04,0.91,1.36,False,False,"Stage 1, Stage 1, flags=Wider Risk;Low Liquidity, stage1_not_actionable, stage1_needs_more_base | Stage 2 failed state applied from stage memory.",watchlist,weekly_watchlist,watchlist,0.0,1.26,3.51,10.0,13.51,534
FUSION.NS,Fusion Finance Limited,Credit Services,Financial Services,Financial Services,False,Cash,1,Failed Stage 2,Stage 3,Failed Stage 2,0.72,"This stock was recently Stage 2, but the latest structure no longer satisfies Stage 2 rules. It is kept as Failed Stage 2 until a fresh base/repair structure forms.",Recent Stage 2 break; public stage held as Failed Stage 2.,2026-09-30,2026-09-14,,Failed Stage 2,11.38,Weak,Volume Drying Up,Volume Normal (0.94x vs 10W Avg),-15.8,Underperformed Nifty by 15.8% in 3 Months,False,-15.8,14.55,108991130.1,0.7,1.03,0.94,True,False,"Stage 3, Early, weekly_vcp_ok, volume_dryup, weekly_strong, flags=Loose Structure;Wide Risk;Low Liquidity, distribution_or_weakening_risk | Stage 2 failed state applied from stage memory.",watchlist,weekly_watchlist,watchlist,11.85,36.0,11.38,2.0,13.38,535
SHRIRAMFIN.NS,Shriram Finance Limited,Credit Services,Financial Services,Financial Services,True,F&O,1,Failed Stage 2,Stage 1,Failed Stage 2,0.72,"This stock was recently Stage 2, but the latest structure no longer satisfies Stage 2 rules. It is kept as Failed Stage 2 until a fresh base/repair structure forms.",Recent Stage 2 break; public stage held as Failed Stage 2.,2026-09-30,2026-09-23,,Failed Stage 2,11.38,Weak,Volume Normal,Volume Normal (1.05x vs 10W Avg),-0.69,Underperformed Nifty by 0.69% in 3 Months,False,-0.69,4.9,3963466412.56,0.92,1.45,1.05,False,False,"Stage 1, Stage 1, weekly_vcp_ok, weekly_strong, flags=Wide Risk;Low Liquidity, stage1_not_actionable, stage1_needs_more_base | Stage 2 failed state applied from stage memory.",watchlist,weekly_watchlist,watchlist,0.0,41.52,11.38,2.0,13.38,536
SPARC.NS,Sun Pharma Advanced Research Company Limited,Drug Manufacturers - Specialty & Generic,Healthcare,Healthcare,False,Cash,1,Failed Stage 2,Stage 3,Failed Stage 2,0.72,"This stock was recently Stage 2, but the latest structure no longer satisfies Stage 2 rules. It is kept as Failed Stage 2 until a fresh base/repair structure forms.",Recent Stage 2 break; public stage held as Failed Stage 2.,2026-09-30,2026-09-29,,Failed Stage 2,3.37,Neutral,Volume Normal,Volume Normal (1.46x vs 10W Avg),-17.85,Underperformed Nifty by 17.85% in 3 Months,False,-17.85,54.74,191256964.39,1.25,1.43,1.46,False,False,"Stage 3, Early, flags=Wide Risk;Low Liquidity, distribution_or_weakening_risk | Stage 2 failed state applied from stage memory.",watchlist,weekly_watchlist,watchlist,6.92,1.09,3.37,10.0,13.37,537
GATEWAY.NS,Gateway Distriparks Limited,Industrials,Industrials,Industrials,False,Cash,1,Stage 4,Stage 4,Stage 4,0.66,Price is below weekly structure.,,,,,Stage 4,13.22,Weak,Volume Drying Up,Volume Drying Up (0.50x vs 10W Avg),-6.82,Underperformed Nifty by 6.82% in 3 Months,False,-6.82,-4.7,27843241.26,0.52,0.67,0.5,True,True,"Stage 4, Stage 4, weekly_vcp_ok, volume_dryup, weekly_volume_dryup, weekly_strong, flags=Low Liquidity, downtrend",watchlist,weekly_watchlist,watchlist,0.0,32.0,13.22,0.0,13.22,538
CEATLTD.NS,CEAT Limited,Auto Parts,Consumer Cyclical,Consumer Cyclical,False,Cash,1,Stage 4,Stage 4,Stage 4,0.66,Price is below weekly structure.,,,,,Stage 4,8.21,Weak,Volume Drying Up,Volume Drying Up (0.58x vs 10W Avg),-6.5,Underperformed Nifty by 6.5% in 3 Months,False,-6.5,-4.1,181569017.47,0.86,0.9,0.58,False,True,"Stage 4, Stage 4, weekly_vcp_ok, weekly_volume_dryup, weekly_strong, flags=Wide Risk;Low Liquidity, downtrend",watchlist,weekly_watchlist,watchlist,3.24,33.1,8.21,5.0,13.21,539
ADANIENT.NS,Adani Enterprises Limited,Energy,Energy,Energy,True,F&O,1,Failed Stage 2,Stage 3,Failed Stage 2,0.72,"This stock was recently Stage 2, but the latest structure no longer satisfies Stage 2 rules. It is kept as Failed Stage 2 until a fresh base/repair structure forms.",Recent Stage 2 break; public stage held as Failed Stage 2.,2026-09-30,2026-09-29,,Failed Stage 2,8.07,Neutral,Volume Normal,Volume Normal (1.18x vs 10W Avg),-2.66,Underperformed Nifty by 2.66% in 3 Months,False,-2.66,53.04,4261762103.48,0.86,0.91,1.18,False,False,"Stage 3, Early, flags=Wide Risk;Low Liquidity, distribution_or_weakening_risk | Stage 2 failed state applied from stage memory.",watchlist,weekly_watchlist,watchlist,2.9,4.84,8.07,5.0,13.07,540
PRUDENT.NS,Prudent Corporate Advisory Services Limited,Asset Management,Financial Services,Financial Services,False,Cash,1,Failed Stage 2,Stage 3,Failed Stage 2,0.72,"This stock was recently Stage 2, but the latest structure no longer satisfies Stage 2 rules. It is kept as Failed Stage 2 until a fresh base/repair structure forms.",Recent Stage 2 break; public stage held as Failed Stage 2.,2026-09-30,2026-09-24,,Failed Stage 2,13.04,Strong,Volume Drying Up,Volume Normal (1.11x vs 10W Avg),10.52,Outperformed Nifty by 10.52% in 3 Months,False,10.52,38.21,103652928.02,0.79,0.97,1.11,True,False,"Stage 3, Late, weekly_vcp_ok, volume_dryup, weekly_strong, flags=Wide Risk;Low Liquidity, distribution_or_weakening_risk | Stage 2 failed state applied from stage memory.",watchlist,weekly_watchlist,watchlist,11.54,40.17,13.04,0.0,13.04,541
JKTYRE.NS,JK Tyre & Industries Limited,Auto Parts,Consumer Cyclical,Consumer Cyclical,False,Cash,1,Stage 4,Stage 4,Stage 4,0.86,Price is below the 30-week trend and below long-term support structure.,,,,,Stage 4,8.01,Weak,Volume Expanding,Volume Normal (0.99x vs 10W Avg),-7.6,Underperformed Nifty by 7.6% in 3 Months,False,-7.6,-12.14,159952857.37,0.93,2.5,0.99,False,False,"Stage 4, Stage 4, weekly_vcp_ok, weekly_strong, flags=Wide Weekly Base;Wide Risk;Low Liquidity, downtrend",watchlist,weekly_watchlist,watchlist,10.38,33.1,8.01,5.0,13.01,542
PRAKASH.NS,Prakash Industries Limited,Steel,Basic Materials,Basic Materials,False,Cash,1,Not Sure,Stage 1,Pending Stage 1,0.55,Blocked public stage jump Stage 4 -> Stage 1; waiting for intermediate/confirmed structure.,Blocked public stage jump Stage 4 -> Stage 1; waiting for intermediate/confirmed structure.,,,Stage 1,Not Sure - Unclear,2.82,Weak,Volume Expanding,Volume Expanding (1.71x vs 10W Avg),1.22,Outperformed Nifty by 1.22% in 3 Months,False,1.22,-2.02,63886702.94,1.31,1.72,1.71,False,False,"Stage 1, Stage 1, flags=Low Liquidity, stage1_not_actionable, stage1_needs_more_base | Blocked public stage jump Stage 4 -> Stage 1; waiting for intermediate/confirmed structure.",watchlist,weekly_watchlist,watchlist,0.0,3.8,2.82,10.0,12.82,543
AMBER.NS,Amber Enterprises India Limited,"Furnishings, Fixtures & Appliances",Consumer Cyclical,Consumer Cyclical,True,F&O,1,Stage 4,Stage 4,Stage 4,0.66,Price is below weekly structure.,,,2026-08-31,,Stage 4,12.8,Weak,Volume Drying Up,Volume Drying Up (0.73x vs 10W Avg),-5.57,Underperformed Nifty by 5.57% in 3 Months,False,-5.57,2.42,825063958.52,0.56,1.39,0.73,True,True,"Stage 4, Stage 4, weekly_vcp_ok, volume_dryup, weekly_volume_dryup, weekly_strong, flags=Wide Risk;Low Liquidity, downtrend",watchlist,weekly_watchlist,watchlist,10.25,32.0,12.8,0.0,12.8,544
IREDA.NS,Indian Renewable Energy Development Agency Limited,Credit Services,Financial Services,Financial Services,True,F&O,1,Stage 4,Stage 4,Stage 4,0.86,Price is below the 30-week trend and below long-term support structure.,,,,,Stage 4,10.76,Weak,Volume Expanding,Volume Expanding (2.09x vs 10W Avg),-4.5,Underperformed Nifty by 4.5% in 3 Months,False,-4.5,-4.11,510486060.34,1.28,0.84,2.09,False,False,"Stage 4, Stage 4, weekly_vcp_ok, weekly_strong, flags=Low Liquidity, downtrend",watchlist,weekly_watchlist,watchlist,0.0,32.0,10.76,2.0,12.76,545
SAPPHIRE.NS,Sapphire Foods India Limited,Consumer Cyclical,Consumer Cyclical,Consumer Cyclical,False,Cash,1,Failed Stage 2,Stage 1,Failed Stage 2,0.72,"This stock was recently Stage 2, but the latest structure no longer satisfies Stage 2 rules. It is kept as Failed Stage 2 until a fresh base/repair structure forms.",Recent Stage 2 break; public stage held as Failed Stage 2.,2026-09-30,2026-09-23,,Failed Stage 2,10.74,Strong,Volume Drying Up,Volume Drying Up (0.54x vs 10W Avg),21.75,Outperformed Nifty by 21.75% in 3 Months,False,21.75,32.47,188759975.39,0.54,0.43,0.54,True,True,"Stage 1, Stage 1, weekly_vcp_ok, volume_dryup, weekly_volume_dryup, weekly_strong, flags=Wide Weekly Base;Loose Structure;Wide Risk;Low Liquidity, stage1_not_actionable, stage1_needs_more_base | Stage 2 failed state applied from stage memory.",watchlist,weekly_watchlist,watchlist,0.0,46.52,10.74,2.0,12.74,546
SBFC.NS,SBFC Finance Limited,Credit Services,Financial Services,Financial Services,False,Cash,1,Stage 4,Stage 4,Stage 4,0.86,Price is below the 30-week trend and below long-term support structure.,,,,,Stage 4,10.67,Weak,Volume Drying Up,Volume Normal (0.99x vs 10W Avg),-0.78,Underperformed Nifty by 0.78% in 3 Months,False,-0.78,-0.01,104338443.72,0.71,0.26,0.99,True,False,"Stage 4, Stage 4, weekly_vcp_ok, volume_dryup, weekly_strong, flags=Wide Risk;Low Liquidity, downtrend",watchlist,weekly_watchlist,watchlist,8.53,32.0,10.67,2.0,12.67,547
BDL.NS,Bharat Dynamics Limited,Aerospace & Defense,Industrials,Industrials,True,F&O,1,Stage 4,Stage 4,Stage 4,0.86,Price is below the 30-week trend and below long-term support structure.,,,,,Stage 4,2.67,Weak,Volume Drying Up,Volume Normal (1.01x vs 10W Avg),-14.42,Underperformed Nifty by 14.42% in 3 Months,False,-14.42,-11.44,1225499632.51,0.74,1.02,1.01,True,False,"Stage 4, Stage 4, weekly_vcp_ok, volume_dryup, weekly_strong, flags=Wide Risk;Low Liquidity, downtrend",watchlist,weekly_watchlist,watchlist,0.0,28.33,2.67,10.0,12.67,548
ASHOKLEY.NS,Ashok Leyland Limited,Farm & Heavy Construction Machinery,Industrials,Industrials,True,F&O,1,Stage 4,Stage 4,Stage 4,0.86,Price is below the 30-week trend and below long-term support structure.,,,2026-08-13,,Stage 4,10.66,Neutral,Volume Drying Up,Volume Drying Up (0.85x vs 10W Avg),-0.38,Underperformed Nifty by 0.38% in 3 Months,False,-0.38,1.25,1787105118.8,0.73,1.59,0.85,True,True,"Stage 4, Stage 4, weekly_vcp_ok, volume_dryup, weekly_volume_dryup, weekly_strong, flags=Wide Risk;Low Liquidity, downtrend",watchlist,weekly_watchlist,watchlist,1.66,33.19,10.66,2.0,12.66,549
ARVINDFASN.NS,Arvind Fashions Limited,Apparel Manufacturing,Consumer Cyclical,Consumer Cyclical,False,Cash,1,Stage 4,Stage 4,Stage 4,0.86,Price is below the 30-week trend and below long-term support structure.,,,,,Stage 4,12.62,Weak,Volume Normal,Volume Normal (0.89x vs 10W Avg),-10.5,Underperformed Nifty by 10.5% in 3 Months,False,-10.5,-13.15,90526934.27,0.9,1.54,0.89,False,True,"Stage 4, Stage 4, weekly_vcp_ok, weekly_volume_dryup, weekly_strong, flags=Wide Risk, downtrend",watchlist,weekly_watchlist,watchlist,0.0,33.8,12.62,0.0,12.62,550
BECTORFOOD.NS,Mrs. Bectors Food Specialities Limited,Packaged Foods,Consumer Defensive,Consumer Defensive,False,Cash,1,Failed Stage 2,Stage 1,Failed Stage 2,0.72,"This stock was recently Stage 2, but the latest structure no longer satisfies Stage 2 rules. It is kept as Failed Stage 2 until a fresh base/repair structure forms.",Recent Stage 2 break; public stage held as Failed Stage 2.,2026-09-30,2026-09-25,,Failed Stage 2,12.36,Strong,Volume Drying Up,Volume Drying Up (0.12x vs 10W Avg),23.76,Outperformed Nifty by 23.76% in 3 Months,False,23.76,8.68,233187645.5,0.39,0.68,0.12,True,True,"Stage 1, Stage 1, weekly_vcp_ok, volume_dryup, weekly_volume_dryup, weekly_strong, flags=Loose Structure;Wide Risk;Low Liquidity, stage1_not_actionable, stage1_needs_more_base | Stage 2 failed state applied from stage memory.",watchlist,weekly_watchlist,watchlist,0.0,43.24,12.36,0.0,12.36,551
VIPIND.NS,VIP Industries Limited,Consumer Cyclical,Consumer Cyclical,Consumer Cyclical,False,Cash,1,Stage 4,Stage 4,Stage 4,0.86,Price is below the 30-week trend and below long-term support structure.,,,,,Stage 4,10.22,Neutral,Volume Drying Up,Volume Drying Up (0.61x vs 10W Avg),3.01,Outperformed Nifty by 3.01% in 3 Months,False,3.01,-8.44,96949646.55,1.07,0.45,0.61,False,True,"Stage 4, Stage 4, weekly_vcp_ok, weekly_volume_dryup, weekly_strong, flags=Wide Risk;Low Liquidity, downtrend",watchlist,weekly_watchlist,watchlist,4.7,33.1,10.22,2.0,12.22,552
SBILIFE.NS,SBI Life Insurance Company Limited,Insurance - Life,Financial Services,Financial Services,True,F&O,1,Stage 4,Stage 4,Stage 4,0.66,Price is below weekly structure.,,,,,Stage 4,12.19,Neutral,Volume Expanding,Volume Expanding (2.02x vs 10W Avg),1.69,Outperformed Nifty by 1.69% in 3 Months,False,1.69,-9.17,1874614241.16,1.38,1.83,2.02,False,False,"Stage 4, Stage 4, weekly_vcp_ok, weekly_strong, flags=Wider Risk;Low Liquidity, downtrend",watchlist,weekly_watchlist,watchlist,0.0,32.0,12.19,0.0,12.19,553
TIMKEN.NS,Timken India Limited,Tools & Accessories,Industrials,Industrials,False,Cash,1,Not Sure,Stage 1,Pending Stage 1,0.55,Blocked public stage jump Stage 4 -> Stage 1; waiting for intermediate/confirmed structure.,Blocked public stage jump Stage 4 -> Stage 1; waiting for intermediate/confirmed structure.,,,Stage 1,Not Sure - Unclear,10.17,Weak,Volume Expanding,Volume Normal (1.06x vs 10W Avg),0.58,Outperformed Nifty by 0.58% in 3 Months,False,0.58,-5.56,125151624.02,1.21,1.97,1.06,False,False,"Stage 1, Stage 1, flags=Wider Risk;Low Liquidity, stage1_not_actionable, stage1_needs_more_base | Blocked public stage jump Stage 4 -> Stage 1; waiting for intermediate/confirmed structure.",watchlist,weekly_watchlist,watchlist,11.57,11.8,10.17,2.0,12.17,554
BHARTIHEXA.NS,Bharti Hexacom Limited,Telecom Services,Communication Services,Communication Services,False,Cash,1,Stage 1,Stage 1,Stage 1,0.64,Price is building a base around long-term weekly structure without a confirmed advancing phase.,,,,,Stage 1,12.09,Weak,Volume Drying Up,Volume Drying Up (0.74x vs 10W Avg),4.98,Outperformed Nifty by 4.98% in 3 Months,False,4.98,-6.7,128067666.87,0.87,1.33,0.74,False,True,"Stage 1, Stage 1, weekly_vcp_ok, weekly_volume_dryup, weekly_strong, flags=Wide Risk;Low Liquidity, stage1_not_actionable, stage1_needs_more_base",watchlist,weekly_watchlist,watchlist,0.0,42.2,12.09,0.0,12.09,555
TATACHEM.NS,Tata Chemicals Limited,Chemicals,Basic Materials,Basic Materials,False,Cash,1,Stage 4,Stage 4,Stage 4,0.86,Price is below the 30-week trend and below long-term support structure.,,,,,Stage 4,7.06,Weak,Volume Normal,Volume Normal (0.99x vs 10W Avg),-5.37,Underperformed Nifty by 5.37% in 3 Months,False,-5.37,-1.72,2638967660.63,2.31,0.42,0.99,False,False,"Stage 4, Stage 4, weekly_vcp_ok, weekly_strong, flags=Wide Risk;Low Liquidity, downtrend",watchlist,weekly_watchlist,watchlist,4.7,32.0,7.06,5.0,12.06,556
ESCORTS.NS,Escorts Kubota Limited,Farm & Heavy Construction Machinery,Industrials,Industrials,False,Cash,1,Stage 4,Stage 4,Stage 4,0.86,Price is below the 30-week trend and below long-term support structure.,,,,,Stage 4,9.98,Weak,Volume Normal,Volume Normal (1.13x vs 10W Avg),-2.17,Underperformed Nifty by 2.17% in 3 Months,False,-2.17,-6.93,182978331.2,0.95,0.67,1.13,False,False,"Stage 4, Stage 4, weekly_vcp_ok, weekly_strong, flags=Wide Risk;Low Liquidity, downtrend",watchlist,weekly_watchlist,watchlist,1.65,32.0,9.98,2.0,11.98,557
SWIGGY.NS,Swiggy Limited,Consumer Cyclical,Consumer Cyclical,Consumer Cyclical,True,F&O,1,Stage 4,Stage 4,Stage 4,0.86,Price is below the 30-week trend and below long-term support structure.,,,,,Stage 4,9.95,Weak,Volume Drying Up,Volume Drying Up (0.54x vs 10W Avg),7.5,Outperformed Nifty by 7.5% in 3 Months,False,7.5,-8.42,7202604472.58,0.72,0.42,0.54,True,True,"Stage 4, Stage 4, weekly_vcp_ok, volume_dryup, weekly_volume_dryup, weekly_strong, flags=Wide Risk;Low Liquidity, downtrend",watchlist,weekly_watchlist,watchlist,4.34,34.2,9.95,2.0,11.95,558
TCI.NS,Transport Corporation of India Limited,Industrials,Industrials,Industrials,False,Cash,1,Stage 4,Stage 4,Stage 4,0.86,Price is below the 30-week trend and below long-term support structure.,,,,,Stage 4,11.94,Weak,Volume Expanding,Volume Expanding (8.88x vs 10W Avg),0.48,Outperformed Nifty by 0.48% in 3 Months,False,0.48,-11.49,304132461.94,4.25,0.64,8.88,False,False,"Stage 4, Stage 4, weekly_vcp_ok, weekly_strong, flags=Wider Risk;Low Liquidity, downtrend",watchlist,weekly_watchlist,watchlist,0.0,33.1,11.94,0.0,11.94,559
INDOSTAR.NS,IndoStar Capital Finance Limited,Credit Services,Financial Services,Financial Services,False,Cash,1,Failed Stage 2,Stage 3,Failed Stage 2,0.72,"This stock was recently Stage 2, but the latest structure no longer satisfies Stage 2 rules. It is kept as Failed Stage 2 until a fresh base/repair structure forms.",Recent Stage 2 break; public stage held as Failed Stage 2.,2026-09-30,2026-09-18,,Failed Stage 2,9.9,Weak,Volume Drying Up,Volume Drying Up (0.61x vs 10W Avg),-10.46,Underperformed Nifty by 10.46% in 3 Months,False,-10.46,7.44,17909304.07,0.53,0.87,0.61,True,True,"Stage 3, Early, weekly_vcp_ok, volume_dryup, weekly_volume_dryup, weekly_strong, flags=Wide Risk;Low Liquidity, distribution_or_weakening_risk | Stage 2 failed state applied from stage memory.",watchlist,weekly_watchlist,watchlist,0.17,37.1,9.9,2.0,11.9,560
BALMLAWRIE.NS,Balmer Lawrie & Company Limited,Conglomerates,Industrials,Industrials,False,Cash,1,Stage 4,Stage 4,Stage 4,0.66,Price is below weekly structure.,,,,,Stage 4,11.86,Weak,Volume Drying Up,Volume Drying Up (0.63x vs 10W Avg),-2.41,Underperformed Nifty by 2.41% in 3 Months,False,-2.41,1.42,21026171.45,0.69,0.63,0.63,True,True,"Stage 4, Stage 4, weekly_vcp_ok, volume_dryup, weekly_volume_dryup, weekly_strong, flags=Wider Risk;Low Liquidity, downtrend",watchlist,weekly_watchlist,watchlist,0.0,32.0,11.86,0.0,11.86,561
DBL.NS,Dilip Buildcon Limited,Engineering & Construction,Industrials,Industrials,False,Cash,1,Stage 4,Stage 4,Stage 4,0.66,Price is below weekly structure.,,,,,Stage 4,11.81,Weak,Volume Drying Up,Volume Drying Up (0.15x vs 10W Avg),1.52,Outperformed Nifty by 1.52% in 3 Months,False,1.52,0.08,214390018.87,0.37,0.17,0.15,True,True,"Stage 4, Stage 4, weekly_vcp_ok, volume_dryup, weekly_volume_dryup, weekly_strong, flags=Wide Risk;Low Liquidity, downtrend",watchlist,weekly_watchlist,watchlist,1.66,28.49,11.81,0.0,11.81,562
DALBHARAT.NS,Dalmia Bharat Limited,Building Materials,Basic Materials,Basic Materials,True,F&O,1,Stage 4,Stage 4,Stage 4,0.66,Price is below weekly structure.,,,,,Stage 4,11.8,Weak,Volume Drying Up,Volume Drying Up (0.48x vs 10W Avg),1.78,Outperformed Nifty by 1.78% in 3 Months,False,1.78,-11.25,151641936.16,0.54,0.51,0.48,True,True,"Stage 4, Stage 4, weekly_vcp_ok, volume_dryup, weekly_volume_dryup, weekly_strong, flags=Wide Risk;Low Liquidity, downtrend",watchlist,weekly_watchlist,watchlist,8.7,32.0,11.8,0.0,11.8,563
ELECTCAST.NS,Electrosteel Castings Limited,Building Products & Equipment,Industrials,Industrials,False,Cash,1,Failed Stage 2,Stage 1,Failed Stage 2,0.72,"This stock was recently Stage 2, but the latest structure no longer satisfies Stage 2 rules. It is kept as Failed Stage 2 until a fresh base/repair structure forms.",Recent Stage 2 break; public stage held as Failed Stage 2.,2026-09-30,2026-09-14,,Failed Stage 2,11.76,Strong,Volume Expanding,Volume Expanding (6.00x vs 10W Avg),3.89,Outperformed Nifty by 3.89% in 3 Months,False,3.89,-4.28,281797025.91,2.2,0.93,6.0,False,False,"Stage 1, Stage 1, weekly_vcp_ok, flags=Wide Risk;Low Liquidity, stage1_not_actionable, stage1_needs_more_base | Stage 2 failed state applied from stage memory.",watchlist,weekly_watchlist,watchlist,7.92,26.3,11.76,0.0,11.76,564
GPIL.NS,Godawari Power And Ispat limited,Steel,Basic Materials,Basic Materials,False,Cash,1,Stage 4,Stage 4,Stage 4,0.86,Price is below the 30-week trend and below long-term support structure.,,,,,Stage 4,1.73,Weak,Volume Drying Up,Volume Drying Up (0.65x vs 10W Avg),-6.36,Underperformed Nifty by 6.36% in 3 Months,False,-6.36,-22.92,319000902.89,0.75,0.68,0.65,True,True,"Stage 4, Stage 4, volume_dryup, weekly_volume_dryup, flags=Wide Risk;Low Liquidity, downtrend",watchlist,weekly_watchlist,watchlist,7.18,0.2,1.73,10.0,11.73,565
ADANIPOWER.NS,Adani Power Limited,Utilities,Utilities,Utilities,True,F&O,1,Failed Stage 2,Stage 1,Failed Stage 2,0.72,"This stock was recently Stage 2, but the latest structure no longer satisfies Stage 2 rules. It is kept as Failed Stage 2 until a fresh base/repair structure forms.",Recent Stage 2 break; public stage held as Failed Stage 2.,2026-09-30,2026-09-10,,Failed Stage 2,11.72,Neutral,Volume Normal,Volume Normal (1.22x vs 10W Avg),-0.41,Underperformed Nifty by 0.41% in 3 Months,False,-0.41,23.58,3357002830.27,1.0,1.09,1.22,False,False,"Stage 1, Stage 1, flags=Wide Risk;Low Liquidity, stage1_not_actionable, stage1_needs_more_base | Stage 2 failed state applied from stage memory.",watchlist,weekly_watchlist,watchlist,11.48,6.92,11.72,0.0,11.72,566
SIYSIL.NS,Siyaram Silk Mills Limited,Textile Manufacturing,Consumer Cyclical,Consumer Cyclical,False,Cash,1,Stage 4,Stage 4,Stage 4,0.86,Price is below the 30-week trend and below long-term support structure.,,,2026-08-20,,Stage 4,6.69,Weak,Volume Drying Up,Volume Drying Up (0.37x vs 10W Avg),-6.68,Underperformed Nifty by 6.68% in 3 Months,False,-6.68,5.78,15110580.27,0.5,0.34,0.37,True,True,"Stage 4, Stage 4, weekly_vcp_ok, volume_dryup, weekly_volume_dryup, weekly_strong, flags=Wide Weekly Base;Wider Risk;Low Liquidity, downtrend",watchlist,weekly_watchlist,watchlist,0.0,32.0,6.69,5.0,11.69,567
EPIGRAL.NS,Epigral Limited,Chemicals,Basic Materials,Basic Materials,False,Cash,1,Stage 4,Stage 4,Stage 4,0.86,Price is below the 30-week trend and below long-term support structure.,,,,,Stage 4,6.67,Neutral,Volume Drying Up,Volume Drying Up (0.39x vs 10W Avg),5.91,Outperformed Nifty by 5.91% in 3 Months,False,5.91,11.49,36872856.69,0.38,0.61,0.39,True,True,"Stage 4, Stage 4, weekly_vcp_ok, volume_dryup, weekly_volume_dryup, weekly_strong, flags=Wide Base;Wide Risk;Low Liquidity, downtrend",watchlist,weekly_watchlist,watchlist,1.54,33.74,6.67,5.0,11.67,568
HCG.NS,Healthcare Global Enterprises Limited,Medical Care Facilities,Healthcare,Healthcare,False,Cash,1,Stage 2,Stage 2,Advancing,0.8,Price is above constructive weekly and long-term trend structure with improving relative strength.,,,2026-09-29,,Stage 2 - Advancing,11.63,Strong,Volume Drying Up,Volume Drying Up (0.59x vs 10W Avg),8.86,Outperformed Nifty by 8.86% in 3 Months,False,8.86,23.72,91863477.98,0.86,1.51,0.59,False,True,"Stage 2, Advancing, weekly_volume_dryup, flags=Wide Risk;Low Liquidity",watchlist,weekly_watchlist,watchlist,12.53,19.46,11.63,0.0,11.63,569
RELIANCE.NS,Reliance Industries Limited,Oil & Gas Refining & Marketing,Energy,Energy,True,F&O,1,Stage 4,Stage 4,Stage 4,0.86,Price is below the 30-week trend and below long-term support structure.,,,,,Stage 4,6.62,Weak,Volume Normal,Volume Normal (1.50x vs 10W Avg),-3.36,Underperformed Nifty by 3.36% in 3 Months,False,-3.36,-9.89,14277231233.55,1.19,1.48,1.5,False,False,"Stage 4, Stage 4, weekly_vcp_ok, flags=Wider Risk;Low Liquidity, downtrend",watchlist,weekly_watchlist,watchlist,3.48,18.3,6.62,5.0,11.62,570
SANOFICONR.NS,Sanofi Consumer Healthcare India Limited,Drug Manufacturers - General,Healthcare,Healthcare,False,Cash,1,Stage 4,Stage 4,Stage 4,0.66,Price is below weekly structure.,,,,,Stage 4,6.55,Weak,Volume Expanding,Volume Expanding (1.70x vs 10W Avg),-10.97,Underperformed Nifty by 10.97% in 3 Months,False,-10.97,-18.1,27496824.98,0.97,1.03,1.7,False,False,"Stage 4, Stage 4, weekly_vcp_ok, weekly_strong, flags=Wide Risk;Low Liquidity, downtrend",watchlist,weekly_watchlist,watchlist,0.0,34.2,6.55,5.0,11.55,571
MAITHANALL.NS,Maithan Alloys Limited,Steel,Basic Materials,Basic Materials,False,Cash,1,Failed Stage 2,Stage 1,Failed Stage 2,0.72,"This stock was recently Stage 2, but the latest structure no longer satisfies Stage 2 rules. It is kept as Failed Stage 2 until a fresh base/repair structure forms.",Recent Stage 2 break; public stage held as Failed Stage 2.,2026-09-30,2026-09-14,,Failed Stage 2,1.48,Weak,Volume Drying Up,Volume Drying Up (0.67x vs 10W Avg),-0.61,Underperformed Nifty by 0.61% in 3 Months,False,-0.61,1.61,155145918.2,0.8,0.43,0.67,True,True,"Stage 1, Stage 1, volume_dryup, weekly_volume_dryup, flags=Wide Risk;Low Liquidity, stage1_not_actionable, stage1_needs_more_base | Stage 2 failed state applied from stage memory.",watchlist,weekly_watchlist,watchlist,11.81,2.7,1.48,10.0,11.48,572
ITC.NS,ITC Limited,Consumer Defensive,Consumer Defensive,Consumer Defensive,True,F&O,1,Stage 4,Stage 4,Stage 4,0.86,Price is below the 30-week trend and below long-term support structure.,,,,,Stage 4,11.21,Weak,Volume Drying Up,Volume Drying Up (0.73x vs 10W Avg),-2.05,Underperformed Nifty by 2.05% in 3 Months,False,-2.05,-10.86,2824682061.71,0.77,1.13,0.73,True,True,"Stage 4, Stage 4, weekly_vcp_ok, volume_dryup, weekly_volume_dryup, weekly_strong, flags=Low Liquidity, downtrend",watchlist,weekly_watchlist,watchlist,0.0,28.33,11.21,0.0,11.21,573
COLPAL.NS,Colgate Palmolive (India) Limited,Household & Personal Products,Consumer Defensive,Consumer Defensive,True,F&O,1,Stage 4,Stage 4,Stage 4,0.66,Price is below weekly structure.,,,,,Stage 4,9.18,Weak,Volume Drying Up,Volume Drying Up (0.82x vs 10W Avg),-8.41,Underperformed Nifty by 8.41% in 3 Months,False,-8.41,-4.88,772982109.82,0.96,0.66,0.82,False,True,"Stage 4, Stage 4, weekly_vcp_ok, weekly_volume_dryup, weekly_strong, flags=Wider Risk;Low Liquidity, downtrend",watchlist,weekly_watchlist,watchlist,0.0,32.0,9.18,2.0,11.18,574
CIPLA.NS,Cipla Limited,Drug Manufacturers - Specialty & Generic,Healthcare,Healthcare,True,F&O,1,Not Sure,Stage 4,Pending Stage 4,0.55,Blocked public stage jump Stage 1 -> Stage 4; waiting for intermediate/confirmed structure.,Blocked public stage jump Stage 1 -> Stage 4; waiting for intermediate/confirmed structure.,,,Stage 4,Not Sure - Unclear,1.03,Neutral,Volume Normal,Volume Normal (1.15x vs 10W Avg),-1.78,Underperformed Nifty by 1.78% in 3 Months,False,-1.78,11.7,1317099199.93,1.03,1.24,1.15,False,False,"Stage 4, Stage 4, flags=Wider Risk;Low Liquidity, downtrend | Blocked public stage jump Stage 1 -> Stage 4; waiting for intermediate/confirmed structure.",watchlist,weekly_watchlist,watchlist,0.0,0.0,1.03,10.0,11.03,575
MSUMI.NS,Motherson Sumi Wiring India Limited,Auto Parts,Consumer Cyclical,Consumer Cyclical,False,Cash,1,Stage 4,Stage 4,Stage 4,0.86,Price is below the 30-week trend and below long-term support structure.,,,,,Stage 4,5.93,Weak,Volume Normal,Volume Normal (1.07x vs 10W Avg),-8.98,Underperformed Nifty by 8.98% in 3 Months,False,-8.98,-7.9,386046994.11,1.15,0.57,1.07,False,False,"Stage 4, Stage 4, weekly_vcp_ok, weekly_strong, flags=Wide Risk;Low Liquidity, downtrend",watchlist,weekly_watchlist,watchlist,1.8,32.0,5.93,5.0,10.93,576
FEDERALBNK.NS,The Federal Bank  Limited,Banks - Regional,Financial Services,Financial Services,True,F&O,1,Failed Stage 2,Stage 3,Failed Stage 2,0.72,"This stock was recently Stage 2, but the latest structure no longer satisfies Stage 2 rules. It is kept as Failed Stage 2 until a fresh base/repair structure forms.",Recent Stage 2 break; public stage held as Failed Stage 2.,2026-09-30,2026-09-24,,Failed Stage 2,8.92,Neutral,Volume Normal,Volume Normal (1.39x vs 10W Avg),3.22,Outperformed Nifty by 3.22% in 3 Months,False,3.22,14.45,1793556564.67,1.38,1.0,1.39,False,False,"Stage 3, Late, weekly_vcp_ok, weekly_strong, flags=Wider Risk;Low Liquidity, distribution_or_weakening_risk | Stage 2 failed state applied from stage memory.",watchlist,weekly_watchlist,watchlist,0.0,35.17,8.92,2.0,10.92,577
IRCTC.NS,Indian Railway Catering And Tourism Corporation Limited,Consumer Cyclical,Consumer Cyclical,Consumer Cyclical,False,Cash,1,Stage 4,Stage 4,Stage 4,0.86,Price is below the 30-week trend and below long-term support structure.,,,,,Stage 4,8.89,Weak,Volume Drying Up,Volume Drying Up (0.68x vs 10W Avg),-3.63,Underperformed Nifty by 3.63% in 3 Months,False,-3.63,-12.98,288377689.03,0.85,1.23,0.68,True,True,"Stage 4, Stage 4, weekly_vcp_ok, volume_dryup, weekly_volume_dryup, weekly_strong, flags=Wider Risk;Low Liquidity, downtrend",watchlist,weekly_watchlist,watchlist,0.0,32.0,8.89,2.0,10.89,578
SKFINDIA.NS,SKF India Limited,Tools & Accessories,Industrials,Industrials,False,Cash,1,Stage 4,Stage 4,Stage 4,0.86,Price is below the 30-week trend and below long-term support structure.,,,,,Stage 4,8.87,Neutral,Volume Drying Up,Volume Drying Up (0.73x vs 10W Avg),0.81,Outperformed Nifty by 0.81% in 3 Months,False,0.81,-0.4,84979946.84,0.95,0.55,0.73,False,True,"Stage 4, Stage 4, weekly_vcp_ok, weekly_volume_dryup, flags=Wide Risk;Low Liquidity, downtrend",watchlist,weekly_watchlist,watchlist,4.33,18.34,8.87,2.0,10.87,579
JSWDULUX.NS,JSW Dulux Limited,Specialty Chemicals,Basic Materials,Basic Materials,False,Cash,1,Stage 1,Stage 1,Stage 1,0.64,Price is building a base around long-term weekly structure without a confirmed advancing phase.,,,,,Stage 1,5.79,Strong,Volume Expanding,Volume Expanding (2.99x vs 10W Avg),3.0,Outperformed Nifty by 3.0% in 3 Months,False,3.0,3.63,110480577.81,1.91,0.5,2.99,False,False,"Stage 1, Stage 1, flags=Wider Risk;Low Liquidity, stage1_not_actionable, stage1_needs_more_base",watchlist,weekly_watchlist,watchlist,0.0,6.46,5.79,5.0,10.79,580
RELIGARE.NS,Religare Enterprises Limited,Insurance - Life,Financial Services,Financial Services,False,Cash,1,Failed Stage 2,Stage 4,Failed Stage 2,0.72,"This stock was recently Stage 2, but the latest structure no longer satisfies Stage 2 rules. It is kept as Failed Stage 2 until a fresh base/repair structure forms.",Recent Stage 2 break; public stage held as Failed Stage 2.,2026-09-30,2026-09-23,,Failed Stage 2,10.7,Weak,Volume Drying Up,Volume Drying Up (0.77x vs 10W Avg),-6.87,Underperformed Nifty by 6.87% in 3 Months,False,-6.87,1.14,203160503.22,0.67,0.99,0.77,True,True,"Stage 4, Stage 4, weekly_vcp_ok, volume_dryup, weekly_volume_dryup, weekly_strong, flags=Wide Risk;Low Liquidity, downtrend | Stage 2 failed state applied from stage memory.",watchlist,weekly_watchlist,watchlist,0.0,32.0,10.7,0.0,10.7,581
INTELLECT.NS,Intellect Design Arena Limited,Software - Application,Technology,Technology,False,Cash,1,Stage 4,Stage 4,Stage 4,0.86,Price is below the 30-week trend and below long-term support structure.,,,,,Stage 4,5.69,Weak,Volume Drying Up,Volume Drying Up (0.70x vs 10W Avg),-12.67,Underperformed Nifty by 12.67% in 3 Months,False,-12.67,-8.46,192644192.62,0.8,1.53,0.7,True,True,"Stage 4, Stage 4, weekly_vcp_ok, volume_dryup, weekly_volume_dryup, weekly_strong, flags=Wide Weekly Base;Wide Risk;Low Liquidity, downtrend",watchlist,weekly_watchlist,watchlist,5.08,32.0,5.69,5.0,10.69,582
RAILTEL.NS,Railtel Corporation Of India Limited,Telecom Services,Communication Services,Communication Services,False,Cash,1,Stage 4,Stage 4,Stage 4,0.86,Price is below the 30-week trend and below long-term support structure.,,,,,Stage 4,10.57,Weak,Volume Expanding,Volume Expanding (2.19x vs 10W Avg),-7.0,Underperformed Nifty by 7.0% in 3 Months,False,-7.0,-2.05,209917143.59,1.34,6.82,2.19,False,False,"Stage 4, Stage 4, weekly_vcp_ok, weekly_strong, flags=Wide Risk;Low Liquidity, downtrend",watchlist,weekly_watchlist,watchlist,9.7,32.0,10.57,0.0,10.57,583
HINDUNILVR.NS,Hindustan Unilever Limited,Household & Personal Products,Consumer Defensive,Consumer Defensive,True,F&O,1,Stage 4,Stage 4,Stage 4,0.86,Price is below the 30-week trend and below long-term support structure.,,,,,Stage 4,8.53,Weak,Volume Normal,Volume Normal (1.03x vs 10W Avg),-7.86,Underperformed Nifty by 7.86% in 3 Months,False,-7.86,-11.36,2478463642.09,0.89,1.17,1.03,False,False,"Stage 4, Stage 4, weekly_vcp_ok, weekly_strong, flags=Wider Risk;Low Liquidity, downtrend",watchlist,weekly_watchlist,watchlist,0.0,32.0,8.53,2.0,10.53,584
DBCORP.NS,D.B.Corp Limited,Communication Services,Communication Services,Communication Services,False,Cash,1,Stage 4,Stage 4,Stage 4,0.86,Price is below the 30-week trend and below long-term support structure.,,,,,Stage 4,5.53,Weak,Volume Drying Up,Volume Drying Up (0.83x vs 10W Avg),-2.41,Underperformed Nifty by 2.41% in 3 Months,False,-2.41,-11.33,12838495.66,0.92,2.94,0.83,False,True,"Stage 4, Stage 4, weekly_vcp_ok, weekly_volume_dryup, weekly_strong, flags=Wide Risk;Low Liquidity, downtrend",watchlist,weekly_watchlist,watchlist,0.0,32.0,5.53,5.0,10.53,585
HUBTOWN.NS,Hubtown Limited,Real Estate,Real Estate,Real Estate,False,Cash,1,Stage 4,Stage 4,Stage 4,0.86,Price is below the 30-week trend and below long-term support structure.,,,,,Stage 4,8.52,Weak,Volume Expanding,Volume Normal (1.16x vs 10W Avg),-9.44,Underperformed Nifty by 9.44% in 3 Months,False,-9.44,-7.51,83088887.0,0.89,3.16,1.16,False,False,"Stage 4, Stage 4, weekly_vcp_ok, weekly_strong, flags=Wide Weekly Base;Wide Risk;Low Liquidity, downtrend",watchlist,weekly_watchlist,watchlist,10.84,34.2,8.52,2.0,10.52,586
ZEEL.NS,Zee Entertainment Enterprises Limited,Communication Services,Communication Services,Communication Services,False,Cash,1,Stage 4,Stage 4,Stage 4,0.86,Price is below the 30-week trend and below long-term support structure.,,,2026-08-28,,Stage 4,5.48,Weak,Volume Drying Up,Volume Drying Up (0.47x vs 10W Avg),-18.34,Underperformed Nifty by 18.34% in 3 Months,False,-18.34,2.35,1297975184.65,0.48,0.57,0.47,True,True,"Stage 4, Stage 4, weekly_vcp_ok, volume_dryup, weekly_volume_dryup, weekly_strong, flags=Loose Structure;Wide Risk;Low Liquidity, downtrend",watchlist,weekly_watchlist,watchlist,0.0,32.0,5.48,5.0,10.48,587
AUBANK.NS,AU Small Finance Bank Limited,Banks - Regional,Financial Services,Financial Services,True,F&O,1,Failed Stage 2,Stage 3,Failed Stage 2,0.72,"This stock was recently Stage 2, but the latest structure no longer satisfies Stage 2 rules. It is kept as Failed Stage 2 until a fresh base/repair structure forms.",Recent Stage 2 break; public stage held as Failed Stage 2.,2026-09-30,2026-09-23,,Failed Stage 2,8.32,Strong,Volume Normal,Volume Normal (1.35x vs 10W Avg),2.08,Outperformed Nifty by 2.08% in 3 Months,False,2.08,12.53,1241934168.57,1.0,0.96,1.35,False,False,"Stage 3, Late, weekly_vcp_ok, weekly_strong, flags=Wide Risk;Low Liquidity, distribution_or_weakening_risk | Stage 2 failed state applied from stage memory.",watchlist,weekly_watchlist,watchlist,0.0,36.76,8.32,2.0,10.32,588
THANGAMAYL.NS,Thangamayil Jewellery Limited,Luxury Goods,Consumer Cyclical,Consumer Cyclical,False,Cash,1,Stage 1,Stage 1,Stage 1,0.64,Price is building a base around long-term weekly structure without a confirmed advancing phase.,,,2026-08-28,,Stage 1,0.3,Neutral,Volume Drying Up,Volume Drying Up (0.37x vs 10W Avg),-12.41,Underperformed Nifty by 12.41% in 3 Months,False,-12.41,30.12,438759061.07,0.54,0.4,0.37,True,True,"Stage 1, Stage 1, volume_dryup, weekly_volume_dryup, flags=Wide Base;Loose Structure;Wide Risk;Low Liquidity, stage1_not_actionable, stage1_needs_more_base",watchlist,weekly_watchlist,watchlist,11.07,0.77,0.3,10.0,10.3,589
NEWGEN.NS,Newgen Software Technologies Limited,Software - Infrastructure,Technology,Technology,False,Cash,1,Stage 4,Stage 4,Stage 4,0.66,Price is below weekly structure.,,,,,Stage 4,8.25,Neutral,Volume Drying Up,Volume Drying Up (0.56x vs 10W Avg),5.35,Outperformed Nifty by 5.35% in 3 Months,False,5.35,4.44,351954717.12,0.47,0.4,0.56,True,True,"Stage 4, Stage 4, weekly_vcp_ok, volume_dryup, weekly_volume_dryup, weekly_strong, flags=Wide Weekly Base;Wide Risk;Low Liquidity, downtrend",watchlist,weekly_watchlist,watchlist,4.15,34.08,8.25,2.0,10.25,590
AADHARHFC.NS,Aadhar Housing Finance Limited,Mortgage Finance,Financial Services,Financial Services,False,Cash,1,Stage 4,Stage 4,Stage 4,0.66,Price is below weekly structure.,,,,,Stage 4,10.24,Weak,Volume Normal,Volume Normal (0.88x vs 10W Avg),-14.85,Underperformed Nifty by 14.85% in 3 Months,False,-14.85,-5.74,157944482.45,1.38,0.94,0.88,False,True,"Stage 4, Stage 4, weekly_vcp_ok, weekly_volume_dryup, weekly_strong, flags=Wide Risk;Low Liquidity, downtrend",watchlist,weekly_watchlist,watchlist,0.17,33.1,10.24,0.0,10.24,591
PIDILITIND.NS,Pidilite Industries Limited,Specialty Chemicals,Basic Materials,Basic Materials,True,F&O,1,Failed Stage 2,Stage 4,Failed Stage 2,0.72,"This stock was recently Stage 2, but the latest structure no longer satisfies Stage 2 rules. It is kept as Failed Stage 2 until a fresh base/repair structure forms.",Recent Stage 2 break; public stage held as Failed Stage 2.,2026-09-30,2026-09-23,,Failed Stage 2,5.18,Neutral,Volume Drying Up,Volume Normal (0.96x vs 10W Avg),-1.94,Underperformed Nifty by 1.94% in 3 Months,False,-1.94,12.65,912682541.5,0.81,1.45,0.96,True,False,"Stage 4, Stage 4, volume_dryup, flags=Wide Risk;Low Liquidity, downtrend | Stage 2 failed state applied from stage memory.",watchlist,weekly_watchlist,watchlist,9.92,0.0,5.18,5.0,10.18,592
KKCL.NS,Kewal Kiran Clothing Limited,Apparel Manufacturing,Consumer Cyclical,Consumer Cyclical,False,Cash,1,Stage 4,Stage 4,Stage 4,0.66,Price is below weekly structure.,,,2026-09-04,,Stage 4,10.15,Weak,Volume Drying Up,Volume Drying Up (0.63x vs 10W Avg),-2.29,Underperformed Nifty by 2.29% in 3 Months,False,-2.29,0.26,14366051.02,0.52,0.25,0.63,True,True,"Stage 4, Stage 4, weekly_vcp_ok, volume_dryup, weekly_volume_dryup, weekly_strong, flags=Wide Risk;Low Liquidity, downtrend",watchlist,weekly_watchlist,watchlist,0.0,32.0,10.15,0.0,10.15,593
BANDHANBNK.NS,Bandhan Bank Limited,Banks - Regional,Financial Services,Financial Services,True,F&O,1,Failed Stage 2,Stage 1,Failed Stage 2,0.72,"This stock was recently Stage 2, but the latest structure no longer satisfies Stage 2 rules. It is kept as Failed Stage 2 until a fresh base/repair structure forms.",Recent Stage 2 break; public stage held as Failed Stage 2.,2026-09-30,2026-09-29,,Failed Stage 2,8.14,Neutral,Volume Normal,Volume Normal (0.86x vs 10W Avg),-6.52,Underperformed Nifty by 6.52% in 3 Months,False,-6.52,19.25,2391766797.68,1.47,1.21,0.86,False,True,"Stage 1, Stage 1, weekly_volume_dryup, flags=Loose Structure;Wide Risk;Low Liquidity, stage1_not_actionable, stage1_needs_more_base | Stage 2 failed state applied from stage memory.",watchlist,weekly_watchlist,watchlist,7.3,9.47,8.14,2.0,10.14,594
DDEVPLSTIK.NS,Ddev Plastiks Industries Limited,Specialty Chemicals,Basic Materials,Basic Materials,False,Cash,1,Stage 4,Stage 4,Stage 4,0.86,Price is below the 30-week trend and below long-term support structure.,,,,,Stage 4,5.14,Neutral,Volume Drying Up,Volume Drying Up (0.50x vs 10W Avg),-3.33,Underperformed Nifty by 3.33% in 3 Months,False,-3.33,16.73,21685296.27,0.5,0.65,0.5,True,True,"Stage 4, Stage 4, weekly_vcp_ok, volume_dryup, weekly_volume_dryup, weekly_strong, flags=Wide Weekly Base;Wide Risk;Low Liquidity, downtrend",watchlist,weekly_watchlist,watchlist,0.0,33.34,5.14,5.0,10.14,595
PFIZER.NS,Pfizer Limited,Drug Manufacturers - General,Healthcare,Healthcare,False,Cash,1,Stage 4,Stage 4,Stage 4,0.86,Price is below the 30-week trend and below long-term support structure.,,,,,Stage 4,5.08,Weak,Volume Drying Up,Volume Normal (1.07x vs 10W Avg),-7.17,Underperformed Nifty by 7.17% in 3 Months,False,-7.17,-19.93,252731329.01,0.7,0.64,1.07,True,False,"Stage 4, Stage 4, weekly_vcp_ok, volume_dryup, weekly_strong, flags=Loose Structure;Wide Risk;Low Liquidity, downtrend",watchlist,weekly_watchlist,watchlist,2.54,33.1,5.08,5.0,10.08,596
UNITDSPR.NS,United Spirits Limited,Consumer Defensive,Consumer Defensive,Consumer Defensive,True,F&O,1,Stage 1,Stage 1,Stage 1,0.64,Price is building a base around long-term weekly structure without a confirmed advancing phase.,,,2026-08-28,,Stage 1,10.03,Neutral,Volume Expanding,Volume Expanding (3.14x vs 10W Avg),2.39,Outperformed Nifty by 2.39% in 3 Months,False,2.39,8.91,1226031937.47,1.63,1.21,3.14,False,False,"Stage 1, Stage 1, weekly_vcp_ok, flags=Wide Risk;Low Liquidity, stage1_not_actionable, stage1_needs_more_base",watchlist,weekly_watchlist,watchlist,0.0,27.43,10.03,0.0,10.03,597
LTTS.NS,L&T Technology Services Limited,Information Technology Services,Technology,Technology,False,Cash,1,Stage 4,Stage 4,Stage 4,0.86,Price is below the 30-week trend and below long-term support structure.,,,,,Stage 4,10.02,Weak,Volume Drying Up,Volume Drying Up (0.79x vs 10W Avg),8.92,Outperformed Nifty by 8.92% in 3 Months,False,8.92,-3.6,180335593.85,0.72,1.92,0.79,True,True,"Stage 4, Stage 4, weekly_vcp_ok, volume_dryup, weekly_volume_dryup, weekly_strong, flags=Wide Weekly Base;Wide Risk;Low Liquidity, downtrend",watchlist,weekly_watchlist,watchlist,11.67,32.53,10.02,0.0,10.02,598
TRITURBINE.NS,Triveni Turbine Limited,Specialty Industrial Machinery,Industrials,Industrials,False,Cash,1,Stage 3,Stage 3,Early,0.68,"Prior strength has shifted into a Stage 3 transition based on trend, relative strength, and volume evidence.",,,2026-08-10,,Stage 3 Early,0.0,Weak,Volume Drying Up,Volume Drying Up (0.58x vs 10W Avg),-9.85,Underperformed Nifty by 9.85% in 3 Months,False,-9.85,17.18,259203250.24,0.61,0.68,0.58,True,True,"Stage 3, Early, volume_dryup, weekly_volume_dryup, flags=Wide Risk;Low Liquidity, distribution_or_weakening_risk",watchlist,weekly_watchlist,watchlist,9.45,0.0,0.0,10.0,10.0,599
NMDC.NS,NMDC Limited,Steel,Basic Materials,Basic Materials,True,F&O,1,Stage 4,Stage 4,Stage 4,0.66,Price is below weekly structure.,,,2026-09-01,,Stage 4,0.0,Weak,Volume Drying Up,Volume Normal (0.97x vs 10W Avg),-3.23,Underperformed Nifty by 3.23% in 3 Months,False,-3.23,-7.66,951595750.26,0.82,1.11,0.97,True,False,"Stage 4, Stage 4, volume_dryup, flags=Wide Risk;Low Liquidity, downtrend",watchlist,weekly_watchlist,watchlist,6.06,0.0,0.0,10.0,10.0,600
LUPIN.NS,Lupin Limited,Drug Manufacturers - Specialty & Generic,Healthcare,Healthcare,True,F&O,1,Stage 4,Stage 4,Stage 4,0.66,Price is below weekly structure.,,,2026-08-10,,Stage 4,0.0,Weak,Volume Drying Up,Volume Drying Up (0.79x vs 10W Avg),-11.13,Underperformed Nifty by 11.13% in 3 Months,False,-11.13,-12.32,1358075628.33,0.78,1.58,0.79,True,True,"Stage 4, Stage 4, volume_dryup, weekly_volume_dryup, flags=Wide Risk;Low Liquidity, downtrend",watchlist,weekly_watchlist,watchlist,5.9,0.0,0.0,10.0,10.0,601
ASTRAZEN.NS,AstraZeneca Pharma India Limited,Drug Manufacturers - Specialty & Generic,Healthcare,Healthcare,False,Cash,1,Stage 4,Stage 4,Stage 4,0.86,Price is below the 30-week trend and below long-term support structure.,,,,,Stage 4,0.0,Weak,Volume Drying Up,Volume Normal (1.47x vs 10W Avg),-17.76,Underperformed Nifty by 17.76% in 3 Months,False,-17.76,-21.55,54465191.15,0.81,5.78,1.47,True,False,"Stage 4, Stage 4, weekly_vcp_ok, volume_dryup, weekly_strong, flags=Loose Structure;Wide Risk;Low Liquidity, downtrend",watchlist,weekly_watchlist,watchlist,5.26,31.3,0.0,10.0,10.0,602
ERIS.NS,Eris Lifesciences Limited,Drug Manufacturers - Specialty & Generic,Healthcare,Healthcare,False,Cash,1,Stage 4,Stage 4,Stage 4,0.86,Price is below the 30-week trend and below long-term support structure.,,,,,Stage 4,0.0,Weak,Volume Expanding,Volume Expanding (2.74x vs 10W Avg),-10.97,Underperformed Nifty by 10.97% in 3 Months,False,-10.97,-11.15,111688321.57,1.53,1.17,2.74,False,False,"Stage 4, Stage 4, weekly_vcp_ok, weekly_strong, flags=Wide Risk;Low Liquidity, downtrend",watchlist,weekly_watchlist,watchlist,0.0,31.3,0.0,10.0,10.0,603
GRAVITA.NS,Gravita India Limited,Metal Fabrication,Industrials,Industrials,False,Cash,1,Stage 4,Stage 4,Stage 4,0.66,Price is below weekly structure.,,,2026-09-01,,Stage 4,0.0,Weak,Volume Normal,Volume Normal (1.04x vs 10W Avg),-11.49,Underperformed Nifty by 11.49% in 3 Months,False,-11.49,2.5,320355981.92,1.12,1.18,1.04,False,False,"Stage 4, Stage 4, weekly_vcp_ok, weekly_strong, flags=Wide Risk;Low Liquidity, downtrend",watchlist,weekly_watchlist,watchlist,0.0,31.3,0.0,10.0,10.0,604
SYNGENE.NS,Syngene International Limited,Diagnostics & Research,Healthcare,Healthcare,False,Cash,1,Stage 4,Stage 4,Stage 4,0.86,Price is below the 30-week trend and below long-term support structure.,,,,,Stage 4,0.0,Weak,Volume Drying Up,Volume Drying Up (0.30x vs 10W Avg),-8.3,Underperformed Nifty by 8.3% in 3 Months,False,-8.3,-7.58,228791011.37,0.83,0.56,0.3,True,True,"Stage 4, Stage 4, weekly_vcp_ok, volume_dryup, weekly_volume_dryup, weekly_strong, flags=Wide Weekly Base;Wide Risk;Low Liquidity, downtrend",watchlist,weekly_watchlist,watchlist,0.0,30.2,0.0,10.0,10.0,605
INOXWIND.NS,Inox Wind Limited,Specialty Industrial Machinery,Industrials,Industrials,True,F&O,1,Stage 4,Stage 4,Stage 4,0.86,Price is below the 30-week trend and below long-term support structure.,,,,,Stage 4,0.0,Weak,Volume Drying Up,Volume Drying Up (0.73x vs 10W Avg),-13.26,Underperformed Nifty by 13.26% in 3 Months,False,-13.26,-15.51,887701957.9,0.82,0.83,0.73,True,True,"Stage 4, Stage 4, weekly_vcp_ok, volume_dryup, weekly_volume_dryup, flags=Wide Weekly Base;Wide Risk;Low Liquidity, downtrend",watchlist,weekly_watchlist,watchlist,0.0,18.3,0.0,10.0,10.0,606
NSLNISP.NS,NMDC Steel Limited,Steel,Basic Materials,Basic Materials,False,Cash,1,Failed Stage 2,Stage 1,Failed Stage 2,0.72,"This stock was recently Stage 2, but the latest structure no longer satisfies Stage 2 rules. It is kept as Failed Stage 2 until a fresh base/repair structure forms.",Recent Stage 2 break; public stage held as Failed Stage 2.,2026-09-30,2026-09-23,,Failed Stage 2,0.0,Weak,Volume Drying Up,Volume Drying Up (0.65x vs 10W Avg),0.73,Outperformed Nifty by 0.73% in 3 Months,False,0.73,3.53,187105553.53,0.63,0.46,0.65,True,True,"Stage 1, Stage 1, volume_dryup, weekly_volume_dryup, flags=Wide Risk;Low Liquidity, stage1_not_actionable, stage1_needs_more_base | Stage 2 failed state applied from stage memory.",watchlist,weekly_watchlist,watchlist,0.0,6.03,0.0,10.0,10.0,607
VIYASH.NS,Viyash Scientific Limited,Drug Manufacturers - Specialty & Generic,Healthcare,Healthcare,False,Cash,1,Failed Stage 2,Stage 3,Failed Stage 2,0.72,"This stock was recently Stage 2, but the latest structure no longer satisfies Stage 2 rules. It is kept as Failed Stage 2 until a fresh base/repair structure forms.",Recent Stage 2 break; public stage held as Failed Stage 2.,2026-09-30,2026-09-18,,Failed Stage 2,0.0,Weak,Volume Drying Up,Volume Drying Up (0.38x vs 10W Avg),-11.85,Underperformed Nifty by 11.85% in 3 Months,False,-11.85,20.03,623802069.51,0.42,0.17,0.38,True,True,"Stage 3, Late, volume_dryup, weekly_volume_dryup, flags=Wide Risk;Low Liquidity, distribution_or_weakening_risk | Stage 2 failed state applied from stage memory.",watchlist,weekly_watchlist,watchlist,0.0,3.22,0.0,10.0,10.0,608
VAIBHAVGBL.NS,Vaibhav Global Limited,Luxury Goods,Consumer Cyclical,Consumer Cyclical,False,Cash,1,Stage 4,Stage 4,Stage 4,0.86,Price is below the 30-week trend and below long-term support structure.,,,2026-08-13,,Stage 4,0.0,Weak,Volume Drying Up,Volume Drying Up (0.60x vs 10W Avg),-6.12,Underperformed Nifty by 6.12% in 3 Months,False,-6.12,8.58,43336816.85,0.57,0.85,0.6,True,True,"Stage 4, Stage 4, volume_dryup, weekly_volume_dryup, flags=Wide Weekly Base;Loose Structure;Wide Risk;Low Liquidity, downtrend",watchlist,weekly_watchlist,watchlist,0.0,0.85,0.0,10.0,10.0,609
GENUSPOWER.NS,Genus Power Infrastructures Limited,Electrical Equipment & Parts,Industrials,Industrials,False,Cash,1,Failed Stage 2,Stage 3,Failed Stage 2,0.72,"This stock was recently Stage 2, but the latest structure no longer satisfies Stage 2 rules. It is kept as Failed Stage 2 until a fresh base/repair structure forms.",Recent Stage 2 break; public stage held as Failed Stage 2.,2026-09-30,2026-09-15,,Failed Stage 2,0.0,Weak,Volume Drying Up,Volume Drying Up (0.84x vs 10W Avg),-2.27,Underperformed Nifty by 2.27% in 3 Months,False,-2.27,19.04,509312797.53,0.73,0.82,0.84,True,True,"Stage 3, Early, volume_dryup, weekly_volume_dryup, flags=Wide Risk;Low Liquidity, distribution_or_weakening_risk | Stage 2 failed state applied from stage memory.",watchlist,weekly_watchlist,watchlist,0.0,0.28,0.0,10.0,10.0,610
FDC.NS,FDC Limited,Drug Manufacturers - Specialty & Generic,Healthcare,Healthcare,False,Cash,1,Stage 4,Stage 4,Stage 4,0.86,Price is below the 30-week trend and below long-term support structure.,,,2026-08-04,,Stage 4,0.0,Weak,Volume Drying Up,Volume Drying Up (0.62x vs 10W Avg),-14.35,Underperformed Nifty by 14.35% in 3 Months,False,-14.35,-0.55,48512387.62,0.61,0.73,0.62,True,True,"Stage 4, Stage 4, volume_dryup, weekly_volume_dryup, flags=Low Liquidity, downtrend",watchlist,weekly_watchlist,watchlist,0.0,0.2,0.0,10.0,10.0,611
POLYCAB.NS,Polycab India Limited,Electrical Equipment & Parts,Industrials,Industrials,True,F&O,1,Stage 3,Stage 3,Late,0.76,"Prior strength has shifted into a Stage 3 transition based on trend, relative strength, and volume evidence.",,,2026-08-31,,Stage 3 Late,0.0,Weak,Volume Expanding,Volume Expanding (1.84x vs 10W Avg),-9.46,Underperformed Nifty by 9.46% in 3 Months,False,-9.46,10.29,3568814084.12,1.24,1.24,1.84,False,False,"Stage 3, Late, flags=Wide Risk;Low Liquidity, distribution_or_weakening_risk",watchlist,weekly_watchlist,watchlist,0.0,0.0,0.0,10.0,10.0,612
SUZLON.NS,Suzlon Energy Limited,Specialty Industrial Machinery,Industrials,Industrials,True,F&O,1,Stage 4,Stage 4,Stage 4,0.86,Price is below the 30-week trend and below long-term support structure.,,,2026-07-12,,Stage 4,0.0,Weak,Volume Normal,Volume Normal (1.34x vs 10W Avg),-22.01,Underperformed Nifty by 22.01% in 3 Months,False,-22.01,-6.25,2170501885.69,1.13,1.01,1.34,False,False,"Stage 4, Stage 4, flags=Loose Structure;Wide Risk;Low Liquidity, downtrend",watchlist,weekly_watchlist,watchlist,0.0,0.0,0.0,10.0,10.0,613
KEI.NS,KEI Industries Limited,Electrical Equipment & Parts,Industrials,Industrials,True,F&O,1,Stage 4,Stage 4,Stage 4,0.66,Price is below weekly structure.,,,2026-09-03,,Stage 4,0.0,Weak,Volume Drying Up,Volume Drying Up (0.54x vs 10W Avg),-8.36,Underperformed Nifty by 8.36% in 3 Months,False,-8.36,3.86,2867912351.8,0.65,0.34,0.54,True,True,"Stage 4, Stage 4, volume_dryup, weekly_volume_dryup, flags=Wide Risk;Low Liquidity, downtrend",watchlist,weekly_watchlist,watchlist,0.0,0.0,0.0,10.0,10.0,614
KAYNES.NS,Kaynes Technology India Limited,Electronic Components,Technology,Technology,True,F&O,1,Stage 1,Stage 1,Stage 1,0.64,Price is building a base around long-term weekly structure without a confirmed advancing phase.,,,,,Stage 1,0.0,Neutral,Volume Normal,Volume Normal (0.96x vs 10W Avg),11.02,Outperformed Nifty by 11.02% in 3 Months,False,11.02,-7.96,3682086533.7,1.04,0.63,0.96,False,False,"Stage 1, Stage 1, flags=Wide Risk;Low Liquidity, stage1_not_actionable, stage1_needs_more_base",watchlist,weekly_watchlist,watchlist,0.0,0.0,0.0,10.0,10.0,615
ITI.NS,ITI Limited,Communication Equipment,Technology,Technology,False,Cash,1,Stage 4,Stage 4,Stage 4,0.86,Price is below the 30-week trend and below long-term support structure.,,,,,Stage 4,0.0,Weak,Volume Expanding,Volume Normal (1.44x vs 10W Avg),-10.27,Underperformed Nifty by 10.27% in 3 Months,False,-10.27,-5.36,48404082.14,0.99,5.64,1.44,False,False,"Stage 4, Stage 4, flags=Wide Risk;Low Liquidity, downtrend",watchlist,weekly_watchlist,watchlist,0.0,0.0,0.0,10.0,10.0,616
NATCOPHARM.NS,Natco Pharma Limited,Drug Manufacturers - Specialty & Generic,Healthcare,Healthcare,False,Cash,1,Stage 4,Stage 4,Stage 4,0.66,Price is below weekly structure.,,,,,Stage 4,0.0,Weak,Volume Normal,Volume Normal (1.25x vs 10W Avg),-4.26,Underperformed Nifty by 4.26% in 3 Months,False,-4.26,-24.71,360992923.41,1.23,1.53,1.25,False,False,"Stage 4, Stage 4, flags=Wider Risk;Low Liquidity, downtrend",watchlist,weekly_watchlist,watchlist,0.0,0.0,0.0,10.0,10.0,617
ZENTEC.NS,Zen Technologies Limited,Aerospace & Defense,Industrials,Industrials,False,Cash,1,Failed Stage 2,Stage 3,Failed Stage 2,0.72,"This stock was recently Stage 2, but the latest structure no longer satisfies Stage 2 rules. It is kept as Failed Stage 2 until a fresh base/repair structure forms.",Recent Stage 2 break; public stage held as Failed Stage 2.,2026-09-30,2026-09-25,,Failed Stage 2,0.0,Weak,Volume Drying Up,Volume Drying Up (0.55x vs 10W Avg),-6.52,Underperformed Nifty by 6.52% in 3 Months,False,-6.52,11.47,458635847.84,0.51,0.57,0.55,True,True,"Stage 3, Early, volume_dryup, weekly_volume_dryup, flags=Wide Risk;Low Liquidity, distribution_or_weakening_risk | Stage 2 failed state applied from stage memory.",watchlist,weekly_watchlist,watchlist,0.0,0.0,0.0,10.0,10.0,618
TARIL.NS,Transformers And Rectifiers (India) Limited,Electrical Equipment & Parts,Industrials,Industrials,False,Cash,1,Stage 4,Stage 4,Stage 4,0.66,Price is below weekly structure.,,,,,Stage 4,0.0,Weak,Volume Drying Up,Volume Drying Up (0.52x vs 10W Avg),-13.98,Underperformed Nifty by 13.98% in 3 Months,False,-13.98,-0.59,234067727.9,0.65,0.52,0.52,True,True,"Stage 4, Stage 4, volume_dryup, weekly_volume_dryup, flags=Wide Risk;Low Liquidity, downtrend",watchlist,weekly_watchlist,watchlist,0.0,0.0,0.0,10.0,10.0,619
JAIBALAJI.NS,Jai Balaji Industries Limited,Steel,Basic Materials,Basic Materials,False,Cash,1,Stage 4,Stage 4,Stage 4,0.66,Price is below weekly structure.,,,,,Stage 4,0.0,Weak,Volume Drying Up,Volume Drying Up (0.46x vs 10W Avg),-3.98,Underperformed Nifty by 3.98% in 3 Months,False,-3.98,6.37,41449860.91,0.67,0.34,0.46,True,True,"Stage 4, Stage 4, volume_dryup, weekly_volume_dryup, flags=Wide Weekly Base;Wide Risk;Low Liquidity, downtrend",watchlist,weekly_watchlist,watchlist,0.0,0.0,0.0,10.0,10.0,620
SENCO.NS,Senco Gold Limited,Luxury Goods,Consumer Cyclical,Consumer Cyclical,False,Cash,1,Failed Stage 2,Stage 1,Failed Stage 2,0.72,"This stock was recently Stage 2, but the latest structure no longer satisfies Stage 2 rules. It is kept as Failed Stage 2 until a fresh base/repair structure forms.",Recent Stage 2 break; public stage held as Failed Stage 2.,2026-09-30,2026-09-18,,Failed Stage 2,0.0,Weak,Volume Drying Up,Volume Drying Up (0.71x vs 10W Avg),5.39,Outperformed Nifty by 5.39% in 3 Months,False,5.39,0.58,261745087.29,0.55,0.55,0.71,True,True,"Stage 1, Stage 1, volume_dryup, weekly_volume_dryup, flags=Wide Risk;Low Liquidity, stage1_not_actionable, stage1_needs_more_base | Stage 2 failed state applied from stage memory.",watchlist,weekly_watchlist,watchlist,0.0,0.0,0.0,10.0,10.0,621
OSWALPUMPS.NS,Oswal Pumps Limited,Electrical Equipment & Parts,Industrials,Industrials,False,Cash,1,Stage 4,Stage 4,Stage 4,0.86,Price is below the 30-week trend and below long-term support structure.,,,,,Stage 4,0.0,Weak,Volume Drying Up,Volume Drying Up (0.50x vs 10W Avg),-30.55,Underperformed Nifty by 30.55% in 3 Months,False,-30.55,-23.74,134016076.91,0.81,0.67,0.5,True,True,"Stage 4, Stage 4, volume_dryup, weekly_volume_dryup, flags=Wide Base;Loose Structure;Wider Risk;Low Liquidity, downtrend",watchlist,weekly_watchlist,watchlist,0.0,0.0,0.0,10.0,10.0,622
MAHLIFE.NS,Mahindra Lifespace Developers Limited,Real Estate,Real Estate,Real Estate,False,Cash,1,Not Sure,Stage 1,Pending Stage 1,0.55,Blocked public stage jump Stage 3 -> Stage 1; waiting for intermediate/confirmed structure.,Blocked public stage jump Stage 3 -> Stage 1; waiting for intermediate/confirmed structure.,,2026-08-27,Stage 1,Not Sure - Unclear,7.95,Strong,Volume Drying Up,Volume Drying Up (0.51x vs 10W Avg),3.58,Outperformed Nifty by 3.58% in 3 Months,False,3.58,4.18,32671471.07,0.53,0.9,0.51,True,True,"Stage 1, Stage 1, stage1_base_ready, volume_dryup, weekly_volume_dryup, flags=Wide Risk;Low Liquidity, stage1_not_actionable | Blocked public stage jump Stage 3 -> Stage 1; waiting for intermediate/confirmed structure.",watchlist,weekly_watchlist,watchlist,7.83,7.58,7.95,2.0,9.95,623
ITCHOTELS.NS,ITC Hotels Limited,Consumer Cyclical,Consumer Cyclical,Consumer Cyclical,False,Cash,1,Not Sure,Not Sure,Not Sure,0.0,Stage rules did not identify a reliable structure.,No confident stage classification.,,,,Not Sure - Unclear,7.85,Neutral,Volume Normal,Volume Normal (1.07x vs 10W Avg),-3.9,Underperformed Nifty by 3.9% in 3 Months,False,-3.9,11.26,254560475.9,1.13,1.05,1.07,False,False,"Not Sure, Unclear, flags=Wider Risk;Low Liquidity",watchlist,weekly_watchlist,watchlist,8.74,1.34,7.85,2.0,9.85,624
RESPONIND.NS,Responsive Industries Limited,Specialty Chemicals,Basic Materials,Basic Materials,False,Cash,1,Stage 4,Stage 4,Stage 4,0.86,Price is below the 30-week trend and below long-term support structure.,,,,,Stage 4,4.78,Neutral,Volume Drying Up,Volume Drying Up (0.57x vs 10W Avg),-15.81,Underperformed Nifty by 15.81% in 3 Months,False,-15.81,23.79,538861748.91,0.47,0.17,0.57,True,True,"Stage 4, Stage 4, weekly_vcp_ok, volume_dryup, weekly_volume_dryup, weekly_strong, flags=Wide Weekly Base;Loose Structure;Wide Risk;Low Liquidity, downtrend",watchlist,weekly_watchlist,watchlist,0.0,32.8,4.78,5.0,9.78,625
IGIL.NS,International Gemological Institute Limited,Basic Materials,Basic Materials,Basic Materials,False,Cash,1,Stage 4,Stage 4,Stage 4,0.66,Price is below weekly structure.,,,2026-08-05,,Stage 4,9.75,Weak,Volume Drying Up,Volume Drying Up (0.77x vs 10W Avg),-3.77,Underperformed Nifty by 3.77% in 3 Months,False,-3.77,-1.03,178958477.07,1.11,1.07,0.77,False,True,"Stage 4, Stage 4, weekly_vcp_ok, weekly_volume_dryup, weekly_strong, flags=Wide Risk;Low Liquidity, downtrend",watchlist,weekly_watchlist,watchlist,0.0,33.1,9.75,0.0,9.75,626
JSWENERGY.NS,JSW Energy Limited,Utilities,Utilities,Utilities,True,F&O,1,Stage 4,Stage 4,Stage 4,0.66,Price is below weekly structure.,,,2026-08-17,,Stage 4,9.74,Weak,Volume Normal,Volume Normal (0.88x vs 10W Avg),-2.83,Underperformed Nifty by 2.83% in 3 Months,False,-2.83,0.47,857417653.14,0.99,0.97,0.88,False,True,"Stage 4, Stage 4, weekly_vcp_ok, weekly_volume_dryup, weekly_strong, flags=Wide Risk;Low Liquidity, downtrend",watchlist,weekly_watchlist,watchlist,5.73,30.0,9.74,0.0,9.74,627
INFY.NS,Infosys Limited,Information Technology Services,Technology,Technology,True,F&O,1,Stage 4,Stage 4,Stage 4,0.86,Price is below the 30-week trend and below long-term support structure.,,,,,Stage 4,9.73,Weak,Volume Normal,Volume Normal (1.01x vs 10W Avg),2.18,Outperformed Nifty by 2.18% in 3 Months,False,2.18,-25.47,9158036492.6,0.95,1.58,1.01,False,False,"Stage 4, Stage 4, weekly_vcp_ok, weekly_strong, flags=Wide Risk;Low Liquidity, downtrend",watchlist,weekly_watchlist,watchlist,7.46,33.1,9.73,0.0,9.73,628
JTEKTINDIA.NS,Jtekt India Limited,Auto Parts,Consumer Cyclical,Consumer Cyclical,False,Cash,1,Stage 4,Stage 4,Stage 4,0.86,Price is below the 30-week trend and below long-term support structure.,,,,,Stage 4,4.73,Weak,Volume Drying Up,Volume Drying Up (0.32x vs 10W Avg),-12.64,Underperformed Nifty by 12.64% in 3 Months,False,-12.64,-9.36,12863254.06,0.6,0.4,0.32,True,True,"Stage 4, Stage 4, weekly_vcp_ok, volume_dryup, weekly_volume_dryup, weekly_strong, flags=Wide Risk;Low Liquidity, downtrend",watchlist,weekly_watchlist,watchlist,0.0,32.0,4.73,5.0,9.73,629
LEMONTREE.NS,Lemon Tree Hotels Limited,Lodging,Consumer Cyclical,Consumer Cyclical,False,Cash,1,Stage 4,Stage 4,Stage 4,0.86,Price is below the 30-week trend and below long-term support structure.,,,,,Stage 4,7.54,Weak,Volume Drying Up,Volume Drying Up (0.74x vs 10W Avg),-6.4,Underperformed Nifty by 6.4% in 3 Months,False,-6.4,-6.13,232747790.79,0.82,0.85,0.74,True,True,"Stage 4, Stage 4, weekly_vcp_ok, volume_dryup, weekly_volume_dryup, weekly_strong, flags=Wide Weekly Base;Wide Risk;Low Liquidity, downtrend",watchlist,weekly_watchlist,watchlist,7.43,32.0,7.54,2.0,9.54,630
GANESHHOU.NS,GANESH HOUSING LIMITED,Real Estate,Real Estate,Real Estate,False,Cash,1,Failed Stage 2,Stage 3,Failed Stage 2,0.72,"This stock was recently Stage 2, but the latest structure no longer satisfies Stage 2 rules. It is kept as Failed Stage 2 until a fresh base/repair structure forms.",Recent Stage 2 break; public stage held as Failed Stage 2.,2026-09-30,2026-09-25,,Failed Stage 2,7.53,Neutral,Volume Drying Up,Volume Drying Up (0.81x vs 10W Avg),-4.32,Underperformed Nifty by 4.32% in 3 Months,False,-4.32,26.61,17782254.5,0.62,0.91,0.81,True,True,"Stage 3, Early, weekly_vcp_ok, volume_dryup, weekly_volume_dryup, weekly_strong, flags=Wide Weekly Base;Wide Risk;Low Liquidity, distribution_or_weakening_risk | Stage 2 failed state applied from stage memory.",watchlist,weekly_watchlist,watchlist,0.0,38.23,7.53,2.0,9.53,631
VMM.NS,Vishal Mega Mart Limited,Consumer Cyclical,Consumer Cyclical,Consumer Cyclical,True,F&O,1,Stage 4,Stage 4,Stage 4,0.86,Price is below the 30-week trend and below long-term support structure.,,,,,Stage 4,7.44,Weak,Volume Normal,Volume Normal (1.05x vs 10W Avg),-8.38,Underperformed Nifty by 8.38% in 3 Months,False,-8.38,-11.53,1034426496.43,0.92,1.07,1.05,False,False,"Stage 4, Stage 4, weekly_vcp_ok, weekly_strong, flags=Wide Risk;Low Liquidity, downtrend",watchlist,weekly_watchlist,watchlist,0.0,31.2,7.44,2.0,9.44,632
KANSAINER.NS,Kansai Nerolac Paints Limited,Specialty Chemicals,Basic Materials,Basic Materials,False,Cash,1,Stage 4,Stage 4,Stage 4,0.86,Price is below the 30-week trend and below long-term support structure.,,,,,Stage 4,4.37,Weak,Volume Drying Up,Volume Drying Up (0.83x vs 10W Avg),-9.16,Underperformed Nifty by 9.16% in 3 Months,False,-9.16,-1.32,59616501.92,0.77,0.66,0.83,True,True,"Stage 4, Stage 4, weekly_vcp_ok, volume_dryup, weekly_volume_dryup, weekly_strong, flags=Wide Risk;Low Liquidity, downtrend",watchlist,weekly_watchlist,watchlist,0.0,32.0,4.37,5.0,9.37,633
GOPAL.NS,Gopal Snacks Limited,Packaged Foods,Consumer Defensive,Consumer Defensive,False,Cash,1,Stage 4,Stage 4,Stage 4,0.86,Price is below the 30-week trend and below long-term support structure.,,,,,Stage 4,9.36,Weak,Volume Drying Up,Volume Drying Up (0.70x vs 10W Avg),-2.47,Underperformed Nifty by 2.47% in 3 Months,False,-2.47,-5.71,27673877.42,0.75,0.42,0.7,True,True,"Stage 4, Stage 4, weekly_vcp_ok, volume_dryup, weekly_volume_dryup, weekly_strong, flags=Wider Risk;Low Liquidity, downtrend",watchlist,weekly_watchlist,watchlist,0.0,32.0,9.36,0.0,9.36,634
BSOFT.NS,BIRLASOFT LIMITED,Information Technology Services,Technology,Technology,False,Cash,1,Stage 4,Stage 4,Stage 4,0.86,Price is below the 30-week trend and below long-term support structure.,,,,,Stage 4,9.0,Weak,Volume Drying Up,Volume Drying Up (0.67x vs 10W Avg),5.01,Outperformed Nifty by 5.01% in 3 Months,False,5.01,-26.33,407542242.8,0.59,1.28,0.67,True,True,"Stage 4, Stage 4, weekly_vcp_ok, volume_dryup, weekly_volume_dryup, weekly_strong, flags=Wide Risk;Low Liquidity, downtrend",watchlist,weekly_watchlist,watchlist,0.0,32.0,9.0,0.0,9.0,635
REFEX.NS,Refex Industries Limited,Energy,Energy,Energy,False,Cash,1,Stage 4,Stage 4,Stage 4,0.86,Price is below the 30-week trend and below long-term support structure.,,,,,Stage 4,3.98,Weak,Volume Drying Up,Volume Drying Up (0.40x vs 10W Avg),-17.54,Underperformed Nifty by 17.54% in 3 Months,False,-17.54,23.72,169041480.09,1.89,0.65,0.4,False,True,"Stage 4, Stage 4, weekly_vcp_ok, weekly_volume_dryup, weekly_strong, flags=Wide Weekly Base;Wide Risk;Low Liquidity, downtrend",watchlist,weekly_watchlist,watchlist,0.0,32.62,3.98,5.0,8.98,636
JKLAKSHMI.NS,JK Lakshmi Cement Limited,Building Materials,Basic Materials,Basic Materials,False,Cash,1,Stage 4,Stage 4,Stage 4,0.86,Price is below the 30-week trend and below long-term support structure.,,,,,Stage 4,8.97,Weak,Volume Drying Up,Volume Drying Up (0.84x vs 10W Avg),-7.25,Underperformed Nifty by 7.25% in 3 Months,False,-7.25,-18.71,68641975.04,0.66,0.77,0.84,True,True,"Stage 4, Stage 4, weekly_vcp_ok, volume_dryup, weekly_volume_dryup, weekly_strong, flags=Wider Risk;Low Liquidity, downtrend",watchlist,weekly_watchlist,watchlist,0.0,33.1,8.97,0.0,8.97,637
BATAINDIA.NS,Bata India Limited,Consumer Cyclical,Consumer Cyclical,Consumer Cyclical,False,Cash,1,Stage 4,Stage 4,Stage 4,0.86,Price is below the 30-week trend and below long-term support structure.,,,,,Stage 4,6.95,Weak,Volume Drying Up,Volume Drying Up (0.25x vs 10W Avg),0.88,Outperformed Nifty by 0.88% in 3 Months,False,0.88,-4.46,96649339.58,0.52,0.32,0.25,True,True,"Stage 4, Stage 4, weekly_vcp_ok, volume_dryup, weekly_volume_dryup, weekly_strong, flags=Wide Weekly Base;Wide Risk;Low Liquidity, downtrend",watchlist,weekly_watchlist,watchlist,6.67,33.1,6.95,2.0,8.95,638
AMBUJACEM.NS,Ambuja Cements Limited,Building Materials,Basic Materials,Basic Materials,True,F&O,1,Stage 4,Stage 4,Stage 4,0.86,Price is below the 30-week trend and below long-term support structure.,,,,,Stage 4,8.94,Weak,Volume Drying Up,Volume Drying Up (0.84x vs 10W Avg),-8.47,Underperformed Nifty by 8.47% in 3 Months,False,-8.47,-11.9,482819636.09,0.73,2.03,0.84,True,True,"Stage 4, Stage 4, weekly_vcp_ok, volume_dryup, weekly_volume_dryup, weekly_strong, flags=Wide Risk;Low Liquidity, downtrend",watchlist,weekly_watchlist,watchlist,7.86,32.0,8.94,0.0,8.94,639
HUDCO.NS,Housing & Urban Development Corporation Limited,Credit Services,Financial Services,Financial Services,False,Cash,1,Stage 4,Stage 4,Stage 4,0.86,Price is below the 30-week trend and below long-term support structure.,,,,,Stage 4,6.86,Weak,Volume Normal,Volume Normal (1.16x vs 10W Avg),-14.46,Underperformed Nifty by 14.46% in 3 Months,False,-14.46,-3.15,309889949.24,1.14,1.33,1.16,False,False,"Stage 4, Stage 4, weekly_vcp_ok, weekly_strong, flags=Wide Risk;Low Liquidity, downtrend",watchlist,weekly_watchlist,watchlist,3.99,32.0,6.86,2.0,8.86,640
JWL.NS,Jupiter Wagons Limited,Industrials,Industrials,Industrials,False,Cash,1,Stage 4,Stage 4,Stage 4,0.86,Price is below the 30-week trend and below long-term support structure.,,,,,Stage 4,8.83,Weak,Volume Expanding,Volume Expanding (5.84x vs 10W Avg),-2.9,Underperformed Nifty by 2.9% in 3 Months,False,-2.9,-13.77,421172512.43,2.18,37.59,5.84,False,False,"Stage 4, Stage 4, weekly_vcp_ok, weekly_strong, flags=Wide Risk;Low Liquidity, downtrend",watchlist,weekly_watchlist,watchlist,5.8,33.1,8.83,0.0,8.83,641
FIRSTCRY.NS,Brainbees Solutions Limited,Consumer Cyclical,Consumer Cyclical,Consumer Cyclical,False,Cash,1,Stage 4,Stage 4,Stage 4,0.86,Price is below the 30-week trend and below long-term support structure.,,,,,Stage 4,6.82,Weak,Volume Expanding,Volume Expanding (4.93x vs 10W Avg),-9.99,Underperformed Nifty by 9.99% in 3 Months,False,-9.99,-27.26,1663264234.47,2.49,0.39,4.93,False,False,"Stage 4, Stage 4, weekly_vcp_ok, weekly_strong, flags=Wide Risk;Low Liquidity, downtrend",watchlist,weekly_watchlist,watchlist,0.0,32.0,6.82,2.0,8.82,642
POCL.NS,Pondy Oxides & Chemicals Limited,Specialty Chemicals,Basic Materials,Basic Materials,False,Cash,1,Stage 4,Stage 4,Stage 4,0.86,Price is below the 30-week trend and below long-term support structure.,,,2026-07-24,,Stage 4,3.79,Weak,Volume Drying Up,Volume Drying Up (0.76x vs 10W Avg),-13.79,Underperformed Nifty by 13.79% in 3 Months,False,-13.79,1.89,179427801.19,0.8,1.0,0.76,True,True,"Stage 4, Stage 4, weekly_vcp_ok, volume_dryup, weekly_volume_dryup, weekly_strong, flags=Wide Weekly Base;Wide Risk;Low Liquidity, downtrend",watchlist,weekly_watchlist,watchlist,0.0,32.0,3.79,5.0,8.79,643
DCAL.NS,Dishman Carbogen Amcis Limited,Biotechnology,Healthcare,Healthcare,False,Cash,1,Stage 4,Stage 4,Stage 4,0.86,Price is below the 30-week trend and below long-term support structure.,,,,,Stage 4,3.79,Weak,Volume Drying Up,Volume Drying Up (0.51x vs 10W Avg),-12.81,Underperformed Nifty by 12.81% in 3 Months,False,-12.81,5.36,33351473.28,0.66,0.88,0.51,True,True,"Stage 4, Stage 4, weekly_vcp_ok, volume_dryup, weekly_volume_dryup, weekly_strong, flags=Wide Weekly Base;Wide Risk;Low Liquidity, downtrend",watchlist,weekly_watchlist,watchlist,0.0,32.0,3.79,5.0,8.79,644
FINPIPE.NS,Finolex Industries Limited,Building Products & Equipment,Industrials,Industrials,False,Cash,1,Stage 4,Stage 4,Stage 4,0.86,Price is below the 30-week trend and below long-term support structure.,,,,,Stage 4,8.7,Weak,Volume Drying Up,Volume Drying Up (0.72x vs 10W Avg),-4.46,Underperformed Nifty by 4.46% in 3 Months,False,-4.46,-4.75,50089604.32,0.78,0.57,0.72,True,True,"Stage 4, Stage 4, weekly_vcp_ok, volume_dryup, weekly_volume_dryup, weekly_strong, flags=Wide Risk;Low Liquidity, downtrend",watchlist,weekly_watchlist,watchlist,3.05,32.0,8.7,0.0,8.7,645
SAFARI.NS,Safari Industries (India) Limited,Consumer Cyclical,Consumer Cyclical,Consumer Cyclical,False,Cash,1,Stage 4,Stage 4,Stage 4,0.86,Price is below the 30-week trend and below long-term support structure.,,,,,Stage 4,6.67,Weak,Volume Normal,Volume Normal (0.93x vs 10W Avg),-4.71,Underperformed Nifty by 4.71% in 3 Months,False,-4.71,-5.76,60215401.09,1.04,1.75,0.93,False,False,"Stage 4, Stage 4, weekly_vcp_ok, weekly_strong, flags=Wide Weekly Base;Wide Risk, downtrend",watchlist,weekly_watchlist,watchlist,6.79,33.1,6.67,2.0,8.67,646
TRAVELFOOD.NS,Travel Food Services Limited,Consumer Cyclical,Consumer Cyclical,Consumer Cyclical,False,Cash,1,Not Sure,Stage 4,Pending Stage 4,0.55,Blocked public stage jump Stage 1 -> Stage 4; waiting for intermediate/confirmed structure.,Blocked public stage jump Stage 1 -> Stage 4; waiting for intermediate/confirmed structure.,,,Stage 4,Not Sure - Unclear,6.67,Weak,Volume Drying Up,Volume Normal (1.32x vs 10W Avg),-2.2,Underperformed Nifty by 2.2% in 3 Months,False,-2.2,-6.79,52534611.36,0.74,0.47,1.32,True,False,"Stage 4, Stage 4, weekly_vcp_ok, volume_dryup, weekly_strong, flags=Wide Risk;Low Liquidity, downtrend | Blocked public stage jump Stage 1 -> Stage 4; waiting for intermediate/confirmed structure.",watchlist,weekly_watchlist,watchlist,0.0,32.0,6.67,2.0,8.67,647
PRAJIND.NS,Praj Industries Limited,Engineering & Construction,Industrials,Industrials,False,Cash,1,Stage 4,Stage 4,Stage 4,0.66,Price is below weekly structure.,,,2026-09-03,,Stage 4,8.56,Weak,Volume Drying Up,Volume Drying Up (0.41x vs 10W Avg),-8.68,Underperformed Nifty by 8.68% in 3 Months,False,-8.68,-10.45,122744276.63,0.43,0.59,0.41,True,True,"Stage 4, Stage 4, weekly_vcp_ok, volume_dryup, weekly_volume_dryup, weekly_strong, flags=Wide Risk;Low Liquidity, downtrend",watchlist,weekly_watchlist,watchlist,4.8,32.0,8.56,0.0,8.56,648
OLAELEC.NS,Ola Electric Mobility Limited,Auto Manufacturers,Consumer Cyclical,Consumer Cyclical,False,Cash,1,Not Sure,Stage 1,Pending Stage 1,0.55,Blocked public stage jump Stage 3 -> Stage 1; waiting for intermediate/confirmed structure.,Blocked public stage jump Stage 3 -> Stage 1; waiting for intermediate/confirmed structure.,,,Stage 1,Not Sure - Unclear,3.51,Neutral,Volume Expanding,Volume Expanding (2.48x vs 10W Avg),-6.1,Underperformed Nifty by 6.1% in 3 Months,False,-6.1,26.77,3822889975.64,2.04,0.69,2.48,False,False,"Stage 1, Stage 1, flags=Wide Risk;Low Liquidity, stage1_not_actionable, stage1_needs_more_base | Blocked public stage jump Stage 3 -> Stage 1; waiting for intermediate/confirmed structure.",watchlist,weekly_watchlist,watchlist,7.87,3.47,3.51,5.0,8.51,649
RAMCOCEM.NS,The Ramco Cements Limited,Building Materials,Basic Materials,Basic Materials,False,Cash,1,Stage 4,Stage 4,Stage 4,0.86,Price is below the 30-week trend and below long-term support structure.,,,,,Stage 4,8.42,Weak,Volume Drying Up,Volume Drying Up (0.84x vs 10W Avg),-3.72,Underperformed Nifty by 3.72% in 3 Months,False,-3.72,-10.81,188924475.26,0.89,0.82,0.84,False,True,"Stage 4, Stage 4, weekly_vcp_ok, weekly_volume_dryup, weekly_strong, flags=Wide Risk, downtrend",watchlist,weekly_watchlist,watchlist,5.77,32.0,8.42,0.0,8.42,650
PURVA.NS,Puravankara Limited,Real Estate,Real Estate,Real Estate,False,Cash,1,Stage 4,Stage 4,Stage 4,0.86,Price is below the 30-week trend and below long-term support structure.,,,,,Stage 4,6.31,Neutral,Volume Drying Up,Volume Drying Up (0.12x vs 10W Avg),-0.14,Underperformed Nifty by 0.14% in 3 Months,False,-0.14,16.03,255646928.8,0.29,0.1,0.12,True,True,"Stage 4, Stage 4, weekly_vcp_ok, volume_dryup, weekly_volume_dryup, flags=Wide Weekly Base;Wide Risk;Low Liquidity, downtrend",watchlist,weekly_watchlist,watchlist,9.39,19.89,6.31,2.0,8.31,651
CMSINFO.NS,CMS Info Systems Limited,Industrials,Industrials,Industrials,False,Cash,1,Stage 4,Stage 4,Stage 4,0.86,Price is below the 30-week trend and below long-term support structure.,,,,,Stage 4,8.22,Weak,Volume Drying Up,Volume Drying Up (0.57x vs 10W Avg),-10.19,Underperformed Nifty by 10.19% in 3 Months,False,-10.19,-23.91,201704018.25,0.67,0.62,0.57,True,True,"Stage 4, Stage 4, weekly_vcp_ok, volume_dryup, weekly_volume_dryup, weekly_strong, flags=Wide Risk;Low Liquidity, downtrend",watchlist,weekly_watchlist,watchlist,6.6,32.0,8.22,0.0,8.22,652
KPIGREEN.NS,KPI Green Energy Limited,Utilities - Renewable,Utilities,Utilities,False,Cash,1,Stage 4,Stage 4,Stage 4,0.86,Price is below the 30-week trend and below long-term support structure.,,,,,Stage 4,8.17,Weak,Volume Expanding,Volume Expanding (2.47x vs 10W Avg),-4.01,Underperformed Nifty by 4.01% in 3 Months,False,-4.01,-8.71,1046071267.37,2.74,1.9,2.47,False,False,"Stage 4, Stage 4, weekly_vcp_ok, weekly_strong, flags=Wide Base;Loose Structure;Low Liquidity, downtrend",watchlist,weekly_watchlist,watchlist,0.0,32.0,8.17,0.0,8.17,653
HINDCOPPER.NS,Hindustan Copper Limited,Basic Materials,Basic Materials,Basic Materials,False,Cash,1,Stage 4,Stage 4,Stage 4,0.86,Price is below the 30-week trend and below long-term support structure.,,,2026-08-24,,Stage 4,8.15,Weak,Volume Drying Up,Volume Drying Up (0.56x vs 10W Avg),2.72,Outperformed Nifty by 2.72% in 3 Months,False,2.72,-7.23,3820350753.52,0.57,0.5,0.56,True,True,"Stage 4, Stage 4, weekly_vcp_ok, volume_dryup, weekly_volume_dryup, weekly_strong, flags=Wide Weekly Base;Wide Risk;Low Liquidity, downtrend",watchlist,weekly_watchlist,watchlist,0.0,32.0,8.15,0.0,8.15,654
3MINDIA.NS,3M India Limited,Conglomerates,Industrials,Industrials,False,Cash,1,Stage 3,Stage 3,Early,0.68,"Prior strength has shifted into a Stage 3 transition based on trend, relative strength, and volume evidence.",,,2026-08-13,,Stage 3 Early,7.96,Neutral,Volume Expanding,Volume Expanding (2.02x vs 10W Avg),-0.61,Underperformed Nifty by 0.61% in 3 Months,False,-0.61,8.43,171190075.75,1.42,0.79,2.02,False,False,"Stage 3, Early, flags=Wider Risk, distribution_or_weakening_risk",watchlist,weekly_watchlist,watchlist,0.0,1.18,7.96,0.0,7.96,655
BAJAJHFL.NS,Bajaj Housing Finance Limited,Mortgage Finance,Financial Services,Financial Services,False,Cash,1,Stage 4,Stage 4,Stage 4,0.86,Price is below the 30-week trend and below long-term support structure.,,,,,Stage 4,7.9,Neutral,Volume Normal,Volume Normal (1.24x vs 10W Avg),-2.19,Underperformed Nifty by 2.19% in 3 Months,False,-2.19,0.54,247749975.01,1.04,1.51,1.24,False,False,"Stage 4, Stage 4, weekly_vcp_ok, flags=Wide Risk;Low Liquidity, downtrend",watchlist,weekly_watchlist,watchlist,2.85,18.3,7.9,0.0,7.9,656
MEDIASSIST.NS,Medi Assist Healthcare Services Limited,Healthcare,Healthcare,Healthcare,False,Cash,1,Stage 4,Stage 4,Stage 4,0.86,Price is below the 30-week trend and below long-term support structure.,,,,,Stage 4,5.89,Weak,Volume Normal,Volume Normal (1.48x vs 10W Avg),-9.67,Underperformed Nifty by 9.67% in 3 Months,False,-9.67,-8.73,87446817.31,1.7,0.79,1.48,False,False,"Stage 4, Stage 4, weekly_vcp_ok, weekly_strong, flags=Wide Weekly Base;Wide Risk;Low Liquidity, downtrend",watchlist,weekly_watchlist,watchlist,4.7,33.1,5.89,2.0,7.89,657
CREDITACC.NS,CREDITACCESS GRAMEEN LIMITED,Credit Services,Financial Services,Financial Services,False,Cash,1,Failed Stage 2,Stage 4,Failed Stage 2,0.72,"This stock was recently Stage 2, but the latest structure no longer satisfies Stage 2 rules. It is kept as Failed Stage 2 until a fresh base/repair structure forms.",Recent Stage 2 break; public stage held as Failed Stage 2.,2026-09-30,2026-09-14,,Failed Stage 2,5.76,Weak,Volume Drying Up,Volume Drying Up (0.77x vs 10W Avg),-13.05,Underperformed Nifty by 13.05% in 3 Months,False,-13.05,2.74,220524679.12,0.6,1.63,0.77,True,True,"Stage 4, Stage 4, weekly_vcp_ok, volume_dryup, weekly_volume_dryup, weekly_strong, flags=Wide Risk;Low Liquidity, downtrend | Stage 2 failed state applied from stage memory.",watchlist,weekly_watchlist,watchlist,0.0,32.0,5.76,2.0,7.76,658
ZAGGLE.NS,Zaggle Prepaid Ocean Services Limited,Software - Infrastructure,Technology,Technology,False,Cash,1,Stage 4,Stage 4,Stage 4,0.86,Price is below the 30-week trend and below long-term support structure.,,,,,Stage 4,5.75,Weak,Volume Drying Up,Volume Drying Up (0.23x vs 10W Avg),-10.53,Underperformed Nifty by 10.53% in 3 Months,False,-10.53,-26.11,163653791.47,0.27,0.18,0.23,True,True,"Stage 4, Stage 4, weekly_vcp_ok, volume_dryup, weekly_volume_dryup, weekly_strong, flags=Wide Weekly Base;Wider Risk;Low Liquidity, downtrend",watchlist,weekly_watchlist,watchlist,0.0,33.1,5.75,2.0,7.75,659
LTM.NS,LTM Limited,Information Technology Services,Technology,Technology,True,F&O,1,Stage 4,Stage 4,Stage 4,0.66,Price is below weekly structure.,,,,,Stage 4,7.71,Neutral,Volume Normal,Volume Normal (1.23x vs 10W Avg),15.32,Outperformed Nifty by 15.32% in 3 Months,False,15.32,-9.02,1799209107.57,1.1,1.1,1.23,False,False,"Stage 4, Stage 4, weekly_vcp_ok, weekly_strong, flags=Wide Weekly Base;Wide Risk;Low Liquidity, downtrend",watchlist,weekly_watchlist,watchlist,5.72,33.73,7.71,0.0,7.71,660
SUPREMEIND.NS,Supreme Industries Limited,Building Products & Equipment,Industrials,Industrials,True,F&O,1,Stage 1,Stage 1,Stage 1,0.64,Price is building a base around long-term weekly structure without a confirmed advancing phase.,,,,,Stage 1,7.62,Strong,Volume Drying Up,Volume Drying Up (0.71x vs 10W Avg),13.51,Outperformed Nifty by 13.51% in 3 Months,False,13.51,-9.17,530997747.07,0.88,0.78,0.71,False,True,"Stage 1, Stage 1, weekly_volume_dryup, flags=Wider Risk;Low Liquidity, stage1_not_actionable, stage1_needs_more_base",watchlist,weekly_watchlist,watchlist,0.0,16.63,7.62,0.0,7.62,661
GREENPANEL.NS,Greenpanel Industries Limited,Basic Materials,Basic Materials,Basic Materials,False,Cash,1,Stage 4,Stage 4,Stage 4,0.86,Price is below the 30-week trend and below long-term support structure.,,,,,Stage 4,7.6,Weak,Volume Expanding,Volume Normal (0.89x vs 10W Avg),-8.03,Underperformed Nifty by 8.03% in 3 Months,False,-8.03,-15.29,70948561.14,1.46,1.96,0.89,False,True,"Stage 4, Stage 4, weekly_vcp_ok, weekly_volume_dryup, weekly_strong, flags=Wide Risk;Low Liquidity, downtrend",watchlist,weekly_watchlist,watchlist,4.62,32.0,7.6,0.0,7.6,662
INDRAMEDCO.NS,Indraprastha Medical Corporation Limited,Medical Care Facilities,Healthcare,Healthcare,False,Cash,1,Stage 4,Stage 4,Stage 4,0.86,Price is below the 30-week trend and below long-term support structure.,,,,,Stage 4,7.59,Weak,Volume Drying Up,Volume Normal (0.97x vs 10W Avg),-0.63,Underperformed Nifty by 0.63% in 3 Months,False,-0.63,-16.38,76880869.09,0.73,1.97,0.97,True,False,"Stage 4, Stage 4, weekly_vcp_ok, volume_dryup, weekly_strong, flags=Wide Weekly Base;Wider Risk;Low Liquidity, downtrend",watchlist,weekly_watchlist,watchlist,0.0,33.1,7.59,0.0,7.59,663
REDTAPE.NS,Redtape Limited,Consumer Cyclical,Consumer Cyclical,Consumer Cyclical,False,Cash,1,Stage 4,Stage 4,Stage 4,0.66,Price is below weekly structure.,,,2026-08-07,,Stage 4,5.53,Weak,Volume Drying Up,Volume Drying Up (0.55x vs 10W Avg),-6.42,Underperformed Nifty by 6.42% in 3 Months,False,-6.42,3.41,265293360.78,0.52,0.13,0.55,True,True,"Stage 4, Stage 4, weekly_vcp_ok, volume_dryup, weekly_volume_dryup, flags=Wide Risk;Low Liquidity, downtrend",watchlist,weekly_watchlist,watchlist,0.0,18.3,5.53,2.0,7.53,664
MARATHON.NS,Marathon Nextgen Realty Limited,Real Estate,Real Estate,Real Estate,False,Cash,1,Stage 4,Stage 4,Stage 4,0.86,Price is below the 30-week trend and below long-term support structure.,,,,,Stage 4,5.51,Weak,Volume Drying Up,Volume Drying Up (0.19x vs 10W Avg),-0.44,Underperformed Nifty by 0.44% in 3 Months,False,-0.44,-8.82,49406999.74,0.21,0.08,0.19,True,True,"Stage 4, Stage 4, weekly_vcp_ok, volume_dryup, weekly_volume_dryup, weekly_strong, flags=Wide Risk;Low Liquidity, downtrend",watchlist,weekly_watchlist,watchlist,0.0,33.1,5.51,2.0,7.51,665
BPCL.NS,Bharat Petroleum Corporation Limited,Oil & Gas Refining & Marketing,Energy,Energy,True,F&O,1,Stage 3,Stage 3,Early,0.68,"Prior strength has shifted into a Stage 3 transition based on trend, relative strength, and volume evidence.",,,,,Stage 3 Early,2.47,Very Strong,Volume Drying Up,Volume Drying Up (0.69x vs 10W Avg),5.19,Outperformed Nifty by 5.19% in 3 Months,False,5.19,7.99,1232525490.35,0.95,1.23,0.69,False,True,"Stage 3, Early, weekly_volume_dryup, flags=Wider Risk;Low Liquidity, distribution_or_weakening_risk",watchlist,weekly_watchlist,watchlist,0.0,0.0,2.47,5.0,7.47,666
UTIAMC.NS,UTI Asset Management Company Limited,Asset Management,Financial Services,Financial Services,False,Cash,1,Stage 4,Stage 4,Stage 4,0.86,Price is below the 30-week trend and below long-term support structure.,,,,,Stage 4,7.43,Neutral,Volume Drying Up,Volume Drying Up (0.44x vs 10W Avg),-0.6,Underperformed Nifty by 0.6% in 3 Months,False,-0.6,-2.75,86025382.3,0.53,0.48,0.44,True,True,"Stage 4, Stage 4, weekly_vcp_ok, volume_dryup, weekly_volume_dryup, weekly_strong, flags=Low Liquidity, downtrend",watchlist,weekly_watchlist,watchlist,1.9,32.4,7.43,0.0,7.43,667
ABREL.NS,Aditya Birla Real Estate Limited,Real Estate Services,Real Estate,Real Estate,False,Cash,1,Stage 4,Stage 4,Stage 4,0.86,Price is below the 30-week trend and below long-term support structure.,,,,,Stage 4,5.41,Weak,Volume Expanding,Volume Expanding (1.71x vs 10W Avg),-13.29,Underperformed Nifty by 13.29% in 3 Months,False,-13.29,-5.56,215507556.35,1.2,1.38,1.71,False,False,"Stage 4, Stage 4, weekly_vcp_ok, weekly_strong, flags=Wide Weekly Base;Loose Structure;Wide Risk;Low Liquidity, downtrend",watchlist,weekly_watchlist,watchlist,4.33,32.0,5.41,2.0,7.41,668
LINDEINDIA.NS,Linde India Limited,Specialty Chemicals,Basic Materials,Basic Materials,False,Cash,1,Stage 4,Stage 4,Stage 4,0.66,Price is below weekly structure.,,,2026-08-07,,Stage 4,2.41,Weak,Volume Normal,Volume Normal (0.99x vs 10W Avg),-5.15,Underperformed Nifty by 5.15% in 3 Months,False,-5.15,-12.04,141995511.9,0.93,1.37,0.99,False,False,"Stage 4, Stage 4, flags=Low Liquidity, downtrend",watchlist,weekly_watchlist,watchlist,0.0,0.0,2.41,5.0,7.41,669
BLS.NS,BLS International Services Limited,Industrials,Industrials,Industrials,False,Cash,1,Stage 4,Stage 4,Stage 4,0.86,Price is below the 30-week trend and below long-term support structure.,,,,,Stage 4,7.38,Weak,Volume Drying Up,Volume Drying Up (0.33x vs 10W Avg),-5.7,Underperformed Nifty by 5.7% in 3 Months,False,-5.7,-20.16,170643265.0,0.37,0.28,0.33,True,True,"Stage 4, Stage 4, weekly_vcp_ok, volume_dryup, weekly_volume_dryup, weekly_strong, flags=Wide Weekly Base;Wide Risk;Low Liquidity, downtrend",watchlist,weekly_watchlist,watchlist,8.7,33.1,7.38,0.0,7.38,670
ORIENTELEC.NS,Orient Electric Limited,"Furnishings, Fixtures & Appliances",Consumer Cyclical,Consumer Cyclical,False,Cash,1,Stage 4,Stage 4,Stage 4,0.66,Price is below weekly structure.,,,,,Stage 4,7.21,Weak,Volume Drying Up,Volume Drying Up (0.21x vs 10W Avg),-3.85,Underperformed Nifty by 3.85% in 3 Months,False,-3.85,-2.89,22509459.89,0.17,0.94,0.21,True,True,"Stage 4, Stage 4, weekly_vcp_ok, volume_dryup, weekly_volume_dryup, weekly_strong, flags=Wide Risk;Low Liquidity, downtrend",watchlist,weekly_watchlist,watchlist,0.0,33.1,7.21,0.0,7.21,671
KSCL.NS,Kaveri Seed Company Limited,Agricultural Inputs,Basic Materials,Basic Materials,False,Cash,1,Stage 4,Stage 4,Stage 4,0.86,Price is below the 30-week trend and below long-term support structure.,,,,,Stage 4,7.13,Weak,Volume Expanding,Volume Expanding (8.94x vs 10W Avg),-13.47,Underperformed Nifty by 13.47% in 3 Months,False,-13.47,-15.81,1226181242.6,4.33,0.21,8.94,False,False,"Stage 4, Stage 4, weekly_vcp_ok, weekly_strong, flags=Wide Risk;Low Liquidity, downtrend",watchlist,weekly_watchlist,watchlist,3.8,33.1,7.13,0.0,7.13,672
MUTHOOTMF.NS,Muthoot Microfin Limited,Credit Services,Financial Services,Financial Services,False,Cash,1,Failed Stage 2,Stage 3,Failed Stage 2,0.72,"This stock was recently Stage 2, but the latest structure no longer satisfies Stage 2 rules. It is kept as Failed Stage 2 until a fresh base/repair structure forms.",Recent Stage 2 break; public stage held as Failed Stage 2.,2026-09-30,2026-09-14,,Failed Stage 2,5.13,Weak,Volume Drying Up,Volume Drying Up (0.34x vs 10W Avg),-10.35,Underperformed Nifty by 10.35% in 3 Months,False,-10.35,14.06,36211489.68,0.34,0.42,0.34,True,True,"Stage 3, Early, weekly_vcp_ok, volume_dryup, weekly_volume_dryup, weekly_strong, flags=Loose Structure;Wide Risk;Low Liquidity, distribution_or_weakening_risk | Stage 2 failed state applied from stage memory.",watchlist,weekly_watchlist,watchlist,0.0,36.37,5.13,2.0,7.13,673
CIEINDIA.NS,CIE Automotive India Limited,Auto Parts,Consumer Cyclical,Consumer Cyclical,False,Cash,1,Stage 4,Stage 4,Stage 4,0.66,Price is below weekly structure.,,,,,Stage 4,2.06,Weak,Volume Drying Up,Volume Drying Up (0.45x vs 10W Avg),-10.89,Underperformed Nifty by 10.89% in 3 Months,False,-10.89,-17.5,95840846.57,0.62,1.16,0.45,True,True,"Stage 4, Stage 4, volume_dryup, weekly_volume_dryup, flags=Low Liquidity, downtrend",watchlist,weekly_watchlist,watchlist,0.0,0.2,2.06,5.0,7.06,674
EMBDL.NS,Embassy Developments Limited,Real Estate,Real Estate,Real Estate,False,Cash,1,Not Sure,Stage 1,Pending Stage 1,0.55,Blocked public stage jump Stage 4 -> Stage 1; waiting for intermediate/confirmed structure.,Blocked public stage jump Stage 4 -> Stage 1; waiting for intermediate/confirmed structure.,,,Stage 1,Not Sure - Unclear,4.98,Strong,Volume Drying Up,Volume Drying Up (0.75x vs 10W Avg),0.15,Outperformed Nifty by 0.15% in 3 Months,False,0.15,20.73,151706290.89,1.21,0.71,0.75,False,True,"Stage 1, Stage 1, weekly_vcp_ok, weekly_volume_dryup, weekly_strong, flags=Wide Weekly Base;Wider Risk;Low Liquidity, stage1_not_actionable, stage1_needs_more_base | Blocked public stage jump Stage 4 -> Stage 1; waiting for intermediate/confirmed structure.",watchlist,weekly_watchlist,watchlist,0.0,42.49,4.98,2.0,6.98,675
CSBBANK.NS,CSB Bank Limited,Banks - Regional,Financial Services,Financial Services,False,Cash,1,Stage 4,Stage 4,Stage 4,0.86,Price is below the 30-week trend and below long-term support structure.,,,,,Stage 4,4.93,Weak,Volume Drying Up,Volume Drying Up (0.45x vs 10W Avg),-4.3,Underperformed Nifty by 4.3% in 3 Months,False,-4.3,-18.11,301806672.81,0.87,0.34,0.45,False,True,"Stage 4, Stage 4, weekly_vcp_ok, weekly_volume_dryup, weekly_strong, flags=Wide Weekly Base;Wide Risk;Low Liquidity, downtrend",watchlist,weekly_watchlist,watchlist,2.13,33.1,4.93,2.0,6.93,676
SONATSOFTW.NS,Sonata Software Limited,Information Technology Services,Technology,Technology,False,Cash,1,Stage 4,Stage 4,Stage 4,0.86,Price is below the 30-week trend and below long-term support structure.,,,,,Stage 4,6.83,Weak,Volume Drying Up,Volume Drying Up (0.61x vs 10W Avg),1.67,Outperformed Nifty by 1.67% in 3 Months,False,1.67,10.03,337628901.81,0.54,0.71,0.61,True,True,"Stage 4, Stage 4, weekly_vcp_ok, volume_dryup, weekly_volume_dryup, weekly_strong, flags=Wide Weekly Base;Wide Risk;Low Liquidity, downtrend",watchlist,weekly_watchlist,watchlist,0.0,33.17,6.83,0.0,6.83,677
MHRIL.NS,Mahindra Holidays & Resorts India Limited,Consumer Cyclical,Consumer Cyclical,Consumer Cyclical,False,Cash,1,Stage 4,Stage 4,Stage 4,0.86,Price is below the 30-week trend and below long-term support structure.,,,,,Stage 4,4.81,Weak,Volume Drying Up,Volume Drying Up (0.58x vs 10W Avg),-9.66,Underperformed Nifty by 9.66% in 3 Months,False,-9.66,-23.27,23787163.56,0.83,0.4,0.58,True,True,"Stage 4, Stage 4, weekly_vcp_ok, volume_dryup, weekly_volume_dryup, weekly_strong, flags=Wide Risk;Low Liquidity, downtrend",watchlist,weekly_watchlist,watchlist,0.0,33.1,4.81,2.0,6.81,678
IRFC.NS,Indian Railway Finance Corporation Limited,Credit Services,Financial Services,Financial Services,True,F&O,1,Stage 4,Stage 4,Stage 4,0.86,Price is below the 30-week trend and below long-term support structure.,,,,,Stage 4,4.73,Weak,Volume Expanding,Volume Expanding (2.03x vs 10W Avg),-5.35,Underperformed Nifty by 5.35% in 3 Months,False,-5.35,-15.98,709292194.88,1.36,5.09,2.03,False,False,"Stage 4, Stage 4, weekly_vcp_ok, weekly_strong, flags=Wide Weekly Base;Wide Risk;Low Liquidity, downtrend",watchlist,weekly_watchlist,watchlist,2.5,32.0,4.73,2.0,6.73,679
MOIL.NS,MOIL Limited,Basic Materials,Basic Materials,Basic Materials,False,Cash,1,Stage 4,Stage 4,Stage 4,0.86,Price is below the 30-week trend and below long-term support structure.,,,,,Stage 4,6.71,Weak,Volume Drying Up,Volume Drying Up (0.30x vs 10W Avg),-8.19,Underperformed Nifty by 8.19% in 3 Months,False,-8.19,-21.58,127242059.35,0.3,0.53,0.3,True,True,"Stage 4, Stage 4, weekly_vcp_ok, volume_dryup, weekly_volume_dryup, weekly_strong, flags=Wide Weekly Base;Wide Risk;Low Liquidity, downtrend",watchlist,weekly_watchlist,watchlist,7.8,32.0,6.71,0.0,6.71,680
GICRE.NS,General Insurance Corporation of India,Financial Services,Financial Services,Financial Services,False,Cash,1,Stage 1,Stage 1,Stage 1,0.64,Price is building a base around long-term weekly structure without a confirmed advancing phase.,,,,,Stage 1,6.69,Weak,Volume Drying Up,Volume Drying Up (0.67x vs 10W Avg),2.3,Outperformed Nifty by 2.3% in 3 Months,False,2.3,-11.24,310110404.95,0.67,0.82,0.67,True,True,"Stage 1, Stage 1, volume_dryup, weekly_volume_dryup, flags=Wide Risk;Low Liquidity, stage1_not_actionable, stage1_needs_more_base",watchlist,weekly_watchlist,watchlist,11.18,5.0,6.69,0.0,6.69,681
GREENLAM.NS,Greenlam Industries Limited,"Furnishings, Fixtures & Appliances",Consumer Cyclical,Consumer Cyclical,False,Cash,1,Stage 4,Stage 4,Stage 4,0.66,Price is below weekly structure.,,,2026-08-21,,Stage 4,6.64,Weak,Volume Drying Up,Volume Drying Up (0.45x vs 10W Avg),-11.57,Underperformed Nifty by 11.57% in 3 Months,False,-11.57,-4.47,10600477.23,0.37,1.2,0.45,True,True,"Stage 4, Stage 4, weekly_vcp_ok, volume_dryup, weekly_volume_dryup, weekly_strong, flags=Loose Structure;Wider Risk;Low Liquidity, downtrend",watchlist,weekly_watchlist,watchlist,0.0,32.0,6.64,0.0,6.64,682
GMRAIRPORT.NS,GMR AIRPORTS LIMITED,Industrials,Industrials,Industrials,True,F&O,1,Stage 4,Stage 4,Stage 4,0.66,Price is below weekly structure.,,,2026-08-10,,Stage 4,6.57,Weak,Volume Normal,Volume Normal (0.87x vs 10W Avg),-9.33,Underperformed Nifty by 9.33% in 3 Months,False,-9.33,3.35,1053919254.2,1.15,1.3,0.87,False,True,"Stage 4, Stage 4, weekly_vcp_ok, weekly_volume_dryup, weekly_strong, flags=Wide Risk;Low Liquidity, downtrend",watchlist,weekly_watchlist,watchlist,0.0,32.0,6.57,0.0,6.57,683
SUNTECK.NS,Sunteck Realty Limited,Real Estate,Real Estate,Real Estate,False,Cash,1,Stage 4,Stage 4,Stage 4,0.86,Price is below the 30-week trend and below long-term support structure.,,,,,Stage 4,4.39,Weak,Volume Drying Up,Volume Drying Up (0.59x vs 10W Avg),-10.91,Underperformed Nifty by 10.91% in 3 Months,False,-10.91,-8.59,32890639.28,0.5,0.46,0.59,True,True,"Stage 4, Stage 4, weekly_vcp_ok, volume_dryup, weekly_volume_dryup, weekly_strong, flags=Wide Weekly Base;Wide Risk;Low Liquidity, downtrend",watchlist,weekly_watchlist,watchlist,0.7,33.1,4.39,2.0,6.39,684
HYUNDAI.NS,Hyundai Motor India Limited,Auto Manufacturers,Consumer Cyclical,Consumer Cyclical,True,F&O,1,Stage 3,Stage 3,Early,0.68,"Prior strength has shifted into a Stage 3 transition based on trend, relative strength, and volume evidence.",,,,,Stage 3 Early,1.33,Strong,Volume Normal,Volume Normal (1.05x vs 10W Avg),9.09,Outperformed Nifty by 9.09% in 3 Months,False,9.09,18.89,1287245052.01,0.87,0.97,1.05,False,False,"Stage 3, Early, flags=Wide Risk;Low Liquidity, distribution_or_weakening_risk",watchlist,weekly_watchlist,watchlist,0.0,1.4,1.33,5.0,6.33,685
GRINFRA.NS,G R Infraprojects Limited,Engineering & Construction,Industrials,Industrials,False,Cash,1,Stage 4,Stage 4,Stage 4,0.86,Price is below the 30-week trend and below long-term support structure.,,,,,Stage 4,6.24,Weak,Volume Drying Up,Volume Drying Up (0.46x vs 10W Avg),-4.65,Underperformed Nifty by 4.65% in 3 Months,False,-4.65,-4.15,24146394.52,1.19,0.47,0.46,False,True,"Stage 4, Stage 4, weekly_vcp_ok, weekly_volume_dryup, weekly_strong, flags=Wide Risk;Low Liquidity, downtrend",watchlist,weekly_watchlist,watchlist,0.0,33.1,6.24,0.0,6.24,686
CELLO.NS,Cello World Limited,"Furnishings, Fixtures & Appliances",Consumer Cyclical,Consumer Cyclical,False,Cash,1,Stage 4,Stage 4,Stage 4,0.86,Price is below the 30-week trend and below long-term support structure.,,,,,Stage 4,6.2,Weak,Volume Drying Up,Volume Drying Up (0.58x vs 10W Avg),-4.08,Underperformed Nifty by 4.08% in 3 Months,False,-4.08,-19.91,106894196.03,0.4,0.61,0.58,True,True,"Stage 4, Stage 4, weekly_vcp_ok, volume_dryup, weekly_volume_dryup, weekly_strong, flags=Wide Risk;Low Liquidity, downtrend",watchlist,weekly_watchlist,watchlist,1.5,32.0,6.2,0.0,6.2,687
NCC.NS,NCC Limited,Engineering & Construction,Industrials,Industrials,False,Cash,1,Stage 4,Stage 4,Stage 4,0.86,Price is below the 30-week trend and below long-term support structure.,,,,,Stage 4,6.19,Weak,Volume Expanding,Volume Expanding (3.26x vs 10W Avg),-6.2,Underperformed Nifty by 6.2% in 3 Months,False,-6.2,-8.0,456198008.21,1.73,0.74,3.26,False,False,"Stage 4, Stage 4, weekly_vcp_ok, weekly_strong, flags=Wide Risk;Low Liquidity, downtrend",watchlist,weekly_watchlist,watchlist,0.92,33.1,6.19,0.0,6.19,688
GODREJPROP.NS,Godrej Properties Limited,Real Estate,Real Estate,Real Estate,True,F&O,1,Failed Stage 2,Stage 4,Failed Stage 2,0.72,"This stock was recently Stage 2, but the latest structure no longer satisfies Stage 2 rules. It is kept as Failed Stage 2 until a fresh base/repair structure forms.",Recent Stage 2 break; public stage held as Failed Stage 2.,2026-09-30,2026-09-10,,Failed Stage 2,4.13,Weak,Volume Drying Up,Volume Drying Up (0.75x vs 10W Avg),-13.24,Underperformed Nifty by 13.24% in 3 Months,False,-13.24,0.66,1190735011.72,0.75,1.37,0.75,True,True,"Stage 4, Stage 4, weekly_vcp_ok, volume_dryup, weekly_volume_dryup, weekly_strong, flags=Loose Structure;Wide Risk;Low Liquidity, downtrend | Stage 2 failed state applied from stage memory.",watchlist,weekly_watchlist,watchlist,0.0,33.1,4.13,2.0,6.13,689
GRASIM.NS,Grasim Industries Limited,Building Materials,Basic Materials,Basic Materials,True,F&O,1,Failed Stage 2,Stage 1,Failed Stage 2,0.72,"This stock was recently Stage 2, but the latest structure no longer satisfies Stage 2 rules. It is kept as Failed Stage 2 until a fresh base/repair structure forms.",Recent Stage 2 break; public stage held as Failed Stage 2.,2026-09-30,2026-09-25,,Failed Stage 2,6.06,Neutral,Volume Drying Up,Volume Drying Up (0.83x vs 10W Avg),2.39,Outperformed Nifty by 2.39% in 3 Months,False,2.39,15.89,2612292308.14,0.71,0.48,0.83,True,True,"Stage 1, Stage 1, volume_dryup, weekly_volume_dryup, flags=Wider Risk;Low Liquidity, stage1_not_actionable, stage1_needs_more_base | Stage 2 failed state applied from stage memory.",watchlist,weekly_watchlist,watchlist,0.0,3.23,6.06,0.0,6.06,690
MUTHOOTFIN.NS,Muthoot Finance Limited,Credit Services,Financial Services,Financial Services,True,F&O,1,Stage 4,Stage 4,Stage 4,0.86,Price is below the 30-week trend and below long-term support structure.,,,,,Stage 4,3.89,Weak,Volume Drying Up,Volume Drying Up (0.66x vs 10W Avg),-5.96,Underperformed Nifty by 5.96% in 3 Months,False,-5.96,-16.14,1682056265.87,0.65,0.57,0.66,True,True,"Stage 4, Stage 4, weekly_vcp_ok, volume_dryup, weekly_volume_dryup, weekly_strong, flags=Wide Risk;Low Liquidity, downtrend",watchlist,weekly_watchlist,watchlist,0.0,32.0,3.89,2.0,5.89,691
KPITTECH.NS,KPIT Technologies Limited,Software - Infrastructure,Technology,Technology,True,F&O,1,Stage 4,Stage 4,Stage 4,0.86,Price is below the 30-week trend and below long-term support structure.,,,,,Stage 4,3.79,Weak,Volume Drying Up,Volume Drying Up (0.59x vs 10W Avg),-3.0,Underperformed Nifty by 3.0% in 3 Months,False,-3.0,-30.19,833213896.04,0.62,1.04,0.59,True,True,"Stage 4, Stage 4, weekly_vcp_ok, volume_dryup, weekly_volume_dryup, weekly_strong, flags=Wide Base;Wide Weekly Base;Wide Risk;Low Liquidity, downtrend",watchlist,weekly_watchlist,watchlist,0.0,32.0,3.79,2.0,5.79,692
RELAXO.NS,Relaxo Footwears Limited,Consumer Cyclical,Consumer Cyclical,Consumer Cyclical,False,Cash,1,Stage 4,Stage 4,Stage 4,0.86,Price is below the 30-week trend and below long-term support structure.,,,2026-08-18,,Stage 4,3.79,Weak,Volume Drying Up,Volume Drying Up (0.22x vs 10W Avg),-19.72,Underperformed Nifty by 19.72% in 3 Months,False,-19.72,6.52,77126043.67,1.22,0.5,0.22,False,True,"Stage 4, Stage 4, weekly_vcp_ok, weekly_volume_dryup, weekly_strong, flags=Wide Weekly Base;Loose Structure;Wide Risk;Low Liquidity, downtrend",watchlist,weekly_watchlist,watchlist,0.0,32.0,3.79,2.0,5.79,693
MAPMYINDIA.NS,C.E. Info Systems Limited,Software - Infrastructure,Technology,Technology,False,Cash,1,Stage 4,Stage 4,Stage 4,0.86,Price is below the 30-week trend and below long-term support structure.,,,,,Stage 4,3.79,Weak,Volume Drying Up,Volume Drying Up (0.49x vs 10W Avg),-2.33,Underperformed Nifty by 2.33% in 3 Months,False,-2.33,-3.46,179159450.07,1.01,0.55,0.49,False,True,"Stage 4, Stage 4, weekly_vcp_ok, weekly_volume_dryup, weekly_strong, flags=Wide Weekly Base;Loose Structure;Wide Risk;Low Liquidity, downtrend",watchlist,weekly_watchlist,watchlist,0.0,32.0,3.79,2.0,5.79,694
APTUS.NS,Aptus Value Housing Finance India Limited,Mortgage Finance,Financial Services,Financial Services,False,Cash,1,Stage 4,Stage 4,Stage 4,0.86,Price is below the 30-week trend and below long-term support structure.,,,,,Stage 4,5.72,Weak,Volume Normal,Volume Normal (1.50x vs 10W Avg),-11.75,Underperformed Nifty by 11.75% in 3 Months,False,-11.75,16.2,425248858.92,1.57,1.14,1.5,False,False,"Stage 4, Stage 4, weekly_vcp_ok, weekly_strong, flags=Loose Structure;Wide Risk;Low Liquidity, downtrend",watchlist,weekly_watchlist,watchlist,4.8,32.44,5.72,0.0,5.72,695
SHARDACROP.NS,Sharda Cropchem Limited,Agricultural Inputs,Basic Materials,Basic Materials,False,Cash,1,Stage 4,Stage 4,Stage 4,0.86,Price is below the 30-week trend and below long-term support structure.,,,,,Stage 4,5.71,Weak,Volume Drying Up,Volume Drying Up (0.62x vs 10W Avg),-13.77,Underperformed Nifty by 13.77% in 3 Months,False,-13.77,-21.35,74522057.54,0.62,0.44,0.62,True,True,"Stage 4, Stage 4, weekly_vcp_ok, volume_dryup, weekly_volume_dryup, weekly_strong, flags=Wide Weekly Base;Wider Risk;Low Liquidity, downtrend",watchlist,weekly_watchlist,watchlist,0.0,33.1,5.71,0.0,5.71,696
DEEPAKFERT.NS,Deepak Fertilizers and Petrochemicals Corporation Limited,Chemicals,Basic Materials,Basic Materials,False,Cash,1,Stage 3,Stage 3,Early,0.68,"Prior strength has shifted into a Stage 3 transition based on trend, relative strength, and volume evidence.",,,2026-09-01,,Stage 3 Early,0.71,Neutral,Volume Drying Up,Volume Drying Up (0.81x vs 10W Avg),-8.46,Underperformed Nifty by 8.46% in 3 Months,False,-8.46,36.83,324440121.26,0.71,2.27,0.81,True,True,"Stage 3, Early, volume_dryup, weekly_volume_dryup, flags=Wide Risk;Low Liquidity, distribution_or_weakening_risk",watchlist,weekly_watchlist,watchlist,0.0,0.0,0.71,5.0,5.71,697
BERGEPAINT.NS,Berger Paints (I) Limited,Specialty Chemicals,Basic Materials,Basic Materials,False,Cash,1,Stage 3,Stage 3,Early,0.68,"Prior strength has shifted into a Stage 3 transition based on trend, relative strength, and volume evidence.",,,,,Stage 3 Early,0.61,Weak,Volume Normal,Volume Normal (1.06x vs 10W Avg),-5.27,Underperformed Nifty by 5.27% in 3 Months,False,-5.27,5.46,178360983.9,1.32,0.88,1.06,False,False,"Stage 3, Early, flags=Low Liquidity, distribution_or_weakening_risk",watchlist,weekly_watchlist,watchlist,0.0,0.0,0.61,5.0,5.61,698
SWANCORP.NS,SWAN CORP LIMITED,Conglomerates,Industrials,Industrials,False,Cash,1,Stage 4,Stage 4,Stage 4,0.86,Price is below the 30-week trend and below long-term support structure.,,,,,Stage 4,5.57,Weak,Volume Drying Up,Volume Drying Up (0.31x vs 10W Avg),-9.17,Underperformed Nifty by 9.17% in 3 Months,False,-9.17,-11.87,1126007095.51,0.44,0.33,0.31,True,True,"Stage 4, Stage 4, weekly_vcp_ok, volume_dryup, weekly_volume_dryup, weekly_strong, flags=Wide Weekly Base;Wide Risk;Low Liquidity, downtrend",watchlist,weekly_watchlist,watchlist,0.0,33.1,5.57,0.0,5.57,699
GODFRYPHLP.NS,Godfrey Phillips India Limited,Consumer Defensive,Consumer Defensive,Consumer Defensive,True,F&O,1,Stage 4,Stage 4,Stage 4,0.86,Price is below the 30-week trend and below long-term support structure.,,,,,Stage 4,5.49,Weak,Volume Drying Up,Volume Drying Up (0.53x vs 10W Avg),-3.63,Underperformed Nifty by 3.63% in 3 Months,False,-3.63,-1.85,316205313.22,0.5,1.33,0.53,True,True,"Stage 4, Stage 4, weekly_vcp_ok, volume_dryup, weekly_volume_dryup, weekly_strong, flags=Wide Risk;Low Liquidity, downtrend",watchlist,weekly_watchlist,watchlist,0.0,32.0,5.49,0.0,5.49,700
TANLA.NS,Tanla Platforms Limited,Software - Application,Technology,Technology,False,Cash,1,Stage 4,Stage 4,Stage 4,0.86,Price is below the 30-week trend and below long-term support structure.,,,2026-08-25,,Stage 4,0.41,Neutral,Volume Drying Up,Volume Drying Up (0.29x vs 10W Avg),-2.83,Underperformed Nifty by 2.83% in 3 Months,False,-2.83,15.5,187900826.74,0.3,0.59,0.29,True,True,"Stage 4, Stage 4, volume_dryup, weekly_volume_dryup, flags=Wide Risk;Low Liquidity, downtrend",watchlist,weekly_watchlist,watchlist,7.59,0.0,0.41,5.0,5.41,701
XPROINDIA.NS,Xpro India Limited,Specialty Chemicals,Basic Materials,Basic Materials,False,Cash,1,Failed Stage 2,Stage 3,Failed Stage 2,0.72,"This stock was recently Stage 2, but the latest structure no longer satisfies Stage 2 rules. It is kept as Failed Stage 2 until a fresh base/repair structure forms.",Recent Stage 2 break; public stage held as Failed Stage 2.,2026-09-30,2026-09-15,,Failed Stage 2,0.41,Neutral,Volume Drying Up,Volume Drying Up (0.39x vs 10W Avg),-12.76,Underperformed Nifty by 12.76% in 3 Months,False,-12.76,12.77,104479715.23,0.4,0.22,0.39,True,True,"Stage 3, Late, weekly_vcp_ok, volume_dryup, weekly_volume_dryup, weekly_strong, flags=Loose Structure;Wide Risk;Low Liquidity, distribution_or_weakening_risk | Stage 2 failed state applied from stage memory.",watchlist,weekly_watchlist,watchlist,0.0,34.2,0.41,5.0,5.41,702
CHEMPLASTS.NS,Chemplast Sanmar Limited,Chemicals,Basic Materials,Basic Materials,False,Cash,1,Stage 4,Stage 4,Stage 4,0.86,Price is below the 30-week trend and below long-term support structure.,,,,,Stage 4,0.21,Weak,Volume Drying Up,Volume Drying Up (0.34x vs 10W Avg),-3.51,Underperformed Nifty by 3.51% in 3 Months,False,-3.51,-27.85,302343232.39,1.24,0.24,0.34,False,True,"Stage 4, Stage 4, weekly_volume_dryup, flags=Wider Risk;Low Liquidity, downtrend",watchlist,weekly_watchlist,watchlist,0.67,0.2,0.21,5.0,5.21,703
TATAINVEST.NS,Tata Investment Corporation Limited,Asset Management,Financial Services,Financial Services,False,Cash,1,Stage 4,Stage 4,Stage 4,0.86,Price is below the 30-week trend and below long-term support structure.,,,,,Stage 4,5.2,Weak,Volume Drying Up,Volume Drying Up (0.33x vs 10W Avg),0.15,Outperformed Nifty by 0.15% in 3 Months,False,0.15,3.74,1684525465.83,0.83,0.19,0.33,True,True,"Stage 4, Stage 4, weekly_vcp_ok, volume_dryup, weekly_volume_dryup, weekly_strong, flags=Wide Risk;Low Liquidity, downtrend",watchlist,weekly_watchlist,watchlist,0.0,33.49,5.2,0.0,5.2,704
ABFRL.NS,Aditya Birla Fashion and Retail Limited,Apparel Manufacturing,Consumer Cyclical,Consumer Cyclical,False,Cash,1,Stage 4,Stage 4,Stage 4,0.86,Price is below the 30-week trend and below long-term support structure.,,,,,Stage 4,5.17,Weak,Volume Drying Up,Volume Normal (1.10x vs 10W Avg),-19.0,Underperformed Nifty by 19.0% in 3 Months,False,-19.0,-20.96,233374055.26,0.76,0.88,1.1,True,False,"Stage 4, Stage 4, weekly_vcp_ok, volume_dryup, weekly_strong, flags=Loose Structure;Wide Risk;Low Liquidity, downtrend",watchlist,weekly_watchlist,watchlist,3.68,32.0,5.17,0.0,5.17,705
SOBHA.NS,Sobha Limited,Real Estate,Real Estate,Real Estate,False,Cash,1,Stage 4,Stage 4,Stage 4,0.86,Price is below the 30-week trend and below long-term support structure.,,,,,Stage 4,3.17,Weak,Volume Drying Up,Volume Drying Up (0.51x vs 10W Avg),-9.01,Underperformed Nifty by 9.01% in 3 Months,False,-9.01,-1.46,96811192.38,0.84,1.55,0.51,True,True,"Stage 4, Stage 4, weekly_vcp_ok, volume_dryup, weekly_volume_dryup, weekly_strong, flags=Low Liquidity, downtrend",watchlist,weekly_watchlist,watchlist,0.0,30.2,3.17,2.0,5.17,706
MASTEK.NS,Mastek Limited,Information Technology Services,Technology,Technology,False,Cash,1,Stage 4,Stage 4,Stage 4,0.66,Price is below weekly structure.,,,,,Stage 4,5.1,Neutral,Volume Drying Up,Volume Drying Up (0.41x vs 10W Avg),5.5,Outperformed Nifty by 5.5% in 3 Months,False,5.5,1.69,165670405.15,0.37,0.42,0.41,True,True,"Stage 4, Stage 4, weekly_vcp_ok, volume_dryup, weekly_volume_dryup, weekly_strong, flags=Wide Weekly Base;Wide Risk;Low Liquidity, downtrend",watchlist,weekly_watchlist,watchlist,0.0,33.82,5.1,0.0,5.1,707
CEMPRO.NS,Cemindia Projects Limited,Engineering & Construction,Industrials,Industrials,False,Cash,1,Failed Stage 2,Stage 3,Failed Stage 2,0.72,"This stock was recently Stage 2, but the latest structure no longer satisfies Stage 2 rules. It is kept as Failed Stage 2 until a fresh base/repair structure forms.",Recent Stage 2 break; public stage held as Failed Stage 2.,2026-09-30,2026-09-24,,Failed Stage 2,5.04,Weak,Volume Drying Up,Volume Drying Up (0.38x vs 10W Avg),-14.84,Underperformed Nifty by 14.84% in 3 Months,False,-14.84,111.33,290242563.3,0.46,1.13,0.38,True,True,"Stage 3, Early, volume_dryup, weekly_volume_dryup, flags=Wide Base;Loose Structure;Wide Risk;Low Liquidity, distribution_or_weakening_risk | Stage 2 failed state applied from stage memory.",watchlist,weekly_watchlist,watchlist,16.2,1.8,5.04,0.0,5.04,708
GRMOVER.NS,GRM Overseas Limited,Packaged Foods,Consumer Defensive,Consumer Defensive,False,Cash,1,Stage 4,Stage 4,Stage 4,0.86,Price is below the 30-week trend and below long-term support structure.,,,,,Stage 4,5.0,Weak,Volume Normal,Volume Normal (0.90x vs 10W Avg),-13.99,Underperformed Nifty by 13.99% in 3 Months,False,-13.99,-54.06,86477357.08,0.92,0.85,0.9,False,True,"Stage 4, Stage 4, weekly_vcp_ok, weekly_volume_dryup, weekly_strong, flags=Wide Base;Wide Weekly Base;Wide Risk;Low Liquidity, downtrend",watchlist,weekly_watchlist,watchlist,3.22,32.0,5.0,0.0,5.0,709
GMDCLTD.NS,Gujarat Mineral Development Corporation Limited,Energy,Energy,Energy,False,Cash,1,Stage 4,Stage 4,Stage 4,0.66,Price is below weekly structure.,,,,,Stage 4,0.0,Weak,Volume Drying Up,Volume Drying Up (0.60x vs 10W Avg),-6.85,Underperformed Nifty by 6.85% in 3 Months,False,-6.85,-14.23,515231711.05,0.6,0.76,0.6,True,True,"Stage 4, Stage 4, volume_dryup, weekly_volume_dryup, flags=Wide Risk;Low Liquidity, downtrend",watchlist,weekly_watchlist,watchlist,9.6,0.2,0.0,5.0,5.0,710
VTL.NS,Vardhman Textiles Limited,Textile Manufacturing,Consumer Cyclical,Consumer Cyclical,False,Cash,1,Stage 4,Stage 4,Stage 4,0.66,Price is below weekly structure.,,,2026-08-27,,Stage 4,0.0,Weak,Volume Drying Up,Volume Normal (0.91x vs 10W Avg),-11.74,Underperformed Nifty by 11.74% in 3 Months,False,-11.74,-2.76,204067174.89,0.57,0.52,0.91,True,False,"Stage 4, Stage 4, volume_dryup, flags=Wide Risk;Low Liquidity, downtrend",watchlist,weekly_watchlist,watchlist,7.8,0.2,0.0,5.0,5.0,711
JBMA.NS,JBM Auto Limited,Auto Parts,Consumer Cyclical,Consumer Cyclical,False,Cash,1,Stage 4,Stage 4,Stage 4,0.66,Price is below weekly structure.,,,2026-08-28,,Stage 4,0.0,Weak,Volume Drying Up,Volume Drying Up (0.34x vs 10W Avg),-12.72,Underperformed Nifty by 12.72% in 3 Months,False,-12.72,-1.84,154527814.26,0.45,0.34,0.34,True,True,"Stage 4, Stage 4, volume_dryup, weekly_volume_dryup, flags=Wide Risk;Low Liquidity, downtrend",watchlist,weekly_watchlist,watchlist,5.05,0.0,0.0,5.0,5.0,712
FIEMIND.NS,Fiem Industries Limited,Auto Parts,Consumer Cyclical,Consumer Cyclical,False,Cash,1,Stage 4,Stage 4,Stage 4,0.86,Price is below the 30-week trend and below long-term support structure.,,,2026-08-17,,Stage 4,0.0,Weak,Volume Drying Up,Volume Drying Up (0.73x vs 10W Avg),-8.05,Underperformed Nifty by 8.05% in 3 Months,False,-8.05,-7.25,113379916.5,0.74,1.41,0.73,True,True,"Stage 4, Stage 4, weekly_vcp_ok, volume_dryup, weekly_volume_dryup, weekly_strong, flags=Loose Structure;Wide Risk;Low Liquidity, downtrend",watchlist,weekly_watchlist,watchlist,3.03,31.3,0.0,5.0,5.0,713
TMPV.NS,Tata Motors Passenger Vehicles Limited,Auto Manufacturers,Consumer Cyclical,Consumer Cyclical,True,F&O,1,Stage 4,Stage 4,Stage 4,0.86,Price is below the 30-week trend and below long-term support structure.,,,,,Stage 4,0.0,Weak,Volume Expanding,Volume Expanding (1.71x vs 10W Avg),-11.51,Underperformed Nifty by 11.51% in 3 Months,False,-11.51,-8.7,3010526952.73,1.35,1.22,1.71,False,False,"Stage 4, Stage 4, flags=Wide Risk;Low Liquidity, downtrend",watchlist,weekly_watchlist,watchlist,2.3,0.0,0.0,5.0,5.0,714
ADVENZYMES.NS,Advanced Enzyme Technologies Limited,Specialty Chemicals,Basic Materials,Basic Materials,False,Cash,1,Stage 4,Stage 4,Stage 4,0.66,Price is below weekly structure.,,,2026-07-21,,Stage 4,0.0,Weak,Volume Drying Up,Volume Drying Up (0.68x vs 10W Avg),-5.56,Underperformed Nifty by 5.56% in 3 Months,False,-5.56,-0.79,60510397.87,0.81,0.57,0.68,True,True,"Stage 4, Stage 4, volume_dryup, weekly_volume_dryup, flags=Wider Risk;Low Liquidity, downtrend",watchlist,weekly_watchlist,watchlist,2.08,0.0,0.0,5.0,5.0,715
MARUTI.NS,Maruti Suzuki India Limited,Auto Manufacturers,Consumer Cyclical,Consumer Cyclical,True,F&O,1,Stage 4,Stage 4,Stage 4,0.86,Price is below the 30-week trend and below long-term support structure.,,,,,Stage 4,0.0,Weak,Volume Normal,Volume Normal (1.05x vs 10W Avg),-9.59,Underperformed Nifty by 9.59% in 3 Months,False,-9.59,-6.85,4361518368.5,0.99,1.23,1.05,False,False,"Stage 4, Stage 4, flags=Wide Risk;Low Liquidity, downtrend",watchlist,weekly_watchlist,watchlist,1.79,0.0,0.0,5.0,5.0,716
VINATIORGA.NS,Vinati Organics Limited,Specialty Chemicals,Basic Materials,Basic Materials,False,Cash,1,Stage 4,Stage 4,Stage 4,0.86,Price is below the 30-week trend and below long-term support structure.,,,,,Stage 4,0.0,Weak,Volume Drying Up,Volume Drying Up (0.81x vs 10W Avg),-5.66,Underperformed Nifty by 5.66% in 3 Months,False,-5.66,-10.11,77039469.22,1.24,0.88,0.81,False,True,"Stage 4, Stage 4, weekly_vcp_ok, weekly_volume_dryup, weekly_strong, flags=Wide Risk;Low Liquidity, downtrend",watchlist,weekly_watchlist,watchlist,0.0,31.3,0.0,5.0,5.0,717
INDIAMART.NS,Indiamart Intermesh Limited,Communication Services,Communication Services,Communication Services,False,Cash,1,Stage 4,Stage 4,Stage 4,0.86,Price is below the 30-week trend and below long-term support structure.,,,,,Stage 4,0.0,Weak,Volume Drying Up,Volume Drying Up (0.50x vs 10W Avg),-6.98,Underperformed Nifty by 6.98% in 3 Months,False,-6.98,-19.68,189590578.98,1.13,1.07,0.5,False,True,"Stage 4, Stage 4, weekly_vcp_ok, weekly_volume_dryup, weekly_strong, flags=Wide Risk;Low Liquidity, downtrend",watchlist,weekly_watchlist,watchlist,0.0,31.3,0.0,5.0,5.0,718
TIRUMALCHM.NS,Thirumalai Chemicals Limited,Specialty Chemicals,Basic Materials,Basic Materials,False,Cash,1,Stage 4,Stage 4,Stage 4,0.86,Price is below the 30-week trend and below long-term support structure.,,,,,Stage 4,0.0,Weak,Volume Drying Up,Volume Drying Up (0.57x vs 10W Avg),-9.32,Underperformed Nifty by 9.32% in 3 Months,False,-9.32,-13.89,70867389.09,0.94,0.4,0.57,False,True,"Stage 4, Stage 4, weekly_vcp_ok, weekly_volume_dryup, weekly_strong, flags=Wide Risk;Low Liquidity, downtrend",watchlist,weekly_watchlist,watchlist,0.0,31.3,0.0,5.0,5.0,719
AURIONPRO.NS,Aurionpro Solutions Limited,Software - Application,Technology,Technology,False,Cash,1,Stage 4,Stage 4,Stage 4,0.86,Price is below the 30-week trend and below long-term support structure.,,,,,Stage 4,0.0,Weak,Volume Drying Up,Volume Drying Up (0.63x vs 10W Avg),-20.87,Underperformed Nifty by 20.87% in 3 Months,False,-20.87,-22.72,85947811.98,0.61,0.76,0.63,True,True,"Stage 4, Stage 4, weekly_vcp_ok, volume_dryup, weekly_volume_dryup, weekly_strong, flags=Loose Structure;Wide Risk;Low Liquidity, downtrend",watchlist,weekly_watchlist,watchlist,0.0,30.2,0.0,5.0,5.0,720
ROSSARI.NS,Rossari Biotech Limited,Specialty Chemicals,Basic Materials,Basic Materials,False,Cash,1,Stage 4,Stage 4,Stage 4,0.86,Price is below the 30-week trend and below long-term support structure.,,,,,Stage 4,0.0,Weak,Volume Drying Up,Volume Drying Up (0.65x vs 10W Avg),-14.42,Underperformed Nifty by 14.42% in 3 Months,False,-14.42,-7.08,30766477.75,0.81,0.93,0.65,True,True,"Stage 4, Stage 4, weekly_vcp_ok, volume_dryup, weekly_volume_dryup, flags=Wide Weekly Base;Wide Risk;Low Liquidity, downtrend",watchlist,weekly_watchlist,watchlist,0.0,18.3,0.0,5.0,5.0,721
ZOTA.NS,Zota Health Care LImited,Biotechnology,Healthcare,Healthcare,False,Cash,1,Stage 3,Stage 3,Late,0.76,"Prior strength has shifted into a Stage 3 transition based on trend, relative strength, and volume evidence.",,,,,Stage 3 Late,0.0,Neutral,Volume Drying Up,Volume Drying Up (0.55x vs 10W Avg),-2.0,Underperformed Nifty by 2.0% in 3 Months,False,-2.0,12.17,153303292.33,2.06,0.41,0.55,False,True,"Stage 3, Late, weekly_volume_dryup, flags=Wide Risk;Low Liquidity, distribution_or_weakening_risk",watchlist,weekly_watchlist,watchlist,0.0,7.02,0.0,5.0,5.0,722
KERNEX.NS,Kernex Microsystems (India) Limited,Software - Application,Technology,Technology,False,Cash,1,Stage 3,Stage 3,Late,0.76,"Prior strength has shifted into a Stage 3 transition based on trend, relative strength, and volume evidence.",,,2026-08-14,,Stage 3 Late,0.0,Weak,Volume Drying Up,Volume Drying Up (0.43x vs 10W Avg),-23.04,Underperformed Nifty by 23.04% in 3 Months,False,-23.04,59.12,323060709.46,0.41,1.06,0.43,True,True,"Stage 3, Late, volume_dryup, weekly_volume_dryup, flags=Wide Base;Wide Weekly Base;Loose Structure;Wide Risk;Low Liquidity, distribution_or_weakening_risk",watchlist,weekly_watchlist,watchlist,0.0,5.21,0.0,5.0,5.0,723
BHARATFORG.NS,Bharat Forge Limited,Auto Parts,Consumer Cyclical,Consumer Cyclical,True,F&O,1,Stage 3,Stage 3,Late,0.76,"Prior strength has shifted into a Stage 3 transition based on trend, relative strength, and volume evidence.",,,2026-09-03,,Stage 3 Late,0.0,Neutral,Volume Normal,Volume Normal (0.89x vs 10W Avg),-3.15,Underperformed Nifty by 3.15% in 3 Months,False,-3.15,14.29,1774820117.95,0.89,1.2,0.89,False,True,"Stage 3, Late, weekly_volume_dryup, flags=Wide Risk;Low Liquidity, distribution_or_weakening_risk",watchlist,weekly_watchlist,watchlist,0.0,0.0,0.0,5.0,5.0,724
ZFCVINDIA.NS,ZF Commercial Vehicle Control Systems India Limited,Auto Parts,Consumer Cyclical,Consumer Cyclical,False,Cash,1,Stage 1,Stage 1,Stage 1,0.64,Price is building a base around long-term weekly structure without a confirmed advancing phase.,,,2026-08-27,,Stage 1,0.0,Neutral,Volume Drying Up,Volume Drying Up (0.82x vs 10W Avg),4.53,Outperformed Nifty by 4.53% in 3 Months,False,4.53,1.79,229672974.3,1.23,1.37,0.82,False,True,"Stage 1, Stage 1, weekly_volume_dryup, flags=Wide Risk;Low Liquidity, stage1_not_actionable, stage1_needs_more_base",watchlist,weekly_watchlist,watchlist,0.0,0.0,0.0,5.0,5.0,725
TATAELXSI.NS,Tata Elxsi Limited,Software - Application,Technology,Technology,True,F&O,1,Stage 4,Stage 4,Stage 4,0.86,Price is below the 30-week trend and below long-term support structure.,,,,,Stage 4,0.0,Weak,Volume Normal,Volume Normal (1.07x vs 10W Avg),-8.77,Underperformed Nifty by 8.77% in 3 Months,False,-8.77,-29.14,759341395.68,1.09,1.72,1.07,False,False,"Stage 4, Stage 4, flags=Wide Risk;Low Liquidity, downtrend",watchlist,weekly_watchlist,watchlist,0.0,0.0,0.0,5.0,5.0,726
KFINTECH.NS,Kfin Technologies Limited,Software - Application,Technology,Technology,True,F&O,1,Stage 4,Stage 4,Stage 4,0.86,Price is below the 30-week trend and below long-term support structure.,,,,,Stage 4,0.0,Weak,Volume Drying Up,Volume Drying Up (0.65x vs 10W Avg),3.32,Outperformed Nifty by 3.32% in 3 Months,False,3.32,-7.43,456604998.11,0.57,0.63,0.65,True,True,"Stage 4, Stage 4, volume_dryup, weekly_volume_dryup, flags=Wider Risk;Low Liquidity, downtrend",watchlist,weekly_watchlist,watchlist,0.0,0.0,0.0,5.0,5.0,727
INDIAGLYCO.NS,India Glycols Limited,Chemicals,Basic Materials,Basic Materials,False,Cash,1,Stage 4,Stage 4,Stage 4,0.86,Price is below the 30-week trend and below long-term support structure.,,,2026-09-01,,Stage 4,0.0,Weak,Volume Expanding,Volume Expanding (4.17x vs 10W Avg),-64.55,Underperformed Nifty by 64.55% in 3 Months,False,-64.55,-66.97,204542469.5,2.82,0.53,4.17,False,False,"Stage 4, Stage 4, flags=Wide Base;Wide Weekly Base;Loose Structure;Wide Risk;Circuit Risk;Corporate Action Check;Low Liquidity, downtrend",watchlist,weekly_watchlist,watchlist,0.0,0.0,0.0,5.0,5.0,728
ACI.NS,Archean Chemical Industries Limited,Chemicals,Basic Materials,Basic Materials,False,Cash,1,Stage 4,Stage 4,Stage 4,0.86,Price is below the 30-week trend and below long-term support structure.,,,,,Stage 4,0.0,Weak,Volume Drying Up,Volume Drying Up (0.80x vs 10W Avg),-1.51,Underperformed Nifty by 1.51% in 3 Months,False,-1.51,-16.36,164066452.77,0.83,0.55,0.8,True,True,"Stage 4, Stage 4, volume_dryup, weekly_volume_dryup, flags=Wide Risk;Low Liquidity, downtrend",watchlist,weekly_watchlist,watchlist,0.0,0.0,0.0,5.0,5.0,729
STYRENIX.NS,Styrenix Performance Materials Limited,Chemicals,Basic Materials,Basic Materials,False,Cash,1,Stage 3,Stage 3,Early,0.68,"Prior strength has shifted into a Stage 3 transition based on trend, relative strength, and volume evidence.",,,2026-08-11,,Stage 3 Early,0.0,Weak,Volume Drying Up,Volume Drying Up (0.49x vs 10W Avg),-4.09,Underperformed Nifty by 4.09% in 3 Months,False,-4.09,5.83,66195250.1,0.49,0.62,0.49,True,True,"Stage 3, Early, volume_dryup, weekly_volume_dryup, flags=Wider Risk;Low Liquidity, distribution_or_weakening_risk",watchlist,weekly_watchlist,watchlist,0.0,0.0,0.0,5.0,5.0,730
NAVNETEDUL.NS,Navneet Education Limited,Communication Services,Communication Services,Communication Services,False,Cash,1,Stage 4,Stage 4,Stage 4,0.66,Price is below weekly structure.,,,,,Stage 4,0.0,Weak,Volume Drying Up,Volume Drying Up (0.57x vs 10W Avg),-11.57,Underperformed Nifty by 11.57% in 3 Months,False,-11.57,-8.85,12949060.45,0.61,0.76,0.57,True,True,"Stage 4, Stage 4, volume_dryup, weekly_volume_dryup, flags=Wide Risk;Low Liquidity, downtrend",watchlist,weekly_watchlist,watchlist,0.0,0.0,0.0,5.0,5.0,731
SANDHAR.NS,Sandhar Technologies Limited,Auto Parts,Consumer Cyclical,Consumer Cyclical,False,Cash,1,Failed Stage 2,Stage 3,Failed Stage 2,0.72,"This stock was recently Stage 2, but the latest structure no longer satisfies Stage 2 rules. It is kept as Failed Stage 2 until a fresh base/repair structure forms.",Recent Stage 2 break; public stage held as Failed Stage 2.,2026-09-30,2026-09-23,,Failed Stage 2,0.0,Weak,Volume Drying Up,Volume Drying Up (0.55x vs 10W Avg),-7.42,Underperformed Nifty by 7.42% in 3 Months,False,-7.42,23.48,69118680.37,0.5,0.89,0.55,True,True,"Stage 3, Early, volume_dryup, weekly_volume_dryup, flags=Wide Risk;Low Liquidity, distribution_or_weakening_risk | Stage 2 failed state applied from stage memory.",watchlist,weekly_watchlist,watchlist,0.0,0.0,0.0,5.0,5.0,732
BOMDYEING.NS,Bombay Dyeing & Mfg Company Limited,Textile Manufacturing,Consumer Cyclical,Consumer Cyclical,False,Cash,1,Stage 4,Stage 4,Stage 4,0.86,Price is below the 30-week trend and below long-term support structure.,,,,,Stage 4,0.0,Weak,Volume Drying Up,Volume Drying Up (0.44x vs 10W Avg),-9.89,Underperformed Nifty by 9.89% in 3 Months,False,-9.89,2.57,49296438.89,0.59,0.36,0.44,True,True,"Stage 4, Stage 4, volume_dryup, weekly_volume_dryup, flags=Wide Risk;Low Liquidity, downtrend",watchlist,weekly_watchlist,watchlist,0.0,0.0,0.0,5.0,5.0,733
LICI.NS,Life Insurance Corporation Of India,Insurance - Life,Financial Services,Financial Services,True,F&O,1,Not Sure,Stage 1,Pending Stage 1,0.55,Blocked public stage jump Stage 3 -> Stage 1; waiting for intermediate/confirmed structure.,Blocked public stage jump Stage 3 -> Stage 1; waiting for intermediate/confirmed structure.,,,Stage 1,Not Sure - Unclear,4.81,Neutral,Volume Drying Up,Volume Drying Up (0.83x vs 10W Avg),-1.1,Underperformed Nifty by 1.1% in 3 Months,False,-1.1,7.55,2804361129.49,0.67,0.77,0.83,True,True,"Stage 1, Stage 1, volume_dryup, weekly_volume_dryup, flags=Wide Risk;Low Liquidity, stage1_not_actionable, stage1_needs_more_base | Blocked public stage jump Stage 3 -> Stage 1; waiting for intermediate/confirmed structure.",watchlist,weekly_watchlist,watchlist,8.99,0.0,4.81,0.0,4.81,734
BANARISUG.NS,Bannari Amman Sugars Limited,Consumer Defensive,Consumer Defensive,Consumer Defensive,False,Cash,1,Stage 1,Stage 1,Stage 1,0.64,Price is building a base around long-term weekly structure without a confirmed advancing phase.,,,2026-08-20,,Stage 1,4.81,Weak,Volume Drying Up,Volume Drying Up (0.42x vs 10W Avg),1.88,Outperformed Nifty by 1.88% in 3 Months,False,1.88,-10.26,4669531.14,0.3,0.06,0.42,True,True,"Stage 1, Stage 1, weekly_vcp_ok, volume_dryup, weekly_volume_dryup, flags=Wide Risk;Low Liquidity, stage1_not_actionable, stage1_needs_more_base",watchlist,weekly_watchlist,watchlist,0.0,26.3,4.81,0.0,4.81,735
AWL.NS,AWL Agri Business Limited,Packaged Foods,Consumer Defensive,Consumer Defensive,False,Cash,1,Stage 4,Stage 4,Stage 4,0.86,Price is below the 30-week trend and below long-term support structure.,,,,,Stage 4,4.66,Weak,Volume Normal,Volume Normal (1.21x vs 10W Avg),-0.06,Underperformed Nifty by 0.06% in 3 Months,False,-0.06,-1.55,347354964.54,0.92,0.3,1.21,False,False,"Stage 4, Stage 4, weekly_vcp_ok, weekly_strong, flags=Wide Weekly Base;Wide Risk;Low Liquidity, downtrend",watchlist,weekly_watchlist,watchlist,2.32,32.0,4.66,0.0,4.66,736
IMFA.NS,Indian Metals & Ferro Alloys Limited,Basic Materials,Basic Materials,Basic Materials,False,Cash,1,Stage 4,Stage 4,Stage 4,0.66,Price is below weekly structure.,,,2026-08-27,,Stage 4,4.57,Weak,Volume Drying Up,Volume Drying Up (0.46x vs 10W Avg),-5.17,Underperformed Nifty by 5.17% in 3 Months,False,-5.17,-10.22,106026322.31,0.51,0.65,0.46,True,True,"Stage 4, Stage 4, weekly_vcp_ok, volume_dryup, weekly_volume_dryup, weekly_strong, flags=Wide Risk;Low Liquidity, downtrend",watchlist,weekly_watchlist,watchlist,0.0,33.1,4.57,0.0,4.57,737
SBIN.NS,State Bank of India,Banks - Regional,Financial Services,Financial Services,True,F&O,1,Stage 1,Stage 1,Stage 1,0.64,Price is building a base around long-term weekly structure without a confirmed advancing phase.,,,2026-08-31,,Stage 1,2.52,Weak,Volume Normal,Volume Normal (1.41x vs 10W Avg),-0.74,Underperformed Nifty by 0.74% in 3 Months,False,-0.74,-6.5,7942263384.16,1.02,1.03,1.41,False,False,"Stage 1, Stage 1, weekly_vcp_ok, weekly_strong, flags=Wide Risk;Low Liquidity, stage1_not_actionable, stage1_needs_more_base",watchlist,weekly_watchlist,watchlist,6.51,38.2,2.52,2.0,4.52,738
BLUESTARCO.NS,Blue Star Limited,Building Products & Equipment,Industrials,Industrials,True,F&O,1,Stage 4,Stage 4,Stage 4,0.66,Price is below weekly structure.,,,,,Stage 4,4.35,Neutral,Volume Normal,Volume Normal (1.48x vs 10W Avg),2.27,Outperformed Nifty by 2.27% in 3 Months,False,2.27,-2.27,1014061948.59,1.16,1.13,1.48,False,False,"Stage 4, Stage 4, weekly_vcp_ok, weekly_strong, flags=Low Liquidity, downtrend",watchlist,weekly_watchlist,watchlist,0.0,31.3,4.35,0.0,4.35,739
SAMMAANCAP.NS,Sammaan Capital Limited,Mortgage Finance,Financial Services,Financial Services,True,F&O,1,Stage 4,Stage 4,Stage 4,0.66,Price is below weekly structure.,,,2026-08-13,,Stage 4,4.32,Weak,Volume Drying Up,Volume Drying Up (0.58x vs 10W Avg),-15.9,Underperformed Nifty by 15.9% in 3 Months,False,-15.9,-7.25,649038005.24,0.58,0.84,0.58,True,True,"Stage 4, Stage 4, weekly_vcp_ok, volume_dryup, weekly_volume_dryup, weekly_strong, flags=Wide Risk;Low Liquidity, downtrend",watchlist,weekly_watchlist,watchlist,0.0,33.1,4.32,0.0,4.32,740
ECLERX.NS,eClerx Services Limited,Information Technology Services,Technology,Technology,False,Cash,1,Stage 3,Stage 3,Early,0.68,"Prior strength has shifted into a Stage 3 transition based on trend, relative strength, and volume evidence.",,,,,Stage 3 Early,4.07,Very Strong,Volume Drying Up,Volume Drying Up (0.65x vs 10W Avg),28.33,Outperformed Nifty by 28.33% in 3 Months,False,28.33,20.49,290402529.91,0.74,0.88,0.65,True,True,"Stage 3, Early, volume_dryup, weekly_volume_dryup, flags=Wide Risk;Low Liquidity, distribution_or_weakening_risk",watchlist,weekly_watchlist,watchlist,0.0,0.0,4.07,0.0,4.07,741
SRF.NS,SRF Limited,Conglomerates,Industrials,Industrials,True,F&O,1,Stage 4,Stage 4,Stage 4,0.66,Price is below weekly structure.,,,,,Stage 4,4.02,Weak,Volume Drying Up,Volume Drying Up (0.55x vs 10W Avg),-5.69,Underperformed Nifty by 5.69% in 3 Months,False,-5.69,2.09,535712478.75,0.75,1.38,0.55,True,True,"Stage 4, Stage 4, volume_dryup, weekly_volume_dryup, flags=Wider Risk;Low Liquidity, downtrend",watchlist,weekly_watchlist,watchlist,4.96,0.0,4.02,0.0,4.02,742
HEXT.NS,Hexaware Technologies Limited,Information Technology Services,Technology,Technology,False,Cash,1,Stage 4,Stage 4,Stage 4,0.86,Price is below the 30-week trend and below long-term support structure.,,,,,Stage 4,4.02,Neutral,Volume Drying Up,Volume Drying Up (0.22x vs 10W Avg),-0.97,Underperformed Nifty by 0.97% in 3 Months,False,-0.97,8.42,155739278.17,0.26,0.4,0.22,True,True,"Stage 4, Stage 4, weekly_vcp_ok, volume_dryup, weekly_volume_dryup, weekly_strong, flags=Wide Weekly Base;Wide Risk;Low Liquidity, downtrend",watchlist,weekly_watchlist,watchlist,0.0,32.74,4.02,0.0,4.02,743
SHREECEM.NS,SHREE CEMENT LIMITED,Building Materials,Basic Materials,Basic Materials,True,F&O,1,Stage 4,Stage 4,Stage 4,0.86,Price is below the 30-week trend and below long-term support structure.,,,,,Stage 4,4.01,Weak,Volume Expanding,Volume Expanding (4.44x vs 10W Avg),-9.07,Underperformed Nifty by 9.07% in 3 Months,False,-9.07,-5.35,872200622.5,2.01,0.57,4.44,False,False,"Stage 4, Stage 4, weekly_vcp_ok, weekly_strong, flags=Wide Risk;Low Liquidity, downtrend",watchlist,weekly_watchlist,watchlist,0.0,32.0,4.01,0.0,4.01,744
CAMS.NS,Computer Age Management Services Limited,Information Technology Services,Technology,Technology,True,F&O,1,Stage 4,Stage 4,Stage 4,0.66,Price is below weekly structure.,,,2026-08-31,,Stage 4,3.95,Weak,Volume Normal,Volume Normal (1.07x vs 10W Avg),-7.42,Underperformed Nifty by 7.42% in 3 Months,False,-7.42,-0.71,774370369.41,0.95,1.48,1.07,False,False,"Stage 4, Stage 4, weekly_vcp_ok, weekly_strong, flags=Wide Risk;Low Liquidity, downtrend",watchlist,weekly_watchlist,watchlist,0.0,30.0,3.95,0.0,3.95,745
TSFINV.NS,TSF INVESTMENTS LIMITED,Asset Management,Financial Services,Financial Services,False,Cash,1,Stage 1,Stage 1,Stage 1,0.64,Price is building a base around long-term weekly structure without a confirmed advancing phase.,,,,,Stage 1,3.95,Neutral,Volume Expanding,Volume Expanding (2.50x vs 10W Avg),-1.93,Underperformed Nifty by 1.93% in 3 Months,False,-1.93,19.47,45108004.68,1.7,0.7,2.5,False,False,"Stage 1, Stage 1, flags=Wider Risk;Low Liquidity, stage1_not_actionable, stage1_needs_more_base",watchlist,weekly_watchlist,watchlist,0.0,4.35,3.95,0.0,3.95,746
SIGNATURE.NS,Signatureglobal (India) Limited,Real Estate,Real Estate,Real Estate,False,Cash,1,Stage 4,Stage 4,Stage 4,0.86,Price is below the 30-week trend and below long-term support structure.,,,,,Stage 4,1.9,Weak,Volume Expanding,Volume Expanding (2.72x vs 10W Avg),2.77,Outperformed Nifty by 2.77% in 3 Months,False,2.77,-4.28,262712898.74,1.77,1.13,2.72,False,False,"Stage 4, Stage 4, weekly_vcp_ok, flags=Wide Weekly Base;Wide Risk, downtrend",watchlist,weekly_watchlist,watchlist,6.14,18.3,1.9,2.0,3.9,747
HCLTECH.NS,HCL Technologies Limited,Information Technology Services,Technology,Technology,True,F&O,1,Stage 4,Stage 4,Stage 4,0.66,Price is below weekly structure.,,,,,Stage 4,3.83,Strong,Volume Expanding,Volume Normal (1.21x vs 10W Avg),16.35,Outperformed Nifty by 16.35% in 3 Months,False,16.35,-13.45,3063922348.1,1.11,1.87,1.21,False,False,"Stage 4, Stage 4, flags=Wide Risk;Low Liquidity, downtrend",watchlist,weekly_watchlist,watchlist,8.48,0.0,3.83,0.0,3.83,748
MFSL.NS,Max Financial Services Limited,Insurance - Life,Financial Services,Financial Services,True,F&O,1,Stage 4,Stage 4,Stage 4,0.86,Price is below the 30-week trend and below long-term support structure.,,,,,Stage 4,3.79,Weak,Volume Expanding,Volume Expanding (3.70x vs 10W Avg),-6.37,Underperformed Nifty by 6.37% in 3 Months,False,-6.37,-9.19,1856565565.38,2.13,0.94,3.7,False,False,"Stage 4, Stage 4, weekly_vcp_ok, weekly_strong, flags=Wide Risk;Low Liquidity, downtrend",watchlist,weekly_watchlist,watchlist,0.0,32.0,3.79,0.0,3.79,749
KEC.NS,KEC International Limited,Engineering & Construction,Industrials,Industrials,False,Cash,1,Stage 4,Stage 4,Stage 4,0.86,Price is below the 30-week trend and below long-term support structure.,,,,,Stage 4,3.79,Weak,Volume Drying Up,Volume Drying Up (0.62x vs 10W Avg),-17.69,Underperformed Nifty by 17.69% in 3 Months,False,-17.69,-29.46,436958232.26,0.74,0.67,0.62,True,True,"Stage 4, Stage 4, weekly_vcp_ok, volume_dryup, weekly_volume_dryup, weekly_strong, flags=Loose Structure;Wide Risk;Low Liquidity, downtrend",watchlist,weekly_watchlist,watchlist,0.0,32.0,3.79,0.0,3.79,750
TTML.NS,Tata Teleservices (Maharashtra) Limited,Telecom Services,Communication Services,Communication Services,False,Cash,1,Stage 4,Stage 4,Stage 4,0.86,Price is below the 30-week trend and below long-term support structure.,,,,,Stage 4,3.79,Weak,Volume Expanding,Volume Expanding (6.87x vs 10W Avg),-12.02,Underperformed Nifty by 12.02% in 3 Months,False,-12.02,-10.98,213961834.89,2.39,0.56,6.87,False,False,"Stage 4, Stage 4, weekly_vcp_ok, weekly_strong, flags=Wide Risk;Low Liquidity, downtrend",watchlist,weekly_watchlist,watchlist,0.0,32.0,3.79,0.0,3.79,751
RCF.NS,Rashtriya Chemicals and Fertilizers Limited,Agricultural Inputs,Basic Materials,Basic Materials,False,Cash,1,Stage 4,Stage 4,Stage 4,0.86,Price is below the 30-week trend and below long-term support structure.,,,,,Stage 4,3.79,Weak,Volume Normal,Volume Normal (1.05x vs 10W Avg),-7.92,Underperformed Nifty by 7.92% in 3 Months,False,-7.92,-6.64,116848030.2,0.89,1.13,1.05,False,False,"Stage 4, Stage 4, weekly_vcp_ok, weekly_strong, flags=Wide Risk;Low Liquidity, downtrend",watchlist,weekly_watchlist,watchlist,0.0,32.0,3.79,0.0,3.79,752
ASHAPURMIN.NS,Ashapura Minechem Limited,Basic Materials,Basic Materials,Basic Materials,False,Cash,1,Stage 4,Stage 4,Stage 4,0.86,Price is below the 30-week trend and below long-term support structure.,,,2026-07-17,,Stage 4,3.79,Weak,Volume Drying Up,Volume Drying Up (0.70x vs 10W Avg),-14.79,Underperformed Nifty by 14.79% in 3 Months,False,-14.79,2.16,165300319.74,0.66,0.78,0.7,True,True,"Stage 4, Stage 4, weekly_vcp_ok, volume_dryup, weekly_volume_dryup, weekly_strong, flags=Wide Weekly Base;Loose Structure;Wide Risk;Low Liquidity, downtrend",watchlist,weekly_watchlist,watchlist,0.0,32.0,3.79,0.0,3.79,753
ICRA.NS,ICRA Limited,Financial Services,Financial Services,Financial Services,False,Cash,1,Stage 4,Stage 4,Stage 4,0.86,Price is below the 30-week trend and below long-term support structure.,,,,,Stage 4,3.79,Weak,Volume Expanding,Volume Normal (0.91x vs 10W Avg),-11.19,Underperformed Nifty by 11.19% in 3 Months,False,-11.19,-16.7,129120012.85,0.88,2.32,0.91,False,False,"Stage 4, Stage 4, weekly_vcp_ok, weekly_strong, flags=Wide Risk;Low Liquidity, downtrend",watchlist,weekly_watchlist,watchlist,0.0,32.0,3.79,0.0,3.79,754
SWSOLAR.NS,Sterling and Wilson Renewable Energy Limited,Solar,Technology,Technology,False,Cash,1,Stage 4,Stage 4,Stage 4,0.86,Price is below the 30-week trend and below long-term support structure.,,,,,Stage 4,3.79,Weak,Volume Drying Up,Volume Drying Up (0.81x vs 10W Avg),-23.36,Underperformed Nifty by 23.36% in 3 Months,False,-23.36,2.18,202336716.83,1.57,1.12,0.81,False,True,"Stage 4, Stage 4, weekly_vcp_ok, weekly_volume_dryup, weekly_strong, flags=Loose Structure;Wide Risk;Low Liquidity, downtrend",watchlist,weekly_watchlist,watchlist,0.0,32.0,3.79,0.0,3.79,755
NIITMTS.NS,NIIT Learning Systems Limited,Consumer Defensive,Consumer Defensive,Consumer Defensive,False,Cash,1,Stage 4,Stage 4,Stage 4,0.86,Price is below the 30-week trend and below long-term support structure.,,,,,Stage 4,3.79,Weak,Volume Drying Up,Volume Drying Up (0.61x vs 10W Avg),-6.4,Underperformed Nifty by 6.4% in 3 Months,False,-6.4,-30.06,43507591.11,0.77,0.55,0.61,True,True,"Stage 4, Stage 4, weekly_vcp_ok, volume_dryup, weekly_volume_dryup, weekly_strong, flags=Wide Base;Wide Weekly Base;Wide Risk;Low Liquidity, downtrend",watchlist,weekly_watchlist,watchlist,0.0,32.0,3.79,0.0,3.79,756
HGINFRA.NS,H.G. Infra Engineering Limited,Engineering & Construction,Industrials,Industrials,False,Cash,1,Stage 4,Stage 4,Stage 4,0.86,Price is below the 30-week trend and below long-term support structure.,,,,,Stage 4,3.79,Weak,Volume Expanding,Volume Expanding (6.58x vs 10W Avg),-16.91,Underperformed Nifty by 16.91% in 3 Months,False,-16.91,-11.69,344378521.08,3.33,0.19,6.58,False,False,"Stage 4, Stage 4, weekly_vcp_ok, weekly_strong, flags=Wide Weekly Base;Wide Risk;Low Liquidity, downtrend",watchlist,weekly_watchlist,watchlist,0.0,32.0,3.79,0.0,3.79,757
ROUTE.NS,ROUTE MOBILE LIMITED,Telecom Services,Communication Services,Communication Services,False,Cash,1,Stage 4,Stage 4,Stage 4,0.86,Price is below the 30-week trend and below long-term support structure.,,,,,Stage 4,3.79,Weak,Volume Drying Up,Volume Drying Up (0.11x vs 10W Avg),-11.3,Underperformed Nifty by 11.3% in 3 Months,False,-11.3,-4.99,106518917.81,0.35,0.3,0.11,True,True,"Stage 4, Stage 4, weekly_vcp_ok, volume_dryup, weekly_volume_dryup, weekly_strong, flags=Wide Weekly Base;Wide Risk;Low Liquidity, downtrend",watchlist,weekly_watchlist,watchlist,0.0,32.0,3.79,0.0,3.79,758
KITEX.NS,Kitex Garments Limited,Apparel Manufacturing,Consumer Cyclical,Consumer Cyclical,False,Cash,1,Stage 4,Stage 4,Stage 4,0.86,Price is below the 30-week trend and below long-term support structure.,,,,,Stage 4,3.79,Weak,Volume Drying Up,Volume Drying Up (0.84x vs 10W Avg),-17.45,Underperformed Nifty by 17.45% in 3 Months,False,-17.45,-24.29,44839314.37,0.91,1.26,0.84,False,True,"Stage 4, Stage 4, weekly_vcp_ok, weekly_volume_dryup, weekly_strong, flags=Wide Weekly Base;Wide Risk;Low Liquidity, downtrend",watchlist,weekly_watchlist,watchlist,0.0,32.0,3.79,0.0,3.79,759
POKARNA.NS,Pokarna Limited,Building Products & Equipment,Industrials,Industrials,False,Cash,1,Stage 4,Stage 4,Stage 4,0.86,Price is below the 30-week trend and below long-term support structure.,,,2026-08-18,,Stage 4,3.79,Weak,Volume Drying Up,Volume Drying Up (0.49x vs 10W Avg),-24.03,Underperformed Nifty by 24.03% in 3 Months,False,-24.03,-22.86,109103594.25,0.55,0.73,0.49,True,True,"Stage 4, Stage 4, weekly_vcp_ok, volume_dryup, weekly_volume_dryup, weekly_strong, flags=Loose Structure;Wide Risk;Low Liquidity, downtrend",watchlist,weekly_watchlist,watchlist,0.0,32.0,3.79,0.0,3.79,760
CARERATING.NS,CARE Ratings Limited,Financial Services,Financial Services,Financial Services,False,Cash,1,Stage 1,Stage 1,Stage 1,0.64,Price is building a base around long-term weekly structure without a confirmed advancing phase.,,,,,Stage 1,3.76,Strong,Volume Drying Up,Volume Drying Up (0.75x vs 10W Avg),3.34,Outperformed Nifty by 3.34% in 3 Months,False,3.34,3.71,96135387.25,0.84,0.87,0.75,True,True,"Stage 1, Stage 1, volume_dryup, weekly_volume_dryup, flags=Wider Risk;Low Liquidity, stage1_not_actionable, stage1_needs_more_base",watchlist,weekly_watchlist,watchlist,0.0,0.0,3.76,0.0,3.76,761
TECHNOE.NS,Techno Electric & Engineering Company Limited,Engineering & Construction,Industrials,Industrials,False,Cash,1,Stage 4,Stage 4,Stage 4,0.86,Price is below the 30-week trend and below long-term support structure.,,,,,Stage 4,3.6,Neutral,Volume Drying Up,Volume Drying Up (0.74x vs 10W Avg),1.46,Outperformed Nifty by 1.46% in 3 Months,False,1.46,-4.13,137732612.51,0.83,0.92,0.74,True,True,"Stage 4, Stage 4, volume_dryup, weekly_volume_dryup, flags=Wide Risk;Low Liquidity, downtrend",watchlist,weekly_watchlist,watchlist,6.36,0.0,3.6,0.0,3.6,762
ESABINDIA.NS,Esab India Limited,Tools & Accessories,Industrials,Industrials,False,Cash,1,Failed Stage 2,Stage 3,Failed Stage 2,0.72,"This stock was recently Stage 2, but the latest structure no longer satisfies Stage 2 rules. It is kept as Failed Stage 2 until a fresh base/repair structure forms.",Recent Stage 2 break; public stage held as Failed Stage 2.,2026-09-30,2026-09-14,,Failed Stage 2,1.57,Weak,Volume Drying Up,Volume Drying Up (0.38x vs 10W Avg),3.98,Outperformed Nifty by 3.98% in 3 Months,False,3.98,5.78,21187788.73,0.55,0.25,0.38,True,True,"Stage 3, Early, volume_dryup, weekly_volume_dryup, flags=Wide Risk;Low Liquidity, distribution_or_weakening_risk | Stage 2 failed state applied from stage memory.",watchlist,weekly_watchlist,watchlist,3.03,5.18,1.57,2.0,3.57,763
ABSLAMC.NS,Aditya Birla Sun Life AMC Limited,Asset Management,Financial Services,Financial Services,False,Cash,1,Failed Stage 2,Stage 3,Failed Stage 2,0.72,"This stock was recently Stage 2, but the latest structure no longer satisfies Stage 2 rules. It is kept as Failed Stage 2 until a fresh base/repair structure forms.",Recent Stage 2 break; public stage held as Failed Stage 2.,2026-09-30,2026-09-23,,Failed Stage 2,3.44,Neutral,Volume Drying Up,Volume Drying Up (0.55x vs 10W Avg),-5.3,Underperformed Nifty by 5.3% in 3 Months,False,-5.3,8.39,197238224.81,0.78,1.07,0.55,True,True,"Stage 3, Early, volume_dryup, weekly_volume_dryup, flags=Wide Risk;Low Liquidity, distribution_or_weakening_risk | Stage 2 failed state applied from stage memory.",watchlist,weekly_watchlist,watchlist,8.08,0.0,3.44,0.0,3.44,764
TATACOMM.NS,Tata Communications Limited,Telecom Services,Communication Services,Communication Services,False,Cash,1,Failed Stage 2,Stage 3,Failed Stage 2,0.72,"This stock was recently Stage 2, but the latest structure no longer satisfies Stage 2 rules. It is kept as Failed Stage 2 until a fresh base/repair structure forms.",Recent Stage 2 break; public stage held as Failed Stage 2.,2026-09-30,2026-09-18,,Failed Stage 2,3.34,Neutral,Volume Drying Up,Volume Drying Up (0.53x vs 10W Avg),-5.66,Underperformed Nifty by 5.66% in 3 Months,False,-5.66,18.22,372661327.34,0.86,0.57,0.53,False,True,"Stage 3, Early, weekly_volume_dryup, flags=Wider Risk;Low Liquidity, distribution_or_weakening_risk | Stage 2 failed state applied from stage memory.",watchlist,weekly_watchlist,watchlist,0.0,5.46,3.34,0.0,3.34,765
GODREJCP.NS,Godrej Consumer Products Limited,Household & Personal Products,Consumer Defensive,Consumer Defensive,True,F&O,1,Stage 4,Stage 4,Stage 4,0.86,Price is below the 30-week trend and below long-term support structure.,,,,,Stage 4,1.34,Weak,Volume Drying Up,Volume Drying Up (0.62x vs 10W Avg),-15.54,Underperformed Nifty by 15.54% in 3 Months,False,-15.54,-17.83,1201232005.57,0.55,1.24,0.62,True,True,"Stage 4, Stage 4, weekly_vcp_ok, volume_dryup, weekly_volume_dryup, weekly_strong, flags=Low Liquidity, downtrend",watchlist,weekly_watchlist,watchlist,0.0,30.2,1.34,2.0,3.34,766
360ONE.NS,360 ONE WAM LIMITED,Asset Management,Financial Services,Financial Services,True,F&O,1,Stage 3,Stage 3,Early,0.68,"Prior strength has shifted into a Stage 3 transition based on trend, relative strength, and volume evidence.",,,2026-09-03,,Stage 3 Early,3.33,Weak,Volume Normal,Volume Normal (1.46x vs 10W Avg),-2.32,Underperformed Nifty by 2.32% in 3 Months,False,-2.32,10.19,1009444027.17,1.29,1.51,1.46,False,False,"Stage 3, Early, flags=Wide Risk;Low Liquidity, distribution_or_weakening_risk",watchlist,weekly_watchlist,watchlist,12.55,4.99,3.33,0.0,3.33,767
HINDALCO.NS,Hindalco Industries Limited,Basic Materials,Basic Materials,Basic Materials,True,F&O,1,Failed Stage 2,Stage 1,Failed Stage 2,0.72,"This stock was recently Stage 2, but the latest structure no longer satisfies Stage 2 rules. It is kept as Failed Stage 2 until a fresh base/repair structure forms.",Recent Stage 2 break; public stage held as Failed Stage 2.,2026-09-30,2026-09-23,,Failed Stage 2,3.2,Weak,Volume Normal,Volume Normal (0.98x vs 10W Avg),3.36,Outperformed Nifty by 3.36% in 3 Months,False,3.36,-2.11,3368366103.88,1.07,1.34,0.98,False,False,"Stage 1, Stage 1, flags=Wide Risk;Low Liquidity, stage1_not_actionable, stage1_needs_more_base | Stage 2 failed state applied from stage memory.",watchlist,weekly_watchlist,watchlist,7.55,0.33,3.2,0.0,3.2,768
GOKULAGRO.NS,Gokul Agro Resources Limited,Packaged Foods,Consumer Defensive,Consumer Defensive,False,Cash,1,Failed Stage 2,Stage 1,Failed Stage 2,0.72,"This stock was recently Stage 2, but the latest structure no longer satisfies Stage 2 rules. It is kept as Failed Stage 2 until a fresh base/repair structure forms.",Recent Stage 2 break; public stage held as Failed Stage 2.,2026-09-30,2026-09-25,,Failed Stage 2,3.07,Neutral,Volume Drying Up,Volume Drying Up (0.78x vs 10W Avg),10.19,Outperformed Nifty by 10.19% in 3 Months,False,10.19,6.83,68948513.57,0.57,0.19,0.78,True,True,"Stage 1, Stage 1, volume_dryup, weekly_volume_dryup, flags=Wide Risk;Low Liquidity, stage1_not_actionable, stage1_needs_more_base | Stage 2 failed state applied from stage memory.",watchlist,weekly_watchlist,watchlist,0.0,6.7,3.07,0.0,3.07,769
IDBI.NS,IDBI Bank Limited,Banks - Regional,Financial Services,Financial Services,False,Cash,1,Stage 3,Stage 3,Early,0.68,"Prior strength has shifted into a Stage 3 transition based on trend, relative strength, and volume evidence.",,,,,Stage 3 Early,1.06,Strong,Volume Drying Up,Volume Normal (0.90x vs 10W Avg),4.69,Outperformed Nifty by 4.69% in 3 Months,False,4.69,16.74,1267050160.97,0.84,0.26,0.9,True,True,"Stage 3, Early, volume_dryup, weekly_volume_dryup, flags=Wide Risk;Low Liquidity, distribution_or_weakening_risk",watchlist,weekly_watchlist,watchlist,0.0,1.94,1.06,2.0,3.06,770
PERSISTENT.NS,Persistent Systems Limited,Information Technology Services,Technology,Technology,True,F&O,1,Stage 1,Stage 1,Stage 1,0.64,Price is building a base around long-term weekly structure without a confirmed advancing phase.,,,,,Stage 1,2.99,Strong,Volume Drying Up,Volume Drying Up (0.77x vs 10W Avg),19.13,Outperformed Nifty by 19.13% in 3 Months,False,19.13,-2.94,2170846410.72,0.74,1.38,0.77,True,True,"Stage 1, Stage 1, volume_dryup, weekly_volume_dryup, flags=Wide Risk;Low Liquidity, stage1_not_actionable, stage1_needs_more_base",watchlist,weekly_watchlist,watchlist,0.0,0.62,2.99,0.0,2.99,771
MASFIN.NS,MAS Financial Services Limited,Credit Services,Financial Services,Financial Services,False,Cash,1,Stage 4,Stage 4,Stage 4,0.66,Price is below weekly structure.,,,,,Stage 4,0.95,Weak,Volume Normal,Volume Normal (0.93x vs 10W Avg),-4.41,Underperformed Nifty by 4.41% in 3 Months,False,-4.41,-6.6,62263620.55,1.04,0.73,0.93,False,False,"Stage 4, Stage 4, flags=Wider Risk;Low Liquidity, downtrend",watchlist,weekly_watchlist,watchlist,2.07,0.0,0.95,2.0,2.95,772
BANKBARODA.NS,Bank of Baroda,Banks - Regional,Financial Services,Financial Services,True,F&O,1,Stage 4,Stage 4,Stage 4,0.86,Price is below the 30-week trend and below long-term support structure.,,,,,Stage 4,0.74,Weak,Volume Drying Up,Volume Drying Up (0.81x vs 10W Avg),-0.96,Underperformed Nifty by 0.96% in 3 Months,False,-0.96,-9.08,1505022968.49,0.76,1.57,0.81,True,True,"Stage 4, Stage 4, volume_dryup, weekly_volume_dryup, flags=Wider Risk;Low Liquidity, downtrend",watchlist,weekly_watchlist,watchlist,3.59,0.0,0.74,2.0,2.74,773
GODIGIT.NS,Go Digit General Insurance Limited,Financial Services,Financial Services,Financial Services,False,Cash,1,Stage 4,Stage 4,Stage 4,0.86,Price is below the 30-week trend and below long-term support structure.,,,,,Stage 4,2.62,Weak,Volume Expanding,Volume Expanding (3.31x vs 10W Avg),-9.88,Underperformed Nifty by 9.88% in 3 Months,False,-9.88,-21.19,266953287.75,2.14,1.98,3.31,False,False,"Stage 4, Stage 4, flags=Low Liquidity, downtrend",watchlist,weekly_watchlist,watchlist,4.33,0.0,2.62,0.0,2.62,774
JSLL.NS,Jeena Sikho Lifecare Limited,Medical Care Facilities,Healthcare,Healthcare,False,Cash,1,Stage 4,Stage 4,Stage 4,0.86,Price is below the 30-week trend and below long-term support structure.,,,,,Stage 4,2.35,Weak,Volume Drying Up,Volume Normal (0.90x vs 10W Avg),-3.27,Underperformed Nifty by 3.27% in 3 Months,False,-3.27,-19.78,235015409.33,0.76,1.28,0.9,True,False,"Stage 4, Stage 4, weekly_vcp_ok, volume_dryup, flags=Wide Weekly Base;Wide Risk;Low Liquidity, downtrend",watchlist,weekly_watchlist,watchlist,7.36,18.3,2.35,0.0,2.35,775
TRANSRAILL.NS,Transrail Lighting Limited,Engineering & Construction,Industrials,Industrials,False,Cash,1,Stage 4,Stage 4,Stage 4,0.86,Price is below the 30-week trend and below long-term support structure.,,,,,Stage 4,2.07,Neutral,Volume Expanding,Volume Expanding (1.91x vs 10W Avg),-0.63,Underperformed Nifty by 0.63% in 3 Months,False,-0.63,-6.25,1156325976.87,3.78,4.31,1.91,False,False,"Stage 4, Stage 4, weekly_vcp_ok, weekly_strong, flags=Wider Risk;Low Liquidity, downtrend",watchlist,weekly_watchlist,watchlist,0.0,30.2,2.07,0.0,2.07,776
ANGELONE.NS,Angel One Limited,Capital Markets,Financial Services,Financial Services,True,F&O,1,Stage 3,Stage 3,Early,0.68,"Prior strength has shifted into a Stage 3 transition based on trend, relative strength, and volume evidence.",,,2026-07-29,,Stage 3 Early,2.05,Weak,Volume Drying Up,Volume Drying Up (0.68x vs 10W Avg),-13.75,Underperformed Nifty by 13.75% in 3 Months,False,-13.75,10.39,1470538974.25,0.59,0.45,0.68,True,True,"Stage 3, Early, volume_dryup, weekly_volume_dryup, flags=Wider Risk;Low Liquidity, distribution_or_weakening_risk",watchlist,weekly_watchlist,watchlist,0.0,3.4,2.05,0.0,2.05,777
IFCI.NS,IFCI Limited,Credit Services,Financial Services,Financial Services,False,Cash,1,Failed Stage 2,Stage 1,Failed Stage 2,0.72,"This stock was recently Stage 2, but the latest structure no longer satisfies Stage 2 rules. It is kept as Failed Stage 2 until a fresh base/repair structure forms.",Recent Stage 2 break; public stage held as Failed Stage 2.,2026-09-30,2026-09-23,,Failed Stage 2,0.0,Neutral,Volume Drying Up,Volume Drying Up (0.60x vs 10W Avg),-1.65,Underperformed Nifty by 1.65% in 3 Months,False,-1.65,29.17,9684094039.57,0.91,0.25,0.6,False,True,"Stage 1, Stage 1, weekly_volume_dryup, flags=Loose Structure;Wide Risk;Low Liquidity, stage1_not_actionable, stage1_needs_more_base | Stage 2 failed state applied from stage memory.",watchlist,weekly_watchlist,watchlist,7.31,4.15,0.0,2.0,2.0,778
OLECTRA.NS,Olectra Greentech Limited,Farm & Heavy Construction Machinery,Industrials,Industrials,False,Cash,1,Stage 3,Stage 3,Early,0.68,"Prior strength has shifted into a Stage 3 transition based on trend, relative strength, and volume evidence.",,,2026-08-28,,Stage 3 Early,0.0,Weak,Volume Normal,Volume Normal (0.99x vs 10W Avg),-16.48,Underperformed Nifty by 16.48% in 3 Months,False,-16.48,9.3,463351724.59,1.29,1.0,0.99,False,False,"Stage 3, Early, flags=Wide Risk;Low Liquidity, distribution_or_weakening_risk",watchlist,weekly_watchlist,watchlist,6.55,0.0,0.0,2.0,2.0,779
RTNINDIA.NS,RattanIndia Enterprises Limited,Consumer Cyclical,Consumer Cyclical,Consumer Cyclical,False,Cash,1,Stage 4,Stage 4,Stage 4,0.86,Price is below the 30-week trend and below long-term support structure.,,,,,Stage 4,0.0,Weak,Volume Expanding,Volume Expanding (1.67x vs 10W Avg),-14.99,Underperformed Nifty by 14.99% in 3 Months,False,-14.99,-12.02,53377052.71,1.22,3.4,1.67,False,False,"Stage 4, Stage 4, weekly_vcp_ok, weekly_strong, flags=Wide Weekly Base;Wide Risk;Low Liquidity, downtrend",watchlist,weekly_watchlist,watchlist,6.4,30.2,0.0,2.0,2.0,780
CHOLAHLDNG.NS,Cholamandalam Financial Holdings Limited,Credit Services,Financial Services,Financial Services,False,Cash,1,Stage 4,Stage 4,Stage 4,0.86,Price is below the 30-week trend and below long-term support structure.,,,,,Stage 4,0.0,Weak,Volume Expanding,Volume Expanding (1.88x vs 10W Avg),-10.86,Underperformed Nifty by 10.86% in 3 Months,False,-10.86,-1.96,255964307.22,1.49,1.74,1.88,False,False,"Stage 4, Stage 4, weekly_vcp_ok, flags=Wide Risk;Low Liquidity, downtrend",watchlist,weekly_watchlist,watchlist,5.28,16.5,0.0,2.0,2.0,781
CAMPUS.NS,Campus Activewear Limited,Consumer Cyclical,Consumer Cyclical,Consumer Cyclical,False,Cash,1,Stage 4,Stage 4,Stage 4,0.86,Price is below the 30-week trend and below long-term support structure.,,,,,Stage 4,0.0,Weak,Volume Drying Up,Volume Drying Up (0.45x vs 10W Avg),-3.02,Underperformed Nifty by 3.02% in 3 Months,False,-3.02,-10.76,70134045.79,0.56,0.48,0.45,True,True,"Stage 4, Stage 4, volume_dryup, weekly_volume_dryup, flags=Wide Risk;Low Liquidity, downtrend",watchlist,weekly_watchlist,watchlist,4.8,0.0,0.0,2.0,2.0,782
DABUR.NS,Dabur India Limited,Household & Personal Products,Consumer Defensive,Consumer Defensive,True,F&O,1,Stage 4,Stage 4,Stage 4,0.86,Price is below the 30-week trend and below long-term support structure.,,,,,Stage 4,0.0,Weak,Volume Normal,Volume Normal (1.26x vs 10W Avg),-7.59,Underperformed Nifty by 7.59% in 3 Months,False,-7.59,-8.35,898537565.49,1.0,0.94,1.26,False,False,"Stage 4, Stage 4, flags=Wide Risk;Low Liquidity, downtrend",watchlist,weekly_watchlist,watchlist,3.82,0.0,0.0,2.0,2.0,783
RECLTD.NS,REC Limited,Credit Services,Financial Services,Financial Services,True,F&O,1,Stage 4,Stage 4,Stage 4,0.66,Price is below weekly structure.,,,,,Stage 4,0.0,Weak,Volume Expanding,Volume Expanding (2.44x vs 10W Avg),-9.91,Underperformed Nifty by 9.91% in 3 Months,False,-9.91,-9.06,1875810038.14,1.41,1.16,2.44,False,False,"Stage 4, Stage 4, weekly_vcp_ok, weekly_strong, flags=Wide Risk;Low Liquidity, downtrend",watchlist,weekly_watchlist,watchlist,2.05,30.2,0.0,2.0,2.0,784
PGHH.NS,Procter & Gamble Hygiene and Health Care Limited,Household & Personal Products,Consumer Defensive,Consumer Defensive,False,Cash,1,Stage 4,Stage 4,Stage 4,0.86,Price is below the 30-week trend and below long-term support structure.,,,,,Stage 4,0.0,Weak,Volume Expanding,Volume Normal (1.39x vs 10W Avg),-16.77,Underperformed Nifty by 16.77% in 3 Months,False,-16.77,-30.73,152605658.6,1.61,2.71,1.39,False,False,"Stage 4, Stage 4, flags=Loose Structure;Wide Risk;Low Liquidity, downtrend",watchlist,weekly_watchlist,watchlist,1.27,0.0,0.0,2.0,2.0,785
RUSTOMJEE.NS,Keystone Realtors Limited,Real Estate,Real Estate,Real Estate,False,Cash,1,Stage 4,Stage 4,Stage 4,0.86,Price is below the 30-week trend and below long-term support structure.,,,,,Stage 4,0.0,Weak,Volume Drying Up,Volume Drying Up (0.62x vs 10W Avg),-9.02,Underperformed Nifty by 9.02% in 3 Months,False,-9.02,-8.64,38494241.23,0.4,0.19,0.62,True,True,"Stage 4, Stage 4, volume_dryup, weekly_volume_dryup, flags=Wide Risk;Low Liquidity, downtrend",watchlist,weekly_watchlist,watchlist,0.7,0.0,0.0,2.0,2.0,786
METROBRAND.NS,Metro Brands Limited,Consumer Cyclical,Consumer Cyclical,Consumer Cyclical,False,Cash,1,Stage 4,Stage 4,Stage 4,0.86,Price is below the 30-week trend and below long-term support structure.,,,,,Stage 4,0.0,Weak,Volume Drying Up,Volume Drying Up (0.78x vs 10W Avg),-11.98,Underperformed Nifty by 11.98% in 3 Months,False,-11.98,-13.36,97088905.23,1.95,0.68,0.78,False,True,"Stage 4, Stage 4, weekly_vcp_ok, weekly_volume_dryup, weekly_strong, flags=Wide Risk;Low Liquidity, downtrend",watchlist,weekly_watchlist,watchlist,0.0,30.2,0.0,2.0,2.0,787
VENTIVE.NS,Ventive Hospitality Limited,Lodging,Consumer Cyclical,Consumer Cyclical,False,Cash,1,Stage 4,Stage 4,Stage 4,0.86,Price is below the 30-week trend and below long-term support structure.,,,,,Stage 4,0.0,Weak,Volume Drying Up,Volume Drying Up (0.63x vs 10W Avg),-5.01,Underperformed Nifty by 5.01% in 3 Months,False,-5.01,-2.89,19462380.14,0.98,0.3,0.63,False,True,"Stage 4, Stage 4, weekly_vcp_ok, weekly_volume_dryup, weekly_strong, flags=Wide Risk;Low Liquidity, downtrend",watchlist,weekly_watchlist,watchlist,0.0,30.2,0.0,2.0,2.0,788
ABLBL.NS,Aditya Birla Lifestyle Brands Limited,Consumer Cyclical,Consumer Cyclical,Consumer Cyclical,False,Cash,1,Stage 4,Stage 4,Stage 4,0.86,Price is below the 30-week trend and below long-term support structure.,,,,,Stage 4,0.0,Weak,Volume Expanding,Volume Expanding (9.40x vs 10W Avg),-13.56,Underperformed Nifty by 13.56% in 3 Months,False,-13.56,-22.77,179647807.35,2.78,1.5,9.4,False,False,"Stage 4, Stage 4, weekly_vcp_ok, weekly_strong, flags=Wide Risk;Low Liquidity, downtrend",watchlist,weekly_watchlist,watchlist,0.0,30.2,0.0,2.0,2.0,789
DBREALTY.NS,Valor Estate Limited,Real Estate,Real Estate,Real Estate,False,Cash,1,Stage 4,Stage 4,Stage 4,0.86,Price is below the 30-week trend and below long-term support structure.,,,,,Stage 4,0.0,Weak,Volume Normal,Volume Normal (1.18x vs 10W Avg),-9.04,Underperformed Nifty by 9.04% in 3 Months,False,-9.04,1.78,97561660.45,1.06,0.78,1.18,False,False,"Stage 4, Stage 4, weekly_vcp_ok, weekly_strong, flags=Wide Weekly Base;Wide Risk;Low Liquidity, downtrend",watchlist,weekly_watchlist,watchlist,0.0,30.2,0.0,2.0,2.0,790
PARKHOTELS.NS,Apeejay Surrendra Park Hotels Limited,Lodging,Consumer Cyclical,Consumer Cyclical,False,Cash,1,Stage 4,Stage 4,Stage 4,0.86,Price is below the 30-week trend and below long-term support structure.,,,,,Stage 4,0.0,Weak,Volume Expanding,Volume Expanding (2.43x vs 10W Avg),-6.71,Underperformed Nifty by 6.71% in 3 Months,False,-6.71,-5.57,18729987.61,1.58,3.0,2.43,False,False,"Stage 4, Stage 4, weekly_vcp_ok, weekly_strong, flags=Wide Risk;Low Liquidity, downtrend",watchlist,weekly_watchlist,watchlist,0.0,30.2,0.0,2.0,2.0,791
PFC.NS,Power Finance Corporation Limited,Credit Services,Financial Services,Financial Services,True,F&O,1,Stage 4,Stage 4,Stage 4,0.66,Price is below weekly structure.,,,2026-08-07,,Stage 4,0.0,Weak,Volume Normal,Volume Normal (1.24x vs 10W Avg),-14.33,Underperformed Nifty by 14.33% in 3 Months,False,-14.33,-19.78,2902295838.08,1.13,1.15,1.24,False,False,"Stage 4, Stage 4, weekly_vcp_ok, weekly_strong, flags=Loose Structure;Wide Risk;Low Liquidity, downtrend",watchlist,weekly_watchlist,watchlist,0.0,28.2,0.0,2.0,2.0,792
POONAWALLA.NS,Poonawalla Fincorp Limited,Credit Services,Financial Services,Financial Services,False,Cash,1,Failed Stage 2,Stage 3,Failed Stage 2,0.72,"This stock was recently Stage 2, but the latest structure no longer satisfies Stage 2 rules. It is kept as Failed Stage 2 until a fresh base/repair structure forms.",Recent Stage 2 break; public stage held as Failed Stage 2.,2026-09-30,2026-09-25,,Failed Stage 2,0.0,Neutral,Volume Drying Up,Volume Drying Up (0.84x vs 10W Avg),-0.02,Underperformed Nifty by 0.02% in 3 Months,False,-0.02,8.37,558803187.91,1.48,0.63,0.84,False,True,"Stage 3, Late, weekly_vcp_ok, weekly_volume_dryup, flags=Wide Risk;Low Liquidity, distribution_or_weakening_risk | Stage 2 failed state applied from stage memory.",watchlist,weekly_watchlist,watchlist,0.0,21.33,0.0,2.0,2.0,793
HDBFS.NS,HDB Financial Services Limited,Credit Services,Financial Services,Financial Services,False,Cash,1,Stage 3,Stage 3,Late,0.76,"Prior strength has shifted into a Stage 3 transition based on trend, relative strength, and volume evidence.",,,,,Stage 3 Late,0.0,Weak,Volume Drying Up,Volume Drying Up (0.56x vs 10W Avg),-9.73,Underperformed Nifty by 9.73% in 3 Months,False,-9.73,5.72,289391951.82,0.74,0.67,0.56,True,True,"Stage 3, Late, weekly_vcp_ok, volume_dryup, weekly_volume_dryup, flags=Wide Risk;Low Liquidity, distribution_or_weakening_risk",watchlist,weekly_watchlist,watchlist,0.0,20.5,0.0,2.0,2.0,794
BAJAJCON.NS,Bajaj Consumer Care Limited,Household & Personal Products,Consumer Defensive,Consumer Defensive,False,Cash,1,Stage 3,Stage 3,Early,0.68,"Prior strength has shifted into a Stage 3 transition based on trend, relative strength, and volume evidence.",,,2026-08-11,,Stage 3 Early,0.0,Neutral,Volume Drying Up,Volume Drying Up (0.68x vs 10W Avg),-13.23,Underperformed Nifty by 13.23% in 3 Months,False,-13.23,26.44,364490109.45,0.74,0.31,0.68,True,True,"Stage 3, Early, volume_dryup, weekly_volume_dryup, flags=Wide Weekly Base;Wide Risk;Low Liquidity, distribution_or_weakening_risk",watchlist,weekly_watchlist,watchlist,0.0,6.72,0.0,2.0,2.0,795
OFSS.NS,Oracle Financial Services Software Limited,Software - Infrastructure,Technology,Technology,True,F&O,1,Failed Stage 2,Stage 3,Failed Stage 2,0.72,"This stock was recently Stage 2, but the latest structure no longer satisfies Stage 2 rules. It is kept as Failed Stage 2 until a fresh base/repair structure forms.",Recent Stage 2 break; public stage held as Failed Stage 2.,2026-09-30,2026-09-24,,Failed Stage 2,0.0,Neutral,Volume Normal,Volume Normal (0.87x vs 10W Avg),2.82,Outperformed Nifty by 2.82% in 3 Months,False,2.82,50.74,2434209550.05,0.87,1.21,0.87,False,True,"Stage 3, Late, weekly_volume_dryup, flags=Wide Risk;Low Liquidity, distribution_or_weakening_risk | Stage 2 failed state applied from stage memory.",watchlist,weekly_watchlist,watchlist,0.0,3.36,0.0,2.0,2.0,796
MEDPLUS.NS,Medplus Health Services Limited,Healthcare,Healthcare,Healthcare,False,Cash,1,Stage 4,Stage 4,Stage 4,0.86,Price is below the 30-week trend and below long-term support structure.,,,,,Stage 4,0.0,Weak,Volume Drying Up,Volume Drying Up (0.39x vs 10W Avg),-13.54,Underperformed Nifty by 13.54% in 3 Months,False,-13.54,-22.69,65376406.22,0.48,0.47,0.39,True,True,"Stage 4, Stage 4, volume_dryup, weekly_volume_dryup, flags=Wide Base;Wide Weekly Base;Wide Risk;Low Liquidity, downtrend",watchlist,weekly_watchlist,watchlist,0.0,3.2,0.0,2.0,2.0,797
INDUSINDBK.NS,IndusInd Bank Limited,Banks - Regional,Financial Services,Financial Services,True,F&O,1,Failed Stage 2,Stage 3,Failed Stage 2,0.72,"This stock was recently Stage 2, but the latest structure no longer satisfies Stage 2 rules. It is kept as Failed Stage 2 until a fresh base/repair structure forms.",Recent Stage 2 break; public stage held as Failed Stage 2.,2026-09-30,2026-09-23,,Failed Stage 2,0.0,Neutral,Volume Expanding,Volume Expanding (1.61x vs 10W Avg),-3.93,Underperformed Nifty by 3.93% in 3 Months,False,-3.93,13.75,2022608441.33,1.67,1.35,1.61,False,False,"Stage 3, Late, flags=Wide Risk;Low Liquidity, distribution_or_weakening_risk | Stage 2 failed state applied from stage memory.",watchlist,weekly_watchlist,watchlist,0.0,1.38,0.0,2.0,2.0,798
HDFCBANK.NS,HDFC Bank Limited,Banks - Regional,Financial Services,Financial Services,True,F&O,1,Stage 4,Stage 4,Stage 4,0.86,Price is below the 30-week trend and below long-term support structure.,,,,,Stage 4,0.0,Weak,Volume Normal,Volume Normal (1.06x vs 10W Avg),-7.8,Underperformed Nifty by 7.8% in 3 Months,False,-7.8,-7.98,20034430567.09,1.08,1.38,1.06,False,False,"Stage 4, Stage 4, flags=Wide Risk;Low Liquidity, downtrend",watchlist,weekly_watchlist,watchlist,0.0,0.0,0.0,2.0,2.0,799
TRENT.NS,Trent Limited,Consumer Cyclical,Consumer Cyclical,Consumer Cyclical,True,F&O,1,Stage 4,Stage 4,Stage 4,0.86,Price is below the 30-week trend and below long-term support structure.,,,,,Stage 4,0.0,Weak,Volume Normal,Volume Normal (1.11x vs 10W Avg),-14.8,Underperformed Nifty by 14.8% in 3 Months,False,-14.8,1.72,1893522952.99,0.98,1.21,1.11,False,False,"Stage 4, Stage 4, flags=Wider Risk;Low Liquidity, downtrend",watchlist,weekly_watchlist,watchlist,0.0,0.0,0.0,2.0,2.0,800
LTF.NS,L&T Finance Limited,Credit Services,Financial Services,Financial Services,True,F&O,1,Failed Stage 2,Stage 4,Failed Stage 2,0.72,"This stock was recently Stage 2, but the latest structure no longer satisfies Stage 2 rules. It is kept as Failed Stage 2 until a fresh base/repair structure forms.",Recent Stage 2 break; public stage held as Failed Stage 2.,2026-09-30,2026-09-23,,Failed Stage 2,0.0,Weak,Volume Expanding,Volume Expanding (2.66x vs 10W Avg),-14.24,Underperformed Nifty by 14.24% in 3 Months,False,-14.24,3.88,1666151377.22,1.66,1.16,2.66,False,False,"Stage 4, Stage 4, flags=Wide Risk;Low Liquidity, downtrend | Stage 2 failed state applied from stage memory.",watchlist,weekly_watchlist,watchlist,0.0,0.0,0.0,2.0,2.0,801
GILLETTE.NS,Gillette India Limited,Household & Personal Products,Consumer Defensive,Consumer Defensive,False,Cash,1,Stage 4,Stage 4,Stage 4,0.66,Price is below weekly structure.,,,,,Stage 4,0.0,Weak,Volume Expanding,Volume Normal (1.23x vs 10W Avg),-2.41,Underperformed Nifty by 2.41% in 3 Months,False,-2.41,-7.29,149764979.07,1.6,1.88,1.23,False,False,"Stage 4, Stage 4, flags=Wider Risk;Low Liquidity, downtrend",watchlist,weekly_watchlist,watchlist,0.0,0.0,0.0,2.0,2.0,802
J&KBANK.NS,The Jammu & Kashmir Bank Limited,Banks - Regional,Financial Services,Financial Services,False,Cash,1,Stage 3,Stage 3,Late,0.76,"Prior strength has shifted into a Stage 3 transition based on trend, relative strength, and volume evidence.",,,2026-08-21,,Stage 3 Late,0.0,Weak,Volume Drying Up,Volume Drying Up (0.42x vs 10W Avg),-8.51,Underperformed Nifty by 8.51% in 3 Months,False,-8.51,17.36,261683900.71,0.54,0.88,0.42,True,True,"Stage 3, Late, volume_dryup, weekly_volume_dryup, flags=Loose Structure;Wide Risk;Low Liquidity, distribution_or_weakening_risk",watchlist,weekly_watchlist,watchlist,0.0,0.0,0.0,2.0,2.0,803
JYOTHYLAB.NS,Jyothy Labs Limited,Household & Personal Products,Consumer Defensive,Consumer Defensive,False,Cash,1,Stage 4,Stage 4,Stage 4,0.86,Price is below the 30-week trend and below long-term support structure.,,,,,Stage 4,0.0,Weak,Volume Drying Up,Volume Drying Up (0.38x vs 10W Avg),4.54,Outperformed Nifty by 4.54% in 3 Months,False,4.54,-12.23,108544986.77,0.37,0.44,0.38,True,True,"Stage 4, Stage 4, volume_dryup, weekly_volume_dryup, flags=Low Liquidity, downtrend",watchlist,weekly_watchlist,watchlist,0.0,0.0,0.0,2.0,2.0,804
KALPATARU.NS,Kalpataru Limited,Real Estate,Real Estate,Real Estate,False,Cash,1,Stage 4,Stage 4,Stage 4,0.86,Price is below the 30-week trend and below long-term support structure.,,,,,Stage 4,0.0,Weak,Volume Drying Up,Volume Normal (0.88x vs 10W Avg),-2.89,Underperformed Nifty by 2.89% in 3 Months,False,-2.89,-4.74,17161349.87,0.71,0.88,0.88,True,True,"Stage 4, Stage 4, volume_dryup, weekly_volume_dryup, flags=Wide Weekly Base;Wide Risk;Low Liquidity, downtrend",watchlist,weekly_watchlist,watchlist,0.0,0.0,0.0,2.0,2.0,805
IXIGO.NS,Le Travenues Technology Limited,Consumer Cyclical,Consumer Cyclical,Consumer Cyclical,False,Cash,1,Stage 4,Stage 4,Stage 4,0.86,Price is below the 30-week trend and below long-term support structure.,,,,,Stage 4,0.0,Weak,Volume Drying Up,Volume Drying Up (0.71x vs 10W Avg),-17.68,Underperformed Nifty by 17.68% in 3 Months,False,-17.68,-5.83,218088121.38,1.02,0.69,0.71,False,True,"Stage 4, Stage 4, weekly_volume_dryup, flags=Wider Risk;Low Liquidity, downtrend",watchlist,weekly_watchlist,watchlist,0.0,0.0,0.0,2.0,2.0,806
AGIIL.NS,Agi Infra Limited,Real Estate,Real Estate,Real Estate,False,Cash,1,Stage 4,Stage 4,Stage 4,0.66,Price is below weekly structure.,,,,,Stage 4,0.0,Weak,Volume Normal,Volume Normal (1.18x vs 10W Avg),-18.79,Underperformed Nifty by 18.79% in 3 Months,False,-18.79,-16.7,475530090.17,1.36,0.22,1.18,False,False,"Stage 4, Stage 4, flags=Wide Risk;Low Liquidity, downtrend",watchlist,weekly_watchlist,watchlist,0.0,0.0,0.0,2.0,2.0,807
HEMIPROP.NS,Hemisphere Properties India Limited,Real Estate,Real Estate,Real Estate,False,Cash,1,Stage 4,Stage 4,Stage 4,0.86,Price is below the 30-week trend and below long-term support structure.,,,,,Stage 4,0.0,Weak,Volume Normal,Volume Normal (1.14x vs 10W Avg),-12.19,Underperformed Nifty by 12.19% in 3 Months,False,-12.19,-5.48,32548810.64,0.93,0.72,1.14,False,False,"Stage 4, Stage 4, flags=Wide Risk;Low Liquidity, downtrend",watchlist,weekly_watchlist,watchlist,0.0,0.0,0.0,2.0,2.0,808
SAMHI.NS,Samhi Hotels Limited,Lodging,Consumer Cyclical,Consumer Cyclical,False,Cash,1,Stage 4,Stage 4,Stage 4,0.86,Price is below the 30-week trend and below long-term support structure.,,,,,Stage 4,0.0,Weak,Volume Drying Up,Volume Drying Up (0.67x vs 10W Avg),-4.82,Underperformed Nifty by 4.82% in 3 Months,False,-4.82,3.66,280899282.08,0.86,0.57,0.67,False,True,"Stage 4, Stage 4, weekly_volume_dryup, flags=Wide Risk;Low Liquidity, downtrend",watchlist,weekly_watchlist,watchlist,0.0,0.0,0.0,2.0,2.0,809
BIRLACORPN.NS,Birla Corporation Limited,Building Materials,Basic Materials,Basic Materials,False,Cash,1,Stage 4,Stage 4,Stage 4,0.86,Price is below the 30-week trend and below long-term support structure.,,,,,Stage 4,1.55,Weak,Volume Drying Up,Volume Drying Up (0.57x vs 10W Avg),-6.02,Underperformed Nifty by 6.02% in 3 Months,False,-6.02,-3.93,41742995.3,0.69,0.43,0.57,True,True,"Stage 4, Stage 4, weekly_vcp_ok, volume_dryup, weekly_volume_dryup, weekly_strong, flags=Wide Risk;Low Liquidity, downtrend",watchlist,weekly_watchlist,watchlist,0.0,31.3,1.55,0.0,1.55,810
NTPC.NS,NTPC Limited,Utilities,Utilities,Utilities,True,F&O,1,Stage 4,Stage 4,Stage 4,0.66,Price is below weekly structure.,,,,,Stage 4,1.21,Weak,Volume Normal,Volume Normal (0.92x vs 10W Avg),-1.62,Underperformed Nifty by 1.62% in 3 Months,False,-1.62,-12.85,2328550142.24,0.92,0.91,0.92,False,False,"Stage 4, Stage 4, flags=Wider Risk;Low Liquidity, downtrend",watchlist,weekly_watchlist,watchlist,0.0,0.2,1.21,0.0,1.21,811
EIEL.NS,Enviro Infra Engineers Limited,Engineering & Construction,Industrials,Industrials,False,Cash,1,Stage 3,Stage 3,Early,0.68,"Prior strength has shifted into a Stage 3 transition based on trend, relative strength, and volume evidence.",,,2026-08-11,,Stage 3 Early,1.18,Weak,Volume Drying Up,Volume Drying Up (0.45x vs 10W Avg),-14.35,Underperformed Nifty by 14.35% in 3 Months,False,-14.35,13.6,318992191.75,0.55,0.35,0.45,True,True,"Stage 3, Early, volume_dryup, weekly_volume_dryup, flags=Wide Risk;Low Liquidity, distribution_or_weakening_risk",watchlist,weekly_watchlist,watchlist,0.0,6.4,1.18,0.0,1.18,812
NUVAMA.NS,Nuvama Wealth Management Limited,Asset Management,Financial Services,Financial Services,True,F&O,1,Failed Stage 2,Stage 3,Failed Stage 2,0.72,"This stock was recently Stage 2, but the latest structure no longer satisfies Stage 2 rules. It is kept as Failed Stage 2 until a fresh base/repair structure forms.",Recent Stage 2 break; public stage held as Failed Stage 2.,2026-09-30,2026-09-25,,Failed Stage 2,1.16,Neutral,Volume Drying Up,Volume Normal (0.99x vs 10W Avg),-4.8,Underperformed Nifty by 4.8% in 3 Months,False,-4.8,40.53,438551234.73,0.7,0.72,0.99,True,False,"Stage 3, Early, volume_dryup, flags=Wide Risk;Low Liquidity, distribution_or_weakening_risk | Stage 2 failed state applied from stage memory.",watchlist,weekly_watchlist,watchlist,0.0,0.0,1.16,0.0,1.16,813
JKCEMENT.NS,JK Cement Limited,Building Materials,Basic Materials,Basic Materials,False,Cash,1,Stage 4,Stage 4,Stage 4,0.66,Price is below weekly structure.,,,,,Stage 4,0.89,Neutral,Volume Expanding,Volume Normal (0.93x vs 10W Avg),-0.07,Underperformed Nifty by 0.07% in 3 Months,False,-0.07,-4.55,218295103.22,1.2,3.02,0.93,False,False,"Stage 4, Stage 4, flags=Wide Risk;Low Liquidity, downtrend",watchlist,weekly_watchlist,watchlist,0.0,2.4,0.89,0.0,0.89,814
RAYMONDLSL.NS,Raymond Lifestyle Limited,Apparel Manufacturing,Consumer Cyclical,Consumer Cyclical,False,Cash,1,Stage 4,Stage 4,Stage 4,0.86,Price is below the 30-week trend and below long-term support structure.,,,,,Stage 4,0.7,Weak,Volume Normal,Volume Normal (1.26x vs 10W Avg),-10.28,Underperformed Nifty by 10.28% in 3 Months,False,-10.28,-19.61,257800718.14,1.07,0.63,1.26,False,False,"Stage 4, Stage 4, weekly_vcp_ok, flags=Wide Risk;Low Liquidity, downtrend",watchlist,weekly_watchlist,watchlist,2.3,18.3,0.7,0.0,0.7,815
CARYSIL.NS,CARYSIL LIMITED,"Furnishings, Fixtures & Appliances",Consumer Cyclical,Consumer Cyclical,False,Cash,1,Failed Stage 2,Stage 3,Failed Stage 2,0.72,"This stock was recently Stage 2, but the latest structure no longer satisfies Stage 2 rules. It is kept as Failed Stage 2 until a fresh base/repair structure forms.",Recent Stage 2 break; public stage held as Failed Stage 2.,2026-09-30,2026-09-29,,Failed Stage 2,0.53,Neutral,Volume Expanding,Volume Normal (1.06x vs 10W Avg),-2.62,Underperformed Nifty by 2.62% in 3 Months,False,-2.62,27.78,104845888.47,0.98,1.8,1.06,False,False,"Stage 3, Early, flags=Wide Risk;Low Liquidity, distribution_or_weakening_risk | Stage 2 failed state applied from stage memory.",watchlist,weekly_watchlist,watchlist,5.93,0.0,0.53,0.0,0.53,816
ICICIGI.NS,ICICI Lombard General Insurance Company Limited,Financial Services,Financial Services,Financial Services,True,F&O,1,Stage 4,Stage 4,Stage 4,0.66,Price is below weekly structure.,,,,,Stage 4,0.5,Weak,Volume Expanding,Volume Normal (1.49x vs 10W Avg),-4.14,Underperformed Nifty by 4.14% in 3 Months,False,-4.14,-8.86,1276287125.43,1.22,2.1,1.49,False,False,"Stage 4, Stage 4, flags=Low Liquidity, downtrend",watchlist,weekly_watchlist,watchlist,0.0,0.0,0.5,0.0,0.5,817
BBTC.NS,The Bombay Burmah Trading Corporation Limited,Packaged Foods,Consumer Defensive,Consumer Defensive,False,Cash,1,Stage 4,Stage 4,Stage 4,0.86,Price is below the 30-week trend and below long-term support structure.,,,,,Stage 4,0.47,Weak,Volume Drying Up,Volume Drying Up (0.19x vs 10W Avg),-6.0,Underperformed Nifty by 6.0% in 3 Months,False,-6.0,-6.68,261496296.16,0.77,0.04,0.19,True,True,"Stage 4, Stage 4, volume_dryup, weekly_volume_dryup, flags=Wide Risk, downtrend",watchlist,weekly_watchlist,watchlist,0.0,0.0,0.47,0.0,0.47,818
NLCINDIA.NS,NLC India Limited,Utilities,Utilities,Utilities,False,Cash,1,Stage 4,Stage 4,Stage 4,0.66,Price is below weekly structure.,,,2026-07-21,,Stage 4,0.46,Weak,Volume Drying Up,Volume Drying Up (0.79x vs 10W Avg),-8.14,Underperformed Nifty by 8.14% in 3 Months,False,-8.14,-4.8,391974936.29,0.8,1.35,0.79,True,True,"Stage 4, Stage 4, volume_dryup, weekly_volume_dryup, flags=Wide Risk;Low Liquidity, downtrend",watchlist,weekly_watchlist,watchlist,9.02,0.2,0.46,0.0,0.46,819
NESTLEIND.NS,Nestle India Limited,Packaged Foods,Consumer Defensive,Consumer Defensive,True,F&O,1,Not Sure,Stage 3,Pending Stage 3,0.55,Blocked public stage jump Stage 1 -> Stage 3; waiting for intermediate/confirmed structure.,Blocked public stage jump Stage 1 -> Stage 3; waiting for intermediate/confirmed structure.,,2026-09-01,Stage 3,Not Sure - Unclear,0.4,Weak,Volume Drying Up,Volume Drying Up (0.54x vs 10W Avg),-3.88,Underperformed Nifty by 3.88% in 3 Months,False,-3.88,6.35,1455835142.57,0.68,1.04,0.54,True,True,"Stage 3, Early, volume_dryup, weekly_volume_dryup, flags=Wide Risk;Low Liquidity, distribution_or_weakening_risk | Blocked public stage jump Stage 1 -> Stage 3; waiting for intermediate/confirmed structure.",watchlist,weekly_watchlist,watchlist,9.62,0.0,0.4,0.0,0.4,820
TORNTPOWER.NS,Torrent Power Limited,Utilities,Utilities,Utilities,False,Cash,1,Stage 4,Stage 4,Stage 4,0.86,Price is below the 30-week trend and below long-term support structure.,,,,,Stage 4,0.39,Weak,Volume Drying Up,Volume Drying Up (0.39x vs 10W Avg),-1.41,Underperformed Nifty by 1.41% in 3 Months,False,-1.41,-11.96,454602541.9,0.5,0.51,0.39,True,True,"Stage 4, Stage 4, volume_dryup, weekly_volume_dryup, flags=Wider Risk;Low Liquidity, downtrend",watchlist,weekly_watchlist,watchlist,0.0,0.2,0.39,0.0,0.39,821
LT.NS,Larsen & Toubro Limited,Engineering & Construction,Industrials,Industrials,True,F&O,1,Stage 1,Stage 1,Stage 1,0.64,Price is building a base around long-term weekly structure without a confirmed advancing phase.,,,,,Stage 1,0.36,Neutral,Volume Normal,Volume Normal (1.27x vs 10W Avg),-0.15,Underperformed Nifty by 0.15% in 3 Months,False,-0.15,0.68,5694712730.63,1.03,1.78,1.27,False,False,"Stage 1, Stage 1, flags=Wider Risk;Low Liquidity, stage1_not_actionable, stage1_needs_more_base",watchlist,weekly_watchlist,watchlist,0.0,0.0,0.36,0.0,0.36,822
MAXHEALTH.NS,Max Healthcare Institute Limited,Medical Care Facilities,Healthcare,Healthcare,True,F&O,1,Stage 4,Stage 4,Stage 4,0.66,Price is below weekly structure.,,,,,Stage 4,0.31,Weak,Volume Expanding,Volume Expanding (2.62x vs 10W Avg),-11.1,Underperformed Nifty by 11.1% in 3 Months,False,-11.1,-1.4,2477925653.79,1.44,7.64,2.62,False,False,"Stage 4, Stage 4, weekly_vcp_ok, weekly_strong, flags=Wide Risk;Low Liquidity, downtrend",watchlist,weekly_watchlist,watchlist,7.3,31.3,0.31,0.0,0.31,823
COROMANDEL.NS,Coromandel International Limited,Agricultural Inputs,Basic Materials,Basic Materials,False,Cash,1,Stage 4,Stage 4,Stage 4,0.86,Price is below the 30-week trend and below long-term support structure.,,,,,Stage 4,0.31,Weak,Volume Expanding,Volume Expanding (2.31x vs 10W Avg),-7.58,Underperformed Nifty by 7.58% in 3 Months,False,-7.58,-13.78,283824708.55,1.54,4.34,2.31,False,False,"Stage 4, Stage 4, weekly_vcp_ok, weekly_strong, flags=Wide Risk;Low Liquidity, downtrend",watchlist,weekly_watchlist,watchlist,7.3,31.3,0.31,0.0,0.31,824
UPL.NS,UPL Limited,Agricultural Inputs,Basic Materials,Basic Materials,True,F&O,1,Stage 4,Stage 4,Stage 4,0.86,Price is below the 30-week trend and below long-term support structure.,,,,,Stage 4,0.26,Weak,Volume Normal,Volume Normal (1.13x vs 10W Avg),-3.66,Underperformed Nifty by 3.66% in 3 Months,False,-3.66,-11.59,1159670373.03,1.24,1.43,1.13,False,False,"Stage 4, Stage 4, weekly_vcp_ok, weekly_strong, flags=Wide Risk;Low Liquidity, downtrend",watchlist,weekly_watchlist,watchlist,2.75,31.3,0.26,0.0,0.26,825
ASHOKA.NS,Ashoka Buildcon Limited,Engineering & Construction,Industrials,Industrials,False,Cash,1,Stage 4,Stage 4,Stage 4,0.86,Price is below the 30-week trend and below long-term support structure.,,,,,Stage 4,0.12,Weak,Volume Drying Up,Volume Drying Up (0.16x vs 10W Avg),-10.92,Underperformed Nifty by 10.92% in 3 Months,False,-10.92,-5.48,64563809.11,0.19,0.1,0.16,True,True,"Stage 4, Stage 4, volume_dryup, weekly_volume_dryup, flags=Wide Weekly Base;Wide Risk;Low Liquidity, downtrend",watchlist,weekly_watchlist,watchlist,7.8,10.47,0.12,0.0,0.12,826
STARHEALTH.NS,Star Health and Allied Insurance Company Limited,Insurance - Life,Financial Services,Financial Services,False,Cash,1,Failed Stage 2,Stage 1,Failed Stage 2,0.72,"This stock was recently Stage 2, but the latest structure no longer satisfies Stage 2 rules. It is kept as Failed Stage 2 until a fresh base/repair structure forms.",Recent Stage 2 break; public stage held as Failed Stage 2.,2026-09-30,2026-09-28,,Failed Stage 2,0.03,Neutral,Volume Expanding,Volume Expanding (3.66x vs 10W Avg),-1.23,Underperformed Nifty by 1.23% in 3 Months,False,-1.23,14.72,562674913.85,2.42,0.32,3.66,False,False,"Stage 1, Stage 1, flags=Wide Risk;Low Liquidity, stage1_not_actionable, stage1_needs_more_base | Stage 2 failed state applied from stage memory.",watchlist,weekly_watchlist,watchlist,0.0,0.0,0.03,0.0,0.03,827
GLOBUSSPR.NS,Globus Spirits Limited,Consumer Defensive,Consumer Defensive,Consumer Defensive,False,Cash,1,Stage 4,Stage 4,Stage 4,0.86,Price is below the 30-week trend and below long-term support structure.,,,,,Stage 4,0.0,Weak,Volume Drying Up,Volume Drying Up (0.80x vs 10W Avg),-7.46,Underperformed Nifty by 7.46% in 3 Months,False,-7.46,-11.21,66956277.08,0.71,1.75,0.8,True,True,"Stage 4, Stage 4, volume_dryup, weekly_volume_dryup, flags=Wide Risk;Low Liquidity, downtrend",watchlist,weekly_watchlist,watchlist,10.64,0.0,0.0,0.0,0.0,828
DMART.NS,Avenue Supermarts Limited,Consumer Defensive,Consumer Defensive,Consumer Defensive,True,F&O,1,Stage 1,Stage 1,Stage 1,0.64,Price is building a base around long-term weekly structure without a confirmed advancing phase.,,,,,Stage 1,0.0,Weak,Volume Normal,Volume Normal (0.98x vs 10W Avg),0.32,Outperformed Nifty by 0.32% in 3 Months,False,0.32,-16.18,1609699423.25,1.04,1.37,0.98,False,False,"Stage 1, Stage 1, flags=Wide Risk;Low Liquidity, stage1_not_actionable, stage1_needs_more_base",watchlist,weekly_watchlist,watchlist,8.77,5.6,0.0,0.0,0.0,829
AVANTIFEED.NS,Avanti Feeds Limited,Packaged Foods,Consumer Defensive,Consumer Defensive,False,Cash,1,Stage 4,Stage 4,Stage 4,0.86,Price is below the 30-week trend and below long-term support structure.,,,,,Stage 4,0.0,Weak,Volume Drying Up,Volume Normal (0.93x vs 10W Avg),-16.58,Underperformed Nifty by 16.58% in 3 Months,False,-16.58,-42.81,230641821.47,0.8,1.7,0.93,True,False,"Stage 4, Stage 4, volume_dryup, flags=Wide Base;Loose Structure;Wide Risk;Low Liquidity, downtrend",watchlist,weekly_watchlist,watchlist,8.6,0.0,0.0,0.0,0.0,830
INDIACEM.NS,The India Cements Limited,Building Materials,Basic Materials,Basic Materials,False,Cash,1,Stage 4,Stage 4,Stage 4,0.86,Price is below the 30-week trend and below long-term support structure.,,,,,Stage 4,0.0,Weak,Volume Expanding,Volume Normal (0.92x vs 10W Avg),-14.02,Underperformed Nifty by 14.02% in 3 Months,False,-14.02,-18.4,59670719.67,1.9,2.22,0.92,False,False,"Stage 4, Stage 4, flags=Loose Structure;Wide Risk;Low Liquidity, downtrend",watchlist,weekly_watchlist,watchlist,8.09,2.4,0.0,0.0,0.0,831
UBL.NS,United Breweries Limited,Consumer Defensive,Consumer Defensive,Consumer Defensive,False,Cash,1,Stage 4,Stage 4,Stage 4,0.86,Price is below the 30-week trend and below long-term support structure.,,,,,Stage 4,0.0,Weak,Volume Expanding,Volume Normal (1.13x vs 10W Avg),-8.02,Underperformed Nifty by 8.02% in 3 Months,False,-8.02,-21.79,200385357.98,1.14,2.47,1.13,False,False,"Stage 4, Stage 4, flags=Wide Risk;Low Liquidity, downtrend",watchlist,weekly_watchlist,watchlist,7.92,0.2,0.0,0.0,0.0,832
VBL.NS,Varun Beverages Limited,Consumer Defensive,Consumer Defensive,Consumer Defensive,True,F&O,1,Stage 3,Stage 3,Late,0.76,"Prior strength has shifted into a Stage 3 transition based on trend, relative strength, and volume evidence.",,,2026-07-12,,Stage 3 Late,0.0,Weak,Volume Normal,Volume Normal (0.99x vs 10W Avg),-5.8,Underperformed Nifty by 5.8% in 3 Months,False,-5.8,6.83,2310976988.53,0.88,1.37,0.99,False,False,"Stage 3, Late, flags=Wider Risk;Low Liquidity, distribution_or_weakening_risk",watchlist,weekly_watchlist,watchlist,7.71,2.5,0.0,0.0,0.0,833
IRCON.NS,Ircon International Limited,Engineering & Construction,Industrials,Industrials,False,Cash,1,Stage 4,Stage 4,Stage 4,0.86,Price is below the 30-week trend and below long-term support structure.,,,,,Stage 4,0.0,Weak,Volume Expanding,Volume Expanding (12.39x vs 10W Avg),-5.42,Underperformed Nifty by 5.42% in 3 Months,False,-5.42,-7.56,624820564.04,3.26,49.15,12.39,False,False,"Stage 4, Stage 4, weekly_vcp_ok, weekly_strong, flags=Wide Weekly Base;Wide Risk;Low Liquidity, downtrend",watchlist,weekly_watchlist,watchlist,7.3,30.2,0.0,0.0,0.0,834
INDIASHLTR.NS,India Shelter Finance Corporation Limited,Mortgage Finance,Financial Services,Financial Services,False,Cash,1,Stage 4,Stage 4,Stage 4,0.86,Price is below the 30-week trend and below long-term support structure.,,,,,Stage 4,0.0,Weak,Volume Drying Up,Volume Normal (0.94x vs 10W Avg),-12.73,Underperformed Nifty by 12.73% in 3 Months,False,-12.73,-16.92,59366044.67,0.71,0.49,0.94,True,False,"Stage 4, Stage 4, volume_dryup, flags=Loose Structure;Wide Risk, downtrend",watchlist,weekly_watchlist,watchlist,6.73,0.2,0.0,0.0,0.0,835
SYMPHONY.NS,Symphony Limited,"Furnishings, Fixtures & Appliances",Consumer Cyclical,Consumer Cyclical,False,Cash,1,Stage 4,Stage 4,Stage 4,0.86,Price is below the 30-week trend and below long-term support structure.,,,,,Stage 4,0.0,Weak,Volume Drying Up,Volume Drying Up (0.39x vs 10W Avg),-9.93,Underperformed Nifty by 9.93% in 3 Months,False,-9.93,-19.59,188970252.55,0.32,0.08,0.39,True,True,"Stage 4, Stage 4, weekly_vcp_ok, volume_dryup, weekly_volume_dryup, weekly_strong, flags=Wide Risk;Low Liquidity, downtrend",watchlist,weekly_watchlist,watchlist,6.3,30.2,0.0,0.0,0.0,836
AWFIS.NS,Awfis Space Solutions Limited,Industrials,Industrials,Industrials,False,Cash,1,Stage 4,Stage 4,Stage 4,0.86,Price is below the 30-week trend and below long-term support structure.,,,,,Stage 4,0.0,Weak,Volume Drying Up,Volume Drying Up (0.59x vs 10W Avg),-12.24,Underperformed Nifty by 12.24% in 3 Months,False,-12.24,-14.55,486888255.23,0.54,0.16,0.59,True,True,"Stage 4, Stage 4, weekly_vcp_ok, volume_dryup, weekly_volume_dryup, weekly_strong, flags=Wide Base;Wide Weekly Base;Wide Risk;Low Liquidity, downtrend",watchlist,weekly_watchlist,watchlist,6.3,30.2,0.0,0.0,0.0,837
IGL.NS,Indraprastha Gas Limited,Utilities,Utilities,Utilities,False,Cash,1,Stage 4,Stage 4,Stage 4,0.86,Price is below the 30-week trend and below long-term support structure.,,,,,Stage 4,0.0,Neutral,Volume Normal,Volume Normal (1.14x vs 10W Avg),2.46,Outperformed Nifty by 2.46% in 3 Months,False,2.46,-3.04,265423176.65,1.09,1.39,1.14,False,False,"Stage 4, Stage 4, flags=Wide Risk;Low Liquidity, downtrend",watchlist,weekly_watchlist,watchlist,6.25,0.0,0.0,0.0,0.0,838
BRITANNIA.NS,Britannia Industries Limited,Packaged Foods,Consumer Defensive,Consumer Defensive,True,F&O,1,Stage 4,Stage 4,Stage 4,0.66,Price is below weekly structure.,,,,,Stage 4,0.0,Weak,Volume Expanding,Volume Normal (1.15x vs 10W Avg),-3.17,Underperformed Nifty by 3.17% in 3 Months,False,-3.17,-12.69,1243692754.38,0.95,1.87,1.15,False,False,"Stage 4, Stage 4, flags=Wide Risk;Low Liquidity, downtrend",watchlist,weekly_watchlist,watchlist,5.78,2.4,0.0,0.0,0.0,839
NH.NS,Narayana Hrudayalaya Ltd.,Medical Care Facilities,Healthcare,Healthcare,False,Cash,1,Stage 4,Stage 4,Stage 4,0.66,Price is below weekly structure.,,,2026-07-31,,Stage 4,0.0,Neutral,Volume Drying Up,Volume Normal (1.17x vs 10W Avg),-3.39,Underperformed Nifty by 3.39% in 3 Months,False,-3.39,4.32,391023649.14,0.78,1.48,1.17,True,False,"Stage 4, Stage 4, volume_dryup, flags=Wide Risk;Low Liquidity, downtrend",watchlist,weekly_watchlist,watchlist,5.32,0.0,0.0,0.0,0.0,840
NBCC.NS,NBCC (India) Limited,Engineering & Construction,Industrials,Industrials,True,F&O,1,Stage 4,Stage 4,Stage 4,0.86,Price is below the 30-week trend and below long-term support structure.,,,,,Stage 4,0.0,Weak,Volume Normal,Volume Normal (1.08x vs 10W Avg),-13.82,Underperformed Nifty by 13.82% in 3 Months,False,-13.82,-7.37,380106295.87,0.98,1.29,1.08,False,False,"Stage 4, Stage 4, flags=Wide Weekly Base;Wide Risk;Low Liquidity, downtrend",watchlist,weekly_watchlist,watchlist,5.19,0.2,0.0,0.0,0.0,841
TRIVENI.NS,Triveni Engineering & Industries Limited,Consumer Defensive,Consumer Defensive,Consumer Defensive,False,Cash,1,Stage 4,Stage 4,Stage 4,0.86,Price is below the 30-week trend and below long-term support structure.,,,2026-07-21,,Stage 4,0.0,Weak,Volume Drying Up,Volume Drying Up (0.69x vs 10W Avg),-41.58,Underperformed Nifty by 41.58% in 3 Months,False,-41.58,-40.96,173551575.23,0.64,0.29,0.69,True,True,"Stage 4, Stage 4, volume_dryup, weekly_volume_dryup, flags=Wide Base;Wide Weekly Base;Loose Structure;Wide Risk;Corporate Action Check, downtrend",watchlist,weekly_watchlist,watchlist,5.1,0.0,0.0,0.0,0.0,842
TCS.NS,Tata Consultancy Services Limited,Information Technology Services,Technology,Technology,True,F&O,1,Stage 4,Stage 4,Stage 4,0.86,Price is below the 30-week trend and below long-term support structure.,,,,,Stage 4,0.0,Weak,Volume Normal,Volume Normal (1.03x vs 10W Avg),7.01,Outperformed Nifty by 7.01% in 3 Months,False,7.01,-19.01,6425898271.37,1.08,1.31,1.03,False,False,"Stage 4, Stage 4, flags=Wide Risk;Low Liquidity, downtrend",watchlist,weekly_watchlist,watchlist,4.8,0.0,0.0,0.0,0.0,843
CHAMBLFERT.NS,Chambal Fertilizers & Chemicals Limited,Agricultural Inputs,Basic Materials,Basic Materials,False,Cash,1,Stage 4,Stage 4,Stage 4,0.66,Price is below weekly structure.,,,,,Stage 4,0.0,Weak,Volume Normal,Volume Normal (0.91x vs 10W Avg),-6.07,Underperformed Nifty by 6.07% in 3 Months,False,-6.07,-8.89,190821837.23,0.9,0.68,0.91,False,False,"Stage 4, Stage 4, flags=Wide Risk;Low Liquidity, downtrend",watchlist,weekly_watchlist,watchlist,4.78,0.0,0.0,0.0,0.0,844
BAYERCROP.NS,Bayer Cropscience Limited,Agricultural Inputs,Basic Materials,Basic Materials,False,Cash,1,Stage 4,Stage 4,Stage 4,0.86,Price is below the 30-week trend and below long-term support structure.,,,,,Stage 4,0.0,Weak,Volume Expanding,Volume Expanding (1.90x vs 10W Avg),-5.05,Underperformed Nifty by 5.05% in 3 Months,False,-5.05,-22.21,124987457.39,2.14,0.76,1.9,False,False,"Stage 4, Stage 4, flags=Wide Risk;Low Liquidity, downtrend",watchlist,weekly_watchlist,watchlist,4.7,0.0,0.0,0.0,0.0,845
TATACONSUM.NS,TATA CONSUMER PRODUCTS LIMITED,Packaged Foods,Consumer Defensive,Consumer Defensive,True,F&O,1,Stage 4,Stage 4,Stage 4,0.66,Price is below weekly structure.,,,,,Stage 4,0.0,Weak,Volume Normal,Volume Normal (1.16x vs 10W Avg),-8.26,Underperformed Nifty by 8.26% in 3 Months,False,-8.26,-11.13,1172357842.42,1.05,1.48,1.16,False,False,"Stage 4, Stage 4, flags=Wide Risk;Low Liquidity, downtrend",watchlist,weekly_watchlist,watchlist,4.1,2.4,0.0,0.0,0.0,846
JIOFIN.NS,Jio Financial Services Limited,Asset Management,Financial Services,Financial Services,True,F&O,1,Stage 4,Stage 4,Stage 4,0.86,Price is below the 30-week trend and below long-term support structure.,,,,,Stage 4,0.0,Weak,Volume Drying Up,Volume Normal (0.97x vs 10W Avg),-2.62,Underperformed Nifty by 2.62% in 3 Months,False,-2.62,-8.92,2522322273.18,0.82,1.35,0.97,True,False,"Stage 4, Stage 4, weekly_vcp_ok, volume_dryup, weekly_strong, flags=Wide Risk;Low Liquidity, downtrend",watchlist,weekly_watchlist,watchlist,3.8,31.3,0.0,0.0,0.0,847
PATANJALI.NS,Patanjali Foods Limited,Packaged Foods,Consumer Defensive,Consumer Defensive,True,F&O,1,Stage 4,Stage 4,Stage 4,0.86,Price is below the 30-week trend and below long-term support structure.,,,,,Stage 4,0.0,Weak,Volume Drying Up,Volume Drying Up (0.58x vs 10W Avg),-5.26,Underperformed Nifty by 5.26% in 3 Months,False,-5.26,-22.95,1977879513.18,1.36,0.32,0.58,False,True,"Stage 4, Stage 4, weekly_volume_dryup, flags=Wide Base;Wide Risk;Low Liquidity, downtrend",watchlist,weekly_watchlist,watchlist,3.8,3.8,0.0,0.0,0.0,848
JISLJALEQS.NS,Jain Irrigation Systems Limited,Conglomerates,Industrials,Industrials,False,Cash,1,Stage 4,Stage 4,Stage 4,0.86,Price is below the 30-week trend and below long-term support structure.,,,,,Stage 4,0.0,Weak,Volume Drying Up,Volume Drying Up (0.57x vs 10W Avg),-10.86,Underperformed Nifty by 10.86% in 3 Months,False,-10.86,-6.52,158925747.38,1.2,0.36,0.57,False,True,"Stage 4, Stage 4, weekly_volume_dryup, flags=Wide Risk;Low Liquidity, downtrend",watchlist,weekly_watchlist,watchlist,3.8,0.0,0.0,0.0,0.0,849
DREDGECORP.NS,Dredging Corporation of India Limited,Engineering & Construction,Industrials,Industrials,False,Cash,1,Failed Stage 2,Stage 3,Failed Stage 2,0.72,"This stock was recently Stage 2, but the latest structure no longer satisfies Stage 2 rules. It is kept as Failed Stage 2 until a fresh base/repair structure forms.",Recent Stage 2 break; public stage held as Failed Stage 2.,2026-09-30,2026-09-14,,Failed Stage 2,0.0,Weak,Volume Drying Up,Volume Drying Up (0.58x vs 10W Avg),-7.59,Underperformed Nifty by 7.59% in 3 Months,False,-7.59,8.42,74623996.95,0.52,0.64,0.58,True,True,"Stage 3, Early, volume_dryup, weekly_volume_dryup, flags=Wide Risk;Low Liquidity, distribution_or_weakening_risk | Stage 2 failed state applied from stage memory.",watchlist,weekly_watchlist,watchlist,3.71,0.0,0.0,0.0,0.0,850
VOLTAS.NS,Voltas Limited,"Furnishings, Fixtures & Appliances",Consumer Cyclical,Consumer Cyclical,True,F&O,1,Stage 4,Stage 4,Stage 4,0.86,Price is below the 30-week trend and below long-term support structure.,,,,,Stage 4,0.0,Weak,Volume Normal,Volume Normal (1.11x vs 10W Avg),-9.9,Underperformed Nifty by 9.9% in 3 Months,False,-9.9,-13.33,739454546.72,1.0,1.4,1.11,False,False,"Stage 4, Stage 4, weekly_vcp_ok, weekly_strong, flags=Wide Risk;Low Liquidity, downtrend",watchlist,weekly_watchlist,watchlist,3.63,31.3,0.0,0.0,0.0,851
CERA.NS,Cera Sanitaryware Limited,Building Products & Equipment,Industrials,Industrials,False,Cash,1,Stage 3,Stage 3,Early,0.68,"Prior strength has shifted into a Stage 3 transition based on trend, relative strength, and volume evidence.",,,2026-09-04,,Stage 3 Early,0.0,Weak,Volume Expanding,Volume Expanding (1.90x vs 10W Avg),-14.87,Underperformed Nifty by 14.87% in 3 Months,False,-14.87,5.72,46519261.35,1.2,3.55,1.9,False,False,"Stage 3, Early, flags=Wide Risk;Low Liquidity, distribution_or_weakening_risk",watchlist,weekly_watchlist,watchlist,3.42,0.0,0.0,0.0,0.0,852
DELHIVERY.NS,Delhivery Limited,Industrials,Industrials,Industrials,True,F&O,1,Stage 4,Stage 4,Stage 4,0.66,Price is below weekly structure.,,,2026-08-11,,Stage 4,0.0,Weak,Volume Expanding,Volume Expanding (1.59x vs 10W Avg),-14.36,Underperformed Nifty by 14.36% in 3 Months,False,-14.36,-8.6,1173612294.2,1.23,2.48,1.59,False,False,"Stage 4, Stage 4, weekly_vcp_ok, weekly_strong, flags=Wide Risk;Low Liquidity, downtrend",watchlist,weekly_watchlist,watchlist,2.4,31.3,0.0,0.0,0.0,853
ORIENTCEM.NS,Orient Cement Limited,Building Materials,Basic Materials,Basic Materials,False,Cash,1,Stage 4,Stage 4,Stage 4,0.86,Price is below the 30-week trend and below long-term support structure.,,,,,Stage 4,0.0,Weak,Volume Normal,Volume Normal (1.26x vs 10W Avg),-8.88,Underperformed Nifty by 8.88% in 3 Months,False,-8.88,-12.97,63479716.2,2.07,0.45,1.26,False,False,"Stage 4, Stage 4, weekly_vcp_ok, weekly_strong, flags=Wide Risk;Low Liquidity, downtrend",watchlist,weekly_watchlist,watchlist,1.92,32.4,0.0,0.0,0.0,854
ATGL.NS,Adani Total Gas Limited,Utilities,Utilities,Utilities,False,Cash,1,Failed Stage 2,Stage 3,Failed Stage 2,0.72,"This stock was recently Stage 2, but the latest structure no longer satisfies Stage 2 rules. It is kept as Failed Stage 2 until a fresh base/repair structure forms.",Recent Stage 2 break; public stage held as Failed Stage 2.,2026-09-30,2026-09-18,,Failed Stage 2,0.0,Weak,Volume Drying Up,Volume Drying Up (0.36x vs 10W Avg),-11.2,Underperformed Nifty by 11.2% in 3 Months,False,-11.2,13.06,1737878319.06,2.99,0.27,0.36,False,True,"Stage 3, Early, weekly_volume_dryup, flags=Wide Risk;Low Liquidity, distribution_or_weakening_risk | Stage 2 failed state applied from stage memory.",watchlist,weekly_watchlist,watchlist,1.69,0.0,0.0,0.0,0.0,855
WIPRO.NS,Wipro Limited,Information Technology Services,Technology,Technology,True,F&O,1,Stage 4,Stage 4,Stage 4,0.86,Price is below the 30-week trend and below long-term support structure.,,,,,Stage 4,0.0,Weak,Volume Expanding,Volume Expanding (3.76x vs 10W Avg),-1.24,Underperformed Nifty by 1.24% in 3 Months,False,-1.24,-22.99,2909637964.36,1.92,1.09,3.76,False,False,"Stage 4, Stage 4, flags=Wide Risk;Low Liquidity, downtrend",watchlist,weekly_watchlist,watchlist,1.14,0.0,0.0,0.0,0.0,856
HAPPSTMNDS.NS,Happiest Minds Technologies Limited,Information Technology Services,Technology,Technology,False,Cash,1,Stage 4,Stage 4,Stage 4,0.86,Price is below the 30-week trend and below long-term support structure.,,,,,Stage 4,0.0,Weak,Volume Drying Up,Volume Drying Up (0.23x vs 10W Avg),-2.92,Underperformed Nifty by 2.92% in 3 Months,False,-2.92,-18.29,269476119.66,0.29,0.22,0.23,True,True,"Stage 4, Stage 4, volume_dryup, weekly_volume_dryup, flags=Loose Structure;Wide Risk;Low Liquidity, downtrend",watchlist,weekly_watchlist,watchlist,0.62,0.0,0.0,0.0,0.0,857
SJVN.NS,SJVN Limited,Utilities - Renewable,Utilities,Utilities,False,Cash,1,Stage 4,Stage 4,Stage 4,0.86,Price is below the 30-week trend and below long-term support structure.,,,,,Stage 4,0.0,Weak,Volume Expanding,Volume Expanding (2.07x vs 10W Avg),-10.08,Underperformed Nifty by 10.08% in 3 Months,False,-10.08,-12.98,169417389.94,1.56,1.16,2.07,False,False,"Stage 4, Stage 4, weekly_vcp_ok, weekly_strong, flags=Wide Risk;Low Liquidity, downtrend",watchlist,weekly_watchlist,watchlist,0.54,31.3,0.0,0.0,0.0,858
HOMEFIRST.NS,Home First Finance Company India Limited,Mortgage Finance,Financial Services,Financial Services,False,Cash,1,Failed Stage 2,Stage 3,Failed Stage 2,0.72,"This stock was recently Stage 2, but the latest structure no longer satisfies Stage 2 rules. It is kept as Failed Stage 2 until a fresh base/repair structure forms.",Recent Stage 2 break; public stage held as Failed Stage 2.,2026-09-30,2026-09-23,,Failed Stage 2,0.0,Neutral,Volume Normal,Volume Normal (1.39x vs 10W Avg),-0.45,Underperformed Nifty by 0.45% in 3 Months,False,-0.45,12.12,324073642.35,1.65,1.17,1.39,False,False,"Stage 3, Late, weekly_vcp_ok, weekly_strong, flags=Wide Risk;Low Liquidity, distribution_or_weakening_risk | Stage 2 failed state applied from stage memory.",watchlist,weekly_watchlist,watchlist,0.0,35.37,0.0,0.0,0.0,859
PILANIINVS.NS,Pilani Investment and Industries Corporation Limited,Asset Management,Financial Services,Financial Services,False,Cash,1,Stage 4,Stage 4,Stage 4,0.86,Price is below the 30-week trend and below long-term support structure.,,,,,Stage 4,0.0,Weak,Volume Expanding,Volume Normal (1.16x vs 10W Avg),-3.42,Underperformed Nifty by 3.42% in 3 Months,False,-3.42,-11.37,11046383.44,0.96,2.7,1.16,False,False,"Stage 4, Stage 4, weekly_vcp_ok, weekly_strong, flags=Wide Risk;Low Liquidity, downtrend",watchlist,weekly_watchlist,watchlist,0.0,32.4,0.0,0.0,0.0,860
HDFCLIFE.NS,HDFC Life Insurance Company Limited,Insurance - Life,Financial Services,Financial Services,True,F&O,1,Stage 4,Stage 4,Stage 4,0.86,Price is below the 30-week trend and below long-term support structure.,,,,,Stage 4,0.0,Weak,Volume Expanding,Volume Expanding (2.07x vs 10W Avg),-0.82,Underperformed Nifty by 0.82% in 3 Months,False,-0.82,-11.38,2577783400.02,1.55,1.26,2.07,False,False,"Stage 4, Stage 4, weekly_vcp_ok, weekly_strong, flags=Wide Risk;Low Liquidity, downtrend",watchlist,weekly_watchlist,watchlist,0.0,31.3,0.0,0.0,0.0,861
HDFCAMC.NS,HDFC Asset Management Company Limited,Asset Management,Financial Services,Financial Services,True,F&O,1,Stage 4,Stage 4,Stage 4,0.66,Price is below weekly structure.,,,2026-07-15,,Stage 4,0.0,Weak,Volume Normal,Volume Normal (1.18x vs 10W Avg),-10.97,Underperformed Nifty by 10.97% in 3 Months,False,-10.97,-1.92,1431488553.46,0.98,1.26,1.18,False,False,"Stage 4, Stage 4, weekly_vcp_ok, weekly_strong, flags=Wider Risk;Low Liquidity, downtrend",watchlist,weekly_watchlist,watchlist,0.0,31.3,0.0,0.0,0.0,862
ACC.NS,ACC Limited,Building Materials,Basic Materials,Basic Materials,False,Cash,1,Stage 4,Stage 4,Stage 4,0.86,Price is below the 30-week trend and below long-term support structure.,,,,,Stage 4,0.0,Weak,Volume Normal,Volume Normal (1.43x vs 10W Avg),-7.01,Underperformed Nifty by 7.01% in 3 Months,False,-7.01,-10.92,171350915.82,1.08,0.47,1.43,False,False,"Stage 4, Stage 4, weekly_vcp_ok, weekly_strong, flags=Wide Weekly Base;Wide Risk;Low Liquidity, downtrend",watchlist,weekly_watchlist,watchlist,0.0,31.3,0.0,0.0,0.0,863
EUREKAFORB.NS,Eureka Forbes Limited,"Furnishings, Fixtures & Appliances",Consumer Cyclical,Consumer Cyclical,False,Cash,1,Stage 4,Stage 4,Stage 4,0.86,Price is below the 30-week trend and below long-term support structure.,,,,,Stage 4,0.0,Weak,Volume Expanding,Volume Expanding (1.77x vs 10W Avg),-15.82,Underperformed Nifty by 15.82% in 3 Months,False,-15.82,-23.12,70385598.87,1.37,1.83,1.77,False,False,"Stage 4, Stage 4, weekly_vcp_ok, weekly_strong, flags=Wide Weekly Base;Wide Risk;Low Liquidity, downtrend",watchlist,weekly_watchlist,watchlist,0.0,31.3,0.0,0.0,0.0,864
HEIDELBERG.NS,HeidelbergCement India Limited,Building Materials,Basic Materials,Basic Materials,False,Cash,1,Stage 4,Stage 4,Stage 4,0.86,Price is below the 30-week trend and below long-term support structure.,,,,,Stage 4,0.0,Weak,Volume Expanding,Volume Expanding (1.51x vs 10W Avg),-7.32,Underperformed Nifty by 7.32% in 3 Months,False,-7.32,-6.72,32887968.74,1.09,0.59,1.51,False,False,"Stage 4, Stage 4, weekly_vcp_ok, weekly_strong, flags=Wide Risk;Low Liquidity, downtrend",watchlist,weekly_watchlist,watchlist,0.0,31.3,0.0,0.0,0.0,865
ICICIPRULI.NS,ICICI Prudential Life Insurance Company Limited,Insurance - Life,Financial Services,Financial Services,True,F&O,1,Stage 4,Stage 4,Stage 4,0.86,Price is below the 30-week trend and below long-term support structure.,,,,,Stage 4,0.0,Weak,Volume Expanding,Volume Expanding (1.85x vs 10W Avg),-1.71,Underperformed Nifty by 1.71% in 3 Months,False,-1.71,-15.1,742065790.49,1.4,0.55,1.85,False,False,"Stage 4, Stage 4, weekly_vcp_ok, weekly_strong, flags=Wide Risk;Low Liquidity, downtrend",watchlist,weekly_watchlist,watchlist,0.0,30.2,0.0,0.0,0.0,866
FORTIS.NS,Fortis Healthcare Limited,Medical Care Facilities,Healthcare,Healthcare,True,F&O,1,Stage 4,Stage 4,Stage 4,0.66,Price is below weekly structure.,,,2026-07-15,,Stage 4,0.0,Weak,Volume Expanding,Volume Expanding (2.40x vs 10W Avg),-14.55,Underperformed Nifty by 14.55% in 3 Months,False,-14.55,-9.54,1169129273.05,1.46,5.07,2.4,False,False,"Stage 4, Stage 4, weekly_vcp_ok, weekly_strong, flags=Wide Risk;Low Liquidity, downtrend",watchlist,weekly_watchlist,watchlist,0.0,30.2,0.0,0.0,0.0,867
RVNL.NS,Rail Vikas Nigam Limited,Engineering & Construction,Industrials,Industrials,True,F&O,1,Stage 4,Stage 4,Stage 4,0.86,Price is below the 30-week trend and below long-term support structure.,,,,,Stage 4,0.0,Weak,Volume Expanding,Volume Expanding (1.50x vs 10W Avg),-6.65,Underperformed Nifty by 6.65% in 3 Months,False,-6.65,-23.83,1087880090.51,1.26,3.95,1.5,False,False,"Stage 4, Stage 4, weekly_vcp_ok, weekly_strong, flags=Wide Weekly Base;Wide Risk;Low Liquidity, downtrend",watchlist,weekly_watchlist,watchlist,0.0,30.2,0.0,0.0,0.0,868
CENTURYPLY.NS,Century Plyboards (India) Limited,Basic Materials,Basic Materials,Basic Materials,False,Cash,1,Stage 4,Stage 4,Stage 4,0.66,Price is below weekly structure.,,,,,Stage 4,0.0,Weak,Volume Expanding,Volume Expanding (2.09x vs 10W Avg),-5.41,Underperformed Nifty by 5.41% in 3 Months,False,-5.41,-6.0,65414365.87,1.64,0.76,2.09,False,False,"Stage 4, Stage 4, weekly_vcp_ok, weekly_strong, flags=Wide Risk;Low Liquidity, downtrend",watchlist,weekly_watchlist,watchlist,0.0,30.2,0.0,0.0,0.0,869
BIKAJI.NS,Bikaji Foods International Limited,Packaged Foods,Consumer Defensive,Consumer Defensive,False,Cash,1,Stage 4,Stage 4,Stage 4,0.86,Price is below the 30-week trend and below long-term support structure.,,,,,Stage 4,0.0,Weak,Volume Normal,Volume Normal (1.21x vs 10W Avg),-13.4,Underperformed Nifty by 13.4% in 3 Months,False,-13.4,-19.09,216578222.65,2.58,0.53,1.21,False,False,"Stage 4, Stage 4, weekly_vcp_ok, weekly_strong, flags=Wide Risk;Low Liquidity, downtrend",watchlist,weekly_watchlist,watchlist,0.0,30.2,0.0,0.0,0.0,870
CANFINHOME.NS,Can Fin Homes Limited,Mortgage Finance,Financial Services,Financial Services,False,Cash,1,Stage 4,Stage 4,Stage 4,0.66,Price is below weekly structure.,,,2026-07-17,,Stage 4,0.0,Weak,Volume Normal,Volume Normal (0.89x vs 10W Avg),-14.92,Underperformed Nifty by 14.92% in 3 Months,False,-14.92,-12.55,199955245.33,1.18,0.94,0.89,False,True,"Stage 4, Stage 4, weekly_vcp_ok, weekly_volume_dryup, weekly_strong, flags=Wide Risk;Low Liquidity, downtrend",watchlist,weekly_watchlist,watchlist,0.0,30.2,0.0,0.0,0.0,871
STARCEMENT.NS,Star Cement Limited,Building Materials,Basic Materials,Basic Materials,False,Cash,1,Stage 4,Stage 4,Stage 4,0.86,Price is below the 30-week trend and below long-term support structure.,,,,,Stage 4,0.0,Weak,Volume Drying Up,Volume Drying Up (0.78x vs 10W Avg),-5.56,Underperformed Nifty by 5.56% in 3 Months,False,-5.56,-14.49,37892082.85,0.73,0.4,0.78,True,True,"Stage 4, Stage 4, weekly_vcp_ok, volume_dryup, weekly_volume_dryup, weekly_strong, flags=Wider Risk;Low Liquidity, downtrend",watchlist,weekly_watchlist,watchlist,0.0,30.2,0.0,0.0,0.0,872
JLHL.NS,Jupiter Life Line Hospitals Limited,Medical Care Facilities,Healthcare,Healthcare,False,Cash,1,Stage 4,Stage 4,Stage 4,0.66,Price is below weekly structure.,,,2026-08-28,,Stage 4,0.0,Weak,Volume Expanding,Volume Expanding (2.78x vs 10W Avg),-6.36,Underperformed Nifty by 6.36% in 3 Months,False,-6.36,4.02,46197623.1,1.49,2.31,2.78,False,False,"Stage 4, Stage 4, weekly_vcp_ok, weekly_strong, flags=Loose Structure;Wide Risk;Low Liquidity, downtrend",watchlist,weekly_watchlist,watchlist,0.0,30.2,0.0,0.0,0.0,873
BORORENEW.NS,BOROSIL RENEWABLES LIMITED,Solar,Technology,Technology,False,Cash,1,Stage 4,Stage 4,Stage 4,0.86,Price is below the 30-week trend and below long-term support structure.,,,2026-08-20,,Stage 4,0.0,Weak,Volume Drying Up,Volume Drying Up (0.82x vs 10W Avg),-19.9,Underperformed Nifty by 19.9% in 3 Months,False,-19.9,7.35,208960698.29,1.06,1.21,0.82,False,True,"Stage 4, Stage 4, weekly_vcp_ok, weekly_volume_dryup, weekly_strong, flags=Wide Weekly Base;Loose Structure;Wide Risk;Low Liquidity, downtrend",watchlist,weekly_watchlist,watchlist,0.0,30.2,0.0,0.0,0.0,874
PNCINFRA.NS,PNC Infratech Limited,Engineering & Construction,Industrials,Industrials,False,Cash,1,Stage 4,Stage 4,Stage 4,0.86,Price is below the 30-week trend and below long-term support structure.,,,,,Stage 4,0.0,Weak,Volume Normal,Volume Normal (1.04x vs 10W Avg),-37.99,Underperformed Nifty by 37.99% in 3 Months,False,-37.99,-23.41,312458125.75,1.45,0.48,1.04,False,False,"Stage 4, Stage 4, weekly_vcp_ok, weekly_strong, flags=Wide Base;Wide Weekly Base;Loose Structure;Wide Risk;Low Liquidity, downtrend",watchlist,weekly_watchlist,watchlist,0.0,30.2,0.0,0.0,0.0,875
AHLUCONT.NS,Ahluwalia Contracts (India) Limited,Engineering & Construction,Industrials,Industrials,False,Cash,1,Stage 4,Stage 4,Stage 4,0.86,Price is below the 30-week trend and below long-term support structure.,,,,,Stage 4,0.0,Weak,Volume Drying Up,Volume Normal (1.10x vs 10W Avg),-28.67,Underperformed Nifty by 28.67% in 3 Months,False,-28.67,-25.43,41342626.68,0.85,0.81,1.1,True,False,"Stage 4, Stage 4, weekly_vcp_ok, volume_dryup, weekly_strong, flags=Loose Structure;Wide Risk;Low Liquidity, downtrend",watchlist,weekly_watchlist,watchlist,0.0,30.2,0.0,0.0,0.0,876
WEBELSOLAR.NS,Websol Energy System Limited,Solar,Technology,Technology,False,Cash,1,Stage 4,Stage 4,Stage 4,0.86,Price is below the 30-week trend and below long-term support structure.,,,,,Stage 4,0.0,Weak,Volume Drying Up,Volume Drying Up (0.75x vs 10W Avg),-24.53,Underperformed Nifty by 24.53% in 3 Months,False,-24.53,-7.9,132655406.85,0.77,0.48,0.75,True,True,"Stage 4, Stage 4, weekly_vcp_ok, volume_dryup, weekly_volume_dryup, weekly_strong, flags=Wide Base;Wide Weekly Base;Loose Structure;Wide Risk;Low Liquidity, downtrend",watchlist,weekly_watchlist,watchlist,0.0,30.2,0.0,0.0,0.0,877
POLICYBZR.NS,PB Fintech Limited,Financial Services,Financial Services,Financial Services,True,F&O,1,Failed Stage 2,Stage 4,Failed Stage 2,0.72,"This stock was recently Stage 2, but the latest structure no longer satisfies Stage 2 rules. It is kept as Failed Stage 2 until a fresh base/repair structure forms.",Recent Stage 2 break; public stage held as Failed Stage 2.,2026-09-30,2026-09-23,,Failed Stage 2,0.0,Weak,Volume Expanding,Volume Expanding (8.44x vs 10W Avg),-25.89,Underperformed Nifty by 25.89% in 3 Months,False,-25.89,-28.41,8079060413.28,3.66,2.0,8.44,False,False,"Stage 4, Stage 4, weekly_vcp_ok, weekly_strong, flags=Loose Structure;Wide Risk;Circuit Risk;Corporate Action Check;Low Liquidity, downtrend | Stage 2 failed state applied from stage memory.",watchlist,weekly_watchlist,watchlist,0.0,27.1,0.0,0.0,0.0,878
DCMSHRIRAM.NS,DCM Shriram Limited,Conglomerates,Industrials,Industrials,False,Cash,1,Stage 4,Stage 4,Stage 4,0.86,Price is below the 30-week trend and below long-term support structure.,,,,,Stage 4,0.0,Weak,Volume Drying Up,Volume Normal (0.88x vs 10W Avg),-2.88,Underperformed Nifty by 2.88% in 3 Months,False,-2.88,-21.53,62475314.56,0.55,0.65,0.88,True,True,"Stage 4, Stage 4, volume_dryup, weekly_volume_dryup, flags=Wide Risk;Low Liquidity, downtrend",watchlist,weekly_watchlist,watchlist,0.0,10.47,0.0,0.0,0.0,879
INTERARCH.NS,Interarch Building Solutions Limited,Engineering & Construction,Industrials,Industrials,False,Cash,1,Stage 4,Stage 4,Stage 4,0.86,Price is below the 30-week trend and below long-term support structure.,,,,,Stage 4,0.0,Weak,Volume Normal,Volume Normal (1.09x vs 10W Avg),-3.5,Underperformed Nifty by 3.5% in 3 Months,False,-3.5,-9.1,76291013.82,0.88,0.7,1.09,False,False,"Stage 4, Stage 4, flags=Low Liquidity, downtrend",watchlist,weekly_watchlist,watchlist,0.0,8.67,0.0,0.0,0.0,880
IFBIND.NS,IFB Industries Limited,"Furnishings, Fixtures & Appliances",Consumer Cyclical,Consumer Cyclical,False,Cash,1,Stage 4,Stage 4,Stage 4,0.86,Price is below the 30-week trend and below long-term support structure.,,,,,Stage 4,0.0,Neutral,Volume Drying Up,Volume Drying Up (0.53x vs 10W Avg),1.02,Outperformed Nifty by 1.02% in 3 Months,False,1.02,21.38,37294766.04,0.62,0.69,0.53,True,True,"Stage 4, Stage 4, volume_dryup, weekly_volume_dryup, flags=Wide Weekly Base;Wider Risk;Low Liquidity, downtrend",watchlist,weekly_watchlist,watchlist,0.0,2.44,0.0,0.0,0.0,881
IEX.NS,Indian Energy Exchange Limited,Capital Markets,Financial Services,Financial Services,True,F&O,1,Stage 4,Stage 4,Stage 4,0.86,Price is below the 30-week trend and below long-term support structure.,,,,,Stage 4,0.0,Weak,Volume Drying Up,Volume Normal (0.87x vs 10W Avg),-6.69,Underperformed Nifty by 6.69% in 3 Months,False,-6.69,-15.69,412678137.41,0.72,1.19,0.87,True,True,"Stage 4, Stage 4, volume_dryup, weekly_volume_dryup, flags=Wide Risk;Low Liquidity, downtrend",watchlist,weekly_watchlist,watchlist,0.0,2.4,0.0,0.0,0.0,882
ADANIGREEN.NS,Adani Green Energy Limited,Utilities - Renewable,Utilities,Utilities,True,F&O,1,Stage 3,Stage 3,Early,0.68,"Prior strength has shifted into a Stage 3 transition based on trend, relative strength, and volume evidence.",,,2026-08-07,,Stage 3 Early,0.0,Neutral,Volume Drying Up,Volume Normal (0.96x vs 10W Avg),-10.71,Underperformed Nifty by 10.71% in 3 Months,False,-10.71,36.82,1468465256.51,0.8,1.05,0.96,True,False,"Stage 3, Early, volume_dryup, flags=Wide Risk;Low Liquidity, distribution_or_weakening_risk",watchlist,weekly_watchlist,watchlist,0.0,1.21,0.0,0.0,0.0,883
SUMICHEM.NS,Sumitomo Chemical India Limited,Agricultural Inputs,Basic Materials,Basic Materials,False,Cash,1,Failed Stage 2,Stage 3,Failed Stage 2,0.72,"This stock was recently Stage 2, but the latest structure no longer satisfies Stage 2 rules. It is kept as Failed Stage 2 until a fresh base/repair structure forms.",Recent Stage 2 break; public stage held as Failed Stage 2.,2026-09-30,2026-09-14,,Failed Stage 2,0.0,Weak,Volume Drying Up,Volume Drying Up (0.49x vs 10W Avg),-3.48,Underperformed Nifty by 3.48% in 3 Months,False,-3.48,9.14,128747364.11,0.8,1.13,0.49,True,True,"Stage 3, Early, volume_dryup, weekly_volume_dryup, flags=Loose Structure;Wide Risk;Low Liquidity, distribution_or_weakening_risk | Stage 2 failed state applied from stage memory.",watchlist,weekly_watchlist,watchlist,0.0,0.37,0.0,0.0,0.0,884
WAAREEENER.NS,Waaree Energies Limited,Solar,Technology,Technology,True,F&O,1,Stage 4,Stage 4,Stage 4,0.86,Price is below the 30-week trend and below long-term support structure.,,,,,Stage 4,0.0,Weak,Volume Drying Up,Volume Drying Up (0.80x vs 10W Avg),-10.58,Underperformed Nifty by 10.58% in 3 Months,False,-10.58,-24.24,1443617098.26,0.98,0.73,0.8,False,True,"Stage 4, Stage 4, weekly_volume_dryup, flags=Wide Risk;Low Liquidity, downtrend",watchlist,weekly_watchlist,watchlist,0.0,0.2,0.0,0.0,0.0,885
WAAREERTL.NS,Waaree Renewable Technologies Limited,Utilities - Renewable,Utilities,Utilities,False,Cash,1,Stage 4,Stage 4,Stage 4,0.86,Price is below the 30-week trend and below long-term support structure.,,,,,Stage 4,0.0,Weak,Volume Drying Up,Volume Drying Up (0.63x vs 10W Avg),-11.53,Underperformed Nifty by 11.53% in 3 Months,False,-11.53,-5.58,99266873.21,1.0,0.73,0.63,False,True,"Stage 4, Stage 4, weekly_volume_dryup, flags=Wider Risk;Low Liquidity, downtrend",watchlist,weekly_watchlist,watchlist,0.0,0.2,0.0,0.0,0.0,886
VSTIND.NS,VST Industries Limited,Consumer Defensive,Consumer Defensive,Consumer Defensive,False,Cash,1,Stage 4,Stage 4,Stage 4,0.66,Price is below weekly structure.,,,,,Stage 4,0.0,Weak,Volume Drying Up,Volume Drying Up (0.53x vs 10W Avg),-13.9,Underperformed Nifty by 13.9% in 3 Months,False,-13.9,-1.42,21674683.61,0.69,0.75,0.53,True,True,"Stage 4, Stage 4, volume_dryup, weekly_volume_dryup, flags=Wide Risk;Low Liquidity, downtrend",watchlist,weekly_watchlist,watchlist,0.0,0.2,0.0,0.0,0.0,887
CRIZAC.NS,Crizac Limited,Consumer Defensive,Consumer Defensive,Consumer Defensive,False,Cash,1,Stage 4,Stage 4,Stage 4,0.86,Price is below the 30-week trend and below long-term support structure.,,,,,Stage 4,0.0,Weak,Volume Drying Up,Volume Normal (1.15x vs 10W Avg),-7.81,Underperformed Nifty by 7.81% in 3 Months,False,-7.81,-16.34,59509710.11,0.8,0.33,1.15,True,False,"Stage 4, Stage 4, volume_dryup, flags=Wide Weekly Base;Wide Risk;Low Liquidity, downtrend",watchlist,weekly_watchlist,watchlist,0.0,0.2,0.0,0.0,0.0,888
ADANIENSOL.NS,Adani Energy Solutions Limited,Utilities,Utilities,Utilities,True,F&O,1,Failed Stage 2,Stage 3,Failed Stage 2,0.72,"This stock was recently Stage 2, but the latest structure no longer satisfies Stage 2 rules. It is kept as Failed Stage 2 until a fresh base/repair structure forms.",Recent Stage 2 break; public stage held as Failed Stage 2.,2026-09-30,2026-09-18,,Failed Stage 2,0.0,Weak,Volume Drying Up,Volume Drying Up (0.59x vs 10W Avg),-12.19,Underperformed Nifty by 12.19% in 3 Months,False,-12.19,32.0,1961212086.89,0.59,0.36,0.59,True,True,"Stage 3, Late, volume_dryup, weekly_volume_dryup, flags=Loose Structure;Wide Risk;Low Liquidity, distribution_or_weakening_risk | Stage 2 failed state applied from stage memory.",watchlist,weekly_watchlist,watchlist,0.0,0.0,0.0,0.0,0.0,889
BSE.NS,BSE Limited,Financial Services,Financial Services,Financial Services,True,F&O,1,Stage 4,Stage 4,Stage 4,0.66,Price is below weekly structure.,,,2026-07-27,,Stage 4,0.0,Weak,Volume Expanding,Volume Expanding (2.60x vs 10W Avg),-11.68,Underperformed Nifty by 11.68% in 3 Months,False,-11.68,3.77,17315105170.12,1.49,1.27,2.6,False,False,"Stage 4, Stage 4, flags=Wide Risk;Low Liquidity, downtrend",watchlist,weekly_watchlist,watchlist,0.0,0.0,0.0,0.0,0.0,890
VEDL.NS,Vedanta Limited,Basic Materials,Basic Materials,Basic Materials,True,F&O,1,Stage 4,Stage 4,Stage 4,0.86,Price is below the 30-week trend and below long-term support structure.,,,,,Stage 4,0.0,Weak,Volume Drying Up,Volume Drying Up (0.69x vs 10W Avg),-1.36,Underperformed Nifty by 1.36% in 3 Months,False,-1.36,-64.98,1768446193.1,0.7,0.92,0.69,True,True,"Stage 4, Stage 4, volume_dryup, weekly_volume_dryup, flags=Wide Risk;Low Liquidity, downtrend",watchlist,weekly_watchlist,watchlist,0.0,0.0,0.0,0.0,0.0,891
NAM-INDIA.NS,Nippon Life India Asset Management Limited,Asset Management,Financial Services,Financial Services,True,F&O,1,Failed Stage 2,Stage 3,Failed Stage 2,0.72,"This stock was recently Stage 2, but the latest structure no longer satisfies Stage 2 rules. It is kept as Failed Stage 2 until a fresh base/repair structure forms.",Recent Stage 2 break; public stage held as Failed Stage 2.,2026-09-30,2026-09-25,,Failed Stage 2,0.0,Neutral,Volume Drying Up,Volume Drying Up (0.78x vs 10W Avg),-4.59,Underperformed Nifty by 4.59% in 3 Months,False,-4.59,28.87,1119235415.82,0.77,0.57,0.78,True,True,"Stage 3, Late, volume_dryup, weekly_volume_dryup, flags=Wider Risk;Low Liquidity, distribution_or_weakening_risk | Stage 2 failed state applied from stage memory.",watchlist,weekly_watchlist,watchlist,0.0,0.0,0.0,0.0,0.0,892
TIINDIA.NS,Tube Investments of India Limited,Conglomerates,Industrials,Industrials,True,F&O,1,Stage 4,Stage 4,Stage 4,0.66,Price is below weekly structure.,,,2026-08-19,,Stage 4,0.0,Weak,Volume Drying Up,Volume Normal (0.88x vs 10W Avg),-14.15,Underperformed Nifty by 14.15% in 3 Months,False,-14.15,-9.48,540855704.07,0.66,3.48,0.88,True,True,"Stage 4, Stage 4, volume_dryup, weekly_volume_dryup, flags=Wider Risk;Low Liquidity, downtrend",watchlist,weekly_watchlist,watchlist,0.0,0.0,0.0,0.0,0.0,893
FACT.NS,Fertilizers and Chemicals Travancore Limited,Agricultural Inputs,Basic Materials,Basic Materials,False,Cash,1,Stage 4,Stage 4,Stage 4,0.66,Price is below weekly structure.,,,,,Stage 4,0.0,Weak,Volume Drying Up,Volume Drying Up (0.24x vs 10W Avg),-6.88,Underperformed Nifty by 6.88% in 3 Months,False,-6.88,-5.44,158174807.28,0.32,0.07,0.24,True,True,"Stage 4, Stage 4, volume_dryup, weekly_volume_dryup, flags=Wide Risk;Low Liquidity, downtrend",watchlist,weekly_watchlist,watchlist,0.0,0.0,0.0,0.0,0.0,894
THERMAX.NS,Thermax Limited,Conglomerates,Industrials,Industrials,False,Cash,1,Stage 4,Stage 4,Stage 4,0.66,Price is below weekly structure.,,,2026-07-24,,Stage 4,0.0,Weak,Volume Drying Up,Volume Drying Up (0.70x vs 10W Avg),-21.58,Underperformed Nifty by 21.58% in 3 Months,False,-21.58,4.69,553426647.19,0.69,3.35,0.7,True,True,"Stage 4, Stage 4, volume_dryup, weekly_volume_dryup, flags=Loose Structure;Wide Risk;Low Liquidity, downtrend",watchlist,weekly_watchlist,watchlist,0.0,0.0,0.0,0.0,0.0,895
PIIND.NS,PI Industries Limited,Agricultural Inputs,Basic Materials,Basic Materials,True,F&O,1,Stage 4,Stage 4,Stage 4,0.86,Price is below the 30-week trend and below long-term support structure.,,,,,Stage 4,0.0,Weak,Volume Drying Up,Volume Drying Up (0.76x vs 10W Avg),-6.58,Underperformed Nifty by 6.58% in 3 Months,False,-6.58,-19.23,640322403.53,1.02,0.72,0.76,False,True,"Stage 4, Stage 4, weekly_volume_dryup, flags=Wide Risk;Low Liquidity, downtrend",watchlist,weekly_watchlist,watchlist,0.0,0.0,0.0,0.0,0.0,896
PREMIERENE.NS,Premier Energies Limited,Solar,Technology,Technology,True,F&O,1,Stage 4,Stage 4,Stage 4,0.66,Price is below weekly structure.,,,2026-08-25,,Stage 4,0.0,Weak,Volume Normal,Volume Normal (1.22x vs 10W Avg),-8.14,Underperformed Nifty by 8.14% in 3 Months,False,-8.14,-8.99,1101509688.28,1.27,0.91,1.22,False,False,"Stage 4, Stage 4, flags=Low Liquidity, downtrend",watchlist,weekly_watchlist,watchlist,0.0,0.0,0.0,0.0,0.0,897
GODREJIND.NS,Godrej Industries Limited,Conglomerates,Industrials,Industrials,False,Cash,1,Failed Stage 2,Stage 3,Failed Stage 2,0.72,"This stock was recently Stage 2, but the latest structure no longer satisfies Stage 2 rules. It is kept as Failed Stage 2 until a fresh base/repair structure forms.",Recent Stage 2 break; public stage held as Failed Stage 2.,2026-09-30,2026-09-23,,Failed Stage 2,0.0,Weak,Volume Drying Up,Volume Normal (0.89x vs 10W Avg),-7.24,Underperformed Nifty by 7.24% in 3 Months,False,-7.24,20.82,94905291.37,0.7,0.34,0.89,True,True,"Stage 3, Early, volume_dryup, weekly_volume_dryup, flags=Loose Structure;Wide Risk;Low Liquidity, distribution_or_weakening_risk | Stage 2 failed state applied from stage memory.",watchlist,weekly_watchlist,watchlist,0.0,0.0,0.0,0.0,0.0,898
NIACL.NS,The New India Assurance Company Limited,Financial Services,Financial Services,Financial Services,False,Cash,1,Failed Stage 2,Stage 3,Failed Stage 2,0.72,"This stock was recently Stage 2, but the latest structure no longer satisfies Stage 2 rules. It is kept as Failed Stage 2 until a fresh base/repair structure forms.",Recent Stage 2 break; public stage held as Failed Stage 2.,2026-09-30,2026-09-25,,Failed Stage 2,0.0,Neutral,Volume Drying Up,Volume Drying Up (0.37x vs 10W Avg),-2.69,Underperformed Nifty by 2.69% in 3 Months,False,-2.69,34.22,2471249400.09,0.91,0.12,0.37,False,True,"Stage 3, Late, weekly_volume_dryup, flags=Loose Structure;Wide Risk;Low Liquidity, distribution_or_weakening_risk | Stage 2 failed state applied from stage memory.",watchlist,weekly_watchlist,watchlist,0.0,0.0,0.0,0.0,0.0,899
CESC.NS,CESC Limited,Utilities,Utilities,Utilities,False,Cash,1,Stage 4,Stage 4,Stage 4,0.86,Price is below the 30-week trend and below long-term support structure.,,,,,Stage 4,0.0,Weak,Volume Normal,Volume Normal (1.34x vs 10W Avg),-11.17,Underperformed Nifty by 11.17% in 3 Months,False,-11.17,-10.77,277820515.14,1.15,0.85,1.34,False,False,"Stage 4, Stage 4, flags=Wide Risk;Low Liquidity, downtrend",watchlist,weekly_watchlist,watchlist,0.0,0.0,0.0,0.0,0.0,900
CROMPTON.NS,Crompton Greaves Consumer Electricals Limited,"Furnishings, Fixtures & Appliances",Consumer Cyclical,Consumer Cyclical,True,F&O,1,Stage 4,Stage 4,Stage 4,0.86,Price is below the 30-week trend and below long-term support structure.,,,,,Stage 4,0.0,Weak,Volume Drying Up,Volume Drying Up (0.78x vs 10W Avg),-15.65,Underperformed Nifty by 15.65% in 3 Months,False,-15.65,-11.26,523363070.03,0.66,0.56,0.78,True,True,"Stage 4, Stage 4, volume_dryup, weekly_volume_dryup, flags=Wide Risk;Low Liquidity, downtrend",watchlist,weekly_watchlist,watchlist,0.0,0.0,0.0,0.0,0.0,901
FSL.NS,Firstsource Solutions Limited,Information Technology Services,Technology,Technology,False,Cash,1,Stage 3,Stage 3,Early,0.68,"Prior strength has shifted into a Stage 3 transition based on trend, relative strength, and volume evidence.",,,,,Stage 3 Early,0.0,Strong,Volume Drying Up,Volume Drying Up (0.44x vs 10W Avg),9.4,Outperformed Nifty by 9.4% in 3 Months,False,9.4,11.19,751416849.31,0.31,3.38,0.44,True,True,"Stage 3, Early, volume_dryup, weekly_volume_dryup, flags=Wide Risk;Low Liquidity, distribution_or_weakening_risk",watchlist,weekly_watchlist,watchlist,0.0,0.0,0.0,0.0,0.0,902
NIVABUPA.NS,Niva Bupa Health Insurance Company Limited,Insurance - Life,Financial Services,Financial Services,False,Cash,1,Stage 4,Stage 4,Stage 4,0.66,Price is below weekly structure.,,,2026-08-10,,Stage 4,0.0,Weak,Volume Expanding,Volume Expanding (2.97x vs 10W Avg),-5.87,Underperformed Nifty by 5.87% in 3 Months,False,-5.87,0.92,99457658.01,1.53,3.77,2.97,False,False,"Stage 4, Stage 4, flags=Wide Risk;Low Liquidity, downtrend",watchlist,weekly_watchlist,watchlist,0.0,0.0,0.0,0.0,0.0,903
CCL.NS,CCL Products (India) Limited,Packaged Foods,Consumer Defensive,Consumer Defensive,False,Cash,1,Failed Stage 2,Stage 4,Failed Stage 2,0.72,"This stock was recently Stage 2, but the latest structure no longer satisfies Stage 2 rules. It is kept as Failed Stage 2 until a fresh base/repair structure forms.",Recent Stage 2 break; public stage held as Failed Stage 2.,2026-09-30,2026-09-09,,Failed Stage 2,0.0,Weak,Volume Normal,Volume Normal (0.96x vs 10W Avg),-7.98,Underperformed Nifty by 7.98% in 3 Months,False,-7.98,-12.09,146201461.89,0.95,0.97,0.96,False,False,"Stage 4, Stage 4, flags=Wide Risk;Low Liquidity, downtrend | Stage 2 failed state applied from stage memory.",watchlist,weekly_watchlist,watchlist,0.0,0.0,0.0,0.0,0.0,904
EIDPARRY.NS,EID Parry India Limited,Agricultural Inputs,Basic Materials,Basic Materials,False,Cash,1,Stage 4,Stage 4,Stage 4,0.86,Price is below the 30-week trend and below long-term support structure.,,,,,Stage 4,0.0,Weak,Volume Drying Up,Volume Drying Up (0.60x vs 10W Avg),-3.79,Underperformed Nifty by 3.79% in 3 Months,False,-3.79,-17.13,240155450.85,0.59,0.72,0.6,True,True,"Stage 4, Stage 4, volume_dryup, weekly_volume_dryup, flags=Wide Risk;Low Liquidity, downtrend",watchlist,weekly_watchlist,watchlist,0.0,0.0,0.0,0.0,0.0,905
RAINBOW.NS,Rainbow Childrens Medicare Limited,Medical Care Facilities,Healthcare,Healthcare,False,Cash,1,Failed Stage 2,Stage 3,Failed Stage 2,0.72,"This stock was recently Stage 2, but the latest structure no longer satisfies Stage 2 rules. It is kept as Failed Stage 2 until a fresh base/repair structure forms.",Recent Stage 2 break; public stage held as Failed Stage 2.,2026-09-30,2026-09-24,,Failed Stage 2,0.0,Neutral,Volume Expanding,Volume Expanding (2.83x vs 10W Avg),-1.71,Underperformed Nifty by 1.71% in 3 Months,False,-1.71,11.31,186669439.2,1.69,3.37,2.83,False,False,"Stage 3, Late, flags=Wide Risk, distribution_or_weakening_risk | Stage 2 failed state applied from stage memory.",watchlist,weekly_watchlist,watchlist,0.0,0.0,0.0,0.0,0.0,906
AFCONS.NS,Afcons Infrastructure Limited,Engineering & Construction,Industrials,Industrials,False,Cash,1,Stage 4,Stage 4,Stage 4,0.86,Price is below the 30-week trend and below long-term support structure.,,,,,Stage 4,0.0,Weak,Volume Drying Up,Volume Drying Up (0.34x vs 10W Avg),-13.79,Underperformed Nifty by 13.79% in 3 Months,False,-13.79,-14.94,763524511.59,1.03,0.17,0.34,False,True,"Stage 4, Stage 4, weekly_volume_dryup, flags=Wide Risk;Low Liquidity, downtrend",watchlist,weekly_watchlist,watchlist,0.0,0.0,0.0,0.0,0.0,907
ZENSARTECH.NS,Zensar Technologies Limited,Information Technology Services,Technology,Technology,False,Cash,1,Stage 4,Stage 4,Stage 4,0.86,Price is below the 30-week trend and below long-term support structure.,,,,,Stage 4,0.0,Weak,Volume Drying Up,Volume Drying Up (0.57x vs 10W Avg),-2.74,Underperformed Nifty by 2.74% in 3 Months,False,-2.74,-22.38,1543476141.39,0.57,0.38,0.57,True,True,"Stage 4, Stage 4, volume_dryup, weekly_volume_dryup, flags=Wide Risk;Low Liquidity, downtrend",watchlist,weekly_watchlist,watchlist,0.0,0.0,0.0,0.0,0.0,908
AAVAS.NS,Aavas Financiers Limited,Mortgage Finance,Financial Services,Financial Services,False,Cash,1,Stage 4,Stage 4,Stage 4,0.86,Price is below the 30-week trend and below long-term support structure.,,,,,Stage 4,0.0,Weak,Volume Drying Up,Volume Drying Up (0.71x vs 10W Avg),-13.15,Underperformed Nifty by 13.15% in 3 Months,False,-13.15,6.45,106537930.52,0.89,0.7,0.71,False,True,"Stage 4, Stage 4, weekly_volume_dryup, flags=Wide Risk;Low Liquidity, downtrend",watchlist,weekly_watchlist,watchlist,0.0,0.0,0.0,0.0,0.0,909
MMTC.NS,MMTC Limited,Conglomerates,Industrials,Industrials,False,Cash,1,Stage 4,Stage 4,Stage 4,0.66,Price is below weekly structure.,,,2026-08-21,,Stage 4,0.0,Weak,Volume Drying Up,Volume Drying Up (0.60x vs 10W Avg),-7.31,Underperformed Nifty by 7.31% in 3 Months,False,-7.31,-1.07,82700380.03,0.46,0.47,0.6,True,True,"Stage 4, Stage 4, volume_dryup, weekly_volume_dryup, flags=Wide Risk;Low Liquidity, downtrend",watchlist,weekly_watchlist,watchlist,0.0,0.0,0.0,0.0,0.0,910
INOXGREEN.NS,Inox Green Energy Services Limited,Utilities - Renewable,Utilities,Utilities,False,Cash,1,Stage 4,Stage 4,Stage 4,0.86,Price is below the 30-week trend and below long-term support structure.,,,,,Stage 4,0.0,Weak,Volume Normal,Volume Normal (0.90x vs 10W Avg),-15.27,Underperformed Nifty by 15.27% in 3 Months,False,-15.27,10.06,226291264.28,0.99,0.33,0.9,False,False,"Stage 4, Stage 4, flags=Wide Risk;Low Liquidity, downtrend",watchlist,weekly_watchlist,watchlist,0.0,0.0,0.0,0.0,0.0,911
TTKPRESTIG.NS,TTK Prestige Limited,"Furnishings, Fixtures & Appliances",Consumer Cyclical,Consumer Cyclical,False,Cash,1,Stage 4,Stage 4,Stage 4,0.86,Price is below the 30-week trend and below long-term support structure.,,,2026-08-27,,Stage 4,0.0,Weak,Volume Drying Up,Volume Drying Up (0.37x vs 10W Avg),-9.97,Underperformed Nifty by 9.97% in 3 Months,False,-9.97,9.5,42229441.53,0.27,0.71,0.37,True,True,"Stage 4, Stage 4, volume_dryup, weekly_volume_dryup, flags=Loose Structure;Wide Risk;Low Liquidity, downtrend",watchlist,weekly_watchlist,watchlist,0.0,0.0,0.0,0.0,0.0,912
PRSMJOHNSN.NS,Prism Johnson Limited,Building Materials,Basic Materials,Basic Materials,False,Cash,1,Stage 4,Stage 4,Stage 4,0.86,Price is below the 30-week trend and below long-term support structure.,,,,,Stage 4,0.0,Weak,Volume Drying Up,Volume Drying Up (0.18x vs 10W Avg),0.96,Outperformed Nifty by 0.96% in 3 Months,False,0.96,-13.25,41080824.44,0.15,0.11,0.18,True,True,"Stage 4, Stage 4, volume_dryup, weekly_volume_dryup, flags=Wider Risk;Low Liquidity, downtrend",watchlist,weekly_watchlist,watchlist,0.0,0.0,0.0,0.0,0.0,913
LATENTVIEW.NS,Latent View Analytics Limited,Industrials,Industrials,Industrials,False,Cash,1,Stage 4,Stage 4,Stage 4,0.86,Price is below the 30-week trend and below long-term support structure.,,,,,Stage 4,0.0,Weak,Volume Drying Up,Volume Drying Up (0.68x vs 10W Avg),-10.65,Underperformed Nifty by 10.65% in 3 Months,False,-10.65,-20.76,123441503.51,0.55,0.54,0.68,True,True,"Stage 4, Stage 4, volume_dryup, weekly_volume_dryup, flags=Loose Structure;Wide Risk;Low Liquidity, downtrend",watchlist,weekly_watchlist,watchlist,0.0,0.0,0.0,0.0,0.0,914
SFL.NS,Sheela Foam Limited,"Furnishings, Fixtures & Appliances",Consumer Cyclical,Consumer Cyclical,False,Cash,1,Failed Stage 2,Stage 3,Failed Stage 2,0.72,"This stock was recently Stage 2, but the latest structure no longer satisfies Stage 2 rules. It is kept as Failed Stage 2 until a fresh base/repair structure forms.",Recent Stage 2 break; public stage held as Failed Stage 2.,2026-09-30,2026-09-16,,Failed Stage 2,0.0,Weak,Volume Drying Up,Volume Drying Up (0.42x vs 10W Avg),-8.78,Underperformed Nifty by 8.78% in 3 Months,False,-8.78,25.53,194125707.73,0.52,0.33,0.42,True,True,"Stage 3, Early, volume_dryup, weekly_volume_dryup, flags=Wide Risk;Low Liquidity, distribution_or_weakening_risk | Stage 2 failed state applied from stage memory.",watchlist,weekly_watchlist,watchlist,0.0,0.0,0.0,0.0,0.0,915
GOKEX.NS,Gokaldas Exports Limited,Apparel Manufacturing,Consumer Cyclical,Consumer Cyclical,False,Cash,1,Failed Stage 2,Stage 4,Failed Stage 2,0.72,"This stock was recently Stage 2, but the latest structure no longer satisfies Stage 2 rules. It is kept as Failed Stage 2 until a fresh base/repair structure forms.",Recent Stage 2 break; public stage held as Failed Stage 2.,2026-09-30,2026-09-14,,Failed Stage 2,0.0,Weak,Volume Normal,Volume Normal (1.41x vs 10W Avg),-12.39,Underperformed Nifty by 12.39% in 3 Months,False,-12.39,10.13,203332176.47,1.34,0.94,1.41,False,False,"Stage 4, Stage 4, flags=Wide Risk;Low Liquidity, downtrend | Stage 2 failed state applied from stage memory.",watchlist,weekly_watchlist,watchlist,0.0,0.0,0.0,0.0,0.0,916
RALLIS.NS,Rallis India Limited,Agricultural Inputs,Basic Materials,Basic Materials,False,Cash,1,Stage 4,Stage 4,Stage 4,0.86,Price is below the 30-week trend and below long-term support structure.,,,,,Stage 4,0.0,Weak,Volume Drying Up,Volume Drying Up (0.52x vs 10W Avg),-7.14,Underperformed Nifty by 7.14% in 3 Months,False,-7.14,-21.38,100084138.04,0.71,0.84,0.52,True,True,"Stage 4, Stage 4, volume_dryup, weekly_volume_dryup, flags=Wider Risk;Low Liquidity, downtrend",watchlist,weekly_watchlist,watchlist,0.0,0.0,0.0,0.0,0.0,917
DHANUKA.NS,Dhanuka Agritech Limited,Agricultural Inputs,Basic Materials,Basic Materials,False,Cash,1,Stage 4,Stage 4,Stage 4,0.86,Price is below the 30-week trend and below long-term support structure.,,,,,Stage 4,0.0,Weak,Volume Drying Up,Volume Drying Up (0.65x vs 10W Avg),-7.9,Underperformed Nifty by 7.9% in 3 Months,False,-7.9,-6.35,20139622.06,0.64,1.13,0.65,True,True,"Stage 4, Stage 4, volume_dryup, weekly_volume_dryup, flags=Wider Risk;Low Liquidity, downtrend",watchlist,weekly_watchlist,watchlist,0.0,0.0,0.0,0.0,0.0,918
LUXIND.NS,Lux Industries Limited,Apparel Manufacturing,Consumer Cyclical,Consumer Cyclical,False,Cash,1,Stage 4,Stage 4,Stage 4,0.66,Price is below weekly structure.,,,,,Stage 4,0.0,Weak,Volume Drying Up,Volume Drying Up (0.74x vs 10W Avg),-6.72,Underperformed Nifty by 6.72% in 3 Months,False,-6.72,-9.4,59689196.11,2.53,0.29,0.74,False,True,"Stage 4, Stage 4, weekly_volume_dryup, flags=Wide Risk;Low Liquidity, downtrend",watchlist,weekly_watchlist,watchlist,0.0,0.0,0.0,0.0,0.0,919
BAJAJELEC.NS,Bajaj Electricals Limited,"Furnishings, Fixtures & Appliances",Consumer Cyclical,Consumer Cyclical,False,Cash,1,Stage 4,Stage 4,Stage 4,0.86,Price is below the 30-week trend and below long-term support structure.,,,,,Stage 4,0.0,Weak,Volume Drying Up,Volume Drying Up (0.36x vs 10W Avg),0.71,Outperformed Nifty by 0.71% in 3 Months,False,0.71,-14.44,38051758.81,0.27,1.18,0.36,True,True,"Stage 4, Stage 4, volume_dryup, weekly_volume_dryup, flags=Wide Risk;Low Liquidity, downtrend",watchlist,weekly_watchlist,watchlist,0.0,0.0,0.0,0.0,0.0,920
NACLIND.NS,NACL Industries Limited,Agricultural Inputs,Basic Materials,Basic Materials,False,Cash,1,Stage 4,Stage 4,Stage 4,0.86,Price is below the 30-week trend and below long-term support structure.,,,,,Stage 4,0.0,Weak,Volume Drying Up,Volume Drying Up (0.68x vs 10W Avg),-33.79,Underperformed Nifty by 33.79% in 3 Months,False,-33.79,-14.06,79154287.47,1.24,0.93,0.68,False,True,"Stage 4, Stage 4, weekly_volume_dryup, flags=Wide Base;Loose Structure;Wide Risk;Low Liquidity, downtrend",watchlist,weekly_watchlist,watchlist,0.0,0.0,0.0,0.0,0.0,921
NFL.NS,National Fertilizers Limited,Agricultural Inputs,Basic Materials,Basic Materials,False,Cash,1,Stage 4,Stage 4,Stage 4,0.86,Price is below the 30-week trend and below long-term support structure.,,,,,Stage 4,0.0,Weak,Volume Drying Up,Volume Normal (0.86x vs 10W Avg),-4.58,Underperformed Nifty by 4.58% in 3 Months,False,-4.58,-7.1,31568526.82,0.79,0.91,0.86,True,True,"Stage 4, Stage 4, volume_dryup, weekly_volume_dryup, flags=Wide Risk;Low Liquidity, downtrend",watchlist,weekly_watchlist,watchlist,0.0,0.0,0.0,0.0,0.0,922
INDOTHAI.NS,Indo Thai Securities Limited,Capital Markets,Financial Services,Financial Services,False,Cash,1,Stage 4,Stage 4,Stage 4,0.86,Price is below the 30-week trend and below long-term support structure.,,,,,Stage 4,0.0,Weak,Volume Drying Up,Volume Drying Up (0.42x vs 10W Avg),-79.24,Underperformed Nifty by 79.24% in 3 Months,False,-79.24,-89.94,111940801.3,0.81,0.13,0.42,True,True,"Stage 4, Stage 4, volume_dryup, weekly_volume_dryup, flags=Wide Base;Loose Structure;Wide Risk;Circuit Risk;Low Liquidity, downtrend",watchlist,weekly_watchlist,watchlist,0.0,0.0,0.0,0.0,0.0,923
KNRCON.NS,KNR Constructions Limited,Engineering & Construction,Industrials,Industrials,False,Cash,1,Stage 4,Stage 4,Stage 4,0.86,Price is below the 30-week trend and below long-term support structure.,,,,,Stage 4,0.0,Weak,Volume Drying Up,Volume Drying Up (0.55x vs 10W Avg),-1.61,Underperformed Nifty by 1.61% in 3 Months,False,-1.61,2.79,184724466.92,0.97,0.28,0.55,False,True,"Stage 4, Stage 4, weekly_volume_dryup, flags=Wider Risk;Low Liquidity, downtrend",watchlist,weekly_watchlist,watchlist,0.0,0.0,0.0,0.0,0.0,924
FLAIR.NS,Flair Writing Industries Limited,Industrials,Industrials,Industrials,False,Cash,1,Stage 4,Stage 4,Stage 4,0.86,Price is below the 30-week trend and below long-term support structure.,,,,,Stage 4,0.0,Weak,Volume Drying Up,Volume Drying Up (0.70x vs 10W Avg),-5.18,Underperformed Nifty by 5.18% in 3 Months,False,-5.18,-23.73,24709409.8,0.71,0.8,0.7,True,True,"Stage 4, Stage 4, volume_dryup, weekly_volume_dryup, flags=Wider Risk;Low Liquidity, downtrend",watchlist,weekly_watchlist,watchlist,0.0,0.0,0.0,0.0,0.0,925
RAMKY.NS,Ramky Infrastructure Limited,Engineering & Construction,Industrials,Industrials,False,Cash,1,Stage 4,Stage 4,Stage 4,0.86,Price is below the 30-week trend and below long-term support structure.,,,,,Stage 4,0.0,Weak,Volume Expanding,Volume Expanding (2.15x vs 10W Avg),-23.41,Underperformed Nifty by 23.41% in 3 Months,False,-23.41,-40.46,14072996.79,1.38,3.71,2.15,False,False,"Stage 4, Stage 4, flags=Loose Structure;Wide Risk;Low Liquidity, downtrend",watchlist,weekly_watchlist,watchlist,0.0,0.0,0.0,0.0,0.0,926
BHAGCHEM.NS,Bhagiradha Chemicals & Industries Limited,Agricultural Inputs,Basic Materials,Basic Materials,False,Cash,1,Failed Stage 2,Stage 3,Failed Stage 2,0.72,"This stock was recently Stage 2, but the latest structure no longer satisfies Stage 2 rules. It is kept as Failed Stage 2 until a fresh base/repair structure forms.",Recent Stage 2 break; public stage held as Failed Stage 2.,2026-09-30,2026-09-09,,Failed Stage 2,0.0,Weak,Volume Drying Up,Volume Drying Up (0.69x vs 10W Avg),-8.98,Underperformed Nifty by 8.98% in 3 Months,False,-8.98,19.72,17093424.67,0.77,1.07,0.69,True,True,"Stage 3, Early, volume_dryup, weekly_volume_dryup, flags=Wide Risk;Low Liquidity, distribution_or_weakening_risk | Stage 2 failed state applied from stage memory.",watchlist,weekly_watchlist,watchlist,0.0,0.0,0.0,0.0,0.0,927
PSPPROJECT.NS,PSP Projects Limited,Engineering & Construction,Industrials,Industrials,False,Cash,1,Stage 4,Stage 4,Stage 4,0.86,Price is below the 30-week trend and below long-term support structure.,,,2026-09-01,,Stage 4,0.0,Weak,Volume Normal,Volume Normal (0.91x vs 10W Avg),-23.41,Underperformed Nifty by 23.41% in 3 Months,False,-23.41,19.8,43430182.32,0.94,1.32,0.91,False,False,"Stage 4, Stage 4, flags=Loose Structure;Wide Risk;Low Liquidity, downtrend",watchlist,weekly_watchlist,watchlist,0.0,0.0,0.0,0.0,0.0,928
KPEL.NS,K.P. Energy Limited,Engineering & Construction,Industrials,Industrials,False,Cash,1,Stage 4,Stage 4,Stage 4,0.86,Price is below the 30-week trend and below long-term support structure.,,,,,Stage 4,0.0,Weak,Volume Drying Up,Volume Drying Up (0.82x vs 10W Avg),-26.65,Underperformed Nifty by 26.65% in 3 Months,False,-26.65,-24.77,76541182.85,0.98,0.71,0.82,False,True,"Stage 4, Stage 4, weekly_volume_dryup, flags=Wide Base;Loose Structure;Wide Risk;Low Liquidity, downtrend",watchlist,weekly_watchlist,watchlist,0.0,0.0,0.0,0.0,0.0,929
NITCO.NS,Nitco Limited,Building Products & Equipment,Industrials,Industrials,False,Cash,1,Failed Stage 2,Stage 4,Failed Stage 2,0.72,"This stock was recently Stage 2, but the latest structure no longer satisfies Stage 2 rules. It is kept as Failed Stage 2 until a fresh base/repair structure forms.",Recent Stage 2 break; public stage held as Failed Stage 2.,2026-09-30,2026-09-10,,Failed Stage 2,0.0,Weak,Volume Drying Up,Volume Drying Up (0.65x vs 10W Avg),-16.57,Underperformed Nifty by 16.57% in 3 Months,False,-16.57,0.7,50452012.95,0.64,0.71,0.65,True,True,"Stage 4, Stage 4, volume_dryup, weekly_volume_dryup, flags=Wide Risk;Low Liquidity, downtrend | Stage 2 failed state applied from stage memory.",watchlist,weekly_watchlist,watchlist,0.0,0.0,0.0,0.0,0.0,930
