ticker,Company Name,Industry,sector,industry_group,is_fo_stock,fo_category,Include,stage,stage_raw,stage_variant,stage_confidence,stage_reason,stage_state_reason,stage_failed_since,last_stage2_date,stage_pending_raw,public_stage_label,structure_score,relative_strength_label,volume_pattern_label,volume_pattern_display,nifty_3m_outperformance_pct,nifty_3m_outperformance_label,trend_template_pass,rs_3m_pct,rs_6m_pct,avg_turnover_inr,volume_dryup_ratio,breakout_volume_ratio,weekly_volume_ratio,volume_is_drying_up,weekly_volume_is_drying_up,notes,daily_setup_bucket,daily_score,final_daily_score,daily_pivot,daily_breakout_distance_pct,daily_contraction_depths_pct,daily_contraction_durations,daily_contraction_score,daily_base_duration_days,current_rank
APLLTD.NS,Alembic Pharmaceuticals Limited,Drug Manufacturers - Specialty & Generic,Healthcare,Healthcare,False,Cash,1,Stage 2,Stage 2,Advancing,0.8,Price is above constructive weekly and long-term trend structure with improving relative strength.,,,2026-09-25,,Stage 2 - Advancing,59.35,Very Strong,Volume Expanding,Volume Expanding (1.59x vs 10W Avg),11.06,Outperformed Nifty by 11.06% in 3 Months,True,11.06,34.39,167564148.62,1.87,1.33,1.59,False,False,"Stage 2, Advancing, trend_template_ok, weekly_vcp_ok, weekly_strong, flags=Low Liquidity",watchlist,66.67,71.67,859.0,-0.54,"[11.3, 6.93]","[32, 17]",0.9,70.0,1
CRISIL.NS,CRISIL Limited,Financial Services,Financial Services,Financial Services,False,Cash,1,Failed Stage 2,Stage 2,Failed Stage 2,0.7,Failed Stage 2 cooling period is still active; waiting for a fresh base or confirmed reclaim.,Failed Stage 2 hold period active.,,2026-09-14,,Failed Stage 2,70.99,Very Strong,Volume Expanding,Volume Normal (0.98x vs 10W Avg),19.31,Outperformed Nifty by 19.31% in 3 Months,True,19.31,25.6,269645426.27,0.94,2.66,0.98,False,False,"Stage 2, Advancing, trend_template_ok, weekly_vcp_ok, weekly_strong, flags=Wider Risk | Failed Stage 2 hold period active.",watchlist,70.29,70.29,4880.53,-4.71,"[10.43, 11.18, 9.29, 5.59]","[16, 12, 11, 6]",0.73,85.0,2
INDGN.NS,Indegene Limited,Healthcare,Healthcare,Healthcare,False,Cash,1,Stage 2,Stage 2,Advancing,0.9,Price is above constructive weekly and long-term trend structure with improving relative strength.,,,2026-09-25,,Stage 2 - Advancing,61.86,Very Strong,Volume Drying Up,Volume Normal (1.16x vs 10W Avg),24.84,Outperformed Nifty by 24.84% in 3 Months,True,24.84,32.6,284430046.29,0.79,1.23,1.16,True,False,"Stage 2, Advancing, trend_template_ok, daily_vcp_ok, weekly_vcp_ok, volume_dryup, weekly_strong, flags=Wider Risk;Low Liquidity",near_pivot,69.18,70.18,615.5,-0.36,"[12.43, 4.22]","[22, 26]",0.9,61.0,3
SUNFLAG.NS,Sunflag Iron And Steel Company Limited,Steel,Basic Materials,Basic Materials,False,Cash,1,Stage 2,Stage 2,Extended,0.78,"Weekly advancing structure remains intact, but price is stretched versus key moving averages.",,,2026-09-25,,Stage 2 - Extended,34.31,Very Strong,Volume Expanding,Volume Expanding (6.77x vs 10W Avg),31.9,Outperformed Nifty by 31.9% in 3 Months,True,31.9,112.61,233717077.65,2.8,15.43,6.77,False,False,"Stage 2, Extended, trend_template_ok, flags=Loose Structure;Extended;Wide Risk;Low Liquidity",watchlist,61.8,66.8,426.71,5.27,"[19.49, 11.67]","[9, 41]",0.9,94.0,4
SHARDAMOTR.NS,Sharda Motor Industries Limited,Auto Parts,Consumer Cyclical,Consumer Cyclical,False,Cash,1,Stage 2,Stage 2,Advancing,0.8,Price is above constructive weekly and long-term trend structure with improving relative strength.,,,2026-09-25,,Stage 2 - Advancing,69.36,Very Strong,Volume Normal,Volume Normal (1.18x vs 10W Avg),14.19,Outperformed Nifty by 14.19% in 3 Months,True,14.19,32.36,71974801.29,1.2,0.92,1.18,False,False,"Stage 2, Advancing, trend_template_ok, weekly_vcp_ok, weekly_strong, flags=Wider Risk",watchlist,63.76,66.26,954.15,-0.95,"[17.26, 11.63, 11.1]","[24, 15, 17]",0.95,81.0,5
APOLLOHOSP.NS,Apollo Hospitals Enterprise Limited,Medical Care Facilities,Healthcare,Healthcare,True,F&O,1,Stage 2,Stage 2,Advancing,0.9,Price is above constructive weekly and long-term trend structure with improving relative strength.,,,2026-09-25,,Stage 2 - Advancing,62.93,Very Strong,Volume Normal,Volume Normal (1.27x vs 10W Avg),7.11,Outperformed Nifty by 7.11% in 3 Months,True,7.11,23.48,2494369523.35,1.01,1.52,1.27,False,False,"Stage 2, Advancing, trend_template_ok, weekly_vcp_ok, weekly_strong, flags=Low Liquidity",watchlist,65.05,66.05,9039.48,-1.99,"[7.43, 5.99]","[6, 6]",0.9,57.0,6
GOODLUCK.NS,Goodluck India Limited,Steel,Basic Materials,Basic Materials,False,Cash,1,Stage 2,Stage 2,Advancing,0.9,Price is above constructive weekly and long-term trend structure with improving relative strength.,,,2026-09-25,,Stage 2 - Advancing,47.51,Very Strong,Volume Drying Up,Volume Drying Up (0.72x vs 10W Avg),10.35,Outperformed Nifty by 10.35% in 3 Months,True,10.35,52.28,302406560.99,0.71,0.42,0.72,True,True,"Stage 2, Advancing, trend_template_ok, volume_dryup, weekly_volume_dryup, flags=Wide Risk;Low Liquidity",watchlist,60.64,65.64,557.3,-6.33,"[14.92, 13.65, 13.01]","[6, 6, 5]",0.95,80.0,7
BHEL.NS,Bharat Heavy Electricals Limited,Specialty Industrial Machinery,Industrials,Industrials,True,F&O,1,Stage 2,Stage 2,Advancing,0.8,Price is above constructive weekly and long-term trend structure with improving relative strength.,,,2026-09-25,,Stage 2 - Advancing,40.12,Strong,Volume Drying Up,Volume Drying Up (0.83x vs 10W Avg),7.91,Outperformed Nifty by 7.91% in 3 Months,True,7.91,68.81,2507422427.91,0.92,1.19,0.83,False,True,"Stage 2, Advancing, trend_template_ok, weekly_volume_dryup, flags=Wider Risk;Low Liquidity",watchlist,60.21,65.21,446.5,-7.75,"[13.49, 12.25, 11.42, 8.28]","[9, 13, 8, 12]",1.0,78.0,8
BOSCHLTD.NS,Bosch Limited,Auto Parts,Consumer Cyclical,Consumer Cyclical,True,F&O,1,Stage 2,Stage 2,Advancing,0.9,Price is above constructive weekly and long-term trend structure with improving relative strength.,,,2026-09-25,,Stage 2 - Advancing,70.85,Very Strong,Volume Drying Up,Volume Drying Up (0.44x vs 10W Avg),21.15,Outperformed Nifty by 21.15% in 3 Months,True,21.15,66.91,1379238565.25,0.57,0.46,0.44,True,True,"Stage 2, Advancing, trend_template_ok, daily_vcp_ok, weekly_vcp_ok, volume_dryup, weekly_volume_dryup, weekly_strong",forming_vcp,62.45,64.95,50087.5,-6.12,"[10.37, 6.72]","[10, 18]",0.9,58.0,9
VSSL.NS,Vardhman Special Steels Limited,Steel,Basic Materials,Basic Materials,False,Cash,1,Stage 2,Stage 2,Advancing,0.9,Price is above constructive weekly and long-term trend structure with improving relative strength.,,,2026-09-25,,Stage 2 - Advancing,52.28,Very Strong,Volume Drying Up,Volume Drying Up (0.25x vs 10W Avg),53.98,Outperformed Nifty by 53.98% in 3 Months,True,53.98,86.18,225843007.1,0.48,0.25,0.25,True,True,"Stage 2, Advancing, trend_template_ok, weekly_vcp_ok, volume_dryup, weekly_volume_dryup, weekly_strong, flags=Loose Structure;Wide Risk;Low Liquidity",watchlist,59.95,64.95,428.25,-4.79,"[14.76, 9.56, 9.43]","[9, 19, 15]",0.95,50.0,10
KPRMILL.NS,K.P.R. Mill Limited,Textile Manufacturing,Consumer Cyclical,Consumer Cyclical,False,Cash,1,Stage 2,Stage 2,Advancing,0.8,Price is above constructive weekly and long-term trend structure with improving relative strength.,,,2026-09-25,,Stage 2 - Advancing,41.17,Neutral,Volume Drying Up,Volume Drying Up (0.43x vs 10W Avg),-2.28,Underperformed Nifty by 2.28% in 3 Months,True,-2.28,34.05,273230246.33,0.65,0.38,0.43,True,True,"Stage 2, Advancing, trend_template_ok, volume_dryup, weekly_volume_dryup, flags=Wide Risk",watchlist,59.83,64.83,1333.4,-17.41,"[9.42, 9.84]","[36, 11]",0.9,73.0,11
GRAPHITE.NS,Graphite India Limited,Electrical Equipment & Parts,Industrials,Industrials,False,Cash,1,Stage 2,Stage 2,Advancing,0.9,Price is above constructive weekly and long-term trend structure with improving relative strength.,,,2026-09-25,,Stage 2 - Advancing,37.69,Very Strong,Volume Drying Up,Volume Drying Up (0.58x vs 10W Avg),33.74,Outperformed Nifty by 33.74% in 3 Months,True,33.74,28.92,3314744114.62,0.74,0.35,0.58,True,True,"Stage 2, Advancing, trend_template_ok, volume_dryup, weekly_volume_dryup, flags=Loose Structure;Wide Risk;Low Liquidity",watchlist,59.44,64.44,875.88,-8.78,"[28.96, 9.35]","[39, 9]",0.9,74.0,12
ICIL.NS,Indo Count Industries Limited,Textile Manufacturing,Consumer Cyclical,Consumer Cyclical,False,Cash,1,Stage 2,Stage 2,Advancing,0.9,Price is above constructive weekly and long-term trend structure with improving relative strength.,,,2026-09-25,,Stage 2 - Advancing,44.41,Very Strong,Volume Drying Up,Volume Drying Up (0.60x vs 10W Avg),5.31,Outperformed Nifty by 5.31% in 3 Months,True,5.31,80.84,259281048.25,0.46,0.16,0.6,True,True,"Stage 2, Advancing, trend_template_ok, volume_dryup, weekly_volume_dryup, flags=Wide Risk;Low Liquidity",watchlist,59.43,64.43,474.65,-7.26,"[19.63, 11.68]","[31, 21]",0.9,53.0,13
IIFLCAPS.NS,IIFL Capital Services Limited,Capital Markets,Financial Services,Financial Services,False,Cash,1,Stage 2,Stage 2,Advancing,0.8,Price is above constructive weekly and long-term trend structure with improving relative strength.,,,2026-09-25,,Stage 2 - Advancing,59.08,Very Strong,Volume Expanding,Volume Expanding (2.20x vs 10W Avg),6.61,Outperformed Nifty by 6.61% in 3 Months,True,6.61,33.92,193562360.13,1.8,1.73,2.2,False,False,"Stage 2, Advancing, trend_template_ok, weekly_vcp_ok, weekly_strong, flags=Wide Weekly Base;Low Liquidity",watchlist,63.87,63.87,344.0,-0.09,"[8.63, 4.98]","[17, 22]",0.9,51.0,14
ABDL.NS,Allied Blenders and Distillers Limited,Consumer Defensive,Consumer Defensive,Consumer Defensive,False,Cash,1,Stage 2,Stage 2,Extended,0.78,"Weekly advancing structure remains intact, but price is stretched versus key moving averages.",,,2026-09-25,,Stage 2 - Extended,41.23,Very Strong,Volume Expanding,Volume Expanding (5.15x vs 10W Avg),12.61,Outperformed Nifty by 12.61% in 3 Months,True,12.61,75.36,731414491.1,2.98,2.33,5.15,False,False,"Stage 2, Extended, trend_template_ok, flags=Extended;Wide Risk;Low Liquidity",watchlist,63.6,63.6,712.95,1.47,"[15.81, 10.36, 10.79, 8.91]","[7, 29, 16, 11]",1.0,88.0,15
RPGLIFE.NS,RPG Life Sciences Limited,Drug Manufacturers - Specialty & Generic,Healthcare,Healthcare,False,Cash,1,Stage 2,Stage 2,Advancing,0.9,Price is above constructive weekly and long-term trend structure with improving relative strength.,,,2026-09-25,,Stage 2 - Advancing,43.17,Very Strong,Volume Expanding,Volume Expanding (3.01x vs 10W Avg),29.78,Outperformed Nifty by 29.78% in 3 Months,True,29.78,57.59,96332324.23,2.1,1.89,3.01,False,False,"Stage 2, Advancing, trend_template_ok, flags=Wider Risk;Low Liquidity",watchlist,58.4,63.4,2967.08,-0.4,"[15.51, 13.15, 11.19]","[16, 11, 5]",0.95,41.0,16
SAMBHV.NS,Sambhv Steel Tubes Limited,Steel,Basic Materials,Basic Materials,False,Cash,1,Stage 2,Stage 2,Extended,0.78,"Weekly advancing structure remains intact, but price is stretched versus key moving averages.",,,2026-09-25,,Stage 2 - Extended,32.03,Very Strong,Volume Normal,Volume Normal (1.32x vs 10W Avg),38.7,Outperformed Nifty by 38.7% in 3 Months,True,38.7,54.93,987535027.2,3.19,0.61,1.32,False,False,"Stage 2, Extended, trend_template_ok, flags=Loose Structure;Extended;Wide Risk;Low Liquidity",watchlist,57.7,62.7,161.91,-4.89,"[29.24, 11.51, 4.44]","[20, 7, 31]",0.95,92.0,17
OPTIEMUS.NS,Optiemus Infracom Limited,Technology,Technology,Technology,False,Cash,1,Stage 2,Stage 2,Extended,0.78,"Weekly advancing structure remains intact, but price is stretched versus key moving averages.",,,2026-09-25,,Stage 2 - Extended,38.45,Very Strong,Volume Expanding,Volume Expanding (6.96x vs 10W Avg),65.63,Outperformed Nifty by 65.63% in 3 Months,True,65.63,162.82,1057373086.87,3.66,3.13,6.96,False,False,"Stage 2, Extended, trend_template_ok, flags=Loose Structure;Extended;Low Liquidity",watchlist,57.43,62.43,611.02,32.56,"[18.85, 11.47]","[7, 13]",0.9,29.0,18
HIRECT.NS,Hind Rectifiers Limited,Electrical Equipment & Parts,Industrials,Industrials,False,Cash,1,Stage 2,Stage 2,Advancing,0.8,Price is above constructive weekly and long-term trend structure with improving relative strength.,,,2026-09-25,,Stage 2 - Advancing,45.43,Strong,Volume Drying Up,Volume Drying Up (0.36x vs 10W Avg),7.48,Outperformed Nifty by 7.48% in 3 Months,True,7.48,70.32,66133788.19,0.44,0.6,0.36,True,True,"Stage 2, Advancing, trend_template_ok, volume_dryup, weekly_volume_dryup, flags=Wide Risk",watchlist,57.1,62.1,1329.5,-11.29,"[16.3, 13.0]","[5, 17]",0.9,30.0,19
APARINDS.NS,Apar Industries Limited,Electrical Equipment & Parts,Industrials,Industrials,False,Cash,1,Stage 2,Stage 2,Advancing,0.9,Price is above constructive weekly and long-term trend structure with improving relative strength.,,,2026-09-25,,Stage 2 - Advancing,37.45,Very Strong,Volume Drying Up,Volume Drying Up (0.82x vs 10W Avg),19.82,Outperformed Nifty by 19.82% in 3 Months,True,19.82,78.45,2208179830.59,0.92,0.97,0.82,False,True,"Stage 2, Advancing, trend_template_ok, weekly_volume_dryup, flags=Loose Structure;Wide Risk;Low Liquidity",watchlist,57.09,62.09,18433.32,-6.35,"[22.59, 11.09]","[22, 14]",0.9,60.0,20
LMW.NS,LMW Limited,Specialty Industrial Machinery,Industrials,Industrials,False,Cash,1,Stage 2,Stage 2,Advancing,0.8,Price is above constructive weekly and long-term trend structure with improving relative strength.,,,2026-09-25,,Stage 2 - Advancing,56.53,Strong,Volume Drying Up,Volume Drying Up (0.44x vs 10W Avg),12.08,Outperformed Nifty by 12.08% in 3 Months,True,12.08,43.99,101484318.45,0.67,0.58,0.44,True,True,"Stage 2, Advancing, trend_template_ok, daily_vcp_ok, weekly_vcp_ok, volume_dryup, weekly_volume_dryup, weekly_strong, flags=Wide Risk",forming_vcp,56.88,61.88,20170.76,-15.89,"[8.59, 5.08]","[13, 37]",0.9,62.0,21
GREAVESCOT.NS,Greaves Cotton Limited,Specialty Industrial Machinery,Industrials,Industrials,False,Cash,1,Stage 2,Stage 2,Advancing,0.9,Price is above constructive weekly and long-term trend structure with improving relative strength.,,,2026-09-25,,Stage 2 - Advancing,31.52,Strong,Volume Expanding,Volume Expanding (3.54x vs 10W Avg),5.65,Outperformed Nifty by 5.65% in 3 Months,True,5.65,78.17,485740870.01,2.0,1.47,3.54,False,False,"Stage 2, Advancing, trend_template_ok, flags=Wide Weekly Base;Loose Structure;Wide Risk;Low Liquidity",watchlist,56.8,61.8,270.16,-14.72,"[11.9, 8.05]","[5, 72]",0.9,92.0,22
RATNAMANI.NS,Ratnamani Metals & Tubes Limited,Steel,Basic Materials,Basic Materials,False,Cash,1,Stage 2,Stage 2,Advancing,0.9,Price is above constructive weekly and long-term trend structure with improving relative strength.,,,2026-09-25,,Stage 2 - Advancing,39.94,Very Strong,Volume Drying Up,Volume Drying Up (0.27x vs 10W Avg),16.21,Outperformed Nifty by 16.21% in 3 Months,True,16.21,24.61,145269716.74,0.38,0.17,0.27,True,True,"Stage 2, Advancing, trend_template_ok, volume_dryup, weekly_volume_dryup, flags=Loose Structure;Wider Risk;Low Liquidity",watchlist,56.76,61.76,2898.77,-5.19,"[20.64, 8.03]","[19, 16]",0.9,47.0,23
CUB.NS,City Union Bank Limited,Banks - Regional,Financial Services,Financial Services,False,Cash,1,Stage 2,Stage 2,Advancing,0.8,Price is above constructive weekly and long-term trend structure with improving relative strength.,,,2026-09-25,,Stage 2 - Advancing,51.06,Strong,Volume Drying Up,Volume Normal (0.90x vs 10W Avg),5.2,Outperformed Nifty by 5.2% in 3 Months,True,5.2,23.13,509561346.51,0.72,2.05,0.9,True,True,"Stage 2, Advancing, trend_template_ok, weekly_vcp_ok, volume_dryup, weekly_volume_dryup, weekly_strong, flags=Wide Risk;Low Liquidity",watchlist,60.69,61.69,249.29,-13.36,"[18.57, 12.6]","[29, 20]",0.9,70.0,24
TORNTPHARM.NS,Torrent Pharmaceuticals Limited,Drug Manufacturers - Specialty & Generic,Healthcare,Healthcare,True,F&O,1,Stage 2,Stage 2,Advancing,0.8,Price is above constructive weekly and long-term trend structure with improving relative strength.,,,2026-09-25,,Stage 2 - Advancing,37.43,Strong,Volume Drying Up,Volume Drying Up (0.80x vs 10W Avg),9.56,Outperformed Nifty by 9.56% in 3 Months,True,9.56,24.62,1512225496.08,1.0,1.32,0.8,False,True,"Stage 2, Advancing, trend_template_ok, weekly_volume_dryup, flags=Wider Risk;Low Liquidity",watchlist,56.4,61.4,5259.19,-7.42,"[6.73, 6.19, 6.13]","[16, 6, 12]",0.95,92.0,25
63MOONS.NS,63 moons technologies limited,Software - Application,Technology,Technology,False,Cash,1,Stage 2,Stage 2,Advancing,0.8,Price is above constructive weekly and long-term trend structure with improving relative strength.,,,2026-09-25,,Stage 2 - Advancing,30.72,Very Strong,Volume Drying Up,Volume Drying Up (0.68x vs 10W Avg),29.14,Outperformed Nifty by 29.14% in 3 Months,True,29.14,67.8,450555620.59,0.49,0.37,0.68,True,True,"Stage 2, Advancing, trend_template_ok, daily_vcp_ok, volume_dryup, weekly_volume_dryup, flags=Loose Structure;Wide Risk;Low Liquidity",forming_vcp,58.89,61.39,955.73,-14.35,"[23.51, 4.98]","[28, 33]",0.9,92.0,26
SAIL.NS,Steel Authority of India Limited,Steel,Basic Materials,Basic Materials,True,F&O,1,Stage 2,Stage 2,Advancing,0.9,Price is above constructive weekly and long-term trend structure with improving relative strength.,,,2026-09-25,,Stage 2 - Advancing,40.37,Very Strong,Volume Drying Up,Volume Normal (1.00x vs 10W Avg),14.67,Outperformed Nifty by 14.67% in 3 Months,True,14.67,20.97,2937961860.51,0.75,0.67,1.0,True,False,"Stage 2, Advancing, trend_template_ok, daily_vcp_ok, volume_dryup, flags=Wide Risk;Low Liquidity",forming_vcp,56.25,61.25,201.31,-8.5,"[24.2, 5.34]","[42, 27]",0.9,80.0,27
KMEW.NS,Knowledge Marine & Engineering Works Limited,Marine Shipping,Industrials,Industrials,False,Cash,1,Stage 2,Stage 2,Extended,0.78,"Weekly advancing structure remains intact, but price is stretched versus key moving averages.",,,2026-09-25,,Stage 2 - Extended,37.49,Very Strong,Volume Drying Up,Volume Drying Up (0.80x vs 10W Avg),31.13,Outperformed Nifty by 31.13% in 3 Months,True,31.13,83.66,249755766.82,1.0,0.49,0.8,False,True,"Stage 2, Extended, trend_template_ok, weekly_volume_dryup, flags=Extended;Wide Risk;Low Liquidity",watchlist,58.61,61.11,3038.0,-5.3,"[22.91, 13.04, 9.04, 9.07]","[6, 6, 7, 35]",1.0,83.0,28
RAIN.NS,Rain Industries Limited,Specialty Chemicals,Basic Materials,Basic Materials,False,Cash,1,Stage 2,Stage 2,Advancing,0.9,Price is above constructive weekly and long-term trend structure with improving relative strength.,,,2026-09-25,,Stage 2 - Advancing,34.7,Very Strong,Volume Drying Up,Volume Drying Up (0.69x vs 10W Avg),19.73,Outperformed Nifty by 19.73% in 3 Months,True,19.73,93.68,902462167.05,0.73,0.58,0.69,True,True,"Stage 2, Advancing, trend_template_ok, volume_dryup, weekly_volume_dryup, flags=Wide Weekly Base;Wide Risk;Low Liquidity",watchlist,58.57,61.07,251.26,-14.25,"[16.12, 12.5]","[7, 17]",0.9,67.0,29
ACE.NS,Action Construction Equipment Limited,Farm & Heavy Construction Machinery,Industrials,Industrials,False,Cash,1,Stage 2,Stage 2,Advancing,0.9,Price is above constructive weekly and long-term trend structure with improving relative strength.,,,2026-09-25,,Stage 2 - Advancing,58.09,Very Strong,Volume Drying Up,Volume Drying Up (0.44x vs 10W Avg),24.62,Outperformed Nifty by 24.62% in 3 Months,True,24.62,50.88,396110621.95,0.77,0.62,0.44,True,True,"Stage 2, Advancing, trend_template_ok, daily_vcp_ok, weekly_vcp_ok, volume_dryup, weekly_volume_dryup, weekly_strong, flags=Wide Risk;Low Liquidity",forming_vcp,60.03,61.03,1270.22,-4.51,"[11.44, 8.52, 6.54]","[12, 22, 20]",0.95,95.0,30
HONASA.NS,Honasa Consumer Limited,Household & Personal Products,Consumer Defensive,Consumer Defensive,False,Cash,1,Stage 2,Stage 2,Advancing,0.8,Price is above constructive weekly and long-term trend structure with improving relative strength.,,,2026-09-25,,Stage 2 - Advancing,50.04,Very Strong,Volume Drying Up,Volume Drying Up (0.59x vs 10W Avg),5.63,Outperformed Nifty by 5.63% in 3 Months,True,5.63,54.79,378600467.14,0.56,0.97,0.59,True,True,"Stage 2, Advancing, trend_template_ok, volume_dryup, weekly_volume_dryup, flags=Wider Risk",watchlist,60.83,60.83,507.53,-8.17,"[11.0, 8.78]","[14, 7]",0.9,45.0,31
AARTIDRUGS.NS,Aarti Drugs Limited,Drug Manufacturers - Specialty & Generic,Healthcare,Healthcare,False,Cash,1,Stage 2,Stage 2,Advancing,0.9,Price is above constructive weekly and long-term trend structure with improving relative strength.,,,2026-09-25,,Stage 2 - Advancing,56.9,Very Strong,Volume Expanding,Volume Normal (1.49x vs 10W Avg),16.86,Outperformed Nifty by 16.86% in 3 Months,True,16.86,24.08,79794426.68,1.05,2.91,1.49,False,False,"Stage 2, Advancing, trend_template_ok, weekly_vcp_ok, weekly_strong, flags=Wider Risk;Low Liquidity",watchlist,55.79,60.79,454.44,-5.46,"[11.52, 10.36, 7.06]","[8, 9, 23]",0.95,74.0,32
GESHIP.NS,The Great Eastern Shipping Company Limited,Marine Shipping,Industrials,Industrials,False,Cash,1,Stage 2,Stage 2,Advancing,0.8,Price is above constructive weekly and long-term trend structure with improving relative strength.,,,2026-09-25,,Stage 2 - Advancing,37.92,Strong,Volume Expanding,Volume Normal (1.21x vs 10W Avg),14.11,Outperformed Nifty by 14.11% in 3 Months,True,14.11,10.66,1282217295.16,1.03,3.77,1.21,False,False,"Stage 2, Advancing, trend_template_ok, flags=Wide Risk;Low Liquidity",watchlist,58.28,60.78,1584.65,-3.23,"[24.28, 12.64]","[17, 24]",0.9,64.0,33
GLAND.NS,Gland Pharma Limited,Drug Manufacturers - Specialty & Generic,Healthcare,Healthcare,False,Cash,1,Stage 2,Stage 2,Advancing,0.9,Price is above constructive weekly and long-term trend structure with improving relative strength.,,,2026-09-25,,Stage 2 - Advancing,43.64,Very Strong,Volume Drying Up,Volume Drying Up (0.29x vs 10W Avg),24.39,Outperformed Nifty by 24.39% in 3 Months,True,24.39,75.06,1716606044.58,0.55,0.44,0.29,True,True,"Stage 2, Advancing, trend_template_ok, volume_dryup, weekly_volume_dryup, flags=Wider Risk;Low Liquidity",watchlist,55.68,60.68,3042.0,-4.8,"[8.67, 8.21]","[7, 7]",0.9,23.0,34
ASKAUTOLTD.NS,ASK Automotive Limited,Auto Parts,Consumer Cyclical,Consumer Cyclical,False,Cash,1,Stage 2,Stage 2,Advancing,0.9,Price is above constructive weekly and long-term trend structure with improving relative strength.,,,2026-09-25,,Stage 2 - Advancing,56.88,Very Strong,Volume Drying Up,Volume Drying Up (0.34x vs 10W Avg),48.42,Outperformed Nifty by 48.42% in 3 Months,True,48.42,51.79,165882265.27,0.38,1.38,0.34,True,True,"Stage 2, Advancing, trend_template_ok, weekly_vcp_ok, volume_dryup, weekly_volume_dryup, weekly_strong, flags=Loose Structure;Wider Risk;Low Liquidity",watchlist,57.95,60.45,664.66,-2.15,"[12.92, 10.1]","[13, 12]",0.9,29.0,35
NRBBEARING.NS,NRB Bearing Limited,Auto Parts,Consumer Cyclical,Consumer Cyclical,False,Cash,1,Stage 2,Stage 2,Extended,0.78,"Weekly advancing structure remains intact, but price is stretched versus key moving averages.",,,2026-09-25,,Stage 2 - Extended,36.09,Very Strong,Volume Expanding,Volume Normal (1.17x vs 10W Avg),28.79,Outperformed Nifty by 28.79% in 3 Months,True,28.79,132.25,534978438.32,2.28,1.81,1.17,False,False,"Stage 2, Extended, trend_template_ok, flags=Loose Structure;Extended;Wide Risk;Low Liquidity",watchlist,57.9,60.4,519.91,4.15,"[18.22, 12.44]","[18, 11]",0.9,47.0,36
MAHLOG.NS,Mahindra Logistics Limited,Industrials,Industrials,Industrials,False,Cash,1,Stage 2,Stage 2,Advancing,0.9,Price is above constructive weekly and long-term trend structure with improving relative strength.,,,2026-09-25,,Stage 2 - Advancing,48.1,Very Strong,Volume Expanding,Volume Normal (1.24x vs 10W Avg),14.97,Outperformed Nifty by 14.97% in 3 Months,True,14.97,24.27,69486905.72,0.95,3.25,1.24,False,False,"Stage 2, Advancing, trend_template_ok, flags=Wider Risk;Low Liquidity",watchlist,60.25,60.25,432.66,-2.51,"[26.54, 7.93]","[34, 5]",0.9,103.0,37
FOSECOIND.NS,Foseco India Limited,Chemicals,Basic Materials,Basic Materials,False,Cash,1,Stage 2,Stage 2,Advancing,0.9,Price is above constructive weekly and long-term trend structure with improving relative strength.,,,2026-09-25,,Stage 2 - Advancing,46.82,Very Strong,Volume Drying Up,Volume Drying Up (0.69x vs 10W Avg),25.18,Outperformed Nifty by 25.18% in 3 Months,True,25.18,39.24,238948967.25,2.85,0.47,0.69,False,True,"Stage 2, Advancing, trend_template_ok, weekly_vcp_ok, weekly_volume_dryup, weekly_strong, flags=Loose Structure;Wide Risk;Low Liquidity",watchlist,57.7,60.2,7402.43,-14.92,"[17.14, 17.15, 8.72]","[14, 21, 28]",0.95,89.0,38
ELGIEQUIP.NS,Elgi Equipments Limited,Specialty Industrial Machinery,Industrials,Industrials,False,Cash,1,Stage 2,Stage 2,Advancing,0.8,Price is above constructive weekly and long-term trend structure with improving relative strength.,,,2026-09-25,,Stage 2 - Advancing,36.71,Strong,Volume Drying Up,Volume Drying Up (0.41x vs 10W Avg),6.39,Outperformed Nifty by 6.39% in 3 Months,True,6.39,27.68,234160109.63,0.61,0.27,0.41,True,True,"Stage 2, Advancing, trend_template_ok, daily_vcp_ok, volume_dryup, weekly_volume_dryup, flags=Wider Risk;Low Liquidity",forming_vcp,55.14,60.14,653.4,-8.35,"[11.61, 10.03, 6.83, 7.45]","[13, 15, 8, 6]",0.73,87.0,39
SPLPETRO.NS,Supreme Petrochem Limited,Specialty Chemicals,Basic Materials,Basic Materials,False,Cash,1,Stage 2,Stage 2,Advancing,0.9,Price is above constructive weekly and long-term trend structure with improving relative strength.,,,2026-09-25,,Stage 2 - Advancing,55.61,Very Strong,Volume Drying Up,Volume Drying Up (0.61x vs 10W Avg),28.07,Outperformed Nifty by 28.07% in 3 Months,True,28.07,21.67,303801603.61,1.04,0.3,0.61,False,True,"Stage 2, Advancing, trend_template_ok, weekly_vcp_ok, weekly_volume_dryup, weekly_strong, flags=Wider Risk;Low Liquidity",watchlist,57.57,60.07,845.28,2.32,"[17.94, 12.97, 13.01, 6.51]","[40, 19, 10, 8]",1.0,100.0,40
JAMNAAUTO.NS,Jamna Auto Industries Limited,Auto Parts,Consumer Cyclical,Consumer Cyclical,False,Cash,1,Stage 2,Stage 2,Advancing,0.8,Price is above constructive weekly and long-term trend structure with improving relative strength.,,,2026-09-25,,Stage 2 - Advancing,51.24,Very Strong,Volume Expanding,Volume Expanding (2.10x vs 10W Avg),6.44,Outperformed Nifty by 6.44% in 3 Months,True,6.44,24.04,384101912.53,1.47,1.67,2.1,False,False,"Stage 2, Advancing, trend_template_ok, weekly_vcp_ok, weekly_strong, flags=Wide Risk;Low Liquidity",watchlist,57.44,59.94,147.43,-5.26,"[16.43, 14.97, 15.4]","[21, 9, 25]",0.95,92.0,41
UNICHEMLAB.NS,Unichem Laboratories Limited,Drug Manufacturers - Specialty & Generic,Healthcare,Healthcare,False,Cash,1,Stage 2,Stage 2,Advancing,0.9,Price is above constructive weekly and long-term trend structure with improving relative strength.,,,2026-09-25,,Stage 2 - Advancing,39.92,Very Strong,Volume Drying Up,Volume Drying Up (0.74x vs 10W Avg),20.3,Outperformed Nifty by 20.3% in 3 Months,True,20.3,82.08,58727521.34,0.52,0.84,0.74,True,True,"Stage 2, Advancing, trend_template_ok, volume_dryup, weekly_volume_dryup, flags=Wide Risk;Low Liquidity",watchlist,54.82,59.82,600.0,-10.6,"[29.82, 15.99, 15.81]","[21, 10, 7]",0.95,49.0,42
ENGINERSIN.NS,Engineers India Limited,Engineering & Construction,Industrials,Industrials,False,Cash,1,Stage 2,Stage 2,Extended,0.78,"Weekly advancing structure remains intact, but price is stretched versus key moving averages.",,,2026-09-25,,Stage 2 - Extended,51.77,Very Strong,Volume Expanding,Volume Expanding (2.92x vs 10W Avg),40.23,Outperformed Nifty by 40.23% in 3 Months,True,40.23,60.07,2513715422.36,1.79,1.51,2.92,False,False,"Stage 2, Extended, trend_template_ok, weekly_vcp_ok, weekly_strong, flags=Loose Structure;Extended;Wide Risk;Low Liquidity",watchlist,59.75,59.75,287.79,9.07,"[20.22, 17.19, 12.45]","[11, 23, 11]",0.95,94.0,43
INOXINDIA.NS,INOX India Limited,Specialty Industrial Machinery,Industrials,Industrials,False,Cash,1,Stage 2,Stage 2,Advancing,0.9,Price is above constructive weekly and long-term trend structure with improving relative strength.,,,2026-09-25,,Stage 2 - Advancing,32.69,Very Strong,Volume Drying Up,Volume Drying Up (0.74x vs 10W Avg),12.66,Outperformed Nifty by 12.66% in 3 Months,True,12.66,67.56,716280031.77,0.97,0.47,0.74,False,True,"Stage 2, Advancing, trend_template_ok, weekly_volume_dryup, flags=Wide Risk;Low Liquidity",watchlist,54.51,59.51,2343.59,-12.48,"[14.8, 13.95, 6.48]","[10, 9, 6]",0.95,41.0,44
MANINDS.NS,Man Industries (India) Limited,Steel,Basic Materials,Basic Materials,False,Cash,1,Stage 2,Stage 2,Extended,0.78,"Weekly advancing structure remains intact, but price is stretched versus key moving averages.",,,2026-09-25,,Stage 2 - Extended,47.37,Very Strong,Volume Expanding,Volume Expanding (2.35x vs 10W Avg),64.77,Outperformed Nifty by 64.77% in 3 Months,True,64.77,174.25,1803641066.25,1.6,0.76,2.35,False,False,"Stage 2, Extended, trend_template_ok, weekly_vcp_ok, weekly_strong, flags=Loose Structure;Extended;Wide Risk;Low Liquidity",watchlist,54.43,59.43,945.65,0.81,"[20.82, 18.62]","[8, 25]",0.9,45.0,45
CAPLIPOINT.NS,Caplin Point Laboratories Limited,Drug Manufacturers - Specialty & Generic,Healthcare,Healthcare,False,Cash,1,Stage 2,Stage 2,Advancing,0.9,Price is above constructive weekly and long-term trend structure with improving relative strength.,,,2026-09-25,,Stage 2 - Advancing,42.77,Very Strong,Volume Expanding,Volume Expanding (1.78x vs 10W Avg),17.72,Outperformed Nifty by 17.72% in 3 Months,True,17.72,84.67,932355567.08,1.35,0.49,1.78,False,False,"Stage 2, Advancing, trend_template_ok, flags=Wider Risk;Low Liquidity",watchlist,54.43,59.43,2877.9,-0.83,"[9.77, 6.8]","[6, 25]",0.9,45.0,46
JYOTICNC.NS,Jyoti CNC Automation Limited,Specialty Industrial Machinery,Industrials,Industrials,False,Cash,1,Stage 2,Stage 2,Advancing,0.8,Price is above constructive weekly and long-term trend structure with improving relative strength.,,,2026-09-25,,Stage 2 - Advancing,38.32,Very Strong,Volume Drying Up,Volume Drying Up (0.77x vs 10W Avg),39.26,Outperformed Nifty by 39.26% in 3 Months,True,39.26,37.48,1380377236.1,1.3,0.84,0.77,False,True,"Stage 2, Advancing, trend_template_ok, weekly_vcp_ok, weekly_volume_dryup, weekly_strong, flags=Loose Structure;Wide Risk;Low Liquidity",watchlist,54.4,59.4,1136.59,-7.96,"[26.31, 10.65]","[25, 16]",0.9,73.0,47
CGPOWER.NS,CG Power and Industrial Solutions Limited,Electrical Equipment & Parts,Industrials,Industrials,True,F&O,1,Stage 2,Stage 2,Advancing,0.8,Price is above constructive weekly and long-term trend structure with improving relative strength.,,,2026-09-25,,Stage 2 - Advancing,35.79,Strong,Volume Drying Up,Volume Drying Up (0.54x vs 10W Avg),-4.73,Underperformed Nifty by 4.73% in 3 Months,True,-4.73,29.45,2018913366.78,0.75,0.81,0.54,True,True,"Stage 2, Advancing, trend_template_ok, daily_vcp_ok, volume_dryup, weekly_volume_dryup, flags=Wide Risk;Low Liquidity",forming_vcp,54.36,59.36,980.9,-11.82,"[8.11, 6.83]","[58, 21]",0.9,92.0,48
KTKBANK.NS,The Karnataka Bank Limited,Banks - Regional,Financial Services,Financial Services,False,Cash,1,Stage 2,Stage 2,Advancing,0.9,Price is above constructive weekly and long-term trend structure with improving relative strength.,,,2026-09-25,,Stage 2 - Advancing,42.02,Very Strong,Volume Drying Up,Volume Drying Up (0.74x vs 10W Avg),27.28,Outperformed Nifty by 27.28% in 3 Months,True,27.28,45.96,624395712.72,0.73,0.45,0.74,True,True,"Stage 2, Advancing, trend_template_ok, daily_vcp_ok, volume_dryup, weekly_volume_dryup, flags=Wider Risk;Low Liquidity",forming_vcp,58.27,59.27,341.18,-5.67,"[13.29, 8.41, 7.74]","[10, 6, 17]",0.95,47.0,49
JKPAPER.NS,JK Paper Limited,Basic Materials,Basic Materials,Basic Materials,False,Cash,1,Stage 2,Stage 2,Advancing,0.9,Price is above constructive weekly and long-term trend structure with improving relative strength.,,,2026-09-25,,Stage 2 - Advancing,57.91,Very Strong,Volume Drying Up,Volume Drying Up (0.29x vs 10W Avg),20.72,Outperformed Nifty by 20.72% in 3 Months,True,20.72,23.19,260635187.31,0.61,0.33,0.29,True,True,"Stage 2, Advancing, trend_template_ok, weekly_vcp_ok, volume_dryup, weekly_volume_dryup, weekly_strong, flags=Wider Risk;Low Liquidity",watchlist,59.07,59.07,442.77,-10.08,"[15.47, 12.18]","[26, 15]",0.9,65.0,50
GNFC.NS,Gujarat Narmada Valley Fertilizers and Chemicals Limited,Chemicals,Basic Materials,Basic Materials,False,Cash,1,Stage 2,Stage 2,Advancing,0.9,Price is above constructive weekly and long-term trend structure with improving relative strength.,,,2026-09-25,,Stage 2 - Advancing,37.89,Very Strong,Volume Expanding,Volume Expanding (1.77x vs 10W Avg),25.59,Outperformed Nifty by 25.59% in 3 Months,True,25.59,63.68,740232134.67,2.2,0.46,1.77,False,False,"Stage 2, Advancing, trend_template_ok, flags=Loose Structure;Wider Risk;Low Liquidity",watchlist,56.55,59.05,597.98,3.79,"[20.11, 11.41]","[24, 21]",0.9,62.0,51
VOLTAMP.NS,Voltamp Transformers Limited,Electrical Equipment & Parts,Industrials,Industrials,False,Cash,1,Stage 2,Stage 2,Advancing,0.9,Price is above constructive weekly and long-term trend structure with improving relative strength.,,,2026-09-25,,Stage 2 - Advancing,48.75,Very Strong,Volume Drying Up,Volume Drying Up (0.26x vs 10W Avg),12.92,Outperformed Nifty by 12.92% in 3 Months,True,12.92,18.14,231602212.65,0.36,0.47,0.26,True,True,"Stage 2, Advancing, trend_template_ok, weekly_vcp_ok, volume_dryup, weekly_volume_dryup, weekly_strong, flags=Wide Base;Wide Risk;Low Liquidity",watchlist,53.81,58.81,11699.0,-10.14,"[30.42, 17.65, 11.18]","[11, 24, 8]",0.95,97.0,52
MRPL.NS,Mangalore Refinery and Petrochemicals Limited,Oil & Gas Refining & Marketing,Energy,Energy,False,Cash,1,Failed Stage 2,Stage 2,Failed Stage 2,0.7,Failed Stage 2 cooling period is still active; waiting for a fresh base or confirmed reclaim.,Failed Stage 2 hold period active.,,2026-09-14,,Failed Stage 2,49.46,Strong,Volume Drying Up,Volume Drying Up (0.67x vs 10W Avg),18.31,Outperformed Nifty by 18.31% in 3 Months,True,18.31,-4.52,1811000083.13,0.61,2.06,0.67,True,True,"Stage 2, Advancing, trend_template_ok, weekly_vcp_ok, volume_dryup, weekly_volume_dryup, weekly_strong, flags=Wide Risk;Low Liquidity | Failed Stage 2 hold period active.",watchlist,56.26,58.76,192.24,-11.67,"[26.55, 15.74, 8.68]","[18, 17, 27]",0.95,91.0,53
CEIGALL.NS,Ceigall India Limited,Engineering & Construction,Industrials,Industrials,False,Cash,1,Stage 2,Stage 2,Advancing,0.9,Price is above constructive weekly and long-term trend structure with improving relative strength.,,,2026-09-25,,Stage 2 - Advancing,42.27,Very Strong,Volume Drying Up,Volume Drying Up (0.63x vs 10W Avg),3.43,Outperformed Nifty by 3.43% in 3 Months,True,3.43,38.66,191850119.69,0.65,0.25,0.63,True,True,"Stage 2, Advancing, trend_template_ok, volume_dryup, weekly_volume_dryup, flags=Wider Risk;Low Liquidity",watchlist,58.54,58.54,405.87,-6.73,"[18.27, 13.49]","[8, 11]",0.9,72.0,54
SYRMA.NS,Syrma SGS Technology Limited,Electronic Components,Technology,Technology,False,Cash,1,Stage 2,Stage 2,Extended,0.78,"Weekly advancing structure remains intact, but price is stretched versus key moving averages.",,,2026-09-25,,Stage 2 - Extended,51.32,Very Strong,Volume Normal,Volume Normal (0.95x vs 10W Avg),30.13,Outperformed Nifty by 30.13% in 3 Months,True,30.13,121.8,4495556992.13,1.72,0.87,0.95,False,False,"Stage 2, Extended, trend_template_ok, weekly_vcp_ok, weekly_strong, flags=Loose Structure;Extended;Low Liquidity",watchlist,53.3,58.3,1541.42,13.3,"[13.73, 9.65]","[11, 14]",0.9,36.0,55
AUROPHARMA.NS,Aurobindo Pharma Limited,Drug Manufacturers - Specialty & Generic,Healthcare,Healthcare,True,F&O,1,Stage 2,Stage 2,Advancing,0.9,Price is above constructive weekly and long-term trend structure with improving relative strength.,,,2026-09-25,,Stage 2 - Advancing,57.01,Very Strong,Volume Normal,Volume Normal (0.88x vs 10W Avg),13.85,Outperformed Nifty by 13.85% in 3 Months,True,13.85,29.54,1195378549.32,0.88,0.85,0.88,False,True,"Stage 2, Advancing, trend_template_ok, daily_vcp_ok, weekly_vcp_ok, weekly_volume_dryup, weekly_strong, flags=Low Liquidity",forming_vcp,53.29,58.29,1717.0,-1.14,"[8.97, 7.05, 7.62, 4.97]","[6, 6, 15, 8]",0.73,68.0,56
RAYMOND.NS,Raymond Limited,Specialty Industrial Machinery,Industrials,Industrials,False,Cash,1,Stage 2,Stage 2,Extended,0.78,"Weekly advancing structure remains intact, but price is stretched versus key moving averages.",,,2026-09-25,,Stage 2 - Extended,30.34,Very Strong,Volume Expanding,Volume Expanding (1.70x vs 10W Avg),104.98,Outperformed Nifty by 104.98% in 3 Months,True,104.98,238.43,6509352881.07,2.42,1.07,1.7,False,False,"Stage 2, Extended, trend_template_ok, flags=Loose Structure;Extended;Wide Risk;Low Liquidity",watchlist,53.09,58.09,1123.96,4.98,"[11.54, 7.28]","[11, 5]",0.9,32.0,57
CARTRADE.NS,Cartrade Tech Limited,Consumer Cyclical,Consumer Cyclical,Consumer Cyclical,False,Cash,1,Stage 2,Stage 2,Advancing,0.8,Price is above constructive weekly and long-term trend structure with improving relative strength.,,,2026-09-25,,Stage 2 - Advancing,49.31,Strong,Volume Drying Up,Volume Drying Up (0.58x vs 10W Avg),10.14,Outperformed Nifty by 10.14% in 3 Months,True,10.14,72.12,965129113.44,0.65,0.86,0.58,True,True,"Stage 2, Advancing, trend_template_ok, weekly_vcp_ok, volume_dryup, weekly_volume_dryup, weekly_strong, flags=Wide Weekly Base;Wide Risk;Low Liquidity",watchlist,57.03,58.03,3257.69,-11.59,"[14.47, 12.6, 12.21]","[8, 12, 14]",0.95,46.0,58
JINDALSAW.NS,Jindal Saw Limited,Steel,Basic Materials,Basic Materials,False,Cash,1,Stage 2,Stage 2,Advancing,0.8,Price is above constructive weekly and long-term trend structure with improving relative strength.,,,2026-09-25,,Stage 2 - Advancing,34.49,Strong,Volume Drying Up,Volume Drying Up (0.51x vs 10W Avg),10.15,Outperformed Nifty by 10.15% in 3 Months,True,10.15,47.57,539983197.24,0.73,0.4,0.51,True,True,"Stage 2, Advancing, trend_template_ok, volume_dryup, weekly_volume_dryup, flags=Wide Risk;Low Liquidity",watchlist,52.98,57.98,320.31,-13.79,"[17.12, 8.67]","[5, 27]",0.9,38.0,59
STLTECH.NS,Sterlite Technologies Limited,Communication Equipment,Technology,Technology,False,Cash,1,Stage 2,Stage 2,Extended,0.78,"Weekly advancing structure remains intact, but price is stretched versus key moving averages.",,,2026-09-25,,Stage 2 - Extended,18.79,Very Strong,Volume Drying Up,Volume Drying Up (0.59x vs 10W Avg),51.81,Outperformed Nifty by 51.81% in 3 Months,True,51.81,366.38,1333914663.33,0.85,0.65,0.59,False,True,"Stage 2, Extended, trend_template_ok, weekly_volume_dryup, flags=Loose Structure;Extended;Wide Risk;Circuit Risk;Low Liquidity",watchlist,52.68,57.68,913.6,-9.66,"[27.4, 12.07]","[17, 6]",0.9,45.0,60
MOTILALOFS.NS,Motilal Oswal Financial Services Limited,Capital Markets,Financial Services,Financial Services,True,F&O,1,Stage 2,Stage 2,Advancing,0.9,Price is above constructive weekly and long-term trend structure with improving relative strength.,,,2026-09-25,,Stage 2 - Advancing,57.11,Very Strong,Volume Drying Up,Volume Normal (0.87x vs 10W Avg),10.82,Outperformed Nifty by 10.82% in 3 Months,True,10.82,49.95,782410477.95,0.69,0.64,0.87,True,True,"Stage 2, Advancing, trend_template_ok, weekly_vcp_ok, volume_dryup, weekly_volume_dryup, weekly_strong, flags=Wide Weekly Base;Wider Risk;Low Liquidity",watchlist,57.66,57.66,1060.2,-4.58,"[15.63, 9.09]","[12, 6]",0.9,46.0,61
VENUSPIPES.NS,Venus Pipes & Tubes Limited,Steel,Basic Materials,Basic Materials,False,Cash,1,Stage 2,Stage 2,Extended,0.78,"Weekly advancing structure remains intact, but price is stretched versus key moving averages.",,,2026-09-25,,Stage 2 - Extended,28.87,Very Strong,Volume Drying Up,Volume Drying Up (0.80x vs 10W Avg),24.76,Outperformed Nifty by 24.76% in 3 Months,True,24.76,118.08,731399320.62,2.1,0.97,0.8,False,True,"Stage 2, Extended, trend_template_ok, weekly_volume_dryup, flags=Loose Structure;Extended;Wide Risk;Low Liquidity",watchlist,52.43,57.43,2352.01,-9.33,"[17.87, 11.47]","[20, 5]",0.9,29.0,62
SUPRIYA.NS,Supriya Lifescience Limited,Biotechnology,Healthcare,Healthcare,False,Cash,1,Stage 2,Stage 2,Advancing,0.9,Price is above constructive weekly and long-term trend structure with improving relative strength.,,,2026-09-25,,Stage 2 - Advancing,38.25,Very Strong,Volume Expanding,Volume Expanding (1.50x vs 10W Avg),4.19,Outperformed Nifty by 4.19% in 3 Months,True,4.19,63.3,332962971.27,1.1,1.46,1.5,False,False,"Stage 2, Advancing, trend_template_ok, flags=Wider Risk;Low Liquidity",watchlist,54.75,57.25,934.78,5.35,"[21.77, 22.14]","[13, 6]",0.9,33.0,63
PNBHOUSING.NS,PNB Housing Finance Limited,Mortgage Finance,Financial Services,Financial Services,True,F&O,1,Stage 2,Stage 2,Advancing,0.8,Price is above constructive weekly and long-term trend structure with improving relative strength.,,,2026-09-25,,Stage 2 - Advancing,50.45,Strong,Volume Drying Up,Volume Drying Up (0.65x vs 10W Avg),8.69,Outperformed Nifty by 8.69% in 3 Months,True,8.69,41.66,1061079813.43,1.13,1.12,0.65,False,True,"Stage 2, Advancing, trend_template_ok, weekly_vcp_ok, weekly_volume_dryup, weekly_strong, flags=Wide Risk;Low Liquidity",watchlist,57.23,57.23,1211.5,-10.44,"[14.03, 9.58, 7.11]","[11, 13, 5]",0.95,70.0,64
KPIL.NS,Kalpataru Projects International Limited,Engineering & Construction,Industrials,Industrials,False,Cash,1,Stage 2,Stage 2,Advancing,0.9,Price is above constructive weekly and long-term trend structure with improving relative strength.,,,2026-09-25,,Stage 2 - Advancing,41.27,Strong,Volume Drying Up,Volume Drying Up (0.63x vs 10W Avg),5.5,Outperformed Nifty by 5.5% in 3 Months,True,5.5,27.62,210510939.77,0.73,1.19,0.63,True,True,"Stage 2, Advancing, trend_template_ok, daily_vcp_ok, volume_dryup, weekly_volume_dryup, flags=Wider Risk;Low Liquidity",forming_vcp,57.18,57.18,1468.0,-6.29,"[14.28, 7.37]","[25, 9]",0.9,61.0,65
YATHARTH.NS,Yatharth Hospital & Trauma Care Services Limited,Medical Care Facilities,Healthcare,Healthcare,False,Cash,1,Stage 2,Stage 2,Extended,0.78,"Weekly advancing structure remains intact, but price is stretched versus key moving averages.",,,2026-09-25,,Stage 2 - Extended,33.49,Very Strong,Volume Drying Up,Volume Drying Up (0.80x vs 10W Avg),32.75,Outperformed Nifty by 32.75% in 3 Months,True,32.75,66.21,885650980.07,2.45,0.44,0.8,False,True,"Stage 2, Extended, trend_template_ok, weekly_volume_dryup, flags=Loose Structure;Extended;Wide Risk;Low Liquidity",watchlist,56.18,57.18,1186.07,-7.22,"[12.56, 7.72]","[16, 20]",0.9,59.0,66
JSWINFRA.NS,JSW Infrastructure Limited,Marine Shipping,Industrials,Industrials,False,Cash,1,Stage 2,Stage 2,Advancing,0.9,Price is above constructive weekly and long-term trend structure with improving relative strength.,,,2026-09-25,,Stage 2 - Advancing,39.9,Very Strong,Volume Expanding,Volume Expanding (1.78x vs 10W Avg),11.59,Outperformed Nifty by 11.59% in 3 Months,True,11.59,47.25,1633051058.31,1.96,0.79,1.78,False,False,"Stage 2, Advancing, trend_template_ok, flags=Wider Risk;Low Liquidity",watchlist,54.56,57.06,355.62,-1.93,"[12.84, 8.65]","[13, 14]",0.9,47.0,67
HAL.NS,Hindustan Aeronautics Limited,Aerospace & Defense,Industrials,Industrials,True,F&O,1,Stage 2,Stage 2,Advancing,0.8,Price is above constructive weekly and long-term trend structure with improving relative strength.,,,2026-09-25,,Stage 2 - Advancing,52.37,Very Strong,Volume Drying Up,Volume Drying Up (0.58x vs 10W Avg),12.18,Outperformed Nifty by 12.18% in 3 Months,True,12.18,31.02,3747766702.17,0.71,1.06,0.58,True,True,"Stage 2, Advancing, trend_template_ok, weekly_vcp_ok, volume_dryup, weekly_volume_dryup, weekly_strong, flags=Wider Risk;Low Liquidity",watchlist,51.98,56.98,5149.9,-8.0,"[14.22, 8.6, 9.45]","[21, 12, 5]",0.55,93.0,68
SMSPHARMA.NS,SMS Pharmaceuticals Limited,Drug Manufacturers - General,Healthcare,Healthcare,False,Cash,1,Stage 2,Stage 2,Extended,0.78,"Weekly advancing structure remains intact, but price is stretched versus key moving averages.",,,2026-09-25,,Stage 2 - Extended,32.94,Very Strong,Volume Normal,Volume Normal (1.12x vs 10W Avg),15.86,Outperformed Nifty by 15.86% in 3 Months,True,15.86,20.03,672263143.25,1.91,0.36,1.12,False,False,"Stage 2, Extended, trend_template_ok, flags=Loose Structure;Extended;Wide Risk;Low Liquidity",watchlist,54.39,56.89,482.43,-4.2,"[13.58, 12.67]","[9, 57]",0.9,96.0,69
SAREGAMA.NS,Saregama India Limited,Communication Services,Communication Services,Communication Services,False,Cash,1,Stage 2,Stage 2,Advancing,0.8,Price is above constructive weekly and long-term trend structure with improving relative strength.,,,2026-09-25,,Stage 2 - Advancing,36.18,Strong,Volume Drying Up,Volume Drying Up (0.43x vs 10W Avg),4.15,Outperformed Nifty by 4.15% in 3 Months,True,4.15,55.02,170432950.69,0.49,0.34,0.43,True,True,"Stage 2, Advancing, trend_template_ok, daily_vcp_ok, volume_dryup, weekly_volume_dryup, flags=Wider Risk;Low Liquidity",forming_vcp,54.33,56.83,517.4,-5.37,"[17.32, 8.0]","[18, 5]",0.9,30.0,70
CARBORUNIV.NS,Carborundum Universal Limited,Conglomerates,Industrials,Industrials,False,Cash,1,Stage 2,Stage 2,Advancing,0.9,Price is above constructive weekly and long-term trend structure with improving relative strength.,,,2026-09-25,,Stage 2 - Advancing,34.77,Very Strong,Volume Expanding,Volume Expanding (3.10x vs 10W Avg),14.66,Outperformed Nifty by 14.66% in 3 Months,True,14.66,48.72,725217745.29,2.86,0.48,3.1,False,False,"Stage 2, Advancing, trend_template_ok, flags=Wide Risk;Low Liquidity",watchlist,56.8,56.8,1306.07,-4.46,"[14.85, 8.96]","[18, 41]",0.9,87.0,71
PCBL.NS,PCBL Chemical Limited,Specialty Chemicals,Basic Materials,Basic Materials,False,Cash,1,Stage 2,Stage 2,Advancing,0.9,Price is above constructive weekly and long-term trend structure with improving relative strength.,,,2026-09-25,,Stage 2 - Advancing,40.45,Strong,Volume Drying Up,Volume Drying Up (0.49x vs 10W Avg),11.01,Outperformed Nifty by 11.01% in 3 Months,True,11.01,32.48,574893758.67,0.58,0.58,0.49,True,True,"Stage 2, Advancing, trend_template_ok, daily_vcp_ok, volume_dryup, weekly_volume_dryup, flags=Wider Risk;Low Liquidity",forming_vcp,53.84,56.34,346.61,-4.06,"[16.46, 7.07]","[13, 20]",0.9,35.0,72
AIIL.NS,Authum Investment & Infrastructure Limited,Capital Markets,Financial Services,Financial Services,False,Cash,1,Stage 2,Stage 2,Advancing,0.8,Price is above constructive weekly and long-term trend structure with improving relative strength.,,,2026-09-25,,Stage 2 - Advancing,36.0,Strong,Volume Drying Up,Volume Drying Up (0.30x vs 10W Avg),9.93,Outperformed Nifty by 9.93% in 3 Months,True,9.93,32.89,290006511.79,0.43,0.21,0.3,True,True,"Stage 2, Advancing, trend_template_ok, volume_dryup, weekly_volume_dryup, flags=Wide Risk;Low Liquidity",watchlist,55.88,55.88,608.76,-9.94,"[17.45, 14.28, 13.24, 13.13]","[9, 23, 10, 9]",1.0,81.0,73
EDELWEISS.NS,Edelweiss Financial Services Limited,Financial Services,Financial Services,Financial Services,False,Cash,1,Stage 2,Stage 2,Advancing,0.9,Price is above constructive weekly and long-term trend structure with improving relative strength.,,,2026-09-25,,Stage 2 - Advancing,57.76,Very Strong,Volume Normal,Volume Normal (1.39x vs 10W Avg),15.66,Outperformed Nifty by 15.66% in 3 Months,True,15.66,31.51,1404770304.95,1.33,0.78,1.39,False,False,"Stage 2, Advancing, trend_template_ok, weekly_vcp_ok, weekly_strong, flags=Wider Risk;Low Liquidity",watchlist,55.52,55.52,139.6,-2.97,"[19.79, 15.35]","[31, 25]",0.9,64.0,74
APCOTEXIND.NS,Apcotex Industries Limited,Specialty Chemicals,Basic Materials,Basic Materials,False,Cash,1,Stage 2,Stage 2,Advancing,0.8,Price is above constructive weekly and long-term trend structure with improving relative strength.,,,2026-09-25,,Stage 2 - Advancing,34.65,Very Strong,Volume Drying Up,Volume Drying Up (0.24x vs 10W Avg),17.13,Outperformed Nifty by 17.13% in 3 Months,True,17.13,70.53,75359415.23,0.29,0.49,0.24,True,True,"Stage 2, Advancing, trend_template_ok, volume_dryup, weekly_volume_dryup, flags=Wide Risk;Low Liquidity",watchlist,53.02,55.52,666.16,-12.03,"[17.68, 15.66]","[10, 8]",0.9,34.0,75
PAISALO.NS,Paisalo Digital Limited,Credit Services,Financial Services,Financial Services,False,Cash,1,Stage 2,Stage 2,Extended,0.78,"Weekly advancing structure remains intact, but price is stretched versus key moving averages.",,,2026-09-25,,Stage 2 - Extended,30.0,Very Strong,Volume Expanding,Volume Normal (1.38x vs 10W Avg),15.92,Outperformed Nifty by 15.92% in 3 Months,True,15.92,125.12,1637681944.28,1.58,2.6,1.38,False,False,"Stage 2, Extended, trend_template_ok, flags=Loose Structure;Extended;Wide Risk;Low Liquidity",watchlist,54.37,55.37,95.05,-16.25,"[13.22, 8.27]","[32, 7]",0.9,43.0,76
HAPPYFORGE.NS,Happy Forgings Limited,Metal Fabrication,Industrials,Industrials,False,Cash,1,Stage 2,Stage 2,Extended,0.78,"Weekly advancing structure remains intact, but price is stretched versus key moving averages.",,,2026-09-25,,Stage 2 - Extended,42.9,Very Strong,Volume Drying Up,Volume Drying Up (0.68x vs 10W Avg),34.9,Outperformed Nifty by 34.9% in 3 Months,True,34.9,70.67,153585564.36,0.74,0.85,0.68,True,True,"Stage 2, Extended, trend_template_ok, daily_vcp_ok, weekly_vcp_ok, volume_dryup, weekly_volume_dryup, weekly_strong, flags=Loose Structure;Extended;Wide Risk;Low Liquidity",forming_vcp,50.32,55.32,2474.32,-19.3,"[11.19, 7.55]","[15, 9]",0.9,31.0,77
BELRISE.NS,Belrise Industries Limited,Auto Parts,Consumer Cyclical,Consumer Cyclical,False,Cash,1,Stage 2,Stage 2,Advancing,0.9,Price is above constructive weekly and long-term trend structure with improving relative strength.,,,2026-09-25,,Stage 2 - Advancing,27.85,Very Strong,Volume Normal,Volume Normal (0.89x vs 10W Avg),9.73,Outperformed Nifty by 9.73% in 3 Months,True,9.73,32.89,752372989.58,0.98,1.13,0.89,False,True,"Stage 2, Advancing, trend_template_ok, weekly_volume_dryup, flags=Wide Risk;Low Liquidity",watchlist,52.8,55.3,268.02,-7.24,"[12.77, 6.67]","[7, 8]",0.9,59.0,78
ACMESOLAR.NS,Acme Solar Holdings Limited,Utilities - Renewable,Utilities,Utilities,False,Cash,1,Stage 2,Stage 2,Advancing,0.9,Price is above constructive weekly and long-term trend structure with improving relative strength.,,,2026-09-25,,Stage 2 - Advancing,41.61,Very Strong,Volume Normal,Volume Normal (1.09x vs 10W Avg),16.46,Outperformed Nifty by 16.46% in 3 Months,True,16.46,61.7,1209995840.81,1.67,0.68,1.09,False,False,"Stage 2, Advancing, trend_template_ok, flags=Wider Risk;Low Liquidity",watchlist,55.07,55.07,431.25,1.54,"[13.53, 7.48, 5.32]","[10, 9, 14]",0.95,43.0,79
GRANULES.NS,Granules India Limited,Drug Manufacturers - Specialty & Generic,Healthcare,Healthcare,False,Cash,1,Stage 2,Stage 2,Advancing,0.8,Price is above constructive weekly and long-term trend structure with improving relative strength.,,,2026-09-25,,Stage 2 - Advancing,25.53,Strong,Volume Drying Up,Volume Drying Up (0.47x vs 10W Avg),8.43,Outperformed Nifty by 8.43% in 3 Months,True,8.43,41.3,1273405479.86,0.96,0.4,0.47,False,True,"Stage 2, Advancing, trend_template_ok, weekly_volume_dryup, flags=Wider Risk;Low Liquidity",watchlist,50.0,55.0,925.27,-7.98,"[10.34, 7.59]","[12, 18]",0.9,34.0,80
DALMIASUG.NS,Dalmia Bharat Sugar and Industries Limited,Consumer Defensive,Consumer Defensive,Consumer Defensive,False,Cash,1,Stage 2,Stage 2,Advancing,0.8,Price is above constructive weekly and long-term trend structure with improving relative strength.,,,2026-09-25,,Stage 2 - Advancing,31.26,Strong,Volume Drying Up,Volume Drying Up (0.59x vs 10W Avg),29.24,Outperformed Nifty by 29.24% in 3 Months,True,29.24,10.92,107505951.24,0.41,1.06,0.59,True,True,"Stage 2, Advancing, trend_template_ok, volume_dryup, weekly_volume_dryup, flags=Loose Structure;Wide Risk;Low Liquidity",watchlist,54.94,54.94,520.91,-20.37,"[21.24, 8.86, 8.88]","[16, 15, 10]",0.95,70.0,81
SHYAMMETL.NS,Shyam Metalics and Energy Limited,Steel,Basic Materials,Basic Materials,False,Cash,1,Stage 2,Stage 2,Advancing,0.9,Price is above constructive weekly and long-term trend structure with improving relative strength.,,,2026-09-25,,Stage 2 - Advancing,44.16,Very Strong,Volume Normal,Volume Normal (1.12x vs 10W Avg),16.65,Outperformed Nifty by 16.65% in 3 Months,True,16.65,37.68,565417930.05,1.54,0.74,1.12,False,False,"Stage 2, Advancing, trend_template_ok, flags=Wider Risk;Low Liquidity",watchlist,49.93,54.93,1112.94,-3.98,"[9.65, 10.62, 8.28]","[24, 19, 13]",0.55,74.0,82
ALKYLAMINE.NS,Alkyl Amines Chemicals Limited,Specialty Chemicals,Basic Materials,Basic Materials,False,Cash,1,Stage 2,Stage 2,Advancing,0.8,Price is above constructive weekly and long-term trend structure with improving relative strength.,,,2026-09-25,,Stage 2 - Advancing,29.79,Neutral,Volume Drying Up,Volume Drying Up (0.26x vs 10W Avg),3.57,Outperformed Nifty by 3.57% in 3 Months,True,3.57,39.48,109009475.11,0.38,0.43,0.26,True,True,"Stage 2, Advancing, trend_template_ok, volume_dryup, weekly_volume_dryup, flags=Wide Risk;Low Liquidity",watchlist,52.24,54.74,2115.0,-14.9,"[16.29, 11.98, 12.06, 12.95]","[13, 6, 10, 30]",0.73,89.0,83
SKIPPER.NS,Skipper Limited,Engineering & Construction,Industrials,Industrials,False,Cash,1,Stage 2,Stage 2,Advancing,0.8,Price is above constructive weekly and long-term trend structure with improving relative strength.,,,2026-09-25,,Stage 2 - Advancing,36.07,Neutral,Volume Drying Up,Volume Drying Up (0.61x vs 10W Avg),-0.25,Underperformed Nifty by 0.25% in 3 Months,True,-0.25,54.07,861388999.43,0.75,0.27,0.61,True,True,"Stage 2, Advancing, trend_template_ok, daily_vcp_ok, volume_dryup, weekly_volume_dryup, flags=Wide Risk;Low Liquidity",forming_vcp,54.52,54.52,617.88,-13.31,"[15.13, 6.2]","[16, 19]",0.9,42.0,84
KRN.NS,KRN Heat Exchanger and Refrigeration Limited,Electronic Components,Technology,Technology,False,Cash,1,Stage 2,Stage 2,Advancing,0.8,Price is above constructive weekly and long-term trend structure with improving relative strength.,,,2026-09-25,,Stage 2 - Advancing,29.97,Very Strong,Volume Drying Up,Volume Drying Up (0.73x vs 10W Avg),18.78,Outperformed Nifty by 18.78% in 3 Months,True,18.78,62.12,323843739.63,1.17,0.41,0.73,False,True,"Stage 2, Advancing, trend_template_ok, weekly_vcp_ok, weekly_volume_dryup, weekly_strong, flags=Loose Structure;Wide Risk;Circuit Risk;Low Liquidity",watchlist,49.5,54.5,1687.0,-17.76,"[29.69, 12.18, 10.71]","[16, 8, 23]",0.95,68.0,85
HFCL.NS,HFCL Limited,Communication Equipment,Technology,Technology,False,Cash,1,Stage 2,Stage 2,Extended,0.78,"Weekly advancing structure remains intact, but price is stretched versus key moving averages.",,,2026-09-25,,Stage 2 - Extended,13.6,Strong,Volume Drying Up,Volume Drying Up (0.27x vs 10W Avg),5.85,Outperformed Nifty by 5.85% in 3 Months,True,5.85,189.64,1574524465.55,0.3,0.52,0.27,True,True,"Stage 2, Extended, trend_template_ok, volume_dryup, weekly_volume_dryup, flags=Loose Structure;Extended;Wide Risk;Circuit Risk;Low Liquidity",watchlist,49.48,54.48,256.46,-19.71,"[23.12, 17.74]","[5, 27]",0.9,39.0,86
BANSALWIRE.NS,Bansal Wire Industries Limited,Steel,Basic Materials,Basic Materials,False,Cash,1,Stage 2,Stage 2,Advancing,0.8,Price is above constructive weekly and long-term trend structure with improving relative strength.,,,2026-09-25,,Stage 2 - Advancing,32.5,Neutral,Volume Drying Up,Volume Normal (1.17x vs 10W Avg),-2.65,Underperformed Nifty by 2.65% in 3 Months,True,-2.65,28.2,29837781.13,0.81,4.43,1.17,True,False,"Stage 2, Advancing, trend_template_ok, volume_dryup, flags=Wide Risk;Low Liquidity",watchlist,49.13,54.13,352.47,-9.89,"[13.22, 10.25]","[25, 67]",0.9,94.0,87
WINDMACHIN.NS,Windsor Machines Limited,Specialty Industrial Machinery,Industrials,Industrials,False,Cash,1,Stage 2,Stage 2,Advancing,0.9,Price is above constructive weekly and long-term trend structure with improving relative strength.,,,2026-09-25,,Stage 2 - Advancing,34.04,Strong,Volume Drying Up,Volume Drying Up (0.53x vs 10W Avg),1.74,Outperformed Nifty by 1.74% in 3 Months,True,1.74,35.78,24660817.45,0.77,0.41,0.53,True,True,"Stage 2, Advancing, trend_template_ok, volume_dryup, weekly_volume_dryup, flags=Wide Risk;Low Liquidity",watchlist,48.85,53.85,344.5,-12.85,"[13.43, 12.94]","[53, 17]",0.9,80.0,88
SANGHVIMOV.NS,Sanghvi Movers Limited,Industrials,Industrials,Industrials,False,Cash,1,Stage 2,Stage 2,Advancing,0.8,Price is above constructive weekly and long-term trend structure with improving relative strength.,,,2026-09-25,,Stage 2 - Advancing,30.22,Strong,Volume Drying Up,Volume Drying Up (0.56x vs 10W Avg),3.31,Outperformed Nifty by 3.31% in 3 Months,True,3.31,57.87,103658792.49,0.65,0.61,0.56,True,True,"Stage 2, Advancing, trend_template_ok, volume_dryup, weekly_volume_dryup, flags=Wide Risk;Low Liquidity",watchlist,53.75,53.75,526.06,-15.54,"[16.82, 16.25]","[16, 8]",0.9,49.0,89
JASH.NS,Jash Engineering Limited,Specialty Industrial Machinery,Industrials,Industrials,False,Cash,1,Stage 2,Stage 2,Extended,0.78,"Weekly advancing structure remains intact, but price is stretched versus key moving averages.",,,2026-09-25,,Stage 2 - Extended,40.02,Very Strong,Volume Normal,Volume Normal (1.49x vs 10W Avg),21.69,Outperformed Nifty by 21.69% in 3 Months,True,21.69,66.15,580082196.12,3.98,0.34,1.49,False,False,"Stage 2, Extended, trend_template_ok, flags=Extended;Low Liquidity",watchlist,48.75,53.75,527.86,11.54,"[17.07, 11.5, 12.67]","[5, 13, 15]",0.55,50.0,90
SHAREINDIA.NS,Share India Securities Limited,Capital Markets,Financial Services,Financial Services,False,Cash,1,Stage 2,Stage 2,Advancing,0.9,Price is above constructive weekly and long-term trend structure with improving relative strength.,,,2026-09-25,,Stage 2 - Advancing,29.36,Very Strong,Volume Drying Up,Volume Drying Up (0.39x vs 10W Avg),54.24,Outperformed Nifty by 54.24% in 3 Months,True,54.24,62.59,1788582523.72,1.8,0.15,0.39,False,True,"Stage 2, Advancing, trend_template_ok, weekly_volume_dryup, flags=Loose Structure;Wide Risk;Low Liquidity",watchlist,53.55,53.55,233.76,-11.83,"[15.1, 6.51]","[25, 7]",0.9,38.0,91
HARSHA.NS,Harsha Engineers International Limited,Tools & Accessories,Industrials,Industrials,False,Cash,1,Stage 2,Stage 2,Advancing,0.9,Price is above constructive weekly and long-term trend structure with improving relative strength.,,,2026-09-25,,Stage 2 - Advancing,55.53,Very Strong,Volume Normal,Volume Normal (1.06x vs 10W Avg),17.51,Outperformed Nifty by 17.51% in 3 Months,True,17.51,42.33,83980147.69,1.19,1.07,1.06,False,False,"Stage 2, Advancing, trend_template_ok, weekly_vcp_ok, weekly_strong, flags=Wider Risk;Low Liquidity",watchlist,52.33,53.33,476.8,-2.36,"[9.91, 9.49]","[7, 13]",0.9,26.0,92
PFOCUS.NS,Prime Focus Limited,Communication Services,Communication Services,Communication Services,False,Cash,1,Stage 2,Stage 2,Advancing,0.9,Price is above constructive weekly and long-term trend structure with improving relative strength.,,,2026-09-25,,Stage 2 - Advancing,50.15,Strong,Volume Expanding,Volume Expanding (3.00x vs 10W Avg),34.67,Outperformed Nifty by 34.67% in 3 Months,True,34.67,-2.57,883220131.35,2.72,1.87,3.0,False,False,"Stage 2, Advancing, trend_template_ok, weekly_vcp_ok, weekly_strong, flags=Wide Weekly Base;Low Liquidity",watchlist,50.8,53.3,325.47,-3.16,"[15.34, 11.79]","[13, 7]",0.9,25.0,93
SOLARINDS.NS,Solar Industries India Limited,Specialty Chemicals,Basic Materials,Basic Materials,True,F&O,1,Stage 2,Stage 2,Advancing,0.8,Price is above constructive weekly and long-term trend structure with improving relative strength.,,,2026-09-25,,Stage 2 - Advancing,28.97,Strong,Volume Normal,Volume Normal (1.23x vs 10W Avg),7.8,Outperformed Nifty by 7.8% in 3 Months,True,7.8,48.43,5167920809.25,2.0,0.75,1.23,False,False,"Stage 2, Advancing, trend_template_ok, flags=Wide Risk;Low Liquidity",watchlist,50.6,53.1,22739.72,-15.79,"[10.82, 10.25, 7.09]","[13, 6, 10]",0.95,48.0,94
MANYAVAR.NS,Vedant Fashions Limited,Apparel Manufacturing,Consumer Cyclical,Consumer Cyclical,False,Cash,1,Stage 2,Stage 2,Advancing,0.8,Price is above constructive weekly and long-term trend structure with improving relative strength.,Stage 2 confirmed with 3 raw confirmation runs.,,2026-09-25,,Stage 2 - Advancing,46.93,Very Strong,Volume Drying Up,Volume Drying Up (0.13x vs 10W Avg),39.81,Outperformed Nifty by 39.81% in 3 Months,True,39.81,48.94,205566104.76,0.27,0.34,0.13,True,True,"Stage 2, Advancing, trend_template_ok, weekly_vcp_ok, volume_dryup, weekly_volume_dryup, weekly_strong, flags=Loose Structure;Wide Risk;Low Liquidity",watchlist,53.05,53.05,596.44,-9.25,"[18.04, 10.08]","[20, 17]",0.9,42.0,95
HSCL.NS,Himadri Speciality Chemical Limited,Specialty Chemicals,Basic Materials,Basic Materials,False,Cash,1,Stage 2,Stage 2,Advancing,0.8,Price is above constructive weekly and long-term trend structure with improving relative strength.,,,2026-09-25,,Stage 2 - Advancing,50.29,Strong,Volume Drying Up,Volume Drying Up (0.25x vs 10W Avg),6.21,Outperformed Nifty by 6.21% in 3 Months,True,6.21,51.95,2207880772.93,0.45,0.23,0.25,True,True,"Stage 2, Advancing, trend_template_ok, weekly_vcp_ok, volume_dryup, weekly_volume_dryup, weekly_strong, flags=Wider Risk;Low Liquidity",watchlist,50.37,52.87,692.8,-3.3,"[18.19, 7.93]","[5, 6]",0.9,22.0,96
TEGA.NS,Tega Industries Limited,Specialty Industrial Machinery,Industrials,Industrials,False,Cash,1,Not Sure,Stage 2,Pending Stage 2,0.55,Stage 2 pending confirmation: needs 3 raw Stage 2 runs; current count 1.,Stage 2 pending confirmation: needs 3 raw Stage 2 runs; current count 1.,,,Stage 2,Not Sure - Unclear,29.35,Very Strong,Volume Normal,Volume Normal (1.27x vs 10W Avg),25.66,Outperformed Nifty by 25.66% in 3 Months,True,25.66,21.21,1641809883.45,2.8,0.42,1.27,False,False,"Stage 2, Extended, trend_template_ok, flags=Loose Structure;Extended;Wide Risk;Low Liquidity | Stage 2 pending confirmation: needs 3 raw Stage 2 runs; current count 1.",watchlist,47.69,52.69,1895.11,6.14,"[14.0, 15.42, 14.44, 16.46]","[30, 24, 13, 9]",0.47,98.0,97
WSTCSTPAPR.NS,West Coast Paper Mills Limited,Basic Materials,Basic Materials,Basic Materials,False,Cash,1,Stage 2,Stage 2,Advancing,0.9,Price is above constructive weekly and long-term trend structure with improving relative strength.,,,2026-09-25,,Stage 2 - Advancing,33.59,Very Strong,Volume Drying Up,Volume Drying Up (0.49x vs 10W Avg),41.57,Outperformed Nifty by 41.57% in 3 Months,True,41.57,70.33,209000413.64,0.79,0.44,0.49,True,True,"Stage 2, Advancing, trend_template_ok, volume_dryup, weekly_volume_dryup, flags=Loose Structure;Wide Risk;Low Liquidity",watchlist,52.62,52.62,778.36,-7.2,"[12.75, 9.06, 10.39]","[17, 5, 10]",0.55,64.0,98
LXCHEM.NS,Laxmi Organic Industries Limited,Specialty Chemicals,Basic Materials,Basic Materials,False,Cash,1,Stage 2,Stage 2,Advancing,0.9,Price is above constructive weekly and long-term trend structure with improving relative strength.,,,2026-09-25,,Stage 2 - Advancing,41.67,Very Strong,Volume Drying Up,Volume Normal (0.85x vs 10W Avg),14.5,Outperformed Nifty by 14.5% in 3 Months,True,14.5,52.91,221391001.51,0.83,0.87,0.85,True,True,"Stage 2, Advancing, trend_template_ok, volume_dryup, weekly_volume_dryup, flags=Low Liquidity",watchlist,49.88,52.38,186.33,-4.75,"[20.51, 11.23]","[25, 6]",0.9,35.0,99
IKS.NS,Inventurus Knowledge Solutions Limited,Healthcare,Healthcare,Healthcare,False,Cash,1,Stage 2,Stage 2,Advancing,0.8,Price is above constructive weekly and long-term trend structure with improving relative strength.,,,2026-09-25,,Stage 2 - Advancing,47.67,Strong,Volume Expanding,Volume Expanding (2.49x vs 10W Avg),1.34,Outperformed Nifty by 1.34% in 3 Months,True,1.34,33.94,395497027.92,1.83,0.72,2.49,False,False,"Stage 2, Advancing, trend_template_ok, weekly_vcp_ok, weekly_strong, flags=Wider Risk;Low Liquidity",watchlist,51.08,52.08,1910.74,-7.45,"[10.09, 8.75]","[10, 10]",0.9,38.0,100
NORTHARC.NS,Northern Arc Capital Limited,Credit Services,Financial Services,Financial Services,False,Cash,1,Stage 2,Stage 2,Advancing,0.8,Price is above constructive weekly and long-term trend structure with improving relative strength.,,,2026-09-25,,Stage 2 - Advancing,35.0,Strong,Volume Drying Up,Volume Drying Up (0.43x vs 10W Avg),-1.05,Underperformed Nifty by 1.05% in 3 Months,True,-1.05,34.55,375009530.54,0.64,0.4,0.43,True,True,"Stage 2, Advancing, trend_template_ok, volume_dryup, weekly_volume_dryup, flags=Wide Risk;Low Liquidity",watchlist,50.89,51.89,334.58,-13.0,"[16.32, 18.22, 10.69]","[5, 19, 12]",0.55,92.0,101
PHOENIXLTD.NS,The Phoenix Mills Limited,Real Estate,Real Estate,Real Estate,True,F&O,1,Stage 2,Stage 2,Advancing,0.9,Price is above constructive weekly and long-term trend structure with improving relative strength.,,,2026-09-25,,Stage 2 - Advancing,42.55,Strong,Volume Normal,Volume Normal (0.96x vs 10W Avg),2.24,Outperformed Nifty by 2.24% in 3 Months,True,2.24,31.07,740218142.6,0.86,0.4,0.96,False,False,"Stage 2, Advancing, trend_template_ok, daily_vcp_ok, weekly_vcp_ok, weekly_strong, flags=Low Liquidity",forming_vcp,50.86,51.86,1968.39,-0.82,"[13.82, 7.53]","[21, 9]",0.9,46.0,102
NAZARA.NS,Nazara Technologies Limited,Communication Services,Communication Services,Communication Services,False,Cash,1,Stage 2,Stage 2,Advancing,0.9,Price is above constructive weekly and long-term trend structure with improving relative strength.,,,2026-09-25,,Stage 2 - Advancing,52.93,Very Strong,Volume Drying Up,Volume Drying Up (0.74x vs 10W Avg),29.48,Outperformed Nifty by 29.48% in 3 Months,True,29.48,63.87,492564701.18,0.66,1.4,0.74,True,True,"Stage 2, Advancing, trend_template_ok, weekly_vcp_ok, volume_dryup, weekly_volume_dryup, weekly_strong, flags=Wider Risk;Low Liquidity",watchlist,49.19,51.69,380.0,-0.09,[8.91],[13],0.0,13.0,103
ACUTAAS.NS,Acutaas Chemicals Limited,Specialty Chemicals,Basic Materials,Basic Materials,False,Cash,1,Stage 2,Stage 2,Advancing,0.8,Price is above constructive weekly and long-term trend structure with improving relative strength.,,,2026-09-25,,Stage 2 - Advancing,33.71,Neutral,Volume Normal,Volume Normal (0.97x vs 10W Avg),-7.76,Underperformed Nifty by 7.76% in 3 Months,True,-7.76,54.7,984866495.92,0.95,0.68,0.97,False,False,"Stage 2, Advancing, trend_template_ok, flags=Wider Risk;Low Liquidity",watchlist,48.93,51.43,3509.9,-8.42,"[18.24, 8.23]","[9, 11]",0.9,31.0,104
KAJARIACER.NS,Kajaria Ceramics Limited,Building Products & Equipment,Industrials,Industrials,False,Cash,1,Stage 2,Stage 2,Advancing,0.8,Price is above constructive weekly and long-term trend structure with improving relative strength.,,,2026-09-25,,Stage 2 - Advancing,62.06,Strong,Volume Drying Up,Volume Drying Up (0.81x vs 10W Avg),4.43,Outperformed Nifty by 4.43% in 3 Months,True,4.43,22.79,251346085.28,0.67,0.6,0.81,True,True,"Stage 2, Advancing, trend_template_ok, weekly_vcp_ok, volume_dryup, weekly_volume_dryup, weekly_strong",watchlist,51.41,51.41,1269.12,-6.27,"[5.77, 6.04, 6.9, 7.49]","[6, 31, 9, 8]",0.47,74.0,105
MAHABANK.NS,Bank of Maharashtra,Banks - Regional,Financial Services,Financial Services,False,Cash,1,Stage 2,Stage 2,Advancing,0.8,Price is above constructive weekly and long-term trend structure with improving relative strength.,,,2026-09-25,,Stage 2 - Advancing,34.05,Neutral,Volume Drying Up,Volume Drying Up (0.83x vs 10W Avg),-6.09,Underperformed Nifty by 6.09% in 3 Months,True,-6.09,30.73,1240327101.98,0.97,1.12,0.83,False,True,"Stage 2, Advancing, trend_template_ok, weekly_volume_dryup, flags=Wider Risk;Low Liquidity",watchlist,50.17,51.17,87.5,-7.6,"[17.44, 6.19, 4.69]","[19, 9, 24]",0.95,57.0,106
PREMEXPLN.NS,Premier Explosives Limited,Specialty Chemicals,Basic Materials,Basic Materials,False,Cash,1,Stage 2,Stage 2,Advancing,0.9,Price is above constructive weekly and long-term trend structure with improving relative strength.,,,2026-09-25,,Stage 2 - Advancing,37.87,Neutral,Volume Drying Up,Volume Normal (0.90x vs 10W Avg),-7.84,Underperformed Nifty by 7.84% in 3 Months,True,-7.84,61.42,162964103.13,0.82,1.77,0.9,True,True,"Stage 2, Advancing, trend_template_ok, volume_dryup, weekly_volume_dryup, flags=Low Liquidity",watchlist,48.47,50.97,703.21,-3.72,[18.36],[53],0.0,53.0,107
GUJTHEM.NS,Gujarat Themis Biosyn Limited,Drug Manufacturers - Specialty & Generic,Healthcare,Healthcare,False,Cash,1,Stage 2,Stage 2,Advancing,0.8,Price is above constructive weekly and long-term trend structure with improving relative strength.,,,2026-09-25,,Stage 2 - Advancing,30.91,Strong,Volume Drying Up,Volume Drying Up (0.85x vs 10W Avg),5.66,Outperformed Nifty by 5.66% in 3 Months,True,5.66,60.71,294220977.54,1.01,0.34,0.85,False,True,"Stage 2, Advancing, trend_template_ok, weekly_volume_dryup, flags=Wide Risk;Low Liquidity",watchlist,45.5,50.5,470.11,-15.43,"[18.32, 16.25, 17.48]","[6, 16, 34]",0.55,65.0,108
FINEORG.NS,Fine Organic Industries Limited,Specialty Chemicals,Basic Materials,Basic Materials,False,Cash,1,Stage 2,Stage 2,Advancing,0.9,Price is above constructive weekly and long-term trend structure with improving relative strength.,,,2026-09-25,,Stage 2 - Advancing,64.72,Very Strong,Volume Drying Up,Volume Drying Up (0.73x vs 10W Avg),3.7,Outperformed Nifty by 3.7% in 3 Months,True,3.7,25.58,109236948.02,0.79,1.41,0.73,True,True,"Stage 2, Advancing, trend_template_ok, weekly_vcp_ok, volume_dryup, weekly_volume_dryup, weekly_strong",watchlist,47.9,50.4,5393.18,-4.99,[13.22],[18],0.0,18.0,109
BOSCH-HCIL.NS,BOSCH HOME COMFORT INDIA LIMITED,"Furnishings, Fixtures & Appliances",Consumer Cyclical,Consumer Cyclical,False,Cash,1,Stage 2,Stage 2,Advancing,0.9,Price is above constructive weekly and long-term trend structure with improving relative strength.,,,2026-09-25,,Stage 2 - Advancing,44.55,Very Strong,Volume Drying Up,Volume Normal (0.92x vs 10W Avg),38.6,Outperformed Nifty by 38.6% in 3 Months,True,38.6,61.27,73165677.07,0.65,1.4,0.92,True,False,"Stage 2, Advancing, trend_template_ok, weekly_vcp_ok, volume_dryup, flags=Loose Structure;Wide Risk;Low Liquidity",watchlist,50.05,50.05,1894.61,-4.87,[9.44],[19],0.0,19.0,110
SONACOMS.NS,Sona BLW Precision Forgings Limited,Auto Parts,Consumer Cyclical,Consumer Cyclical,True,F&O,1,Stage 2,Stage 2,Advancing,0.9,Price is above constructive weekly and long-term trend structure with improving relative strength.,,,2026-09-25,,Stage 2 - Advancing,54.98,Very Strong,Volume Expanding,Volume Normal (1.18x vs 10W Avg),27.09,Outperformed Nifty by 27.09% in 3 Months,True,27.09,65.43,1596175391.62,1.16,1.9,1.18,False,False,"Stage 2, Advancing, trend_template_ok, weekly_vcp_ok, weekly_strong, flags=Low Liquidity",watchlist,47.32,49.82,824.6,-2.03,[8.36],[9],0.0,9.0,111
ANANTRAJ.NS,Anant Raj Limited,Real Estate,Real Estate,Real Estate,False,Cash,1,Stage 2,Stage 2,Advancing,0.8,Price is above constructive weekly and long-term trend structure with improving relative strength.,,,2026-09-25,,Stage 2 - Advancing,36.51,Very Strong,Volume Drying Up,Volume Drying Up (0.70x vs 10W Avg),18.37,Outperformed Nifty by 18.37% in 3 Months,True,18.37,37.06,1794920565.14,0.71,0.42,0.7,True,True,"Stage 2, Advancing, trend_template_ok, volume_dryup, weekly_volume_dryup, flags=Wider Risk;Low Liquidity",watchlist,48.65,49.65,647.53,-6.11,"[11.96, 10.76]","[9, 8]",0.9,19.0,112
CRAFTSMAN.NS,Craftsman Automation Limited,Auto Parts,Consumer Cyclical,Consumer Cyclical,False,Cash,1,Stage 2,Stage 2,Advancing,0.8,Price is above constructive weekly and long-term trend structure with improving relative strength.,,,2026-09-25,,Stage 2 - Advancing,34.43,Very Strong,Volume Normal,Volume Normal (0.88x vs 10W Avg),18.81,Outperformed Nifty by 18.81% in 3 Months,True,18.81,56.5,630034755.05,1.08,0.89,0.88,False,True,"Stage 2, Advancing, trend_template_ok, weekly_volume_dryup, flags=Loose Structure;Low Liquidity",watchlist,46.86,49.36,10979.18,-4.05,[8.04],[43],0.0,43.0,113
TCPLPACK.NS,TCPL Packaging Limited,Consumer Cyclical,Consumer Cyclical,Consumer Cyclical,False,Cash,1,Stage 2,Stage 2,Advancing,0.9,Price is above constructive weekly and long-term trend structure with improving relative strength.,,,2026-09-25,,Stage 2 - Advancing,47.93,Very Strong,Volume Drying Up,Volume Drying Up (0.42x vs 10W Avg),40.16,Outperformed Nifty by 40.16% in 3 Months,True,40.16,70.38,36895745.69,0.34,0.65,0.42,True,True,"Stage 2, Advancing, trend_template_ok, weekly_vcp_ok, volume_dryup, weekly_volume_dryup, weekly_strong, flags=Loose Structure;Wide Risk;Low Liquidity",watchlist,47.8,48.8,4164.48,-4.24,"[14.08, 12.08]","[12, 7]",0.9,24.0,114
LLOYDSME.NS,Lloyds Metals And Energy Limited,Steel,Basic Materials,Basic Materials,False,Cash,1,Stage 2,Stage 2,Advancing,0.8,Price is above constructive weekly and long-term trend structure with improving relative strength.,,,2026-09-25,,Stage 2 - Advancing,32.55,Strong,Volume Drying Up,Volume Normal (0.89x vs 10W Avg),6.45,Outperformed Nifty by 6.45% in 3 Months,True,6.45,34.61,581539105.95,0.8,0.89,0.89,True,True,"Stage 2, Advancing, trend_template_ok, volume_dryup, weekly_volume_dryup, flags=Low Liquidity",watchlist,43.32,48.32,1862.65,-1.41,[18.07],[26],0.0,26.0,115
AJANTPHARM.NS,Ajanta Pharma Limited,Drug Manufacturers - Specialty & Generic,Healthcare,Healthcare,False,Cash,1,Stage 2,Stage 2,Advancing,0.9,Price is above constructive weekly and long-term trend structure with improving relative strength.,,,2026-09-25,,Stage 2 - Advancing,36.36,Very Strong,Volume Drying Up,Volume Drying Up (0.71x vs 10W Avg),11.45,Outperformed Nifty by 11.45% in 3 Months,True,11.45,29.71,270606547.47,1.05,1.29,0.71,False,True,"Stage 2, Advancing, trend_template_ok, weekly_volume_dryup, flags=Low Liquidity",watchlist,43.24,48.24,3666.0,-3.84,[9.77],[11],0.0,11.0,116
AJAXENGG.NS,Ajax Engineering Limited,Farm & Heavy Construction Machinery,Industrials,Industrials,False,Cash,1,Stage 2,Stage 2,Advancing,0.8,Price is above constructive weekly and long-term trend structure with improving relative strength.,,,2026-09-25,,Stage 2 - Advancing,47.35,Very Strong,Volume Expanding,Volume Expanding (4.40x vs 10W Avg),13.59,Outperformed Nifty by 13.59% in 3 Months,True,13.59,38.95,95336029.82,2.43,1.37,4.4,False,False,"Stage 2, Advancing, trend_template_ok, weekly_vcp_ok, weekly_strong, flags=Wide Weekly Base;Wider Risk;Low Liquidity",watchlist,47.18,48.18,625.05,-5.62,"[15.5, 11.28, 12.08]","[30, 10, 10]",0.55,60.0,117
BLISSGVS.NS,Bliss GVS Pharma Limited,Drug Manufacturers - Specialty & Generic,Healthcare,Healthcare,False,Cash,1,Stage 2,Stage 2,Extended,0.78,"Weekly advancing structure remains intact, but price is stretched versus key moving averages.",,,2026-09-25,,Stage 2 - Extended,33.62,Very Strong,Volume Expanding,Volume Expanding (2.28x vs 10W Avg),45.32,Outperformed Nifty by 45.32% in 3 Months,True,45.32,217.87,291149235.91,1.3,7.78,2.28,False,False,"Stage 2, Extended, trend_template_ok, flags=Loose Structure;Extended;Wider Risk;Low Liquidity",watchlist,42.48,47.48,728.22,1.29,[4.09],[39],0.0,39.0,118
PRIVISCL.NS,Privi Speciality Chemicals Limited,Specialty Chemicals,Basic Materials,Basic Materials,False,Cash,1,Stage 2,Stage 2,Advancing,0.9,Price is above constructive weekly and long-term trend structure with improving relative strength.,,,2026-09-25,,Stage 2 - Advancing,50.62,Very Strong,Volume Expanding,Volume Expanding (1.53x vs 10W Avg),3.24,Outperformed Nifty by 3.24% in 3 Months,True,3.24,25.61,301790508.18,1.16,1.09,1.53,False,False,"Stage 2, Advancing, trend_template_ok",watchlist,44.76,47.26,3605.6,-0.01,[11.46],[20],0.0,20.0,119
VRLLOG.NS,VRL Logistics Limited,Industrials,Industrials,Industrials,False,Cash,1,Stage 2,Stage 2,Advancing,0.8,Price is above constructive weekly and long-term trend structure with improving relative strength.,,,2026-09-25,,Stage 2 - Advancing,49.81,Very Strong,Volume Drying Up,Volume Drying Up (0.24x vs 10W Avg),25.36,Outperformed Nifty by 25.36% in 3 Months,True,25.36,23.87,34523527.87,0.27,0.99,0.24,True,True,"Stage 2, Advancing, trend_template_ok, weekly_vcp_ok, volume_dryup, weekly_volume_dryup, weekly_strong, flags=Loose Structure;Wider Risk;Low Liquidity",watchlist,46.85,46.85,305.43,-6.04,"[8.12, 7.87]","[10, 12]",0.9,25.0,120
ROLEXRINGS.NS,Rolex Rings Limited,Metal Fabrication,Industrials,Industrials,False,Cash,1,Stage 2,Stage 2,Advancing,0.9,Price is above constructive weekly and long-term trend structure with improving relative strength.,,,2026-09-25,,Stage 2 - Advancing,33.16,Very Strong,Volume Drying Up,Volume Normal (0.98x vs 10W Avg),34.27,Outperformed Nifty by 34.27% in 3 Months,True,34.27,65.92,319417928.34,0.59,1.74,0.98,True,False,"Stage 2, Advancing, trend_template_ok, volume_dryup, flags=Loose Structure;Wide Risk;Low Liquidity",watchlist,41.82,46.82,189.73,1.96,[15.13],[18],0.0,18.0,121
TATVA.NS,Tatva Chintan Pharma Chem Limited,Specialty Chemicals,Basic Materials,Basic Materials,False,Cash,1,Stage 2,Stage 2,Advancing,0.9,Price is above constructive weekly and long-term trend structure with improving relative strength.,,,2026-09-25,,Stage 2 - Advancing,40.05,Very Strong,Volume Drying Up,Volume Drying Up (0.55x vs 10W Avg),44.13,Outperformed Nifty by 44.13% in 3 Months,True,44.13,61.17,115608480.78,0.75,3.67,0.55,True,True,"Stage 2, Advancing, trend_template_ok, volume_dryup, weekly_volume_dryup, flags=Low Liquidity",watchlist,44.11,46.61,1750.95,0.53,[17.21],[32],0.0,32.0,122
AXISCADES.NS,AXISCADES Technologies Limited,Engineering & Construction,Industrials,Industrials,False,Cash,1,Stage 2,Stage 2,Advancing,0.8,Price is above constructive weekly and long-term trend structure with improving relative strength.,,,2026-09-25,,Stage 2 - Advancing,27.3,Very Strong,Volume Normal,Volume Normal (1.20x vs 10W Avg),16.94,Outperformed Nifty by 16.94% in 3 Months,True,16.94,17.65,379383749.51,1.31,1.52,1.2,False,False,"Stage 2, Advancing, trend_template_ok, flags=Wide Base;Wide Weekly Base;Wide Risk;Low Liquidity",watchlist,46.51,46.51,2142.74,-12.29,"[26.5, 30.24, 15.36]","[17, 44, 5]",0.55,92.0,123
STYLAMIND.NS,Stylam Industries Limited,"Furnishings, Fixtures & Appliances",Consumer Cyclical,Consumer Cyclical,False,Cash,1,Stage 2,Stage 2,Advancing,0.8,Price is above constructive weekly and long-term trend structure with improving relative strength.,,,2026-09-25,,Stage 2 - Advancing,30.72,Neutral,Volume Drying Up,Volume Drying Up (0.74x vs 10W Avg),5.55,Outperformed Nifty by 5.55% in 3 Months,True,5.55,53.02,139869880.43,0.55,1.21,0.74,True,True,"Stage 2, Advancing, trend_template_ok, volume_dryup, weekly_volume_dryup, flags=Wider Risk;Low Liquidity",watchlist,46.47,46.47,3451.83,-4.94,[14.45],[11],0.0,11.0,124
NOCIL.NS,NOCIL Limited,Specialty Chemicals,Basic Materials,Basic Materials,False,Cash,1,Stage 2,Stage 2,Advancing,0.9,Price is above constructive weekly and long-term trend structure with improving relative strength.,,,2026-09-25,,Stage 2 - Advancing,33.91,Strong,Volume Expanding,Volume Expanding (2.24x vs 10W Avg),3.79,Outperformed Nifty by 3.79% in 3 Months,True,3.79,9.33,419312153.42,1.66,0.95,2.24,False,False,"Stage 2, Advancing, trend_template_ok, flags=Wide Risk;Low Liquidity",watchlist,43.86,46.36,200.84,-12.78,"[21.62, 12.77]","[23, 9]",0.9,38.0,125
RPTECH.NS,Rashi Peripherals Limited,Technology,Technology,Technology,False,Cash,1,Stage 2,Stage 2,Extended,0.78,"Weekly advancing structure remains intact, but price is stretched versus key moving averages.",,,2026-09-25,,Stage 2 - Extended,30.61,Very Strong,Volume Drying Up,Volume Drying Up (0.68x vs 10W Avg),16.24,Outperformed Nifty by 16.24% in 3 Months,True,16.24,145.19,247379691.18,0.58,0.53,0.68,True,True,"Stage 2, Extended, trend_template_ok, volume_dryup, weekly_volume_dryup, flags=Extended;Wide Risk;Low Liquidity",watchlist,41.35,46.35,967.17,-8.6,[13.23],[38],0.0,38.0,126
LLOYDSENGG.NS,LLOYDS ENGINEERING WORKS LIMITED,Specialty Industrial Machinery,Industrials,Industrials,False,Cash,1,Stage 2,Stage 2,Advancing,0.9,Price is above constructive weekly and long-term trend structure with improving relative strength.,,,2026-09-25,,Stage 2 - Advancing,38.45,Very Strong,Volume Expanding,Volume Expanding (2.37x vs 10W Avg),20.67,Outperformed Nifty by 20.67% in 3 Months,True,20.67,130.9,835048304.98,1.38,2.42,2.37,False,False,"Stage 2, Advancing, trend_template_ok, flags=Wider Risk;Low Liquidity",watchlist,40.98,45.98,94.79,1.25,[21.91],[27],0.0,27.0,127
TIPSMUSIC.NS,Tips Music Limited,Communication Services,Communication Services,Communication Services,False,Cash,1,Stage 2,Stage 2,Advancing,0.8,Price is above constructive weekly and long-term trend structure with improving relative strength.,,,2026-09-25,,Stage 2 - Advancing,32.11,Strong,Volume Drying Up,Volume Drying Up (0.39x vs 10W Avg),2.19,Outperformed Nifty by 2.19% in 3 Months,True,2.19,26.64,157209847.74,0.46,0.94,0.39,True,True,"Stage 2, Advancing, trend_template_ok, volume_dryup, weekly_volume_dryup, flags=Wide Risk;Low Liquidity",watchlist,43.16,45.66,742.3,-11.44,"[10.87, 11.58]","[14, 42]",0.1,63.0,128
CENTUM.NS,Centum Electronics Limited,Electronic Components,Technology,Technology,False,Cash,1,Stage 2,Stage 2,Extended,0.78,"Weekly advancing structure remains intact, but price is stretched versus key moving averages.",,,2026-09-25,,Stage 2 - Extended,31.61,Very Strong,Volume Normal,Volume Normal (1.34x vs 10W Avg),29.03,Outperformed Nifty by 29.03% in 3 Months,True,29.03,62.0,538574398.1,1.34,0.59,1.34,False,False,"Stage 2, Extended, trend_template_ok, flags=Loose Structure;Extended;Wide Risk;Low Liquidity",watchlist,40.22,45.22,4457.79,2.54,[12.23],[61],0.0,61.0,129
ROSSTECH.NS,Rossell Techsys Limited,Aerospace & Defense,Industrials,Industrials,False,Cash,1,Stage 2,Stage 2,Extended,0.78,"Weekly advancing structure remains intact, but price is stretched versus key moving averages.",,,2026-09-25,,Stage 2 - Extended,33.5,Very Strong,Volume Normal,Volume Normal (0.93x vs 10W Avg),45.08,Outperformed Nifty by 45.08% in 3 Months,True,45.08,95.48,653382290.97,2.18,0.36,0.93,False,False,"Stage 2, Extended, trend_template_ok, flags=Loose Structure;Extended;Low Liquidity",watchlist,39.85,44.85,1173.79,19.17,[16.19],[58],0.0,58.0,130
ABB.NS,ABB India Limited,Specialty Industrial Machinery,Industrials,Industrials,True,F&O,1,Stage 2,Stage 2,Advancing,0.8,Price is above constructive weekly and long-term trend structure with improving relative strength.,,,2026-09-25,,Stage 2 - Advancing,30.2,Strong,Volume Drying Up,Volume Drying Up (0.63x vs 10W Avg),7.93,Outperformed Nifty by 7.93% in 3 Months,True,7.93,17.59,1224003470.85,0.78,1.29,0.63,True,True,"Stage 2, Advancing, trend_template_ok, volume_dryup, weekly_volume_dryup, flags=Wider Risk;Low Liquidity",watchlist,39.81,44.81,7827.52,-10.92,"[10.59, 11.75]","[9, 23]",0.1,44.0,131
SHOPERSTOP.NS,Shoppers Stop Limited,Consumer Cyclical,Consumer Cyclical,Consumer Cyclical,False,Cash,1,Stage 2,Stage 2,Advancing,0.8,Price is above constructive weekly and long-term trend structure with improving relative strength.,Stage 2 confirmed with 3 raw confirmation runs.,,2026-09-25,,Stage 2 - Advancing,34.96,Very Strong,Volume Expanding,Volume Expanding (4.07x vs 10W Avg),23.41,Outperformed Nifty by 23.41% in 3 Months,True,23.41,44.9,160157822.34,4.04,0.46,4.07,False,False,"Stage 2, Advancing, trend_template_ok, flags=Wide Risk;Low Liquidity",watchlist,43.8,44.8,442.0,-4.57,"[10.31, 9.88]","[45, 41]",0.9,91.0,132
RKFORGE.NS,Ramkrishna Forgings Limited,Metal Fabrication,Industrials,Industrials,False,Cash,1,Stage 2,Stage 2,Advancing,0.9,Price is above constructive weekly and long-term trend structure with improving relative strength.,,,2026-09-25,,Stage 2 - Advancing,44.33,Very Strong,Volume Drying Up,Volume Drying Up (0.37x vs 10W Avg),27.39,Outperformed Nifty by 27.39% in 3 Months,True,27.39,42.26,414195704.87,0.36,1.16,0.37,True,True,"Stage 2, Advancing, trend_template_ok, weekly_vcp_ok, volume_dryup, weekly_volume_dryup, weekly_strong, flags=Loose Structure;Wider Risk;Low Liquidity",watchlist,39.73,44.73,768.59,-8.52,[14.71],[20],0.0,20.0,133
GUFICBIO.NS,Gufic Biosciences Limited,Drug Manufacturers - Specialty & Generic,Healthcare,Healthcare,False,Cash,1,Stage 2,Stage 2,Advancing,0.9,Price is above constructive weekly and long-term trend structure with improving relative strength.,,,2026-09-25,,Stage 2 - Advancing,42.13,Very Strong,Volume Drying Up,Volume Drying Up (0.60x vs 10W Avg),11.74,Outperformed Nifty by 11.74% in 3 Months,True,11.74,47.91,53450561.1,0.61,0.48,0.6,True,True,"Stage 2, Advancing, trend_template_ok, volume_dryup, weekly_volume_dryup, flags=Wide Risk",watchlist,39.65,44.65,468.62,-10.29,[13.62],[6],0.0,6.0,134
RAMRAT.NS,Ram Ratna Wires Limited,Electrical Equipment & Parts,Industrials,Industrials,False,Cash,1,Stage 2,Stage 2,Extended,0.78,"Weekly advancing structure remains intact, but price is stretched versus key moving averages.",,,2026-09-25,,Stage 2 - Extended,36.33,Very Strong,Volume Drying Up,Volume Normal (0.91x vs 10W Avg),45.7,Outperformed Nifty by 45.7% in 3 Months,True,45.7,91.28,163486814.01,0.69,0.57,0.91,True,False,"Stage 2, Extended, trend_template_ok, volume_dryup, flags=Loose Structure;Extended;Wide Risk",watchlist,39.59,44.59,603.5,-5.85,[16.99],[12],0.0,12.0,135
BALAMINES.NS,Balaji Amines Limited,Specialty Chemicals,Basic Materials,Basic Materials,False,Cash,1,Stage 2,Stage 2,Advancing,0.8,Price is above constructive weekly and long-term trend structure with improving relative strength.,,,2026-09-25,,Stage 2 - Advancing,25.69,Strong,Volume Drying Up,Volume Drying Up (0.67x vs 10W Avg),2.11,Outperformed Nifty by 2.11% in 3 Months,True,2.11,105.42,494240139.7,0.65,0.37,0.67,True,True,"Stage 2, Advancing, trend_template_ok, volume_dryup, weekly_volume_dryup, flags=Wide Risk;Low Liquidity",watchlist,41.77,44.27,2634.4,-18.24,"[17.61, 19.08, 20.87]","[7, 17, 7]",0.15,64.0,136
JUBLPHARMA.NS,Jubilant Pharmova Limited,Drug Manufacturers - Specialty & Generic,Healthcare,Healthcare,False,Cash,1,Stage 2,Stage 2,Advancing,0.8,Price is above constructive weekly and long-term trend structure with improving relative strength.,,,2026-09-25,,Stage 2 - Advancing,31.04,Very Strong,Volume Drying Up,Volume Drying Up (0.50x vs 10W Avg),14.63,Outperformed Nifty by 14.63% in 3 Months,True,14.63,32.8,264135390.32,0.63,0.3,0.5,True,True,"Stage 2, Advancing, trend_template_ok, volume_dryup, weekly_volume_dryup, flags=Wide Risk;Low Liquidity",watchlist,39.16,44.16,1093.76,-3.05,[14.75],[33],0.0,33.0,137
MANKIND.NS,Mankind Pharma Limited,Drug Manufacturers - Specialty & Generic,Healthcare,Healthcare,True,F&O,1,Stage 2,Stage 2,Advancing,0.9,Price is above constructive weekly and long-term trend structure with improving relative strength.,,,2026-09-25,,Stage 2 - Advancing,32.91,Very Strong,Volume Normal,Volume Normal (1.09x vs 10W Avg),3.04,Outperformed Nifty by 3.04% in 3 Months,True,3.04,23.96,919644877.99,1.41,1.01,1.09,False,False,"Stage 2, Advancing, trend_template_ok, flags=Wider Risk;Low Liquidity",watchlist,39.15,44.15,2642.0,-7.81,"[13.76, 14.67]","[8, 58]",0.1,81.0,138
ZYDUSLIFE.NS,Zydus Lifesciences Limited,Drug Manufacturers - Specialty & Generic,Healthcare,Healthcare,True,F&O,1,Stage 2,Stage 2,Advancing,0.9,Price is above constructive weekly and long-term trend structure with improving relative strength.,,,2026-09-25,,Stage 2 - Advancing,34.6,Very Strong,Volume Expanding,Volume Normal (1.50x vs 10W Avg),15.68,Outperformed Nifty by 15.68% in 3 Months,True,15.68,42.97,1594737678.1,1.13,3.08,1.5,False,False,"Stage 2, Advancing, trend_template_ok, flags=Wider Risk;Low Liquidity",watchlist,39.09,44.09,1201.0,1.17,[9.42],[13],0.0,13.0,139
PITTIENG.NS,Pitti Engineering Limited,Metal Fabrication,Industrials,Industrials,False,Cash,1,Stage 2,Stage 2,Advancing,0.9,Price is above constructive weekly and long-term trend structure with improving relative strength.,,,2026-09-25,,Stage 2 - Advancing,55.05,Very Strong,Volume Drying Up,Volume Drying Up (0.63x vs 10W Avg),24.6,Outperformed Nifty by 24.6% in 3 Months,True,24.6,67.77,216391462.2,0.68,0.36,0.63,True,True,"Stage 2, Advancing, trend_template_ok, weekly_vcp_ok, volume_dryup, weekly_volume_dryup, weekly_strong, flags=Wide Risk",watchlist,38.94,43.94,1227.52,-7.39,[13.5],[6],0.0,6.0,140
PTCIL.NS,PTC Industries Limited,Metal Fabrication,Industrials,Industrials,False,Cash,1,Stage 2,Stage 2,Advancing,0.9,Price is above constructive weekly and long-term trend structure with improving relative strength.,,,2026-09-25,,Stage 2 - Advancing,43.87,Very Strong,Volume Drying Up,Volume Drying Up (0.32x vs 10W Avg),29.11,Outperformed Nifty by 29.11% in 3 Months,True,29.11,49.51,664680800.75,0.52,0.19,0.32,True,True,"Stage 2, Advancing, trend_template_ok, weekly_vcp_ok, volume_dryup, weekly_volume_dryup, weekly_strong, flags=Loose Structure;Wider Risk;Low Liquidity",watchlist,38.85,43.85,24167.22,-10.27,[15.12],[18],0.0,18.0,141
PPLPHARMA.NS,Piramal Pharma Limited,Drug Manufacturers - Specialty & Generic,Healthcare,Healthcare,False,Cash,1,Stage 2,Stage 2,Advancing,0.8,Price is above constructive weekly and long-term trend structure with improving relative strength.,,,2026-09-25,,Stage 2 - Advancing,30.67,Very Strong,Volume Drying Up,Volume Drying Up (0.56x vs 10W Avg),27.86,Outperformed Nifty by 27.86% in 3 Months,True,27.86,47.56,866612938.56,0.57,0.68,0.56,True,True,"Stage 2, Advancing, trend_template_ok, volume_dryup, weekly_volume_dryup, flags=Wide Risk;Low Liquidity",watchlist,38.85,43.85,232.34,-11.08,[9.76],[18],0.0,18.0,142
THYROCARE.NS,Thyrocare Technologies Limited,Diagnostics & Research,Healthcare,Healthcare,False,Cash,1,Stage 2,Stage 2,Advancing,0.8,Price is above constructive weekly and long-term trend structure with improving relative strength.,,,2026-09-25,,Stage 2 - Advancing,22.6,Neutral,Volume Drying Up,Volume Drying Up (0.30x vs 10W Avg),3.51,Outperformed Nifty by 3.51% in 3 Months,True,3.51,54.02,131012242.94,0.3,1.7,0.3,True,True,"Stage 2, Advancing, trend_template_ok, volume_dryup, weekly_volume_dryup, flags=Wide Risk;Low Liquidity",watchlist,38.78,43.78,663.16,-17.32,[13.72],[37],0.0,37.0,143
VARROC.NS,Varroc Engineering Limited,Auto Parts,Consumer Cyclical,Consumer Cyclical,False,Cash,1,Stage 2,Stage 2,Advancing,0.9,Price is above constructive weekly and long-term trend structure with improving relative strength.,,,2026-09-25,,Stage 2 - Advancing,48.91,Very Strong,Volume Drying Up,Volume Drying Up (0.47x vs 10W Avg),34.63,Outperformed Nifty by 34.63% in 3 Months,True,34.63,79.97,318384142.82,0.44,0.81,0.47,True,True,"Stage 2, Advancing, trend_template_ok, weekly_vcp_ok, volume_dryup, weekly_volume_dryup, weekly_strong, flags=Loose Structure;Wider Risk;Low Liquidity",watchlist,41.15,43.65,913.8,-7.16,"[9.06, 9.83]","[7, 11]",0.1,22.0,144
SANATHAN.NS,Sanathan Textiles Limited,Textile Manufacturing,Consumer Cyclical,Consumer Cyclical,False,Cash,1,Stage 2,Stage 2,Advancing,0.9,Price is above constructive weekly and long-term trend structure with improving relative strength.,,,2026-09-25,,Stage 2 - Advancing,60.1,Very Strong,Volume Expanding,Volume Expanding (2.93x vs 10W Avg),21.62,Outperformed Nifty by 21.62% in 3 Months,True,21.62,43.03,85957769.9,1.77,0.57,2.93,False,False,"Stage 2, Advancing, trend_template_ok, weekly_vcp_ok, weekly_strong",watchlist,38.62,43.62,493.56,4.86,[15.74],[29],0.0,29.0,145
GLAXO.NS,GlaxoSmithKline Pharmaceuticals Limited,Drug Manufacturers - General,Healthcare,Healthcare,False,Cash,1,Stage 2,Stage 2,Advancing,0.9,Price is above constructive weekly and long-term trend structure with improving relative strength.,,,2026-09-25,,Stage 2 - Advancing,48.82,Very Strong,Volume Drying Up,Volume Normal (1.22x vs 10W Avg),25.0,Outperformed Nifty by 25.0% in 3 Months,True,25.0,30.75,226510017.69,0.82,3.16,1.22,True,False,"Stage 2, Advancing, trend_template_ok, weekly_vcp_ok, volume_dryup, weekly_strong, flags=Wider Risk;Low Liquidity",watchlist,40.63,43.13,3120.7,-7.19,[11.69],[13],0.0,13.0,146
SKYGOLD.NS,SKY GOLD AND DIAMONDS LIMITED,Luxury Goods,Consumer Cyclical,Consumer Cyclical,False,Cash,1,Stage 2,Stage 2,Extended,0.78,"Weekly advancing structure remains intact, but price is stretched versus key moving averages.",,,2026-09-25,,Stage 2 - Extended,27.61,Very Strong,Volume Drying Up,Volume Drying Up (0.68x vs 10W Avg),45.2,Outperformed Nifty by 45.2% in 3 Months,True,45.2,136.62,622222161.22,0.64,1.26,0.68,True,True,"Stage 2, Extended, trend_template_ok, volume_dryup, weekly_volume_dryup, flags=Loose Structure;Extended;Wide Risk;Low Liquidity",watchlist,38.08,43.08,870.32,-8.43,[15.63],[7],0.0,7.0,147
SHANTIGEAR.NS,Shanthi Gears Limited,Specialty Industrial Machinery,Industrials,Industrials,False,Cash,1,Stage 2,Stage 2,Extended,0.78,"Weekly advancing structure remains intact, but price is stretched versus key moving averages.",,,2026-09-25,,Stage 2 - Extended,15.53,Very Strong,Volume Drying Up,Volume Drying Up (0.15x vs 10W Avg),47.22,Outperformed Nifty by 47.22% in 3 Months,True,47.22,46.87,182718628.64,0.19,0.07,0.15,True,True,"Stage 2, Extended, trend_template_ok, volume_dryup, weekly_volume_dryup, flags=Loose Structure;Extended;Wide Risk;Circuit Risk;Low Liquidity",watchlist,38.07,43.07,744.3,-14.91,[14.92],[59],0.0,59.0,148
NITINSPIN.NS,Nitin Spinners Limited,Textile Manufacturing,Consumer Cyclical,Consumer Cyclical,False,Cash,1,Stage 2,Stage 2,Advancing,0.9,Price is above constructive weekly and long-term trend structure with improving relative strength.,,,2026-09-25,,Stage 2 - Advancing,30.75,Very Strong,Volume Drying Up,Volume Drying Up (0.21x vs 10W Avg),12.47,Outperformed Nifty by 12.47% in 3 Months,True,12.47,61.12,67412771.03,0.39,0.14,0.21,True,True,"Stage 2, Advancing, trend_template_ok, volume_dryup, weekly_volume_dryup, flags=Wider Risk;Low Liquidity",watchlist,37.98,42.98,666.16,-10.46,[9.75],[11],0.0,11.0,149
FINCABLES.NS,Finolex Cables Limited,Electrical Equipment & Parts,Industrials,Industrials,False,Cash,1,Stage 2,Stage 2,Advancing,0.9,Price is above constructive weekly and long-term trend structure with improving relative strength.,,,2026-09-25,,Stage 2 - Advancing,27.7,Very Strong,Volume Drying Up,Volume Drying Up (0.58x vs 10W Avg),30.63,Outperformed Nifty by 30.63% in 3 Months,True,30.63,80.05,1690000771.36,0.66,0.39,0.58,True,True,"Stage 2, Advancing, trend_template_ok, volume_dryup, weekly_volume_dryup, flags=Loose Structure;Wide Risk;Low Liquidity",watchlist,37.92,42.92,1500.62,-6.17,[13.65],[15],0.0,15.0,150
LLOYDSENT.NS,Lloyds Enterprises Limited,Steel,Basic Materials,Basic Materials,False,Cash,1,Stage 2,Stage 2,Advancing,0.9,Price is above constructive weekly and long-term trend structure with improving relative strength.,,,2026-09-25,,Stage 2 - Advancing,27.99,Strong,Volume Normal,Volume Normal (1.47x vs 10W Avg),8.69,Outperformed Nifty by 8.69% in 3 Months,True,8.69,70.09,201634490.15,1.09,0.9,1.47,False,False,"Stage 2, Advancing, trend_template_ok, flags=Wide Weekly Base;Wide Risk;Low Liquidity",watchlist,37.85,42.85,84.7,-9.88,[21.35],[42],0.0,42.0,151
SEAMECLTD.NS,Seamec Limited,Marine Shipping,Industrials,Industrials,False,Cash,1,Stage 2,Stage 2,Advancing,0.9,Price is above constructive weekly and long-term trend structure with improving relative strength.,,,2026-09-25,,Stage 2 - Advancing,38.0,Very Strong,Volume Drying Up,Volume Drying Up (0.32x vs 10W Avg),23.86,Outperformed Nifty by 23.86% in 3 Months,True,23.86,21.95,124767623.83,0.43,0.29,0.32,True,True,"Stage 2, Advancing, trend_template_ok, volume_dryup, weekly_volume_dryup, flags=Loose Structure;Wider Risk",watchlist,40.33,42.83,1849.0,-8.91,[24.75],[22],0.0,22.0,152
AARTIPHARM.NS,Aarti Pharmalabs Limited,Drug Manufacturers - Specialty & Generic,Healthcare,Healthcare,False,Cash,1,Stage 2,Stage 2,Advancing,0.8,Price is above constructive weekly and long-term trend structure with improving relative strength.,,,2026-09-25,,Stage 2 - Advancing,43.18,Very Strong,Volume Normal,Volume Normal (1.43x vs 10W Avg),36.52,Outperformed Nifty by 36.52% in 3 Months,True,36.52,44.16,685637903.89,1.3,0.8,1.43,False,False,"Stage 2, Advancing, trend_template_ok, weekly_vcp_ok, weekly_strong, flags=Loose Structure;Wide Risk;Low Liquidity",watchlist,37.65,42.65,894.1,2.23,"[13.53, 14.29]","[8, 7]",0.1,26.0,153
SBCL.NS,Shivalik Bimetal Controls Limited,Metal Fabrication,Industrials,Industrials,False,Cash,1,Stage 2,Stage 2,Extended,0.78,"Weekly advancing structure remains intact, but price is stretched versus key moving averages.",,,2026-09-25,,Stage 2 - Extended,23.69,Very Strong,Volume Drying Up,Volume Drying Up (0.32x vs 10W Avg),50.86,Outperformed Nifty by 50.86% in 3 Months,True,50.86,173.48,353510524.91,0.45,0.55,0.32,True,True,"Stage 2, Extended, trend_template_ok, volume_dryup, weekly_volume_dryup, flags=Loose Structure;Extended;Wide Risk;Low Liquidity",watchlist,37.6,42.6,1217.83,-8.84,[21.27],[8],0.0,8.0,154
SHILPAMED.NS,Shilpa Medicare Limited,Drug Manufacturers - Specialty & Generic,Healthcare,Healthcare,False,Cash,1,Stage 2,Stage 2,Extended,0.78,"Weekly advancing structure remains intact, but price is stretched versus key moving averages.",,,2026-09-25,,Stage 2 - Extended,36.87,Very Strong,Volume Drying Up,Volume Drying Up (0.33x vs 10W Avg),75.85,Outperformed Nifty by 75.85% in 3 Months,True,75.85,166.05,971156411.75,0.48,0.6,0.33,True,True,"Stage 2, Extended, trend_template_ok, weekly_vcp_ok, volume_dryup, weekly_volume_dryup, weekly_strong, flags=Wide Weekly Base;Loose Structure;Extended;Wide Risk;Low Liquidity",watchlist,37.48,42.48,1076.88,-4.79,[10.74],[7],0.0,7.0,155
EMCURE.NS,Emcure Pharmaceuticals Limited,Drug Manufacturers - Specialty & Generic,Healthcare,Healthcare,False,Cash,1,Stage 2,Stage 2,Advancing,0.9,Price is above constructive weekly and long-term trend structure with improving relative strength.,,,2026-09-25,,Stage 2 - Advancing,32.67,Strong,Volume Drying Up,Volume Drying Up (0.23x vs 10W Avg),9.15,Outperformed Nifty by 9.15% in 3 Months,True,9.15,27.07,390620120.99,1.64,0.22,0.23,False,True,"Stage 2, Advancing, trend_template_ok, weekly_volume_dryup, flags=Wider Risk;Low Liquidity",watchlist,37.4,42.4,2104.38,-8.39,"[9.93, 10.64]","[16, 11]",0.1,43.0,156
DYNAMATECH.NS,Dynamatic Technologies Limited,Auto Parts,Consumer Cyclical,Consumer Cyclical,False,Cash,1,Stage 2,Stage 2,Advancing,0.9,Price is above constructive weekly and long-term trend structure with improving relative strength.,,,2026-09-25,,Stage 2 - Advancing,31.82,Very Strong,Volume Expanding,Volume Expanding (1.94x vs 10W Avg),31.24,Outperformed Nifty by 31.24% in 3 Months,True,31.24,42.31,265349400.55,1.43,2.32,1.94,False,False,"Stage 2, Advancing, trend_template_ok, flags=Wider Risk;Low Liquidity",watchlist,39.85,42.35,12321.52,6.63,[8.57],[18],0.0,18.0,157
CYIENTDLM.NS,Cyient DLM Limited,Electronic Components,Technology,Technology,False,Cash,1,Stage 2,Stage 2,Extended,0.78,"Weekly advancing structure remains intact, but price is stretched versus key moving averages.",,,2026-09-25,,Stage 2 - Extended,23.3,Very Strong,Volume Drying Up,Volume Drying Up (0.37x vs 10W Avg),99.65,Outperformed Nifty by 99.65% in 3 Months,True,99.65,229.98,615823042.94,0.55,0.39,0.37,True,True,"Stage 2, Extended, trend_template_ok, volume_dryup, weekly_volume_dryup, flags=Loose Structure;Extended;Wide Risk;Low Liquidity",watchlist,37.35,42.35,1010.77,-9.18,[19.53],[6],0.0,6.0,158
HIKAL.NS,Hikal Limited,Drug Manufacturers - Specialty & Generic,Healthcare,Healthcare,False,Cash,1,Stage 2,Stage 2,Advancing,0.8,Price is above constructive weekly and long-term trend structure with improving relative strength.,,,2026-09-25,,Stage 2 - Advancing,21.99,Neutral,Volume Drying Up,Volume Drying Up (0.57x vs 10W Avg),-1.14,Underperformed Nifty by 1.14% in 3 Months,True,-1.14,32.2,900786100.81,0.53,0.24,0.57,True,True,"Stage 2, Advancing, trend_template_ok, volume_dryup, weekly_volume_dryup, flags=Wide Risk;Low Liquidity",watchlist,37.28,42.28,257.45,-18.9,"[17.72, 18.72, 20.69]","[9, 17, 7]",0.15,47.0,159
MANINFRA.NS,Man Infraconstruction Limited,Engineering & Construction,Industrials,Industrials,False,Cash,1,Stage 2,Stage 2,Advancing,0.8,Price is above constructive weekly and long-term trend structure with improving relative strength.,,,2026-09-25,,Stage 2 - Advancing,37.26,Very Strong,Volume Normal,Volume Normal (1.09x vs 10W Avg),25.61,Outperformed Nifty by 25.61% in 3 Months,True,25.61,52.24,327488998.95,0.95,1.72,1.09,False,False,"Stage 2, Advancing, trend_template_ok, flags=Loose Structure;Low Liquidity",watchlist,42.13,42.13,131.23,-2.9,[6.89],[6],0.0,6.0,160
EMIL.NS,Electronics Mart India Limited,Consumer Cyclical,Consumer Cyclical,Consumer Cyclical,False,Cash,1,Stage 2,Stage 2,Extended,0.78,"Weekly advancing structure remains intact, but price is stretched versus key moving averages.",,,2026-09-25,,Stage 2 - Extended,29.53,Very Strong,Volume Drying Up,Volume Drying Up (0.52x vs 10W Avg),46.0,Outperformed Nifty by 46.0% in 3 Months,True,46.0,105.94,654144260.83,0.59,1.6,0.52,True,True,"Stage 2, Extended, trend_template_ok, volume_dryup, weekly_volume_dryup, flags=Loose Structure;Extended;Wide Risk;Low Liquidity",watchlist,41.01,42.01,203.22,-5.08,[14.84],[16],0.0,16.0,161
WHEELS.NS,Wheels India Limited,Auto Parts,Consumer Cyclical,Consumer Cyclical,False,Cash,1,Stage 2,Stage 2,Extended,0.78,"Weekly advancing structure remains intact, but price is stretched versus key moving averages.",,,2026-09-25,,Stage 2 - Extended,28.26,Very Strong,Volume Drying Up,Volume Normal (0.88x vs 10W Avg),48.18,Outperformed Nifty by 48.18% in 3 Months,True,48.18,142.13,1989156050.0,0.73,0.55,0.88,True,True,"Stage 2, Extended, trend_template_ok, volume_dryup, weekly_volume_dryup, flags=Loose Structure;Extended;Wide Risk;Low Liquidity",watchlist,39.34,41.84,2502.37,-7.14,[25.77],[32],0.0,32.0,162
JTLIND.NS,JTL INDUSTRIES LIMITED,Steel,Basic Materials,Basic Materials,False,Cash,1,Stage 2,Stage 2,Advancing,0.9,Price is above constructive weekly and long-term trend structure with improving relative strength.,,,2026-09-25,,Stage 2 - Advancing,38.84,Very Strong,Volume Normal,Volume Normal (1.06x vs 10W Avg),14.92,Outperformed Nifty by 14.92% in 3 Months,True,14.92,78.67,298289607.22,0.95,1.61,1.06,False,False,"Stage 2, Advancing, trend_template_ok, weekly_vcp_ok, weekly_strong, flags=Wide Weekly Base;Wide Risk;Low Liquidity",watchlist,36.81,41.81,94.03,-6.55,[15.46],[10],0.0,10.0,163
SMLMAH.NS,SML Mahindra Limited,Auto Manufacturers,Consumer Cyclical,Consumer Cyclical,False,Cash,1,Stage 2,Stage 2,Extended,0.78,"Weekly advancing structure remains intact, but price is stretched versus key moving averages.",,,2026-09-25,,Stage 2 - Extended,41.49,Very Strong,Volume Drying Up,Volume Drying Up (0.30x vs 10W Avg),68.68,Outperformed Nifty by 68.68% in 3 Months,True,68.68,63.65,692908307.83,0.3,0.65,0.3,True,True,"Stage 2, Extended, trend_template_ok, weekly_vcp_ok, volume_dryup, weekly_volume_dryup, weekly_strong, flags=Loose Structure;Extended;Wide Risk;Low Liquidity",watchlist,39.22,41.72,6898.5,-5.55,[15.18],[21],0.0,21.0,164
MEDANTA.NS,Global Health Limited,Medical Care Facilities,Healthcare,Healthcare,False,Cash,1,Stage 2,Stage 2,Advancing,0.8,Price is above constructive weekly and long-term trend structure with improving relative strength.,,,2026-09-25,,Stage 2 - Advancing,51.95,Very Strong,Volume Drying Up,Volume Drying Up (0.48x vs 10W Avg),13.08,Outperformed Nifty by 13.08% in 3 Months,True,13.08,51.45,367814592.25,0.76,0.43,0.48,True,True,"Stage 2, Advancing, trend_template_ok, weekly_vcp_ok, volume_dryup, weekly_volume_dryup, flags=Wider Risk",watchlist,40.67,41.67,1544.0,-7.16,[7.41],[26],0.0,26.0,165
ALIVUS.NS,Alivus Life Sciences Limited,Drug Manufacturers - Specialty & Generic,Healthcare,Healthcare,False,Cash,1,Stage 2,Stage 2,Advancing,0.9,Price is above constructive weekly and long-term trend structure with improving relative strength.,,,2026-09-25,,Stage 2 - Advancing,41.87,Very Strong,Volume Drying Up,Volume Drying Up (0.43x vs 10W Avg),21.59,Outperformed Nifty by 21.59% in 3 Months,True,21.59,38.71,209734373.22,0.75,0.52,0.43,True,True,"Stage 2, Advancing, trend_template_ok, weekly_vcp_ok, volume_dryup, weekly_volume_dryup, weekly_strong, flags=Loose Structure;Wider Risk;Low Liquidity",watchlist,36.63,41.63,1491.09,-9.76,[11.48],[12],0.0,12.0,166
LAURUSLABS.NS,Laurus Labs Limited,Drug Manufacturers - Specialty & Generic,Healthcare,Healthcare,True,F&O,1,Stage 2,Stage 2,Extended,0.78,"Weekly advancing structure remains intact, but price is stretched versus key moving averages.",,,2026-09-25,,Stage 2 - Extended,45.52,Very Strong,Volume Drying Up,Volume Drying Up (0.50x vs 10W Avg),36.7,Outperformed Nifty by 36.7% in 3 Months,True,36.7,95.25,3326934564.68,0.67,0.33,0.5,True,True,"Stage 2, Extended, trend_template_ok, weekly_vcp_ok, volume_dryup, weekly_volume_dryup, weekly_strong, flags=Loose Structure;Extended;Low Liquidity",watchlist,36.57,41.57,1985.27,1.28,[5.42],[5],0.0,5.0,167
IPCALAB.NS,IPCA Laboratories Limited,Drug Manufacturers - Specialty & Generic,Healthcare,Healthcare,False,Cash,1,Stage 2,Stage 2,Advancing,0.9,Price is above constructive weekly and long-term trend structure with improving relative strength.,,,2026-09-25,,Stage 2 - Advancing,33.14,Very Strong,Volume Drying Up,Volume Drying Up (0.48x vs 10W Avg),17.12,Outperformed Nifty by 17.12% in 3 Months,True,17.12,31.66,431691142.14,0.69,0.34,0.48,True,True,"Stage 2, Advancing, trend_template_ok, volume_dryup, weekly_volume_dryup, flags=Low Liquidity",watchlist,36.57,41.57,2041.57,-5.99,[13.61],[16],0.0,16.0,168
PRICOLLTD.NS,Pricol Limited,Auto Parts,Consumer Cyclical,Consumer Cyclical,False,Cash,1,Stage 2,Stage 2,Advancing,0.9,Price is above constructive weekly and long-term trend structure with improving relative strength.,,,2026-09-25,,Stage 2 - Advancing,44.04,Very Strong,Volume Drying Up,Volume Drying Up (0.44x vs 10W Avg),26.5,Outperformed Nifty by 26.5% in 3 Months,True,26.5,44.39,210986515.51,0.47,0.6,0.44,True,True,"Stage 2, Advancing, trend_template_ok, weekly_vcp_ok, volume_dryup, weekly_volume_dryup, weekly_strong, flags=Loose Structure;Wide Risk;Low Liquidity",watchlist,38.98,41.48,824.19,-8.63,[12.39],[19],0.0,19.0,169
GALAXYSURF.NS,Galaxy Surfactants Limited,Specialty Chemicals,Basic Materials,Basic Materials,False,Cash,1,Stage 2,Stage 2,Advancing,0.9,Price is above constructive weekly and long-term trend structure with improving relative strength.,,,2026-09-25,,Stage 2 - Advancing,53.29,Very Strong,Volume Drying Up,Volume Drying Up (0.54x vs 10W Avg),17.77,Outperformed Nifty by 17.77% in 3 Months,True,17.77,48.55,82706666.48,0.53,0.18,0.54,True,True,"Stage 2, Advancing, trend_template_ok, weekly_vcp_ok, volume_dryup, weekly_volume_dryup, weekly_strong, flags=Loose Structure;Wider Risk",watchlist,38.96,41.46,2334.08,-6.14,[21.5],[21],0.0,21.0,170
KALYANKJIL.NS,Kalyan Jewellers India Limited,Luxury Goods,Consumer Cyclical,Consumer Cyclical,True,F&O,1,Stage 2,Stage 2,Advancing,0.8,Price is above constructive weekly and long-term trend structure with improving relative strength.,,,2026-09-25,,Stage 2 - Advancing,27.67,Strong,Volume Drying Up,Volume Drying Up (0.23x vs 10W Avg),51.02,Outperformed Nifty by 51.02% in 3 Months,True,51.02,45.86,3903931337.43,0.36,0.37,0.23,True,True,"Stage 2, Advancing, trend_template_ok, volume_dryup, weekly_volume_dryup, flags=Wider Risk;Low Liquidity",watchlist,36.46,41.46,634.47,-11.11,[13.51],[5],0.0,5.0,171
TITAN.NS,Titan Company Limited,Luxury Goods,Consumer Cyclical,Consumer Cyclical,True,F&O,1,Stage 2,Stage 2,Advancing,0.8,Price is above constructive weekly and long-term trend structure with improving relative strength.,,,2026-09-25,,Stage 2 - Advancing,34.94,Very Strong,Volume Normal,Volume Normal (1.00x vs 10W Avg),13.01,Outperformed Nifty by 13.01% in 3 Months,True,13.01,20.27,2693130064.85,0.93,1.2,1.0,False,False,"Stage 2, Advancing, trend_template_ok, flags=Low Liquidity",watchlist,36.44,41.44,5186.7,-7.08,[12.98],[40],0.0,40.0,172
PRECWIRE.NS,Precision Wires India Limited,Electrical Equipment & Parts,Industrials,Industrials,False,Cash,1,Stage 2,Stage 2,Advancing,0.9,Price is above constructive weekly and long-term trend structure with improving relative strength.,,,2026-09-25,,Stage 2 - Advancing,25.05,Very Strong,Volume Drying Up,Volume Drying Up (0.72x vs 10W Avg),23.87,Outperformed Nifty by 23.87% in 3 Months,True,23.87,62.7,298415838.18,0.77,0.53,0.72,True,True,"Stage 2, Advancing, trend_template_ok, volume_dryup, weekly_volume_dryup, flags=Loose Structure;Wide Risk;Low Liquidity",watchlist,36.41,41.41,525.82,-8.59,[19.93],[12],0.0,12.0,173
BLUEJET.NS,Blue Jet Healthcare Limited,Biotechnology,Healthcare,Healthcare,False,Cash,1,Stage 2,Stage 2,Advancing,0.8,Price is above constructive weekly and long-term trend structure with improving relative strength.,,,2026-09-25,,Stage 2 - Advancing,25.02,Strong,Volume Drying Up,Volume Drying Up (0.54x vs 10W Avg),3.39,Outperformed Nifty by 3.39% in 3 Months,True,3.39,58.54,233025678.17,0.65,0.41,0.54,True,True,"Stage 2, Advancing, trend_template_ok, volume_dryup, weekly_volume_dryup, flags=Wide Weekly Base;Wide Risk;Low Liquidity",watchlist,38.88,41.38,647.58,-13.94,"[10.52, 11.49]","[10, 17]",0.1,48.0,174
APOLLO.NS,Apollo Micro Systems Limited,Aerospace & Defense,Industrials,Industrials,False,Cash,1,Stage 2,Stage 2,Advancing,0.9,Price is above constructive weekly and long-term trend structure with improving relative strength.,,,2026-09-25,,Stage 2 - Advancing,32.9,Neutral,Volume Normal,Volume Normal (1.29x vs 10W Avg),-1.95,Underperformed Nifty by 1.95% in 3 Months,True,-1.95,109.51,3107855118.01,1.42,1.78,1.29,False,False,"Stage 2, Advancing, trend_template_ok, flags=Wider Risk;Low Liquidity",watchlist,36.36,41.36,427.69,-4.53,[15.55],[5],0.0,5.0,175
METROPOLIS.NS,Metropolis Healthcare Limited,Diagnostics & Research,Healthcare,Healthcare,False,Cash,1,Stage 2,Stage 2,Advancing,0.8,Price is above constructive weekly and long-term trend structure with improving relative strength.,,,2026-09-25,,Stage 2 - Advancing,33.4,Strong,Volume Drying Up,Volume Drying Up (0.56x vs 10W Avg),10.25,Outperformed Nifty by 10.25% in 3 Months,True,10.25,38.22,115597151.47,0.7,0.38,0.56,True,True,"Stage 2, Advancing, trend_template_ok, volume_dryup, weekly_volume_dryup, flags=Wider Risk;Low Liquidity",watchlist,36.29,41.29,607.85,-5.85,[11.9],[15],0.0,15.0,176
AZAD.NS,Azad Engineering Limited,Specialty Industrial Machinery,Industrials,Industrials,False,Cash,1,Stage 2,Stage 2,Advancing,0.9,Price is above constructive weekly and long-term trend structure with improving relative strength.,,,2026-09-25,,Stage 2 - Advancing,42.96,Very Strong,Volume Drying Up,Volume Drying Up (0.60x vs 10W Avg),36.41,Outperformed Nifty by 36.41% in 3 Months,True,36.41,78.4,940283982.42,0.78,0.95,0.6,True,True,"Stage 2, Advancing, trend_template_ok, weekly_vcp_ok, volume_dryup, weekly_volume_dryup, weekly_strong, flags=Wide Risk;Low Liquidity",watchlist,36.27,41.27,2942.2,-7.44,[13.16],[12],0.0,12.0,177
SAILIFE.NS,Sai Life Sciences Limited,Diagnostics & Research,Healthcare,Healthcare,False,Cash,1,Stage 2,Stage 2,Advancing,0.9,Price is above constructive weekly and long-term trend structure with improving relative strength.,,,2026-09-25,,Stage 2 - Advancing,30.94,Very Strong,Volume Drying Up,Volume Drying Up (0.49x vs 10W Avg),32.96,Outperformed Nifty by 32.96% in 3 Months,True,32.96,67.14,1398130415.03,0.7,0.39,0.49,True,True,"Stage 2, Advancing, trend_template_ok, volume_dryup, weekly_volume_dryup, flags=Loose Structure;Wide Risk;Low Liquidity",watchlist,36.26,41.26,1699.97,-6.89,[11.94],[5],0.0,5.0,178
SHRIPISTON.NS,Shriram Pistons & Rings Limited,Auto Parts,Consumer Cyclical,Consumer Cyclical,False,Cash,1,Stage 2,Stage 2,Advancing,0.9,Price is above constructive weekly and long-term trend structure with improving relative strength.,,,2026-09-25,,Stage 2 - Advancing,34.45,Very Strong,Volume Normal,Volume Normal (1.22x vs 10W Avg),13.1,Outperformed Nifty by 13.1% in 3 Months,True,13.1,56.0,311608279.97,1.2,1.76,1.22,False,False,"Stage 2, Advancing, trend_template_ok, flags=Low Liquidity",watchlist,38.66,41.16,4649.02,-0.08,[7.39],[24],0.0,24.0,179
SOUTHBANK.NS,The South Indian Bank Limited,Banks - Regional,Financial Services,Financial Services,False,Cash,1,Stage 2,Stage 2,Advancing,0.9,Price is above constructive weekly and long-term trend structure with improving relative strength.,,,2026-09-25,,Stage 2 - Advancing,36.04,Very Strong,Volume Expanding,Volume Expanding (2.22x vs 10W Avg),12.96,Outperformed Nifty by 12.96% in 3 Months,True,12.96,35.95,617154449.58,1.62,1.46,2.22,False,False,"Stage 2, Advancing, trend_template_ok, flags=Low Liquidity",watchlist,40.14,41.14,48.44,0.41,"[7.64, 8.05]","[23, 8]",0.1,40.0,180
NEULANDLAB.NS,Neuland Laboratories Limited,Drug Manufacturers - Specialty & Generic,Healthcare,Healthcare,False,Cash,1,Stage 2,Stage 2,Advancing,0.8,Price is above constructive weekly and long-term trend structure with improving relative strength.,,,2026-09-25,,Stage 2 - Advancing,40.5,Very Strong,Volume Drying Up,Volume Drying Up (0.57x vs 10W Avg),18.23,Outperformed Nifty by 18.23% in 3 Months,True,18.23,75.02,954916685.25,0.66,0.43,0.57,True,True,"Stage 2, Advancing, trend_template_ok, weekly_vcp_ok, volume_dryup, weekly_volume_dryup, weekly_strong, flags=Wide Weekly Base;Wider Risk;Low Liquidity",watchlist,36.09,41.09,24225.0,-11.5,[10.12],[6],0.0,6.0,181
KDDL.NS,KDDL Limited,Luxury Goods,Consumer Cyclical,Consumer Cyclical,False,Cash,1,Stage 2,Stage 2,Advancing,0.9,Price is above constructive weekly and long-term trend structure with improving relative strength.,,,2026-09-25,,Stage 2 - Advancing,33.55,Very Strong,Volume Normal,Volume Normal (1.33x vs 10W Avg),27.69,Outperformed Nifty by 27.69% in 3 Months,True,27.69,88.27,143498172.86,0.92,0.84,1.33,False,False,"Stage 2, Advancing, trend_template_ok, flags=Loose Structure;Low Liquidity",watchlist,36.06,41.06,4055.66,-1.02,[9.42],[21],0.0,21.0,182
KSL.NS,Kalyani Steels Limited,Steel,Basic Materials,Basic Materials,False,Cash,1,Stage 2,Stage 2,Advancing,0.9,Price is above constructive weekly and long-term trend structure with improving relative strength.,,,2026-09-25,,Stage 2 - Advancing,48.15,Very Strong,Volume Expanding,Volume Expanding (2.06x vs 10W Avg),14.32,Outperformed Nifty by 14.32% in 3 Months,True,14.32,56.17,159715005.69,1.7,0.87,2.06,False,False,"Stage 2, Advancing, trend_template_ok, weekly_vcp_ok, weekly_strong, flags=Wider Risk;Low Liquidity",watchlist,35.98,40.98,1002.8,-5.03,[16.0],[27],0.0,27.0,183
TBOTEK.NS,TBO Tek Limited,Consumer Cyclical,Consumer Cyclical,Consumer Cyclical,False,Cash,1,Stage 2,Stage 2,Advancing,0.8,Price is above constructive weekly and long-term trend structure with improving relative strength.,,,2026-09-25,,Stage 2 - Advancing,42.19,Very Strong,Volume Drying Up,Volume Normal (0.88x vs 10W Avg),14.55,Outperformed Nifty by 14.55% in 3 Months,True,14.55,53.53,276252897.72,0.71,0.29,0.88,True,True,"Stage 2, Advancing, trend_template_ok, volume_dryup, weekly_volume_dryup, flags=Wider Risk",watchlist,39.94,40.94,1748.0,-5.33,[10.76],[16],0.0,16.0,184
THELEELA.NS,Leela Palaces Hotels & Resorts Limited,Lodging,Consumer Cyclical,Consumer Cyclical,False,Cash,1,Stage 2,Stage 2,Advancing,0.9,Price is above constructive weekly and long-term trend structure with improving relative strength.,,,2026-09-25,,Stage 2 - Advancing,44.65,Very Strong,Volume Drying Up,Volume Drying Up (0.52x vs 10W Avg),19.28,Outperformed Nifty by 19.28% in 3 Months,True,19.28,36.02,184191292.36,0.39,0.77,0.52,True,True,"Stage 2, Advancing, trend_template_ok, volume_dryup, weekly_volume_dryup, flags=Wider Risk",watchlist,39.9,40.9,582.85,-6.0,[11.96],[11],0.0,11.0,185
MARINE.NS,Marine Electricals (India) Limited,Electrical Equipment & Parts,Industrials,Industrials,False,Cash,1,Stage 2,Stage 2,Extended,0.78,"Weekly advancing structure remains intact, but price is stretched versus key moving averages.",,,2026-09-25,,Stage 2 - Extended,27.85,Very Strong,Volume Expanding,Volume Expanding (3.49x vs 10W Avg),55.88,Outperformed Nifty by 55.88% in 3 Months,True,55.88,150.96,853116799.8,2.03,1.53,3.49,False,False,"Stage 2, Extended, trend_template_ok, flags=Loose Structure;Extended;Wide Risk;Low Liquidity",watchlist,35.86,40.86,450.46,-4.94,[21.58],[9],0.0,9.0,186
GULFOILLUB.NS,Gulf Oil Lubricants India Limited,Specialty Chemicals,Basic Materials,Basic Materials,False,Cash,1,Stage 2,Stage 2,Advancing,0.8,Price is above constructive weekly and long-term trend structure with improving relative strength.,,,2026-09-25,,Stage 2 - Advancing,35.69,Very Strong,Volume Drying Up,Volume Drying Up (0.57x vs 10W Avg),14.1,Outperformed Nifty by 14.1% in 3 Months,True,14.1,30.61,58691895.5,0.49,0.81,0.57,True,True,"Stage 2, Advancing, trend_template_ok, volume_dryup, weekly_volume_dryup, flags=Low Liquidity",watchlist,38.32,40.82,1144.24,-2.95,[15.61],[26],0.0,26.0,187
KRISHANA.NS,Krishana Phoschem Limited,Agricultural Inputs,Basic Materials,Basic Materials,False,Cash,1,Stage 2,Stage 2,Advancing,0.9,Price is above constructive weekly and long-term trend structure with improving relative strength.,,,2026-09-25,,Stage 2 - Advancing,31.67,Very Strong,Volume Drying Up,Volume Drying Up (0.51x vs 10W Avg),35.74,Outperformed Nifty by 35.74% in 3 Months,True,35.74,75.25,108408880.85,0.58,0.83,0.51,True,True,"Stage 2, Advancing, trend_template_ok, volume_dryup, weekly_volume_dryup, flags=Loose Structure;Wide Risk;Low Liquidity",watchlist,40.72,40.72,206.75,-9.83,[11.7],[33],0.0,33.0,188
WELSPUNLIV.NS,Welspun Living Limited,Textile Manufacturing,Consumer Cyclical,Consumer Cyclical,False,Cash,1,Stage 2,Stage 2,Extended,0.78,"Weekly advancing structure remains intact, but price is stretched versus key moving averages.",,,2026-09-25,,Stage 2 - Extended,30.26,Very Strong,Volume Drying Up,Volume Normal (0.94x vs 10W Avg),41.82,Outperformed Nifty by 41.82% in 3 Months,True,41.82,98.94,950049565.48,0.78,0.6,0.94,True,False,"Stage 2, Extended, trend_template_ok, volume_dryup, flags=Loose Structure;Extended;Wider Risk;Low Liquidity",watchlist,35.71,40.71,216.38,5.35,[9.4],[7],0.0,7.0,189
INDHOTEL.NS,The Indian Hotels Company Limited,Lodging,Consumer Cyclical,Consumer Cyclical,True,F&O,1,Stage 2,Stage 2,Advancing,0.8,Price is above constructive weekly and long-term trend structure with improving relative strength.,,,2026-09-25,,Stage 2 - Advancing,46.77,Strong,Volume Normal,Volume Normal (0.94x vs 10W Avg),3.76,Outperformed Nifty by 3.76% in 3 Months,False,3.76,24.81,1153401607.81,1.13,1.78,0.94,False,False,"Stage 2, Advancing, weekly_vcp_ok, weekly_strong, flags=Low Liquidity",watchlist,39.67,40.67,757.4,-6.13,"[6.29, 6.41, 4.22]","[8, 17, 12]",0.95,107.0,190
STYLEBAAZA.NS,Baazar Style Retail Limited,Consumer Cyclical,Consumer Cyclical,Consumer Cyclical,False,Cash,1,Stage 2,Stage 2,Advancing,0.9,Price is above constructive weekly and long-term trend structure with improving relative strength.,,,2026-09-25,,Stage 2 - Advancing,31.65,Very Strong,Volume Expanding,Volume Expanding (2.06x vs 10W Avg),33.27,Outperformed Nifty by 33.27% in 3 Months,True,33.27,33.1,421345087.87,1.31,2.94,2.06,False,False,"Stage 2, Advancing, trend_template_ok, weekly_vcp_ok, flags=Wide Weekly Base;Loose Structure;Wide Risk;Low Liquidity",watchlist,39.59,40.59,447.88,-11.92,[19.02],[18],0.0,18.0,191
FLUOROCHEM.NS,Gujarat Fluorochemicals Limited,Specialty Chemicals,Basic Materials,Basic Materials,False,Cash,1,Stage 2,Stage 2,Advancing,0.8,Price is above constructive weekly and long-term trend structure with improving relative strength.,,,2026-09-25,,Stage 2 - Advancing,43.86,Very Strong,Volume Drying Up,Volume Drying Up (0.23x vs 10W Avg),17.04,Outperformed Nifty by 17.04% in 3 Months,True,17.04,41.06,563782172.47,0.55,0.25,0.23,True,True,"Stage 2, Advancing, trend_template_ok, weekly_vcp_ok, volume_dryup, weekly_volume_dryup, weekly_strong, flags=Wider Risk;Low Liquidity",watchlist,37.79,40.29,4884.67,-9.03,[10.93],[11],0.0,11.0,192
MAHSEAMLES.NS,Maharashtra Seamless Limited,Steel,Basic Materials,Basic Materials,False,Cash,1,Stage 2,Stage 2,Advancing,0.9,Price is above constructive weekly and long-term trend structure with improving relative strength.,,,2026-09-25,,Stage 2 - Advancing,32.57,Very Strong,Volume Normal,Volume Normal (0.86x vs 10W Avg),24.98,Outperformed Nifty by 24.98% in 3 Months,True,24.98,25.52,301280165.55,0.93,0.54,0.86,False,True,"Stage 2, Advancing, trend_template_ok, weekly_volume_dryup, flags=Loose Structure;Wider Risk;Low Liquidity",watchlist,35.24,40.24,738.6,-3.28,[15.77],[23],0.0,23.0,193
STEELCAS.NS,Steelcast Limited,Steel,Basic Materials,Basic Materials,False,Cash,1,Stage 2,Stage 2,Advancing,0.9,Price is above constructive weekly and long-term trend structure with improving relative strength.,,,2026-09-25,,Stage 2 - Advancing,33.09,Very Strong,Volume Expanding,Volume Expanding (3.94x vs 10W Avg),29.09,Outperformed Nifty by 29.09% in 3 Months,True,29.09,59.65,80958883.05,2.32,1.11,3.94,False,False,"Stage 2, Advancing, trend_template_ok, flags=Wider Risk;Low Liquidity",watchlist,35.15,40.15,364.64,1.68,[19.73],[17],0.0,17.0,194
CGCL.NS,Capri Global Capital Limited,Credit Services,Financial Services,Financial Services,False,Cash,1,Stage 2,Stage 2,Advancing,0.9,Price is above constructive weekly and long-term trend structure with improving relative strength.,,,2026-09-25,,Stage 2 - Advancing,30.68,Very Strong,Volume Drying Up,Volume Drying Up (0.41x vs 10W Avg),14.47,Outperformed Nifty by 14.47% in 3 Months,True,14.47,52.01,1084017071.01,0.61,0.33,0.41,True,True,"Stage 2, Advancing, trend_template_ok, volume_dryup, weekly_volume_dryup, flags=Wide Risk;Low Liquidity",watchlist,39.13,40.13,287.95,-13.56,[17.97],[30],0.0,30.0,195
LUMAXTECH.NS,Lumax Auto Technologies Limited,Auto Parts,Consumer Cyclical,Consumer Cyclical,False,Cash,1,Stage 2,Stage 2,Advancing,0.9,Price is above constructive weekly and long-term trend structure with improving relative strength.,,,2026-09-25,,Stage 2 - Advancing,29.28,Very Strong,Volume Drying Up,Volume Drying Up (0.49x vs 10W Avg),38.98,Outperformed Nifty by 38.98% in 3 Months,True,38.98,28.57,277632683.23,0.52,0.54,0.49,True,True,"Stage 2, Advancing, trend_template_ok, volume_dryup, weekly_volume_dryup, flags=Loose Structure;Wide Risk;Low Liquidity",watchlist,37.6,40.1,2152.46,-5.6,[11.87],[8],0.0,8.0,196
SIEMENS.NS,Siemens Limited,Specialty Industrial Machinery,Industrials,Industrials,True,F&O,1,Stage 2,Stage 2,Advancing,0.8,Price is above constructive weekly and long-term trend structure with improving relative strength.,,,2026-09-25,,Stage 2 - Advancing,27.44,Very Strong,Volume Drying Up,Volume Drying Up (0.49x vs 10W Avg),11.35,Outperformed Nifty by 11.35% in 3 Months,True,11.35,27.95,985814435.34,0.74,0.59,0.49,True,True,"Stage 2, Advancing, trend_template_ok, volume_dryup, weekly_volume_dryup, flags=Wider Risk;Low Liquidity",watchlist,35.09,40.09,4149.4,-8.77,[11.25],[16],0.0,16.0,197
ENTERO.NS,Entero Healthcare Solutions Limited,Healthcare,Healthcare,Healthcare,False,Cash,1,Stage 2,Stage 2,Advancing,0.9,Price is above constructive weekly and long-term trend structure with improving relative strength.,,,2026-09-25,,Stage 2 - Advancing,53.71,Very Strong,Volume Drying Up,Volume Drying Up (0.65x vs 10W Avg),55.6,Outperformed Nifty by 55.6% in 3 Months,True,55.6,45.72,454013328.07,1.02,0.49,0.65,False,True,"Stage 2, Advancing, trend_template_ok, weekly_vcp_ok, weekly_volume_dryup, weekly_strong, flags=Loose Structure",watchlist,39.0,40.0,1470.37,21.74,[15.73],[32],0.0,32.0,198
MOTHERSON.NS,Samvardhana Motherson International Limited,Auto Parts,Consumer Cyclical,Consumer Cyclical,True,F&O,1,Stage 2,Stage 2,Advancing,0.9,Price is above constructive weekly and long-term trend structure with improving relative strength.,,,2026-09-25,,Stage 2 - Advancing,35.17,Very Strong,Volume Drying Up,Volume Drying Up (0.80x vs 10W Avg),15.31,Outperformed Nifty by 15.31% in 3 Months,True,15.31,54.54,1766042118.28,0.76,0.89,0.8,True,True,"Stage 2, Advancing, trend_template_ok, volume_dryup, weekly_volume_dryup, flags=Wider Risk;Low Liquidity",watchlist,37.48,39.98,170.98,-5.03,[9.74],[20],0.0,20.0,199
SOTL.NS,Savita Oil Technologies Limited,Specialty Chemicals,Basic Materials,Basic Materials,False,Cash,1,Stage 2,Stage 2,Extended,0.78,"Weekly advancing structure remains intact, but price is stretched versus key moving averages.",,,2026-09-25,,Stage 2 - Extended,23.06,Very Strong,Volume Drying Up,Volume Drying Up (0.25x vs 10W Avg),41.42,Outperformed Nifty by 41.42% in 3 Months,True,41.42,126.17,896288746.76,0.24,0.2,0.25,True,True,"Stage 2, Extended, trend_template_ok, volume_dryup, weekly_volume_dryup, flags=Loose Structure;Extended;Wide Risk;Low Liquidity",watchlist,37.48,39.98,851.59,-17.88,[21.19],[7],0.0,7.0,200
TDPOWERSYS.NS,TD Power Systems Limited,Specialty Industrial Machinery,Industrials,Industrials,False,Cash,1,Stage 2,Stage 2,Advancing,0.9,Price is above constructive weekly and long-term trend structure with improving relative strength.,,,2026-09-25,,Stage 2 - Advancing,21.96,Very Strong,Volume Drying Up,Volume Drying Up (0.62x vs 10W Avg),26.47,Outperformed Nifty by 26.47% in 3 Months,True,26.47,69.67,1511167902.75,0.93,1.12,0.62,False,True,"Stage 2, Advancing, trend_template_ok, weekly_volume_dryup, flags=Loose Structure;Wide Risk;Low Liquidity",watchlist,34.94,39.94,818.98,-11.84,[10.22],[12],0.0,12.0,201
UNIVCABLES.NS,Universal Cables Limited,Electrical Equipment & Parts,Industrials,Industrials,False,Cash,1,Stage 2,Stage 2,Advancing,0.8,Price is above constructive weekly and long-term trend structure with improving relative strength.,,,2026-09-25,,Stage 2 - Advancing,18.68,Strong,Volume Drying Up,Volume Drying Up (0.53x vs 10W Avg),22.3,Outperformed Nifty by 22.3% in 3 Months,True,22.3,115.7,183423893.93,0.6,0.62,0.53,True,True,"Stage 2, Advancing, trend_template_ok, volume_dryup, weekly_volume_dryup, flags=Loose Structure;Wide Risk;Low Liquidity",watchlist,34.85,39.85,1738.04,-17.89,[24.59],[26],0.0,26.0,202
STAR.NS,Strides Pharma Science Limited,Drug Manufacturers - Specialty & Generic,Healthcare,Healthcare,False,Cash,1,Stage 2,Stage 2,Advancing,0.9,Price is above constructive weekly and long-term trend structure with improving relative strength.,,,2026-09-25,,Stage 2 - Advancing,44.43,Strong,Volume Drying Up,Volume Drying Up (0.40x vs 10W Avg),7.8,Outperformed Nifty by 7.8% in 3 Months,True,7.8,21.37,437024185.88,0.63,0.23,0.4,True,True,"Stage 2, Advancing, trend_template_ok, weekly_vcp_ok, volume_dryup, weekly_volume_dryup, weekly_strong, flags=Wide Risk;Low Liquidity",watchlist,34.83,39.83,1263.11,-8.84,[15.34],[13],0.0,13.0,203
ADANIPORTS.NS,Adani Ports and Special Economic Zone Limited,Marine Shipping,Industrials,Industrials,True,F&O,1,Stage 2,Stage 2,Advancing,0.9,Price is above constructive weekly and long-term trend structure with improving relative strength.,,,2026-09-25,,Stage 2 - Advancing,35.5,Neutral,Volume Drying Up,Volume Drying Up (0.53x vs 10W Avg),-2.3,Underperformed Nifty by 2.3% in 3 Months,True,-2.3,29.37,3391764904.4,0.72,0.59,0.53,True,True,"Stage 2, Advancing, trend_template_ok, volume_dryup, weekly_volume_dryup, flags=Low Liquidity",watchlist,37.28,39.78,1827.19,-4.57,[15.76],[41],0.0,41.0,204
VIJAYA.NS,Vijaya Diagnostic Centre Limited,Diagnostics & Research,Healthcare,Healthcare,False,Cash,1,Stage 2,Stage 2,Advancing,0.9,Price is above constructive weekly and long-term trend structure with improving relative strength.,,,2026-09-25,,Stage 2 - Advancing,33.38,Very Strong,Volume Drying Up,Volume Drying Up (0.71x vs 10W Avg),12.67,Outperformed Nifty by 12.67% in 3 Months,True,12.67,69.86,211024527.94,0.85,0.77,0.71,True,True,"Stage 2, Advancing, trend_template_ok, volume_dryup, weekly_volume_dryup, flags=Wider Risk;Low Liquidity",watchlist,34.74,39.74,1578.57,-4.89,[12.43],[5],0.0,5.0,205
ARVIND.NS,Arvind Limited,Textile Manufacturing,Consumer Cyclical,Consumer Cyclical,False,Cash,1,Stage 2,Stage 2,Advancing,0.9,Price is above constructive weekly and long-term trend structure with improving relative strength.,,,2026-09-25,,Stage 2 - Advancing,26.18,Strong,Volume Drying Up,Volume Drying Up (0.75x vs 10W Avg),1.58,Outperformed Nifty by 1.58% in 3 Months,True,1.58,52.28,360364312.41,1.02,0.31,0.75,False,True,"Stage 2, Advancing, trend_template_ok, weekly_volume_dryup, flags=Wide Risk;Low Liquidity",watchlist,34.74,39.74,608.21,-10.62,[15.84],[22],0.0,22.0,206
NAVINFLUOR.NS,Navin Fluorine International Limited,Chemicals,Basic Materials,Basic Materials,False,Cash,1,Stage 2,Stage 2,Advancing,0.9,Price is above constructive weekly and long-term trend structure with improving relative strength.,,,2026-09-25,,Stage 2 - Advancing,35.17,Very Strong,Volume Drying Up,Volume Drying Up (0.42x vs 10W Avg),15.38,Outperformed Nifty by 15.38% in 3 Months,True,15.38,45.57,1016388811.73,0.55,0.36,0.42,True,True,"Stage 2, Advancing, trend_template_ok, volume_dryup, weekly_volume_dryup, flags=Wider Risk;Low Liquidity",watchlist,37.22,39.72,8965.16,-5.94,[9.49],[5],0.0,5.0,207
MARKSANS.NS,Marksans Pharma Limited,Drug Manufacturers - General,Healthcare,Healthcare,False,Cash,1,Stage 2,Stage 2,Extended,0.78,"Weekly advancing structure remains intact, but price is stretched versus key moving averages.",,,2026-09-25,,Stage 2 - Extended,29.28,Very Strong,Volume Drying Up,Volume Drying Up (0.62x vs 10W Avg),29.53,Outperformed Nifty by 29.53% in 3 Months,True,29.53,99.98,760789621.28,0.58,0.72,0.62,True,True,"Stage 2, Extended, trend_template_ok, volume_dryup, weekly_volume_dryup, flags=Loose Structure;Extended;Wide Risk;Low Liquidity",watchlist,37.22,39.72,350.56,-5.42,[13.96],[5],0.0,5.0,208
DEEPINDS.NS,Deep Industries Limited,Energy,Energy,Energy,False,Cash,1,Stage 2,Stage 2,Extended,0.78,"Weekly advancing structure remains intact, but price is stretched versus key moving averages.",,,2026-09-25,,Stage 2 - Extended,26.58,Very Strong,Volume Drying Up,Volume Drying Up (0.45x vs 10W Avg),74.99,Outperformed Nifty by 74.99% in 3 Months,True,74.99,77.93,386766741.24,0.5,0.33,0.45,True,True,"Stage 2, Extended, trend_template_ok, volume_dryup, weekly_volume_dryup, flags=Loose Structure;Extended;Wide Risk;Low Liquidity",watchlist,37.22,39.72,826.44,-7.07,[16.61],[5],0.0,5.0,209
LALPATHLAB.NS,Dr. Lal Path Labs Ltd.,Diagnostics & Research,Healthcare,Healthcare,False,Cash,1,Stage 2,Stage 2,Advancing,0.9,Price is above constructive weekly and long-term trend structure with improving relative strength.,,,2026-09-25,,Stage 2 - Advancing,33.26,Very Strong,Volume Drying Up,Volume Drying Up (0.85x vs 10W Avg),23.1,Outperformed Nifty by 23.1% in 3 Months,True,23.1,49.17,599940715.03,1.2,0.52,0.85,False,True,"Stage 2, Advancing, trend_template_ok, weekly_volume_dryup, flags=Wider Risk;Low Liquidity",watchlist,34.72,39.72,2042.17,-4.9,[6.7],[17],0.0,17.0,210
INNOVACAP.NS,Innova Captab Limited,Drug Manufacturers - Specialty & Generic,Healthcare,Healthcare,False,Cash,1,Stage 2,Stage 2,Extended,0.78,"Weekly advancing structure remains intact, but price is stretched versus key moving averages.",,,2026-09-25,,Stage 2 - Extended,26.17,Very Strong,Volume Expanding,Volume Expanding (1.59x vs 10W Avg),34.81,Outperformed Nifty by 34.81% in 3 Months,True,34.81,82.84,138489008.06,1.36,0.62,1.59,False,False,"Stage 2, Extended, trend_template_ok, flags=Loose Structure;Extended;Wide Risk;Low Liquidity",watchlist,34.48,39.48,1238.26,2.66,[10.6],[15],0.0,15.0,211
VISHNU.NS,Vishnu Chemicals Limited,Specialty Chemicals,Basic Materials,Basic Materials,False,Cash,1,Stage 2,Stage 2,Advancing,0.9,Price is above constructive weekly and long-term trend structure with improving relative strength.,,,2026-09-25,,Stage 2 - Advancing,31.82,Very Strong,Volume Drying Up,Volume Drying Up (0.36x vs 10W Avg),15.32,Outperformed Nifty by 15.32% in 3 Months,True,15.32,38.76,110488138.32,0.49,0.29,0.36,True,True,"Stage 2, Advancing, trend_template_ok, volume_dryup, weekly_volume_dryup, flags=Wider Risk;Low Liquidity",watchlist,36.88,39.38,745.3,-7.16,[10.36],[7],0.0,7.0,212
GAIL.NS,GAIL (India) Limited,Utilities,Utilities,Utilities,True,F&O,1,Stage 2,Stage 2,Advancing,0.8,Price is above constructive weekly and long-term trend structure with improving relative strength.,,,2026-09-25,,Stage 2 - Advancing,49.29,Very Strong,Volume Drying Up,Volume Drying Up (0.81x vs 10W Avg),4.34,Outperformed Nifty by 4.34% in 3 Months,False,4.34,24.29,981137864.71,0.69,1.91,0.81,True,True,"Stage 2, Advancing, daily_vcp_ok, weekly_vcp_ok, volume_dryup, weekly_volume_dryup, weekly_strong, flags=Low Liquidity",watchlist,39.36,39.36,182.17,-5.34,"[9.92, 6.28, 6.78, 4.84]","[10, 24, 5, 7]",0.73,93.0,213
KINGFA.NS,Kingfa Science & Technology (India) Limited,Specialty Chemicals,Basic Materials,Basic Materials,False,Cash,1,Stage 2,Stage 2,Advancing,0.9,Price is above constructive weekly and long-term trend structure with improving relative strength.,,,2026-09-25,,Stage 2 - Advancing,36.64,Very Strong,Volume Drying Up,Volume Drying Up (0.70x vs 10W Avg),30.53,Outperformed Nifty by 30.53% in 3 Months,True,30.53,54.97,90225262.27,0.88,0.56,0.7,False,True,"Stage 2, Advancing, trend_template_ok, weekly_volume_dryup, flags=Wider Risk;Low Liquidity",watchlist,36.82,39.32,6336.29,0.75,[8.46],[24],0.0,24.0,214
MINDACORP.NS,Minda Corporation Limited,Auto Parts,Consumer Cyclical,Consumer Cyclical,False,Cash,1,Stage 2,Stage 2,Advancing,0.8,Price is above constructive weekly and long-term trend structure with improving relative strength.,,,2026-09-25,,Stage 2 - Advancing,24.87,Strong,Volume Drying Up,Volume Drying Up (0.26x vs 10W Avg),0.13,Outperformed Nifty by 0.13% in 3 Months,True,0.13,33.3,101187300.96,0.31,0.44,0.26,True,True,"Stage 2, Advancing, trend_template_ok, volume_dryup, weekly_volume_dryup, flags=Wide Risk;Low Liquidity",watchlist,36.82,39.32,765.35,-12.07,[13.94],[23],0.0,23.0,215
UNIMECH.NS,Unimech Aerospace and Manufacturing Limited,Aerospace & Defense,Industrials,Industrials,False,Cash,1,Stage 2,Stage 2,Extended,0.78,"Weekly advancing structure remains intact, but price is stretched versus key moving averages.",,,2026-09-25,,Stage 2 - Extended,35.12,Very Strong,Volume Normal,Volume Normal (1.35x vs 10W Avg),42.7,Outperformed Nifty by 42.7% in 3 Months,True,42.7,125.58,485111715.71,1.38,0.59,1.35,False,False,"Stage 2, Extended, trend_template_ok, weekly_vcp_ok, weekly_strong, flags=Loose Structure;Extended;Wide Risk;Low Liquidity",watchlist,34.22,39.22,1871.47,-13.64,[8.6],[13],0.0,13.0,216
AKUMS.NS,Akums Drugs and Pharmaceuticals Limited,Drug Manufacturers - Specialty & Generic,Healthcare,Healthcare,False,Cash,1,Stage 2,Stage 2,Advancing,0.9,Price is above constructive weekly and long-term trend structure with improving relative strength.,,,2026-09-25,,Stage 2 - Advancing,48.26,Very Strong,Volume Drying Up,Volume Drying Up (0.70x vs 10W Avg),31.19,Outperformed Nifty by 31.19% in 3 Months,True,31.19,64.15,254633375.89,0.91,0.46,0.7,False,True,"Stage 2, Advancing, trend_template_ok, weekly_vcp_ok, weekly_volume_dryup, weekly_strong, flags=Low Liquidity",watchlist,34.12,39.12,796.55,0.43,[7.96],[5],0.0,5.0,217
ORCHPHARMA.NS,Orchid Pharma Limited,Drug Manufacturers - Specialty & Generic,Healthcare,Healthcare,False,Cash,1,Stage 2,Stage 2,Advancing,0.9,Price is above constructive weekly and long-term trend structure with improving relative strength.,,,2026-09-25,,Stage 2 - Advancing,26.07,Strong,Volume Expanding,Volume Expanding (1.86x vs 10W Avg),9.61,Outperformed Nifty by 9.61% in 3 Months,True,9.61,97.64,122061463.42,1.93,0.53,1.86,False,False,"Stage 2, Advancing, trend_template_ok, flags=Wide Risk;Low Liquidity",watchlist,34.1,39.1,1145.5,-10.66,[18.47],[12],0.0,12.0,218
AEGISVOPAK.NS,Aegis Vopak Terminals Limited,Energy,Energy,Energy,False,Cash,1,Stage 2,Stage 2,Advancing,0.9,Price is above constructive weekly and long-term trend structure with improving relative strength.,,,2026-09-25,,Stage 2 - Advancing,30.87,Very Strong,Volume Normal,Volume Normal (1.26x vs 10W Avg),32.39,Outperformed Nifty by 32.39% in 3 Months,True,32.39,78.38,590931017.27,1.79,1.45,1.26,False,False,"Stage 2, Advancing, trend_template_ok, flags=Wide Risk;Low Liquidity",watchlist,36.51,39.01,321.51,-7.14,[15.74],[17],0.0,17.0,219
ETERNAL.NS,ETERNAL LIMITED,Consumer Cyclical,Consumer Cyclical,Consumer Cyclical,True,F&O,1,Stage 2,Stage 2,Advancing,0.8,Price is above constructive weekly and long-term trend structure with improving relative strength.,,,2026-09-25,,Stage 2 - Advancing,51.1,Very Strong,Volume Drying Up,Volume Drying Up (0.64x vs 10W Avg),23.43,Outperformed Nifty by 23.43% in 3 Months,True,23.43,45.08,5711948722.86,0.61,0.66,0.64,True,True,"Stage 2, Advancing, trend_template_ok, weekly_vcp_ok, volume_dryup, weekly_volume_dryup, weekly_strong, flags=Low Liquidity",watchlist,38.0,39.0,333.53,-0.77,[6.65],[12],0.0,12.0,220
QUESS.NS,Quess Corp Limited,Industrials,Industrials,Industrials,False,Cash,1,Stage 2,Stage 2,Advancing,0.9,Price is above constructive weekly and long-term trend structure with improving relative strength.,,,2026-09-25,,Stage 2 - Advancing,25.13,Very Strong,Volume Drying Up,Volume Drying Up (0.61x vs 10W Avg),26.49,Outperformed Nifty by 26.49% in 3 Months,True,26.49,97.22,204674025.93,0.62,0.89,0.61,True,True,"Stage 2, Advancing, trend_template_ok, volume_dryup, weekly_volume_dryup, flags=Loose Structure;Wide Risk;Low Liquidity",watchlist,38.99,38.99,389.43,-12.46,[6.41],[26],0.0,26.0,221
UFLEX.NS,UFLEX Limited,Consumer Cyclical,Consumer Cyclical,Consumer Cyclical,False,Cash,1,Stage 2,Stage 2,Advancing,0.9,Price is above constructive weekly and long-term trend structure with improving relative strength.,,,2026-09-25,,Stage 2 - Advancing,35.78,Very Strong,Volume Drying Up,Volume Drying Up (0.20x vs 10W Avg),54.6,Outperformed Nifty by 54.6% in 3 Months,True,54.6,77.73,192651437.04,0.19,0.18,0.2,True,True,"Stage 2, Advancing, trend_template_ok, weekly_vcp_ok, volume_dryup, weekly_volume_dryup, weekly_strong, flags=Wide Weekly Base;Loose Structure;Wide Risk;Low Liquidity",watchlist,37.85,38.85,724.77,-11.43,[15.96],[10],0.0,10.0,222
APLAPOLLO.NS,APL Apollo Tubes Limited,Steel,Basic Materials,Basic Materials,True,F&O,1,Stage 2,Stage 2,Advancing,0.8,Price is above constructive weekly and long-term trend structure with improving relative strength.,,,2026-09-25,,Stage 2 - Advancing,45.16,Very Strong,Volume Drying Up,Volume Drying Up (0.65x vs 10W Avg),28.43,Outperformed Nifty by 28.43% in 3 Months,True,28.43,18.38,1318820905.06,0.85,0.53,0.65,False,True,"Stage 2, Advancing, trend_template_ok, weekly_vcp_ok, weekly_volume_dryup, weekly_strong, flags=Wider Risk;Low Liquidity",watchlist,33.74,38.74,2274.93,-3.43,[10.16],[8],0.0,8.0,223
RRKABEL.NS,R R Kabel Limited,Electrical Equipment & Parts,Industrials,Industrials,False,Cash,1,Stage 2,Stage 2,Advancing,0.8,Price is above constructive weekly and long-term trend structure with improving relative strength.,,,2026-09-25,,Stage 2 - Advancing,25.69,Strong,Volume Drying Up,Volume Drying Up (0.42x vs 10W Avg),7.88,Outperformed Nifty by 7.88% in 3 Months,True,7.88,87.17,1362824716.92,0.45,0.27,0.42,True,True,"Stage 2, Advancing, trend_template_ok, volume_dryup, weekly_volume_dryup, flags=Wide Risk;Low Liquidity",watchlist,33.72,38.72,2987.12,-17.65,[21.57],[17],0.0,17.0,224
MBAPL.NS,Madhya Bharat Agro Products Limited,Agricultural Inputs,Basic Materials,Basic Materials,False,Cash,1,Stage 2,Stage 2,Extended,0.78,"Weekly advancing structure remains intact, but price is stretched versus key moving averages.",,,2026-09-25,,Stage 2 - Extended,36.27,Very Strong,Volume Drying Up,Volume Drying Up (0.55x vs 10W Avg),43.12,Outperformed Nifty by 43.12% in 3 Months,True,43.12,59.25,146741570.15,0.82,0.66,0.55,True,True,"Stage 2, Extended, trend_template_ok, volume_dryup, weekly_volume_dryup, flags=Extended;Wider Risk;Low Liquidity",watchlist,38.69,38.69,174.94,-4.65,[9.4],[34],0.0,34.0,225
SSWL.NS,Steel Strips Wheels Limited,Auto Parts,Consumer Cyclical,Consumer Cyclical,False,Cash,1,Stage 2,Stage 2,Extended,0.78,"Weekly advancing structure remains intact, but price is stretched versus key moving averages.",,,2026-09-25,,Stage 2 - Extended,25.66,Very Strong,Volume Normal,Volume Normal (0.97x vs 10W Avg),62.43,Outperformed Nifty by 62.43% in 3 Months,True,62.43,108.47,1008218889.35,0.87,0.69,0.97,False,False,"Stage 2, Extended, trend_template_ok, flags=Loose Structure;Extended;Wide Risk;Low Liquidity",watchlist,36.13,38.63,383.07,1.46,[12.35],[18],0.0,18.0,226
MIDHANI.NS,Mishra Dhatu Nigam Limited,Steel,Basic Materials,Basic Materials,False,Cash,1,Stage 2,Stage 2,Advancing,0.8,Price is above constructive weekly and long-term trend structure with improving relative strength.,,,2026-09-25,,Stage 2 - Advancing,21.71,Strong,Volume Drying Up,Volume Drying Up (0.30x vs 10W Avg),2.15,Outperformed Nifty by 2.15% in 3 Months,True,2.15,44.89,1383866627.05,0.53,0.6,0.3,True,True,"Stage 2, Advancing, trend_template_ok, volume_dryup, weekly_volume_dryup, flags=Wide Risk;Low Liquidity",watchlist,33.53,38.53,481.79,-13.66,[19.68],[6],0.0,6.0,227
SUNDRMFAST.NS,Sundram Fasteners Limited,Auto Parts,Consumer Cyclical,Consumer Cyclical,False,Cash,1,Stage 2,Stage 2,Advancing,0.9,Price is above constructive weekly and long-term trend structure with improving relative strength.,,,2026-09-25,,Stage 2 - Advancing,41.67,Very Strong,Volume Drying Up,Volume Drying Up (0.66x vs 10W Avg),28.35,Outperformed Nifty by 28.35% in 3 Months,True,28.35,58.59,298691207.39,0.78,0.36,0.66,True,True,"Stage 2, Advancing, trend_template_ok, weekly_vcp_ok, volume_dryup, weekly_volume_dryup, weekly_strong, flags=Loose Structure;Wide Risk;Low Liquidity",watchlist,36.01,38.51,1349.56,-13.56,[5.05],[10],0.0,10.0,228
WELCORP.NS,Welspun Corp Limited,Steel,Basic Materials,Basic Materials,False,Cash,1,Stage 2,Stage 2,Extended,0.78,"Weekly advancing structure remains intact, but price is stretched versus key moving averages.",,,2026-09-25,,Stage 2 - Extended,38.36,Very Strong,Volume Drying Up,Volume Drying Up (0.83x vs 10W Avg),87.9,Outperformed Nifty by 87.9% in 3 Months,True,87.9,226.85,5732771356.29,1.16,0.47,0.83,False,True,"Stage 2, Extended, trend_template_ok, weekly_vcp_ok, weekly_volume_dryup, weekly_strong, flags=Loose Structure;Extended;Wide Risk;Low Liquidity",watchlist,33.48,38.48,2789.67,-1.79,[7.81],[7],0.0,7.0,229
AVALON.NS,Avalon Technologies Limited,Electronic Components,Technology,Technology,False,Cash,1,Stage 2,Stage 2,Extended,0.78,"Weekly advancing structure remains intact, but price is stretched versus key moving averages.",,,2026-09-25,,Stage 2 - Extended,21.78,Very Strong,Volume Drying Up,Volume Drying Up (0.56x vs 10W Avg),33.48,Outperformed Nifty by 33.48% in 3 Months,True,33.48,148.64,1612396968.75,1.5,0.2,0.56,False,True,"Stage 2, Extended, trend_template_ok, weekly_volume_dryup, flags=Loose Structure;Extended;Wide Risk;Low Liquidity",watchlist,33.48,38.48,2622.58,-11.91,[18.32],[7],0.0,7.0,230
IOLCP.NS,IOL Chemicals and Pharmaceuticals Limited,Drug Manufacturers - Specialty & Generic,Healthcare,Healthcare,False,Cash,1,Stage 2,Stage 2,Extended,0.78,"Weekly advancing structure remains intact, but price is stretched versus key moving averages.",,,2026-09-25,,Stage 2 - Extended,34.83,Very Strong,Volume Drying Up,Volume Drying Up (0.69x vs 10W Avg),35.7,Outperformed Nifty by 35.7% in 3 Months,True,35.7,156.22,849006841.18,0.99,0.34,0.69,False,True,"Stage 2, Extended, trend_template_ok, weekly_vcp_ok, weekly_volume_dryup, weekly_strong, flags=Loose Structure;Extended;Wide Risk;Low Liquidity",watchlist,33.47,38.47,219.42,-10.54,[20.77],[6],0.0,6.0,231
TMB.NS,Tamilnad Mercantile Bank Limited,Banks - Regional,Financial Services,Financial Services,False,Cash,1,Stage 2,Stage 2,Advancing,0.8,Price is above constructive weekly and long-term trend structure with improving relative strength.,,,2026-09-25,,Stage 2 - Advancing,28.3,Very Strong,Volume Drying Up,Volume Drying Up (0.44x vs 10W Avg),20.61,Outperformed Nifty by 20.61% in 3 Months,True,20.61,42.72,128530243.22,0.46,1.01,0.44,True,True,"Stage 2, Advancing, trend_template_ok, volume_dryup, weekly_volume_dryup, flags=Wider Risk;Low Liquidity",watchlist,37.4,38.4,955.87,-9.85,[9.87],[6],0.0,6.0,232
GMMPFAUDLR.NS,GMM Pfaudler Limited,Specialty Industrial Machinery,Industrials,Industrials,False,Cash,1,Stage 2,Stage 2,Extended,0.78,"Weekly advancing structure remains intact, but price is stretched versus key moving averages.",,,2026-09-25,,Stage 2 - Extended,36.84,Very Strong,Volume Drying Up,Volume Drying Up (0.63x vs 10W Avg),97.2,Outperformed Nifty by 97.2% in 3 Months,True,97.2,76.4,762274362.56,1.31,0.45,0.63,False,True,"Stage 2, Extended, trend_template_ok, weekly_vcp_ok, weekly_volume_dryup, weekly_strong, flags=Loose Structure;Extended;Wide Risk;Low Liquidity",watchlist,33.35,38.35,1536.28,-3.66,[9.12],[6],0.0,6.0,233
CHENNPETRO.NS,Chennai Petroleum Corporation Limited,Oil & Gas Refining & Marketing,Energy,Energy,False,Cash,1,Stage 2,Stage 2,Advancing,0.9,Price is above constructive weekly and long-term trend structure with improving relative strength.,,,2026-09-25,,Stage 2 - Advancing,22.81,Very Strong,Volume Drying Up,Volume Drying Up (0.63x vs 10W Avg),34.68,Outperformed Nifty by 34.68% in 3 Months,True,34.68,44.62,2839737087.1,0.65,1.53,0.63,True,True,"Stage 2, Advancing, trend_template_ok, volume_dryup, weekly_volume_dryup, flags=Loose Structure;Wide Risk;Low Liquidity",watchlist,35.78,38.28,1680.44,-16.21,[11.05],[8],0.0,8.0,234
SETL.NS,Standard Engineering Technology Limited,Specialty Industrial Machinery,Industrials,Industrials,False,Cash,1,Stage 2,Stage 2,Extended,0.78,"Weekly advancing structure remains intact, but price is stretched versus key moving averages.",,,2026-09-25,,Stage 2 - Extended,17.55,Very Strong,Volume Drying Up,Volume Drying Up (0.67x vs 10W Avg),47.63,Outperformed Nifty by 47.63% in 3 Months,True,47.63,250.4,414759677.09,0.84,0.82,0.67,True,True,"Stage 2, Extended, trend_template_ok, weekly_vcp_ok, volume_dryup, weekly_volume_dryup, weekly_strong, flags=Wide Weekly Base;Loose Structure;Extended;Wide Risk;Circuit Risk;Low Liquidity",watchlist,33.27,38.27,468.97,-9.88,[15.41],[18],0.0,18.0,235
IONEXCHANG.NS,ION Exchange (India) Limited,Industrials,Industrials,Industrials,False,Cash,1,Stage 2,Stage 2,Advancing,0.9,Price is above constructive weekly and long-term trend structure with improving relative strength.,,,2026-09-25,,Stage 2 - Advancing,31.13,Strong,Volume Drying Up,Volume Drying Up (0.33x vs 10W Avg),6.89,Outperformed Nifty by 6.89% in 3 Months,True,6.89,24.37,274839501.87,0.53,0.49,0.33,True,True,"Stage 2, Advancing, trend_template_ok, volume_dryup, weekly_volume_dryup, flags=Wider Risk;Low Liquidity",watchlist,38.23,38.23,461.81,-8.42,[25.52],[36],0.0,36.0,236
DIVISLAB.NS,Divi's Laboratories Limited,Drug Manufacturers - Specialty & Generic,Healthcare,Healthcare,True,F&O,1,Stage 2,Stage 2,Advancing,0.9,Price is above constructive weekly and long-term trend structure with improving relative strength.,,,2026-09-25,,Stage 2 - Advancing,47.17,Very Strong,Volume Normal,Volume Normal (0.90x vs 10W Avg),48.61,Outperformed Nifty by 48.61% in 3 Months,True,48.61,64.61,4343445930.18,1.03,0.84,0.9,False,False,"Stage 2, Advancing, trend_template_ok, weekly_vcp_ok, weekly_strong, flags=Loose Structure;Low Liquidity",watchlist,33.22,38.22,9631.83,-0.85,[7.2],[5],0.0,5.0,237
WOCKPHARMA.NS,Wockhardt Limited,Drug Manufacturers - Specialty & Generic,Healthcare,Healthcare,False,Cash,1,Stage 2,Stage 2,Advancing,0.9,Price is above constructive weekly and long-term trend structure with improving relative strength.,,,2026-09-25,,Stage 2 - Advancing,44.91,Very Strong,Volume Expanding,Volume Expanding (1.51x vs 10W Avg),17.29,Outperformed Nifty by 17.29% in 3 Months,True,17.29,74.31,2897989210.23,1.31,0.6,1.51,False,False,"Stage 2, Advancing, trend_template_ok, weekly_vcp_ok, weekly_strong, flags=Wide Risk;Low Liquidity",watchlist,33.22,38.22,2276.88,-3.92,[13.45],[5],0.0,5.0,238
POLYMED.NS,Poly Medicure Limited,Healthcare,Healthcare,Healthcare,False,Cash,1,Stage 2,Stage 2,Advancing,0.8,Price is above constructive weekly and long-term trend structure with improving relative strength.,,,2026-09-25,,Stage 2 - Advancing,33.79,Neutral,Volume Drying Up,Volume Drying Up (0.66x vs 10W Avg),-0.22,Underperformed Nifty by 0.22% in 3 Months,False,-0.22,25.18,242220267.87,0.64,1.58,0.66,True,True,"Stage 2, Advancing, daily_vcp_ok, weekly_vcp_ok, volume_dryup, weekly_volume_dryup, weekly_strong, flags=Wide Weekly Base;Wide Risk;Low Liquidity",watchlist,37.16,38.16,1913.13,-14.45,"[23.98, 9.34, 5.22]","[15, 15, 23]",0.95,77.0,239
PVRINOX.NS,PVR INOX Limited,Communication Services,Communication Services,Communication Services,False,Cash,1,Stage 2,Stage 2,Advancing,0.9,Price is above constructive weekly and long-term trend structure with improving relative strength.,,,2026-09-25,,Stage 2 - Advancing,35.36,Very Strong,Volume Drying Up,Volume Drying Up (0.75x vs 10W Avg),29.42,Outperformed Nifty by 29.42% in 3 Months,True,29.42,32.25,873038652.45,0.81,0.6,0.75,True,True,"Stage 2, Advancing, trend_template_ok, weekly_vcp_ok, volume_dryup, weekly_volume_dryup, flags=Loose Structure;Wide Risk;Low Liquidity",watchlist,35.6,38.1,1360.18,-9.94,[12.36],[9],0.0,9.0,240
SUVEN.NS,Suven Life Sciences Limited,Drug Manufacturers - Specialty & Generic,Healthcare,Healthcare,False,Cash,1,Stage 2,Stage 2,Advancing,0.8,Price is above constructive weekly and long-term trend structure with improving relative strength.,,,2026-09-25,,Stage 2 - Advancing,19.9,Strong,Volume Drying Up,Volume Drying Up (0.39x vs 10W Avg),13.06,Outperformed Nifty by 13.06% in 3 Months,True,13.06,105.89,186864741.69,0.57,0.51,0.39,True,True,"Stage 2, Advancing, trend_template_ok, volume_dryup, weekly_volume_dryup, flags=Wide Risk;Low Liquidity",watchlist,32.98,37.98,404.06,-20.39,[21.7],[11],0.0,11.0,241
HNDFDS.NS,Hindustan Foods Limited,Conglomerates,Industrials,Industrials,False,Cash,1,Stage 2,Stage 2,Advancing,0.8,Price is above constructive weekly and long-term trend structure with improving relative strength.,,,2026-09-25,,Stage 2 - Advancing,53.01,Very Strong,Volume Drying Up,Volume Drying Up (0.41x vs 10W Avg),12.47,Outperformed Nifty by 12.47% in 3 Months,True,12.47,24.19,53716876.54,0.58,0.47,0.41,True,True,"Stage 2, Advancing, trend_template_ok, weekly_vcp_ok, volume_dryup, weekly_volume_dryup, weekly_strong, flags=Wider Risk",watchlist,37.92,37.92,673.18,-10.55,[11.68],[10],0.0,10.0,242
AEROFLEX.NS,Aeroflex Industries Limited,Metal Fabrication,Industrials,Industrials,False,Cash,1,Stage 2,Stage 2,Extended,0.78,"Weekly advancing structure remains intact, but price is stretched versus key moving averages.",,,2026-09-25,,Stage 2 - Extended,22.67,Very Strong,Volume Drying Up,Volume Drying Up (0.57x vs 10W Avg),12.52,Outperformed Nifty by 12.52% in 3 Months,True,12.52,105.54,705789982.79,0.99,0.5,0.57,False,True,"Stage 2, Extended, trend_template_ok, weekly_volume_dryup, flags=Loose Structure;Extended;Wide Risk;Low Liquidity",watchlist,32.92,37.92,585.17,-12.27,[21.79],[6],0.0,6.0,243
TFCILTD.NS,Tourism Finance Corporation of India Limited,Credit Services,Financial Services,Financial Services,False,Cash,1,Stage 2,Stage 2,Extended,0.78,"Weekly advancing structure remains intact, but price is stretched versus key moving averages.",,,2026-09-25,,Stage 2 - Extended,30.33,Very Strong,Volume Normal,Volume Normal (1.23x vs 10W Avg),85.28,Outperformed Nifty by 85.28% in 3 Months,True,85.28,119.44,1523544256.07,0.96,1.66,1.23,False,False,"Stage 2, Extended, trend_template_ok, flags=Loose Structure;Extended;Wider Risk;Low Liquidity",watchlist,36.88,37.88,147.65,-5.4,[9.97],[10],0.0,10.0,244
DCBBANK.NS,DCB Bank Limited,Banks - Regional,Financial Services,Financial Services,False,Cash,1,Stage 2,Stage 2,Advancing,0.9,Price is above constructive weekly and long-term trend structure with improving relative strength.,,,2026-09-25,,Stage 2 - Advancing,46.17,Very Strong,Volume Drying Up,Volume Drying Up (0.60x vs 10W Avg),12.33,Outperformed Nifty by 12.33% in 3 Months,True,12.33,28.68,363062404.66,0.5,0.55,0.6,True,True,"Stage 2, Advancing, trend_template_ok, weekly_vcp_ok, volume_dryup, weekly_volume_dryup, weekly_strong, flags=Wide Risk;Low Liquidity",watchlist,36.83,37.83,235.21,-11.8,[12.08],[17],0.0,17.0,245
AETHER.NS,Aether Industries Limited,Specialty Chemicals,Basic Materials,Basic Materials,False,Cash,1,Stage 2,Stage 2,Extended,0.78,"Weekly advancing structure remains intact, but price is stretched versus key moving averages.",,,2026-09-25,,Stage 2 - Extended,34.95,Very Strong,Volume Expanding,Volume Expanding (1.57x vs 10W Avg),31.83,Outperformed Nifty by 31.83% in 3 Months,True,31.83,59.88,433741883.08,1.07,1.27,1.57,False,False,"Stage 2, Extended, trend_template_ok, flags=Extended;Wider Risk;Low Liquidity",watchlist,35.32,37.82,1717.0,1.29,[9.57],[13],0.0,13.0,246
PARAS.NS,Paras Defence and Space Technologies Limited,Aerospace & Defense,Industrials,Industrials,False,Cash,1,Stage 2,Stage 2,Advancing,0.8,Price is above constructive weekly and long-term trend structure with improving relative strength.,,,2026-09-25,,Stage 2 - Advancing,22.12,Strong,Volume Drying Up,Volume Drying Up (0.48x vs 10W Avg),3.03,Outperformed Nifty by 3.03% in 3 Months,True,3.03,109.31,1301609699.24,0.68,0.48,0.48,True,True,"Stage 2, Advancing, trend_template_ok, volume_dryup, weekly_volume_dryup, flags=Wide Risk;Low Liquidity",watchlist,32.75,37.75,1583.91,-16.98,[19.94],[6],0.0,6.0,247
SANSERA.NS,Sansera Engineering Limited,Auto Parts,Consumer Cyclical,Consumer Cyclical,False,Cash,1,Stage 2,Stage 2,Extended,0.78,"Weekly advancing structure remains intact, but price is stretched versus key moving averages.",,,2026-09-25,,Stage 2 - Extended,25.73,Very Strong,Volume Expanding,Volume Expanding (1.77x vs 10W Avg),43.68,Outperformed Nifty by 43.68% in 3 Months,True,43.68,111.08,1140624428.92,1.36,1.25,1.77,False,False,"Stage 2, Extended, trend_template_ok, flags=Loose Structure;Extended;Wider Risk;Low Liquidity",watchlist,35.23,37.73,4173.09,6.81,[7.59],[13],0.0,13.0,248
NETWEB.NS,Netweb Technologies India Limited,Technology,Technology,Technology,False,Cash,1,Stage 2,Stage 2,Advancing,0.8,Price is above constructive weekly and long-term trend structure with improving relative strength.,,,2026-09-25,,Stage 2 - Advancing,17.99,Strong,Volume Drying Up,Volume Drying Up (0.43x vs 10W Avg),8.13,Outperformed Nifty by 8.13% in 3 Months,True,8.13,47.09,5615226173.45,0.66,0.4,0.43,True,True,"Stage 2, Advancing, trend_template_ok, volume_dryup, weekly_volume_dryup, flags=Loose Structure;Wide Risk;Low Liquidity",watchlist,32.65,37.65,5823.17,-21.58,[24.51],[17],0.0,17.0,249
VADILALIND.NS,Vadilal Industries Limited,Packaged Foods,Consumer Defensive,Consumer Defensive,False,Cash,1,Stage 2,Stage 2,Advancing,0.9,Price is above constructive weekly and long-term trend structure with improving relative strength.,,,2026-09-25,,Stage 2 - Advancing,47.93,Very Strong,Volume Drying Up,Volume Drying Up (0.62x vs 10W Avg),25.3,Outperformed Nifty by 25.3% in 3 Months,True,25.3,71.82,125424113.49,0.65,0.28,0.62,True,True,"Stage 2, Advancing, trend_template_ok, weekly_vcp_ok, volume_dryup, weekly_volume_dryup, weekly_strong, flags=Wider Risk;Low Liquidity",watchlist,37.64,37.64,7974.38,-7.23,[15.42],[12],0.0,12.0,250
ABCAPITAL.NS,Aditya Birla Capital Limited,Financial Services,Financial Services,Financial Services,True,F&O,1,Stage 2,Stage 2,Advancing,0.8,Price is above constructive weekly and long-term trend structure with improving relative strength.,,,2026-09-25,,Stage 2 - Advancing,41.79,Neutral,Volume Drying Up,Volume Drying Up (0.81x vs 10W Avg),2.5,Outperformed Nifty by 2.5% in 3 Months,True,2.5,30.57,965195975.59,0.81,0.66,0.81,True,True,"Stage 2, Advancing, trend_template_ok, weekly_vcp_ok, volume_dryup, weekly_volume_dryup, weekly_strong, flags=Wider Risk;Low Liquidity",watchlist,37.58,37.58,417.18,-8.26,"[8.57, 9.23]","[11, 15]",0.1,32.0,251
EMUDHRA.NS,eMudhra Limited,Software - Application,Technology,Technology,False,Cash,1,Stage 2,Stage 2,Extended,0.78,"Weekly advancing structure remains intact, but price is stretched versus key moving averages.",,,2026-09-25,,Stage 2 - Extended,33.45,Very Strong,Volume Drying Up,Volume Drying Up (0.81x vs 10W Avg),53.69,Outperformed Nifty by 53.69% in 3 Months,True,53.69,67.81,1430243420.42,4.31,0.29,0.81,False,True,"Stage 2, Extended, trend_template_ok, weekly_vcp_ok, weekly_volume_dryup, weekly_strong, flags=Wide Weekly Base;Loose Structure;Extended;Wide Risk;Low Liquidity",watchlist,34.85,37.35,681.6,-4.75,[13.45],[18],0.0,18.0,252
AEGISLOG.NS,Aegis Logistics Limited,Oil & Gas Refining & Marketing,Energy,Energy,False,Cash,1,Stage 2,Stage 2,Advancing,0.8,Price is above constructive weekly and long-term trend structure with improving relative strength.,,,2026-09-25,,Stage 2 - Advancing,21.22,Strong,Volume Drying Up,Volume Drying Up (0.71x vs 10W Avg),4.59,Outperformed Nifty by 4.59% in 3 Months,True,4.59,125.43,1271747441.07,0.99,0.4,0.71,False,True,"Stage 2, Advancing, trend_template_ok, weekly_volume_dryup, flags=Wide Risk;Low Liquidity",watchlist,34.74,37.24,1531.38,-14.58,"[17.11, 18.56]","[5, 7]",0.1,18.0,253
JUSTDIAL.NS,Just Dial Limited,Communication Services,Communication Services,Communication Services,False,Cash,1,Stage 2,Stage 2,Advancing,0.8,Price is above constructive weekly and long-term trend structure with improving relative strength.,,,2026-09-25,,Stage 2 - Advancing,24.16,Very Strong,Volume Drying Up,Volume Drying Up (0.25x vs 10W Avg),23.74,Outperformed Nifty by 23.74% in 3 Months,False,23.74,30.12,95892415.34,0.34,0.27,0.25,True,True,"Stage 2, Advancing, volume_dryup, weekly_volume_dryup, flags=Wide Risk;Low Liquidity",watchlist,34.69,37.19,779.11,-15.42,"[23.98, 11.87]","[31, 11]",0.9,44.0,254
SENORES.NS,Senores Pharmaceuticals Limited,Drug Manufacturers - General,Healthcare,Healthcare,False,Cash,1,Stage 2,Stage 2,Advancing,0.8,Price is above constructive weekly and long-term trend structure with improving relative strength.,,,2026-09-25,,Stage 2 - Advancing,21.77,Strong,Volume Drying Up,Volume Drying Up (0.80x vs 10W Avg),6.26,Outperformed Nifty by 6.26% in 3 Months,True,6.26,74.63,308854390.46,0.89,0.56,0.8,False,True,"Stage 2, Advancing, trend_template_ok, weekly_volume_dryup, flags=Wide Risk;Low Liquidity",watchlist,34.58,37.08,1601.8,-15.61,[5.9],[30],0.0,30.0,255
REDINGTON.NS,Redington Limited,Information Technology Services,Technology,Technology,False,Cash,1,Stage 2,Stage 2,Extended,0.78,"Weekly advancing structure remains intact, but price is stretched versus key moving averages.",,,2026-09-25,,Stage 2 - Extended,44.81,Very Strong,Volume Drying Up,Volume Drying Up (0.54x vs 10W Avg),53.29,Outperformed Nifty by 53.29% in 3 Months,True,53.29,107.99,2361844840.63,0.64,0.7,0.54,True,True,"Stage 2, Extended, trend_template_ok, weekly_vcp_ok, volume_dryup, weekly_volume_dryup, weekly_strong, flags=Loose Structure;Extended;Wider Risk;Low Liquidity",watchlist,36.97,36.97,403.96,0.22,[11.47],[6],0.0,6.0,256
AVL.NS,Aditya Vision Limited,Consumer Cyclical,Consumer Cyclical,Consumer Cyclical,False,Cash,1,Stage 2,Stage 2,Advancing,0.8,Price is above constructive weekly and long-term trend structure with improving relative strength.,,,2026-09-25,,Stage 2 - Advancing,27.64,Neutral,Volume Drying Up,Volume Drying Up (0.40x vs 10W Avg),-1.76,Underperformed Nifty by 1.76% in 3 Months,True,-1.76,31.96,125904203.54,0.63,0.39,0.4,True,True,"Stage 2, Advancing, trend_template_ok, volume_dryup, weekly_volume_dryup, flags=Wider Risk;Low Liquidity",watchlist,35.81,36.81,642.0,-7.3,[13.95],[26],0.0,26.0,257
DATAPATTNS.NS,Data Patterns (India) Limited,Aerospace & Defense,Industrials,Industrials,False,Cash,1,Stage 2,Stage 2,Advancing,0.8,Price is above constructive weekly and long-term trend structure with improving relative strength.,,,2026-09-25,,Stage 2 - Advancing,21.94,Neutral,Volume Drying Up,Volume Drying Up (0.35x vs 10W Avg),-2.85,Underperformed Nifty by 2.85% in 3 Months,True,-2.85,42.54,2785762803.68,0.61,0.41,0.35,True,True,"Stage 2, Advancing, trend_template_ok, volume_dryup, weekly_volume_dryup, flags=Wide Risk;Low Liquidity",watchlist,31.8,36.8,5008.7,-14.61,[17.2],[5],0.0,5.0,258
RADICO.NS,Radico Khaitan Limited,Consumer Defensive,Consumer Defensive,Consumer Defensive,False,Cash,1,Stage 2,Stage 2,Advancing,0.9,Price is above constructive weekly and long-term trend structure with improving relative strength.,,,2026-09-25,,Stage 2 - Advancing,39.37,Very Strong,Volume Drying Up,Volume Drying Up (0.75x vs 10W Avg),18.09,Outperformed Nifty by 18.09% in 3 Months,True,18.09,73.36,1019023890.71,0.82,0.52,0.75,True,True,"Stage 2, Advancing, trend_template_ok, volume_dryup, weekly_volume_dryup, flags=Low Liquidity",watchlist,36.73,36.73,4567.78,-1.96,[9.44],[19],0.0,19.0,259
MTARTECH.NS,Mtar Technologies Limited,Specialty Industrial Machinery,Industrials,Industrials,False,Cash,1,Stage 2,Stage 2,Advancing,0.9,Price is above constructive weekly and long-term trend structure with improving relative strength.,,,2026-09-25,,Stage 2 - Advancing,20.84,Strong,Volume Drying Up,Volume Drying Up (0.67x vs 10W Avg),0.67,Outperformed Nifty by 0.67% in 3 Months,True,0.67,100.02,761037008.05,0.67,1.04,0.67,True,True,"Stage 2, Advancing, trend_template_ok, volume_dryup, weekly_volume_dryup, flags=Wide Weekly Base;Wide Risk;Low Liquidity",watchlist,31.65,36.65,7958.9,-11.14,[16.93],[5],0.0,5.0,260
MAXESTATES.NS,Max Estates Limited,Real Estate,Real Estate,Real Estate,False,Cash,1,Stage 2,Stage 2,Advancing,0.9,Price is above constructive weekly and long-term trend structure with improving relative strength.,,,2026-09-25,,Stage 2 - Advancing,49.61,Very Strong,Volume Expanding,Volume Expanding (1.58x vs 10W Avg),40.23,Outperformed Nifty by 40.23% in 3 Months,True,40.23,87.47,136235068.13,1.23,0.28,1.58,False,False,"Stage 2, Advancing, trend_template_ok, weekly_vcp_ok, weekly_strong, flags=Wide Weekly Base;Loose Structure;Wider Risk",watchlist,35.62,36.62,580.01,-1.41,[16.22],[5],0.0,5.0,261
FMGOETZE.NS,Federal-Mogul Goetze (India) Limited.,Auto Parts,Consumer Cyclical,Consumer Cyclical,False,Cash,1,Stage 2,Stage 2,Advancing,0.9,Price is above constructive weekly and long-term trend structure with improving relative strength.,,,2026-09-25,,Stage 2 - Advancing,36.36,Very Strong,Volume Drying Up,Volume Drying Up (0.13x vs 10W Avg),23.83,Outperformed Nifty by 23.83% in 3 Months,True,23.83,31.78,294448007.25,0.12,0.06,0.13,True,True,"Stage 2, Advancing, trend_template_ok, weekly_vcp_ok, volume_dryup, weekly_volume_dryup, weekly_strong, flags=Loose Structure;Wide Risk;Low Liquidity",watchlist,33.96,36.46,543.85,-15.67,[20.58],[9],0.0,9.0,262
KARURVYSYA.NS,Karur Vysya Bank Limited,Banks - Regional,Financial Services,Financial Services,False,Cash,1,Stage 2,Stage 2,Advancing,0.8,Price is above constructive weekly and long-term trend structure with improving relative strength.,,,2026-09-25,,Stage 2 - Advancing,40.75,Strong,Volume Drying Up,Volume Drying Up (0.36x vs 10W Avg),15.07,Outperformed Nifty by 15.07% in 3 Months,True,15.07,20.81,481355038.5,0.47,0.53,0.36,True,True,"Stage 2, Advancing, trend_template_ok, weekly_vcp_ok, volume_dryup, weekly_volume_dryup, weekly_strong, flags=Wider Risk;Low Liquidity",watchlist,35.44,36.44,358.95,-10.64,[7.16],[10],0.0,10.0,263
NEOGEN.NS,Neogen Chemicals Limited,Specialty Chemicals,Basic Materials,Basic Materials,False,Cash,1,Stage 2,Stage 2,Advancing,0.9,Price is above constructive weekly and long-term trend structure with improving relative strength.,,,2026-09-25,,Stage 2 - Advancing,30.46,Very Strong,Volume Drying Up,Volume Drying Up (0.83x vs 10W Avg),26.76,Outperformed Nifty by 26.76% in 3 Months,True,26.76,102.92,510075678.51,1.3,0.74,0.83,False,True,"Stage 2, Advancing, trend_template_ok, weekly_volume_dryup, flags=Wide Risk;Low Liquidity",watchlist,33.85,36.35,2504.07,-4.3,[17.23],[10],0.0,10.0,264
BALRAMCHIN.NS,Balrampur Chini Mills Limited,Consumer Defensive,Consumer Defensive,Consumer Defensive,False,Cash,1,Stage 2,Stage 2,Advancing,0.9,Price is above constructive weekly and long-term trend structure with improving relative strength.,,,2026-09-25,,Stage 2 - Advancing,43.92,Very Strong,Volume Drying Up,Volume Drying Up (0.51x vs 10W Avg),25.12,Outperformed Nifty by 25.12% in 3 Months,True,25.12,41.36,1620430430.72,0.37,0.35,0.51,True,True,"Stage 2, Advancing, trend_template_ok, weekly_vcp_ok, volume_dryup, weekly_volume_dryup, weekly_strong, flags=Wide Risk;Low Liquidity",watchlist,36.34,36.34,742.0,-8.26,[9.32],[8],0.0,8.0,265
DIACABS.NS,Diamond Power Infrastructure Limited,Specialty Industrial Machinery,Industrials,Industrials,False,Cash,1,Stage 2,Stage 2,Extended,0.78,"Weekly advancing structure remains intact, but price is stretched versus key moving averages.",,,2026-09-25,,Stage 2 - Extended,6.03,Very Strong,Volume Drying Up,Volume Drying Up (0.21x vs 10W Avg),66.43,Outperformed Nifty by 66.43% in 3 Months,True,66.43,172.77,325044375.94,0.28,0.63,0.21,True,True,"Stage 2, Extended, trend_template_ok, volume_dryup, weekly_volume_dryup, flags=Loose Structure;Extended;Wide Risk;Circuit Risk;Low Liquidity",watchlist,31.34,36.34,404.71,-16.17,[16.62],[16],0.0,16.0,266
RBA.NS,Restaurant Brands Asia Limited,Consumer Cyclical,Consumer Cyclical,Consumer Cyclical,False,Cash,1,Stage 2,Stage 2,Advancing,0.9,Price is above constructive weekly and long-term trend structure with improving relative strength.,,,2026-09-25,,Stage 2 - Advancing,22.64,Very Strong,Volume Drying Up,Volume Drying Up (0.23x vs 10W Avg),23.22,Outperformed Nifty by 23.22% in 3 Months,True,23.22,57.27,291451532.71,0.29,0.56,0.23,True,True,"Stage 2, Advancing, trend_template_ok, volume_dryup, weekly_volume_dryup, flags=Loose Structure;Wide Risk;Low Liquidity",watchlist,35.28,36.28,111.34,-17.72,[22.38],[21],0.0,21.0,267
SJS.NS,S.J.S. Enterprises Limited,Auto Parts,Consumer Cyclical,Consumer Cyclical,False,Cash,1,Stage 2,Stage 2,Advancing,0.8,Price is above constructive weekly and long-term trend structure with improving relative strength.,,,2026-09-25,,Stage 2 - Advancing,23.36,Strong,Volume Drying Up,Volume Drying Up (0.41x vs 10W Avg),6.67,Outperformed Nifty by 6.67% in 3 Months,True,6.67,45.0,352820632.59,1.13,0.4,0.41,False,True,"Stage 2, Advancing, trend_template_ok, weekly_volume_dryup, flags=Wide Risk;Low Liquidity",watchlist,33.68,36.18,2587.42,-12.59,[13.45],[29],0.0,29.0,268
USHAMART.NS,Usha Martin Limited,Steel,Basic Materials,Basic Materials,False,Cash,1,Stage 2,Stage 2,Advancing,0.9,Price is above constructive weekly and long-term trend structure with improving relative strength.,,,2026-09-25,,Stage 2 - Advancing,42.58,Strong,Volume Normal,Volume Normal (1.44x vs 10W Avg),6.98,Outperformed Nifty by 6.98% in 3 Months,True,6.98,28.46,654301101.2,1.67,0.42,1.44,False,False,"Stage 2, Advancing, trend_template_ok, weekly_vcp_ok, weekly_strong, flags=Wider Risk;Low Liquidity",watchlist,31.14,36.14,543.55,-6.54,[12.31],[8],0.0,8.0,269
RPEL.NS,Raghav Productivity Enhancers Limited,Chemicals,Basic Materials,Basic Materials,False,Cash,1,Stage 2,Stage 2,Extended,0.78,"Weekly advancing structure remains intact, but price is stretched versus key moving averages.",,,2026-09-25,,Stage 2 - Extended,20.36,Very Strong,Volume Drying Up,Volume Drying Up (0.55x vs 10W Avg),36.69,Outperformed Nifty by 36.69% in 3 Months,True,36.69,174.83,213441749.35,1.08,0.43,0.55,False,True,"Stage 2, Extended, trend_template_ok, weekly_volume_dryup, flags=Loose Structure;Extended;Wide Risk;Low Liquidity",watchlist,33.6,36.1,1947.1,-12.49,[22.46],[8],0.0,8.0,270
GODREJAGRO.NS,Godrej Agrovet Limited,Packaged Foods,Consumer Defensive,Consumer Defensive,False,Cash,1,Stage 2,Stage 2,Advancing,0.9,Price is above constructive weekly and long-term trend structure with improving relative strength.,,,2026-09-25,,Stage 2 - Advancing,43.63,Very Strong,Volume Drying Up,Volume Drying Up (0.50x vs 10W Avg),23.28,Outperformed Nifty by 23.28% in 3 Months,True,23.28,17.23,580267228.14,0.4,0.14,0.5,True,True,"Stage 2, Advancing, trend_template_ok, weekly_vcp_ok, volume_dryup, weekly_volume_dryup, weekly_strong, flags=Wider Risk;Low Liquidity",watchlist,36.03,36.03,696.82,-7.8,[9.42],[11],0.0,11.0,271
NYKAA.NS,FSN E-Commerce Ventures Limited,Consumer Cyclical,Consumer Cyclical,Consumer Cyclical,True,F&O,1,Stage 2,Stage 2,Advancing,0.8,Price is above constructive weekly and long-term trend structure with improving relative strength.,,,2026-09-25,,Stage 2 - Advancing,29.57,Strong,Volume Drying Up,Volume Drying Up (0.59x vs 10W Avg),8.77,Outperformed Nifty by 8.77% in 3 Months,True,8.77,34.59,1237136109.58,0.72,0.89,0.59,True,True,"Stage 2, Advancing, trend_template_ok, volume_dryup, weekly_volume_dryup, flags=Low Liquidity",watchlist,35.0,36.0,349.55,-6.88,[7.96],[10],0.0,10.0,272
RAYMONDREL.NS,Raymond Realty Limited,Real Estate,Real Estate,Real Estate,False,Cash,1,Stage 2,Stage 2,Advancing,0.9,Price is above constructive weekly and long-term trend structure with improving relative strength.,,,2026-09-25,,Stage 2 - Advancing,31.43,Very Strong,Volume Expanding,Volume Expanding (6.92x vs 10W Avg),11.81,Outperformed Nifty by 11.81% in 3 Months,True,11.81,66.43,1756460859.4,3.76,0.95,6.92,False,False,"Stage 2, Advancing, trend_template_ok, flags=Loose Structure;Low Liquidity",watchlist,34.98,35.98,616.08,9.23,[28.67],[19],0.0,19.0,273
SANGAMIND.NS,Sangam (India) Limited,Textile Manufacturing,Consumer Cyclical,Consumer Cyclical,False,Cash,1,Stage 2,Stage 2,Advancing,0.9,Price is above constructive weekly and long-term trend structure with improving relative strength.,,,2026-09-25,,Stage 2 - Advancing,32.63,Very Strong,Volume Expanding,Volume Expanding (2.41x vs 10W Avg),21.21,Outperformed Nifty by 21.21% in 3 Months,True,21.21,54.57,26305844.68,1.36,2.39,2.41,False,False,"Stage 2, Advancing, trend_template_ok, flags=Low Liquidity",watchlist,30.98,35.98,610.57,3.07,[9.38],[11],0.0,11.0,274
DEVYANI.NS,Devyani International Limited,Consumer Cyclical,Consumer Cyclical,Consumer Cyclical,False,Cash,1,Stage 2,Stage 2,Advancing,0.8,Price is above constructive weekly and long-term trend structure with improving relative strength.,,,2026-09-25,,Stage 2 - Advancing,33.12,Very Strong,Volume Drying Up,Volume Drying Up (0.40x vs 10W Avg),19.79,Outperformed Nifty by 19.79% in 3 Months,True,19.79,38.2,220663388.15,0.42,1.54,0.4,True,True,"Stage 2, Advancing, trend_template_ok, weekly_vcp_ok, volume_dryup, weekly_volume_dryup, weekly_strong, flags=Loose Structure;Wide Risk;Low Liquidity",watchlist,34.91,35.91,156.22,-16.09,[14.24],[11],0.0,11.0,275
MSTCLTD.NS,Mstc Limited,Conglomerates,Industrials,Industrials,False,Cash,1,Stage 2,Stage 2,Advancing,0.9,Price is above constructive weekly and long-term trend structure with improving relative strength.,,,2026-09-25,,Stage 2 - Advancing,25.57,Strong,Volume Drying Up,Volume Drying Up (0.74x vs 10W Avg),8.49,Outperformed Nifty by 8.49% in 3 Months,True,8.49,78.68,213215340.41,0.75,0.36,0.74,True,True,"Stage 2, Advancing, trend_template_ok, volume_dryup, weekly_volume_dryup, flags=Wide Risk;Low Liquidity",watchlist,35.85,35.85,797.12,-10.88,[16.65],[6],0.0,6.0,276
VMART.NS,V-Mart Retail Limited,Consumer Cyclical,Consumer Cyclical,Consumer Cyclical,False,Cash,1,Stage 2,Stage 2,Advancing,0.8,Price is above constructive weekly and long-term trend structure with improving relative strength.,,,2026-09-25,,Stage 2 - Advancing,25.56,Strong,Volume Drying Up,Volume Drying Up (0.67x vs 10W Avg),2.25,Outperformed Nifty by 2.25% in 3 Months,True,2.25,61.1,58167099.84,0.7,0.63,0.67,True,True,"Stage 2, Advancing, trend_template_ok, volume_dryup, weekly_volume_dryup, flags=Wide Risk;Low Liquidity",watchlist,34.84,35.84,868.9,-11.79,[17.09],[17],0.0,17.0,277
IDFCFIRSTB.NS,IDFC First Bank Limited,Banks - Regional,Financial Services,Financial Services,True,F&O,1,Failed Stage 2,Stage 2,Failed Stage 2,0.7,Failed Stage 2 cooling period is still active; waiting for a fresh base or confirmed reclaim.,Failed Stage 2 hold period active.,,2026-09-23,,Failed Stage 2,38.89,Strong,Volume Expanding,Volume Expanding (1.52x vs 10W Avg),6.7,Outperformed Nifty by 6.7% in 3 Months,True,6.7,36.41,1797519973.13,1.28,1.19,1.52,False,False,"Stage 2, Advancing, trend_template_ok, weekly_vcp_ok, weekly_strong, flags=Wider Risk;Low Liquidity | Failed Stage 2 hold period active.",watchlist,34.81,35.81,88.1,-8.57,[6.78],[25],0.0,25.0,278
QPOWER.NS,Quality Power Electrical Equipments Limited,Electrical Equipment & Parts,Industrials,Industrials,False,Cash,1,Stage 2,Stage 2,Extended,0.78,"Weekly advancing structure remains intact, but price is stretched versus key moving averages.",,,2026-09-25,,Stage 2 - Extended,26.92,Very Strong,Volume Normal,Volume Normal (1.07x vs 10W Avg),40.45,Outperformed Nifty by 40.45% in 3 Months,True,40.45,85.14,488414985.78,1.46,1.11,1.07,False,False,"Stage 2, Extended, trend_template_ok, weekly_vcp_ok, weekly_strong, flags=Loose Structure;Extended;Wide Risk;Circuit Risk;Low Liquidity",watchlist,30.7,35.7,1571.69,1.34,[17.73],[7],0.0,7.0,279
EXIDEIND.NS,Exide Industries Limited,Auto Parts,Consumer Cyclical,Consumer Cyclical,True,F&O,1,Stage 2,Stage 2,Advancing,0.8,Price is above constructive weekly and long-term trend structure with improving relative strength.,,,2026-09-25,,Stage 2 - Advancing,28.05,Neutral,Volume Drying Up,Volume Drying Up (0.46x vs 10W Avg),3.76,Outperformed Nifty by 3.76% in 3 Months,True,3.76,40.51,857450449.15,0.55,0.43,0.46,True,True,"Stage 2, Advancing, trend_template_ok, volume_dryup, weekly_volume_dryup, flags=Wider Risk;Low Liquidity",watchlist,33.15,35.65,458.7,-10.24,[18.39],[25],0.0,25.0,280
MANORAMA.NS,Manorama Industries Limited,Packaged Foods,Consumer Defensive,Consumer Defensive,False,Cash,1,Stage 2,Stage 2,Advancing,0.9,Price is above constructive weekly and long-term trend structure with improving relative strength.,,,2026-09-25,,Stage 2 - Advancing,36.48,Very Strong,Volume Drying Up,Volume Drying Up (0.23x vs 10W Avg),23.11,Outperformed Nifty by 23.11% in 3 Months,True,23.11,55.23,442807552.32,0.27,0.21,0.23,True,True,"Stage 2, Advancing, trend_template_ok, weekly_vcp_ok, volume_dryup, weekly_volume_dryup, flags=Loose Structure;Wide Risk;Low Liquidity",watchlist,35.58,35.58,2152.44,-13.35,[12.13],[12],0.0,12.0,281
SUDARSCHEM.NS,Sudarshan Chemical Industries Limited,Specialty Chemicals,Basic Materials,Basic Materials,False,Cash,1,Stage 2,Stage 2,Advancing,0.9,Price is above constructive weekly and long-term trend structure with improving relative strength.,,,2026-09-25,,Stage 2 - Advancing,29.0,Very Strong,Volume Drying Up,Volume Drying Up (0.23x vs 10W Avg),39.47,Outperformed Nifty by 39.47% in 3 Months,True,39.47,57.07,327788801.32,0.33,0.25,0.23,True,True,"Stage 2, Advancing, trend_template_ok, volume_dryup, weekly_volume_dryup, flags=Wide Risk;Low Liquidity",watchlist,32.98,35.48,1349.36,-11.1,[14.77],[11],0.0,11.0,282
ANANDRATHI.NS,Anand Rathi Wealth Limited,Asset Management,Financial Services,Financial Services,False,Cash,1,Stage 2,Stage 2,Advancing,0.8,Price is above constructive weekly and long-term trend structure with improving relative strength.,,,2026-09-25,,Stage 2 - Advancing,32.14,Very Strong,Volume Expanding,Volume Expanding (1.64x vs 10W Avg),12.97,Outperformed Nifty by 12.97% in 3 Months,True,12.97,36.31,588294728.11,1.48,1.67,1.64,False,False,"Stage 2, Advancing, trend_template_ok, flags=Low Liquidity",watchlist,35.47,35.47,2268.4,-5.39,[8.0],[10],0.0,10.0,283
GABRIEL.NS,Gabriel India Limited,Auto Parts,Consumer Cyclical,Consumer Cyclical,False,Cash,1,Stage 2,Stage 2,Advancing,0.8,Price is above constructive weekly and long-term trend structure with improving relative strength.,,,2026-09-25,,Stage 2 - Advancing,36.87,Very Strong,Volume Expanding,Volume Expanding (3.05x vs 10W Avg),13.95,Outperformed Nifty by 13.95% in 3 Months,True,13.95,56.47,952573419.48,1.92,0.23,3.05,False,False,"Stage 2, Advancing, trend_template_ok, weekly_vcp_ok, weekly_strong, flags=Wide Risk;Low Liquidity",watchlist,32.88,35.38,1599.49,-15.65,[16.39],[41],0.0,41.0,284
AARTIIND.NS,Aarti Industries Limited,Specialty Chemicals,Basic Materials,Basic Materials,False,Cash,1,Stage 2,Stage 2,Advancing,0.8,Price is above constructive weekly and long-term trend structure with improving relative strength.,,,2026-09-25,,Stage 2 - Advancing,19.35,Neutral,Volume Drying Up,Volume Drying Up (0.32x vs 10W Avg),4.17,Outperformed Nifty by 4.17% in 3 Months,True,4.17,19.1,258946477.78,0.43,0.39,0.32,True,True,"Stage 2, Advancing, trend_template_ok, volume_dryup, weekly_volume_dryup, flags=Wide Risk;Low Liquidity",watchlist,32.85,35.35,551.62,-13.6,[16.54],[16],0.0,16.0,285
UJJIVANSFB.NS,Ujjivan Small Finance Bank Limited,Banks - Regional,Financial Services,Financial Services,False,Cash,1,Stage 2,Stage 2,Advancing,0.8,Price is above constructive weekly and long-term trend structure with improving relative strength.,,,2026-09-25,,Stage 2 - Advancing,19.45,Strong,Volume Drying Up,Volume Drying Up (0.83x vs 10W Avg),7.86,Outperformed Nifty by 7.86% in 3 Months,True,7.86,16.1,845642100.72,0.59,1.23,0.83,True,True,"Stage 2, Advancing, trend_template_ok, volume_dryup, weekly_volume_dryup, flags=Wide Risk;Low Liquidity",watchlist,34.34,35.34,74.07,-14.82,[16.22],[27],0.0,27.0,286
AGI.NS,AGI Greenpac Limited,Consumer Cyclical,Consumer Cyclical,Consumer Cyclical,False,Cash,1,Stage 2,Stage 2,Advancing,0.8,Price is above constructive weekly and long-term trend structure with improving relative strength.,,,2026-09-25,,Stage 2 - Advancing,35.95,Very Strong,Volume Normal,Volume Normal (1.16x vs 10W Avg),20.7,Outperformed Nifty by 20.7% in 3 Months,True,20.7,63.76,165955719.49,1.37,0.63,1.16,False,False,"Stage 2, Advancing, trend_template_ok, weekly_vcp_ok, weekly_strong, flags=Wide Weekly Base;Wide Risk;Low Liquidity",watchlist,34.1,35.1,852.49,-5.59,[12.25],[12],0.0,12.0,287
TVSSRICHAK.NS,TVS Srichakra Limited,Auto Parts,Consumer Cyclical,Consumer Cyclical,False,Cash,1,Stage 2,Stage 2,Advancing,0.8,Price is above constructive weekly and long-term trend structure with improving relative strength.,,,2026-09-25,,Stage 2 - Advancing,33.32,Strong,Volume Drying Up,Volume Drying Up (0.21x vs 10W Avg),9.64,Outperformed Nifty by 9.64% in 3 Months,True,9.64,32.44,63359178.34,0.26,0.12,0.21,True,True,"Stage 2, Advancing, trend_template_ok, weekly_vcp_ok, volume_dryup, weekly_volume_dryup, weekly_strong, flags=Loose Structure;Wide Risk;Low Liquidity",watchlist,32.31,34.81,5727.88,-21.6,[11.49],[20],0.0,20.0,288
COFORGE.NS,Coforge Limited,Information Technology Services,Technology,Technology,True,F&O,1,Stage 2,Stage 2,Advancing,0.8,Price is above constructive weekly and long-term trend structure with improving relative strength.,,,2026-09-25,,Stage 2 - Advancing,21.92,Very Strong,Volume Drying Up,Volume Drying Up (0.43x vs 10W Avg),28.35,Outperformed Nifty by 28.35% in 3 Months,True,28.35,48.72,4186421341.52,0.73,0.48,0.43,True,True,"Stage 2, Advancing, trend_template_ok, volume_dryup, weekly_volume_dryup, flags=Wide Weekly Base;Loose Structure;Wide Risk;Low Liquidity",watchlist,34.76,34.76,2024.74,-12.43,[15.05],[12],0.0,12.0,289
TI.NS,Tilaknagar Industries Limited,Consumer Defensive,Consumer Defensive,Consumer Defensive,False,Cash,1,Stage 2,Stage 2,Advancing,0.9,Price is above constructive weekly and long-term trend structure with improving relative strength.,,,2026-09-25,,Stage 2 - Advancing,41.56,Very Strong,Volume Normal,Volume Normal (1.09x vs 10W Avg),28.95,Outperformed Nifty by 28.95% in 3 Months,True,28.95,34.66,423499807.83,1.09,0.69,1.09,False,False,"Stage 2, Advancing, trend_template_ok, weekly_vcp_ok, weekly_strong, flags=Loose Structure;Wide Risk;Low Liquidity",watchlist,34.6,34.6,594.45,-5.52,[15.63],[16],0.0,16.0,290
KOLTEPATIL.NS,Kolte - Patil Developers Limited,Real Estate,Real Estate,Real Estate,False,Cash,1,Stage 2,Stage 2,Advancing,0.8,Price is above constructive weekly and long-term trend structure with improving relative strength.,,,2026-09-25,,Stage 2 - Advancing,35.96,Very Strong,Volume Drying Up,Volume Drying Up (0.12x vs 10W Avg),20.19,Outperformed Nifty by 20.19% in 3 Months,True,20.19,45.22,50769815.18,0.15,0.15,0.12,True,True,"Stage 2, Advancing, trend_template_ok, weekly_vcp_ok, volume_dryup, weekly_volume_dryup, flags=Wide Risk;Low Liquidity",watchlist,33.6,34.6,485.75,-12.38,[23.22],[16],0.0,16.0,291
SHAILY.NS,Shaily Engineering Plastics Limited,Specialty Chemicals,Basic Materials,Basic Materials,False,Cash,1,Stage 2,Stage 2,Advancing,0.8,Price is above constructive weekly and long-term trend structure with improving relative strength.,,,2026-09-25,,Stage 2 - Advancing,22.64,Strong,Volume Drying Up,Volume Drying Up (0.69x vs 10W Avg),8.36,Outperformed Nifty by 8.36% in 3 Months,True,8.36,48.0,533282662.71,1.08,0.81,0.69,False,True,"Stage 2, Advancing, trend_template_ok, weekly_volume_dryup, flags=Wide Risk;Low Liquidity",watchlist,32.04,34.54,3490.71,-13.1,[12.95],[16],0.0,16.0,292
ASHIANA.NS,Ashiana Housing Limited,Real Estate,Real Estate,Real Estate,False,Cash,1,Stage 2,Stage 2,Advancing,0.9,Price is above constructive weekly and long-term trend structure with improving relative strength.,,,2026-09-25,,Stage 2 - Advancing,26.95,Very Strong,Volume Drying Up,Volume Drying Up (0.29x vs 10W Avg),6.53,Outperformed Nifty by 6.53% in 3 Months,True,6.53,29.83,34198631.26,0.67,0.46,0.29,True,True,"Stage 2, Advancing, trend_template_ok, volume_dryup, weekly_volume_dryup, flags=Wide Risk;Low Liquidity",watchlist,33.5,34.5,435.05,-10.63,[5.67],[114],0.0,114.0,293
INDOTECH.NS,Indo Tech Transformers Limited,Electrical Equipment & Parts,Industrials,Industrials,False,Cash,1,Stage 2,Stage 2,Advancing,0.8,Price is above constructive weekly and long-term trend structure with improving relative strength.,,,2026-09-25,,Stage 2 - Advancing,22.23,Neutral,Volume Drying Up,Volume Drying Up (0.70x vs 10W Avg),2.92,Outperformed Nifty by 2.92% in 3 Months,True,2.92,153.3,53545234.71,0.91,0.62,0.7,False,True,"Stage 2, Advancing, trend_template_ok, weekly_volume_dryup, flags=Wide Risk;Low Liquidity",watchlist,29.5,34.5,4025.1,-22.15,[10.7],[8],0.0,8.0,294
MCX.NS,Multi Commodity Exchange of India Limited,Financial Services,Financial Services,Financial Services,True,F&O,1,Stage 2,Stage 2,Advancing,0.9,Price is above constructive weekly and long-term trend structure with improving relative strength.,,,2026-09-25,,Stage 2 - Advancing,47.84,Very Strong,Volume Normal,Volume Normal (1.00x vs 10W Avg),17.02,Outperformed Nifty by 17.02% in 3 Months,True,17.02,36.17,6093439129.06,0.91,0.5,1.0,False,False,"Stage 2, Advancing, trend_template_ok, weekly_vcp_ok, weekly_strong, flags=Wider Risk;Low Liquidity",watchlist,34.37,34.37,3404.95,-4.15,[10.1],[12],0.0,12.0,295
HCG.NS,Healthcare Global Enterprises Limited,Medical Care Facilities,Healthcare,Healthcare,False,Cash,1,Stage 2,Stage 2,Advancing,0.8,Price is above constructive weekly and long-term trend structure with improving relative strength.,,,2026-09-25,,Stage 2 - Advancing,26.94,Very Strong,Volume Drying Up,Volume Drying Up (0.42x vs 10W Avg),11.61,Outperformed Nifty by 11.61% in 3 Months,True,11.61,33.24,93917763.36,0.83,0.41,0.42,True,True,"Stage 2, Advancing, trend_template_ok, volume_dryup, weekly_volume_dryup, flags=Wide Risk;Low Liquidity",watchlist,33.34,34.34,776.36,-10.97,[16.78],[12],0.0,12.0,296
RBLBANK.NS,RBL Bank Limited,Banks - Regional,Financial Services,Financial Services,True,F&O,1,Stage 2,Stage 2,Advancing,0.9,Price is above constructive weekly and long-term trend structure with improving relative strength.,,,2026-09-25,,Stage 2 - Advancing,38.2,Very Strong,Volume Normal,Volume Normal (1.25x vs 10W Avg),19.89,Outperformed Nifty by 19.89% in 3 Months,True,19.89,37.82,1755148976.14,0.99,0.57,1.25,False,False,"Stage 2, Advancing, trend_template_ok, flags=Low Liquidity",watchlist,33.1,34.1,421.14,-3.36,[5.82],[5],0.0,5.0,297
DEEDEV.NS,DEE Development Engineers Limited,Metal Fabrication,Industrials,Industrials,False,Cash,1,Stage 2,Stage 2,Advancing,0.9,Price is above constructive weekly and long-term trend structure with improving relative strength.,,,2026-09-25,,Stage 2 - Advancing,15.77,Neutral,Volume Drying Up,Volume Drying Up (0.74x vs 10W Avg),-2.33,Underperformed Nifty by 2.33% in 3 Months,True,-2.33,120.43,163556794.43,1.02,0.45,0.74,False,True,"Stage 2, Advancing, trend_template_ok, weekly_volume_dryup, flags=Wider Risk;Circuit Risk;Low Liquidity",watchlist,29.03,34.03,710.07,-7.69,[18.51],[6],0.0,6.0,298
GANECOS.NS,Ganesha Ecosphere Limited,Textile Manufacturing,Consumer Cyclical,Consumer Cyclical,False,Cash,1,Stage 2,Stage 2,Advancing,0.8,Price is above constructive weekly and long-term trend structure with improving relative strength.,,,2026-09-25,,Stage 2 - Advancing,33.58,Strong,Volume Drying Up,Volume Drying Up (0.48x vs 10W Avg),16.51,Outperformed Nifty by 16.51% in 3 Months,True,16.51,2.31,105322538.38,0.88,0.49,0.48,False,True,"Stage 2, Advancing, trend_template_ok, weekly_volume_dryup, flags=Wide Risk",watchlist,28.95,33.95,1064.26,-4.23,[19.4],[15],0.0,15.0,299
PGIL.NS,Pearl Global Industries Limited,Apparel Manufacturing,Consumer Cyclical,Consumer Cyclical,False,Cash,1,Stage 2,Stage 2,Advancing,0.9,Price is above constructive weekly and long-term trend structure with improving relative strength.,,,2026-09-25,,Stage 2 - Advancing,30.44,Very Strong,Volume Normal,Volume Normal (1.31x vs 10W Avg),30.02,Outperformed Nifty by 30.02% in 3 Months,True,30.02,77.62,293600638.24,1.03,1.02,1.31,False,False,"Stage 2, Advancing, trend_template_ok, flags=Loose Structure;Wider Risk;Low Liquidity",watchlist,33.94,33.94,1247.5,3.9,[10.13],[10],0.0,10.0,300
BEML.NS,BEML Limited,Conglomerates,Industrials,Industrials,False,Cash,1,Stage 2,Stage 2,Advancing,0.9,Price is above constructive weekly and long-term trend structure with improving relative strength.,,,2026-09-25,,Stage 2 - Advancing,40.23,Very Strong,Volume Drying Up,Volume Drying Up (0.45x vs 10W Avg),12.6,Outperformed Nifty by 12.6% in 3 Months,True,12.6,37.81,967021571.54,0.85,0.5,0.45,False,True,"Stage 2, Advancing, trend_template_ok, weekly_vcp_ok, weekly_volume_dryup, weekly_strong, flags=Wide Risk;Low Liquidity",watchlist,33.85,33.85,2195.93,-9.15,[15.58],[6],0.0,6.0,301
JSFB.NS,Jana Small Finance Bank Limited,Banks - Regional,Financial Services,Financial Services,False,Cash,1,Stage 2,Stage 2,Advancing,0.8,Price is above constructive weekly and long-term trend structure with improving relative strength.,,,2026-09-25,,Stage 2 - Advancing,29.19,Strong,Volume Normal,Volume Normal (1.45x vs 10W Avg),11.81,Outperformed Nifty by 11.81% in 3 Months,True,11.81,37.43,456693579.98,1.18,1.35,1.45,False,False,"Stage 2, Advancing, trend_template_ok, flags=Wide Risk",watchlist,32.81,33.81,608.01,-17.9,[21.34],[17],0.0,17.0,302
WELENT.NS,Welspun Enterprises Limited,Engineering & Construction,Industrials,Industrials,False,Cash,1,Stage 2,Stage 2,Advancing,0.9,Price is above constructive weekly and long-term trend structure with improving relative strength.,,,2026-09-25,,Stage 2 - Advancing,24.68,Very Strong,Volume Drying Up,Volume Drying Up (0.56x vs 10W Avg),28.13,Outperformed Nifty by 28.13% in 3 Months,True,28.13,73.94,706635781.37,1.62,0.62,0.56,False,True,"Stage 2, Advancing, trend_template_ok, weekly_volume_dryup, flags=Loose Structure;Wide Risk;Low Liquidity",watchlist,33.6,33.6,843.37,-11.13,[12.1],[8],0.0,8.0,303
TIIL.NS,Technocraft Industries (India) Limited,Tools & Accessories,Industrials,Industrials,False,Cash,1,Stage 2,Stage 2,Advancing,0.8,Price is above constructive weekly and long-term trend structure with improving relative strength.,,,2026-09-25,,Stage 2 - Advancing,34.52,Very Strong,Volume Drying Up,Volume Drying Up (0.69x vs 10W Avg),21.48,Outperformed Nifty by 21.48% in 3 Months,True,21.48,33.27,103102465.62,0.65,0.38,0.69,True,True,"Stage 2, Advancing, trend_template_ok, weekly_vcp_ok, volume_dryup, weekly_volume_dryup, weekly_strong, flags=Loose Structure;Wide Risk;Low Liquidity",watchlist,32.6,33.6,3571.54,-17.98,[8.33],[16],0.0,16.0,304
IIFL.NS,IIFL Finance Limited,Credit Services,Financial Services,Financial Services,False,Cash,1,Stage 2,Stage 2,Advancing,0.8,Price is above constructive weekly and long-term trend structure with improving relative strength.,,,2026-09-25,,Stage 2 - Advancing,34.98,Strong,Volume Drying Up,Volume Drying Up (0.64x vs 10W Avg),20.42,Outperformed Nifty by 20.42% in 3 Months,True,20.42,39.8,1618569715.46,0.68,0.42,0.64,True,True,"Stage 2, Advancing, trend_template_ok, weekly_vcp_ok, volume_dryup, weekly_volume_dryup, weekly_strong, flags=Wide Risk;Low Liquidity",watchlist,32.4,33.4,706.23,-15.3,[16.04],[6],0.0,6.0,305
CUPID.NS,Cupid Limited,Household & Personal Products,Consumer Defensive,Consumer Defensive,False,Cash,1,Stage 2,Stage 2,Extended,0.78,"Weekly advancing structure remains intact, but price is stretched versus key moving averages.",,,2026-09-25,,Stage 2 - Extended,24.48,Very Strong,Volume Normal,Volume Normal (1.19x vs 10W Avg),42.82,Outperformed Nifty by 42.82% in 3 Months,True,42.82,204.41,4841095633.54,1.04,0.6,1.19,False,False,"Stage 2, Extended, trend_template_ok, flags=Loose Structure;Extended;Wide Risk;Low Liquidity",watchlist,33.3,33.3,291.9,-9.39,[16.58],[8],0.0,8.0,306
KIRLOSENG.NS,Kirloskar Oil Engines Limited,Specialty Industrial Machinery,Industrials,Industrials,False,Cash,1,Stage 2,Stage 2,Advancing,0.8,Price is above constructive weekly and long-term trend structure with improving relative strength.,,,2026-09-25,,Stage 2 - Advancing,25.3,Strong,Volume Drying Up,Volume Drying Up (0.69x vs 10W Avg),-2.46,Underperformed Nifty by 2.46% in 3 Months,True,-2.46,57.31,917126106.74,0.95,0.98,0.69,False,True,"Stage 2, Advancing, trend_template_ok, weekly_volume_dryup, flags=Wider Risk;Low Liquidity",watchlist,28.19,33.19,2317.1,-7.59,[16.53],[5],0.0,5.0,307
ATHERENERG.NS,Ather Energy Limited,Auto Manufacturers,Consumer Cyclical,Consumer Cyclical,False,Cash,1,Stage 2,Stage 2,Extended,0.78,"Weekly advancing structure remains intact, but price is stretched versus key moving averages.",,,2026-09-25,,Stage 2 - Extended,32.12,Very Strong,Volume Drying Up,Volume Drying Up (0.80x vs 10W Avg),32.39,Outperformed Nifty by 32.39% in 3 Months,True,32.39,93.15,6571230485.89,0.78,0.69,0.8,True,True,"Stage 2, Extended, trend_template_ok, weekly_vcp_ok, volume_dryup, weekly_volume_dryup, weekly_strong, flags=Loose Structure;Extended;Wide Risk;Low Liquidity",watchlist,30.53,33.03,1747.05,-16.72,[10.02],[6],0.0,6.0,308
ITDC.NS,India Tourism Development Corporation Limited,Lodging,Consumer Cyclical,Consumer Cyclical,False,Cash,1,Stage 2,Stage 2,Advancing,0.8,Price is above constructive weekly and long-term trend structure with improving relative strength.,,,2026-09-25,,Stage 2 - Advancing,26.63,Very Strong,Volume Drying Up,Volume Normal (1.10x vs 10W Avg),17.33,Outperformed Nifty by 17.33% in 3 Months,True,17.33,70.49,554076411.86,0.83,0.1,1.1,True,False,"Stage 2, Advancing, trend_template_ok, volume_dryup, flags=Wide Risk;Low Liquidity",watchlist,31.78,32.78,733.45,-9.67,[17.68],[20],0.0,20.0,309
EPL.NS,EPL Limited,Consumer Cyclical,Consumer Cyclical,Consumer Cyclical,False,Cash,1,Stage 2,Stage 2,Advancing,0.8,Price is above constructive weekly and long-term trend structure with improving relative strength.,,,2026-09-25,,Stage 2 - Advancing,38.84,Strong,Volume Drying Up,Volume Drying Up (0.25x vs 10W Avg),6.89,Outperformed Nifty by 6.89% in 3 Months,True,6.89,12.21,2336263644.52,0.37,0.16,0.25,True,True,"Stage 2, Advancing, trend_template_ok, weekly_vcp_ok, volume_dryup, weekly_volume_dryup, weekly_strong, flags=Wide Risk;Low Liquidity",watchlist,31.77,32.77,274.51,-14.39,[16.8],[18],0.0,18.0,310
PAYTM.NS,One 97 Communications Limited,Software - Infrastructure,Technology,Technology,True,F&O,1,Stage 2,Stage 2,Advancing,0.9,Price is above constructive weekly and long-term trend structure with improving relative strength.,,,2026-09-25,,Stage 2 - Advancing,38.51,Very Strong,Volume Drying Up,Volume Drying Up (0.72x vs 10W Avg),39.92,Outperformed Nifty by 39.92% in 3 Months,True,39.92,64.86,7376798717.32,1.07,0.94,0.72,False,True,"Stage 2, Advancing, trend_template_ok, weekly_vcp_ok, weekly_volume_dryup, weekly_strong, flags=Loose Structure;Wide Risk;Low Liquidity",watchlist,31.65,32.65,1858.75,-11.99,[7.97],[5],0.0,5.0,311
GARFIBRES.NS,Garware Technical Fibres Limited,Textile Manufacturing,Consumer Cyclical,Consumer Cyclical,False,Cash,1,Stage 2,Stage 2,Advancing,0.8,Price is above constructive weekly and long-term trend structure with improving relative strength.,,,2026-09-25,,Stage 2 - Advancing,25.14,Very Strong,Volume Drying Up,Volume Drying Up (0.46x vs 10W Avg),12.18,Outperformed Nifty by 12.18% in 3 Months,True,12.18,31.52,36445594.41,0.62,0.56,0.46,True,True,"Stage 2, Advancing, trend_template_ok, volume_dryup, weekly_volume_dryup, flags=Wider Risk;Low Liquidity",watchlist,27.6,32.6,852.0,-9.29,[14.4],[7],0.0,7.0,312
LODHA.NS,Lodha Developers Limited,Real Estate,Real Estate,Real Estate,True,F&O,1,Stage 2,Stage 2,Advancing,0.8,Price is above constructive weekly and long-term trend structure with improving relative strength.,,,2026-09-25,,Stage 2 - Advancing,32.27,Strong,Volume Drying Up,Volume Drying Up (0.55x vs 10W Avg),16.52,Outperformed Nifty by 16.52% in 3 Months,True,16.52,63.31,1773172302.93,0.81,0.78,0.55,True,True,"Stage 2, Advancing, trend_template_ok, weekly_vcp_ok, volume_dryup, weekly_volume_dryup, weekly_strong, flags=Wide Weekly Base;Wide Risk;Low Liquidity",watchlist,31.56,32.56,1309.19,-14.67,[19.85],[15],0.0,15.0,313
NPST.NS,Network People Services Technologies Limited,Software - Application,Technology,Technology,False,Cash,1,Stage 2,Stage 2,Advancing,0.8,Price is above constructive weekly and long-term trend structure with improving relative strength.,,,2026-09-25,,Stage 2 - Advancing,17.79,Strong,Volume Drying Up,Volume Drying Up (0.70x vs 10W Avg),1.65,Outperformed Nifty by 1.65% in 3 Months,True,1.65,48.67,414769406.63,3.46,0.65,0.7,False,True,"Stage 2, Advancing, trend_template_ok, weekly_volume_dryup, flags=Wide Risk;Low Liquidity",watchlist,30.01,32.51,1934.34,-15.47,[20.66],[27],0.0,27.0,314
GAEL.NS,Gujarat Ambuja Exports Limited,Packaged Foods,Consumer Defensive,Consumer Defensive,False,Cash,1,Stage 2,Stage 2,Advancing,0.8,Price is above constructive weekly and long-term trend structure with improving relative strength.,,,2026-09-25,,Stage 2 - Advancing,19.35,Strong,Volume Drying Up,Volume Drying Up (0.40x vs 10W Avg),2.33,Outperformed Nifty by 2.33% in 3 Months,True,2.33,16.8,99209410.12,0.43,0.4,0.4,True,True,"Stage 2, Advancing, trend_template_ok, volume_dryup, weekly_volume_dryup, flags=Wide Risk;Low Liquidity",watchlist,32.43,32.43,184.98,-13.25,[17.34],[18],0.0,18.0,315
WESTLIFE.NS,WESTLIFE FOODWORLD LIMITED,Consumer Cyclical,Consumer Cyclical,Consumer Cyclical,False,Cash,1,Stage 2,Stage 2,Advancing,0.8,Price is above constructive weekly and long-term trend structure with improving relative strength.,,,2026-09-25,,Stage 2 - Advancing,28.82,Very Strong,Volume Drying Up,Volume Normal (1.00x vs 10W Avg),19.44,Outperformed Nifty by 19.44% in 3 Months,True,19.44,28.41,289801617.39,0.59,0.24,1.0,True,False,"Stage 2, Advancing, trend_template_ok, volume_dryup, flags=Loose Structure;Wider Risk;Low Liquidity",watchlist,31.39,32.39,603.4,-3.9,[13.64],[8],0.0,8.0,316
BAJAJHLDNG.NS,Bajaj Holdings & Investment Limited,Asset Management,Financial Services,Financial Services,True,F&O,1,Stage 2,Stage 2,Advancing,0.8,Price is above constructive weekly and long-term trend structure with improving relative strength.,,,2026-09-25,,Stage 2 - Advancing,44.94,Strong,Volume Normal,Volume Normal (0.90x vs 10W Avg),5.15,Outperformed Nifty by 5.15% in 3 Months,False,5.15,24.55,453159062.4,0.94,0.7,0.9,False,False,"Stage 2, Advancing, weekly_vcp_ok, weekly_strong, flags=Low Liquidity",watchlist,32.25,32.25,11589.72,-6.81,"[9.45, 9.68, 7.03]","[21, 6, 16]",0.95,77.0,317
PARADEEP.NS,Paradeep Phosphates Limited,Agricultural Inputs,Basic Materials,Basic Materials,False,Cash,1,Stage 2,Stage 2,Advancing,0.8,Price is above constructive weekly and long-term trend structure with improving relative strength.,,,2026-09-25,,Stage 2 - Advancing,41.58,Very Strong,Volume Drying Up,Volume Drying Up (0.17x vs 10W Avg),17.15,Outperformed Nifty by 17.15% in 3 Months,True,17.15,38.55,386067671.89,0.22,0.39,0.17,True,True,"Stage 2, Advancing, trend_template_ok, weekly_vcp_ok, volume_dryup, weekly_volume_dryup, weekly_strong, flags=Wide Weekly Base;Wide Risk;Low Liquidity",watchlist,31.92,31.92,166.72,-6.61,[12.91],[6],0.0,6.0,318
OBEROIRLTY.NS,Oberoi Realty Limited,Real Estate,Real Estate,Real Estate,True,F&O,1,Stage 2,Stage 2,Advancing,0.9,Price is above constructive weekly and long-term trend structure with improving relative strength.,,,2026-09-25,,Stage 2 - Advancing,28.51,Very Strong,Volume Normal,Volume Normal (1.09x vs 10W Avg),3.35,Outperformed Nifty by 3.35% in 3 Months,True,3.35,26.66,836919583.52,1.26,0.69,1.09,False,False,"Stage 2, Advancing, trend_template_ok, flags=Wider Risk;Low Liquidity",watchlist,30.6,31.6,1936.18,-5.48,[14.11],[8],0.0,8.0,319
KRBL.NS,KRBL Limited,Packaged Foods,Consumer Defensive,Consumer Defensive,False,Cash,1,Stage 2,Stage 2,Advancing,0.8,Price is above constructive weekly and long-term trend structure with improving relative strength.,,,2026-09-25,,Stage 2 - Advancing,35.84,Strong,Volume Drying Up,Volume Drying Up (0.59x vs 10W Avg),7.04,Outperformed Nifty by 7.04% in 3 Months,True,7.04,30.16,170240723.38,0.58,0.38,0.59,True,True,"Stage 2, Advancing, trend_template_ok, weekly_vcp_ok, volume_dryup, weekly_volume_dryup, weekly_strong, flags=Wide Risk;Low Liquidity",watchlist,31.53,31.53,448.43,-14.6,[13.74],[5],0.0,5.0,320
MPSLTD.NS,MPS Limited,Communication Services,Communication Services,Communication Services,False,Cash,1,Stage 2,Stage 2,Advancing,0.8,Price is above constructive weekly and long-term trend structure with improving relative strength.,,,2026-09-25,,Stage 2 - Advancing,39.54,Very Strong,Volume Drying Up,Volume Drying Up (0.09x vs 10W Avg),45.62,Outperformed Nifty by 45.62% in 3 Months,True,45.62,64.0,32955434.14,0.13,0.49,0.09,True,True,"Stage 2, Advancing, trend_template_ok, weekly_vcp_ok, volume_dryup, weekly_volume_dryup, weekly_strong, flags=Loose Structure;Low Liquidity",watchlist,29.01,31.51,2811.61,-6.4,[11.89],[5],0.0,5.0,321
HATSUN.NS,Hatsun Agro Product Limited,Packaged Foods,Consumer Defensive,Consumer Defensive,False,Cash,1,Stage 2,Stage 2,Advancing,0.9,Price is above constructive weekly and long-term trend structure with improving relative strength.,,,2026-09-25,,Stage 2 - Advancing,34.43,Very Strong,Volume Drying Up,Volume Drying Up (0.37x vs 10W Avg),27.43,Outperformed Nifty by 27.43% in 3 Months,True,27.43,28.42,139318409.65,1.47,0.29,0.37,False,True,"Stage 2, Advancing, trend_template_ok, weekly_vcp_ok, weekly_volume_dryup, weekly_strong, flags=Loose Structure;Wide Risk;Low Liquidity",watchlist,31.23,31.23,1352.06,-17.21,[9.2],[10],0.0,10.0,322
POLYPLEX.NS,Polyplex Corporation Limited,Specialty Chemicals,Basic Materials,Basic Materials,False,Cash,1,Stage 2,Stage 2,Advancing,0.8,Price is above constructive weekly and long-term trend structure with improving relative strength.,,,2026-09-25,,Stage 2 - Advancing,19.8,Strong,Volume Drying Up,Volume Drying Up (0.30x vs 10W Avg),12.45,Outperformed Nifty by 12.45% in 3 Months,True,12.45,36.25,48784674.16,0.41,0.56,0.3,True,True,"Stage 2, Advancing, trend_template_ok, volume_dryup, weekly_volume_dryup, flags=Wide Risk;Low Liquidity",watchlist,28.63,31.13,1265.14,-15.97,[10.09],[37],0.0,37.0,323
CONCORDBIO.NS,Concord Biotech Limited,Biotechnology,Healthcare,Healthcare,False,Cash,1,Stage 2,Stage 2,Advancing,0.8,Price is above constructive weekly and long-term trend structure with improving relative strength.,,,2026-09-25,,Stage 2 - Advancing,22.24,Very Strong,Volume Normal,Volume Normal (1.02x vs 10W Avg),14.04,Outperformed Nifty by 14.04% in 3 Months,True,14.04,38.93,238858618.79,1.1,0.62,1.02,False,False,"Stage 2, Advancing, trend_template_ok, flags=Wide Risk;Low Liquidity",watchlist,28.3,30.8,1594.79,-12.67,[12.59],[11],0.0,11.0,324
TATATECH.NS,Tata Technologies Limited,Information Technology Services,Technology,Technology,False,Cash,1,Stage 2,Stage 2,Advancing,0.8,Price is above constructive weekly and long-term trend structure with improving relative strength.,,,2026-09-25,,Stage 2 - Advancing,18.13,Neutral,Volume Drying Up,Volume Drying Up (0.49x vs 10W Avg),4.35,Outperformed Nifty by 4.35% in 3 Months,True,4.35,34.93,700944668.42,0.66,0.88,0.49,True,True,"Stage 2, Advancing, trend_template_ok, volume_dryup, weekly_volume_dryup, flags=Wide Risk;Low Liquidity",watchlist,30.22,30.22,851.49,-16.96,[11.94],[10],0.0,10.0,325
TITAGARH.NS,TITAGARH RAIL SYSTEMS LIMITED,Industrials,Industrials,Industrials,False,Cash,1,Failed Stage 2,Stage 2,Failed Stage 2,0.7,Failed Stage 2 cooling period is still active; waiting for a fresh base or confirmed reclaim.,Failed Stage 2 hold period active.,,2026-09-23,,Failed Stage 2,21.99,Neutral,Volume Drying Up,Volume Drying Up (0.78x vs 10W Avg),-2.13,Underperformed Nifty by 2.13% in 3 Months,True,-2.13,35.55,557699843.78,0.95,0.98,0.78,False,True,"Stage 2, Advancing, trend_template_ok, weekly_volume_dryup, flags=Wider Risk;Low Liquidity | Failed Stage 2 hold period active.",watchlist,28.96,28.96,905.3,-9.57,[12.75],[5],0.0,5.0,326
DLF.NS,DLF Limited,Real Estate,Real Estate,Real Estate,True,F&O,1,Stage 2,Stage 2,Advancing,0.8,Price is above constructive weekly and long-term trend structure with improving relative strength.,,,2026-09-25,,Stage 2 - Advancing,17.01,Strong,Volume Normal,Volume Normal (1.14x vs 10W Avg),7.18,Outperformed Nifty by 7.18% in 3 Months,True,7.18,30.91,2423519061.73,1.0,0.81,1.14,False,False,"Stage 2, Advancing, trend_template_ok, flags=Low Liquidity",watchlist,25.7,26.7,691.61,-4.06,[11.51],[12],0.0,12.0,327
IMAGICAA.NS,Imagicaaworld Entertainment Limited,Communication Services,Communication Services,Communication Services,False,Cash,1,Stage 2,Stage 2,Advancing,0.8,Price is above constructive weekly and long-term trend structure with improving relative strength.,,,2026-09-25,,Stage 2 - Advancing,33.71,Very Strong,Volume Drying Up,Volume Drying Up (0.31x vs 10W Avg),11.49,Outperformed Nifty by 11.49% in 3 Months,True,11.49,28.25,47544429.69,0.52,0.14,0.31,True,True,"Stage 2, Advancing, trend_template_ok, weekly_vcp_ok, volume_dryup, weekly_volume_dryup, weekly_strong, flags=Wide Risk;Low Liquidity",watchlist,23.38,25.88,62.11,-17.42,[20.56],[13],0.0,13.0,328
PDSL.NS,PDS Limited,Industrials,Industrials,Industrials,False,Cash,1,Stage 2,Stage 2,Advancing,0.8,Price is above constructive weekly and long-term trend structure with improving relative strength.,,,2026-09-25,,Stage 2 - Advancing,22.99,Strong,Volume Drying Up,Volume Drying Up (0.60x vs 10W Avg),2.02,Outperformed Nifty by 2.02% in 3 Months,False,2.02,36.45,40578690.33,0.68,0.94,0.6,True,True,"Stage 2, Advancing, volume_dryup, weekly_volume_dryup, flags=Wider Risk;Low Liquidity",watchlist,25.7,25.7,389.68,-10.31,"[18.3, 16.41]","[12, 26]",0.9,45.0,329
SMARTWORKS.NS,Smartworks Coworking Spaces Limited,Real Estate Services,Real Estate,Real Estate,False,Cash,1,Stage 2,Stage 2,Advancing,0.8,Price is above constructive weekly and long-term trend structure with improving relative strength.,Initial classification; no prior stage memory available.,,,,Stage 2 - Advancing,24.22,Very Strong,Volume Drying Up,Volume Drying Up (0.34x vs 10W Avg),11.46,Outperformed Nifty by 11.46% in 3 Months,True,11.46,38.73,39043912.8,0.58,0.42,0.34,True,True,"Stage 2, Advancing, trend_template_ok, volume_dryup, weekly_volume_dryup, flags=Wider Risk;Low Liquidity",watchlist,24.62,25.62,567.9,-9.9,[11.38],[16],0.0,16.0,330
JUBLCPL.NS,Jubilant Agri and Consumer Products Limited,Specialty Chemicals,Basic Materials,Basic Materials,False,Cash,1,Stage 2,Stage 2,Advancing,0.8,Price is above constructive weekly and long-term trend structure with improving relative strength.,,,2026-09-25,,Stage 2 - Advancing,26.95,Very Strong,Volume Drying Up,Volume Drying Up (0.51x vs 10W Avg),11.81,Outperformed Nifty by 11.81% in 3 Months,True,11.81,29.53,23129964.89,0.51,0.41,0.51,True,True,"Stage 2, Advancing, trend_template_ok, weekly_vcp_ok, volume_dryup, weekly_volume_dryup, weekly_strong, flags=Wide Weekly Base;Loose Structure;Wide Risk;Low Liquidity",watchlist,23.11,25.61,2374.05,-10.81,[17.16],[11],0.0,11.0,331
SUNPHARMA.NS,Sun Pharmaceutical Industries Limited,Drug Manufacturers - Specialty & Generic,Healthcare,Healthcare,True,F&O,1,Stage 1,Stage 1,Stage 1,0.64,Price is building a base around long-term weekly structure without a confirmed advancing phase.,,,2026-08-31,,Stage 1,30.26,Strong,Volume Drying Up,Volume Drying Up (0.58x vs 10W Avg),3.6,Outperformed Nifty by 3.6% in 3 Months,False,3.6,11.07,2695698622.77,0.82,0.64,0.58,True,True,"Stage 1, Stage 1, weekly_vcp_ok, volume_dryup, weekly_volume_dryup, weekly_strong, flags=Wider Risk;Low Liquidity, stage1_not_actionable, stage1_needs_more_base",watchlist,18.87,23.87,2050.48,-10.36,"[11.29, 8.34, 8.73, 7.9]","[17, 11, 12, 11]",1.0,119.0,332
ABBOTINDIA.NS,Abbott India Limited,Drug Manufacturers - Specialty & Generic,Healthcare,Healthcare,False,Cash,1,Not Sure,Stage 3,Pending Stage 3,0.55,Blocked public stage jump Stage 1 -> Stage 3; waiting for intermediate/confirmed structure.,Blocked public stage jump Stage 1 -> Stage 3; waiting for intermediate/confirmed structure.,,,Stage 3,Not Sure - Unclear,33.69,Very Strong,Volume Drying Up,Volume Drying Up (0.47x vs 10W Avg),12.21,Outperformed Nifty by 12.21% in 3 Months,False,12.21,5.56,214935260.5,0.96,0.65,0.47,False,True,"Stage 3, Early, weekly_volume_dryup, flags=Wider Risk, distribution_or_weakening_risk | Blocked public stage jump Stage 1 -> Stage 3; waiting for intermediate/confirmed structure.",watchlist,17.33,22.33,28635.0,-6.62,"[10.89, 11.12]","[31, 37]",0.9,84.0,333
NAUKRI.NS,Info Edge (India) Limited,Communication Services,Communication Services,Communication Services,True,F&O,1,Stage 2,Stage 2,Advancing,0.8,Price is above constructive weekly and long-term trend structure with improving relative strength.,,,2026-09-25,,Stage 2 - Advancing,45.61,Very Strong,Volume Drying Up,Volume Normal (0.95x vs 10W Avg),31.7,Outperformed Nifty by 31.7% in 3 Months,False,31.7,29.92,1748350521.91,0.85,0.8,0.95,True,False,"Stage 2, Advancing, weekly_vcp_ok, volume_dryup, weekly_strong, flags=Wider Risk",watchlist,19.76,22.26,1390.1,-9.8,[6.96],[10],0.0,10.0,334
BAJAJ-AUTO.NS,Bajaj Auto Limited,Auto Manufacturers,Consumer Cyclical,Consumer Cyclical,True,F&O,1,Stage 2,Stage 2,Advancing,0.8,Price is above constructive weekly and long-term trend structure with improving relative strength.,,,2026-09-25,,Stage 2 - Advancing,18.17,Strong,Volume Drying Up,Volume Drying Up (0.55x vs 10W Avg),16.94,Outperformed Nifty by 16.94% in 3 Months,False,16.94,29.9,2275233396.6,0.65,1.2,0.55,True,True,"Stage 2, Advancing, volume_dryup, weekly_volume_dryup, flags=Wide Risk;Low Liquidity",watchlist,19.49,21.99,12491.82,-11.75,[11.62],[22],0.0,22.0,335
GLENMARK.NS,Glenmark Pharmaceuticals Limited,Drug Manufacturers - Specialty & Generic,Healthcare,Healthcare,True,F&O,1,Stage 2,Stage 2,Advancing,0.8,Price is above constructive weekly and long-term trend structure with improving relative strength.,,,2026-09-25,,Stage 2 - Advancing,33.49,Strong,Volume Expanding,Volume Normal (1.27x vs 10W Avg),11.12,Outperformed Nifty by 11.12% in 3 Months,False,11.12,13.55,1115219531.36,1.05,2.04,1.27,False,False,"Stage 2, Advancing, weekly_vcp_ok, weekly_strong, flags=Wider Risk;Low Liquidity",watchlist,16.84,21.84,2539.51,-8.42,[9.02],[13],0.0,13.0,336
OIL.NS,Oil India Limited,Energy,Energy,Energy,True,F&O,1,Failed Stage 2,Stage 1,Failed Stage 2,0.72,"This stock was recently Stage 2, but the latest structure no longer satisfies Stage 2 rules. It is kept as Failed Stage 2 until a fresh base/repair structure forms.",Recent Stage 2 break; public stage held as Failed Stage 2.,2026-09-28,2026-09-16,,Failed Stage 2,16.27,Strong,Volume Drying Up,Volume Drying Up (0.53x vs 10W Avg),16.71,Outperformed Nifty by 16.71% in 3 Months,False,16.71,-0.07,1051925240.77,0.64,0.82,0.53,True,True,"Stage 1, Stage 1, volume_dryup, weekly_volume_dryup, flags=Wider Risk;Low Liquidity, stage1_not_actionable, stage1_needs_more_base | Stage 2 failed state applied from stage memory.",watchlist,19.05,21.55,515.35,-9.19,"[23.9, 5.85]","[30, 6]",0.9,74.0,337
PETRONET.NS,Petronet LNG Limited,Oil & Gas Refining & Marketing,Energy,Energy,True,F&O,1,Stage 1,Stage 1,Stage 1,0.68,Price is building a base around long-term weekly structure without a confirmed advancing phase.,,,2026-08-31,,Stage 1,38.74,Very Strong,Volume Normal,Volume Normal (0.93x vs 10W Avg),10.43,Outperformed Nifty by 10.43% in 3 Months,False,10.43,17.38,415677018.49,0.86,1.72,0.93,False,False,"Stage 1, Stage 1, stage1_base_ready, weekly_vcp_ok, weekly_strong, flags=Low Liquidity, stage1_not_actionable",watchlist,18.54,21.04,300.6,-3.58,"[8.13, 9.1, 7.44]","[13, 26, 12]",0.55,82.0,338
DIXON.NS,Dixon Technologies (India) Limited,Technology,Technology,Technology,True,F&O,1,Failed Stage 2,Stage 2,Failed Stage 2,0.7,Failed Stage 2 cooling period is still active; waiting for a fresh base or confirmed reclaim.,Failed Stage 2 hold period active.,,2026-09-09,,Failed Stage 2,31.1,Very Strong,Volume Normal,Volume Normal (0.93x vs 10W Avg),15.43,Outperformed Nifty by 15.43% in 3 Months,False,15.43,39.86,4350435277.03,0.98,1.64,0.93,False,False,"Stage 2, Advancing, weekly_vcp_ok, weekly_strong, flags=Wide Weekly Base;Wider Risk;Low Liquidity | Failed Stage 2 hold period active.",watchlist,15.97,20.97,15014.7,-9.16,[11.92],[33],0.0,33.0,339
ELECON.NS,Elecon Engineering Company Limited,Specialty Industrial Machinery,Industrials,Industrials,False,Cash,1,Stage 1,Stage 1,Stage 1,0.64,Price is building a base around long-term weekly structure without a confirmed advancing phase.,,,2026-07-14,,Stage 1,8.68,Neutral,Volume Expanding,Volume Expanding (7.02x vs 10W Avg),-5.95,Underperformed Nifty by 5.95% in 3 Months,False,-5.95,26.47,1177996305.16,3.24,4.18,7.02,False,False,"Stage 1, Stage 1, flags=Wide Risk;Low Liquidity, stage1_not_actionable, stage1_needs_more_base",watchlist,15.85,20.85,554.82,-13.35,"[28.32, 10.97]","[30, 29]",0.9,66.0,340
SARDAEN.NS,Sarda Energy & Minerals Limited,Steel,Basic Materials,Basic Materials,False,Cash,1,Stage 1,Stage 1,Stage 1,0.64,Price is building a base around long-term weekly structure without a confirmed advancing phase.,,,,,Stage 1,22.3,Neutral,Volume Drying Up,Volume Drying Up (0.31x vs 10W Avg),7.28,Outperformed Nifty by 7.28% in 3 Months,False,7.28,-1.98,330572727.25,0.38,1.02,0.31,True,True,"Stage 1, Stage 1, volume_dryup, weekly_volume_dryup, flags=Wider Risk, stage1_not_actionable, stage1_needs_more_base",watchlist,15.81,20.81,555.97,-9.83,"[18.75, 12.56]","[23, 48]",0.9,76.0,341
ASAHIINDIA.NS,Asahi India Glass Limited,Auto Parts,Consumer Cyclical,Consumer Cyclical,False,Cash,1,Stage 1,Stage 1,Stage 1,0.68,Price is building a base around long-term weekly structure without a confirmed advancing phase.,,,,,Stage 1,20.28,Strong,Volume Drying Up,Volume Drying Up (0.83x vs 10W Avg),10.35,Outperformed Nifty by 10.35% in 3 Months,False,10.35,16.12,130829962.63,0.71,0.71,0.83,True,True,"Stage 1, Stage 1, volume_dryup, weekly_volume_dryup, flags=Low Liquidity, stage1_not_actionable, stage1_needs_more_base",watchlist,17.99,20.49,996.74,-6.34,"[9.77, 5.94, 4.1]","[25, 22, 8]",0.95,100.0,342
PIDILITIND.NS,Pidilite Industries Limited,Specialty Chemicals,Basic Materials,Basic Materials,True,F&O,1,Failed Stage 2,Stage 1,Failed Stage 2,0.72,"This stock was recently Stage 2, but the latest structure no longer satisfies Stage 2 rules. It is kept as Failed Stage 2 until a fresh base/repair structure forms.",Recent Stage 2 break; public stage held as Failed Stage 2.,2026-09-28,2026-09-23,,Failed Stage 2,12.61,Neutral,Volume Drying Up,Volume Drying Up (0.74x vs 10W Avg),-0.6,Underperformed Nifty by 0.6% in 3 Months,False,-0.6,21.12,898765564.08,0.68,0.92,0.74,True,True,"Stage 1, Stage 1, volume_dryup, weekly_volume_dryup, flags=Wide Risk;Low Liquidity, stage1_not_actionable, stage1_needs_more_base | Stage 2 failed state applied from stage memory.",watchlist,17.64,20.14,1707.5,-11.98,"[5.41, 5.2, 4.87]","[9, 6, 5]",0.95,59.0,343
JINDALSTEL.NS,JINDAL STEEL LIMITED,Steel,Basic Materials,Basic Materials,True,F&O,1,Stage 1,Stage 1,Stage 1,0.64,Price is building a base around long-term weekly structure without a confirmed advancing phase.,,,2026-08-31,,Stage 1,25.16,Strong,Volume Normal,Volume Normal (0.88x vs 10W Avg),14.48,Outperformed Nifty by 14.48% in 3 Months,False,14.48,2.59,761004882.25,0.91,0.96,0.88,False,True,"Stage 1, Stage 1, weekly_vcp_ok, weekly_volume_dryup, weekly_strong, flags=Wide Risk;Low Liquidity, stage1_not_actionable, stage1_needs_more_base",watchlist,15.02,20.02,1284.35,-11.27,"[22.67, 11.57]","[59, 11]",0.9,103.0,344
AGARWALEYE.NS,Dr. Agarwal's Health Care Limited,Healthcare,Healthcare,Healthcare,False,Cash,1,Failed Stage 2,Stage 1,Failed Stage 2,0.72,"This stock was recently Stage 2, but the latest structure no longer satisfies Stage 2 rules. It is kept as Failed Stage 2 until a fresh base/repair structure forms.",Recent Stage 2 break; public stage held as Failed Stage 2.,2026-09-28,2026-09-14,,Failed Stage 2,44.38,Very Strong,Volume Drying Up,Volume Drying Up (0.25x vs 10W Avg),12.47,Outperformed Nifty by 12.47% in 3 Months,False,12.47,26.13,190126423.63,0.2,0.85,0.25,True,True,"Stage 1, Stage 1, weekly_vcp_ok, volume_dryup, weekly_volume_dryup, weekly_strong, stage1_not_actionable, stage1_needs_more_base | Stage 2 failed state applied from stage memory.",watchlist,19.0,20.0,529.73,-4.93,"[13.78, 8.44]","[13, 6]",0.9,25.0,345
SIGNATURE.NS,Signatureglobal (India) Limited,Real Estate,Real Estate,Real Estate,False,Cash,1,Stage 3,Stage 3,Early,0.68,"Prior strength has shifted into a Stage 3 transition based on trend, relative strength, and volume evidence.",,,,,Stage 3 Early,25.01,Strong,Volume Expanding,Volume Expanding (2.60x vs 10W Avg),8.33,Outperformed Nifty by 8.33% in 3 Months,False,8.33,11.52,257874339.03,1.69,6.87,2.6,False,False,"Stage 3, Early, weekly_vcp_ok, flags=Wide Weekly Base;Wide Risk, distribution_or_weakening_risk",watchlist,18.98,19.98,899.57,-13.25,"[16.48, 15.92, 9.86, 8.28]","[20, 7, 20, 7]",1.0,76.0,346
LTFOODS.NS,LT Foods Limited,Packaged Foods,Consumer Defensive,Consumer Defensive,False,Cash,1,Failed Stage 2,Stage 1,Failed Stage 2,0.72,"This stock was recently Stage 2, but the latest structure no longer satisfies Stage 2 rules. It is kept as Failed Stage 2 until a fresh base/repair structure forms.",Recent Stage 2 break; public stage held as Failed Stage 2.,2026-09-28,2026-09-25,,Failed Stage 2,26.84,Strong,Volume Drying Up,Volume Drying Up (0.23x vs 10W Avg),12.96,Outperformed Nifty by 12.96% in 3 Months,False,12.96,8.32,194319466.77,0.23,0.23,0.23,True,True,"Stage 1, Stage 1, weekly_vcp_ok, volume_dryup, weekly_volume_dryup, weekly_strong, flags=Wide Risk;Low Liquidity, stage1_not_actionable, stage1_needs_more_base | Stage 2 failed state applied from stage memory.",watchlist,19.66,19.66,490.39,-16.7,"[17.24, 7.51, 6.55]","[28, 11, 12]",0.95,61.0,347
CHALET.NS,Chalet Hotels Limited,Lodging,Consumer Cyclical,Consumer Cyclical,False,Cash,1,Failed Stage 2,Stage 1,Failed Stage 2,0.72,"This stock was recently Stage 2, but the latest structure no longer satisfies Stage 2 rules. It is kept as Failed Stage 2 until a fresh base/repair structure forms.",Recent Stage 2 break; public stage held as Failed Stage 2.,2026-09-28,2026-09-25,,Failed Stage 2,35.05,Very Strong,Volume Drying Up,Volume Drying Up (0.75x vs 10W Avg),9.03,Outperformed Nifty by 9.03% in 3 Months,False,9.03,21.67,142365207.99,0.86,0.35,0.75,False,True,"Stage 1, Stage 1, stage1_base_ready, weekly_vcp_ok, weekly_volume_dryup, weekly_strong, flags=Wider Risk;Low Liquidity, stage1_not_actionable | Stage 2 failed state applied from stage memory.",watchlist,18.55,19.55,940.52,-7.61,"[10.25, 11.07, 10.27, 4.59]","[15, 10, 10, 29]",0.73,105.0,348
GOLDIAM.NS,Goldiam International Limited,Luxury Goods,Consumer Cyclical,Consumer Cyclical,False,Cash,1,Failed Stage 2,Stage 3,Failed Stage 2,0.72,"This stock was recently Stage 2, but the latest structure no longer satisfies Stage 2 rules. It is kept as Failed Stage 2 until a fresh base/repair structure forms.",Recent Stage 2 break; public stage held as Failed Stage 2.,2026-09-28,2026-09-23,,Failed Stage 2,6.8,Neutral,Volume Drying Up,Volume Drying Up (0.49x vs 10W Avg),-2.26,Underperformed Nifty by 2.26% in 3 Months,False,-2.26,45.19,138232371.2,0.5,1.33,0.49,True,True,"Stage 3, Early, volume_dryup, weekly_volume_dryup, flags=Wide Risk;Low Liquidity, distribution_or_weakening_risk | Stage 2 failed state applied from stage memory.",watchlist,14.53,19.53,398.9,-21.63,"[19.6, 9.77]","[14, 24]",0.9,41.0,349
SCHAEFFLER.NS,Schaeffler India Limited,Auto Parts,Consumer Cyclical,Consumer Cyclical,False,Cash,1,Stage 1,Stage 1,Stage 1,0.64,Price is building a base around long-term weekly structure without a confirmed advancing phase.,,,,,Stage 1,26.67,Strong,Volume Drying Up,Volume Drying Up (0.56x vs 10W Avg),1.42,Outperformed Nifty by 1.42% in 3 Months,False,1.42,8.2,189884449.44,0.95,0.42,0.56,False,True,"Stage 1, Stage 1, weekly_vcp_ok, weekly_volume_dryup, weekly_strong, flags=Wider Risk;Low Liquidity, stage1_not_actionable, stage1_needs_more_base",watchlist,17.02,19.52,4436.75,-10.85,"[12.56, 10.31, 9.01, 9.31]","[15, 12, 13, 26]",1.0,102.0,350
ASTRAMICRO.NS,Astra Microwave Products Limited,Communication Equipment,Technology,Technology,False,Cash,1,Failed Stage 2,Stage 3,Failed Stage 2,0.72,"This stock was recently Stage 2, but the latest structure no longer satisfies Stage 2 rules. It is kept as Failed Stage 2 until a fresh base/repair structure forms.",Recent Stage 2 break; public stage held as Failed Stage 2.,2026-09-28,2026-09-21,,Failed Stage 2,11.09,Weak,Volume Drying Up,Volume Drying Up (0.46x vs 10W Avg),-6.22,Underperformed Nifty by 6.22% in 3 Months,False,-6.22,69.41,496376616.93,0.58,0.39,0.46,True,True,"Stage 3, Early, volume_dryup, weekly_volume_dryup, flags=Wide Risk;Low Liquidity, distribution_or_weakening_risk | Stage 2 failed state applied from stage memory.",watchlist,14.46,19.46,1797.6,-11.54,"[16.79, 14.2]","[23, 5]",0.9,33.0,351
RSYSTEMS.NS,R Systems International Limited,Information Technology Services,Technology,Technology,False,Cash,1,Not Sure,Not Sure,Not Sure,0.0,Stage rules did not identify a reliable structure.,No confident stage classification.,,,,Not Sure - Unclear,35.87,Strong,Volume Expanding,Volume Expanding (48.70x vs 10W Avg),28.06,Outperformed Nifty by 28.06% in 3 Months,False,28.06,10.08,884753818.27,4.23,368.94,48.7,False,False,"Not Sure, Unclear, weekly_vcp_ok, weekly_strong, flags=Wide Risk",watchlist,19.39,19.39,283.9,-3.06,"[23.17, 16.9]","[13, 16]",0.9,51.0,352
HERITGFOOD.NS,Heritage Foods Limited,Packaged Foods,Consumer Defensive,Consumer Defensive,False,Cash,1,Stage 1,Stage 1,Stage 1,0.68,Price is building a base around long-term weekly structure without a confirmed advancing phase.,,,,,Stage 1,29.75,Very Strong,Volume Drying Up,Volume Drying Up (0.42x vs 10W Avg),26.15,Outperformed Nifty by 26.15% in 3 Months,False,26.15,32.11,362915348.68,0.72,0.33,0.42,True,True,"Stage 1, Stage 1, weekly_vcp_ok, volume_dryup, weekly_volume_dryup, weekly_strong, flags=Wide Weekly Base;Wide Risk;Low Liquidity, stage1_not_actionable, stage1_needs_more_base",watchlist,18.33,18.33,429.9,-6.48,"[16.65, 10.13, 5.08]","[37, 9, 18]",0.95,96.0,353
ASIANPAINT.NS,Asian Paints Limited,Specialty Chemicals,Basic Materials,Basic Materials,True,F&O,1,Stage 3,Stage 3,Early,0.68,"Prior strength has shifted into a Stage 3 transition based on trend, relative strength, and volume evidence.",,,2026-07-23,,Stage 3 Early,15.61,Weak,Volume Drying Up,Volume Drying Up (0.72x vs 10W Avg),-6.72,Underperformed Nifty by 6.72% in 3 Months,False,-6.72,14.8,1269757086.39,0.75,2.11,0.72,True,True,"Stage 3, Early, weekly_vcp_ok, volume_dryup, weekly_volume_dryup, weekly_strong, flags=Wide Risk;Low Liquidity, distribution_or_weakening_risk",watchlist,15.09,17.59,2869.01,-15.65,"[7.61, 6.35]","[7, 31]",0.9,60.0,354
ARVSMART.NS,Arvind SmartSpaces Limited,Real Estate,Real Estate,Real Estate,False,Cash,1,Failed Stage 2,Stage 1,Failed Stage 2,0.72,"This stock was recently Stage 2, but the latest structure no longer satisfies Stage 2 rules. It is kept as Failed Stage 2 until a fresh base/repair structure forms.",Recent Stage 2 break; public stage held as Failed Stage 2.,2026-09-28,2026-09-23,,Failed Stage 2,26.65,Strong,Volume Expanding,Volume Expanding (3.95x vs 10W Avg),8.52,Outperformed Nifty by 8.52% in 3 Months,False,8.52,19.14,255687785.15,2.11,0.62,3.95,False,False,"Stage 1, Stage 1, weekly_vcp_ok, weekly_strong, flags=Wide Risk;Low Liquidity, stage1_not_actionable, stage1_needs_more_base | Stage 2 failed state applied from stage memory.",watchlist,16.39,17.39,706.64,-12.86,"[9.86, 9.91, 6.67]","[45, 9, 7]",0.95,73.0,355
VGUARD.NS,V-Guard Industries Limited,Electrical Equipment & Parts,Industrials,Industrials,False,Cash,1,Stage 1,Stage 1,Stage 1,0.64,Price is building a base around long-term weekly structure without a confirmed advancing phase.,,,,,Stage 1,21.19,Neutral,Volume Drying Up,Volume Drying Up (0.20x vs 10W Avg),4.26,Outperformed Nifty by 4.26% in 3 Months,False,4.26,0.04,139368186.94,0.24,0.72,0.2,True,True,"Stage 1, Stage 1, weekly_vcp_ok, volume_dryup, weekly_volume_dryup, weekly_strong, flags=Wide Risk;Low Liquidity, stage1_not_actionable, stage1_needs_more_base",watchlist,12.36,17.36,350.26,-12.28,"[14.45, 8.65]","[26, 25]",0.9,57.0,356
GPPL.NS,Gujarat Pipavav Port Limited,Marine Shipping,Industrials,Industrials,False,Cash,1,Not Sure,Not Sure,Not Sure,0.0,Stage rules did not identify a reliable structure.,No confident stage classification.,,,,Not Sure - Unclear,28.75,Very Strong,Volume Drying Up,Volume Drying Up (0.54x vs 10W Avg),12.3,Outperformed Nifty by 12.3% in 3 Months,False,12.3,15.43,235288116.05,0.79,0.45,0.54,True,True,"Not Sure, Unclear, weekly_vcp_ok, volume_dryup, weekly_volume_dryup, flags=Low Liquidity",watchlist,14.53,17.03,168.82,-5.3,"[7.93, 6.31]","[29, 10]",0.9,62.0,357
KIMS.NS,Krishna Institute of Medical Sciences Limited,Medical Care Facilities,Healthcare,Healthcare,False,Cash,1,Failed Stage 2,Stage 3,Failed Stage 2,0.72,"This stock was recently Stage 2, but the latest structure no longer satisfies Stage 2 rules. It is kept as Failed Stage 2 until a fresh base/repair structure forms.",Recent Stage 2 break; public stage held as Failed Stage 2.,2026-09-28,2026-09-25,,Failed Stage 2,28.59,Neutral,Volume Drying Up,Volume Drying Up (0.51x vs 10W Avg),-3.42,Underperformed Nifty by 3.42% in 3 Months,False,-3.42,24.64,335952983.93,0.9,0.69,0.51,False,True,"Stage 3, Early, weekly_vcp_ok, weekly_volume_dryup, weekly_strong, flags=Wider Risk;Low Liquidity, distribution_or_weakening_risk | Stage 2 failed state applied from stage memory.",watchlist,15.93,16.93,859.5,-10.83,"[8.31, 7.73]","[18, 62]",0.9,82.0,358
DRREDDY.NS,Dr. Reddy's Laboratories Limited,Drug Manufacturers - Specialty & Generic,Healthcare,Healthcare,True,F&O,1,Stage 4,Stage 4,Stage 4,0.66,Price is below weekly structure.,,,,,Stage 4,11.47,Neutral,Volume Expanding,Volume Normal (1.20x vs 10W Avg),-3.59,Underperformed Nifty by 3.59% in 3 Months,False,-3.59,3.2,1652515424.92,1.16,2.52,1.2,False,False,"Stage 4, Stage 4, flags=Low Liquidity, downtrend",watchlist,11.87,16.87,1208.1,1.07,"[21.69, 6.46]","[18, 21]",0.9,54.0,359
TEJASNET.NS,Tejas Networks Limited,Communication Equipment,Technology,Technology,False,Cash,1,Failed Stage 2,Stage 3,Failed Stage 2,0.72,"This stock was recently Stage 2, but the latest structure no longer satisfies Stage 2 rules. It is kept as Failed Stage 2 until a fresh base/repair structure forms.",Recent Stage 2 break; public stage held as Failed Stage 2.,2026-09-28,2026-09-23,,Failed Stage 2,17.98,Weak,Volume Drying Up,Volume Drying Up (0.32x vs 10W Avg),-13.37,Underperformed Nifty by 13.37% in 3 Months,False,-13.37,19.4,1941965743.61,0.47,0.25,0.32,True,True,"Stage 3, Early, weekly_vcp_ok, volume_dryup, weekly_volume_dryup, weekly_strong, flags=Wide Risk;Low Liquidity, distribution_or_weakening_risk | Stage 2 failed state applied from stage memory.",watchlist,11.65,16.65,623.89,-21.28,"[22.46, 8.67]","[36, 10]",0.9,58.0,360
INDIGOPNTS.NS,Indigo Paints Limited,Specialty Chemicals,Basic Materials,Basic Materials,False,Cash,1,Stage 2,Stage 2,Advancing,0.8,Price is above constructive weekly and long-term trend structure with improving relative strength.,,,2026-09-25,,Stage 2 - Advancing,18.52,Strong,Volume Drying Up,Volume Drying Up (0.39x vs 10W Avg),8.6,Outperformed Nifty by 8.6% in 3 Months,False,8.6,47.48,66752057.62,0.45,0.71,0.39,True,True,"Stage 2, Advancing, volume_dryup, weekly_volume_dryup, flags=Wide Weekly Base;Wider Risk;Low Liquidity",watchlist,13.96,16.46,1209.0,-8.19,[13.38],[6],0.0,6.0,361
SAGILITY.NS,SAGILITY LIMITED,Healthcare,Healthcare,Healthcare,False,Cash,1,Stage 1,Stage 1,Stage 1,0.64,Price is building a base around long-term weekly structure without a confirmed advancing phase.,,,,,Stage 1,27.86,Strong,Volume Drying Up,Volume Drying Up (0.36x vs 10W Avg),10.68,Outperformed Nifty by 10.68% in 3 Months,False,10.68,6.62,570961533.26,0.54,0.4,0.36,True,True,"Stage 1, Stage 1, weekly_vcp_ok, volume_dryup, weekly_volume_dryup, weekly_strong, flags=Wider Risk;Low Liquidity, stage1_not_actionable, stage1_needs_more_base",watchlist,15.43,16.43,47.57,-8.67,"[15.15, 9.46, 8.46]","[29, 14, 9]",0.95,89.0,362
BBOX.NS,Black Box Limited,Software - Application,Technology,Technology,False,Cash,1,Failed Stage 2,Stage 1,Failed Stage 2,0.72,"This stock was recently Stage 2, but the latest structure no longer satisfies Stage 2 rules. It is kept as Failed Stage 2 until a fresh base/repair structure forms.",Recent Stage 2 break; public stage held as Failed Stage 2.,2026-09-28,2026-09-23,,Failed Stage 2,13.75,Neutral,Volume Normal,Volume Normal (1.18x vs 10W Avg),-15.56,Underperformed Nifty by 15.56% in 3 Months,False,-15.56,68.42,456221713.67,1.44,1.26,1.18,False,False,"Stage 1, Stage 1, flags=Wide Base;Wide Weekly Base;Wider Risk;Low Liquidity, stage1_not_actionable, stage1_needs_more_base | Stage 2 failed state applied from stage memory.",watchlist,13.86,16.36,842.83,-7.08,"[33.5, 15.71]","[39, 14]",0.9,54.0,363
ZYDUSWELL.NS,Zydus Wellness Limited,Packaged Foods,Consumer Defensive,Consumer Defensive,False,Cash,1,Failed Stage 2,Stage 3,Failed Stage 2,0.72,"This stock was recently Stage 2, but the latest structure no longer satisfies Stage 2 rules. It is kept as Failed Stage 2 until a fresh base/repair structure forms.",Recent Stage 2 break; public stage held as Failed Stage 2.,2026-09-28,2026-09-22,,Failed Stage 2,9.31,Neutral,Volume Drying Up,Volume Drying Up (0.27x vs 10W Avg),-6.5,Underperformed Nifty by 6.5% in 3 Months,False,-6.5,20.86,313626553.76,0.48,0.34,0.27,True,True,"Stage 3, Early, volume_dryup, weekly_volume_dryup, flags=Wide Risk;Low Liquidity, distribution_or_weakening_risk | Stage 2 failed state applied from stage memory.",watchlist,16.17,16.17,611.85,-14.29,"[13.63, 11.44, 8.31]","[9, 10, 54]",0.95,94.0,364
THANGAMAYL.NS,Thangamayil Jewellery Limited,Luxury Goods,Consumer Cyclical,Consumer Cyclical,False,Cash,1,Stage 3,Stage 3,Early,0.68,"Prior strength has shifted into a Stage 3 transition based on trend, relative strength, and volume evidence.",,,2026-08-28,,Stage 3 Early,0.0,Weak,Volume Drying Up,Volume Drying Up (0.30x vs 10W Avg),-15.32,Underperformed Nifty by 15.32% in 3 Months,False,-15.32,44.07,432599561.95,0.53,0.42,0.3,True,True,"Stage 3, Early, volume_dryup, weekly_volume_dryup, flags=Wide Base;Loose Structure;Wide Risk;Low Liquidity, distribution_or_weakening_risk",watchlist,11.17,16.17,5732.51,-12.58,"[37.94, 16.41]","[6, 17]",0.9,36.0,365
MOSCHIP.NS,Moschip Technologies Limited,Technology,Technology,Technology,False,Cash,1,Failed Stage 2,Stage 3,Failed Stage 2,0.72,"This stock was recently Stage 2, but the latest structure no longer satisfies Stage 2 rules. It is kept as Failed Stage 2 until a fresh base/repair structure forms.",Recent Stage 2 break; public stage held as Failed Stage 2.,2026-09-28,2026-09-08,,Failed Stage 2,7.6,Strong,Volume Drying Up,Volume Drying Up (0.40x vs 10W Avg),1.12,Outperformed Nifty by 1.12% in 3 Months,False,1.12,22.55,292224649.48,0.66,0.5,0.4,True,True,"Stage 3, Early, volume_dryup, weekly_volume_dryup, flags=Wide Risk;Low Liquidity, distribution_or_weakening_risk | Stage 2 failed state applied from stage memory.",watchlist,11.08,16.08,224.39,-10.78,"[21.26, 8.76]","[9, 24]",0.9,44.0,366
PNB.NS,Punjab National Bank,Banks - Regional,Financial Services,Financial Services,True,F&O,1,Not Sure,Stage 3,Pending Stage 3,0.55,Blocked public stage jump Stage 1 -> Stage 3; waiting for intermediate/confirmed structure.,Blocked public stage jump Stage 1 -> Stage 3; waiting for intermediate/confirmed structure.,,,Stage 3,Not Sure - Unclear,31.33,Strong,Volume Drying Up,Volume Drying Up (0.73x vs 10W Avg),10.43,Outperformed Nifty by 10.43% in 3 Months,False,10.43,13.16,1428691836.78,0.97,1.21,0.73,False,True,"Stage 3, Early, weekly_vcp_ok, weekly_volume_dryup, weekly_strong, flags=Low Liquidity, distribution_or_weakening_risk | Blocked public stage jump Stage 1 -> Stage 3; waiting for intermediate/confirmed structure.",watchlist,14.74,15.74,119.5,-5.77,"[14.79, 8.85, 5.31]","[18, 14, 13]",0.95,93.0,367
CEMPRO.NS,Cemindia Projects Limited,Engineering & Construction,Industrials,Industrials,False,Cash,1,Failed Stage 2,Stage 3,Failed Stage 2,0.72,"This stock was recently Stage 2, but the latest structure no longer satisfies Stage 2 rules. It is kept as Failed Stage 2 until a fresh base/repair structure forms.",Recent Stage 2 break; public stage held as Failed Stage 2.,2026-09-28,2026-09-24,,Failed Stage 2,6.12,Neutral,Volume Drying Up,Volume Drying Up (0.45x vs 10W Avg),-9.35,Underperformed Nifty by 9.35% in 3 Months,False,-9.35,129.87,290300334.96,0.56,0.52,0.45,True,True,"Stage 3, Early, volume_dryup, weekly_volume_dryup, flags=Wide Base;Loose Structure;Wide Risk;Low Liquidity, distribution_or_weakening_risk | Stage 2 failed state applied from stage memory.",watchlist,15.7,15.7,1363.7,-10.21,"[30.04, 11.55, 11.73]","[14, 10, 6]",0.95,40.0,368
MAITHANALL.NS,Maithan Alloys Limited,Steel,Basic Materials,Basic Materials,False,Cash,1,Failed Stage 2,Stage 3,Failed Stage 2,0.72,"This stock was recently Stage 2, but the latest structure no longer satisfies Stage 2 rules. It is kept as Failed Stage 2 until a fresh base/repair structure forms.",Recent Stage 2 break; public stage held as Failed Stage 2.,2026-09-28,2026-09-14,,Failed Stage 2,0.0,Weak,Volume Drying Up,Volume Drying Up (0.81x vs 10W Avg),-1.87,Underperformed Nifty by 1.87% in 3 Months,False,-1.87,7.52,173997246.59,0.87,0.44,0.81,False,True,"Stage 3, Early, weekly_volume_dryup, flags=Wide Risk;Low Liquidity, distribution_or_weakening_risk | Stage 2 failed state applied from stage memory.",watchlist,10.58,15.58,1202.9,-21.94,"[10.61, 8.56, 4.82]","[12, 15, 16]",0.95,83.0,369
PURVA.NS,Puravankara Limited,Real Estate,Real Estate,Real Estate,False,Cash,1,Stage 3,Stage 3,Early,0.68,"Prior strength has shifted into a Stage 3 transition based on trend, relative strength, and volume evidence.",,,,,Stage 3 Early,10.57,Strong,Volume Drying Up,Volume Drying Up (0.15x vs 10W Avg),2.68,Outperformed Nifty by 2.68% in 3 Months,False,2.68,21.73,254155495.11,0.31,0.05,0.15,True,True,"Stage 3, Early, weekly_vcp_ok, volume_dryup, weekly_volume_dryup, flags=Wide Weekly Base;Wide Risk;Low Liquidity, distribution_or_weakening_risk",watchlist,14.24,15.24,262.26,-19.93,"[20.77, 11.88]","[17, 64]",0.9,86.0,370
FIVESTAR.NS,Five-Star Business Finance Limited,Credit Services,Financial Services,Financial Services,False,Cash,1,Stage 2,Stage 2,Advancing,0.8,Price is above constructive weekly and long-term trend structure with improving relative strength.,,,2026-09-25,,Stage 2 - Advancing,29.91,Strong,Volume Normal,Volume Normal (1.34x vs 10W Avg),0.75,Outperformed Nifty by 0.75% in 3 Months,False,0.75,46.75,332682910.81,1.13,0.61,1.34,False,False,"Stage 2, Advancing, weekly_vcp_ok, weekly_strong, flags=Wide Weekly Base;Wider Risk;Low Liquidity",watchlist,14.23,15.23,572.53,-9.46,[6.93],[47],0.0,47.0,371
HBLENGINE.NS,HBL Engineering Limited,Electrical Equipment & Parts,Industrials,Industrials,False,Cash,1,Stage 1,Stage 1,Stage 1,0.68,Price is building a base around long-term weekly structure without a confirmed advancing phase.,,,,,Stage 1,15.71,Strong,Volume Expanding,Volume Expanding (1.81x vs 10W Avg),0.61,Outperformed Nifty by 0.61% in 3 Months,False,0.61,20.14,2026974547.11,1.65,2.06,1.81,False,False,"Stage 1, Stage 1, flags=Wider Risk;Low Liquidity, stage1_not_actionable, stage1_needs_more_base",watchlist,10.23,15.23,773.08,1.63,"[18.9, 10.87]","[21, 9]",0.9,49.0,372
INDIANB.NS,Indian Bank,Banks - Regional,Financial Services,Financial Services,True,F&O,1,Failed Stage 2,Stage 1,Failed Stage 2,0.72,"This stock was recently Stage 2, but the latest structure no longer satisfies Stage 2 rules. It is kept as Failed Stage 2 until a fresh base/repair structure forms.",Recent Stage 2 break; public stage held as Failed Stage 2.,2026-09-28,2026-09-07,,Failed Stage 2,22.54,Weak,Volume Drying Up,Volume Drying Up (0.64x vs 10W Avg),3.55,Outperformed Nifty by 3.55% in 3 Months,False,3.55,-3.48,819968813.22,0.67,0.82,0.64,True,True,"Stage 1, Stage 1, weekly_vcp_ok, volume_dryup, weekly_volume_dryup, weekly_strong, flags=Wider Risk;Low Liquidity, stage1_not_actionable, stage1_needs_more_base | Stage 2 failed state applied from stage memory.",watchlist,13.9,14.9,906.84,-11.51,"[19.94, 13.07, 6.9, 4.62]","[20, 14, 10, 7]",1.0,93.0,373
PTC.NS,PTC India Limited,Utilities,Utilities,Utilities,False,Cash,1,Stage 1,Stage 1,Stage 1,0.64,Price is building a base around long-term weekly structure without a confirmed advancing phase.,,,2026-08-11,,Stage 1,21.33,Strong,Volume Drying Up,Volume Drying Up (0.48x vs 10W Avg),3.61,Outperformed Nifty by 3.61% in 3 Months,False,3.61,7.97,185519271.82,0.59,0.74,0.48,True,True,"Stage 1, Stage 1, weekly_vcp_ok, volume_dryup, weekly_volume_dryup, weekly_strong, flags=Wide Risk;Low Liquidity, stage1_not_actionable, stage1_needs_more_base",watchlist,14.86,14.86,181.42,-14.63,"[21.15, 16.98, 17.03]","[17, 28, 16]",0.95,82.0,374
SPARC.NS,Sun Pharma Advanced Research Company Limited,Drug Manufacturers - Specialty & Generic,Healthcare,Healthcare,False,Cash,1,Failed Stage 2,Stage 1,Failed Stage 2,0.72,"This stock was recently Stage 2, but the latest structure no longer satisfies Stage 2 rules. It is kept as Failed Stage 2 until a fresh base/repair structure forms.",Recent Stage 2 break; public stage held as Failed Stage 2.,2026-09-28,2026-09-25,,Failed Stage 2,7.6,Neutral,Volume Normal,Volume Normal (1.46x vs 10W Avg),-10.13,Underperformed Nifty by 10.13% in 3 Months,False,-10.13,65.77,194785801.23,1.08,1.42,1.46,False,False,"Stage 1, Stage 1, flags=Wide Risk;Low Liquidity, stage1_not_actionable, stage1_needs_more_base | Stage 2 failed state applied from stage memory.",watchlist,9.74,14.74,289.51,-29.93,"[13.08, 13.88, 13.29]","[7, 8, 13]",0.55,64.0,375
TEXRAIL.NS,Texmaco Rail & Engineering Limited,Industrials,Industrials,Industrials,False,Cash,1,Stage 1,Stage 1,Stage 1,0.68,Price is building a base around long-term weekly structure without a confirmed advancing phase.,,,,,Stage 1,32.33,Very Strong,Volume Expanding,Volume Expanding (2.26x vs 10W Avg),15.35,Outperformed Nifty by 15.35% in 3 Months,False,15.35,40.48,402664763.28,1.53,0.78,2.26,False,False,"Stage 1, Stage 1, stage1_base_ready, weekly_vcp_ok, weekly_strong, flags=Wide Weekly Base;Wide Risk;Low Liquidity, stage1_not_actionable",watchlist,14.45,14.45,123.11,0.02,"[23.25, 13.47, 11.36, 12.92]","[13, 13, 11, 7]",0.73,89.0,376
PRUDENT.NS,Prudent Corporate Advisory Services Limited,Asset Management,Financial Services,Financial Services,False,Cash,1,Failed Stage 2,Stage 3,Failed Stage 2,0.72,"This stock was recently Stage 2, but the latest structure no longer satisfies Stage 2 rules. It is kept as Failed Stage 2 until a fresh base/repair structure forms.",Recent Stage 2 break; public stage held as Failed Stage 2.,2026-09-28,2026-09-24,,Failed Stage 2,14.28,Strong,Volume Drying Up,Volume Drying Up (0.67x vs 10W Avg),10.82,Outperformed Nifty by 10.82% in 3 Months,False,10.82,42.58,104317442.46,0.66,0.94,0.67,True,True,"Stage 3, Late, weekly_vcp_ok, volume_dryup, weekly_volume_dryup, weekly_strong, flags=Wide Risk;Low Liquidity, distribution_or_weakening_risk | Stage 2 failed state applied from stage memory.",watchlist,14.42,14.42,4112.68,-22.89,"[12.75, 10.36]","[22, 8]",0.9,56.0,377
MAYURUNIQ.NS,Mayur Uniquoters Ltd,Textile Manufacturing,Consumer Cyclical,Consumer Cyclical,False,Cash,1,Failed Stage 2,Stage 3,Failed Stage 2,0.72,"This stock was recently Stage 2, but the latest structure no longer satisfies Stage 2 rules. It is kept as Failed Stage 2 until a fresh base/repair structure forms.",Recent Stage 2 break; public stage held as Failed Stage 2.,2026-09-28,2026-09-21,,Failed Stage 2,7.82,Neutral,Volume Normal,Volume Normal (0.86x vs 10W Avg),-13.13,Underperformed Nifty by 13.13% in 3 Months,False,-13.13,41.68,84839324.08,1.03,0.64,0.86,False,True,"Stage 3, Early, weekly_volume_dryup, flags=Wide Risk;Low Liquidity, distribution_or_weakening_risk | Stage 2 failed state applied from stage memory.",watchlist,9.31,14.31,832.83,-13.9,"[16.04, 13.83, 11.79]","[10, 17, 12]",0.95,46.0,378
ARE&M.NS,Amara Raja Energy & Mobility Limited,Electrical Equipment & Parts,Industrials,Industrials,False,Cash,1,Stage 3,Stage 3,Early,0.68,"Prior strength has shifted into a Stage 3 transition based on trend, relative strength, and volume evidence.",,,2026-09-02,,Stage 3 Early,12.96,Weak,Volume Drying Up,Volume Drying Up (0.48x vs 10W Avg),-4.53,Underperformed Nifty by 4.53% in 3 Months,False,-4.53,9.34,334016320.96,0.55,0.91,0.48,True,True,"Stage 3, Early, weekly_vcp_ok, volume_dryup, weekly_volume_dryup, weekly_strong, flags=Wide Risk;Low Liquidity, distribution_or_weakening_risk",watchlist,9.28,14.28,1019.08,-23.96,"[17.14, 14.13, 6.48, 7.06]","[17, 9, 5, 6]",0.73,68.0,379
NESTLEIND.NS,Nestle India Limited,Packaged Foods,Consumer Defensive,Consumer Defensive,True,F&O,1,Stage 1,Stage 1,Stage 1,0.64,Price is building a base around long-term weekly structure without a confirmed advancing phase.,,,2026-09-01,,Stage 1,7.47,Neutral,Volume Drying Up,Volume Drying Up (0.38x vs 10W Avg),-1.38,Underperformed Nifty by 1.38% in 3 Months,False,-1.38,15.79,1500579176.03,0.65,0.55,0.38,True,True,"Stage 1, Stage 1, volume_dryup, weekly_volume_dryup, flags=Wide Risk;Low Liquidity, stage1_not_actionable, stage1_needs_more_base",watchlist,14.27,14.27,1555.72,-13.48,"[8.68, 4.79]","[16, 8]",0.9,49.0,380
GMRP&UI.NS,GMR Power and Urban Infra Limited,Energy,Energy,Energy,False,Cash,1,Not Sure,Not Sure,Not Sure,0.0,Stage rules did not identify a reliable structure.,No confident stage classification.,,,,Not Sure - Unclear,24.63,Strong,Volume Expanding,Volume Expanding (2.13x vs 10W Avg),6.86,Outperformed Nifty by 6.86% in 3 Months,False,6.86,5.4,153979643.3,1.44,1.45,2.13,False,False,"Not Sure, Unclear, weekly_vcp_ok, weekly_strong, flags=Wider Risk;Low Liquidity",watchlist,11.71,14.21,103.18,-1.24,"[15.63, 10.4]","[45, 7]",0.9,55.0,381
TARC.NS,TARC Limited,Real Estate,Real Estate,Real Estate,False,Cash,1,Stage 3,Stage 3,Early,0.68,"Prior strength has shifted into a Stage 3 transition based on trend, relative strength, and volume evidence.",,,,,Stage 3 Early,29.79,Strong,Volume Drying Up,Volume Drying Up (0.32x vs 10W Avg),5.65,Outperformed Nifty by 5.65% in 3 Months,False,5.65,15.65,71733049.64,0.41,0.37,0.32,True,True,"Stage 3, Early, weekly_vcp_ok, volume_dryup, weekly_volume_dryup, weekly_strong, flags=Wide Weekly Base;Wider Risk, distribution_or_weakening_risk",watchlist,13.2,14.2,136.49,-7.3,"[19.17, 16.9]","[10, 23]",0.9,39.0,382
GUJALKALI.NS,Gujarat Alkalies and Chemicals Limited,Chemicals,Basic Materials,Basic Materials,False,Cash,1,Failed Stage 2,Stage 3,Failed Stage 2,0.72,"This stock was recently Stage 2, but the latest structure no longer satisfies Stage 2 rules. It is kept as Failed Stage 2 until a fresh base/repair structure forms.",Recent Stage 2 break; public stage held as Failed Stage 2.,2026-09-28,2026-09-18,,Failed Stage 2,5.74,Weak,Volume Drying Up,Volume Drying Up (0.36x vs 10W Avg),6.71,Outperformed Nifty by 6.71% in 3 Months,False,6.71,5.42,73929605.99,0.73,0.42,0.36,True,True,"Stage 3, Early, volume_dryup, weekly_volume_dryup, flags=Wide Risk;Low Liquidity, distribution_or_weakening_risk | Stage 2 failed state applied from stage memory.",watchlist,11.7,14.2,741.33,-18.23,"[13.63, 8.83]","[79, 12]",0.9,102.0,383
NMDC.NS,NMDC Limited,Steel,Basic Materials,Basic Materials,True,F&O,1,Not Sure,Stage 4,Pending Stage 4,0.55,Blocked public stage jump Stage 1 -> Stage 4; waiting for intermediate/confirmed structure.,Blocked public stage jump Stage 1 -> Stage 4; waiting for intermediate/confirmed structure.,,2026-09-01,Stage 4,Not Sure - Unclear,0.66,Weak,Volume Drying Up,Volume Drying Up (0.79x vs 10W Avg),-4.41,Underperformed Nifty by 4.41% in 3 Months,False,-4.41,1.43,938785021.58,0.73,1.65,0.79,True,True,"Stage 4, Stage 4, volume_dryup, weekly_volume_dryup, flags=Wide Risk;Low Liquidity, downtrend | Blocked public stage jump Stage 1 -> Stage 4; waiting for intermediate/confirmed structure.",watchlist,9.08,14.08,92.13,-15.96,"[6.89, 7.04]","[9, 7]",0.9,78.0,384
BLACKBUCK.NS,BLACKBUCK LIMITED,Software - Application,Technology,Technology,False,Cash,1,Stage 1,Stage 1,Stage 1,0.68,Price is building a base around long-term weekly structure without a confirmed advancing phase.,,,,,Stage 1,30.88,Strong,Volume Normal,Volume Normal (1.27x vs 10W Avg),14.29,Outperformed Nifty by 14.29% in 3 Months,False,14.29,7.1,512660809.54,1.48,0.55,1.27,False,False,"Stage 1, Stage 1, stage1_base_ready, weekly_vcp_ok, weekly_strong, flags=Wider Risk;Low Liquidity, stage1_not_actionable",watchlist,11.56,14.06,643.02,-6.5,"[13.36, 11.19]","[12, 8]",0.9,37.0,385
LICHSGFIN.NS,LIC Housing Finance Limited,Mortgage Finance,Financial Services,Financial Services,True,F&O,1,Failed Stage 2,Stage 1,Failed Stage 2,0.72,"This stock was recently Stage 2, but the latest structure no longer satisfies Stage 2 rules. It is kept as Failed Stage 2 until a fresh base/repair structure forms.",Recent Stage 2 break; public stage held as Failed Stage 2.,2026-09-28,2026-09-25,,Failed Stage 2,21.6,Very Strong,Volume Drying Up,Volume Drying Up (0.82x vs 10W Avg),9.19,Outperformed Nifty by 9.19% in 3 Months,False,9.19,13.48,1891315788.58,1.07,0.83,0.82,False,True,"Stage 1, Stage 1, stage1_base_ready, weekly_vcp_ok, weekly_volume_dryup, flags=Wider Risk;Low Liquidity, stage1_not_actionable | Stage 2 failed state applied from stage memory.",watchlist,14.04,14.04,579.4,-2.63,"[11.08, 8.6]","[18, 8]",0.9,35.0,386
FUSION.NS,Fusion Finance Limited,Credit Services,Financial Services,Financial Services,False,Cash,1,Failed Stage 2,Stage 3,Failed Stage 2,0.72,"This stock was recently Stage 2, but the latest structure no longer satisfies Stage 2 rules. It is kept as Failed Stage 2 until a fresh base/repair structure forms.",Recent Stage 2 break; public stage held as Failed Stage 2.,2026-09-28,2026-09-14,,Failed Stage 2,11.32,Weak,Volume Drying Up,Volume Drying Up (0.46x vs 10W Avg),-15.37,Underperformed Nifty by 15.37% in 3 Months,False,-15.37,18.76,96915078.59,0.58,0.5,0.46,True,True,"Stage 3, Early, weekly_vcp_ok, volume_dryup, weekly_volume_dryup, weekly_strong, flags=Loose Structure;Wide Risk;Low Liquidity, distribution_or_weakening_risk | Stage 2 failed state applied from stage memory.",watchlist,13.04,14.04,243.43,-29.37,"[27.59, 18.84, 15.79]","[25, 13, 5]",0.95,73.0,387
AMBER.NS,Amber Enterprises India Limited,"Furnishings, Fixtures & Appliances",Consumer Cyclical,Consumer Cyclical,True,F&O,1,Stage 3,Stage 3,Early,0.68,"Prior strength has shifted into a Stage 3 transition based on trend, relative strength, and volume evidence.",,,2026-08-31,,Stage 3 Early,17.93,Neutral,Volume Drying Up,Volume Drying Up (0.41x vs 10W Avg),-0.48,Underperformed Nifty by 0.48% in 3 Months,False,-0.48,13.54,758138026.8,0.46,0.67,0.41,True,True,"Stage 3, Early, weekly_vcp_ok, volume_dryup, weekly_volume_dryup, weekly_strong, flags=Wide Risk;Low Liquidity, distribution_or_weakening_risk",watchlist,14.01,14.01,8218.0,-14.94,"[22.69, 14.13, 12.41]","[9, 19, 13]",0.95,94.0,388
HONAUT.NS,Honeywell Automation India Limited,Electrical Equipment & Parts,Industrials,Industrials,False,Cash,1,Failed Stage 2,Stage 3,Failed Stage 2,0.72,"This stock was recently Stage 2, but the latest structure no longer satisfies Stage 2 rules. It is kept as Failed Stage 2 until a fresh base/repair structure forms.",Recent Stage 2 break; public stage held as Failed Stage 2.,2026-09-28,2026-09-08,,Failed Stage 2,30.29,Weak,Volume Drying Up,Volume Drying Up (0.50x vs 10W Avg),-9.28,Underperformed Nifty by 9.28% in 3 Months,False,-9.28,31.23,123189478.25,0.78,0.67,0.5,True,True,"Stage 3, Early, weekly_vcp_ok, volume_dryup, weekly_volume_dryup, weekly_strong, flags=Wider Risk, distribution_or_weakening_risk | Stage 2 failed state applied from stage memory.",watchlist,8.75,13.75,37255.08,-9.13,"[7.82, 6.26]","[5, 6]",0.9,17.0,389
BASF.NS,BASF India Limited,Specialty Chemicals,Basic Materials,Basic Materials,False,Cash,1,Stage 1,Stage 1,Stage 1,0.64,Price is building a base around long-term weekly structure without a confirmed advancing phase.,,,,,Stage 1,17.66,Neutral,Volume Drying Up,Volume Drying Up (0.30x vs 10W Avg),1.86,Outperformed Nifty by 1.86% in 3 Months,False,1.86,8.55,71241094.71,0.47,0.81,0.3,True,True,"Stage 1, Stage 1, weekly_vcp_ok, volume_dryup, weekly_volume_dryup, weekly_strong, flags=Wide Risk;Low Liquidity, stage1_not_actionable, stage1_needs_more_base",watchlist,11.22,13.72,4257.44,-17.89,"[20.72, 11.25]","[24, 11]",0.9,43.0,390
NHPC.NS,NHPC Limited,Utilities - Renewable,Utilities,Utilities,True,F&O,1,Stage 1,Stage 1,Stage 1,0.64,Price is building a base around long-term weekly structure without a confirmed advancing phase.,,,,,Stage 1,22.76,Neutral,Volume Drying Up,Volume Drying Up (0.66x vs 10W Avg),-2.2,Underperformed Nifty by 2.2% in 3 Months,False,-2.2,1.43,747756660.38,0.87,0.6,0.66,False,True,"Stage 1, Stage 1, weekly_vcp_ok, weekly_volume_dryup, weekly_strong, flags=Wider Risk;Low Liquidity, stage1_not_actionable, stage1_needs_more_base",watchlist,13.42,13.42,82.77,-10.0,"[12.58, 12.33, 9.69]","[13, 9, 41]",0.95,88.0,391
TANLA.NS,Tanla Platforms Limited,Software - Application,Technology,Technology,False,Cash,1,Stage 4,Stage 4,Stage 4,0.86,Price is below the 30-week trend and below long-term support structure.,,,2026-08-25,,Stage 4,1.64,Neutral,Volume Drying Up,Volume Drying Up (0.34x vs 10W Avg),-1.62,Underperformed Nifty by 1.62% in 3 Months,False,-1.62,21.21,194381199.32,0.34,1.6,0.34,True,True,"Stage 4, Stage 4, volume_dryup, weekly_volume_dryup, flags=Wide Risk;Low Liquidity, downtrend",watchlist,10.67,13.17,646.73,-23.11,"[18.51, 8.76, 4.19]","[7, 7, 16]",0.95,45.0,392
SHAKTIPUMP.NS,Shakti Pumps (India) Limited,Specialty Industrial Machinery,Industrials,Industrials,False,Cash,1,Stage 4,Stage 4,Stage 4,0.86,Price is below the 30-week trend and below long-term support structure.,,,,,Stage 4,6.78,Weak,Volume Drying Up,Volume Drying Up (0.51x vs 10W Avg),-13.77,Underperformed Nifty by 13.77% in 3 Months,False,-13.77,-3.75,535220141.43,0.67,0.48,0.51,True,True,"Stage 4, Stage 4, weekly_vcp_ok, volume_dryup, weekly_volume_dryup, weekly_strong, flags=Wide Weekly Base;Wide Risk;Low Liquidity, downtrend",watchlist,7.98,12.98,621.79,-25.19,"[19.29, 17.51, 11.74]","[7, 16, 18]",0.95,94.0,393
ELECTCAST.NS,Electrosteel Castings Limited,Building Products & Equipment,Industrials,Industrials,False,Cash,1,Failed Stage 2,Stage 1,Failed Stage 2,0.72,"This stock was recently Stage 2, but the latest structure no longer satisfies Stage 2 rules. It is kept as Failed Stage 2 until a fresh base/repair structure forms.",Recent Stage 2 break; public stage held as Failed Stage 2.,2026-09-28,2026-09-14,,Failed Stage 2,12.03,Weak,Volume Expanding,Volume Expanding (2.65x vs 10W Avg),-1.23,Underperformed Nifty by 1.23% in 3 Months,False,-1.23,-6.14,201597094.57,1.43,8.58,2.65,False,False,"Stage 1, Stage 1, weekly_vcp_ok, flags=Wide Risk;Low Liquidity, stage1_not_actionable, stage1_needs_more_base | Stage 2 failed state applied from stage memory.",watchlist,12.92,12.92,87.93,-17.72,"[28.05, 18.91]","[26, 24]",0.9,57.0,394
VTL.NS,Vardhman Textiles Limited,Textile Manufacturing,Consumer Cyclical,Consumer Cyclical,False,Cash,1,Stage 4,Stage 4,Stage 4,0.66,Price is below weekly structure.,,,2026-08-27,,Stage 4,0.87,Weak,Volume Drying Up,Volume Drying Up (0.72x vs 10W Avg),-12.0,Underperformed Nifty by 12.0% in 3 Months,False,-12.0,3.85,998004055.5,0.53,0.23,0.72,True,True,"Stage 4, Stage 4, volume_dryup, weekly_volume_dryup, flags=Wide Risk;Low Liquidity, downtrend",watchlist,7.8,12.8,683.41,-20.9,"[11.86, 12.03]","[17, 22]",0.9,83.0,395
360ONE.NS,360 ONE WAM LIMITED,Asset Management,Financial Services,Financial Services,True,F&O,1,Stage 3,Stage 3,Early,0.68,"Prior strength has shifted into a Stage 3 transition based on trend, relative strength, and volume evidence.",,,2026-09-03,,Stage 3 Early,6.19,Neutral,Volume Normal,Volume Normal (1.49x vs 10W Avg),2.77,Outperformed Nifty by 2.77% in 3 Months,False,2.77,14.81,978078516.33,1.1,0.67,1.49,False,False,"Stage 3, Early, flags=Wide Risk;Low Liquidity, distribution_or_weakening_risk",watchlist,12.72,12.72,1225.04,-14.7,"[10.35, 9.13, 8.97, 7.71]","[7, 24, 12, 13]",1.0,68.0,396
TATASTEEL.NS,Tata Steel Limited,Steel,Basic Materials,Basic Materials,True,F&O,1,Stage 1,Stage 1,Stage 1,0.64,Price is building a base around long-term weekly structure without a confirmed advancing phase.,,,,,Stage 1,7.01,Strong,Volume Drying Up,Volume Drying Up (0.84x vs 10W Avg),4.38,Outperformed Nifty by 4.38% in 3 Months,False,4.38,0.2,4702657312.68,0.95,0.51,0.84,False,True,"Stage 1, Stage 1, weekly_volume_dryup, flags=Wide Risk;Low Liquidity, stage1_not_actionable, stage1_needs_more_base",watchlist,7.71,12.71,214.91,-13.31,"[15.99, 6.26, 7.05, 5.24]","[33, 10, 6, 14]",0.73,88.0,397
NH.NS,Narayana Hrudayalaya Ltd.,Medical Care Facilities,Healthcare,Healthcare,False,Cash,1,Stage 3,Stage 3,Late,0.76,"Prior strength has shifted into a Stage 3 transition based on trend, relative strength, and volume evidence.",,,2026-07-31,,Stage 3 Late,0.0,Neutral,Volume Drying Up,Volume Drying Up (0.36x vs 10W Avg),-3.05,Underperformed Nifty by 3.05% in 3 Months,False,-3.05,14.51,327042579.17,0.59,0.68,0.36,True,True,"Stage 3, Late, volume_dryup, weekly_volume_dryup, flags=Wide Risk;Low Liquidity, distribution_or_weakening_risk",watchlist,11.66,12.66,2096.56,-13.19,"[12.91, 7.11]","[33, 11]",0.9,53.0,398
COHANCE.NS,Cohance Lifesciences Limited,Drug Manufacturers - Specialty & Generic,Healthcare,Healthcare,False,Cash,1,Stage 1,Stage 1,Stage 1,0.68,Price is building a base around long-term weekly structure without a confirmed advancing phase.,,,,,Stage 1,13.18,Strong,Volume Drying Up,Volume Drying Up (0.58x vs 10W Avg),5.26,Outperformed Nifty by 5.26% in 3 Months,False,5.26,49.79,549001178.65,1.29,0.44,0.58,False,True,"Stage 1, Stage 1, weekly_volume_dryup, flags=Wider Risk;Low Liquidity, stage1_not_actionable, stage1_needs_more_base",watchlist,7.63,12.63,484.0,-6.34,"[14.2, 13.24, 14.01]","[11, 5, 19]",0.55,61.0,399
HCLTECH.NS,HCL Technologies Limited,Information Technology Services,Technology,Technology,True,F&O,1,Not Sure,Not Sure,Not Sure,0.0,Stage rules did not identify a reliable structure.,No confident stage classification.,,,,Not Sure - Unclear,7.72,Strong,Volume Drying Up,Volume Drying Up (0.84x vs 10W Avg),22.48,Outperformed Nifty by 22.48% in 3 Months,False,22.48,-5.77,2915326332.63,1.04,1.06,0.84,False,True,"Not Sure, Unclear, weekly_volume_dryup, flags=Wide Risk;Low Liquidity",watchlist,12.62,12.62,1379.8,-9.22,"[23.76, 18.06, 12.6]","[21, 21, 8]",0.95,107.0,400
ENRIN.NS,Siemens Energy India Limited,Utilities - Renewable,Utilities,Utilities,False,Cash,1,Failed Stage 2,Stage 3,Failed Stage 2,0.72,"This stock was recently Stage 2, but the latest structure no longer satisfies Stage 2 rules. It is kept as Failed Stage 2 until a fresh base/repair structure forms.",Recent Stage 2 break; public stage held as Failed Stage 2.,2026-09-28,2026-09-25,,Failed Stage 2,7.9,Strong,Volume Drying Up,Volume Drying Up (0.68x vs 10W Avg),-5.05,Underperformed Nifty by 5.05% in 3 Months,False,-5.05,24.35,1099260619.97,0.68,0.8,0.68,True,True,"Stage 3, Early, volume_dryup, weekly_volume_dryup, flags=Wide Risk;Low Liquidity, distribution_or_weakening_risk | Stage 2 failed state applied from stage memory.",watchlist,12.59,12.59,3741.54,-14.77,"[21.35, 20.54]","[27, 28]",0.9,61.0,401
TRITURBINE.NS,Triveni Turbine Limited,Specialty Industrial Machinery,Industrials,Industrials,False,Cash,1,Stage 3,Stage 3,Early,0.68,"Prior strength has shifted into a Stage 3 transition based on trend, relative strength, and volume evidence.",,,2026-08-10,,Stage 3 Early,0.0,Weak,Volume Drying Up,Volume Drying Up (0.48x vs 10W Avg),-11.63,Underperformed Nifty by 11.63% in 3 Months,False,-11.63,22.43,250607630.65,0.83,0.61,0.48,True,True,"Stage 3, Early, volume_dryup, weekly_volume_dryup, flags=Wide Risk;Low Liquidity, distribution_or_weakening_risk",watchlist,7.57,12.57,747.72,-26.22,"[19.04, 20.56, 14.23, 11.61]","[9, 15, 8, 14]",0.73,78.0,402
BANKINDIA.NS,Bank of India,Banks - Regional,Financial Services,Financial Services,True,F&O,1,Stage 4,Stage 4,Stage 4,0.66,Price is below weekly structure.,,,2026-08-27,,Stage 4,17.07,Weak,Volume Drying Up,Volume Drying Up (0.71x vs 10W Avg),-5.22,Underperformed Nifty by 5.22% in 3 Months,False,-5.22,-1.28,642453375.1,0.78,2.14,0.71,True,True,"Stage 4, Stage 4, weekly_vcp_ok, volume_dryup, weekly_volume_dryup, weekly_strong, flags=Wide Risk;Low Liquidity, downtrend",watchlist,11.46,12.46,149.33,-12.95,"[11.56, 11.25, 9.18]","[20, 17, 5]",0.95,69.0,403
CARRARO.NS,Carraro India Limited,Auto Parts,Consumer Cyclical,Consumer Cyclical,False,Cash,1,Failed Stage 2,Stage 3,Failed Stage 2,0.72,"This stock was recently Stage 2, but the latest structure no longer satisfies Stage 2 rules. It is kept as Failed Stage 2 until a fresh base/repair structure forms.",Recent Stage 2 break; public stage held as Failed Stage 2.,2026-09-28,2026-09-25,,Failed Stage 2,11.9,Strong,Volume Drying Up,Volume Drying Up (0.77x vs 10W Avg),1.39,Outperformed Nifty by 1.39% in 3 Months,False,1.39,15.74,55861868.22,0.92,0.47,0.77,False,True,"Stage 3, Late, weekly_vcp_ok, weekly_volume_dryup, weekly_strong, flags=Wider Risk;Low Liquidity, distribution_or_weakening_risk | Stage 2 failed state applied from stage memory.",watchlist,9.69,12.19,572.58,-8.54,"[14.74, 7.64]","[11, 29]",0.9,61.0,404
NATIONALUM.NS,National Aluminium Company Limited,Basic Materials,Basic Materials,Basic Materials,True,F&O,1,Not Sure,Stage 3,Pending Stage 3,0.55,Blocked public stage jump Stage 1 -> Stage 3; waiting for intermediate/confirmed structure.,Blocked public stage jump Stage 1 -> Stage 3; waiting for intermediate/confirmed structure.,,2026-08-31,Stage 3,Not Sure - Unclear,16.83,Weak,Volume Drying Up,Volume Drying Up (0.68x vs 10W Avg),10.41,Outperformed Nifty by 10.41% in 3 Months,False,10.41,-10.23,1599848514.31,0.65,1.53,0.68,True,True,"Stage 3, Early, weekly_vcp_ok, volume_dryup, weekly_volume_dryup, weekly_strong, flags=Wide Risk;Low Liquidity, distribution_or_weakening_risk | Blocked public stage jump Stage 1 -> Stage 3; waiting for intermediate/confirmed structure.",watchlist,12.18,12.18,421.87,-17.27,"[21.23, 9.91]","[30, 10]",0.9,54.0,405
MAXHEALTH.NS,Max Healthcare Institute Limited,Medical Care Facilities,Healthcare,Healthcare,True,F&O,1,Stage 3,Stage 3,Early,0.68,"Prior strength has shifted into a Stage 3 transition based on trend, relative strength, and volume evidence.",,,,,Stage 3 Early,15.91,Neutral,Volume Normal,Volume Normal (1.04x vs 10W Avg),-6.03,Underperformed Nifty by 6.03% in 3 Months,False,-6.03,8.32,1908693488.85,0.98,1.48,1.04,False,False,"Stage 3, Early, weekly_vcp_ok, weekly_strong, flags=Wide Risk;Low Liquidity, distribution_or_weakening_risk",watchlist,11.05,12.05,1169.94,-14.52,"[17.21, 13.7, 6.53]","[8, 18, 5]",0.95,77.0,406
ADANIPOWER.NS,Adani Power Limited,Utilities,Utilities,Utilities,True,F&O,1,Failed Stage 2,Stage 3,Failed Stage 2,0.72,"This stock was recently Stage 2, but the latest structure no longer satisfies Stage 2 rules. It is kept as Failed Stage 2 until a fresh base/repair structure forms.",Recent Stage 2 break; public stage held as Failed Stage 2.,2026-09-28,2026-09-10,,Failed Stage 2,6.94,Weak,Volume Drying Up,Volume Normal (0.97x vs 10W Avg),-7.55,Underperformed Nifty by 7.55% in 3 Months,False,-7.55,24.87,3387749304.48,0.84,1.19,0.97,True,False,"Stage 3, Early, volume_dryup, flags=Wide Risk;Low Liquidity, distribution_or_weakening_risk | Stage 2 failed state applied from stage memory.",watchlist,11.93,11.93,229.34,-14.48,"[15.5, 13.51]","[9, 34]",0.9,66.0,407
GICRE.NS,General Insurance Corporation of India,Financial Services,Financial Services,Financial Services,False,Cash,1,Stage 1,Stage 1,Stage 1,0.64,Price is building a base around long-term weekly structure without a confirmed advancing phase.,,,,,Stage 1,8.82,Neutral,Volume Drying Up,Volume Drying Up (0.48x vs 10W Avg),0.2,Outperformed Nifty by 0.2% in 3 Months,False,0.2,-7.39,341479226.38,0.59,0.48,0.48,True,True,"Stage 1, Stage 1, volume_dryup, weekly_volume_dryup, flags=Wider Risk;Low Liquidity, stage1_not_actionable, stage1_needs_more_base",watchlist,11.92,11.92,363.08,-9.3,"[13.76, 4.79]","[15, 7]",0.9,57.0,408
GMDCLTD.NS,Gujarat Mineral Development Corporation Limited,Energy,Energy,Energy,False,Cash,1,Stage 4,Stage 4,Stage 4,0.66,Price is below weekly structure.,,,,,Stage 4,0.0,Weak,Volume Drying Up,Volume Drying Up (0.58x vs 10W Avg),-7.65,Underperformed Nifty by 7.65% in 3 Months,False,-7.65,-6.53,518059333.25,0.63,0.8,0.58,True,True,"Stage 4, Stage 4, volume_dryup, weekly_volume_dryup, flags=Wide Risk;Low Liquidity, downtrend",watchlist,9.33,11.83,697.48,-25.12,"[19.03, 19.27, 11.8, 9.94]","[21, 24, 20, 5]",1.0,88.0,409
ASTERDM.NS,Aster DM Healthcare Limited,Medical Care Facilities,Healthcare,Healthcare,False,Cash,1,Failed Stage 2,Stage 1,Failed Stage 2,0.72,"This stock was recently Stage 2, but the latest structure no longer satisfies Stage 2 rules. It is kept as Failed Stage 2 until a fresh base/repair structure forms.",Recent Stage 2 break; public stage held as Failed Stage 2.,2026-09-28,2026-09-25,,Failed Stage 2,25.34,Neutral,Volume Drying Up,Volume Drying Up (0.34x vs 10W Avg),-0.41,Underperformed Nifty by 0.41% in 3 Months,False,-0.41,15.82,793499138.56,0.34,0.13,0.34,True,True,"Stage 1, Stage 1, weekly_vcp_ok, volume_dryup, weekly_volume_dryup, weekly_strong, flags=Wider Risk;Low Liquidity, stage1_not_actionable, stage1_needs_more_base | Stage 2 failed state applied from stage memory.",watchlist,10.65,11.65,800.2,-6.6,"[16.53, 8.73]","[10, 7]",0.9,27.0,410
NESCO.NS,Nesco Limited,Conglomerates,Industrials,Industrials,False,Cash,1,Not Sure,Stage 1,Pending Stage 1,0.55,Blocked public stage jump Stage 4 -> Stage 1; waiting for intermediate/confirmed structure.,Blocked public stage jump Stage 4 -> Stage 1; waiting for intermediate/confirmed structure.,,,Stage 1,Not Sure - Unclear,25.21,Strong,Volume Expanding,Volume Normal (1.06x vs 10W Avg),3.03,Outperformed Nifty by 3.03% in 3 Months,False,3.03,7.07,57166682.72,0.93,2.09,1.06,False,False,"Stage 1, Stage 1, weekly_vcp_ok, weekly_strong, flags=Wider Risk;Low Liquidity, stage1_not_actionable, stage1_needs_more_base | Blocked public stage jump Stage 4 -> Stage 1; waiting for intermediate/confirmed structure.",watchlist,11.56,11.56,1140.0,-4.7,"[14.63, 7.31]","[15, 19]",0.9,38.0,411
MGL.NS,Mahanagar Gas Limited,Utilities,Utilities,Utilities,False,Cash,1,Stage 3,Stage 3,Early,0.68,"Prior strength has shifted into a Stage 3 transition based on trend, relative strength, and volume evidence.",,,2026-08-24,,Stage 3 Early,22.62,Strong,Volume Drying Up,Volume Drying Up (0.63x vs 10W Avg),-1.68,Underperformed Nifty by 1.68% in 3 Months,False,-1.68,15.21,145027290.2,0.5,0.64,0.63,True,True,"Stage 3, Early, weekly_vcp_ok, volume_dryup, weekly_volume_dryup, weekly_strong, flags=Wider Risk;Low Liquidity, distribution_or_weakening_risk",watchlist,11.53,11.53,1173.2,-10.6,"[14.98, 8.46]","[23, 22]",0.9,51.0,412
GPIL.NS,Godawari Power And Ispat limited,Steel,Basic Materials,Basic Materials,False,Cash,1,Stage 4,Stage 4,Stage 4,0.86,Price is below the 30-week trend and below long-term support structure.,,,,,Stage 4,1.46,Weak,Volume Drying Up,Volume Drying Up (0.74x vs 10W Avg),-6.82,Underperformed Nifty by 6.82% in 3 Months,False,-6.82,-15.94,332006647.89,0.82,0.84,0.74,True,True,"Stage 4, Stage 4, volume_dryup, weekly_volume_dryup, flags=Wide Risk;Low Liquidity, downtrend",watchlist,6.53,11.53,256.0,-11.93,"[27.95, 9.76, 7.42]","[48, 10, 11]",0.95,75.0,413
SBFC.NS,SBFC Finance Limited,Credit Services,Financial Services,Financial Services,False,Cash,1,Stage 4,Stage 4,Stage 4,0.86,Price is below the 30-week trend and below long-term support structure.,,,,,Stage 4,12.08,Weak,Volume Drying Up,Volume Drying Up (0.49x vs 10W Avg),0.39,Outperformed Nifty by 0.39% in 3 Months,False,0.39,7.4,149157944.31,0.47,0.42,0.49,True,True,"Stage 4, Stage 4, weekly_vcp_ok, volume_dryup, weekly_volume_dryup, weekly_strong, flags=Wide Risk;Low Liquidity, downtrend",watchlist,10.38,11.38,104.39,-16.83,"[11.99, 8.24, 6.34, 4.42]","[6, 5, 16, 13]",1.0,77.0,414
STARHEALTH.NS,Star Health and Allied Insurance Company Limited,Insurance - Life,Financial Services,Financial Services,False,Cash,1,Stage 2,Stage 2,Advancing,0.8,Price is above constructive weekly and long-term trend structure with improving relative strength.,,,2026-09-25,,Stage 2 - Advancing,15.38,Strong,Volume Expanding,Volume Expanding (3.71x vs 10W Avg),-1.01,Underperformed Nifty by 1.01% in 3 Months,False,-1.01,19.84,561552828.43,2.55,0.49,3.71,False,False,"Stage 2, Advancing, flags=Wide Risk;Low Liquidity",watchlist,11.36,11.36,588.0,-6.04,[11.45],[7],0.0,7.0,415
BRIGADE.NS,Brigade Enterprises Limited,Real Estate,Real Estate,Real Estate,False,Cash,1,Failed Stage 2,Stage 1,Failed Stage 2,0.72,"This stock was recently Stage 2, but the latest structure no longer satisfies Stage 2 rules. It is kept as Failed Stage 2 until a fresh base/repair structure forms.",Recent Stage 2 break; public stage held as Failed Stage 2.,2026-09-28,2026-09-25,,Failed Stage 2,18.91,Strong,Volume Drying Up,Volume Drying Up (0.38x vs 10W Avg),22.0,Outperformed Nifty by 22.0% in 3 Months,False,22.0,15.88,429729204.32,0.48,0.27,0.38,True,True,"Stage 1, Stage 1, weekly_vcp_ok, volume_dryup, weekly_volume_dryup, weekly_strong, flags=Loose Structure;Wide Risk;Low Liquidity, stage1_not_actionable, stage1_needs_more_base | Stage 2 failed state applied from stage memory.",watchlist,10.29,11.29,736.29,-20.7,"[15.45, 17.27, 10.8]","[48, 9, 10]",0.55,82.0,416
RHIM.NS,RHI MAGNESITA INDIA LIMITED,Metal Fabrication,Industrials,Industrials,False,Cash,1,Not Sure,Not Sure,Not Sure,0.0,Stage rules did not identify a reliable structure.,No confident stage classification.,,,,Not Sure - Unclear,25.34,Strong,Volume Expanding,Volume Expanding (4.49x vs 10W Avg),1.63,Outperformed Nifty by 1.63% in 3 Months,False,1.63,9.13,391514474.8,2.34,0.56,4.49,False,False,"Not Sure, Unclear, weekly_vcp_ok, weekly_strong, flags=Low Liquidity",watchlist,6.25,11.25,384.99,0.42,"[16.55, 6.36]","[17, 5]",0.9,27.0,417
AVANTEL.NS,Avantel Limited,Communication Equipment,Technology,Technology,False,Cash,1,Failed Stage 2,Stage 3,Failed Stage 2,0.72,"This stock was recently Stage 2, but the latest structure no longer satisfies Stage 2 rules. It is kept as Failed Stage 2 until a fresh base/repair structure forms.",Recent Stage 2 break; public stage held as Failed Stage 2.,2026-09-28,2026-09-09,,Failed Stage 2,12.37,Neutral,Volume Expanding,Volume Expanding (3.80x vs 10W Avg),-10.88,Underperformed Nifty by 10.88% in 3 Months,False,-10.88,15.29,280470770.65,2.37,0.57,3.8,False,False,"Stage 3, Early, weekly_vcp_ok, weekly_strong, flags=Wide Risk;Low Liquidity, distribution_or_weakening_risk | Stage 2 failed state applied from stage memory.",watchlist,6.12,11.12,167.49,-9.62,"[20.06, 16.13]","[13, 19]",0.9,47.0,418
GRSE.NS,Garden Reach Shipbuilders & Engineers Limited,Aerospace & Defense,Industrials,Industrials,False,Cash,1,Stage 4,Stage 4,Stage 4,0.66,Price is below weekly structure.,,,2026-08-28,,Stage 4,8.81,Weak,Volume Drying Up,Volume Drying Up (0.80x vs 10W Avg),-13.64,Underperformed Nifty by 13.64% in 3 Months,False,-13.64,2.1,735321359.31,0.81,1.07,0.8,True,True,"Stage 4, Stage 4, weekly_vcp_ok, volume_dryup, weekly_volume_dryup, weekly_strong, flags=Wide Risk;Low Liquidity, downtrend",watchlist,5.99,10.99,2931.42,-23.41,"[24.23, 7.25]","[31, 6]",0.9,71.0,419
GALLANTT.NS,Gallantt Ispat Limited,Steel,Basic Materials,Basic Materials,False,Cash,1,Stage 4,Stage 4,Stage 4,0.66,Price is below weekly structure.,,,,,Stage 4,5.42,Weak,Volume Normal,Volume Normal (1.08x vs 10W Avg),-15.69,Underperformed Nifty by 15.69% in 3 Months,False,-15.69,-0.87,52526887.54,0.87,0.43,1.08,False,False,"Stage 4, Stage 4, weekly_vcp_ok, weekly_strong, flags=Wide Base;Wide Risk;Low Liquidity, downtrend",watchlist,5.98,10.98,725.6,-26.05,"[34.06, 29.42, 12.66]","[20, 8, 8]",0.95,68.0,420
HUBTOWN.NS,Hubtown Limited,Real Estate,Real Estate,Real Estate,False,Cash,1,Stage 4,Stage 4,Stage 4,0.86,Price is below the 30-week trend and below long-term support structure.,,,,,Stage 4,8.19,Weak,Volume Drying Up,Volume Drying Up (0.59x vs 10W Avg),-16.1,Underperformed Nifty by 16.1% in 3 Months,False,-16.1,-7.31,71355064.66,0.67,1.49,0.59,True,True,"Stage 4, Stage 4, weekly_vcp_ok, volume_dryup, weekly_volume_dryup, weekly_strong, flags=Wide Weekly Base;Wide Risk;Low Liquidity, downtrend",watchlist,9.97,10.97,219.28,-23.44,"[22.18, 20.7, 13.89]","[23, 33, 9]",0.95,82.0,421
NUVOCO.NS,Nuvoco Vistas Corporation Limited,Building Materials,Basic Materials,Basic Materials,False,Cash,1,Stage 3,Stage 3,Early,0.68,"Prior strength has shifted into a Stage 3 transition based on trend, relative strength, and volume evidence.",,,,,Stage 3 Early,23.4,Strong,Volume Drying Up,Volume Drying Up (0.58x vs 10W Avg),8.29,Outperformed Nifty by 8.29% in 3 Months,False,8.29,13.51,134742947.57,0.67,0.66,0.58,True,True,"Stage 3, Early, weekly_vcp_ok, volume_dryup, weekly_volume_dryup, weekly_strong, flags=Wide Risk;Low Liquidity, distribution_or_weakening_risk",watchlist,10.86,10.86,357.6,-8.88,"[22.04, 13.2]","[34, 8]",0.9,45.0,422
CDSL.NS,Central Depository Services (India) Limited,Capital Markets,Financial Services,Financial Services,True,F&O,1,Stage 3,Stage 3,Early,0.68,"Prior strength has shifted into a Stage 3 transition based on trend, relative strength, and volume evidence.",,,,,Stage 3 Early,20.35,Neutral,Volume Drying Up,Volume Drying Up (0.78x vs 10W Avg),1.4,Outperformed Nifty by 1.4% in 3 Months,False,1.4,11.91,1486978299.27,0.95,0.86,0.78,False,True,"Stage 3, Early, weekly_vcp_ok, weekly_volume_dryup, weekly_strong, flags=Wider Risk;Low Liquidity, distribution_or_weakening_risk",watchlist,10.58,10.58,1445.0,-10.8,"[17.73, 6.8, 5.73]","[20, 9, 31]",0.95,107.0,423
LGBBROSLTD.NS,LG Balakrishnan & Bros Limited,Auto Parts,Consumer Cyclical,Consumer Cyclical,False,Cash,1,Not Sure,Not Sure,Not Sure,0.0,Stage rules did not identify a reliable structure.,No confident stage classification.,,,,Not Sure - Unclear,20.24,Very Strong,Volume Drying Up,Volume Drying Up (0.85x vs 10W Avg),13.84,Outperformed Nifty by 13.84% in 3 Months,False,13.84,4.97,43320196.08,0.95,1.14,0.85,False,True,"Not Sure, Unclear, weekly_volume_dryup, flags=Wider Risk;Low Liquidity",watchlist,8.03,10.53,1819.68,-4.9,"[20.78, 7.68, 4.51]","[43, 22, 9]",0.95,112.0,424
POWERMECH.NS,Power Mech Projects Limited,Engineering & Construction,Industrials,Industrials,False,Cash,1,Stage 3,Stage 3,Early,0.68,"Prior strength has shifted into a Stage 3 transition based on trend, relative strength, and volume evidence.",,,2026-08-28,,Stage 3 Early,7.6,Neutral,Volume Drying Up,Volume Drying Up (0.42x vs 10W Avg),-8.53,Underperformed Nifty by 8.53% in 3 Months,False,-8.53,27.21,106911464.16,0.57,0.52,0.42,True,True,"Stage 3, Early, volume_dryup, weekly_volume_dryup, flags=Wide Risk;Low Liquidity, distribution_or_weakening_risk",watchlist,10.29,10.29,2603.04,-9.17,"[16.53, 11.83]","[19, 12]",0.9,37.0,425
CONCOR.NS,Container Corporation of India Limited,Industrials,Industrials,Industrials,True,F&O,1,Not Sure,Stage 3,Pending Stage 3,0.55,Blocked public stage jump Stage 1 -> Stage 3; waiting for intermediate/confirmed structure.,Blocked public stage jump Stage 1 -> Stage 3; waiting for intermediate/confirmed structure.,,,Stage 3,Not Sure - Unclear,14.02,Weak,Volume Drying Up,Volume Normal (1.02x vs 10W Avg),-0.17,Underperformed Nifty by 0.17% in 3 Months,False,-0.17,5.22,558280909.21,0.8,0.74,1.02,True,False,"Stage 3, Early, weekly_vcp_ok, volume_dryup, weekly_strong, flags=Wide Risk;Low Liquidity, distribution_or_weakening_risk | Blocked public stage jump Stage 1 -> Stage 3; waiting for intermediate/confirmed structure.",watchlist,10.27,10.27,543.57,-17.21,"[18.54, 9.32]","[24, 9]",0.9,79.0,426
CANBK.NS,Canara Bank,Banks - Regional,Financial Services,Financial Services,True,F&O,1,Stage 4,Stage 4,Stage 4,0.66,Price is below weekly structure.,,,,,Stage 4,17.72,Weak,Volume Drying Up,Volume Drying Up (0.73x vs 10W Avg),0.38,Outperformed Nifty by 0.38% in 3 Months,False,0.38,0.36,1367824847.82,0.74,1.47,0.73,True,True,"Stage 4, Stage 4, weekly_vcp_ok, volume_dryup, weekly_volume_dryup, weekly_strong, flags=Wider Risk;Low Liquidity, downtrend",watchlist,9.25,10.25,133.11,-9.36,"[15.81, 11.61, 6.45]","[20, 14, 10]",0.95,67.0,427
DOMS.NS,DOMS Industries Limited,Industrials,Industrials,Industrials,False,Cash,1,Stage 4,Stage 4,Stage 4,0.66,Price is below weekly structure.,,,,,Stage 4,24.91,Weak,Volume Drying Up,Volume Drying Up (0.53x vs 10W Avg),-5.34,Underperformed Nifty by 5.34% in 3 Months,False,-5.34,-8.55,89129218.32,0.52,0.92,0.53,True,True,"Stage 4, Stage 4, weekly_vcp_ok, volume_dryup, weekly_volume_dryup, weekly_strong, flags=Wide Risk, downtrend",watchlist,10.2,10.2,2399.02,-14.69,"[15.33, 6.14]","[35, 16]",0.9,91.0,428
HINDPETRO.NS,Hindustan Petroleum Corporation Limited,Oil & Gas Refining & Marketing,Energy,Energy,True,F&O,1,Stage 4,Stage 4,Stage 4,0.86,Price is below the 30-week trend and below long-term support structure.,,,,,Stage 4,10.7,Weak,Volume Drying Up,Volume Drying Up (0.76x vs 10W Avg),-4.77,Underperformed Nifty by 4.77% in 3 Months,False,-4.77,12.72,1299768396.01,0.71,1.05,0.76,True,True,"Stage 4, Stage 4, weekly_vcp_ok, volume_dryup, weekly_volume_dryup, weekly_strong, flags=Wide Risk;Low Liquidity, downtrend",watchlist,7.69,10.19,400.12,-14.41,"[12.47, 10.9]","[13, 12]",0.9,79.0,429
SBICARD.NS,SBI Cards and Payment Services Limited,Credit Services,Financial Services,Financial Services,True,F&O,1,Stage 4,Stage 4,Stage 4,0.86,Price is below the 30-week trend and below long-term support structure.,,,,,Stage 4,13.08,Weak,Volume Drying Up,Volume Drying Up (0.46x vs 10W Avg),2.86,Outperformed Nifty by 2.86% in 3 Months,False,2.86,-5.14,1135803998.5,0.65,0.51,0.46,True,True,"Stage 4, Stage 4, weekly_vcp_ok, volume_dryup, weekly_volume_dryup, weekly_strong, flags=Wide Risk;Low Liquidity, downtrend",watchlist,9.08,10.08,675.78,-12.55,"[12.61, 11.47, 9.22, 9.52]","[20, 12, 10, 12]",1.0,87.0,430
MPHASIS.NS,MphasiS Limited,Information Technology Services,Technology,Technology,True,F&O,1,Stage 3,Stage 3,Early,0.68,"Prior strength has shifted into a Stage 3 transition based on trend, relative strength, and volume evidence.",,,,,Stage 3 Early,20.33,Neutral,Volume Drying Up,Volume Drying Up (0.56x vs 10W Avg),7.43,Outperformed Nifty by 7.43% in 3 Months,False,7.43,6.22,934045502.64,0.79,0.8,0.56,True,True,"Stage 3, Early, weekly_vcp_ok, volume_dryup, weekly_volume_dryup, weekly_strong, flags=Wide Risk;Low Liquidity, distribution_or_weakening_risk",watchlist,10.01,10.01,2556.9,-12.49,"[16.76, 12.73]","[22, 21]",0.9,54.0,431
FORCEMOT.NS,FORCE MOTORS LTD,Auto Manufacturers,Consumer Cyclical,Consumer Cyclical,True,F&O,1,Stage 4,Stage 4,Stage 4,0.86,Price is below the 30-week trend and below long-term support structure.,,,,,Stage 4,11.42,Weak,Volume Drying Up,Volume Drying Up (0.71x vs 10W Avg),-6.35,Underperformed Nifty by 6.35% in 3 Months,False,-6.35,-16.57,1196028927.33,0.72,0.98,0.71,True,True,"Stage 4, Stage 4, weekly_vcp_ok, volume_dryup, weekly_volume_dryup, weekly_strong, flags=Wide Risk;Low Liquidity, downtrend",watchlist,7.51,10.01,21040.14,-18.73,"[27.22, 11.45, 11.82]","[41, 32, 12]",0.95,98.0,432
BANCOINDIA.NS,Banco Products (I) Limited,Auto Parts,Consumer Cyclical,Consumer Cyclical,False,Cash,1,Stage 4,Stage 4,Stage 4,0.86,Price is below the 30-week trend and below long-term support structure.,,,,,Stage 4,10.75,Neutral,Volume Drying Up,Volume Drying Up (0.47x vs 10W Avg),-6.35,Underperformed Nifty by 6.35% in 3 Months,False,-6.35,13.79,51446085.48,0.66,0.72,0.47,True,True,"Stage 4, Stage 4, weekly_vcp_ok, volume_dryup, weekly_volume_dryup, weekly_strong, flags=Wide Weekly Base;Wide Risk;Low Liquidity, downtrend",watchlist,7.49,9.99,685.96,-13.38,"[17.06, 12.82, 9.78]","[15, 7, 5]",0.95,53.0,433
KSB.NS,Ksb Limited,Specialty Industrial Machinery,Industrials,Industrials,False,Cash,1,Not Sure,Stage 4,Pending Stage 4,0.55,Blocked public stage jump Stage 1 -> Stage 4; waiting for intermediate/confirmed structure.,Blocked public stage jump Stage 1 -> Stage 4; waiting for intermediate/confirmed structure.,,2026-08-04,Stage 4,Not Sure - Unclear,10.39,Weak,Volume Drying Up,Volume Drying Up (0.83x vs 10W Avg),-10.21,Underperformed Nifty by 10.21% in 3 Months,False,-10.21,-1.69,116430099.63,0.9,0.37,0.83,False,True,"Stage 4, Stage 4, weekly_vcp_ok, weekly_volume_dryup, weekly_strong, flags=Wide Risk;Low Liquidity, downtrend | Blocked public stage jump Stage 1 -> Stage 4; waiting for intermediate/confirmed structure.",watchlist,4.83,9.83,973.85,-17.72,"[26.7, 20.18]","[25, 28]",0.9,74.0,434
BEL.NS,Bharat Electronics Limited,Aerospace & Defense,Industrials,Industrials,True,F&O,1,Stage 1,Stage 1,Stage 1,0.64,Price is building a base around long-term weekly structure without a confirmed advancing phase.,,,,,Stage 1,16.58,Weak,Volume Drying Up,Volume Drying Up (0.73x vs 10W Avg),-1.89,Underperformed Nifty by 1.89% in 3 Months,False,-1.89,-6.18,3698599840.99,0.88,1.26,0.73,False,True,"Stage 1, Stage 1, weekly_vcp_ok, weekly_volume_dryup, weekly_strong, flags=Wide Risk;Low Liquidity, stage1_not_actionable, stage1_needs_more_base",watchlist,4.73,9.73,434.41,-11.26,"[10.09, 11.1, 8.15]","[21, 17, 6]",0.55,93.0,435
BAYERCROP.NS,Bayer Cropscience Limited,Agricultural Inputs,Basic Materials,Basic Materials,False,Cash,1,Stage 4,Stage 4,Stage 4,0.86,Price is below the 30-week trend and below long-term support structure.,,,,,Stage 4,0.0,Weak,Volume Expanding,Volume Expanding (1.57x vs 10W Avg),-5.3,Underperformed Nifty by 5.3% in 3 Months,False,-5.3,-19.52,100615564.12,1.46,2.43,1.57,False,False,"Stage 4, Stage 4, flags=Wide Risk;Low Liquidity, downtrend",watchlist,9.7,9.7,4499.76,-18.4,"[15.48, 14.01, 5.26]","[22, 23, 28]",0.95,87.0,436
BHARTIARTL.NS,Bharti Airtel Limited,Telecom Services,Communication Services,Communication Services,True,F&O,1,Stage 1,Stage 1,Stage 1,0.64,Price is building a base around long-term weekly structure without a confirmed advancing phase.,,,,,Stage 1,17.96,Weak,Volume Drying Up,Volume Drying Up (0.72x vs 10W Avg),0.77,Outperformed Nifty by 0.77% in 3 Months,False,0.77,2.48,9479461025.31,0.95,0.84,0.72,False,True,"Stage 1, Stage 1, weekly_vcp_ok, weekly_volume_dryup, weekly_strong, flags=Wide Risk;Low Liquidity, stage1_not_actionable, stage1_needs_more_base",watchlist,9.65,9.65,2031.0,-12.78,"[9.48, 4.82]","[18, 49]",0.9,75.0,437
THOMASCOOK.NS,Thomas Cook  (India)  Limited,Consumer Cyclical,Consumer Cyclical,Consumer Cyclical,False,Cash,1,Not Sure,Not Sure,Not Sure,0.0,Stage rules did not identify a reliable structure.,No confident stage classification.,,,,Not Sure - Unclear,14.49,Strong,Volume Drying Up,Volume Drying Up (0.18x vs 10W Avg),1.54,Outperformed Nifty by 1.54% in 3 Months,False,1.54,9.51,75854184.83,0.29,0.17,0.18,True,True,"Not Sure, Unclear, weekly_vcp_ok, volume_dryup, weekly_volume_dryup, weekly_strong, flags=Wide Weekly Base;Wide Risk;Low Liquidity",watchlist,8.61,9.61,120.53,-15.23,"[17.03, 12.7, 13.48]","[26, 11, 7]",0.55,64.0,438
TIMETECHNO.NS,Time Technoplast Limited,Consumer Cyclical,Consumer Cyclical,Consumer Cyclical,False,Cash,1,Stage 3,Stage 3,Early,0.68,"Prior strength has shifted into a Stage 3 transition based on trend, relative strength, and volume evidence.",,,2026-08-13,,Stage 3 Early,19.63,Strong,Volume Normal,Volume Normal (0.86x vs 10W Avg),5.81,Outperformed Nifty by 5.81% in 3 Months,False,5.81,11.84,433393783.6,0.9,1.4,0.86,False,True,"Stage 3, Early, weekly_vcp_ok, weekly_volume_dryup, weekly_strong, flags=Wide Risk;Low Liquidity, distribution_or_weakening_risk",watchlist,8.58,9.58,210.71,-12.94,"[17.44, 11.17]","[15, 11]",0.9,35.0,439
LUPIN.NS,Lupin Limited,Drug Manufacturers - Specialty & Generic,Healthcare,Healthcare,True,F&O,1,Stage 4,Stage 4,Stage 4,0.66,Price is below weekly structure.,,,2026-08-10,,Stage 4,0.0,Weak,Volume Drying Up,Volume Drying Up (0.62x vs 10W Avg),-8.34,Underperformed Nifty by 8.34% in 3 Months,False,-8.34,-6.43,1367934987.09,0.71,0.77,0.62,True,True,"Stage 4, Stage 4, volume_dryup, weekly_volume_dryup, flags=Wide Risk;Low Liquidity, downtrend",watchlist,4.3,9.3,2523.7,-18.29,"[10.99, 11.19]","[18, 73]",0.9,94.0,440
PARAGMILK.NS,Parag Milk Foods Limited,Packaged Foods,Consumer Defensive,Consumer Defensive,False,Cash,1,Stage 1,Stage 1,Stage 1,0.68,Price is building a base around long-term weekly structure without a confirmed advancing phase.,,,,,Stage 1,16.25,Very Strong,Volume Expanding,Volume Expanding (2.03x vs 10W Avg),23.12,Outperformed Nifty by 23.12% in 3 Months,False,23.12,44.93,554322305.37,1.71,1.21,2.03,False,False,"Stage 1, Stage 1, flags=Loose Structure;Low Liquidity, stage1_not_actionable, stage1_needs_more_base",watchlist,9.28,9.28,263.19,4.47,"[13.18, 13.55]","[21, 9]",0.9,37.0,441
LTTS.NS,L&T Technology Services Limited,Information Technology Services,Technology,Technology,False,Cash,1,Stage 4,Stage 4,Stage 4,0.86,Price is below the 30-week trend and below long-term support structure.,,,,,Stage 4,12.72,Weak,Volume Drying Up,Volume Drying Up (0.40x vs 10W Avg),6.52,Outperformed Nifty by 6.52% in 3 Months,False,6.52,-0.72,152715657.54,0.56,0.47,0.4,True,True,"Stage 4, Stage 4, weekly_vcp_ok, volume_dryup, weekly_volume_dryup, weekly_strong, flags=Wide Weekly Base;Wide Risk;Low Liquidity, downtrend",watchlist,9.28,9.28,3708.0,-13.39,"[17.16, 13.55, 5.67]","[21, 10, 21]",0.95,70.0,442
LICI.NS,Life Insurance Corporation Of India,Insurance - Life,Financial Services,Financial Services,True,F&O,1,Stage 3,Stage 3,Early,0.68,"Prior strength has shifted into a Stage 3 transition based on trend, relative strength, and volume evidence.",,,,,Stage 3 Early,7.27,Neutral,Volume Drying Up,Volume Drying Up (0.72x vs 10W Avg),-2.17,Underperformed Nifty by 2.17% in 3 Months,False,-2.17,13.86,2620941987.4,0.71,0.63,0.72,True,True,"Stage 3, Early, volume_dryup, weekly_volume_dryup, flags=Wider Risk;Low Liquidity, distribution_or_weakening_risk",watchlist,9.28,9.28,448.38,-10.65,"[9.38, 8.63, 9.73]","[19, 12, 16]",0.55,109.0,443
SUNTV.NS,Sun TV Network Limited,Communication Services,Communication Services,Communication Services,False,Cash,1,Stage 4,Stage 4,Stage 4,0.66,Price is below weekly structure.,,,,,Stage 4,8.89,Neutral,Volume Expanding,Volume Expanding (3.43x vs 10W Avg),7.12,Outperformed Nifty by 7.12% in 3 Months,False,7.12,-9.51,459745430.02,2.0,1.73,3.43,False,False,"Stage 4, Stage 4, flags=Wider Risk;Low Liquidity, downtrend",watchlist,6.72,9.22,525.56,-1.08,"[25.94, 9.07]","[39, 19]",0.9,83.0,444
HEG.NS,HEG Limited,Electrical Equipment & Parts,Industrials,Industrials,False,Cash,1,Stage 4,Stage 4,Stage 4,0.86,Price is below the 30-week trend and below long-term support structure.,,,2026-09-04,,Stage 4,0.0,Weak,Volume Drying Up,Volume Drying Up (0.75x vs 10W Avg),-47.86,Underperformed Nifty by 47.86% in 3 Months,False,-47.86,-54.18,688174214.02,0.72,1.76,0.75,True,True,"Stage 4, Stage 4, volume_dryup, weekly_volume_dryup, flags=Loose Structure;Wide Risk;Circuit Risk;Corporate Action Check;Low Liquidity, downtrend",watchlist,4.09,9.09,753.9,-67.59,"[14.41, 7.92]","[51, 15]",0.9,71.0,445
ABSLAMC.NS,Aditya Birla Sun Life AMC Limited,Asset Management,Financial Services,Financial Services,False,Cash,1,Failed Stage 2,Stage 3,Failed Stage 2,0.72,"This stock was recently Stage 2, but the latest structure no longer satisfies Stage 2 rules. It is kept as Failed Stage 2 until a fresh base/repair structure forms.",Recent Stage 2 break; public stage held as Failed Stage 2.,2026-09-28,2026-09-23,,Failed Stage 2,6.16,Weak,Volume Drying Up,Volume Drying Up (0.42x vs 10W Avg),-9.91,Underperformed Nifty by 9.91% in 3 Months,False,-9.91,12.65,214570460.34,0.64,0.72,0.42,True,True,"Stage 3, Early, volume_dryup, weekly_volume_dryup, flags=Wide Risk;Low Liquidity, distribution_or_weakening_risk | Stage 2 failed state applied from stage memory.",watchlist,9.07,9.07,1118.85,-11.72,"[18.55, 5.23]","[23, 5]",0.9,43.0,446
BOMDYEING.NS,Bombay Dyeing & Mfg Company Limited,Textile Manufacturing,Consumer Cyclical,Consumer Cyclical,False,Cash,1,Stage 4,Stage 4,Stage 4,0.86,Price is below the 30-week trend and below long-term support structure.,,,,,Stage 4,0.0,Weak,Volume Drying Up,Volume Drying Up (0.50x vs 10W Avg),-13.3,Underperformed Nifty by 13.3% in 3 Months,False,-13.3,6.94,52218946.92,0.67,0.28,0.5,True,True,"Stage 4, Stage 4, volume_dryup, weekly_volume_dryup, flags=Wide Risk;Low Liquidity, downtrend",watchlist,4.06,9.06,140.77,-23.71,"[16.08, 16.38, 12.97, 13.86]","[6, 24, 13, 14]",0.73,93.0,447
JKTYRE.NS,JK Tyre & Industries Limited,Auto Parts,Consumer Cyclical,Consumer Cyclical,False,Cash,1,Stage 4,Stage 4,Stage 4,0.86,Price is below the 30-week trend and below long-term support structure.,,,,,Stage 4,6.53,Weak,Volume Drying Up,Volume Normal (0.90x vs 10W Avg),-12.97,Underperformed Nifty by 12.97% in 3 Months,False,-12.97,-10.02,145828894.11,0.83,0.94,0.9,True,False,"Stage 4, Stage 4, weekly_vcp_ok, volume_dryup, weekly_strong, flags=Wide Weekly Base;Wide Risk;Low Liquidity, downtrend",watchlist,6.42,8.92,422.0,-19.95,"[18.98, 16.95, 10.73]","[23, 11, 13]",0.95,70.0,448
BAJFINANCE.NS,Bajaj Finance Limited,Credit Services,Financial Services,Financial Services,True,F&O,1,Failed Stage 2,Stage 1,Failed Stage 2,0.72,"This stock was recently Stage 2, but the latest structure no longer satisfies Stage 2 rules. It is kept as Failed Stage 2 until a fresh base/repair structure forms.",Recent Stage 2 break; public stage held as Failed Stage 2.,2026-09-28,2026-09-25,,Failed Stage 2,22.86,Neutral,Volume Normal,Volume Normal (1.13x vs 10W Avg),1.83,Outperformed Nifty by 1.83% in 3 Months,False,1.83,22.12,5967285203.37,0.96,1.5,1.13,False,False,"Stage 1, Stage 1, weekly_vcp_ok, weekly_strong, flags=Wide Risk;Low Liquidity, stage1_not_actionable, stage1_needs_more_base | Stage 2 failed state applied from stage memory.",watchlist,7.87,8.87,1108.19,-11.12,"[10.41, 9.27]","[5, 5]",0.9,18.0,449
SRF.NS,SRF Limited,Conglomerates,Industrials,Industrials,True,F&O,1,Stage 3,Stage 3,Early,0.68,"Prior strength has shifted into a Stage 3 transition based on trend, relative strength, and volume evidence.",,,,,Stage 3 Early,5.97,Weak,Volume Drying Up,Volume Drying Up (0.30x vs 10W Avg),-5.72,Underperformed Nifty by 5.72% in 3 Months,False,-5.72,5.57,494865705.42,0.61,0.87,0.3,True,True,"Stage 3, Early, volume_dryup, weekly_volume_dryup, flags=Wider Risk;Low Liquidity, distribution_or_weakening_risk",watchlist,8.86,8.86,2663.0,-6.44,"[13.98, 7.69]","[15, 9]",0.9,41.0,450
LEMONTREE.NS,Lemon Tree Hotels Limited,Lodging,Consumer Cyclical,Consumer Cyclical,False,Cash,1,Stage 4,Stage 4,Stage 4,0.86,Price is below the 30-week trend and below long-term support structure.,,,,,Stage 4,7.8,Weak,Volume Drying Up,Volume Drying Up (0.74x vs 10W Avg),-7.64,Underperformed Nifty by 7.64% in 3 Months,False,-7.64,-1.83,233370728.54,0.79,0.97,0.74,True,True,"Stage 4, Stage 4, weekly_vcp_ok, volume_dryup, weekly_volume_dryup, weekly_strong, flags=Wide Weekly Base;Wide Risk;Low Liquidity, downtrend",watchlist,7.73,8.73,122.65,-15.35,"[16.73, 15.15, 12.26, 12.79]","[19, 9, 13, 30]",1.0,106.0,451
JSLL.NS,Jeena Sikho Lifecare Limited,Medical Care Facilities,Healthcare,Healthcare,False,Cash,1,Stage 4,Stage 4,Stage 4,0.86,Price is below the 30-week trend and below long-term support structure.,,,,,Stage 4,2.49,Weak,Volume Drying Up,Volume Drying Up (0.60x vs 10W Avg),-6.74,Underperformed Nifty by 6.74% in 3 Months,False,-6.74,-14.27,209195235.11,0.61,0.63,0.6,True,True,"Stage 4, Stage 4, weekly_vcp_ok, volume_dryup, weekly_volume_dryup, flags=Wide Weekly Base;Wide Risk;Low Liquidity, downtrend",watchlist,7.72,8.72,614.14,-18.28,"[27.43, 20.78]","[36, 28]",0.9,74.0,452
DALBHARAT.NS,Dalmia Bharat Limited,Building Materials,Basic Materials,Basic Materials,True,F&O,1,Stage 4,Stage 4,Stage 4,0.86,Price is below the 30-week trend and below long-term support structure.,,,,,Stage 4,13.79,Weak,Volume Drying Up,Volume Drying Up (0.39x vs 10W Avg),-0.4,Underperformed Nifty by 0.4% in 3 Months,False,-0.4,-6.02,150963174.92,0.5,0.4,0.39,True,True,"Stage 4, Stage 4, weekly_vcp_ok, volume_dryup, weekly_volume_dryup, weekly_strong, flags=Wide Risk;Low Liquidity, downtrend",watchlist,8.7,8.7,1928.37,-14.35,"[16.56, 12.98, 11.44]","[10, 13, 33]",0.95,91.0,453
BLS.NS,BLS International Services Limited,Industrials,Industrials,Industrials,False,Cash,1,Stage 4,Stage 4,Stage 4,0.86,Price is below the 30-week trend and below long-term support structure.,,,,,Stage 4,7.38,Weak,Volume Drying Up,Volume Drying Up (0.29x vs 10W Avg),-7.16,Underperformed Nifty by 7.16% in 3 Months,False,-7.16,-15.14,175788864.9,0.41,0.22,0.29,True,True,"Stage 4, Stage 4, weekly_vcp_ok, volume_dryup, weekly_volume_dryup, weekly_strong, flags=Wide Weekly Base;Wide Risk;Low Liquidity, downtrend",watchlist,8.7,8.7,282.08,-21.58,"[17.43, 18.15, 17.54]","[6, 24, 10]",0.95,81.0,454
JAIBALAJI.NS,Jai Balaji Industries Limited,Steel,Basic Materials,Basic Materials,False,Cash,1,Stage 1,Stage 1,Stage 1,0.64,Price is building a base around long-term weekly structure without a confirmed advancing phase.,,,,,Stage 1,0.0,Neutral,Volume Drying Up,Volume Drying Up (0.63x vs 10W Avg),-1.22,Underperformed Nifty by 1.22% in 3 Months,False,-1.22,11.97,45645103.96,0.78,0.43,0.63,True,True,"Stage 1, Stage 1, volume_dryup, weekly_volume_dryup, flags=Wide Weekly Base;Wide Risk;Low Liquidity, stage1_not_actionable, stage1_needs_more_base",watchlist,3.69,8.69,74.2,-14.41,"[23.79, 16.88]","[28, 22]",0.9,61.0,455
V2RETAIL.NS,V2 Retail Limited,Consumer Cyclical,Consumer Cyclical,Consumer Cyclical,False,Cash,1,Failed Stage 2,Stage 4,Failed Stage 2,0.72,"This stock was recently Stage 2, but the latest structure no longer satisfies Stage 2 rules. It is kept as Failed Stage 2 until a fresh base/repair structure forms.",Recent Stage 2 break; public stage held as Failed Stage 2.,2026-09-28,2026-09-07,,Failed Stage 2,13.93,Neutral,Volume Drying Up,Volume Drying Up (0.65x vs 10W Avg),-2.98,Underperformed Nifty by 2.98% in 3 Months,False,-2.98,12.43,184445060.72,0.8,0.76,0.65,True,True,"Stage 4, Stage 4, weekly_vcp_ok, volume_dryup, weekly_volume_dryup, weekly_strong, flags=Wide Risk;Low Liquidity, downtrend | Stage 2 failed state applied from stage memory.",watchlist,7.63,8.63,249.36,-15.29,"[17.45, 13.35, 9.3]","[5, 7, 7]",0.95,74.0,456
MRF.NS,MRF Limited,Auto Parts,Consumer Cyclical,Consumer Cyclical,False,Cash,1,Stage 4,Stage 4,Stage 4,0.66,Price is below weekly structure.,,,,,Stage 4,14.69,Weak,Volume Drying Up,Volume Drying Up (0.56x vs 10W Avg),-1.27,Underperformed Nifty by 1.27% in 3 Months,False,-1.27,0.08,412130518.75,0.87,0.45,0.56,False,True,"Stage 4, Stage 4, weekly_vcp_ok, weekly_volume_dryup, weekly_strong, flags=Wider Risk;Low Liquidity, downtrend",watchlist,6.05,8.55,138990.64,-11.2,"[13.35, 6.63, 4.41]","[31, 8, 8]",0.95,83.0,457
ADVENZYMES.NS,Advanced Enzyme Technologies Limited,Specialty Chemicals,Basic Materials,Basic Materials,False,Cash,1,Stage 3,Stage 3,Early,0.68,"Prior strength has shifted into a Stage 3 transition based on trend, relative strength, and volume evidence.",,,2026-07-21,,Stage 3 Early,1.85,Weak,Volume Drying Up,Volume Drying Up (0.78x vs 10W Avg),-4.17,Underperformed Nifty by 4.17% in 3 Months,False,-4.17,6.61,61040545.27,0.85,0.83,0.78,True,True,"Stage 3, Early, volume_dryup, weekly_volume_dryup, flags=Wider Risk;Low Liquidity, distribution_or_weakening_risk",watchlist,5.92,8.42,311.04,-8.97,"[23.13, 12.85]","[5, 19]",0.9,35.0,458
IOC.NS,Indian Oil Corporation Limited,Oil & Gas Refining & Marketing,Energy,Energy,True,F&O,1,Stage 4,Stage 4,Stage 4,0.86,Price is below the 30-week trend and below long-term support structure.,,,,,Stage 4,15.96,Neutral,Volume Normal,Volume Normal (0.93x vs 10W Avg),0.08,Outperformed Nifty by 0.08% in 3 Months,False,0.08,2.54,977785027.38,1.05,0.74,0.93,False,False,"Stage 4, Stage 4, weekly_vcp_ok, weekly_strong, flags=Wider Risk;Low Liquidity, downtrend",watchlist,5.86,8.36,147.98,-9.91,"[12.01, 9.15, 7.99, 6.7]","[19, 9, 17, 15]",1.0,106.0,459
BANDHANBNK.NS,Bandhan Bank Limited,Banks - Regional,Financial Services,Financial Services,True,F&O,1,Failed Stage 2,Stage 1,Failed Stage 2,0.72,"This stock was recently Stage 2, but the latest structure no longer satisfies Stage 2 rules. It is kept as Failed Stage 2 until a fresh base/repair structure forms.",Recent Stage 2 break; public stage held as Failed Stage 2.,2026-09-28,2026-09-25,,Failed Stage 2,11.92,Neutral,Volume Normal,Volume Normal (1.45x vs 10W Avg),-5.88,Underperformed Nifty by 5.88% in 3 Months,False,-5.88,27.01,2281002498.74,1.14,0.86,1.45,False,False,"Stage 1, Stage 1, flags=Loose Structure;Low Liquidity, stage1_not_actionable, stage1_needs_more_base | Stage 2 failed state applied from stage memory.",watchlist,7.29,8.29,181.06,-0.03,"[26.64, 9.36]","[7, 18]",0.9,35.0,460
HINDZINC.NS,Hindustan Zinc Limited,Basic Materials,Basic Materials,Basic Materials,True,F&O,1,Stage 1,Stage 1,Stage 1,0.64,Price is building a base around long-term weekly structure without a confirmed advancing phase.,,,2026-08-12,,Stage 1,20.6,Very Strong,Volume Drying Up,Volume Drying Up (0.69x vs 10W Avg),13.48,Outperformed Nifty by 13.48% in 3 Months,False,13.48,15.39,2512613690.43,0.71,0.67,0.69,True,True,"Stage 1, Stage 1, weekly_vcp_ok, volume_dryup, weekly_volume_dryup, weekly_strong, flags=Wide Risk;Low Liquidity, stage1_not_actionable, stage1_needs_more_base",watchlist,8.27,8.27,661.0,-13.31,"[24.08, 9.8, 11.25]","[46, 7, 14]",0.55,88.0,461
INDIASHLTR.NS,India Shelter Finance Corporation Limited,Mortgage Finance,Financial Services,Financial Services,False,Cash,1,Stage 4,Stage 4,Stage 4,0.86,Price is below the 30-week trend and below long-term support structure.,,,,,Stage 4,0.0,Weak,Volume Drying Up,Volume Drying Up (0.61x vs 10W Avg),-9.76,Underperformed Nifty by 9.76% in 3 Months,False,-9.76,-10.84,55089357.05,0.59,1.1,0.61,True,True,"Stage 4, Stage 4, volume_dryup, weekly_volume_dryup, flags=Wide Risk, downtrend",watchlist,8.2,8.2,829.25,-21.94,"[15.73, 9.95]","[26, 8]",0.9,85.0,462
NTPCGREEN.NS,NTPC Green Energy Limited,Utilities - Renewable,Utilities,Utilities,False,Cash,1,Stage 1,Stage 1,Stage 1,0.64,Price is building a base around long-term weekly structure without a confirmed advancing phase.,,,,,Stage 1,17.91,Neutral,Volume Drying Up,Volume Normal (0.99x vs 10W Avg),0.69,Outperformed Nifty by 0.69% in 3 Months,False,0.69,-2.9,254781815.44,0.76,0.68,0.99,True,False,"Stage 1, Stage 1, weekly_vcp_ok, volume_dryup, flags=Low Liquidity, stage1_not_actionable, stage1_needs_more_base",watchlist,8.11,8.11,93.85,-1.75,"[10.14, 8.71]","[6, 26]",0.9,39.0,463
IFCI.NS,IFCI Limited,Credit Services,Financial Services,Financial Services,False,Cash,1,Failed Stage 2,Stage 1,Failed Stage 2,0.72,"This stock was recently Stage 2, but the latest structure no longer satisfies Stage 2 rules. It is kept as Failed Stage 2 until a fresh base/repair structure forms.",Recent Stage 2 break; public stage held as Failed Stage 2.,2026-09-28,2026-09-23,,Failed Stage 2,0.0,Neutral,Volume Drying Up,Volume Drying Up (0.84x vs 10W Avg),-3.04,Underperformed Nifty by 3.04% in 3 Months,False,-3.04,36.79,11658591780.54,1.11,0.33,0.84,False,True,"Stage 1, Stage 1, weekly_volume_dryup, flags=Loose Structure;Wide Risk;Low Liquidity, stage1_not_actionable, stage1_needs_more_base | Stage 2 failed state applied from stage memory.",watchlist,7.05,8.05,107.69,-34.49,"[14.43, 8.19]","[12, 7]",0.9,23.0,464
GLOBUSSPR.NS,Globus Spirits Limited,Consumer Defensive,Consumer Defensive,Consumer Defensive,False,Cash,1,Stage 4,Stage 4,Stage 4,0.86,Price is below the 30-week trend and below long-term support structure.,,,,,Stage 4,0.0,Weak,Volume Drying Up,Volume Drying Up (0.60x vs 10W Avg),-5.92,Underperformed Nifty by 5.92% in 3 Months,False,-5.92,-0.99,69299114.42,0.67,0.45,0.6,True,True,"Stage 4, Stage 4, volume_dryup, weekly_volume_dryup, flags=Wide Risk;Low Liquidity, downtrend",watchlist,8.03,8.03,1003.39,-18.36,"[28.25, 15.46, 12.05]","[28, 5, 8]",0.95,96.0,465
ONGC.NS,Oil & Natural Gas Corporation Limited,Energy,Energy,Energy,True,F&O,1,Not Sure,Stage 4,Pending Stage 4,0.55,Blocked public stage jump Stage 1 -> Stage 4; waiting for intermediate/confirmed structure.,Blocked public stage jump Stage 1 -> Stage 4; waiting for intermediate/confirmed structure.,,,Stage 4,Not Sure - Unclear,17.33,Weak,Volume Drying Up,Volume Drying Up (0.73x vs 10W Avg),2.99,Outperformed Nifty by 2.99% in 3 Months,False,2.99,-17.32,2273438654.53,0.83,0.91,0.73,True,True,"Stage 4, Stage 4, weekly_vcp_ok, volume_dryup, weekly_volume_dryup, weekly_strong, flags=Wider Risk;Low Liquidity, downtrend | Blocked public stage jump Stage 1 -> Stage 4; waiting for intermediate/confirmed structure.",watchlist,5.52,8.02,253.57,-9.29,"[25.35, 9.21]","[32, 24]",0.9,73.0,466
HINDALCO.NS,Hindalco Industries Limited,Basic Materials,Basic Materials,Basic Materials,True,F&O,1,Failed Stage 2,Stage 1,Failed Stage 2,0.72,"This stock was recently Stage 2, but the latest structure no longer satisfies Stage 2 rules. It is kept as Failed Stage 2 until a fresh base/repair structure forms.",Recent Stage 2 break; public stage held as Failed Stage 2.,2026-09-28,2026-09-23,,Failed Stage 2,5.55,Neutral,Volume Normal,Volume Normal (0.93x vs 10W Avg),6.34,Outperformed Nifty by 6.34% in 3 Months,False,6.34,7.13,3153310098.62,0.97,1.05,0.93,False,False,"Stage 1, Stage 1, flags=Wide Risk;Low Liquidity, stage1_not_actionable, stage1_needs_more_base | Stage 2 failed state applied from stage memory.",watchlist,7.88,7.88,1089.85,-12.29,"[20.28, 6.3]","[23, 10]",0.9,42.0,467
SBIN.NS,State Bank of India,Banks - Regional,Financial Services,Financial Services,True,F&O,1,Not Sure,Stage 4,Pending Stage 4,0.55,Blocked public stage jump Stage 1 -> Stage 4; waiting for intermediate/confirmed structure.,Blocked public stage jump Stage 1 -> Stage 4; waiting for intermediate/confirmed structure.,,2026-08-31,Stage 4,Not Sure - Unclear,10.46,Weak,Volume Normal,Volume Normal (0.86x vs 10W Avg),-3.41,Underperformed Nifty by 3.41% in 3 Months,False,-3.41,-1.58,7366332605.61,0.86,1.41,0.86,False,True,"Stage 4, Stage 4, weekly_vcp_ok, weekly_volume_dryup, weekly_strong, flags=Wide Risk;Low Liquidity, downtrend | Blocked public stage jump Stage 1 -> Stage 4; waiting for intermediate/confirmed structure.",watchlist,6.83,7.83,1126.47,-14.6,"[15.19, 8.66]","[20, 53]",0.9,106.0,468
MOIL.NS,MOIL Limited,Basic Materials,Basic Materials,Basic Materials,False,Cash,1,Stage 4,Stage 4,Stage 4,0.86,Price is below the 30-week trend and below long-term support structure.,,,,,Stage 4,6.71,Weak,Volume Drying Up,Volume Drying Up (0.31x vs 10W Avg),-7.54,Underperformed Nifty by 7.54% in 3 Months,False,-7.54,-15.19,134586502.14,0.34,0.63,0.31,True,True,"Stage 4, Stage 4, weekly_vcp_ok, volume_dryup, weekly_volume_dryup, weekly_strong, flags=Wide Weekly Base;Wide Risk;Low Liquidity, downtrend",watchlist,7.8,7.8,310.95,-22.16,"[23.56, 23.13]","[63, 34]",0.9,101.0,469
ASHOKA.NS,Ashoka Buildcon Limited,Engineering & Construction,Industrials,Industrials,False,Cash,1,Stage 4,Stage 4,Stage 4,0.86,Price is below the 30-week trend and below long-term support structure.,,,,,Stage 4,0.12,Weak,Volume Drying Up,Volume Drying Up (0.15x vs 10W Avg),-11.67,Underperformed Nifty by 11.67% in 3 Months,False,-11.67,0.69,130328014.2,0.2,0.13,0.15,True,True,"Stage 4, Stage 4, volume_dryup, weekly_volume_dryup, flags=Wide Weekly Base;Wide Risk;Low Liquidity, downtrend",watchlist,7.8,7.8,133.33,-17.37,"[20.79, 16.77]","[45, 12]",0.9,67.0,470
BATAINDIA.NS,Bata India Limited,Consumer Cyclical,Consumer Cyclical,Consumer Cyclical,False,Cash,1,Stage 4,Stage 4,Stage 4,0.86,Price is below the 30-week trend and below long-term support structure.,,,,,Stage 4,7.96,Weak,Volume Drying Up,Volume Drying Up (0.27x vs 10W Avg),-1.19,Underperformed Nifty by 1.19% in 3 Months,False,-1.19,1.86,98525349.21,0.55,0.52,0.27,True,True,"Stage 4, Stage 4, weekly_vcp_ok, volume_dryup, weekly_volume_dryup, weekly_strong, flags=Wide Weekly Base;Wide Risk;Low Liquidity, downtrend",watchlist,6.74,7.74,743.76,-16.01,"[16.43, 17.23]","[33, 14]",0.9,55.0,471
VBL.NS,Varun Beverages Limited,Consumer Defensive,Consumer Defensive,Consumer Defensive,True,F&O,1,Stage 3,Stage 3,Late,0.76,"Prior strength has shifted into a Stage 3 transition based on trend, relative strength, and volume evidence.",,,2026-07-12,,Stage 3 Late,0.0,Weak,Volume Drying Up,Volume Drying Up (0.75x vs 10W Avg),-10.59,Underperformed Nifty by 10.59% in 3 Months,False,-10.59,9.13,2200306284.26,0.73,0.76,0.75,True,True,"Stage 3, Late, volume_dryup, weekly_volume_dryup, flags=Wider Risk;Low Liquidity, distribution_or_weakening_risk",watchlist,7.65,7.65,470.3,-8.57,"[23.89, 11.54]","[29, 10]",0.9,60.0,472
BAJAJFINSV.NS,Bajaj Finserv Limited,Financial Services,Financial Services,Financial Services,True,F&O,1,Stage 3,Stage 3,Early,0.68,"Prior strength has shifted into a Stage 3 transition based on trend, relative strength, and volume evidence.",,,,,Stage 3 Early,17.72,Neutral,Volume Drying Up,Volume Normal (0.94x vs 10W Avg),-0.48,Underperformed Nifty by 0.48% in 3 Months,False,-0.48,9.13,1199430587.26,0.74,0.85,0.94,True,False,"Stage 3, Early, weekly_vcp_ok, volume_dryup, weekly_strong, flags=Wide Risk;Low Liquidity, distribution_or_weakening_risk",watchlist,7.63,7.63,2036.06,-13.95,"[9.74, 5.13]","[9, 5]",0.9,35.0,473
CHOLAFIN.NS,Cholamandalam Investment and Finance Company Limited,Credit Services,Financial Services,Financial Services,True,F&O,1,Failed Stage 2,Stage 4,Failed Stage 2,0.72,"This stock was recently Stage 2, but the latest structure no longer satisfies Stage 2 rules. It is kept as Failed Stage 2 until a fresh base/repair structure forms.",Recent Stage 2 break; public stage held as Failed Stage 2.,2026-09-28,2026-09-23,,Failed Stage 2,12.84,Neutral,Volume Normal,Volume Normal (1.49x vs 10W Avg),-3.49,Underperformed Nifty by 3.49% in 3 Months,False,-3.49,22.79,2567214062.52,1.26,0.97,1.49,False,False,"Stage 4, Stage 4, weekly_vcp_ok, weekly_strong, flags=Wide Risk;Low Liquidity, downtrend | Stage 2 failed state applied from stage memory.",watchlist,6.63,7.63,1952.5,-16.3,"[16.73, 11.41, 7.87]","[19, 13, 5]",0.95,84.0,474
OLECTRA.NS,Olectra Greentech Limited,Farm & Heavy Construction Machinery,Industrials,Industrials,False,Cash,1,Stage 3,Stage 3,Early,0.68,"Prior strength has shifted into a Stage 3 transition based on trend, relative strength, and volume evidence.",,,2026-08-28,,Stage 3 Early,0.0,Weak,Volume Expanding,Volume Expanding (1.88x vs 10W Avg),-18.53,Underperformed Nifty by 18.53% in 3 Months,False,-18.53,17.38,457943559.49,1.26,0.87,1.88,False,False,"Stage 3, Early, flags=Wide Risk;Low Liquidity, distribution_or_weakening_risk",watchlist,6.55,7.55,1422.77,-17.5,"[16.63, 15.67]","[16, 15]",0.9,54.0,475
JBMA.NS,JBM Auto Limited,Auto Parts,Consumer Cyclical,Consumer Cyclical,False,Cash,1,Stage 4,Stage 4,Stage 4,0.66,Price is below weekly structure.,,,2026-08-28,,Stage 4,0.0,Weak,Volume Drying Up,Volume Drying Up (0.51x vs 10W Avg),-14.61,Underperformed Nifty by 14.61% in 3 Months,False,-14.61,4.06,156302300.72,0.45,0.19,0.51,True,True,"Stage 4, Stage 4, volume_dryup, weekly_volume_dryup, flags=Wide Risk;Low Liquidity, downtrend",watchlist,5.05,7.55,688.05,-17.0,"[12.95, 10.87]","[24, 14]",0.9,42.0,476
AVANTIFEED.NS,Avanti Feeds Limited,Packaged Foods,Consumer Defensive,Consumer Defensive,False,Cash,1,Stage 4,Stage 4,Stage 4,0.86,Price is below the 30-week trend and below long-term support structure.,,,,,Stage 4,0.0,Weak,Volume Drying Up,Volume Drying Up (0.55x vs 10W Avg),-15.74,Underperformed Nifty by 15.74% in 3 Months,False,-15.74,-35.97,217985952.23,0.63,0.54,0.55,True,True,"Stage 4, Stage 4, volume_dryup, weekly_volume_dryup, flags=Wide Base;Loose Structure;Wide Risk;Low Liquidity, downtrend",watchlist,7.51,7.51,1081.45,-31.43,"[43.15, 21.12]","[56, 18]",0.9,81.0,477
NLCINDIA.NS,NLC India Limited,Utilities,Utilities,Utilities,False,Cash,1,Stage 4,Stage 4,Stage 4,0.66,Price is below weekly structure.,,,2026-07-21,,Stage 4,0.0,Weak,Volume Drying Up,Volume Drying Up (0.48x vs 10W Avg),-13.33,Underperformed Nifty by 13.33% in 3 Months,False,-13.33,-5.52,388278004.73,0.81,0.48,0.48,True,True,"Stage 4, Stage 4, volume_dryup, weekly_volume_dryup, flags=Wide Risk;Low Liquidity, downtrend",watchlist,7.48,7.48,362.29,-29.15,"[21.33, 14.95, 14.43, 9.92]","[20, 24, 8, 5]",1.0,89.0,478
WHIRLPOOL.NS,Whirlpool of India Limited,"Furnishings, Fixtures & Appliances",Consumer Cyclical,Consumer Cyclical,False,Cash,1,Stage 1,Stage 1,Stage 1,0.68,Price is building a base around long-term weekly structure without a confirmed advancing phase.,,,,,Stage 1,22.07,Very Strong,Volume Expanding,Volume Expanding (7.46x vs 10W Avg),18.84,Outperformed Nifty by 18.84% in 3 Months,False,18.84,15.54,2438011569.78,3.72,2.1,7.46,False,False,"Stage 1, Stage 1, weekly_vcp_ok, weekly_strong, flags=Loose Structure;Wider Risk;Low Liquidity, stage1_not_actionable, stage1_needs_more_base",watchlist,7.32,7.32,855.09,7.25,"[25.81, 9.55, 10.7]","[33, 16, 10]",0.55,81.0,479
RAILTEL.NS,Railtel Corporation Of India Limited,Telecom Services,Communication Services,Communication Services,False,Cash,1,Stage 4,Stage 4,Stage 4,0.86,Price is below the 30-week trend and below long-term support structure.,,,,,Stage 4,9.24,Weak,Volume Drying Up,Volume Drying Up (0.59x vs 10W Avg),-13.39,Underperformed Nifty by 13.39% in 3 Months,False,-13.39,-0.12,130127521.1,0.74,0.48,0.59,True,True,"Stage 4, Stage 4, weekly_vcp_ok, volume_dryup, weekly_volume_dryup, weekly_strong, flags=Wide Risk;Low Liquidity, downtrend",watchlist,7.25,7.25,329.06,-22.16,"[16.72, 16.14, 16.67]","[25, 43, 20]",0.95,94.0,480
TATACHEM.NS,Tata Chemicals Limited,Chemicals,Basic Materials,Basic Materials,False,Cash,1,Stage 4,Stage 4,Stage 4,0.86,Price is below the 30-week trend and below long-term support structure.,,,,,Stage 4,8.7,Weak,Volume Drying Up,Volume Drying Up (0.80x vs 10W Avg),-1.76,Underperformed Nifty by 1.76% in 3 Months,False,-1.76,2.17,2532233834.42,3.69,0.93,0.8,False,True,"Stage 4, Stage 4, weekly_vcp_ok, weekly_volume_dryup, weekly_strong, flags=Wide Risk;Low Liquidity, downtrend",watchlist,4.74,7.24,833.46,-23.04,"[15.3, 13.55, 11.08]","[12, 9, 10]",0.95,96.0,481
JSWHL.NS,JSW Holdings Limited,Conglomerates,Industrials,Industrials,False,Cash,1,Stage 4,Stage 4,Stage 4,0.86,Price is below the 30-week trend and below long-term support structure.,,,,,Stage 4,20.07,Weak,Volume Drying Up,Volume Drying Up (0.35x vs 10W Avg),-3.52,Underperformed Nifty by 3.52% in 3 Months,False,-3.52,-4.0,79743179.65,1.65,0.23,0.35,False,True,"Stage 4, Stage 4, weekly_vcp_ok, weekly_volume_dryup, weekly_strong, flags=Wide Weekly Base;Wide Risk, downtrend",watchlist,7.1,7.1,12477.8,-11.64,"[20.25, 11.21, 11.65]","[28, 13, 10]",0.95,64.0,482
RECLTD.NS,REC Limited,Credit Services,Financial Services,Financial Services,True,F&O,1,Stage 4,Stage 4,Stage 4,0.66,Price is below weekly structure.,,,,,Stage 4,8.57,Weak,Volume Normal,Volume Normal (1.02x vs 10W Avg),-11.53,Underperformed Nifty by 11.53% in 3 Months,False,-11.53,-2.88,1372548577.25,0.91,1.32,1.02,False,False,"Stage 4, Stage 4, weekly_vcp_ok, weekly_strong, flags=Wide Risk;Low Liquidity, downtrend",watchlist,5.97,6.97,375.67,-19.28,"[17.15, 15.3]","[30, 43]",0.9,96.0,483
MAHLIFE.NS,Mahindra Lifespace Developers Limited,Real Estate,Real Estate,Real Estate,False,Cash,1,Stage 3,Stage 3,Early,0.68,"Prior strength has shifted into a Stage 3 transition based on trend, relative strength, and volume evidence.",,,2026-08-27,,Stage 3 Early,10.79,Strong,Volume Drying Up,Volume Drying Up (0.49x vs 10W Avg),3.59,Outperformed Nifty by 3.59% in 3 Months,False,3.59,17.0,32584184.09,0.51,1.28,0.49,True,True,"Stage 3, Early, volume_dryup, weekly_volume_dryup, flags=Wider Risk;Low Liquidity, distribution_or_weakening_risk",watchlist,5.9,6.9,408.71,-11.16,"[11.26, 8.56, 8.49, 9.12]","[11, 13, 9, 5]",0.73,114.0,484
TECHNOE.NS,Techno Electric & Engineering Company Limited,Engineering & Construction,Industrials,Industrials,False,Cash,1,Stage 4,Stage 4,Stage 4,0.86,Price is below the 30-week trend and below long-term support structure.,,,,,Stage 4,1.72,Weak,Volume Drying Up,Volume Drying Up (0.50x vs 10W Avg),-3.85,Underperformed Nifty by 3.85% in 3 Months,False,-3.85,-3.5,128728094.17,0.79,0.66,0.5,True,True,"Stage 4, Stage 4, volume_dryup, weekly_volume_dryup, flags=Wide Risk;Low Liquidity, downtrend",watchlist,6.82,6.82,1108.9,-11.46,"[28.93, 14.25, 9.48]","[13, 33, 13]",0.95,82.0,485
ABREL.NS,Aditya Birla Real Estate Limited,Real Estate Services,Real Estate,Real Estate,False,Cash,1,Stage 4,Stage 4,Stage 4,0.86,Price is below the 30-week trend and below long-term support structure.,,,,,Stage 4,5.96,Weak,Volume Expanding,Volume Expanding (1.62x vs 10W Avg),-11.08,Underperformed Nifty by 11.08% in 3 Months,False,-11.08,6.54,206125808.9,1.2,1.75,1.62,False,False,"Stage 4, Stage 4, weekly_vcp_ok, weekly_strong, flags=Wide Weekly Base;Wide Risk;Low Liquidity, downtrend",watchlist,5.79,6.79,1486.0,-19.82,"[27.72, 7.23]","[25, 5]",0.9,56.0,486
CENTRALBK.NS,Central Bank of India,Banks - Regional,Financial Services,Financial Services,False,Cash,1,Stage 4,Stage 4,Stage 4,0.66,Price is below weekly structure.,,,,,Stage 4,14.36,Weak,Volume Drying Up,Volume Drying Up (0.53x vs 10W Avg),-0.92,Underperformed Nifty by 0.92% in 3 Months,False,-0.92,-4.35,216037820.79,1.48,0.63,0.53,False,True,"Stage 4, Stage 4, weekly_vcp_ok, weekly_volume_dryup, weekly_strong, flags=Wide Risk;Low Liquidity, downtrend",watchlist,5.6,6.6,34.48,-11.28,"[19.65, 9.77, 8.35, 5.8]","[29, 15, 5, 20]",1.0,95.0,487
SKFINDIA.NS,SKF India Limited,Tools & Accessories,Industrials,Industrials,False,Cash,1,Stage 4,Stage 4,Stage 4,0.86,Price is below the 30-week trend and below long-term support structure.,,,,,Stage 4,10.23,Neutral,Volume Drying Up,Volume Drying Up (0.45x vs 10W Avg),-2.59,Underperformed Nifty by 2.59% in 3 Months,False,-2.59,3.21,74578266.52,0.83,0.6,0.45,True,True,"Stage 4, Stage 4, weekly_vcp_ok, volume_dryup, weekly_volume_dryup, flags=Wide Risk;Low Liquidity, downtrend",watchlist,5.6,6.6,1719.9,-12.1,"[13.76, 13.33]","[27, 24]",0.9,67.0,488
CEATLTD.NS,CEAT Limited,Auto Parts,Consumer Cyclical,Consumer Cyclical,False,Cash,1,Stage 4,Stage 4,Stage 4,0.66,Price is below weekly structure.,,,,,Stage 4,9.59,Weak,Volume Drying Up,Volume Drying Up (0.55x vs 10W Avg),-7.97,Underperformed Nifty by 7.97% in 3 Months,False,-7.97,0.47,181792586.73,0.84,1.17,0.55,True,True,"Stage 4, Stage 4, weekly_vcp_ok, volume_dryup, weekly_volume_dryup, weekly_strong, flags=Wide Risk;Low Liquidity, downtrend",watchlist,4.08,6.58,3831.49,-14.53,"[16.98, 15.26]","[9, 26]",0.9,48.0,489
APOLLOTYRE.NS,Apollo Tyres Limited,Auto Parts,Consumer Cyclical,Consumer Cyclical,False,Cash,1,Stage 4,Stage 4,Stage 4,0.86,Price is below the 30-week trend and below long-term support structure.,,,,,Stage 4,7.53,Weak,Volume Drying Up,Volume Drying Up (0.66x vs 10W Avg),-9.08,Underperformed Nifty by 9.08% in 3 Months,False,-9.08,-2.05,259376170.63,1.2,0.54,0.66,False,True,"Stage 4, Stage 4, weekly_vcp_ok, weekly_volume_dryup, weekly_strong, flags=Wide Risk;Low Liquidity, downtrend",watchlist,3.95,6.45,468.22,-16.79,"[6.88, 6.34, 5.64]","[9, 27, 7]",0.95,58.0,490
KIRLOSIND.NS,Kirloskar Industries Limited,Metal Fabrication,Industrials,Industrials,False,Cash,1,Failed Stage 2,Stage 3,Failed Stage 2,0.72,"This stock was recently Stage 2, but the latest structure no longer satisfies Stage 2 rules. It is kept as Failed Stage 2 until a fresh base/repair structure forms.",Recent Stage 2 break; public stage held as Failed Stage 2.,2026-09-28,2026-09-21,,Failed Stage 2,4.96,Weak,Volume Drying Up,Volume Drying Up (0.25x vs 10W Avg),-8.67,Underperformed Nifty by 8.67% in 3 Months,False,-8.67,34.33,149289734.84,0.55,0.12,0.25,True,True,"Stage 3, Early, volume_dryup, weekly_volume_dryup, flags=Wide Risk;Low Liquidity, distribution_or_weakening_risk | Stage 2 failed state applied from stage memory.",watchlist,1.37,6.37,4062.1,-13.33,"[12.59, 12.42]","[11, 7]",0.9,24.0,491
LTM.NS,LTM Limited,Information Technology Services,Technology,Technology,True,F&O,1,Stage 4,Stage 4,Stage 4,0.66,Price is below weekly structure.,,,,,Stage 4,9.23,Neutral,Volume Normal,Volume Normal (1.14x vs 10W Avg),16.26,Outperformed Nifty by 16.26% in 3 Months,False,16.26,-1.41,1617295265.65,1.02,1.04,1.14,False,False,"Stage 4, Stage 4, weekly_vcp_ok, weekly_strong, flags=Wide Weekly Base;Wide Risk;Low Liquidity, downtrend",watchlist,6.34,6.34,4720.4,-13.33,"[18.33, 19.08, 7.69]","[17, 20, 8]",0.95,67.0,492
SYMPHONY.NS,Symphony Limited,"Furnishings, Fixtures & Appliances",Consumer Cyclical,Consumer Cyclical,False,Cash,1,Stage 4,Stage 4,Stage 4,0.86,Price is below the 30-week trend and below long-term support structure.,,,,,Stage 4,0.0,Weak,Volume Drying Up,Volume Drying Up (0.39x vs 10W Avg),-9.41,Underperformed Nifty by 9.41% in 3 Months,False,-9.41,-16.58,190683774.15,0.36,0.82,0.39,True,True,"Stage 4, Stage 4, weekly_vcp_ok, volume_dryup, weekly_volume_dryup, weekly_strong, flags=Wide Risk;Low Liquidity, downtrend",watchlist,6.3,6.3,789.53,-25.79,"[26.64, 19.48, 13.92]","[32, 21, 6]",0.95,101.0,493
JSWENERGY.NS,JSW Energy Limited,Utilities,Utilities,Utilities,True,F&O,1,Stage 4,Stage 4,Stage 4,0.66,Price is below weekly structure.,,,2026-08-17,,Stage 4,9.77,Weak,Volume Drying Up,Volume Drying Up (0.84x vs 10W Avg),-7.34,Underperformed Nifty by 7.34% in 3 Months,False,-7.34,3.39,929326427.28,0.94,0.86,0.84,False,True,"Stage 4, Stage 4, weekly_vcp_ok, weekly_volume_dryup, weekly_strong, flags=Wide Risk;Low Liquidity, downtrend",watchlist,6.24,6.24,616.33,-19.69,"[13.74, 10.88, 10.22, 10.73]","[12, 9, 7, 30]",1.0,91.0,494
TMPV.NS,Tata Motors Passenger Vehicles Limited,Auto Manufacturers,Consumer Cyclical,Consumer Cyclical,True,F&O,1,Stage 4,Stage 4,Stage 4,0.86,Price is below the 30-week trend and below long-term support structure.,,,,,Stage 4,0.0,Weak,Volume Normal,Volume Normal (1.29x vs 10W Avg),-13.45,Underperformed Nifty by 13.45% in 3 Months,False,-13.45,-4.08,2824454341.5,1.4,1.58,1.29,False,False,"Stage 4, Stage 4, flags=Wide Risk;Low Liquidity, downtrend",watchlist,3.72,6.22,353.2,-20.23,"[21.31, 16.05]","[29, 27]",0.9,64.0,495
IGL.NS,Indraprastha Gas Limited,Utilities,Utilities,Utilities,False,Cash,1,Stage 4,Stage 4,Stage 4,0.86,Price is below the 30-week trend and below long-term support structure.,,,,,Stage 4,0.0,Weak,Volume Drying Up,Volume Drying Up (0.79x vs 10W Avg),-2.83,Underperformed Nifty by 2.83% in 3 Months,False,-2.83,0.3,230867589.56,0.85,0.56,0.79,False,True,"Stage 4, Stage 4, weekly_volume_dryup, flags=Wide Risk;Low Liquidity, downtrend",watchlist,6.18,6.18,175.91,-18.46,"[12.94, 7.25, 6.71]","[7, 6, 17]",0.95,80.0,496
PAGEIND.NS,Page Industries Limited,Apparel Manufacturing,Consumer Cyclical,Consumer Cyclical,True,F&O,1,Stage 3,Stage 3,Late,0.76,"Prior strength has shifted into a Stage 3 transition based on trend, relative strength, and volume evidence.",,,2026-08-12,,Stage 3 Late,15.92,Neutral,Volume Drying Up,Volume Drying Up (0.80x vs 10W Avg),-6.97,Underperformed Nifty by 6.97% in 3 Months,False,-6.97,18.31,680498417.0,0.81,0.69,0.8,True,True,"Stage 3, Late, weekly_vcp_ok, volume_dryup, weekly_volume_dryup, weekly_strong, flags=Low Liquidity, distribution_or_weakening_risk",watchlist,6.1,6.1,36603.94,2.45,"[15.14, 6.95]","[19, 6]",0.9,34.0,497
PFIZER.NS,Pfizer Limited,Drug Manufacturers - General,Healthcare,Healthcare,False,Cash,1,Stage 4,Stage 4,Stage 4,0.86,Price is below the 30-week trend and below long-term support structure.,,,,,Stage 4,7.91,Weak,Volume Drying Up,Volume Drying Up (0.33x vs 10W Avg),-4.06,Underperformed Nifty by 4.06% in 3 Months,False,-4.06,-14.65,215867858.85,0.47,0.35,0.33,True,True,"Stage 4, Stage 4, weekly_vcp_ok, volume_dryup, weekly_volume_dryup, weekly_strong, flags=Wide Risk;Low Liquidity, downtrend",watchlist,3.55,6.05,5038.8,-21.25,"[12.68, 7.39]","[14, 15]",0.9,30.0,498
AWL.NS,AWL Agri Business Limited,Packaged Foods,Consumer Defensive,Consumer Defensive,False,Cash,1,Stage 4,Stage 4,Stage 4,0.86,Price is below the 30-week trend and below long-term support structure.,,,,,Stage 4,12.4,Neutral,Volume Drying Up,Volume Drying Up (0.57x vs 10W Avg),3.31,Outperformed Nifty by 3.31% in 3 Months,False,3.31,1.11,305350338.71,0.59,0.25,0.57,True,True,"Stage 4, Stage 4, weekly_vcp_ok, volume_dryup, weekly_volume_dryup, weekly_strong, flags=Wide Weekly Base;Wide Risk;Low Liquidity, downtrend",watchlist,5.99,5.99,205.18,-11.95,"[9.31, 7.22]","[9, 8]",0.9,46.0,499
MSUMI.NS,Motherson Sumi Wiring India Limited,Auto Parts,Consumer Cyclical,Consumer Cyclical,False,Cash,1,Stage 4,Stage 4,Stage 4,0.86,Price is below the 30-week trend and below long-term support structure.,,,,,Stage 4,6.8,Weak,Volume Normal,Volume Normal (1.20x vs 10W Avg),-9.76,Underperformed Nifty by 9.76% in 3 Months,False,-9.76,-2.5,390277060.97,1.42,1.42,1.2,False,False,"Stage 4, Stage 4, weekly_vcp_ok, weekly_strong, flags=Wide Risk;Low Liquidity, downtrend",watchlist,3.49,5.99,42.07,-17.29,"[16.39, 6.82]","[25, 8]",0.9,48.0,500
JIOFIN.NS,Jio Financial Services Limited,Asset Management,Financial Services,Financial Services,True,F&O,1,Stage 4,Stage 4,Stage 4,0.86,Price is below the 30-week trend and below long-term support structure.,,,,,Stage 4,0.0,Weak,Volume Drying Up,Volume Drying Up (0.75x vs 10W Avg),-2.7,Underperformed Nifty by 2.7% in 3 Months,False,-2.7,-1.43,2491971372.41,0.77,1.77,0.75,True,True,"Stage 4, Stage 4, weekly_vcp_ok, volume_dryup, weekly_volume_dryup, weekly_strong, flags=Wide Risk;Low Liquidity, downtrend",watchlist,5.97,5.97,268.04,-17.74,"[11.59, 7.4, 7.23]","[13, 9, 13]",0.95,50.0,501
WONDERLA.NS,Wonderla Holidays Limited,Consumer Cyclical,Consumer Cyclical,Consumer Cyclical,False,Cash,1,Stage 1,Stage 1,Stage 1,0.68,Price is building a base around long-term weekly structure without a confirmed advancing phase.,,,,,Stage 1,24.96,Strong,Volume Drying Up,Volume Drying Up (0.36x vs 10W Avg),7.1,Outperformed Nifty by 7.1% in 3 Months,False,7.1,-0.63,27354936.35,0.42,0.41,0.36,True,True,"Stage 1, Stage 1, stage1_base_ready, weekly_vcp_ok, volume_dryup, weekly_volume_dryup, weekly_strong, flags=Wider Risk;Low Liquidity, stage1_not_actionable",watchlist,4.95,5.95,555.97,-9.07,"[11.41, 9.17]","[7, 10]",0.9,28.0,502
SANOFICONR.NS,Sanofi Consumer Healthcare India Limited,Drug Manufacturers - General,Healthcare,Healthcare,False,Cash,1,Stage 4,Stage 4,Stage 4,0.66,Price is below weekly structure.,,,,,Stage 4,9.19,Weak,Volume Drying Up,Volume Drying Up (0.58x vs 10W Avg),-8.6,Underperformed Nifty by 8.6% in 3 Months,False,-8.6,-8.73,19368218.44,0.58,2.02,0.58,True,True,"Stage 4, Stage 4, weekly_vcp_ok, volume_dryup, weekly_volume_dryup, weekly_strong, flags=Wide Risk;Low Liquidity, downtrend",watchlist,3.37,5.87,4935.62,-19.44,"[7.28, 4.8]","[29, 24]",0.9,60.0,503
RAMCOCEM.NS,The Ramco Cements Limited,Building Materials,Basic Materials,Basic Materials,False,Cash,1,Stage 4,Stage 4,Stage 4,0.86,Price is below the 30-week trend and below long-term support structure.,,,,,Stage 4,11.07,Weak,Volume Drying Up,Volume Drying Up (0.83x vs 10W Avg),-3.56,Underperformed Nifty by 3.56% in 3 Months,False,-3.56,-7.55,175172219.94,0.88,0.29,0.83,False,True,"Stage 4, Stage 4, weekly_vcp_ok, weekly_volume_dryup, weekly_strong, flags=Wide Risk, downtrend",watchlist,5.86,5.86,988.33,-14.13,"[11.5, 11.66, 6.31]","[11, 12, 17]",0.95,71.0,504
PRINCEPIPE.NS,Prince Pipes And Fittings Limited,Building Products & Equipment,Industrials,Industrials,False,Cash,1,Failed Stage 2,Stage 1,Failed Stage 2,0.72,"This stock was recently Stage 2, but the latest structure no longer satisfies Stage 2 rules. It is kept as Failed Stage 2 until a fresh base/repair structure forms.",Recent Stage 2 break; public stage held as Failed Stage 2.,2026-09-28,2026-09-23,,Failed Stage 2,15.99,Neutral,Volume Drying Up,Volume Drying Up (0.43x vs 10W Avg),-2.63,Underperformed Nifty by 2.63% in 3 Months,False,-2.63,18.1,37915150.57,0.59,0.62,0.43,True,True,"Stage 1, Stage 1, weekly_vcp_ok, volume_dryup, weekly_volume_dryup, weekly_strong, flags=Wide Risk;Low Liquidity, stage1_not_actionable, stage1_needs_more_base | Stage 2 failed state applied from stage memory.",watchlist,5.85,5.85,302.47,-14.78,"[16.72, 16.61]","[22, 14]",0.9,60.0,505
DABUR.NS,Dabur India Limited,Household & Personal Products,Consumer Defensive,Consumer Defensive,True,F&O,1,Stage 4,Stage 4,Stage 4,0.86,Price is below the 30-week trend and below long-term support structure.,,,,,Stage 4,0.0,Weak,Volume Drying Up,Volume Drying Up (0.73x vs 10W Avg),-7.48,Underperformed Nifty by 7.48% in 3 Months,False,-7.48,-4.09,800754463.52,1.24,1.51,0.73,False,True,"Stage 4, Stage 4, weekly_volume_dryup, flags=Wide Risk;Low Liquidity, downtrend",watchlist,5.84,5.84,450.95,-14.46,"[15.47, 15.97]","[19, 31]",0.9,88.0,506
NEWGEN.NS,Newgen Software Technologies Limited,Software - Infrastructure,Technology,Technology,False,Cash,1,Stage 4,Stage 4,Stage 4,0.66,Price is below weekly structure.,,,,,Stage 4,9.0,Neutral,Volume Drying Up,Volume Drying Up (0.30x vs 10W Avg),4.86,Outperformed Nifty by 4.86% in 3 Months,False,4.86,11.2,331811415.35,0.42,0.33,0.3,True,True,"Stage 4, Stage 4, weekly_vcp_ok, volume_dryup, weekly_volume_dryup, weekly_strong, flags=Wide Weekly Base;Wide Risk;Low Liquidity, downtrend",watchlist,4.78,5.78,576.91,-17.77,"[17.2, 11.41]","[9, 15]",0.9,27.0,507
NAVA.NS,NAVA LIMITED,Conglomerates,Industrials,Industrials,False,Cash,1,Stage 4,Stage 4,Stage 4,0.66,Price is below weekly structure.,,,,,Stage 4,14.64,Weak,Volume Normal,Volume Normal (0.98x vs 10W Avg),-5.86,Underperformed Nifty by 5.86% in 3 Months,False,-5.86,0.83,124469829.11,1.05,1.03,0.98,False,False,"Stage 4, Stage 4, weekly_vcp_ok, weekly_strong, flags=Wide Risk;Low Liquidity, downtrend",watchlist,5.71,5.71,634.99,-13.86,"[23.73, 12.93, 8.91, 8.95]","[23, 16, 5, 12]",1.0,91.0,508
CAMPUS.NS,Campus Activewear Limited,Consumer Cyclical,Consumer Cyclical,Consumer Cyclical,False,Cash,1,Stage 4,Stage 4,Stage 4,0.86,Price is below the 30-week trend and below long-term support structure.,,,,,Stage 4,0.0,Weak,Volume Drying Up,Volume Drying Up (0.46x vs 10W Avg),-4.16,Underperformed Nifty by 4.16% in 3 Months,False,-4.16,-5.36,71740215.52,0.61,0.77,0.46,True,True,"Stage 4, Stage 4, volume_dryup, weekly_volume_dryup, flags=Wide Risk;Low Liquidity, downtrend",watchlist,4.71,5.71,258.73,-18.43,"[10.93, 11.44, 12.5, 7.6]","[24, 12, 25, 9]",0.73,89.0,509
VIPIND.NS,VIP Industries Limited,Consumer Cyclical,Consumer Cyclical,Consumer Cyclical,False,Cash,1,Stage 4,Stage 4,Stage 4,0.86,Price is below the 30-week trend and below long-term support structure.,,,,,Stage 4,13.79,Neutral,Volume Drying Up,Volume Drying Up (0.72x vs 10W Avg),-0.53,Underperformed Nifty by 0.53% in 3 Months,False,-0.53,-4.16,100417600.1,1.14,0.3,0.72,False,True,"Stage 4, Stage 4, weekly_vcp_ok, weekly_volume_dryup, weekly_strong, flags=Wide Risk;Low Liquidity, downtrend",watchlist,4.7,5.7,345.6,-14.28,"[16.32, 16.52, 11.97]","[7, 39, 7]",0.95,94.0,510
MEDIASSIST.NS,Medi Assist Healthcare Services Limited,Healthcare,Healthcare,Healthcare,False,Cash,1,Stage 4,Stage 4,Stage 4,0.86,Price is below the 30-week trend and below long-term support structure.,,,,,Stage 4,5.89,Weak,Volume Expanding,Volume Expanding (2.21x vs 10W Avg),-12.53,Underperformed Nifty by 12.53% in 3 Months,False,-12.53,-0.09,85316966.75,1.66,0.89,2.21,False,False,"Stage 4, Stage 4, weekly_vcp_ok, weekly_strong, flags=Wide Weekly Base;Wide Risk;Low Liquidity, downtrend",watchlist,4.7,5.7,381.62,-19.36,"[14.92, 15.64, 12.88]","[9, 19, 15]",0.95,69.0,511
INTELLECT.NS,Intellect Design Arena Limited,Software - Application,Technology,Technology,False,Cash,1,Stage 4,Stage 4,Stage 4,0.86,Price is below the 30-week trend and below long-term support structure.,,,,,Stage 4,4.97,Weak,Volume Drying Up,Volume Drying Up (0.85x vs 10W Avg),-10.48,Underperformed Nifty by 10.48% in 3 Months,False,-10.48,-0.82,215054503.67,0.78,0.7,0.85,True,True,"Stage 4, Stage 4, weekly_vcp_ok, volume_dryup, weekly_volume_dryup, weekly_strong, flags=Wide Weekly Base;Wide Risk;Low Liquidity, downtrend",watchlist,3.14,5.64,765.74,-17.52,"[13.35, 11.89]","[20, 20]",0.9,41.0,512
INFY.NS,Infosys Limited,Information Technology Services,Technology,Technology,True,F&O,1,Stage 4,Stage 4,Stage 4,0.86,Price is below the 30-week trend and below long-term support structure.,,,,,Stage 4,9.0,Weak,Volume Drying Up,Volume Drying Up (0.78x vs 10W Avg),1.48,Outperformed Nifty by 1.48% in 3 Months,False,1.48,-18.95,9100336804.68,0.92,1.03,0.78,False,True,"Stage 4, Stage 4, weekly_vcp_ok, weekly_volume_dryup, weekly_strong, flags=Wide Risk;Low Liquidity, downtrend",watchlist,5.63,5.63,1254.0,-20.0,"[20.91, 21.52, 11.2]","[25, 21, 6]",0.95,109.0,513
SWIGGY.NS,Swiggy Limited,Consumer Cyclical,Consumer Cyclical,Consumer Cyclical,True,F&O,1,Stage 4,Stage 4,Stage 4,0.86,Price is below the 30-week trend and below long-term support structure.,,,,,Stage 4,10.37,Weak,Volume Drying Up,Volume Drying Up (0.80x vs 10W Avg),7.92,Outperformed Nifty by 7.92% in 3 Months,False,7.92,-4.77,7217149331.3,0.73,0.53,0.8,True,True,"Stage 4, Stage 4, weekly_vcp_ok, volume_dryup, weekly_volume_dryup, weekly_strong, flags=Wide Risk;Low Liquidity, downtrend",watchlist,4.59,5.59,305.53,-16.21,"[14.81, 11.56, 10.8]","[10, 9, 6]",0.95,39.0,514
OLAELEC.NS,Ola Electric Mobility Limited,Auto Manufacturers,Consumer Cyclical,Consumer Cyclical,False,Cash,1,Not Sure,Stage 3,Pending Stage 3,0.55,Blocked public stage jump Stage 1 -> Stage 3; waiting for intermediate/confirmed structure.,Blocked public stage jump Stage 1 -> Stage 3; waiting for intermediate/confirmed structure.,,,Stage 3,Not Sure - Unclear,4.58,Neutral,Volume Expanding,Volume Expanding (3.34x vs 10W Avg),-11.7,Underperformed Nifty by 11.7% in 3 Months,False,-11.7,35.85,3759078359.15,1.99,1.08,3.34,False,False,"Stage 3, Early, flags=Wide Risk;Low Liquidity, distribution_or_weakening_risk | Blocked public stage jump Stage 1 -> Stage 3; waiting for intermediate/confirmed structure.",watchlist,3.09,5.59,42.6,-11.13,"[18.76, 21.39, 15.38]","[14, 15, 14]",0.55,55.0,515
M&M.NS,Mahindra & Mahindra Limited,Auto Manufacturers,Consumer Cyclical,Consumer Cyclical,True,F&O,1,Stage 4,Stage 4,Stage 4,0.66,Price is below weekly structure.,,,,,Stage 4,9.42,Weak,Volume Normal,Volume Normal (1.00x vs 10W Avg),0.41,Outperformed Nifty by 0.41% in 3 Months,False,0.41,2.75,5713408686.41,1.0,1.18,1.0,False,False,"Stage 4, Stage 4, weekly_vcp_ok, weekly_strong, flags=Wide Risk;Low Liquidity, downtrend",watchlist,2.97,5.47,3540.79,-15.41,"[14.67, 4.28]","[25, 6]",0.9,49.0,516
JMFINANCIL.NS,JM Financial Limited,Capital Markets,Financial Services,Financial Services,False,Cash,1,Stage 1,Stage 1,Stage 1,0.64,Price is building a base around long-term weekly structure without a confirmed advancing phase.,,,,,Stage 1,20.7,Strong,Volume Drying Up,Volume Drying Up (0.67x vs 10W Avg),2.0,Outperformed Nifty by 2.0% in 3 Months,False,2.0,8.1,302480642.81,0.81,0.89,0.67,True,True,"Stage 1, Stage 1, weekly_vcp_ok, volume_dryup, weekly_volume_dryup, weekly_strong, flags=Wider Risk;Low Liquidity, stage1_not_actionable, stage1_needs_more_base",watchlist,5.45,5.45,136.3,-8.11,"[22.21, 11.66, 13.39]","[17, 20, 8]",0.55,93.0,517
GODIGIT.NS,Go Digit General Insurance Limited,Financial Services,Financial Services,Financial Services,False,Cash,1,Stage 4,Stage 4,Stage 4,0.86,Price is below the 30-week trend and below long-term support structure.,,,,,Stage 4,2.96,Weak,Volume Expanding,Volume Expanding (2.59x vs 10W Avg),-10.86,Underperformed Nifty by 10.86% in 3 Months,False,-10.86,-15.68,210615546.24,1.8,8.57,2.59,False,False,"Stage 4, Stage 4, flags=Low Liquidity, downtrend",watchlist,5.42,5.42,266.01,-1.04,"[26.66, 13.7]","[21, 10]",0.9,37.0,518
ADANIENT.NS,Adani Enterprises Limited,Energy,Energy,Energy,True,F&O,1,Failed Stage 2,Stage 3,Failed Stage 2,0.72,"This stock was recently Stage 2, but the latest structure no longer satisfies Stage 2 rules. It is kept as Failed Stage 2 until a fresh base/repair structure forms.",Recent Stage 2 break; public stage held as Failed Stage 2.,2026-09-28,2026-09-24,,Failed Stage 2,7.6,Weak,Volume Drying Up,Volume Drying Up (0.62x vs 10W Avg),-5.8,Underperformed Nifty by 5.8% in 3 Months,False,-5.8,56.68,4207074819.19,0.69,0.74,0.62,True,True,"Stage 3, Early, volume_dryup, weekly_volume_dryup, flags=Wide Risk;Low Liquidity, distribution_or_weakening_risk | Stage 2 failed state applied from stage memory.",watchlist,2.81,5.31,3245.0,-12.76,[7.45],[63],0.0,63.0,519
RELIANCE.NS,Reliance Industries Limited,Oil & Gas Refining & Marketing,Energy,Energy,True,F&O,1,Stage 4,Stage 4,Stage 4,0.66,Price is below weekly structure.,,,,,Stage 4,7.38,Weak,Volume Normal,Volume Normal (1.10x vs 10W Avg),-3.02,Underperformed Nifty by 3.02% in 3 Months,False,-3.02,-8.65,13587409629.61,1.07,1.29,1.1,False,False,"Stage 4, Stage 4, weekly_vcp_ok, flags=Wider Risk;Low Liquidity, downtrend",watchlist,2.7,5.2,1337.34,-10.45,"[14.55, 5.45]","[27, 12]",0.9,46.0,520
COROMANDEL.NS,Coromandel International Limited,Agricultural Inputs,Basic Materials,Basic Materials,False,Cash,1,Stage 4,Stage 4,Stage 4,0.66,Price is below weekly structure.,,,,,Stage 4,15.82,Weak,Volume Normal,Volume Normal (1.10x vs 10W Avg),-0.15,Underperformed Nifty by 0.15% in 3 Months,False,-0.15,3.46,211242119.9,1.1,0.44,1.1,False,False,"Stage 4, Stage 4, weekly_vcp_ok, weekly_strong, flags=Wider Risk;Low Liquidity, downtrend",watchlist,5.03,5.03,2129.9,-10.84,"[22.36, 8.68, 6.94]","[40, 9, 7]",0.95,74.0,521
DREDGECORP.NS,Dredging Corporation of India Limited,Engineering & Construction,Industrials,Industrials,False,Cash,1,Failed Stage 2,Stage 3,Failed Stage 2,0.72,"This stock was recently Stage 2, but the latest structure no longer satisfies Stage 2 rules. It is kept as Failed Stage 2 until a fresh base/repair structure forms.",Recent Stage 2 break; public stage held as Failed Stage 2.,2026-09-28,2026-09-14,,Failed Stage 2,0.0,Weak,Volume Drying Up,Volume Drying Up (0.67x vs 10W Avg),-9.68,Underperformed Nifty by 9.68% in 3 Months,False,-9.68,13.73,74601399.59,0.5,1.25,0.67,True,True,"Stage 3, Early, volume_dryup, weekly_volume_dryup, flags=Wide Risk;Low Liquidity, distribution_or_weakening_risk | Stage 2 failed state applied from stage memory.",watchlist,5.03,5.03,1206.11,-21.95,"[19.47, 22.39, 11.52]","[6, 23, 7]",0.55,49.0,522
JSWSTEEL.NS,JSW Steel Limited,Steel,Basic Materials,Basic Materials,True,F&O,1,Stage 1,Stage 1,Stage 1,0.64,Price is building a base around long-term weekly structure without a confirmed advancing phase.,,,2026-09-02,,Stage 1,28.52,Very Strong,Volume Drying Up,Volume Drying Up (0.67x vs 10W Avg),8.99,Outperformed Nifty by 8.99% in 3 Months,False,8.99,13.65,1584496352.38,0.82,0.81,0.67,True,True,"Stage 1, Stage 1, stage1_base_ready, weekly_vcp_ok, volume_dryup, weekly_volume_dryup, weekly_strong, flags=Low Liquidity, stage1_not_actionable",watchlist,0.0,5.0,1351.0,-6.43,[9.18],[14],0.0,14.0,523
JSL.NS,Jindal Stainless Limited,Steel,Basic Materials,Basic Materials,False,Cash,1,Stage 1,Stage 1,Stage 1,0.68,Price is building a base around long-term weekly structure without a confirmed advancing phase.,,,,,Stage 1,26.33,Very Strong,Volume Expanding,Volume Expanding (1.52x vs 10W Avg),13.4,Outperformed Nifty by 13.4% in 3 Months,False,13.4,6.58,975123929.18,1.67,1.34,1.52,False,False,"Stage 1, Stage 1, weekly_vcp_ok, weekly_strong, flags=Wider Risk;Low Liquidity, stage1_not_actionable, stage1_needs_more_base",watchlist,0.0,5.0,795.39,-6.25,[9.95],[5],0.0,5.0,524
ETHOSLTD.NS,Ethos Limited,Luxury Goods,Consumer Cyclical,Consumer Cyclical,False,Cash,1,Failed Stage 2,Stage 1,Failed Stage 2,0.72,"This stock was recently Stage 2, but the latest structure no longer satisfies Stage 2 rules. It is kept as Failed Stage 2 until a fresh base/repair structure forms.",Recent Stage 2 break; public stage held as Failed Stage 2.,2026-09-28,2026-09-24,,Failed Stage 2,21.1,Strong,Volume Drying Up,Volume Drying Up (0.63x vs 10W Avg),7.18,Outperformed Nifty by 7.18% in 3 Months,False,7.18,17.6,111197121.68,0.48,0.47,0.63,True,True,"Stage 1, Stage 1, weekly_vcp_ok, volume_dryup, weekly_volume_dryup, weekly_strong, flags=Wide Weekly Base;Wide Risk, stage1_not_actionable, stage1_needs_more_base | Stage 2 failed state applied from stage memory.",watchlist,0.0,5.0,2936.6,-14.25,[13.73],[10],0.0,10.0,525
PNGJL.NS,P N Gadgil Jewellers Limited,Luxury Goods,Consumer Cyclical,Consumer Cyclical,False,Cash,1,Stage 1,Stage 1,Stage 1,0.64,Price is building a base around long-term weekly structure without a confirmed advancing phase.,,,,,Stage 1,17.51,Neutral,Volume Drying Up,Volume Drying Up (0.75x vs 10W Avg),9.59,Outperformed Nifty by 9.59% in 3 Months,False,9.59,5.13,287060740.36,0.62,1.66,0.75,True,True,"Stage 1, Stage 1, weekly_vcp_ok, volume_dryup, weekly_volume_dryup, weekly_strong, flags=Wider Risk;Low Liquidity, stage1_not_actionable, stage1_needs_more_base",watchlist,0.0,5.0,635.81,-7.94,[21.46],[25],0.0,25.0,526
AIAENG.NS,AIA Engineering Limited,Specialty Industrial Machinery,Industrials,Industrials,False,Cash,1,Failed Stage 2,Stage 3,Failed Stage 2,0.72,"This stock was recently Stage 2, but the latest structure no longer satisfies Stage 2 rules. It is kept as Failed Stage 2 until a fresh base/repair structure forms.",Recent Stage 2 break; public stage held as Failed Stage 2.,2026-09-28,2026-09-08,,Failed Stage 2,16.73,Weak,Volume Normal,Volume Normal (1.46x vs 10W Avg),-17.72,Underperformed Nifty by 17.72% in 3 Months,False,-17.72,8.29,261715478.76,1.42,0.55,1.46,False,False,"Stage 3, Early, weekly_vcp_ok, weekly_strong, flags=Wide Risk, distribution_or_weakening_risk | Stage 2 failed state applied from stage memory.",watchlist,0.0,5.0,4526.72,-15.14,[22.38],[25],0.0,25.0,527
INGERRAND.NS,Ingersoll Rand (India) Limited,Specialty Industrial Machinery,Industrials,Industrials,False,Cash,1,Failed Stage 2,Stage 1,Failed Stage 2,0.72,"This stock was recently Stage 2, but the latest structure no longer satisfies Stage 2 rules. It is kept as Failed Stage 2 until a fresh base/repair structure forms.",Recent Stage 2 break; public stage held as Failed Stage 2.,2026-09-28,2026-09-15,,Failed Stage 2,14.48,Neutral,Volume Drying Up,Volume Drying Up (0.71x vs 10W Avg),0.11,Outperformed Nifty by 0.11% in 3 Months,False,0.11,18.61,105604654.35,0.88,0.38,0.71,False,True,"Stage 1, Stage 1, weekly_vcp_ok, weekly_volume_dryup, weekly_strong, flags=Wide Risk;Low Liquidity, stage1_not_actionable, stage1_needs_more_base | Stage 2 failed state applied from stage memory.",watchlist,0.0,5.0,4963.67,-14.85,[6.55],[54],0.0,54.0,528
SURYAROSNI.NS,Surya Roshni Limited,Steel,Basic Materials,Basic Materials,False,Cash,1,Stage 4,Stage 4,Stage 4,0.86,Price is below the 30-week trend and below long-term support structure.,,,,,Stage 4,13.26,Weak,Volume Drying Up,Volume Normal (0.88x vs 10W Avg),-8.48,Underperformed Nifty by 8.48% in 3 Months,False,-8.48,4.68,87913110.54,0.77,1.18,0.88,True,True,"Stage 4, Stage 4, weekly_vcp_ok, volume_dryup, weekly_volume_dryup, weekly_strong, flags=Low Liquidity, downtrend",watchlist,0.0,5.0,222.67,-1.15,[19.11],[28],0.0,28.0,529
ALKEM.NS,Alkem Laboratories Limited,Drug Manufacturers - Specialty & Generic,Healthcare,Healthcare,True,F&O,1,Stage 1,Stage 1,Stage 1,0.64,Price is building a base around long-term weekly structure without a confirmed advancing phase.,,,,,Stage 1,13.07,Weak,Volume Drying Up,Volume Drying Up (0.83x vs 10W Avg),-0.64,Underperformed Nifty by 0.64% in 3 Months,False,-0.64,0.86,736893734.73,1.35,0.76,0.83,False,True,"Stage 1, Stage 1, weekly_vcp_ok, weekly_volume_dryup, weekly_strong, flags=Wide Risk;Low Liquidity, stage1_not_actionable, stage1_needs_more_base",watchlist,0.0,5.0,5882.27,-12.02,[10.8],[89],0.0,89.0,530
SUNCLAY.NS,Sundaram Clayton Limited,Metal Fabrication,Industrials,Industrials,False,Cash,1,Stage 4,Stage 4,Stage 4,0.66,Price is below weekly structure.,,,,,Stage 4,12.48,Weak,Volume Drying Up,Volume Drying Up (0.83x vs 10W Avg),-4.47,Underperformed Nifty by 4.47% in 3 Months,False,-4.47,0.63,6230319.08,0.73,2.44,0.83,True,True,"Stage 4, Stage 4, weekly_vcp_ok, volume_dryup, weekly_volume_dryup, weekly_strong, flags=Wider Risk;Low Liquidity, downtrend",watchlist,0.0,5.0,1352.36,-9.06,[11.24],[12],0.0,12.0,531
BALUFORGE.NS,Balu Forge Industries Limited,Metal Fabrication,Industrials,Industrials,False,Cash,1,Failed Stage 2,Stage 1,Failed Stage 2,0.72,"This stock was recently Stage 2, but the latest structure no longer satisfies Stage 2 rules. It is kept as Failed Stage 2 until a fresh base/repair structure forms.",Recent Stage 2 break; public stage held as Failed Stage 2.,2026-09-28,2026-09-23,,Failed Stage 2,10.5,Strong,Volume Drying Up,Volume Drying Up (0.31x vs 10W Avg),10.44,Outperformed Nifty by 10.44% in 3 Months,False,10.44,17.49,554045841.51,0.41,0.17,0.31,True,True,"Stage 1, Stage 1, weekly_vcp_ok, volume_dryup, weekly_volume_dryup, weekly_strong, flags=Wide Weekly Base;Loose Structure;Wide Risk;Low Liquidity, stage1_not_actionable, stage1_needs_more_base | Stage 2 failed state applied from stage memory.",watchlist,0.0,5.0,650.94,-23.94,[27.69],[12],0.0,12.0,532
CIPLA.NS,Cipla Limited,Drug Manufacturers - Specialty & Generic,Healthcare,Healthcare,True,F&O,1,Stage 1,Stage 1,Stage 1,0.64,Price is building a base around long-term weekly structure without a confirmed advancing phase.,,,,,Stage 1,9.71,Very Strong,Volume Normal,Volume Normal (0.94x vs 10W Avg),0.14,Outperformed Nifty by 0.14% in 3 Months,False,0.14,19.39,1246926146.58,0.98,0.85,0.94,False,False,"Stage 1, Stage 1, flags=Low Liquidity, stage1_not_actionable, stage1_needs_more_base",watchlist,0.0,5.0,1488.1,-7.02,[9.85],[35],0.0,35.0,533
ERIS.NS,Eris Lifesciences Limited,Drug Manufacturers - Specialty & Generic,Healthcare,Healthcare,False,Cash,1,Stage 4,Stage 4,Stage 4,0.86,Price is below the 30-week trend and below long-term support structure.,,,,,Stage 4,9.02,Weak,Volume Drying Up,Volume Drying Up (0.53x vs 10W Avg),-9.56,Underperformed Nifty by 9.56% in 3 Months,False,-9.56,-2.88,66474562.72,0.67,0.52,0.53,True,True,"Stage 4, Stage 4, weekly_vcp_ok, volume_dryup, weekly_volume_dryup, weekly_strong, flags=Wide Risk;Low Liquidity, downtrend",watchlist,0.0,5.0,1412.47,-12.47,[14.98],[50],0.0,50.0,534
CUMMINSIND.NS,Cummins India Limited,Specialty Industrial Machinery,Industrials,Industrials,True,F&O,1,Stage 3,Stage 3,Early,0.68,"Prior strength has shifted into a Stage 3 transition based on trend, relative strength, and volume evidence.",,,2026-08-18,,Stage 3 Early,8.92,Weak,Volume Drying Up,Volume Drying Up (0.74x vs 10W Avg),-7.14,Underperformed Nifty by 7.14% in 3 Months,False,-7.14,7.61,1740063316.58,0.79,1.19,0.74,True,True,"Stage 3, Early, weekly_vcp_ok, volume_dryup, weekly_volume_dryup, weekly_strong, flags=Wide Risk;Low Liquidity, distribution_or_weakening_risk",watchlist,0.0,5.0,5692.78,-14.72,[4.62],[64],0.0,64.0,535
IDEAFORGE.NS,Ideaforge Technology Limited,Technology,Technology,Technology,False,Cash,1,Stage 3,Stage 3,Early,0.68,"Prior strength has shifted into a Stage 3 transition based on trend, relative strength, and volume evidence.",,,2026-08-20,,Stage 3 Early,8.74,Weak,Volume Drying Up,Volume Drying Up (0.69x vs 10W Avg),-10.32,Underperformed Nifty by 10.32% in 3 Months,False,-10.32,83.08,183596947.89,0.74,0.35,0.69,True,True,"Stage 3, Early, weekly_vcp_ok, volume_dryup, weekly_volume_dryup, flags=Wide Risk;Low Liquidity, distribution_or_weakening_risk",watchlist,0.0,5.0,948.61,-24.48,[26.84],[47],0.0,47.0,536
PGEL.NS,PG Electroplast Limited,Electronic Components,Technology,Technology,True,F&O,1,Stage 3,Stage 3,Early,0.68,"Prior strength has shifted into a Stage 3 transition based on trend, relative strength, and volume evidence.",,,2026-09-04,,Stage 3 Early,7.98,Weak,Volume Drying Up,Volume Drying Up (0.43x vs 10W Avg),-4.49,Underperformed Nifty by 4.49% in 3 Months,False,-4.49,13.87,442173811.69,0.46,0.55,0.43,True,True,"Stage 3, Early, weekly_vcp_ok, volume_dryup, weekly_volume_dryup, weekly_strong, flags=Wide Risk;Low Liquidity, distribution_or_weakening_risk",watchlist,0.0,5.0,605.47,-16.26,[11.03],[6],0.0,6.0,537
KIOCL.NS,KIOCL Limited,Steel,Basic Materials,Basic Materials,False,Cash,1,Stage 4,Stage 4,Stage 4,0.66,Price is below weekly structure.,,,,,Stage 4,7.48,Weak,Volume Drying Up,Volume Drying Up (0.35x vs 10W Avg),-9.27,Underperformed Nifty by 9.27% in 3 Months,False,-9.27,-1.16,27647898.98,0.44,0.98,0.35,True,True,"Stage 4, Stage 4, weekly_vcp_ok, volume_dryup, weekly_volume_dryup, weekly_strong, flags=Wide Risk;Low Liquidity, downtrend",watchlist,0.0,5.0,411.42,-19.55,"[19.52, 18.39]","[26, 11]",0.9,64.0,538
SIYSIL.NS,Siyaram Silk Mills Limited,Textile Manufacturing,Consumer Cyclical,Consumer Cyclical,False,Cash,1,Stage 4,Stage 4,Stage 4,0.86,Price is below the 30-week trend and below long-term support structure.,,,2026-08-20,,Stage 4,7.07,Weak,Volume Drying Up,Volume Drying Up (0.36x vs 10W Avg),-10.05,Underperformed Nifty by 10.05% in 3 Months,False,-10.05,15.0,16138575.38,0.55,0.35,0.36,True,True,"Stage 4, Stage 4, weekly_vcp_ok, volume_dryup, weekly_volume_dryup, weekly_strong, flags=Wide Weekly Base;Wider Risk;Low Liquidity, downtrend",watchlist,0.0,5.0,570.25,-6.47,[23.09],[22],0.0,22.0,539
ISGEC.NS,Isgec Heavy Engineering Limited,Specialty Industrial Machinery,Industrials,Industrials,False,Cash,1,Stage 1,Stage 1,Stage 1,0.64,Price is building a base around long-term weekly structure without a confirmed advancing phase.,,,,,Stage 1,6.93,Strong,Volume Expanding,Volume Expanding (1.59x vs 10W Avg),1.73,Outperformed Nifty by 1.73% in 3 Months,False,1.73,0.46,73885183.64,1.73,1.13,1.59,False,False,"Stage 1, Stage 1, flags=Low Liquidity, stage1_not_actionable, stage1_needs_more_base",watchlist,0.0,5.0,825.11,7.43,[26.87],[40],0.0,40.0,540
BBL.NS,Bharat Bijlee Limited,Electrical Equipment & Parts,Industrials,Industrials,False,Cash,1,Stage 4,Stage 4,Stage 4,0.86,Price is below the 30-week trend and below long-term support structure.,,,,,Stage 4,6.7,Weak,Volume Drying Up,Volume Drying Up (0.68x vs 10W Avg),-18.6,Underperformed Nifty by 18.6% in 3 Months,False,-18.6,-3.0,41555982.54,0.7,0.72,0.68,True,True,"Stage 4, Stage 4, weekly_vcp_ok, volume_dryup, weekly_volume_dryup, weekly_strong, flags=Wide Risk;Low Liquidity, downtrend",watchlist,0.0,5.0,2605.55,-18.93,"[24.71, 12.48]","[14, 11]",0.9,52.0,541
ORISSAMINE.NS,The Orissa Minerals Development Company Limited,Steel,Basic Materials,Basic Materials,False,Cash,1,Stage 4,Stage 4,Stage 4,0.86,Price is below the 30-week trend and below long-term support structure.,,,,,Stage 4,4.98,Weak,Volume Drying Up,Volume Drying Up (0.21x vs 10W Avg),-2.59,Underperformed Nifty by 2.59% in 3 Months,False,-2.59,11.02,29302418.1,0.31,0.47,0.21,True,True,"Stage 4, Stage 4, weekly_vcp_ok, volume_dryup, weekly_volume_dryup, weekly_strong, flags=Wide Weekly Base;Loose Structure;Wider Risk;Low Liquidity, downtrend",watchlist,0.0,5.0,4058.09,-9.62,[19.06],[27],0.0,27.0,542
VESUVIUS.NS,Vesuvius India Limited,Specialty Industrial Machinery,Industrials,Industrials,False,Cash,1,Stage 4,Stage 4,Stage 4,0.86,Price is below the 30-week trend and below long-term support structure.,,,,,Stage 4,4.81,Weak,Volume Normal,Volume Normal (1.08x vs 10W Avg),-13.57,Underperformed Nifty by 13.57% in 3 Months,False,-13.57,-13.44,27705241.53,1.14,1.18,1.08,False,False,"Stage 4, Stage 4, weekly_vcp_ok, weekly_strong, flags=Wide Risk;Low Liquidity, downtrend",watchlist,0.0,5.0,466.62,-17.41,"[12.66, 13.28]","[16, 14]",0.9,42.0,543
JAYNECOIND.NS,Jayaswal Neco Industries Limited,Steel,Basic Materials,Basic Materials,False,Cash,1,Failed Stage 2,Stage 1,Failed Stage 2,0.72,"This stock was recently Stage 2, but the latest structure no longer satisfies Stage 2 rules. It is kept as Failed Stage 2 until a fresh base/repair structure forms.",Recent Stage 2 break; public stage held as Failed Stage 2.,2026-09-28,2026-09-23,,Failed Stage 2,4.69,Strong,Volume Drying Up,Volume Drying Up (0.30x vs 10W Avg),2.51,Outperformed Nifty by 2.51% in 3 Months,False,2.51,13.64,459226325.71,0.4,0.41,0.3,True,True,"Stage 1, Stage 1, weekly_vcp_ok, volume_dryup, weekly_volume_dryup, weekly_strong, flags=Wide Risk;Low Liquidity, stage1_not_actionable, stage1_needs_more_base | Stage 2 failed state applied from stage memory.",watchlist,0.0,5.0,105.35,-16.49,[18.97],[8],0.0,8.0,544
HAVELLS.NS,Havells India Limited,Electrical Equipment & Parts,Industrials,Industrials,True,F&O,1,Stage 4,Stage 4,Stage 4,0.86,Price is below the 30-week trend and below long-term support structure.,,,,,Stage 4,4.54,Weak,Volume Drying Up,Volume Drying Up (0.50x vs 10W Avg),-3.46,Underperformed Nifty by 3.46% in 3 Months,False,-3.46,-5.38,862445403.63,0.7,0.97,0.5,True,True,"Stage 4, Stage 4, weekly_vcp_ok, volume_dryup, weekly_volume_dryup, weekly_strong, flags=Wide Risk;Low Liquidity, downtrend",watchlist,0.0,5.0,1301.37,-16.63,[17.79],[21],0.0,21.0,545
MAZDOCK.NS,Mazagon Dock Shipbuilders Limited,Aerospace & Defense,Industrials,Industrials,True,F&O,1,Stage 4,Stage 4,Stage 4,0.86,Price is below the 30-week trend and below long-term support structure.,,,2026-08-28,,Stage 4,4.39,Weak,Volume Drying Up,Volume Drying Up (0.68x vs 10W Avg),-11.06,Underperformed Nifty by 11.06% in 3 Months,False,-11.06,-3.16,1316358776.33,0.92,1.01,0.68,False,True,"Stage 4, Stage 4, weekly_vcp_ok, weekly_volume_dryup, weekly_strong, flags=Wide Risk;Low Liquidity, downtrend",watchlist,0.0,5.0,2661.45,-19.67,[11.63],[30],0.0,30.0,546
KIRLPNU.NS,Kirloskar Pneumatic Company Limited,Specialty Industrial Machinery,Industrials,Industrials,False,Cash,1,Stage 3,Stage 3,Early,0.68,"Prior strength has shifted into a Stage 3 transition based on trend, relative strength, and volume evidence.",,,2026-07-22,,Stage 3 Early,4.36,Weak,Volume Drying Up,Volume Drying Up (0.25x vs 10W Avg),-26.75,Underperformed Nifty by 26.75% in 3 Months,False,-26.75,27.84,102745213.58,0.45,0.37,0.25,True,True,"Stage 3, Early, volume_dryup, weekly_volume_dryup, flags=Wide Weekly Base;Wide Risk, distribution_or_weakening_risk",watchlist,0.0,5.0,774.15,-12.34,[12.45],[7],0.0,7.0,547
COCHINSHIP.NS,Cochin Shipyard Limited,Aerospace & Defense,Industrials,Industrials,True,F&O,1,Stage 4,Stage 4,Stage 4,0.86,Price is below the 30-week trend and below long-term support structure.,,,,,Stage 4,4.24,Weak,Volume Drying Up,Volume Drying Up (0.52x vs 10W Avg),-7.32,Underperformed Nifty by 7.32% in 3 Months,False,-7.32,3.47,1469477471.22,0.87,0.43,0.52,False,True,"Stage 4, Stage 4, weekly_vcp_ok, weekly_volume_dryup, weekly_strong, flags=Wide Risk;Low Liquidity, downtrend",watchlist,0.0,5.0,1576.13,-15.68,[16.01],[24],0.0,24.0,548
KAYNES.NS,Kaynes Technology India Limited,Electronic Components,Technology,Technology,True,F&O,1,Stage 1,Stage 1,Stage 1,0.68,Price is building a base around long-term weekly structure without a confirmed advancing phase.,,,,,Stage 1,4.07,Strong,Volume Normal,Volume Normal (1.21x vs 10W Avg),20.92,Outperformed Nifty by 20.92% in 3 Months,False,20.92,5.65,3650692576.57,1.0,0.89,1.21,False,False,"Stage 1, Stage 1, flags=Wide Risk;Low Liquidity, stage1_not_actionable, stage1_needs_more_base",watchlist,0.0,5.0,4125.11,-11.32,[16.91],[30],0.0,30.0,549
SANDUMA.NS,Sandur Manganese & Iron Ores Limited,Steel,Basic Materials,Basic Materials,False,Cash,1,Stage 4,Stage 4,Stage 4,0.86,Price is below the 30-week trend and below long-term support structure.,,,,,Stage 4,3.79,Weak,Volume Drying Up,Volume Drying Up (0.69x vs 10W Avg),-7.01,Underperformed Nifty by 7.01% in 3 Months,False,-7.01,1.67,92591691.19,0.82,1.05,0.69,True,True,"Stage 4, Stage 4, weekly_vcp_ok, volume_dryup, weekly_volume_dryup, weekly_strong, flags=Wide Weekly Base;Wide Risk;Low Liquidity, downtrend",watchlist,0.0,5.0,213.82,-15.11,[16.51],[14],0.0,14.0,550
ANUP.NS,The Anup Engineering Limited,Specialty Industrial Machinery,Industrials,Industrials,False,Cash,1,Stage 4,Stage 4,Stage 4,0.86,Price is below the 30-week trend and below long-term support structure.,,,,,Stage 4,3.79,Weak,Volume Drying Up,Volume Drying Up (0.81x vs 10W Avg),-22.46,Underperformed Nifty by 22.46% in 3 Months,False,-22.46,-2.73,36903444.38,0.71,0.9,0.81,True,True,"Stage 4, Stage 4, weekly_vcp_ok, volume_dryup, weekly_volume_dryup, weekly_strong, flags=Wide Base;Wide Weekly Base;Loose Structure;Wide Risk;Low Liquidity, downtrend",watchlist,0.0,5.0,1915.93,-14.82,[30.66],[29],0.0,29.0,551
BDL.NS,Bharat Dynamics Limited,Aerospace & Defense,Industrials,Industrials,True,F&O,1,Stage 4,Stage 4,Stage 4,0.86,Price is below the 30-week trend and below long-term support structure.,,,,,Stage 4,2.76,Weak,Volume Drying Up,Volume Drying Up (0.84x vs 10W Avg),-14.36,Underperformed Nifty by 14.36% in 3 Months,False,-14.36,-3.67,1205583918.79,0.81,1.03,0.84,True,True,"Stage 4, Stage 4, weekly_vcp_ok, volume_dryup, weekly_volume_dryup, weekly_strong, flags=Wide Risk;Low Liquidity, downtrend",watchlist,0.0,5.0,1395.67,-20.11,[23.3],[22],0.0,22.0,552
POWERINDIA.NS,Hitachi Energy India Limited,Electrical Equipment & Parts,Industrials,Industrials,True,F&O,1,Failed Stage 2,Stage 3,Failed Stage 2,0.72,"This stock was recently Stage 2, but the latest structure no longer satisfies Stage 2 rules. It is kept as Failed Stage 2 until a fresh base/repair structure forms.",Recent Stage 2 break; public stage held as Failed Stage 2.,2026-09-28,2026-09-21,,Failed Stage 2,2.43,Weak,Volume Drying Up,Volume Drying Up (0.77x vs 10W Avg),-5.28,Underperformed Nifty by 5.28% in 3 Months,False,-5.28,21.77,2758669790.75,0.83,0.76,0.77,True,True,"Stage 3, Early, volume_dryup, weekly_volume_dryup, flags=Wider Risk;Low Liquidity, distribution_or_weakening_risk | Stage 2 failed state applied from stage memory.",watchlist,0.0,5.0,32757.22,-7.62,[18.96],[26],0.0,26.0,553
GVT&D.NS,GE Vernova T&D India Limited,Specialty Industrial Machinery,Industrials,Industrials,False,Cash,1,Failed Stage 2,Stage 3,Failed Stage 2,0.72,"This stock was recently Stage 2, but the latest structure no longer satisfies Stage 2 rules. It is kept as Failed Stage 2 until a fresh base/repair structure forms.",Recent Stage 2 break; public stage held as Failed Stage 2.,2026-09-28,2026-09-23,,Failed Stage 2,2.15,Neutral,Volume Drying Up,Volume Drying Up (0.47x vs 10W Avg),-7.53,Underperformed Nifty by 7.53% in 3 Months,False,-7.53,12.49,3466770097.67,0.59,0.47,0.47,True,True,"Stage 3, Early, volume_dryup, weekly_volume_dryup, flags=Wide Risk;Low Liquidity, distribution_or_weakening_risk | Stage 2 failed state applied from stage memory.",watchlist,0.0,5.0,4833.44,-13.04,[14.0],[5],0.0,5.0,554
PGHL.NS,Procter & Gamble Health Limited,Drug Manufacturers - Specialty & Generic,Healthcare,Healthcare,False,Cash,1,Stage 3,Stage 3,Early,0.68,"Prior strength has shifted into a Stage 3 transition based on trend, relative strength, and volume evidence.",,,2026-08-11,,Stage 3 Early,0.99,Weak,Volume Drying Up,Volume Drying Up (0.70x vs 10W Avg),-10.69,Underperformed Nifty by 10.69% in 3 Months,False,-10.69,15.41,41910100.3,0.66,1.06,0.7,True,True,"Stage 3, Early, volume_dryup, weekly_volume_dryup, flags=Wider Risk;Low Liquidity, distribution_or_weakening_risk",watchlist,0.0,5.0,5883.58,-8.23,[23.38],[42],0.0,42.0,555
GRAVITA.NS,Gravita India Limited,Metal Fabrication,Industrials,Industrials,False,Cash,1,Stage 3,Stage 3,Late,0.76,"Prior strength has shifted into a Stage 3 transition based on trend, relative strength, and volume evidence.",,,2026-09-01,,Stage 3 Late,0.0,Weak,Volume Normal,Volume Normal (1.15x vs 10W Avg),-7.46,Underperformed Nifty by 7.46% in 3 Months,False,-7.46,16.18,310091080.2,1.03,0.89,1.15,False,False,"Stage 3, Late, weekly_vcp_ok, weekly_strong, flags=Wide Risk;Low Liquidity, distribution_or_weakening_risk",watchlist,0.0,5.0,1861.75,-20.75,[15.78],[13],0.0,13.0,556
ASTRAZEN.NS,AstraZeneca Pharma India Limited,Drug Manufacturers - Specialty & Generic,Healthcare,Healthcare,False,Cash,1,Stage 4,Stage 4,Stage 4,0.86,Price is below the 30-week trend and below long-term support structure.,,,,,Stage 4,0.0,Weak,Volume Drying Up,Volume Drying Up (0.50x vs 10W Avg),-18.36,Underperformed Nifty by 18.36% in 3 Months,False,-18.36,-17.15,37132174.3,0.61,1.01,0.5,True,True,"Stage 4, Stage 4, weekly_vcp_ok, volume_dryup, weekly_volume_dryup, weekly_strong, flags=Loose Structure;Wide Risk;Low Liquidity, downtrend",watchlist,0.0,5.0,8760.24,-28.31,"[10.0, 10.7, 10.06, 6.87]","[14, 12, 13, 9]",0.73,72.0,557
SYNGENE.NS,Syngene International Limited,Diagnostics & Research,Healthcare,Healthcare,False,Cash,1,Stage 4,Stage 4,Stage 4,0.86,Price is below the 30-week trend and below long-term support structure.,,,,,Stage 4,0.0,Weak,Volume Drying Up,Volume Drying Up (0.27x vs 10W Avg),-9.42,Underperformed Nifty by 9.42% in 3 Months,False,-9.42,-1.33,236350507.62,0.78,0.44,0.27,True,True,"Stage 4, Stage 4, weekly_vcp_ok, volume_dryup, weekly_volume_dryup, weekly_strong, flags=Wide Weekly Base;Wide Risk;Low Liquidity, downtrend",watchlist,0.0,5.0,450.74,-16.58,"[16.66, 18.86]","[24, 33]",0.1,65.0,558
INOXWIND.NS,Inox Wind Limited,Specialty Industrial Machinery,Industrials,Industrials,True,F&O,1,Stage 4,Stage 4,Stage 4,0.86,Price is below the 30-week trend and below long-term support structure.,,,,,Stage 4,0.0,Weak,Volume Drying Up,Volume Normal (0.89x vs 10W Avg),-14.86,Underperformed Nifty by 14.86% in 3 Months,False,-14.86,-7.23,902189434.74,0.8,0.47,0.89,True,True,"Stage 4, Stage 4, weekly_vcp_ok, volume_dryup, weekly_volume_dryup, flags=Wide Weekly Base;Wide Risk;Low Liquidity, downtrend",watchlist,0.0,5.0,94.87,-24.1,"[16.49, 18.56, 16.19]","[6, 12, 22]",0.55,83.0,559
GENUSPOWER.NS,Genus Power Infrastructures Limited,Electrical Equipment & Parts,Industrials,Industrials,False,Cash,1,Failed Stage 2,Stage 1,Failed Stage 2,0.72,"This stock was recently Stage 2, but the latest structure no longer satisfies Stage 2 rules. It is kept as Failed Stage 2 until a fresh base/repair structure forms.",Recent Stage 2 break; public stage held as Failed Stage 2.,2026-09-28,2026-09-15,,Failed Stage 2,0.0,Neutral,Volume Drying Up,Volume Drying Up (0.62x vs 10W Avg),-0.93,Underperformed Nifty by 0.93% in 3 Months,False,-0.93,28.4,550754411.4,0.71,0.47,0.62,True,True,"Stage 1, Stage 1, volume_dryup, weekly_volume_dryup, flags=Wide Risk;Low Liquidity, stage1_not_actionable, stage1_needs_more_base | Stage 2 failed state applied from stage memory.",watchlist,0.0,5.0,352.92,-16.68,[17.68],[13],0.0,13.0,560
VIYASH.NS,Viyash Scientific Limited,Drug Manufacturers - Specialty & Generic,Healthcare,Healthcare,False,Cash,1,Failed Stage 2,Stage 3,Failed Stage 2,0.72,"This stock was recently Stage 2, but the latest structure no longer satisfies Stage 2 rules. It is kept as Failed Stage 2 until a fresh base/repair structure forms.",Recent Stage 2 break; public stage held as Failed Stage 2.,2026-09-28,2026-09-18,,Failed Stage 2,0.0,Weak,Volume Drying Up,Volume Drying Up (0.43x vs 10W Avg),-12.49,Underperformed Nifty by 12.49% in 3 Months,False,-12.49,27.94,684224530.47,0.51,0.19,0.43,True,True,"Stage 3, Late, volume_dryup, weekly_volume_dryup, flags=Wide Risk;Low Liquidity, distribution_or_weakening_risk | Stage 2 failed state applied from stage memory.",watchlist,0.0,5.0,280.49,-14.08,[15.41],[16],0.0,16.0,561
NSLNISP.NS,NMDC Steel Limited,Steel,Basic Materials,Basic Materials,False,Cash,1,Failed Stage 2,Stage 3,Failed Stage 2,0.72,"This stock was recently Stage 2, but the latest structure no longer satisfies Stage 2 rules. It is kept as Failed Stage 2 until a fresh base/repair structure forms.",Recent Stage 2 break; public stage held as Failed Stage 2.,2026-09-28,2026-09-23,,Failed Stage 2,0.0,Strong,Volume Drying Up,Volume Drying Up (0.67x vs 10W Avg),0.21,Outperformed Nifty by 0.21% in 3 Months,False,0.21,19.91,204684531.39,0.61,0.74,0.67,True,True,"Stage 3, Late, volume_dryup, weekly_volume_dryup, flags=Wide Risk;Low Liquidity, distribution_or_weakening_risk | Stage 2 failed state applied from stage memory.",watchlist,0.0,5.0,49.49,-15.57,[18.56],[13],0.0,13.0,562
ZENTEC.NS,Zen Technologies Limited,Aerospace & Defense,Industrials,Industrials,False,Cash,1,Failed Stage 2,Stage 1,Failed Stage 2,0.72,"This stock was recently Stage 2, but the latest structure no longer satisfies Stage 2 rules. It is kept as Failed Stage 2 until a fresh base/repair structure forms.",Recent Stage 2 break; public stage held as Failed Stage 2.,2026-09-28,2026-09-25,,Failed Stage 2,0.0,Neutral,Volume Drying Up,Volume Drying Up (0.50x vs 10W Avg),-2.2,Underperformed Nifty by 2.2% in 3 Months,False,-2.2,22.48,488444127.39,0.61,0.44,0.5,True,True,"Stage 1, Stage 1, volume_dryup, weekly_volume_dryup, flags=Wide Risk;Low Liquidity, stage1_not_actionable, stage1_needs_more_base | Stage 2 failed state applied from stage memory.",watchlist,0.0,5.0,1869.67,-12.13,[22.37],[20],0.0,20.0,563
VAIBHAVGBL.NS,Vaibhav Global Limited,Luxury Goods,Consumer Cyclical,Consumer Cyclical,False,Cash,1,Stage 4,Stage 4,Stage 4,0.86,Price is below the 30-week trend and below long-term support structure.,,,2026-08-13,,Stage 4,0.0,Weak,Volume Drying Up,Volume Drying Up (0.58x vs 10W Avg),-8.69,Underperformed Nifty by 8.69% in 3 Months,False,-8.69,17.59,43841678.78,0.54,1.38,0.58,True,True,"Stage 4, Stage 4, volume_dryup, weekly_volume_dryup, flags=Wide Weekly Base;Loose Structure;Wide Risk;Low Liquidity, downtrend",watchlist,0.0,5.0,232.91,-14.25,[11.21],[8],0.0,8.0,564
FDC.NS,FDC Limited,Drug Manufacturers - Specialty & Generic,Healthcare,Healthcare,False,Cash,1,Stage 4,Stage 4,Stage 4,0.86,Price is below the 30-week trend and below long-term support structure.,,,2026-08-04,,Stage 4,0.0,Weak,Volume Drying Up,Volume Drying Up (0.61x vs 10W Avg),-15.77,Underperformed Nifty by 15.77% in 3 Months,False,-15.77,6.92,51357056.35,0.85,0.99,0.61,False,True,"Stage 4, Stage 4, weekly_volume_dryup, flags=Low Liquidity, downtrend",watchlist,0.0,5.0,366.24,-6.18,[22.64],[22],0.0,22.0,565
POLYCAB.NS,Polycab India Limited,Electrical Equipment & Parts,Industrials,Industrials,True,F&O,1,Stage 3,Stage 3,Late,0.76,"Prior strength has shifted into a Stage 3 transition based on trend, relative strength, and volume evidence.",,,2026-08-31,,Stage 3 Late,0.0,Weak,Volume Drying Up,Volume Drying Up (0.79x vs 10W Avg),-9.88,Underperformed Nifty by 9.88% in 3 Months,False,-9.88,21.91,3185257714.72,0.84,0.78,0.79,True,True,"Stage 3, Late, volume_dryup, weekly_volume_dryup, flags=Wide Risk;Low Liquidity, distribution_or_weakening_risk",watchlist,0.0,5.0,9649.36,-15.11,"[13.18, 14.08]","[20, 22]",0.1,62.0,566
SUZLON.NS,Suzlon Energy Limited,Specialty Industrial Machinery,Industrials,Industrials,True,F&O,1,Stage 4,Stage 4,Stage 4,0.86,Price is below the 30-week trend and below long-term support structure.,,,2026-07-12,,Stage 4,0.0,Weak,Volume Normal,Volume Normal (1.45x vs 10W Avg),-26.12,Underperformed Nifty by 26.12% in 3 Months,False,-26.12,-0.49,2168188483.72,1.13,1.44,1.45,False,False,"Stage 4, Stage 4, flags=Loose Structure;Wide Risk;Low Liquidity, downtrend",watchlist,0.0,5.0,59.41,-33.25,[20.89],[65],0.0,65.0,567
KEI.NS,KEI Industries Limited,Electrical Equipment & Parts,Industrials,Industrials,True,F&O,1,Stage 3,Stage 3,Late,0.76,"Prior strength has shifted into a Stage 3 transition based on trend, relative strength, and volume evidence.",,,2026-09-03,,Stage 3 Late,0.0,Weak,Volume Drying Up,Volume Drying Up (0.61x vs 10W Avg),-9.31,Underperformed Nifty by 9.31% in 3 Months,False,-9.31,13.82,3036607947.75,0.64,0.42,0.61,True,True,"Stage 3, Late, volume_dryup, weekly_volume_dryup, flags=Wide Risk;Low Liquidity, distribution_or_weakening_risk",watchlist,0.0,5.0,5750.35,-21.47,[24.61],[18],0.0,18.0,568
ITI.NS,ITI Limited,Communication Equipment,Technology,Technology,False,Cash,1,Stage 4,Stage 4,Stage 4,0.86,Price is below the 30-week trend and below long-term support structure.,,,,,Stage 4,0.0,Weak,Volume Drying Up,Volume Drying Up (0.73x vs 10W Avg),-12.88,Underperformed Nifty by 12.88% in 3 Months,False,-12.88,-1.29,37092685.53,0.65,0.82,0.73,True,True,"Stage 4, Stage 4, volume_dryup, weekly_volume_dryup, flags=Wide Risk;Low Liquidity, downtrend",watchlist,0.0,5.0,296.42,-17.08,[16.68],[28],0.0,28.0,569
NATCOPHARM.NS,Natco Pharma Limited,Drug Manufacturers - Specialty & Generic,Healthcare,Healthcare,False,Cash,1,Stage 4,Stage 4,Stage 4,0.66,Price is below weekly structure.,,,,,Stage 4,0.0,Weak,Volume Normal,Volume Normal (1.26x vs 10W Avg),-6.08,Underperformed Nifty by 6.08% in 3 Months,False,-6.08,-16.97,338884833.5,1.18,1.25,1.26,False,False,"Stage 4, Stage 4, flags=Wide Risk;Low Liquidity, downtrend",watchlist,0.0,5.0,916.05,-9.55,[16.84],[23],0.0,23.0,570
KIRLOSBROS.NS,Kirloskar Brothers Limited,Specialty Industrial Machinery,Industrials,Industrials,False,Cash,1,Failed Stage 2,Stage 3,Failed Stage 2,0.72,"This stock was recently Stage 2, but the latest structure no longer satisfies Stage 2 rules. It is kept as Failed Stage 2 until a fresh base/repair structure forms.",Recent Stage 2 break; public stage held as Failed Stage 2.,2026-09-28,2026-09-14,,Failed Stage 2,0.0,Neutral,Volume Drying Up,Volume Drying Up (0.43x vs 10W Avg),-4.24,Underperformed Nifty by 4.24% in 3 Months,False,-4.24,26.12,50960498.72,0.61,0.83,0.43,True,True,"Stage 3, Early, volume_dryup, weekly_volume_dryup, flags=Wide Risk;Low Liquidity, distribution_or_weakening_risk | Stage 2 failed state applied from stage memory.",watchlist,0.0,5.0,2184.72,-20.71,[4.39],[94],0.0,94.0,571
TARIL.NS,Transformers And Rectifiers (India) Limited,Electrical Equipment & Parts,Industrials,Industrials,False,Cash,1,Stage 4,Stage 4,Stage 4,0.66,Price is below weekly structure.,,,,,Stage 4,0.0,Weak,Volume Drying Up,Volume Drying Up (0.55x vs 10W Avg),-19.12,Underperformed Nifty by 19.12% in 3 Months,False,-19.12,1.38,244324010.45,0.62,0.45,0.55,True,True,"Stage 4, Stage 4, volume_dryup, weekly_volume_dryup, flags=Wide Risk;Low Liquidity, downtrend",watchlist,0.0,5.0,327.23,-17.35,[23.66],[44],0.0,44.0,572
SENCO.NS,Senco Gold Limited,Luxury Goods,Consumer Cyclical,Consumer Cyclical,False,Cash,1,Failed Stage 2,Stage 3,Failed Stage 2,0.72,"This stock was recently Stage 2, but the latest structure no longer satisfies Stage 2 rules. It is kept as Failed Stage 2 until a fresh base/repair structure forms.",Recent Stage 2 break; public stage held as Failed Stage 2.,2026-09-28,2026-09-18,,Failed Stage 2,0.0,Neutral,Volume Drying Up,Volume Drying Up (0.66x vs 10W Avg),1.32,Outperformed Nifty by 1.32% in 3 Months,False,1.32,12.79,255919467.11,0.46,3.18,0.66,True,True,"Stage 3, Early, volume_dryup, weekly_volume_dryup, flags=Wide Risk;Low Liquidity, distribution_or_weakening_risk | Stage 2 failed state applied from stage memory.",watchlist,0.0,5.0,378.41,-15.89,[23.48],[17],0.0,17.0,573
OSWALPUMPS.NS,Oswal Pumps Limited,Electrical Equipment & Parts,Industrials,Industrials,False,Cash,1,Stage 4,Stage 4,Stage 4,0.86,Price is below the 30-week trend and below long-term support structure.,,,,,Stage 4,0.0,Weak,Volume Drying Up,Volume Normal (1.09x vs 10W Avg),-30.64,Underperformed Nifty by 30.64% in 3 Months,False,-30.64,-11.45,143466393.38,0.77,0.47,1.09,True,False,"Stage 4, Stage 4, volume_dryup, flags=Wide Base;Loose Structure;Wider Risk;Low Liquidity, downtrend",watchlist,0.0,5.0,294.11,-8.69,[40.52],[59],0.0,59.0,574
PRAKASH.NS,Prakash Industries Limited,Steel,Basic Materials,Basic Materials,False,Cash,1,Stage 4,Stage 4,Stage 4,0.86,Price is below the 30-week trend and below long-term support structure.,,,,,Stage 4,0.0,Weak,Volume Normal,Volume Normal (1.36x vs 10W Avg),-10.43,Underperformed Nifty by 10.43% in 3 Months,False,-10.43,-2.12,55598697.19,1.22,1.23,1.36,False,False,"Stage 4, Stage 4, flags=Wider Risk;Low Liquidity, downtrend",watchlist,0.0,5.0,128.16,-9.74,[21.06],[28],0.0,28.0,575
NBCC.NS,NBCC (India) Limited,Engineering & Construction,Industrials,Industrials,True,F&O,1,Stage 4,Stage 4,Stage 4,0.86,Price is below the 30-week trend and below long-term support structure.,,,,,Stage 4,0.0,Weak,Volume Normal,Volume Normal (0.90x vs 10W Avg),-16.53,Underperformed Nifty by 16.53% in 3 Months,False,-16.53,-0.54,359654050.96,0.92,1.08,0.9,False,False,"Stage 4, Stage 4, flags=Wide Weekly Base;Wide Risk;Low Liquidity, downtrend",watchlist,4.93,4.93,101.94,-21.32,"[20.07, 17.21]","[26, 29]",0.9,64.0,576
AMBUJACEM.NS,Ambuja Cements Limited,Building Materials,Basic Materials,Basic Materials,True,F&O,1,Stage 4,Stage 4,Stage 4,0.86,Price is below the 30-week trend and below long-term support structure.,,,,,Stage 4,8.1,Weak,Volume Drying Up,Volume Drying Up (0.54x vs 10W Avg),-7.62,Underperformed Nifty by 7.62% in 3 Months,False,-7.62,-7.84,444729396.37,0.62,0.98,0.54,True,True,"Stage 4, Stage 4, weekly_vcp_ok, volume_dryup, weekly_volume_dryup, weekly_strong, flags=Wide Risk;Low Liquidity, downtrend",watchlist,4.88,4.88,451.29,-17.05,"[12.38, 6.65]","[11, 14]",0.9,42.0,577
PRAJIND.NS,Praj Industries Limited,Engineering & Construction,Industrials,Industrials,False,Cash,1,Stage 4,Stage 4,Stage 4,0.66,Price is below weekly structure.,,,2026-09-03,,Stage 4,11.16,Weak,Volume Drying Up,Volume Drying Up (0.42x vs 10W Avg),-7.22,Underperformed Nifty by 7.22% in 3 Months,False,-7.22,-3.3,129387426.43,0.45,0.43,0.42,True,True,"Stage 4, Stage 4, weekly_vcp_ok, volume_dryup, weekly_volume_dryup, weekly_strong, flags=Wide Risk;Low Liquidity, downtrend",watchlist,4.8,4.8,396.36,-21.3,"[16.64, 19.02, 18.23, 14.74]","[17, 13, 16, 17]",0.73,104.0,578
SAFARI.NS,Safari Industries (India) Limited,Consumer Cyclical,Consumer Cyclical,Consumer Cyclical,False,Cash,1,Stage 4,Stage 4,Stage 4,0.86,Price is below the 30-week trend and below long-term support structure.,,,,,Stage 4,5.71,Weak,Volume Drying Up,Volume Drying Up (0.83x vs 10W Avg),-5.06,Underperformed Nifty by 5.06% in 3 Months,False,-5.06,3.93,59221353.6,1.12,0.69,0.83,False,True,"Stage 4, Stage 4, weekly_vcp_ok, weekly_volume_dryup, weekly_strong, flags=Wide Weekly Base;Wide Risk, downtrend",watchlist,3.8,4.8,1700.81,-14.56,"[17.58, 6.26]","[12, 76]",0.9,89.0,579
EPIGRAL.NS,Epigral Limited,Chemicals,Basic Materials,Basic Materials,False,Cash,1,Stage 4,Stage 4,Stage 4,0.86,Price is below the 30-week trend and below long-term support structure.,,,,,Stage 4,7.73,Neutral,Volume Drying Up,Volume Drying Up (0.34x vs 10W Avg),2.72,Outperformed Nifty by 2.72% in 3 Months,False,2.72,22.22,39912670.4,0.33,0.45,0.34,True,True,"Stage 4, Stage 4, weekly_vcp_ok, volume_dryup, weekly_volume_dryup, weekly_strong, flags=Wide Base;Wide Risk;Low Liquidity, downtrend",watchlist,2.29,4.79,1267.01,-18.08,"[30.49, 13.13]","[49, 18]",0.9,77.0,580
APTUS.NS,Aptus Value Housing Finance India Limited,Mortgage Finance,Financial Services,Financial Services,False,Cash,1,Stage 4,Stage 4,Stage 4,0.86,Price is below the 30-week trend and below long-term support structure.,,,,,Stage 4,5.87,Weak,Volume Expanding,Volume Expanding (1.63x vs 10W Avg),-12.71,Underperformed Nifty by 12.71% in 3 Months,False,-12.71,22.45,371956856.67,1.56,0.47,1.63,False,False,"Stage 4, Stage 4, weekly_vcp_ok, weekly_strong, flags=Loose Structure;Wide Risk;Low Liquidity, downtrend",watchlist,4.77,4.77,309.54,-23.28,"[14.83, 11.33]","[23, 45]",0.9,72.0,581
DELHIVERY.NS,Delhivery Limited,Industrials,Industrials,Industrials,True,F&O,1,Stage 4,Stage 4,Stage 4,0.66,Price is below weekly structure.,,,2026-08-11,,Stage 4,13.09,Weak,Volume Expanding,Volume Normal (1.19x vs 10W Avg),-14.88,Underperformed Nifty by 14.88% in 3 Months,False,-14.88,-2.14,993311963.61,1.14,2.23,1.19,False,False,"Stage 4, Stage 4, weekly_vcp_ok, weekly_strong, flags=Wide Risk;Low Liquidity, downtrend",watchlist,4.72,4.72,472.78,-13.81,"[12.57, 10.64]","[10, 17]",0.9,32.0,582
BRITANNIA.NS,Britannia Industries Limited,Packaged Foods,Consumer Defensive,Consumer Defensive,True,F&O,1,Stage 4,Stage 4,Stage 4,0.66,Price is below weekly structure.,,,,,Stage 4,2.3,Weak,Volume Drying Up,Volume Drying Up (0.70x vs 10W Avg),-1.91,Underperformed Nifty by 1.91% in 3 Months,False,-1.91,-5.92,1144495364.17,0.8,1.24,0.7,True,True,"Stage 4, Stage 4, volume_dryup, weekly_volume_dryup, flags=Wide Risk;Low Liquidity, downtrend",watchlist,4.71,4.71,5699.46,-13.76,"[14.54, 4.52]","[20, 5]",0.9,48.0,583
CHAMBLFERT.NS,Chambal Fertilizers & Chemicals Limited,Agricultural Inputs,Basic Materials,Basic Materials,False,Cash,1,Stage 4,Stage 4,Stage 4,0.66,Price is below weekly structure.,,,,,Stage 4,0.68,Weak,Volume Normal,Volume Normal (0.91x vs 10W Avg),-6.0,Underperformed Nifty by 6.0% in 3 Months,False,-6.0,-4.0,199967488.93,0.92,0.72,0.91,False,False,"Stage 4, Stage 4, flags=Wide Risk;Low Liquidity, downtrend",watchlist,4.62,4.62,477.12,-12.3,"[14.6, 12.73]","[28, 29]",0.9,66.0,584
TVSHLTD.NS,TVS Holdings Limited,Auto Parts,Consumer Cyclical,Consumer Cyclical,False,Cash,1,Not Sure,Stage 4,Pending Stage 4,0.55,Blocked public stage jump Stage 1 -> Stage 4; waiting for intermediate/confirmed structure.,Blocked public stage jump Stage 1 -> Stage 4; waiting for intermediate/confirmed structure.,,,Stage 4,Not Sure - Unclear,21.44,Weak,Volume Drying Up,Volume Drying Up (0.51x vs 10W Avg),-4.44,Underperformed Nifty by 4.44% in 3 Months,False,-4.44,-8.1,102835334.2,1.01,0.48,0.51,False,True,"Stage 4, Stage 4, weekly_vcp_ok, weekly_volume_dryup, weekly_strong, flags=Wide Risk, downtrend | Blocked public stage jump Stage 1 -> Stage 4; waiting for intermediate/confirmed structure.",watchlist,2.07,4.57,14194.8,-12.39,"[12.37, 4.73]","[9, 10]",0.9,31.0,585
UBL.NS,United Breweries Limited,Consumer Defensive,Consumer Defensive,Consumer Defensive,False,Cash,1,Stage 4,Stage 4,Stage 4,0.86,Price is below the 30-week trend and below long-term support structure.,,,,,Stage 4,0.0,Weak,Volume Drying Up,Volume Drying Up (0.72x vs 10W Avg),-4.56,Underperformed Nifty by 4.56% in 3 Months,False,-4.56,-15.18,182804694.44,0.84,0.33,0.72,True,True,"Stage 4, Stage 4, volume_dryup, weekly_volume_dryup, flags=Wide Risk;Low Liquidity, downtrend",watchlist,4.5,4.5,1456.2,-16.4,"[17.34, 4.23]","[31, 17]",0.9,57.0,586
CHOLAHLDNG.NS,Cholamandalam Financial Holdings Limited,Credit Services,Financial Services,Financial Services,False,Cash,1,Stage 4,Stage 4,Stage 4,0.86,Price is below the 30-week trend and below long-term support structure.,,,,,Stage 4,0.0,Weak,Volume Normal,Volume Normal (1.46x vs 10W Avg),-12.41,Underperformed Nifty by 12.41% in 3 Months,False,-12.41,1.87,230165036.81,1.26,1.29,1.46,False,False,"Stage 4, Stage 4, weekly_vcp_ok, flags=Wide Risk;Low Liquidity, downtrend",watchlist,3.48,4.48,1723.05,-19.31,"[22.75, 13.44, 13.33]","[20, 14, 18]",0.95,82.0,587
ESCORTS.NS,Escorts Kubota Limited,Farm & Heavy Construction Machinery,Industrials,Industrials,False,Cash,1,Stage 4,Stage 4,Stage 4,0.86,Price is below the 30-week trend and below long-term support structure.,,,,,Stage 4,11.07,Weak,Volume Normal,Volume Normal (1.21x vs 10W Avg),-0.92,Underperformed Nifty by 0.92% in 3 Months,False,-0.92,-0.28,204361514.82,0.97,1.48,1.21,False,False,"Stage 4, Stage 4, weekly_vcp_ok, weekly_strong, flags=Wide Risk;Low Liquidity, downtrend",watchlist,3.38,4.38,3173.1,-13.63,"[11.26, 4.47]","[5, 13]",0.9,43.0,588
EMBDL.NS,Embassy Developments Limited,Real Estate,Real Estate,Real Estate,False,Cash,1,Stage 4,Stage 4,Stage 4,0.86,Price is below the 30-week trend and below long-term support structure.,,,,,Stage 4,0.0,Weak,Volume Normal,Volume Normal (1.25x vs 10W Avg),-6.82,Underperformed Nifty by 6.82% in 3 Months,False,-6.82,31.06,157505301.51,1.26,0.56,1.25,False,False,"Stage 4, Stage 4, weekly_vcp_ok, weekly_strong, flags=Wide Weekly Base;Wide Risk;Low Liquidity, downtrend",watchlist,3.32,4.32,69.72,-19.64,"[27.13, 11.04]","[14, 37]",0.9,60.0,589
SOBHA.NS,Sobha Limited,Real Estate,Real Estate,Real Estate,False,Cash,1,Stage 4,Stage 4,Stage 4,0.86,Price is below the 30-week trend and below long-term support structure.,,,,,Stage 4,0.0,Weak,Volume Drying Up,Volume Drying Up (0.45x vs 10W Avg),-9.6,Underperformed Nifty by 9.6% in 3 Months,False,-9.6,8.04,92626095.04,0.51,0.65,0.45,True,True,"Stage 4, Stage 4, weekly_vcp_ok, volume_dryup, weekly_volume_dryup, weekly_strong, flags=Wide Risk;Low Liquidity, downtrend",watchlist,3.3,4.3,1392.43,-12.48,"[14.32, 12.75, 6.11]","[9, 11, 6]",0.95,40.0,590
HUDCO.NS,Housing & Urban Development Corporation Limited,Credit Services,Financial Services,Financial Services,False,Cash,1,Stage 4,Stage 4,Stage 4,0.86,Price is below the 30-week trend and below long-term support structure.,,,,,Stage 4,6.96,Weak,Volume Normal,Volume Normal (0.95x vs 10W Avg),-12.18,Underperformed Nifty by 12.18% in 3 Months,False,-12.18,4.11,290073157.03,0.95,0.93,0.95,False,False,"Stage 4, Stage 4, weekly_vcp_ok, weekly_strong, flags=Wide Risk;Low Liquidity, downtrend",watchlist,3.21,4.21,203.53,-17.13,"[16.3, 11.98]","[6, 14]",0.9,55.0,591
INDUSTOWER.NS,Indus Towers Limited,Telecom Services,Communication Services,Communication Services,True,F&O,1,Stage 4,Stage 4,Stage 4,0.66,Price is below weekly structure.,,,,,Stage 4,16.12,Neutral,Volume Normal,Volume Normal (0.92x vs 10W Avg),2.45,Outperformed Nifty by 2.45% in 3 Months,False,2.45,-9.82,1561758779.18,0.85,1.48,0.92,False,False,"Stage 4, Stage 4, weekly_vcp_ok, weekly_strong, flags=Wider Risk;Low Liquidity, downtrend",watchlist,4.2,4.2,390.85,-7.89,"[10.48, 5.32]","[11, 11]",0.9,40.0,592
MARUTI.NS,Maruti Suzuki India Limited,Auto Manufacturers,Consumer Cyclical,Consumer Cyclical,True,F&O,1,Stage 4,Stage 4,Stage 4,0.86,Price is below the 30-week trend and below long-term support structure.,,,,,Stage 4,0.0,Weak,Volume Drying Up,Volume Drying Up (0.79x vs 10W Avg),-10.36,Underperformed Nifty by 10.36% in 3 Months,False,-10.36,-1.72,4783041211.95,0.91,0.89,0.79,False,True,"Stage 4, Stage 4, weekly_volume_dryup, flags=Wide Risk;Low Liquidity, downtrend",watchlist,1.69,4.19,14452.85,-16.92,"[8.75, 5.47]","[12, 29]",0.9,59.0,593
VOLTAS.NS,Voltas Limited,"Furnishings, Fixtures & Appliances",Consumer Cyclical,Consumer Cyclical,True,F&O,1,Stage 4,Stage 4,Stage 4,0.86,Price is below the 30-week trend and below long-term support structure.,,,,,Stage 4,0.0,Weak,Volume Normal,Volume Normal (0.99x vs 10W Avg),-6.91,Underperformed Nifty by 6.91% in 3 Months,False,-6.91,-5.54,746228913.16,0.86,1.11,0.99,False,False,"Stage 4, Stage 4, weekly_vcp_ok, weekly_strong, flags=Wide Risk;Low Liquidity, downtrend",watchlist,3.9,3.9,1405.46,-19.21,"[22.06, 11.68, 7.98]","[13, 12, 6]",0.95,62.0,594
FIEMIND.NS,Fiem Industries Limited,Auto Parts,Consumer Cyclical,Consumer Cyclical,False,Cash,1,Stage 4,Stage 4,Stage 4,0.86,Price is below the 30-week trend and below long-term support structure.,,,2026-08-17,,Stage 4,0.0,Weak,Volume Drying Up,Volume Drying Up (0.70x vs 10W Avg),-8.27,Underperformed Nifty by 8.27% in 3 Months,False,-8.27,0.95,118082440.27,0.74,0.56,0.7,True,True,"Stage 4, Stage 4, weekly_vcp_ok, volume_dryup, weekly_volume_dryup, weekly_strong, flags=Loose Structure;Wide Risk;Low Liquidity, downtrend",watchlist,1.35,3.85,2679.48,-28.12,"[10.54, 10.97]","[8, 16]",0.9,43.0,595
EMAMILTD.NS,Emami Limited,Household & Personal Products,Consumer Defensive,Consumer Defensive,False,Cash,1,Stage 4,Stage 4,Stage 4,0.86,Price is below the 30-week trend and below long-term support structure.,,,,,Stage 4,12.76,Weak,Volume Expanding,Volume Expanding (1.65x vs 10W Avg),-1.64,Underperformed Nifty by 1.64% in 3 Months,False,-1.64,-0.14,946077742.58,2.08,1.01,1.65,False,False,"Stage 4, Stage 4, weekly_vcp_ok, weekly_strong, flags=Wide Risk;Low Liquidity, downtrend",watchlist,3.84,3.84,435.0,-10.63,"[21.09, 10.45]","[32, 22]",0.9,73.0,596
PATANJALI.NS,Patanjali Foods Limited,Packaged Foods,Consumer Defensive,Consumer Defensive,True,F&O,1,Stage 4,Stage 4,Stage 4,0.86,Price is below the 30-week trend and below long-term support structure.,,,,,Stage 4,0.0,Weak,Volume Normal,Volume Normal (1.20x vs 10W Avg),0.25,Outperformed Nifty by 0.25% in 3 Months,False,0.25,-13.18,1994456736.08,1.92,0.82,1.2,False,False,"Stage 4, Stage 4, flags=Wide Base;Wide Risk;Low Liquidity, downtrend",watchlist,3.8,3.8,432.97,-9.74,"[31.29, 7.56]","[41, 30]",0.9,85.0,597
JISLJALEQS.NS,Jain Irrigation Systems Limited,Conglomerates,Industrials,Industrials,False,Cash,1,Stage 4,Stage 4,Stage 4,0.86,Price is below the 30-week trend and below long-term support structure.,,,,,Stage 4,0.0,Weak,Volume Normal,Volume Normal (0.95x vs 10W Avg),-12.64,Underperformed Nifty by 12.64% in 3 Months,False,-12.64,0.22,158215720.17,1.19,0.93,0.95,False,False,"Stage 4, Stage 4, flags=Wide Risk;Low Liquidity, downtrend",watchlist,3.8,3.8,37.96,-23.91,"[22.6, 19.41]","[19, 10]",0.9,72.0,598
LTF.NS,L&T Finance Limited,Credit Services,Financial Services,Financial Services,True,F&O,1,Failed Stage 2,Stage 3,Failed Stage 2,0.72,"This stock was recently Stage 2, but the latest structure no longer satisfies Stage 2 rules. It is kept as Failed Stage 2 until a fresh base/repair structure forms.",Recent Stage 2 break; public stage held as Failed Stage 2.,2026-09-28,2026-09-23,,Failed Stage 2,0.0,Weak,Volume Expanding,Volume Expanding (2.20x vs 10W Avg),-5.81,Underperformed Nifty by 5.81% in 3 Months,False,-5.81,20.31,1632823493.68,1.42,1.06,2.2,False,False,"Stage 3, Late, flags=Wide Risk;Low Liquidity, distribution_or_weakening_risk | Stage 2 failed state applied from stage memory.",watchlist,2.72,3.72,327.72,-14.3,"[12.24, 6.81]","[13, 8]",0.9,29.0,599
ESABINDIA.NS,Esab India Limited,Tools & Accessories,Industrials,Industrials,False,Cash,1,Failed Stage 2,Stage 3,Failed Stage 2,0.72,"This stock was recently Stage 2, but the latest structure no longer satisfies Stage 2 rules. It is kept as Failed Stage 2 until a fresh base/repair structure forms.",Recent Stage 2 break; public stage held as Failed Stage 2.,2026-09-28,2026-09-14,,Failed Stage 2,1.49,Weak,Volume Drying Up,Volume Drying Up (0.55x vs 10W Avg),0.39,Outperformed Nifty by 0.39% in 3 Months,False,0.39,10.69,24691121.38,0.65,0.44,0.55,True,True,"Stage 3, Early, volume_dryup, weekly_volume_dryup, flags=Wide Risk;Low Liquidity, distribution_or_weakening_risk | Stage 2 failed state applied from stage memory.",watchlist,2.68,3.68,6482.32,-14.87,"[22.58, 5.51]","[14, 20]",0.9,50.0,600
TIMKEN.NS,Timken India Limited,Tools & Accessories,Industrials,Industrials,False,Cash,1,Not Sure,Stage 4,Pending Stage 4,0.55,Blocked public stage jump Stage 1 -> Stage 4; waiting for intermediate/confirmed structure.,Blocked public stage jump Stage 1 -> Stage 4; waiting for intermediate/confirmed structure.,,,Stage 4,Not Sure - Unclear,4.24,Weak,Volume Normal,Volume Normal (0.88x vs 10W Avg),-3.8,Underperformed Nifty by 3.8% in 3 Months,False,-3.8,-2.66,119275330.87,1.18,0.52,0.88,False,True,"Stage 4, Stage 4, weekly_volume_dryup, flags=Wider Risk;Low Liquidity, downtrend | Blocked public stage jump Stage 1 -> Stage 4; waiting for intermediate/confirmed structure.",watchlist,2.67,3.67,3396.33,-6.35,"[18.23, 9.46]","[34, 11]",0.9,55.0,601
IRCON.NS,Ircon International Limited,Engineering & Construction,Industrials,Industrials,False,Cash,1,Stage 4,Stage 4,Stage 4,0.86,Price is below the 30-week trend and below long-term support structure.,,,,,Stage 4,0.0,Weak,Volume Normal,Volume Normal (1.48x vs 10W Avg),-17.66,Underperformed Nifty by 17.66% in 3 Months,False,-17.66,-14.58,179716150.78,1.47,1.32,1.48,False,False,"Stage 4, Stage 4, weekly_vcp_ok, weekly_strong, flags=Wide Weekly Base;Wide Risk;Low Liquidity, downtrend",watchlist,3.6,3.6,136.82,-24.54,"[20.92, 13.57, 9.02]","[25, 26, 6]",0.95,70.0,602
TCS.NS,Tata Consultancy Services Limited,Information Technology Services,Technology,Technology,True,F&O,1,Stage 4,Stage 4,Stage 4,0.86,Price is below the 30-week trend and below long-term support structure.,,,,,Stage 4,0.0,Weak,Volume Normal,Volume Normal (0.88x vs 10W Avg),5.78,Outperformed Nifty by 5.78% in 3 Months,False,5.78,-11.63,6214657443.45,1.12,0.91,0.88,False,True,"Stage 4, Stage 4, weekly_volume_dryup, flags=Wide Risk;Low Liquidity, downtrend",watchlist,3.55,3.55,2495.0,-17.01,"[19.56, 10.06]","[21, 20]",0.9,62.0,603
CERA.NS,Cera Sanitaryware Limited,Building Products & Equipment,Industrials,Industrials,False,Cash,1,Stage 3,Stage 3,Early,0.68,"Prior strength has shifted into a Stage 3 transition based on trend, relative strength, and volume evidence.",,,2026-09-04,,Stage 3 Early,0.0,Weak,Volume Expanding,Volume Normal (1.38x vs 10W Avg),-13.73,Underperformed Nifty by 13.73% in 3 Months,False,-13.73,14.63,40228550.8,1.06,4.12,1.38,False,False,"Stage 3, Early, flags=Wide Risk;Low Liquidity, distribution_or_weakening_risk",watchlist,3.51,3.51,6493.5,-19.98,"[13.56, 9.54]","[19, 14]",0.9,53.0,604
FIRSTCRY.NS,Brainbees Solutions Limited,Consumer Cyclical,Consumer Cyclical,Consumer Cyclical,False,Cash,1,Stage 4,Stage 4,Stage 4,0.86,Price is below the 30-week trend and below long-term support structure.,,,,,Stage 4,5.7,Weak,Volume Expanding,Volume Expanding (5.21x vs 10W Avg),-13.26,Underperformed Nifty by 13.26% in 3 Months,False,-13.26,-15.4,1594675260.9,3.78,7.32,5.21,False,False,"Stage 4, Stage 4, weekly_vcp_ok, weekly_strong, flags=Wide Risk;Low Liquidity, downtrend",watchlist,2.5,3.5,238.37,-22.51,"[19.86, 13.87, 14.87]","[28, 8, 6]",0.55,66.0,605
CARYSIL.NS,CARYSIL LIMITED,"Furnishings, Fixtures & Appliances",Consumer Cyclical,Consumer Cyclical,False,Cash,1,Failed Stage 2,Stage 3,Failed Stage 2,0.72,"This stock was recently Stage 2, but the latest structure no longer satisfies Stage 2 rules. It is kept as Failed Stage 2 until a fresh base/repair structure forms.",Recent Stage 2 break; public stage held as Failed Stage 2.,2026-09-28,2026-09-18,,Failed Stage 2,0.0,Weak,Volume Drying Up,Volume Drying Up (0.85x vs 10W Avg),-6.9,Underperformed Nifty by 6.9% in 3 Months,False,-6.9,32.69,96561344.17,0.92,0.88,0.85,False,True,"Stage 3, Early, weekly_volume_dryup, flags=Wide Risk;Low Liquidity, distribution_or_weakening_risk | Stage 2 failed state applied from stage memory.",watchlist,3.43,3.43,1271.94,-18.37,"[13.21, 14.58, 13.97]","[14, 7, 15]",0.55,52.0,606
CMSINFO.NS,CMS Info Systems Limited,Industrials,Industrials,Industrials,False,Cash,1,Stage 4,Stage 4,Stage 4,0.86,Price is below the 30-week trend and below long-term support structure.,,,,,Stage 4,6.0,Weak,Volume Drying Up,Volume Drying Up (0.55x vs 10W Avg),-11.23,Underperformed Nifty by 11.23% in 3 Months,False,-11.23,-15.79,205180064.62,1.33,0.42,0.55,False,True,"Stage 4, Stage 4, weekly_vcp_ok, weekly_volume_dryup, weekly_strong, flags=Wide Risk;Low Liquidity, downtrend",watchlist,3.3,3.3,285.34,-20.09,"[16.85, 12.03]","[12, 9]",0.9,60.0,607
ITCHOTELS.NS,ITC Hotels Limited,Consumer Cyclical,Consumer Cyclical,Consumer Cyclical,False,Cash,1,Stage 4,Stage 4,Stage 4,0.86,Price is below the 30-week trend and below long-term support structure.,,,,,Stage 4,1.97,Neutral,Volume Normal,Volume Normal (1.04x vs 10W Avg),-5.29,Underperformed Nifty by 5.29% in 3 Months,False,-5.29,10.04,255501464.42,1.06,0.93,1.04,False,False,"Stage 4, Stage 4, flags=Wider Risk;Low Liquidity, downtrend",watchlist,2.27,3.27,173.3,-8.5,"[15.74, 13.38]","[10, 27]",0.9,48.0,608
ABFRL.NS,Aditya Birla Fashion and Retail Limited,Apparel Manufacturing,Consumer Cyclical,Consumer Cyclical,False,Cash,1,Stage 4,Stage 4,Stage 4,0.86,Price is below the 30-week trend and below long-term support structure.,,,,,Stage 4,5.01,Weak,Volume Drying Up,Volume Drying Up (0.69x vs 10W Avg),-17.99,Underperformed Nifty by 17.99% in 3 Months,False,-17.99,-15.21,214630979.44,0.8,0.89,0.69,True,True,"Stage 4, Stage 4, weekly_vcp_ok, volume_dryup, weekly_volume_dryup, weekly_strong, flags=Loose Structure;Wide Risk;Low Liquidity, downtrend",watchlist,3.25,3.25,64.21,-25.89,"[15.8, 11.92]","[13, 26]",0.9,44.0,609
TVSMOTOR.NS,TVS Motor Company Limited,Auto Manufacturers,Consumer Cyclical,Consumer Cyclical,True,F&O,1,Failed Stage 2,Stage 1,Failed Stage 2,0.72,"This stock was recently Stage 2, but the latest structure no longer satisfies Stage 2 rules. It is kept as Failed Stage 2 until a fresh base/repair structure forms.",Recent Stage 2 break; public stage held as Failed Stage 2.,2026-09-28,2026-09-25,,Failed Stage 2,23.21,Very Strong,Volume Drying Up,Volume Drying Up (0.63x vs 10W Avg),18.01,Outperformed Nifty by 18.01% in 3 Months,False,18.01,23.0,2995547197.52,0.64,0.73,0.63,True,True,"Stage 1, Stage 1, weekly_vcp_ok, volume_dryup, weekly_volume_dryup, weekly_strong, flags=Wider Risk;Low Liquidity, stage1_not_actionable, stage1_needs_more_base | Stage 2 failed state applied from stage memory.",watchlist,0.7,3.2,4492.35,-8.84,[10.57],[27],0.0,27.0,610
CHEMPLASTS.NS,Chemplast Sanmar Limited,Chemicals,Basic Materials,Basic Materials,False,Cash,1,Stage 4,Stage 4,Stage 4,0.86,Price is below the 30-week trend and below long-term support structure.,,,,,Stage 4,2.11,Weak,Volume Expanding,Volume Expanding (1.95x vs 10W Avg),-2.8,Underperformed Nifty by 2.8% in 3 Months,False,-2.8,-21.33,302328660.49,1.24,0.3,1.95,False,False,"Stage 4, Stage 4, flags=Wider Risk;Low Liquidity, downtrend",watchlist,0.67,3.17,197.29,-0.72,"[22.26, 18.25]","[13, 7]",0.9,39.0,611
BANKBARODA.NS,Bank of Baroda,Banks - Regional,Financial Services,Financial Services,True,F&O,1,Stage 4,Stage 4,Stage 4,0.86,Price is below the 30-week trend and below long-term support structure.,,,,,Stage 4,0.13,Weak,Volume Drying Up,Volume Drying Up (0.59x vs 10W Avg),-7.48,Underperformed Nifty by 7.48% in 3 Months,False,-7.48,-3.63,1569479860.77,0.69,1.03,0.59,True,True,"Stage 4, Stage 4, volume_dryup, weekly_volume_dryup, flags=Low Liquidity, downtrend",watchlist,2.16,3.16,244.59,-6.99,"[16.78, 7.22]","[11, 5]",0.9,25.0,612
JWL.NS,Jupiter Wagons Limited,Industrials,Industrials,Industrials,False,Cash,1,Stage 4,Stage 4,Stage 4,0.86,Price is below the 30-week trend and below long-term support structure.,,,,,Stage 4,7.17,Weak,Volume Drying Up,Volume Drying Up (0.75x vs 10W Avg),-11.49,Underperformed Nifty by 11.49% in 3 Months,False,-11.49,-11.14,153878231.22,0.77,0.98,0.75,True,True,"Stage 4, Stage 4, weekly_vcp_ok, volume_dryup, weekly_volume_dryup, weekly_strong, flags=Wide Risk;Low Liquidity, downtrend",watchlist,3.12,3.12,286.5,-22.43,"[15.04, 14.6, 15.45, 12.07]","[7, 11, 26, 25]",0.73,84.0,613
MASFIN.NS,MAS Financial Services Limited,Credit Services,Financial Services,Financial Services,False,Cash,1,Stage 4,Stage 4,Stage 4,0.66,Price is below weekly structure.,,,,,Stage 4,0.0,Weak,Volume Normal,Volume Normal (0.92x vs 10W Avg),-7.1,Underperformed Nifty by 7.1% in 3 Months,False,-7.1,-3.08,61203827.52,1.0,0.81,0.92,False,False,"Stage 4, Stage 4, flags=Wide Risk;Low Liquidity, downtrend",watchlist,2.11,3.11,329.93,-15.41,"[16.34, 10.31, 5.78]","[14, 9, 8]",0.95,43.0,614
KKCL.NS,Kewal Kiran Clothing Limited,Apparel Manufacturing,Consumer Cyclical,Consumer Cyclical,False,Cash,1,Stage 3,Stage 3,Early,0.68,"Prior strength has shifted into a Stage 3 transition based on trend, relative strength, and volume evidence.",,,2026-09-04,,Stage 3 Early,13.07,Weak,Volume Drying Up,Volume Drying Up (0.64x vs 10W Avg),-2.44,Underperformed Nifty by 2.44% in 3 Months,False,-2.44,7.53,14590364.45,0.72,0.81,0.64,True,True,"Stage 3, Early, weekly_vcp_ok, volume_dryup, weekly_volume_dryup, weekly_strong, flags=Wide Risk;Low Liquidity, distribution_or_weakening_risk",watchlist,3.08,3.08,569.04,-18.78,"[13.58, 4.73]","[39, 40]",0.9,95.0,615
TATACONSUM.NS,TATA CONSUMER PRODUCTS LIMITED,Packaged Foods,Consumer Defensive,Consumer Defensive,True,F&O,1,Stage 4,Stage 4,Stage 4,0.66,Price is below weekly structure.,,,,,Stage 4,0.38,Weak,Volume Drying Up,Volume Drying Up (0.75x vs 10W Avg),-8.19,Underperformed Nifty by 8.19% in 3 Months,False,-8.19,-4.83,1079704349.71,0.99,1.2,0.75,False,True,"Stage 4, Stage 4, weekly_volume_dryup, flags=Wide Risk;Low Liquidity, downtrend",watchlist,3.03,3.03,1123.4,-14.55,"[14.02, 6.27]","[20, 17]",0.9,51.0,616
AXISBANK.NS,Axis Bank Limited,Banks - Regional,Financial Services,Financial Services,True,F&O,1,Stage 4,Stage 4,Stage 4,0.66,Price is below weekly structure.,,,2026-07-17,,Stage 4,10.9,Weak,Volume Normal,Volume Normal (0.95x vs 10W Avg),-6.03,Underperformed Nifty by 6.03% in 3 Months,False,-6.03,3.34,5726997427.29,0.98,1.05,0.95,False,False,"Stage 4, Stage 4, weekly_vcp_ok, flags=Low Liquidity, downtrend",watchlist,2.02,3.02,1302.28,-7.09,"[13.47, 4.98]","[21, 9]",0.9,36.0,617
POLICYBZR.NS,PB Fintech Limited,Financial Services,Financial Services,Financial Services,True,F&O,1,Failed Stage 2,Stage 4,Failed Stage 2,0.72,"This stock was recently Stage 2, but the latest structure no longer satisfies Stage 2 rules. It is kept as Failed Stage 2 until a fresh base/repair structure forms.",Recent Stage 2 break; public stage held as Failed Stage 2.,2026-09-28,2026-09-23,,Failed Stage 2,0.0,Weak,Volume Expanding,Volume Expanding (6.49x vs 10W Avg),-26.45,Underperformed Nifty by 26.45% in 3 Months,False,-26.45,-17.06,6773101543.05,3.43,3.08,6.49,False,False,"Stage 4, Stage 4, weekly_vcp_ok, weekly_strong, flags=Loose Structure;Wide Risk;Corporate Action Check;Low Liquidity, downtrend | Stage 2 failed state applied from stage memory.",watchlist,2.77,2.77,1850.23,-37.78,"[19.9, 9.69, 7.39]","[14, 9, 6]",0.95,47.0,618
GRMOVER.NS,GRM Overseas Limited,Packaged Foods,Consumer Defensive,Consumer Defensive,False,Cash,1,Stage 4,Stage 4,Stage 4,0.86,Price is below the 30-week trend and below long-term support structure.,,,,,Stage 4,4.82,Weak,Volume Normal,Volume Normal (0.94x vs 10W Avg),-9.9,Underperformed Nifty by 9.9% in 3 Months,False,-9.9,-46.28,89232455.35,0.97,0.96,0.94,False,False,"Stage 4, Stage 4, weekly_vcp_ok, weekly_strong, flags=Wide Base;Wide Weekly Base;Wide Risk;Low Liquidity, downtrend",watchlist,2.74,2.74,96.66,-17.22,"[53.33, 16.3]","[18, 18]",0.9,53.0,619
FINPIPE.NS,Finolex Industries Limited,Building Products & Equipment,Industrials,Industrials,False,Cash,1,Stage 4,Stage 4,Stage 4,0.86,Price is below the 30-week trend and below long-term support structure.,,,,,Stage 4,8.59,Weak,Volume Drying Up,Volume Drying Up (0.79x vs 10W Avg),-7.37,Underperformed Nifty by 7.37% in 3 Months,False,-7.37,-0.72,57480998.2,0.81,0.67,0.79,True,True,"Stage 4, Stage 4, weekly_vcp_ok, volume_dryup, weekly_volume_dryup, weekly_strong, flags=Wide Risk;Low Liquidity, downtrend",watchlist,2.72,2.72,183.65,-17.45,"[16.17, 15.33, 8.72, 9.5]","[11, 23, 8, 17]",0.73,80.0,620
ORIENTCEM.NS,Orient Cement Limited,Building Materials,Basic Materials,Basic Materials,False,Cash,1,Stage 4,Stage 4,Stage 4,0.86,Price is below the 30-week trend and below long-term support structure.,,,,,Stage 4,0.0,Weak,Volume Normal,Volume Normal (1.04x vs 10W Avg),-7.35,Underperformed Nifty by 7.35% in 3 Months,False,-7.35,-6.36,60533331.46,2.21,1.2,1.04,False,False,"Stage 4, Stage 4, weekly_vcp_ok, weekly_strong, flags=Wide Risk;Low Liquidity, downtrend",watchlist,2.72,2.72,143.99,-17.06,"[13.29, 11.29, 6.09]","[12, 9, 29]",0.95,61.0,621
HEROMOTOCO.NS,Hero MotoCorp Limited,Auto Manufacturers,Consumer Cyclical,Consumer Cyclical,True,F&O,1,Stage 1,Stage 1,Stage 1,0.64,Price is building a base around long-term weekly structure without a confirmed advancing phase.,,,,,Stage 1,26.43,Very Strong,Volume Drying Up,Volume Drying Up (0.58x vs 10W Avg),17.48,Outperformed Nifty by 17.48% in 3 Months,False,17.48,11.39,2865979441.65,0.72,0.68,0.58,True,True,"Stage 1, Stage 1, stage1_base_ready, weekly_vcp_ok, volume_dryup, weekly_volume_dryup, weekly_strong, flags=Low Liquidity, stage1_not_actionable",watchlist,0.16,2.66,5668.9,-4.92,[12.99],[25],0.0,25.0,622
SJVN.NS,SJVN Limited,Utilities - Renewable,Utilities,Utilities,False,Cash,1,Stage 4,Stage 4,Stage 4,0.86,Price is below the 30-week trend and below long-term support structure.,,,,,Stage 4,10.17,Weak,Volume Normal,Volume Normal (1.15x vs 10W Avg),-10.3,Underperformed Nifty by 10.3% in 3 Months,False,-10.3,-6.59,140843325.22,1.18,1.06,1.15,False,False,"Stage 4, Stage 4, weekly_vcp_ok, weekly_strong, flags=Wide Risk;Low Liquidity, downtrend",watchlist,2.53,2.53,70.18,-12.99,"[11.5, 8.93]","[24, 22]",0.9,52.0,623
SUNTECK.NS,Sunteck Realty Limited,Real Estate,Real Estate,Real Estate,False,Cash,1,Stage 4,Stage 4,Stage 4,0.86,Price is below the 30-week trend and below long-term support structure.,,,,,Stage 4,4.7,Weak,Volume Drying Up,Volume Drying Up (0.39x vs 10W Avg),-10.7,Underperformed Nifty by 10.7% in 3 Months,False,-10.7,-6.2,31929522.44,0.5,1.21,0.39,True,True,"Stage 4, Stage 4, weekly_vcp_ok, volume_dryup, weekly_volume_dryup, weekly_strong, flags=Wide Weekly Base;Wide Risk;Low Liquidity, downtrend",watchlist,1.52,2.52,356.81,-22.44,"[28.74, 15.67, 15.0]","[36, 12, 16]",0.95,105.0,624
CASTROLIND.NS,Castrol India Limited,Oil & Gas Refining & Marketing,Energy,Energy,False,Cash,1,Stage 1,Stage 1,Stage 1,0.68,Price is building a base around long-term weekly structure without a confirmed advancing phase.,,,,,Stage 1,27.66,Very Strong,Volume Expanding,Volume Expanding (1.93x vs 10W Avg),17.74,Outperformed Nifty by 17.74% in 3 Months,False,17.74,19.03,650052979.29,1.65,1.82,1.93,False,False,"Stage 1, Stage 1, weekly_vcp_ok, weekly_strong, flags=Low Liquidity, stage1_not_actionable, stage1_needs_more_base",watchlist,0.0,2.5,198.2,1.43,[4.09],[10],0.0,10.0,625
AFFLE.NS,Affle 3i Limited,Communication Services,Communication Services,Communication Services,False,Cash,1,Stage 3,Stage 3,Early,0.68,"Prior strength has shifted into a Stage 3 transition based on trend, relative strength, and volume evidence.",,,,,Stage 3 Early,18.85,Strong,Volume Drying Up,Volume Drying Up (0.27x vs 10W Avg),11.29,Outperformed Nifty by 11.29% in 3 Months,False,11.29,11.18,590069632.1,0.38,0.34,0.27,True,True,"Stage 3, Early, weekly_vcp_ok, volume_dryup, weekly_volume_dryup, weekly_strong, flags=Wide Risk;Low Liquidity, distribution_or_weakening_risk",watchlist,0.0,2.5,1751.26,-11.58,[13.42],[19],0.0,19.0,626
LUMAXIND.NS,Lumax Industries Limited,Auto Parts,Consumer Cyclical,Consumer Cyclical,False,Cash,1,Failed Stage 2,Stage 1,Failed Stage 2,0.72,"This stock was recently Stage 2, but the latest structure no longer satisfies Stage 2 rules. It is kept as Failed Stage 2 until a fresh base/repair structure forms.",Recent Stage 2 break; public stage held as Failed Stage 2.,2026-09-28,2026-09-25,,Failed Stage 2,18.35,Very Strong,Volume Drying Up,Volume Drying Up (0.36x vs 10W Avg),11.61,Outperformed Nifty by 11.61% in 3 Months,False,11.61,21.51,100862554.1,0.42,0.57,0.36,True,True,"Stage 1, Stage 1, weekly_vcp_ok, volume_dryup, weekly_volume_dryup, weekly_strong, flags=Wide Risk;Low Liquidity, stage1_not_actionable, stage1_needs_more_base | Stage 2 failed state applied from stage memory.",watchlist,0.0,2.5,6621.07,-14.27,[10.24],[5],0.0,5.0,627
CLEAN.NS,Clean Science and Technology Limited,Specialty Chemicals,Basic Materials,Basic Materials,False,Cash,1,Stage 1,Stage 1,Stage 1,0.64,Price is building a base around long-term weekly structure without a confirmed advancing phase.,,,,,Stage 1,18.11,Strong,Volume Drying Up,Volume Drying Up (0.48x vs 10W Avg),6.15,Outperformed Nifty by 6.15% in 3 Months,False,6.15,12.83,303244637.61,0.71,0.59,0.48,True,True,"Stage 1, Stage 1, weekly_vcp_ok, volume_dryup, weekly_volume_dryup, weekly_strong, flags=Wider Risk;Low Liquidity, stage1_not_actionable, stage1_needs_more_base",watchlist,0.0,2.5,872.85,-10.44,[11.56],[9],0.0,9.0,628
EICHERMOT.NS,Eicher Motors Limited,Auto Manufacturers,Consumer Cyclical,Consumer Cyclical,True,F&O,1,Stage 1,Stage 1,Stage 1,0.64,Price is building a base around long-term weekly structure without a confirmed advancing phase.,,,2026-09-01,,Stage 1,17.69,Neutral,Volume Drying Up,Volume Drying Up (0.68x vs 10W Avg),5.64,Outperformed Nifty by 5.64% in 3 Months,False,5.64,11.88,2974381902.65,0.71,1.14,0.68,True,True,"Stage 1, Stage 1, weekly_vcp_ok, volume_dryup, weekly_volume_dryup, weekly_strong, flags=Wider Risk;Low Liquidity, stage1_not_actionable, stage1_needs_more_base",watchlist,0.0,2.5,8140.49,-11.39,[8.05],[12],0.0,12.0,629
SWARAJENG.NS,Swaraj Engines Limited,Auto Parts,Consumer Cyclical,Consumer Cyclical,False,Cash,1,Stage 3,Stage 3,Early,0.68,"Prior strength has shifted into a Stage 3 transition based on trend, relative strength, and volume evidence.",,,,,Stage 3 Early,17.6,Neutral,Volume Drying Up,Volume Drying Up (0.68x vs 10W Avg),-5.94,Underperformed Nifty by 5.94% in 3 Months,False,-5.94,8.95,28838186.79,0.93,1.78,0.68,False,True,"Stage 3, Early, weekly_vcp_ok, weekly_volume_dryup, weekly_strong, flags=Low Liquidity, distribution_or_weakening_risk",watchlist,0.0,2.5,3699.0,-3.96,[12.64],[44],0.0,44.0,630
ENDURANCE.NS,Endurance Technologies Limited,Auto Parts,Consumer Cyclical,Consumer Cyclical,False,Cash,1,Failed Stage 2,Stage 1,Failed Stage 2,0.72,"This stock was recently Stage 2, but the latest structure no longer satisfies Stage 2 rules. It is kept as Failed Stage 2 until a fresh base/repair structure forms.",Recent Stage 2 break; public stage held as Failed Stage 2.,2026-09-28,2026-09-21,,Failed Stage 2,17.55,Strong,Volume Drying Up,Volume Drying Up (0.64x vs 10W Avg),6.93,Outperformed Nifty by 6.93% in 3 Months,False,6.93,22.67,222900558.63,0.72,0.79,0.64,True,True,"Stage 1, Stage 1, weekly_vcp_ok, volume_dryup, weekly_volume_dryup, weekly_strong, flags=Wide Risk;Low Liquidity, stage1_not_actionable, stage1_needs_more_base | Stage 2 failed state applied from stage memory.",watchlist,0.0,2.5,3077.38,-12.25,[15.95],[18],0.0,18.0,631
UNOMINDA.NS,UNO Minda Limited,Auto Parts,Consumer Cyclical,Consumer Cyclical,True,F&O,1,Failed Stage 2,Stage 1,Failed Stage 2,0.72,"This stock was recently Stage 2, but the latest structure no longer satisfies Stage 2 rules. It is kept as Failed Stage 2 until a fresh base/repair structure forms.",Recent Stage 2 break; public stage held as Failed Stage 2.,2026-09-28,2026-09-18,,Failed Stage 2,15.66,Strong,Volume Drying Up,Volume Drying Up (0.66x vs 10W Avg),9.74,Outperformed Nifty by 9.74% in 3 Months,False,9.74,16.83,732206251.59,0.79,0.95,0.66,True,True,"Stage 1, Stage 1, weekly_vcp_ok, volume_dryup, weekly_volume_dryup, flags=Wider Risk;Low Liquidity, stage1_not_actionable, stage1_needs_more_base | Stage 2 failed state applied from stage memory.",watchlist,0.0,2.5,1309.79,-10.44,[10.68],[26],0.0,26.0,632
ANURAS.NS,Anupam Rasayan India Limited,Specialty Chemicals,Basic Materials,Basic Materials,False,Cash,1,Stage 1,Stage 1,Stage 1,0.64,Price is building a base around long-term weekly structure without a confirmed advancing phase.,,,,,Stage 1,15.31,Weak,Volume Normal,Volume Normal (1.07x vs 10W Avg),-1.58,Underperformed Nifty by 1.58% in 3 Months,False,-1.58,-4.62,682543931.73,2.53,0.39,1.07,False,False,"Stage 1, Stage 1, weekly_vcp_ok, weekly_strong, flags=Low Liquidity, stage1_not_actionable, stage1_needs_more_base",watchlist,0.0,2.5,1272.28,-6.7,[12.41],[16],0.0,16.0,633
ONESOURCE.NS,Onesource Specialty Pharma Limited,Biotechnology,Healthcare,Healthcare,False,Cash,1,Stage 1,Stage 1,Stage 1,0.64,Price is building a base around long-term weekly structure without a confirmed advancing phase.,,,2026-07-21,,Stage 1,15.17,Neutral,Volume Drying Up,Volume Drying Up (0.67x vs 10W Avg),-2.11,Underperformed Nifty by 2.11% in 3 Months,False,-2.11,13.74,580784609.04,0.95,0.94,0.67,False,True,"Stage 1, Stage 1, weekly_vcp_ok, weekly_volume_dryup, weekly_strong, flags=Wide Weekly Base;Low Liquidity, stage1_not_actionable, stage1_needs_more_base",watchlist,0.0,2.5,1657.5,-5.53,[15.79],[20],0.0,20.0,634
BALKRISIND.NS,Balkrishna Industries Limited,Auto Parts,Consumer Cyclical,Consumer Cyclical,False,Cash,1,Stage 1,Stage 1,Stage 1,0.64,Price is building a base around long-term weekly structure without a confirmed advancing phase.,,,,,Stage 1,14.89,Neutral,Volume Drying Up,Volume Drying Up (0.15x vs 10W Avg),2.02,Outperformed Nifty by 2.02% in 3 Months,False,2.02,3.84,576763547.38,0.31,0.13,0.15,True,True,"Stage 1, Stage 1, weekly_vcp_ok, volume_dryup, weekly_volume_dryup, weekly_strong, flags=Wide Risk;Low Liquidity, stage1_not_actionable, stage1_needs_more_base",watchlist,0.0,2.5,2389.17,-9.85,[17.9],[30],0.0,30.0,635
KIRIINDUS.NS,Kiri Industries Limited,Specialty Chemicals,Basic Materials,Basic Materials,False,Cash,1,Stage 1,Stage 1,Stage 1,0.68,Price is building a base around long-term weekly structure without a confirmed advancing phase.,,,,,Stage 1,14.6,Very Strong,Volume Drying Up,Volume Drying Up (0.79x vs 10W Avg),47.5,Outperformed Nifty by 47.5% in 3 Months,False,47.5,46.74,828677286.8,0.66,0.36,0.79,True,True,"Stage 1, Stage 1, weekly_vcp_ok, volume_dryup, weekly_volume_dryup, weekly_strong, flags=Wide Weekly Base;Loose Structure;Wide Risk;Low Liquidity, stage1_not_actionable, stage1_needs_more_base",watchlist,0.0,2.5,605.01,-10.42,[18.54],[7],0.0,7.0,636
ELLEN.NS,Ellenbarrie Industrial Gases Limited,Chemicals,Basic Materials,Basic Materials,False,Cash,1,Stage 1,Stage 1,Stage 1,0.68,Price is building a base around long-term weekly structure without a confirmed advancing phase.,,,,,Stage 1,14.58,Very Strong,Volume Normal,Volume Normal (1.05x vs 10W Avg),41.99,Outperformed Nifty by 41.99% in 3 Months,False,41.99,78.47,383595470.24,1.24,0.58,1.05,False,False,"Stage 1, Stage 1, weekly_vcp_ok, weekly_strong, flags=Loose Structure;Wide Risk;Low Liquidity, stage1_not_actionable, stage1_needs_more_base",watchlist,0.0,2.5,391.28,-8.24,[10.35],[13],0.0,13.0,637
SCI.NS,Shipping Corporation Of India Limited,Marine Shipping,Industrials,Industrials,False,Cash,1,Failed Stage 2,Stage 3,Failed Stage 2,0.72,"This stock was recently Stage 2, but the latest structure no longer satisfies Stage 2 rules. It is kept as Failed Stage 2 until a fresh base/repair structure forms.",Recent Stage 2 break; public stage held as Failed Stage 2.,2026-09-28,2026-09-09,,Failed Stage 2,14.05,Weak,Volume Drying Up,Volume Drying Up (0.48x vs 10W Avg),-4.97,Underperformed Nifty by 4.97% in 3 Months,False,-4.97,21.7,443499902.05,0.62,0.78,0.48,True,True,"Stage 3, Early, weekly_vcp_ok, volume_dryup, weekly_volume_dryup, weekly_strong, flags=Wide Risk;Low Liquidity, distribution_or_weakening_risk | Stage 2 failed state applied from stage memory.",watchlist,0.0,2.5,302.67,-10.12,[13.17],[13],0.0,13.0,638
ATUL.NS,Atul Limited,Specialty Chemicals,Basic Materials,Basic Materials,False,Cash,1,Stage 1,Stage 1,Stage 1,0.64,Price is building a base around long-term weekly structure without a confirmed advancing phase.,,,,,Stage 1,13.96,Weak,Volume Drying Up,Volume Drying Up (0.66x vs 10W Avg),-1.83,Underperformed Nifty by 1.83% in 3 Months,False,-1.83,-2.12,159699675.93,0.56,0.83,0.66,True,True,"Stage 1, Stage 1, weekly_vcp_ok, volume_dryup, weekly_volume_dryup, weekly_strong, flags=Wider Risk;Low Liquidity, stage1_not_actionable, stage1_needs_more_base",watchlist,0.0,2.5,6642.5,-9.81,[13.08],[11],0.0,11.0,639
AUTOAXLES.NS,Automotive Axles Limited,Auto Parts,Consumer Cyclical,Consumer Cyclical,False,Cash,1,Stage 3,Stage 3,Early,0.68,"Prior strength has shifted into a Stage 3 transition based on trend, relative strength, and volume evidence.",,,2026-08-05,,Stage 3 Early,12.92,Strong,Volume Drying Up,Volume Normal (0.87x vs 10W Avg),1.8,Outperformed Nifty by 1.8% in 3 Months,False,1.8,8.11,10624722.22,0.62,0.63,0.87,True,True,"Stage 3, Early, weekly_vcp_ok, volume_dryup, weekly_volume_dryup, weekly_strong, flags=Wide Risk;Low Liquidity, distribution_or_weakening_risk",watchlist,0.0,2.5,1977.76,-14.59,[11.35],[41],0.0,41.0,640
JSWDULUX.NS,JSW Dulux Limited,Specialty Chemicals,Basic Materials,Basic Materials,False,Cash,1,Stage 1,Stage 1,Stage 1,0.68,Price is building a base around long-term weekly structure without a confirmed advancing phase.,,,,,Stage 1,12.86,Very Strong,Volume Expanding,Volume Expanding (2.13x vs 10W Avg),3.86,Outperformed Nifty by 3.86% in 3 Months,False,3.86,9.86,87662233.29,1.55,1.02,2.13,False,False,"Stage 1, Stage 1, stage1_base_ready, flags=Low Liquidity, stage1_not_actionable",watchlist,0.0,2.5,3244.17,-2.29,[6.1],[7],0.0,7.0,641
SANOFI.NS,Sanofi India Limited,Drug Manufacturers - General,Healthcare,Healthcare,False,Cash,1,Stage 4,Stage 4,Stage 4,0.86,Price is below the 30-week trend and below long-term support structure.,,,,,Stage 4,12.68,Weak,Volume Normal,Volume Normal (1.49x vs 10W Avg),-5.56,Underperformed Nifty by 5.56% in 3 Months,False,-5.56,-1.4,55827455.64,1.1,0.77,1.49,False,False,"Stage 4, Stage 4, weekly_vcp_ok, weekly_strong, flags=Low Liquidity, downtrend",watchlist,0.0,2.5,3225.64,-3.79,[14.23],[30],0.0,30.0,642
GHCL.NS,GHCL Limited,Chemicals,Basic Materials,Basic Materials,False,Cash,1,Stage 4,Stage 4,Stage 4,0.86,Price is below the 30-week trend and below long-term support structure.,,,,,Stage 4,12.59,Weak,Volume Drying Up,Volume Normal (0.91x vs 10W Avg),-0.79,Underperformed Nifty by 0.79% in 3 Months,False,-0.79,-4.9,39540411.17,0.82,0.86,0.91,True,False,"Stage 4, Stage 4, weekly_vcp_ok, volume_dryup, weekly_strong, flags=Wider Risk;Low Liquidity, downtrend",watchlist,0.0,2.5,458.0,-10.35,"[19.58, 11.71, 6.66, 5.12]","[12, 8, 15, 25]",1.0,75.0,643
BIOCON.NS,Biocon Limited,Biotechnology,Healthcare,Healthcare,True,F&O,1,Stage 3,Stage 3,Early,0.68,"Prior strength has shifted into a Stage 3 transition based on trend, relative strength, and volume evidence.",,,2026-08-12,,Stage 3 Early,12.42,Weak,Volume Drying Up,Volume Drying Up (0.73x vs 10W Avg),-5.23,Underperformed Nifty by 5.23% in 3 Months,False,-5.23,8.72,1214891443.84,0.93,0.77,0.73,False,True,"Stage 3, Early, weekly_vcp_ok, weekly_volume_dryup, weekly_strong, flags=Wide Risk;Low Liquidity, distribution_or_weakening_risk",watchlist,0.0,2.5,422.34,-11.23,"[7.86, 8.52]","[9, 12]",0.1,32.0,644
COALINDIA.NS,Coal India Limited,Energy,Energy,Energy,True,F&O,1,Stage 1,Stage 1,Stage 1,0.64,Price is building a base around long-term weekly structure without a confirmed advancing phase.,,,,,Stage 1,12.2,Strong,Volume Drying Up,Volume Normal (0.91x vs 10W Avg),3.89,Outperformed Nifty by 3.89% in 3 Months,False,3.89,-1.26,3824730319.72,0.78,0.58,0.91,True,False,"Stage 1, Stage 1, volume_dryup, flags=Low Liquidity, stage1_not_actionable, stage1_needs_more_base",watchlist,0.0,2.5,437.06,-3.33,[17.21],[55],0.0,55.0,645
JUBLINGREA.NS,Jubilant Ingrevia Limited,Specialty Chemicals,Basic Materials,Basic Materials,False,Cash,1,Failed Stage 2,Stage 1,Failed Stage 2,0.72,"This stock was recently Stage 2, but the latest structure no longer satisfies Stage 2 rules. It is kept as Failed Stage 2 until a fresh base/repair structure forms.",Recent Stage 2 break; public stage held as Failed Stage 2.,2026-09-28,2026-09-08,,Failed Stage 2,11.8,Neutral,Volume Expanding,Volume Normal (0.98x vs 10W Avg),3.05,Outperformed Nifty by 3.05% in 3 Months,False,3.05,15.7,188923742.85,0.91,2.34,0.98,False,False,"Stage 1, Stage 1, weekly_vcp_ok, weekly_strong, flags=Wide Risk;Low Liquidity, stage1_not_actionable, stage1_needs_more_base | Stage 2 failed state applied from stage memory.",watchlist,0.0,2.5,793.72,-17.5,[19.87],[48],0.0,48.0,646
DEEPAKNTR.NS,Deepak Nitrite Limited,Chemicals,Basic Materials,Basic Materials,False,Cash,1,Failed Stage 2,Stage 3,Failed Stage 2,0.72,"This stock was recently Stage 2, but the latest structure no longer satisfies Stage 2 rules. It is kept as Failed Stage 2 until a fresh base/repair structure forms.",Recent Stage 2 break; public stage held as Failed Stage 2.,2026-09-28,2026-09-23,,Failed Stage 2,10.71,Neutral,Volume Drying Up,Volume Drying Up (0.30x vs 10W Avg),4.18,Outperformed Nifty by 4.18% in 3 Months,False,4.18,17.47,451565358.32,0.52,0.33,0.3,True,True,"Stage 3, Late, weekly_vcp_ok, volume_dryup, weekly_volume_dryup, weekly_strong, flags=Wide Risk;Low Liquidity, distribution_or_weakening_risk | Stage 2 failed state applied from stage memory.",watchlist,0.0,2.5,1820.0,-14.79,[8.48],[7],0.0,7.0,647
SUBROS.NS,Subros Limited,Auto Parts,Consumer Cyclical,Consumer Cyclical,False,Cash,1,Stage 4,Stage 4,Stage 4,0.86,Price is below the 30-week trend and below long-term support structure.,,,,,Stage 4,10.13,Weak,Volume Drying Up,Volume Drying Up (0.73x vs 10W Avg),-12.03,Underperformed Nifty by 12.03% in 3 Months,False,-12.03,5.44,24703394.0,0.78,1.08,0.73,True,True,"Stage 4, Stage 4, weekly_vcp_ok, volume_dryup, weekly_volume_dryup, weekly_strong, flags=Wider Risk;Low Liquidity, downtrend",watchlist,0.0,2.5,744.8,-5.97,[20.75],[30],0.0,30.0,648
SUPRAJIT.NS,Suprajit Engineering Limited,Auto Parts,Consumer Cyclical,Consumer Cyclical,False,Cash,1,Failed Stage 2,Stage 1,Failed Stage 2,0.72,"This stock was recently Stage 2, but the latest structure no longer satisfies Stage 2 rules. It is kept as Failed Stage 2 until a fresh base/repair structure forms.",Recent Stage 2 break; public stage held as Failed Stage 2.,2026-09-28,2026-09-18,,Failed Stage 2,10.06,Strong,Volume Drying Up,Volume Drying Up (0.39x vs 10W Avg),9.24,Outperformed Nifty by 9.24% in 3 Months,False,9.24,23.61,44517572.25,0.87,0.47,0.39,False,True,"Stage 1, Stage 1, weekly_volume_dryup, flags=Wider Risk;Low Liquidity, stage1_not_actionable, stage1_needs_more_base | Stage 2 failed state applied from stage memory.",watchlist,0.0,2.5,509.7,-5.12,[16.52],[22],0.0,22.0,649
VEEDOL.NS,Veedol Corporation Limited,Specialty Chemicals,Basic Materials,Basic Materials,False,Cash,1,Stage 4,Stage 4,Stage 4,0.86,Price is below the 30-week trend and below long-term support structure.,,,,,Stage 4,8.49,Neutral,Volume Drying Up,Volume Drying Up (0.80x vs 10W Avg),0.02,Outperformed Nifty by 0.02% in 3 Months,False,0.02,8.8,11946880.22,0.83,1.23,0.8,True,True,"Stage 4, Stage 4, weekly_vcp_ok, volume_dryup, weekly_volume_dryup, flags=Wide Risk;Low Liquidity, downtrend",watchlist,0.0,2.5,1566.74,-12.93,"[8.64, 7.93]","[6, 39]",0.9,59.0,650
DBCORP.NS,D.B.Corp Limited,Communication Services,Communication Services,Communication Services,False,Cash,1,Stage 4,Stage 4,Stage 4,0.86,Price is below the 30-week trend and below long-term support structure.,,,,,Stage 4,7.57,Weak,Volume Drying Up,Volume Drying Up (0.50x vs 10W Avg),-3.87,Underperformed Nifty by 3.87% in 3 Months,False,-3.87,-2.84,11560155.16,0.7,0.64,0.5,True,True,"Stage 4, Stage 4, weekly_vcp_ok, volume_dryup, weekly_volume_dryup, weekly_strong, flags=Wide Risk;Low Liquidity, downtrend",watchlist,0.0,2.5,215.81,-17.26,"[18.77, 10.25]","[23, 11]",0.9,36.0,651
REFEX.NS,Refex Industries Limited,Energy,Energy,Energy,False,Cash,1,Stage 3,Stage 3,Early,0.68,"Prior strength has shifted into a Stage 3 transition based on trend, relative strength, and volume evidence.",,,,,Stage 3 Early,7.37,Neutral,Volume Drying Up,Volume Drying Up (0.51x vs 10W Avg),-18.98,Underperformed Nifty by 18.98% in 3 Months,False,-18.98,38.82,169373912.44,1.85,0.4,0.51,False,True,"Stage 3, Early, weekly_vcp_ok, weekly_volume_dryup, weekly_strong, flags=Wide Weekly Base;Wide Risk;Low Liquidity, distribution_or_weakening_risk",watchlist,0.0,2.5,370.86,-25.63,[5.74],[99],0.0,99.0,652
HYUNDAI.NS,Hyundai Motor India Limited,Auto Manufacturers,Consumer Cyclical,Consumer Cyclical,True,F&O,1,Not Sure,Stage 3,Pending Stage 3,0.55,Blocked public stage jump Stage 1 -> Stage 3; waiting for intermediate/confirmed structure.,Blocked public stage jump Stage 1 -> Stage 3; waiting for intermediate/confirmed structure.,,,Stage 3,Not Sure - Unclear,5.34,Strong,Volume Drying Up,Volume Normal (0.89x vs 10W Avg),11.24,Outperformed Nifty by 11.24% in 3 Months,False,11.24,23.22,1316672096.09,0.85,0.82,0.89,True,True,"Stage 3, Early, volume_dryup, weekly_volume_dryup, flags=Wider Risk;Low Liquidity, distribution_or_weakening_risk | Blocked public stage jump Stage 1 -> Stage 3; waiting for intermediate/confirmed structure.",watchlist,0.0,2.5,2284.99,-10.25,[7.83],[14],0.0,14.0,653
GRWRHITECH.NS,Garware Hi-Tech Films Limited,Specialty Chemicals,Basic Materials,Basic Materials,False,Cash,1,Failed Stage 2,Stage 3,Failed Stage 2,0.72,"This stock was recently Stage 2, but the latest structure no longer satisfies Stage 2 rules. It is kept as Failed Stage 2 until a fresh base/repair structure forms.",Recent Stage 2 break; public stage held as Failed Stage 2.,2026-09-28,2026-09-17,,Failed Stage 2,5.25,Strong,Volume Drying Up,Volume Normal (0.99x vs 10W Avg),1.23,Outperformed Nifty by 1.23% in 3 Months,False,1.23,82.24,371524980.54,0.84,0.58,0.99,True,False,"Stage 3, Late, weekly_vcp_ok, volume_dryup, weekly_strong, flags=Wide Weekly Base;Wide Risk;Low Liquidity, distribution_or_weakening_risk | Stage 2 failed state applied from stage memory.",watchlist,0.0,2.5,7442.48,-10.6,[7.44],[8],0.0,8.0,654
DDEVPLSTIK.NS,Ddev Plastiks Industries Limited,Specialty Chemicals,Basic Materials,Basic Materials,False,Cash,1,Stage 4,Stage 4,Stage 4,0.86,Price is below the 30-week trend and below long-term support structure.,,,,,Stage 4,5.15,Neutral,Volume Drying Up,Volume Drying Up (0.52x vs 10W Avg),-4.33,Underperformed Nifty by 4.33% in 3 Months,False,-4.33,20.2,22317909.66,0.51,0.77,0.52,True,True,"Stage 4, Stage 4, weekly_vcp_ok, volume_dryup, weekly_volume_dryup, weekly_strong, flags=Wide Weekly Base;Wide Risk;Low Liquidity, downtrend",watchlist,0.0,2.5,292.17,-13.54,[22.03],[28],0.0,28.0,655
JTEKTINDIA.NS,Jtekt India Limited,Auto Parts,Consumer Cyclical,Consumer Cyclical,False,Cash,1,Stage 4,Stage 4,Stage 4,0.86,Price is below the 30-week trend and below long-term support structure.,,,,,Stage 4,4.91,Weak,Volume Drying Up,Volume Drying Up (0.53x vs 10W Avg),-17.77,Underperformed Nifty by 17.77% in 3 Months,False,-17.77,-5.85,17479537.82,0.61,0.37,0.53,True,True,"Stage 4, Stage 4, weekly_vcp_ok, volume_dryup, weekly_volume_dryup, weekly_strong, flags=Wide Risk;Low Liquidity, downtrend",watchlist,0.0,2.5,144.15,-19.38,"[19.09, 20.27]","[17, 27]",0.1,55.0,656
KANSAINER.NS,Kansai Nerolac Paints Limited,Specialty Chemicals,Basic Materials,Basic Materials,False,Cash,1,Stage 4,Stage 4,Stage 4,0.86,Price is below the 30-week trend and below long-term support structure.,,,,,Stage 4,4.55,Weak,Volume Drying Up,Volume Drying Up (0.47x vs 10W Avg),-11.4,Underperformed Nifty by 11.4% in 3 Months,False,-11.4,4.56,56479880.7,0.66,0.6,0.47,True,True,"Stage 4, Stage 4, weekly_vcp_ok, volume_dryup, weekly_volume_dryup, weekly_strong, flags=Wide Risk;Low Liquidity, downtrend",watchlist,0.0,2.5,208.41,-14.84,[11.74],[15],0.0,15.0,657
RESPONIND.NS,Responsive Industries Limited,Specialty Chemicals,Basic Materials,Basic Materials,False,Cash,1,Stage 4,Stage 4,Stage 4,0.86,Price is below the 30-week trend and below long-term support structure.,,,,,Stage 4,4.17,Neutral,Volume Drying Up,Volume Drying Up (0.50x vs 10W Avg),-14.76,Underperformed Nifty by 14.76% in 3 Months,False,-14.76,27.03,525374893.05,0.43,0.32,0.5,True,True,"Stage 4, Stage 4, weekly_vcp_ok, volume_dryup, weekly_volume_dryup, weekly_strong, flags=Wide Weekly Base;Loose Structure;Wide Risk;Low Liquidity, downtrend",watchlist,0.0,2.5,241.18,-33.0,[12.77],[102],0.0,102.0,658
DCAL.NS,Dishman Carbogen Amcis Limited,Biotechnology,Healthcare,Healthcare,False,Cash,1,Stage 4,Stage 4,Stage 4,0.86,Price is below the 30-week trend and below long-term support structure.,,,,,Stage 4,4.02,Weak,Volume Drying Up,Volume Drying Up (0.32x vs 10W Avg),-7.4,Underperformed Nifty by 7.4% in 3 Months,False,-7.4,14.66,36875371.4,0.87,0.23,0.32,False,True,"Stage 4, Stage 4, weekly_vcp_ok, weekly_volume_dryup, weekly_strong, flags=Wide Weekly Base;Wide Risk;Low Liquidity, downtrend",watchlist,0.0,2.5,201.0,-18.27,"[25.47, 13.89]","[19, 13]",0.9,46.0,659
ZEEL.NS,Zee Entertainment Enterprises Limited,Communication Services,Communication Services,Communication Services,False,Cash,1,Stage 4,Stage 4,Stage 4,0.86,Price is below the 30-week trend and below long-term support structure.,,,2026-08-28,,Stage 4,3.79,Weak,Volume Drying Up,Volume Drying Up (0.42x vs 10W Avg),-21.8,Underperformed Nifty by 21.8% in 3 Months,False,-21.8,7.92,1429471436.28,0.56,0.46,0.42,True,True,"Stage 4, Stage 4, weekly_vcp_ok, volume_dryup, weekly_volume_dryup, weekly_strong, flags=Loose Structure;Wide Risk;Low Liquidity, downtrend",watchlist,0.0,2.5,108.24,-29.32,[23.29],[7],0.0,7.0,660
POCL.NS,Pondy Oxides & Chemicals Limited,Specialty Chemicals,Basic Materials,Basic Materials,False,Cash,1,Stage 4,Stage 4,Stage 4,0.86,Price is below the 30-week trend and below long-term support structure.,,,2026-07-24,,Stage 4,3.79,Weak,Volume Drying Up,Volume Drying Up (0.79x vs 10W Avg),-13.12,Underperformed Nifty by 13.12% in 3 Months,False,-13.12,7.05,183201137.1,1.02,0.72,0.79,False,True,"Stage 4, Stage 4, weekly_vcp_ok, weekly_volume_dryup, weekly_strong, flags=Wide Weekly Base;Wide Risk;Low Liquidity, downtrend",watchlist,0.0,2.5,516.62,-12.38,[17.09],[15],0.0,15.0,661
STYRENIX.NS,Styrenix Performance Materials Limited,Chemicals,Basic Materials,Basic Materials,False,Cash,1,Stage 3,Stage 3,Early,0.68,"Prior strength has shifted into a Stage 3 transition based on trend, relative strength, and volume evidence.",,,2026-08-11,,Stage 3 Early,2.0,Weak,Volume Drying Up,Volume Drying Up (0.30x vs 10W Avg),-7.02,Underperformed Nifty by 7.02% in 3 Months,False,-7.02,14.72,62838272.06,0.36,0.67,0.3,True,True,"Stage 3, Early, volume_dryup, weekly_volume_dryup, flags=Low Liquidity, distribution_or_weakening_risk",watchlist,0.0,2.5,2173.8,-6.32,[25.19],[19],0.0,19.0,662
LINDEINDIA.NS,Linde India Limited,Specialty Chemicals,Basic Materials,Basic Materials,False,Cash,1,Stage 4,Stage 4,Stage 4,0.66,Price is below weekly structure.,,,2026-08-07,,Stage 4,1.89,Weak,Volume Drying Up,Volume Drying Up (0.84x vs 10W Avg),-8.65,Underperformed Nifty by 8.65% in 3 Months,False,-8.65,-12.75,136056143.7,0.8,1.62,0.84,True,True,"Stage 4, Stage 4, volume_dryup, weekly_volume_dryup, flags=Low Liquidity, downtrend",watchlist,0.0,2.5,6501.86,-4.78,[17.55],[31],0.0,31.0,663
BPCL.NS,Bharat Petroleum Corporation Limited,Oil & Gas Refining & Marketing,Energy,Energy,True,F&O,1,Stage 3,Stage 3,Early,0.68,"Prior strength has shifted into a Stage 3 transition based on trend, relative strength, and volume evidence.",,,,,Stage 3 Early,1.29,Strong,Volume Drying Up,Volume Drying Up (0.81x vs 10W Avg),2.46,Outperformed Nifty by 2.46% in 3 Months,False,2.46,10.92,1309178625.27,0.89,0.61,0.81,False,True,"Stage 3, Early, weekly_volume_dryup, flags=Wider Risk;Low Liquidity, distribution_or_weakening_risk",watchlist,0.0,2.5,326.92,-7.55,[9.3],[12],0.0,12.0,664
TIRUMALCHM.NS,Thirumalai Chemicals Limited,Specialty Chemicals,Basic Materials,Basic Materials,False,Cash,1,Stage 4,Stage 4,Stage 4,0.86,Price is below the 30-week trend and below long-term support structure.,,,,,Stage 4,1.24,Weak,Volume Normal,Volume Normal (1.30x vs 10W Avg),-10.56,Underperformed Nifty by 10.56% in 3 Months,False,-10.56,-8.68,74221718.52,0.98,0.62,1.3,False,False,"Stage 4, Stage 4, weekly_vcp_ok, weekly_strong, flags=Wider Risk;Low Liquidity, downtrend",watchlist,0.0,2.5,166.68,-6.98,"[24.07, 8.29]","[11, 12]",0.9,31.0,665
CIEINDIA.NS,CIE Automotive India Limited,Auto Parts,Consumer Cyclical,Consumer Cyclical,False,Cash,1,Stage 4,Stage 4,Stage 4,0.66,Price is below weekly structure.,,,,,Stage 4,1.24,Weak,Volume Drying Up,Volume Drying Up (0.60x vs 10W Avg),-14.04,Underperformed Nifty by 14.04% in 3 Months,False,-14.04,-12.27,95280866.84,0.62,0.69,0.6,True,True,"Stage 4, Stage 4, volume_dryup, weekly_volume_dryup, flags=Low Liquidity, downtrend",watchlist,0.0,2.5,398.8,-3.87,[13.26],[25],0.0,25.0,666
RATEGAIN.NS,Rategain Travel Technologies Limited,Software - Application,Technology,Technology,False,Cash,1,Failed Stage 2,Stage 3,Failed Stage 2,0.72,"This stock was recently Stage 2, but the latest structure no longer satisfies Stage 2 rules. It is kept as Failed Stage 2 until a fresh base/repair structure forms.",Recent Stage 2 break; public stage held as Failed Stage 2.,2026-09-28,2026-09-23,,Failed Stage 2,0.98,Weak,Volume Drying Up,Volume Drying Up (0.47x vs 10W Avg),-7.22,Underperformed Nifty by 7.22% in 3 Months,False,-7.22,70.18,265090786.46,0.56,0.51,0.47,True,True,"Stage 3, Early, volume_dryup, weekly_volume_dryup, flags=Wide Weekly Base;Wide Risk;Low Liquidity, distribution_or_weakening_risk | Stage 2 failed state applied from stage memory.",watchlist,0.0,2.5,1010.77,-18.01,"[14.7, 16.32]","[7, 5]",0.1,21.0,667
BERGEPAINT.NS,Berger Paints (I) Limited,Specialty Chemicals,Basic Materials,Basic Materials,False,Cash,1,Stage 3,Stage 3,Early,0.68,"Prior strength has shifted into a Stage 3 transition based on trend, relative strength, and volume evidence.",,,,,Stage 3 Early,0.73,Weak,Volume Normal,Volume Normal (0.99x vs 10W Avg),-7.28,Underperformed Nifty by 7.28% in 3 Months,False,-7.28,10.31,166600909.51,1.2,1.06,0.99,False,False,"Stage 3, Early, flags=Low Liquidity, distribution_or_weakening_risk",watchlist,0.0,2.5,463.81,-2.36,[13.46],[16],0.0,16.0,668
XPROINDIA.NS,Xpro India Limited,Specialty Chemicals,Basic Materials,Basic Materials,False,Cash,1,Failed Stage 2,Stage 3,Failed Stage 2,0.72,"This stock was recently Stage 2, but the latest structure no longer satisfies Stage 2 rules. It is kept as Failed Stage 2 until a fresh base/repair structure forms.",Recent Stage 2 break; public stage held as Failed Stage 2.,2026-09-28,2026-09-15,,Failed Stage 2,0.0,Weak,Volume Drying Up,Volume Drying Up (0.49x vs 10W Avg),-18.83,Underperformed Nifty by 18.83% in 3 Months,False,-18.83,12.75,199682796.11,0.41,0.32,0.49,True,True,"Stage 3, Late, weekly_vcp_ok, volume_dryup, weekly_volume_dryup, weekly_strong, flags=Loose Structure;Wide Risk;Low Liquidity, distribution_or_weakening_risk | Stage 2 failed state applied from stage memory.",watchlist,0.0,2.5,1520.0,-24.86,[16.41],[56],0.0,56.0,669
VINATIORGA.NS,Vinati Organics Limited,Specialty Chemicals,Basic Materials,Basic Materials,False,Cash,1,Stage 4,Stage 4,Stage 4,0.86,Price is below the 30-week trend and below long-term support structure.,,,,,Stage 4,0.0,Weak,Volume Normal,Volume Normal (1.13x vs 10W Avg),-2.66,Underperformed Nifty by 2.66% in 3 Months,False,-2.66,-6.14,73938994.65,1.2,0.53,1.13,False,False,"Stage 4, Stage 4, weekly_vcp_ok, weekly_strong, flags=Wide Risk;Low Liquidity, downtrend",watchlist,0.0,2.5,1375.67,-13.42,"[10.46, 7.76]","[16, 9]",0.9,44.0,670
INDIAMART.NS,Indiamart Intermesh Limited,Communication Services,Communication Services,Communication Services,False,Cash,1,Stage 4,Stage 4,Stage 4,0.86,Price is below the 30-week trend and below long-term support structure.,,,,,Stage 4,0.0,Weak,Volume Drying Up,Volume Drying Up (0.41x vs 10W Avg),-8.6,Underperformed Nifty by 8.6% in 3 Months,False,-8.6,-14.32,182855230.01,1.2,0.3,0.41,False,True,"Stage 4, Stage 4, weekly_vcp_ok, weekly_volume_dryup, weekly_strong, flags=Wider Risk;Low Liquidity, downtrend",watchlist,0.0,2.5,1825.0,-10.3,"[12.06, 12.97]","[8, 27]",0.1,46.0,671
AURIONPRO.NS,Aurionpro Solutions Limited,Software - Application,Technology,Technology,False,Cash,1,Stage 4,Stage 4,Stage 4,0.86,Price is below the 30-week trend and below long-term support structure.,,,,,Stage 4,0.0,Weak,Volume Drying Up,Volume Drying Up (0.63x vs 10W Avg),-22.3,Underperformed Nifty by 22.3% in 3 Months,False,-22.3,-14.49,92076099.21,0.7,0.75,0.63,True,True,"Stage 4, Stage 4, weekly_vcp_ok, volume_dryup, weekly_volume_dryup, weekly_strong, flags=Loose Structure;Wide Risk;Low Liquidity, downtrend",watchlist,0.0,2.5,892.96,-28.05,[28.88],[56],0.0,56.0,672
ROSSARI.NS,Rossari Biotech Limited,Specialty Chemicals,Basic Materials,Basic Materials,False,Cash,1,Stage 4,Stage 4,Stage 4,0.86,Price is below the 30-week trend and below long-term support structure.,,,,,Stage 4,0.0,Weak,Volume Drying Up,Volume Drying Up (0.83x vs 10W Avg),-10.75,Underperformed Nifty by 10.75% in 3 Months,False,-10.75,5.23,30603338.65,0.76,0.45,0.83,True,True,"Stage 4, Stage 4, weekly_vcp_ok, volume_dryup, weekly_volume_dryup, flags=Wide Weekly Base;Wide Risk;Low Liquidity, downtrend",watchlist,0.0,2.5,529.53,-16.83,[18.97],[19],0.0,19.0,673
ZOTA.NS,Zota Health Care LImited,Biotechnology,Healthcare,Healthcare,False,Cash,1,Not Sure,Not Sure,Not Sure,0.0,Stage rules did not identify a reliable structure.,No confident stage classification.,,,,Not Sure - Unclear,0.0,Neutral,Volume Expanding,Volume Expanding (2.71x vs 10W Avg),-2.9,Underperformed Nifty by 2.9% in 3 Months,False,-2.9,21.43,154348970.71,2.04,0.39,2.71,False,False,"Not Sure, Unclear, flags=Wide Risk;Low Liquidity",watchlist,0.0,2.5,1440.52,-8.21,[21.93],[21],0.0,21.0,674
KERNEX.NS,Kernex Microsystems (India) Limited,Software - Application,Technology,Technology,False,Cash,1,Stage 3,Stage 3,Late,0.76,"Prior strength has shifted into a Stage 3 transition based on trend, relative strength, and volume evidence.",,,2026-08-14,,Stage 3 Late,0.0,Weak,Volume Drying Up,Volume Drying Up (0.34x vs 10W Avg),-23.16,Underperformed Nifty by 23.16% in 3 Months,False,-23.16,81.07,352074797.26,0.4,0.54,0.34,True,True,"Stage 3, Late, volume_dryup, weekly_volume_dryup, flags=Wide Base;Wide Weekly Base;Loose Structure;Wide Risk;Low Liquidity, distribution_or_weakening_risk",watchlist,0.0,2.5,2584.51,-33.69,[34.85],[52],0.0,52.0,675
BHARATFORG.NS,Bharat Forge Limited,Auto Parts,Consumer Cyclical,Consumer Cyclical,True,F&O,1,Stage 3,Stage 3,Late,0.76,"Prior strength has shifted into a Stage 3 transition based on trend, relative strength, and volume evidence.",,,2026-09-03,,Stage 3 Late,0.0,Neutral,Volume Drying Up,Volume Drying Up (0.81x vs 10W Avg),-3.55,Underperformed Nifty by 3.55% in 3 Months,False,-3.55,21.76,1802268235.69,0.78,0.65,0.81,True,True,"Stage 3, Late, volume_dryup, weekly_volume_dryup, flags=Wide Risk;Low Liquidity, distribution_or_weakening_risk",watchlist,0.0,2.5,2108.58,-7.19,[12.09],[12],0.0,12.0,676
ZFCVINDIA.NS,ZF Commercial Vehicle Control Systems India Limited,Auto Parts,Consumer Cyclical,Consumer Cyclical,False,Cash,1,Stage 1,Stage 1,Stage 1,0.64,Price is building a base around long-term weekly structure without a confirmed advancing phase.,,,2026-08-27,,Stage 1,0.0,Weak,Volume Normal,Volume Normal (1.07x vs 10W Avg),1.15,Outperformed Nifty by 1.15% in 3 Months,False,1.15,2.59,223895641.42,1.06,0.88,1.07,False,False,"Stage 1, Stage 1, flags=Wide Risk;Low Liquidity, stage1_not_actionable, stage1_needs_more_base",watchlist,0.0,2.5,3044.05,-23.37,[8.2],[79],0.0,79.0,677
TATAELXSI.NS,Tata Elxsi Limited,Software - Application,Technology,Technology,True,F&O,1,Stage 4,Stage 4,Stage 4,0.86,Price is below the 30-week trend and below long-term support structure.,,,,,Stage 4,0.0,Weak,Volume Normal,Volume Normal (0.93x vs 10W Avg),-7.97,Underperformed Nifty by 7.97% in 3 Months,False,-7.97,-21.16,684018489.47,0.99,0.83,0.93,False,False,"Stage 4, Stage 4, flags=Wide Risk;Low Liquidity, downtrend",watchlist,0.0,2.5,3863.75,-17.41,[21.47],[55],0.0,55.0,678
DEEPAKFERT.NS,Deepak Fertilizers and Petrochemicals Corporation Limited,Chemicals,Basic Materials,Basic Materials,False,Cash,1,Stage 3,Stage 3,Early,0.68,"Prior strength has shifted into a Stage 3 transition based on trend, relative strength, and volume evidence.",,,2026-09-01,,Stage 3 Early,0.0,Weak,Volume Drying Up,Volume Drying Up (0.69x vs 10W Avg),-13.2,Underperformed Nifty by 13.2% in 3 Months,False,-13.2,39.22,297558976.64,0.64,0.46,0.69,True,True,"Stage 3, Early, volume_dryup, weekly_volume_dryup, flags=Wide Risk;Low Liquidity, distribution_or_weakening_risk",watchlist,0.0,2.5,1510.64,-10.6,[23.99],[31],0.0,31.0,679
KFINTECH.NS,Kfin Technologies Limited,Software - Application,Technology,Technology,True,F&O,1,Not Sure,Stage 1,Pending Stage 1,0.55,Blocked public stage jump Stage 4 -> Stage 1; waiting for intermediate/confirmed structure.,Blocked public stage jump Stage 4 -> Stage 1; waiting for intermediate/confirmed structure.,,,Stage 1,Not Sure - Unclear,0.0,Neutral,Volume Drying Up,Volume Drying Up (0.46x vs 10W Avg),8.21,Outperformed Nifty by 8.21% in 3 Months,False,8.21,1.36,456844736.55,0.5,0.47,0.46,True,True,"Stage 1, Stage 1, volume_dryup, weekly_volume_dryup, flags=Wide Risk;Low Liquidity, stage1_not_actionable, stage1_needs_more_base | Blocked public stage jump Stage 4 -> Stage 1; waiting for intermediate/confirmed structure.",watchlist,0.0,2.5,994.14,-11.07,[12.08],[18],0.0,18.0,680
INDIAGLYCO.NS,India Glycols Limited,Chemicals,Basic Materials,Basic Materials,False,Cash,1,Stage 4,Stage 4,Stage 4,0.86,Price is below the 30-week trend and below long-term support structure.,,,2026-09-01,,Stage 4,0.0,Weak,Volume Expanding,Volume Expanding (4.20x vs 10W Avg),-67.23,Underperformed Nifty by 67.23% in 3 Months,False,-67.23,-64.49,242281488.96,2.74,1.86,4.2,False,False,"Stage 4, Stage 4, flags=Wide Base;Wide Weekly Base;Loose Structure;Wide Risk;Circuit Risk;Corporate Action Check;Low Liquidity, downtrend",watchlist,0.0,2.5,1221.13,-75.64,[82.2],[6],0.0,6.0,681
ACI.NS,Archean Chemical Industries Limited,Chemicals,Basic Materials,Basic Materials,False,Cash,1,Stage 4,Stage 4,Stage 4,0.86,Price is below the 30-week trend and below long-term support structure.,,,,,Stage 4,0.0,Weak,Volume Drying Up,Volume Drying Up (0.61x vs 10W Avg),-4.1,Underperformed Nifty by 4.1% in 3 Months,False,-4.1,-14.67,200639991.37,0.73,0.46,0.61,True,True,"Stage 4, Stage 4, volume_dryup, weekly_volume_dryup, flags=Wide Risk;Low Liquidity, downtrend",watchlist,0.0,2.5,523.82,-7.84,[13.16],[7],0.0,7.0,682
NAVNETEDUL.NS,Navneet Education Limited,Communication Services,Communication Services,Communication Services,False,Cash,1,Stage 4,Stage 4,Stage 4,0.66,Price is below weekly structure.,,,,,Stage 4,0.0,Weak,Volume Drying Up,Volume Drying Up (0.71x vs 10W Avg),-12.88,Underperformed Nifty by 12.88% in 3 Months,False,-12.88,-3.29,13691255.16,0.61,0.91,0.71,True,True,"Stage 4, Stage 4, volume_dryup, weekly_volume_dryup, flags=Wide Risk;Low Liquidity, downtrend",watchlist,0.0,2.5,138.75,-12.27,[14.91],[37],0.0,37.0,683
SANDHAR.NS,Sandhar Technologies Limited,Auto Parts,Consumer Cyclical,Consumer Cyclical,False,Cash,1,Failed Stage 2,Stage 3,Failed Stage 2,0.72,"This stock was recently Stage 2, but the latest structure no longer satisfies Stage 2 rules. It is kept as Failed Stage 2 until a fresh base/repair structure forms.",Recent Stage 2 break; public stage held as Failed Stage 2.,2026-09-28,2026-09-23,,Failed Stage 2,0.0,Weak,Volume Drying Up,Volume Drying Up (0.51x vs 10W Avg),-15.1,Underperformed Nifty by 15.1% in 3 Months,False,-15.1,28.03,76626215.61,0.61,0.78,0.51,True,True,"Stage 3, Early, volume_dryup, weekly_volume_dryup, flags=Wide Risk;Low Liquidity, distribution_or_weakening_risk | Stage 2 failed state applied from stage memory.",watchlist,0.0,2.5,701.63,-17.83,[22.27],[16],0.0,16.0,684
UTIAMC.NS,UTI Asset Management Company Limited,Asset Management,Financial Services,Financial Services,False,Cash,1,Stage 4,Stage 4,Stage 4,0.66,Price is below weekly structure.,,,,,Stage 4,9.32,Strong,Volume Drying Up,Volume Drying Up (0.45x vs 10W Avg),3.54,Outperformed Nifty by 3.54% in 3 Months,False,3.54,1.08,101724628.26,0.56,0.6,0.45,True,True,"Stage 4, Stage 4, weekly_vcp_ok, volume_dryup, weekly_volume_dryup, weekly_strong, flags=Low Liquidity, downtrend",watchlist,2.36,2.36,925.57,-3.42,"[12.01, 6.37]","[9, 14]",0.9,36.0,685
AWFIS.NS,Awfis Space Solutions Limited,Industrials,Industrials,Industrials,False,Cash,1,Stage 4,Stage 4,Stage 4,0.86,Price is below the 30-week trend and below long-term support structure.,,,,,Stage 4,0.0,Weak,Volume Drying Up,Volume Drying Up (0.64x vs 10W Avg),-13.02,Underperformed Nifty by 13.02% in 3 Months,False,-13.02,-0.89,484573717.85,1.0,0.32,0.64,False,True,"Stage 4, Stage 4, weekly_vcp_ok, weekly_volume_dryup, weekly_strong, flags=Wide Base;Wide Weekly Base;Wide Risk;Low Liquidity, downtrend",watchlist,2.34,2.34,321.9,-22.27,"[33.63, 16.11, 14.23]","[12, 17, 14]",0.95,78.0,686
RAYMONDLSL.NS,Raymond Lifestyle Limited,Apparel Manufacturing,Consumer Cyclical,Consumer Cyclical,False,Cash,1,Stage 4,Stage 4,Stage 4,0.86,Price is below the 30-week trend and below long-term support structure.,,,,,Stage 4,2.11,Weak,Volume Expanding,Volume Expanding (1.64x vs 10W Avg),-8.83,Underperformed Nifty by 8.83% in 3 Months,False,-8.83,-11.31,264316464.1,1.28,0.71,1.64,False,False,"Stage 4, Stage 4, weekly_vcp_ok, flags=Wide Risk;Low Liquidity, downtrend",watchlist,2.3,2.3,769.35,-12.65,"[19.72, 18.3]","[30, 20]",0.9,52.0,687
DMART.NS,Avenue Supermarts Limited,Consumer Defensive,Consumer Defensive,Consumer Defensive,True,F&O,1,Stage 4,Stage 4,Stage 4,0.66,Price is below weekly structure.,,,,,Stage 4,0.0,Weak,Volume Drying Up,Volume Drying Up (0.82x vs 10W Avg),-4.05,Underperformed Nifty by 4.05% in 3 Months,False,-4.05,-10.55,1480612409.92,1.0,0.82,0.82,False,True,"Stage 4, Stage 4, weekly_volume_dryup, flags=Wide Risk;Low Liquidity, downtrend",watchlist,2.3,2.3,4437.15,-14.28,"[14.84, 12.25, 10.95]","[40, 15, 20]",0.95,105.0,688
JINDALPOLY.NS,Jindal Poly Films Limited,Consumer Cyclical,Consumer Cyclical,Consumer Cyclical,False,Cash,1,Stage 1,Stage 1,Stage 1,0.64,Price is building a base around long-term weekly structure without a confirmed advancing phase.,,,,,Stage 1,13.41,Strong,Volume Drying Up,Volume Drying Up (0.36x vs 10W Avg),15.14,Outperformed Nifty by 15.14% in 3 Months,False,15.14,-9.74,46116686.81,2.46,0.22,0.36,False,True,"Stage 1, Stage 1, weekly_vcp_ok, weekly_volume_dryup, weekly_strong, flags=Wide Weekly Base;Wide Risk;Low Liquidity, stage1_not_actionable, stage1_needs_more_base",watchlist,1.24,2.24,801.4,-15.19,"[21.81, 17.38, 10.45]","[12, 19, 14]",0.95,56.0,689
KALPATARU.NS,Kalpataru Limited,Real Estate,Real Estate,Real Estate,False,Cash,1,Stage 4,Stage 4,Stage 4,0.86,Price is below the 30-week trend and below long-term support structure.,,,,,Stage 4,0.0,Weak,Volume Drying Up,Volume Normal (0.87x vs 10W Avg),-4.63,Underperformed Nifty by 4.63% in 3 Months,False,-4.63,2.59,15433655.92,0.59,1.26,0.87,True,True,"Stage 4, Stage 4, volume_dryup, weekly_volume_dryup, flags=Wide Weekly Base;Wide Risk;Low Liquidity, downtrend",watchlist,0.86,1.86,315.35,-12.54,"[22.47, 20.58]","[28, 34]",0.9,66.0,690
CSBBANK.NS,CSB Bank Limited,Banks - Regional,Financial Services,Financial Services,False,Cash,1,Stage 4,Stage 4,Stage 4,0.86,Price is below the 30-week trend and below long-term support structure.,,,,,Stage 4,4.43,Weak,Volume Drying Up,Volume Drying Up (0.43x vs 10W Avg),-2.79,Underperformed Nifty by 2.79% in 3 Months,False,-2.79,-10.02,306639799.99,1.96,0.39,0.43,False,True,"Stage 4, Stage 4, weekly_vcp_ok, weekly_volume_dryup, weekly_strong, flags=Wide Weekly Base;Wide Risk;Low Liquidity, downtrend",watchlist,0.8,1.8,377.95,-14.34,"[17.68, 16.03, 16.89, 17.03]","[7, 10, 24, 13]",0.73,96.0,691
ATGL.NS,Adani Total Gas Limited,Utilities,Utilities,Utilities,False,Cash,1,Failed Stage 2,Stage 3,Failed Stage 2,0.72,"This stock was recently Stage 2, but the latest structure no longer satisfies Stage 2 rules. It is kept as Failed Stage 2 until a fresh base/repair structure forms.",Recent Stage 2 break; public stage held as Failed Stage 2.,2026-09-28,2026-09-18,,Failed Stage 2,0.0,Weak,Volume Drying Up,Volume Drying Up (0.47x vs 10W Avg),-13.85,Underperformed Nifty by 13.85% in 3 Months,False,-13.85,16.6,1748123280.12,2.9,0.27,0.47,False,True,"Stage 3, Early, weekly_volume_dryup, flags=Wide Risk;Low Liquidity, distribution_or_weakening_risk | Stage 2 failed state applied from stage memory.",watchlist,1.78,1.78,750.0,-20.74,"[19.68, 14.25, 16.21]","[14, 12, 19]",0.55,77.0,692
NCC.NS,NCC Limited,Engineering & Construction,Industrials,Industrials,False,Cash,1,Stage 4,Stage 4,Stage 4,0.86,Price is below the 30-week trend and below long-term support structure.,,,,,Stage 4,6.62,Weak,Volume Drying Up,Volume Drying Up (0.80x vs 10W Avg),-7.03,Underperformed Nifty by 7.03% in 3 Months,False,-7.03,-4.38,286030393.78,0.92,0.59,0.8,False,True,"Stage 4, Stage 4, weekly_vcp_ok, weekly_volume_dryup, weekly_strong, flags=Wide Risk;Low Liquidity, downtrend",watchlist,1.7,1.7,153.86,-15.32,"[16.75, 6.07]","[24, 7]",0.9,41.0,693
RUSTOMJEE.NS,Keystone Realtors Limited,Real Estate,Real Estate,Real Estate,False,Cash,1,Stage 4,Stage 4,Stage 4,0.86,Price is below the 30-week trend and below long-term support structure.,,,,,Stage 4,0.0,Weak,Volume Drying Up,Volume Drying Up (0.61x vs 10W Avg),-11.51,Underperformed Nifty by 11.51% in 3 Months,False,-11.51,-3.31,37535711.16,0.4,0.56,0.61,True,True,"Stage 4, Stage 4, volume_dryup, weekly_volume_dryup, flags=Wide Risk;Low Liquidity, downtrend",watchlist,0.7,1.7,446.93,-19.47,"[15.47, 15.59, 13.89]","[25, 13, 12]",0.95,91.0,694
MAHSCOOTER.NS,Maharashtra Scooters Limited,Asset Management,Financial Services,Financial Services,False,Cash,1,Stage 1,Stage 1,Stage 1,0.64,Price is building a base around long-term weekly structure without a confirmed advancing phase.,,,,,Stage 1,21.36,Strong,Volume Drying Up,Volume Drying Up (0.75x vs 10W Avg),7.39,Outperformed Nifty by 7.39% in 3 Months,False,7.39,19.44,43906281.14,0.89,0.61,0.75,False,True,"Stage 1, Stage 1, weekly_vcp_ok, weekly_volume_dryup, weekly_strong, flags=Wider Risk;Low Liquidity, stage1_not_actionable, stage1_needs_more_base",watchlist,1.63,1.63,13960.39,-8.28,"[11.73, 8.13, 7.96, 8.76]","[12, 13, 15, 10]",0.73,79.0,695
NSIL.NS,Nalwa Sons Investments Limited,Asset Management,Financial Services,Financial Services,False,Cash,1,Stage 4,Stage 4,Stage 4,0.66,Price is below weekly structure.,,,,,Stage 4,16.23,Strong,Volume Expanding,Volume Normal (1.48x vs 10W Avg),3.77,Outperformed Nifty by 3.77% in 3 Months,False,3.77,8.29,11095094.45,1.05,3.6,1.48,False,False,"Stage 4, Stage 4, weekly_vcp_ok, weekly_strong, flags=Wider Risk;Low Liquidity, downtrend",watchlist,1.63,1.63,5840.2,-7.56,"[10.12, 8.88]","[12, 26]",0.9,61.0,696
DBL.NS,Dilip Buildcon Limited,Engineering & Construction,Industrials,Industrials,False,Cash,1,Stage 4,Stage 4,Stage 4,0.66,Price is below weekly structure.,,,,,Stage 4,11.69,Weak,Volume Drying Up,Volume Drying Up (0.22x vs 10W Avg),-1.62,Underperformed Nifty by 1.62% in 3 Months,False,-1.62,2.58,214282980.88,0.41,0.69,0.22,True,True,"Stage 4, Stage 4, weekly_vcp_ok, volume_dryup, weekly_volume_dryup, weekly_strong, flags=Wide Risk;Low Liquidity, downtrend",watchlist,1.6,1.6,473.52,-14.07,"[17.29, 18.63, 17.84]","[16, 23, 23]",0.55,85.0,697
BAJAJHFL.NS,Bajaj Housing Finance Limited,Mortgage Finance,Financial Services,Financial Services,False,Cash,1,Stage 4,Stage 4,Stage 4,0.86,Price is below the 30-week trend and below long-term support structure.,,,,,Stage 4,8.04,Neutral,Volume Normal,Volume Normal (1.02x vs 10W Avg),-1.81,Underperformed Nifty by 1.81% in 3 Months,False,-1.81,8.05,241185479.35,1.04,1.04,1.02,False,False,"Stage 4, Stage 4, weekly_vcp_ok, flags=Wide Risk;Low Liquidity, downtrend",watchlist,1.57,1.57,94.16,-12.37,"[12.04, 5.89, 5.35, 5.89]","[14, 11, 9, 9]",0.73,91.0,698
CELLO.NS,Cello World Limited,"Furnishings, Fixtures & Appliances",Consumer Cyclical,Consumer Cyclical,False,Cash,1,Stage 4,Stage 4,Stage 4,0.86,Price is below the 30-week trend and below long-term support structure.,,,,,Stage 4,7.37,Weak,Volume Drying Up,Volume Drying Up (0.58x vs 10W Avg),-4.38,Underperformed Nifty by 4.38% in 3 Months,False,-4.38,-13.59,106936804.74,0.42,0.8,0.58,True,True,"Stage 4, Stage 4, weekly_vcp_ok, volume_dryup, weekly_volume_dryup, weekly_strong, flags=Wide Risk;Low Liquidity, downtrend",watchlist,1.5,1.5,409.52,-18.78,"[17.5, 10.84, 12.32]","[30, 15, 6]",0.55,70.0,699
WIPRO.NS,Wipro Limited,Information Technology Services,Technology,Technology,True,F&O,1,Stage 4,Stage 4,Stage 4,0.86,Price is below the 30-week trend and below long-term support structure.,,,,,Stage 4,0.0,Weak,Volume Normal,Volume Normal (0.95x vs 10W Avg),-0.98,Underperformed Nifty by 0.98% in 3 Months,False,-0.98,-13.91,1662510360.43,1.06,1.11,0.95,False,False,"Stage 4, Stage 4, flags=Wide Risk;Low Liquidity, downtrend",watchlist,1.25,1.25,184.53,-12.45,"[19.91, 4.27]","[24, 8]",0.9,40.0,700
ASHOKLEY.NS,Ashok Leyland Limited,Farm & Heavy Construction Machinery,Industrials,Industrials,True,F&O,1,Stage 4,Stage 4,Stage 4,0.86,Price is below the 30-week trend and below long-term support structure.,,,2026-08-13,,Stage 4,10.72,Neutral,Volume Drying Up,Volume Drying Up (0.59x vs 10W Avg),-0.67,Underperformed Nifty by 0.67% in 3 Months,False,-0.67,8.61,1822057270.26,0.71,1.02,0.59,True,True,"Stage 4, Stage 4, weekly_vcp_ok, volume_dryup, weekly_volume_dryup, weekly_strong, flags=Wide Risk;Low Liquidity, downtrend",watchlist,0.23,1.23,182.7,-15.04,"[13.91, 15.33, 11.91]","[7, 13, 15]",0.55,56.0,701
INDOSTAR.NS,IndoStar Capital Finance Limited,Credit Services,Financial Services,Financial Services,False,Cash,1,Failed Stage 2,Stage 3,Failed Stage 2,0.72,"This stock was recently Stage 2, but the latest structure no longer satisfies Stage 2 rules. It is kept as Failed Stage 2 until a fresh base/repair structure forms.",Recent Stage 2 break; public stage held as Failed Stage 2.,2026-09-28,2026-09-18,,Failed Stage 2,10.0,Weak,Volume Drying Up,Volume Drying Up (0.42x vs 10W Avg),-13.94,Underperformed Nifty by 13.94% in 3 Months,False,-13.94,10.04,22135604.29,0.51,0.36,0.42,True,True,"Stage 3, Early, weekly_vcp_ok, volume_dryup, weekly_volume_dryup, weekly_strong, flags=Wide Risk;Low Liquidity, distribution_or_weakening_risk | Stage 2 failed state applied from stage memory.",watchlist,0.17,1.17,264.79,-20.37,"[18.42, 7.89]","[19, 5]",0.9,35.0,702
UPL.NS,UPL Limited,Agricultural Inputs,Basic Materials,Basic Materials,True,F&O,1,Stage 4,Stage 4,Stage 4,0.86,Price is below the 30-week trend and below long-term support structure.,,,,,Stage 4,1.37,Weak,Volume Normal,Volume Normal (1.08x vs 10W Avg),-0.66,Underperformed Nifty by 0.66% in 3 Months,False,-0.66,-4.18,1219899916.18,1.19,0.74,1.08,False,False,"Stage 4, Stage 4, weekly_vcp_ok, weekly_strong, flags=Wide Risk;Low Liquidity, downtrend",watchlist,1.02,1.02,625.05,-12.09,"[14.88, 10.38]","[26, 12]",0.9,61.0,703
FEDFINA.NS,Fedbank Financial Services Limited,Credit Services,Financial Services,Financial Services,False,Cash,1,Failed Stage 2,Stage 1,Failed Stage 2,0.72,"This stock was recently Stage 2, but the latest structure no longer satisfies Stage 2 rules. It is kept as Failed Stage 2 until a fresh base/repair structure forms.",Recent Stage 2 break; public stage held as Failed Stage 2.,2026-09-28,2026-09-25,,Failed Stage 2,30.88,Strong,Volume Normal,Volume Normal (1.15x vs 10W Avg),5.85,Outperformed Nifty by 5.85% in 3 Months,False,5.85,17.66,134397846.42,0.94,1.37,1.15,False,False,"Stage 1, Stage 1, weekly_vcp_ok, weekly_strong, flags=Wider Risk, stage1_not_actionable, stage1_needs_more_base | Stage 2 failed state applied from stage memory.",watchlist,0.0,1.0,169.3,-10.97,[15.48],[7],0.0,7.0,704
KOTAKBANK.NS,Kotak Mahindra Bank Limited,Banks - Regional,Financial Services,Financial Services,True,F&O,1,Stage 1,Stage 1,Stage 1,0.64,Price is building a base around long-term weekly structure without a confirmed advancing phase.,,,,,Stage 1,25.63,Strong,Volume Normal,Volume Normal (0.99x vs 10W Avg),5.84,Outperformed Nifty by 5.84% in 3 Months,False,5.84,14.62,4256679509.5,1.04,1.29,0.99,False,False,"Stage 1, Stage 1, stage1_base_ready, weekly_vcp_ok, weekly_strong, flags=Low Liquidity, stage1_not_actionable",watchlist,0.0,1.0,429.85,-6.58,[4.63],[8],0.0,8.0,705
JUBLFOOD.NS,Jubilant Foodworks Limited,Consumer Cyclical,Consumer Cyclical,Consumer Cyclical,True,F&O,1,Not Sure,Not Sure,Not Sure,0.0,Stage rules did not identify a reliable structure.,No confident stage classification.,,,,Not Sure - Unclear,20.25,Strong,Volume Drying Up,Volume Drying Up (0.44x vs 10W Avg),16.33,Outperformed Nifty by 16.33% in 3 Months,False,16.33,9.76,435795746.37,0.54,1.03,0.44,True,True,"Not Sure, Unclear, weekly_vcp_ok, volume_dryup, weekly_volume_dryup, weekly_strong, flags=Wide Risk;Low Liquidity",watchlist,0.0,1.0,528.77,-9.47,[12.55],[14],0.0,14.0,706
UNIONBANK.NS,Union Bank of India,Banks - Regional,Financial Services,Financial Services,True,F&O,1,Failed Stage 2,Stage 1,Failed Stage 2,0.72,"This stock was recently Stage 2, but the latest structure no longer satisfies Stage 2 rules. It is kept as Failed Stage 2 until a fresh base/repair structure forms.",Recent Stage 2 break; public stage held as Failed Stage 2.,2026-09-28,2026-09-25,,Failed Stage 2,19.53,Neutral,Volume Drying Up,Volume Drying Up (0.58x vs 10W Avg),6.52,Outperformed Nifty by 6.52% in 3 Months,False,6.52,5.07,1262232917.83,0.61,1.13,0.58,True,True,"Stage 1, Stage 1, weekly_vcp_ok, volume_dryup, weekly_volume_dryup, weekly_strong, flags=Wider Risk;Low Liquidity, stage1_not_actionable, stage1_needs_more_base | Stage 2 failed state applied from stage memory.",watchlist,0.0,1.0,192.33,-10.7,[9.15],[14],0.0,14.0,707
JUNIPER.NS,Juniper Hotels Limited,Lodging,Consumer Cyclical,Consumer Cyclical,False,Cash,1,Not Sure,Not Sure,Not Sure,0.0,Stage rules did not identify a reliable structure.,No confident stage classification.,,,,Not Sure - Unclear,17.25,Strong,Volume Drying Up,Volume Drying Up (0.33x vs 10W Avg),12.92,Outperformed Nifty by 12.92% in 3 Months,False,12.92,7.65,44297294.06,0.62,0.51,0.33,True,True,"Not Sure, Unclear, weekly_vcp_ok, volume_dryup, weekly_volume_dryup, flags=Wider Risk;Low Liquidity",watchlist,0.0,1.0,234.4,-8.38,[13.25],[7],0.0,7.0,708
PRESTIGE.NS,Prestige Estates Projects Limited,Real Estate,Real Estate,Real Estate,True,F&O,1,Failed Stage 2,Stage 3,Failed Stage 2,0.72,"This stock was recently Stage 2, but the latest structure no longer satisfies Stage 2 rules. It is kept as Failed Stage 2 until a fresh base/repair structure forms.",Recent Stage 2 break; public stage held as Failed Stage 2.,2026-09-28,2026-09-23,,Failed Stage 2,15.87,Weak,Volume Drying Up,Volume Drying Up (0.72x vs 10W Avg),-6.93,Underperformed Nifty by 6.93% in 3 Months,False,-6.93,30.09,698715229.08,0.82,1.25,0.72,True,True,"Stage 3, Early, weekly_vcp_ok, volume_dryup, weekly_volume_dryup, weekly_strong, flags=Wide Risk;Low Liquidity, distribution_or_weakening_risk | Stage 2 failed state applied from stage memory.",watchlist,0.0,1.0,1651.84,-10.96,[14.67],[18],0.0,18.0,709
MANAPPURAM.NS,Manappuram Finance Limited,Credit Services,Financial Services,Financial Services,True,F&O,1,Failed Stage 2,Stage 1,Failed Stage 2,0.72,"This stock was recently Stage 2, but the latest structure no longer satisfies Stage 2 rules. It is kept as Failed Stage 2 until a fresh base/repair structure forms.",Recent Stage 2 break; public stage held as Failed Stage 2.,2026-09-28,2026-09-25,,Failed Stage 2,15.05,Neutral,Volume Drying Up,Volume Drying Up (0.83x vs 10W Avg),2.26,Outperformed Nifty by 2.26% in 3 Months,False,2.26,25.17,1309739699.05,0.68,1.9,0.83,True,True,"Stage 1, Stage 1, weekly_vcp_ok, volume_dryup, weekly_volume_dryup, weekly_strong, flags=Wide Risk;Low Liquidity, stage1_not_actionable, stage1_needs_more_base | Stage 2 failed state applied from stage memory.",watchlist,0.0,1.0,373.2,-16.13,[11.58],[14],0.0,14.0,710
ICICIBANK.NS,ICICI Bank Limited,Banks - Regional,Financial Services,Financial Services,True,F&O,1,Stage 3,Stage 3,Early,0.68,"Prior strength has shifted into a Stage 3 transition based on trend, relative strength, and volume evidence.",,,,,Stage 3 Early,14.88,Neutral,Volume Drying Up,Volume Drying Up (0.75x vs 10W Avg),-1.11,Underperformed Nifty by 1.11% in 3 Months,False,-1.11,10.25,11441517023.53,0.81,0.76,0.75,True,True,"Stage 3, Early, weekly_vcp_ok, volume_dryup, weekly_volume_dryup, weekly_strong, flags=Wider Risk;Low Liquidity, distribution_or_weakening_risk",watchlist,0.0,1.0,1456.54,-10.61,[5.19],[22],0.0,22.0,711
M&MFIN.NS,Mahindra & Mahindra Financial Services Limited,Credit Services,Financial Services,Financial Services,False,Cash,1,Failed Stage 2,Stage 3,Failed Stage 2,0.72,"This stock was recently Stage 2, but the latest structure no longer satisfies Stage 2 rules. It is kept as Failed Stage 2 until a fresh base/repair structure forms.",Recent Stage 2 break; public stage held as Failed Stage 2.,2026-09-28,2026-09-15,,Failed Stage 2,14.61,Strong,Volume Drying Up,Volume Drying Up (0.34x vs 10W Avg),11.78,Outperformed Nifty by 11.78% in 3 Months,False,11.78,21.22,614956921.48,0.38,0.44,0.34,True,True,"Stage 3, Early, weekly_vcp_ok, volume_dryup, weekly_volume_dryup, weekly_strong, flags=Wide Risk;Low Liquidity, distribution_or_weakening_risk | Stage 2 failed state applied from stage memory.",watchlist,0.0,1.0,390.08,-14.95,[19.55],[24],0.0,24.0,712
SUNDARMFIN.NS,Sundaram Finance Limited,Credit Services,Financial Services,Financial Services,False,Cash,1,Stage 4,Stage 4,Stage 4,0.66,Price is below weekly structure.,,,,,Stage 4,14.25,Strong,Volume Normal,Volume Normal (0.95x vs 10W Avg),2.66,Outperformed Nifty by 2.66% in 3 Months,False,2.66,0.91,199606253.79,1.12,0.64,0.95,False,False,"Stage 4, Stage 4, weekly_vcp_ok, weekly_strong, flags=Wider Risk;Low Liquidity, downtrend",watchlist,0.0,1.0,4877.78,-8.7,[11.35],[7],0.0,7.0,713
RAINBOW.NS,Rainbow Childrens Medicare Limited,Medical Care Facilities,Healthcare,Healthcare,False,Cash,1,Failed Stage 2,Stage 1,Failed Stage 2,0.72,"This stock was recently Stage 2, but the latest structure no longer satisfies Stage 2 rules. It is kept as Failed Stage 2 until a fresh base/repair structure forms.",Recent Stage 2 break; public stage held as Failed Stage 2.,2026-09-28,2026-09-24,,Failed Stage 2,13.84,Neutral,Volume Expanding,Volume Expanding (2.02x vs 10W Avg),1.84,Outperformed Nifty by 1.84% in 3 Months,False,1.84,19.33,166769769.37,1.4,1.37,2.02,False,False,"Stage 1, Stage 1, flags=Wider Risk, stage1_not_actionable, stage1_needs_more_base | Stage 2 failed state applied from stage memory.",watchlist,0.0,1.0,1505.0,-8.8,[12.46],[15],0.0,15.0,714
SAPPHIRE.NS,Sapphire Foods India Limited,Consumer Cyclical,Consumer Cyclical,Consumer Cyclical,False,Cash,1,Failed Stage 2,Stage 1,Failed Stage 2,0.72,"This stock was recently Stage 2, but the latest structure no longer satisfies Stage 2 rules. It is kept as Failed Stage 2 until a fresh base/repair structure forms.",Recent Stage 2 break; public stage held as Failed Stage 2.,2026-09-28,2026-09-23,,Failed Stage 2,12.23,Very Strong,Volume Drying Up,Volume Drying Up (0.24x vs 10W Avg),22.3,Outperformed Nifty by 22.3% in 3 Months,False,22.3,42.99,153435568.34,0.38,0.42,0.24,True,True,"Stage 1, Stage 1, weekly_vcp_ok, volume_dryup, weekly_volume_dryup, weekly_strong, flags=Wide Weekly Base;Loose Structure;Wide Risk;Low Liquidity, stage1_not_actionable, stage1_needs_more_base | Stage 2 failed state applied from stage memory.",watchlist,0.0,1.0,259.23,-16.41,[15.25],[12],0.0,12.0,715
IREDA.NS,Indian Renewable Energy Development Agency Limited,Credit Services,Financial Services,Financial Services,True,F&O,1,Stage 4,Stage 4,Stage 4,0.86,Price is below the 30-week trend and below long-term support structure.,,,,,Stage 4,12.18,Weak,Volume Expanding,Volume Expanding (1.73x vs 10W Avg),-5.0,Underperformed Nifty by 5.0% in 3 Months,False,-5.0,2.82,488160997.12,1.2,4.34,1.73,False,False,"Stage 4, Stage 4, weekly_vcp_ok, weekly_strong, flags=Low Liquidity, downtrend",watchlist,0.0,1.0,120.55,-4.75,[10.75],[16],0.0,16.0,716
VSTTILLERS.NS,V.S.T Tillers Tractors Limited,Farm & Heavy Construction Machinery,Industrials,Industrials,False,Cash,1,Stage 4,Stage 4,Stage 4,0.86,Price is below the 30-week trend and below long-term support structure.,,,,,Stage 4,11.94,Weak,Volume Expanding,Volume Normal (1.45x vs 10W Avg),-0.04,Underperformed Nifty by 0.04% in 3 Months,False,-0.04,-10.78,41116669.9,1.27,1.8,1.45,False,False,"Stage 4, Stage 4, weekly_vcp_ok, weekly_strong, flags=Low Liquidity, downtrend",watchlist,0.0,1.0,4459.6,-3.42,[15.59],[23],0.0,23.0,717
SHRIRAMFIN.NS,Shriram Finance Limited,Credit Services,Financial Services,Financial Services,True,F&O,1,Failed Stage 2,Stage 1,Failed Stage 2,0.72,"This stock was recently Stage 2, but the latest structure no longer satisfies Stage 2 rules. It is kept as Failed Stage 2 until a fresh base/repair structure forms.",Recent Stage 2 break; public stage held as Failed Stage 2.,2026-09-28,2026-09-23,,Failed Stage 2,11.8,Neutral,Volume Drying Up,Volume Drying Up (0.82x vs 10W Avg),-2.85,Underperformed Nifty by 2.85% in 3 Months,False,-2.85,12.38,4033151856.13,0.95,1.37,0.82,False,True,"Stage 1, Stage 1, weekly_vcp_ok, weekly_volume_dryup, weekly_strong, flags=Wide Risk;Low Liquidity, stage1_not_actionable, stage1_needs_more_base | Stage 2 failed state applied from stage memory.",watchlist,0.0,1.0,1144.0,-14.66,[8.68],[13],0.0,13.0,718
CREDITACC.NS,CREDITACCESS GRAMEEN LIMITED,Credit Services,Financial Services,Financial Services,False,Cash,1,Failed Stage 2,Stage 3,Failed Stage 2,0.72,"This stock was recently Stage 2, but the latest structure no longer satisfies Stage 2 rules. It is kept as Failed Stage 2 until a fresh base/repair structure forms.",Recent Stage 2 break; public stage held as Failed Stage 2.,2026-09-28,2026-09-14,,Failed Stage 2,10.89,Weak,Volume Drying Up,Volume Drying Up (0.47x vs 10W Avg),-13.56,Underperformed Nifty by 13.56% in 3 Months,False,-13.56,8.82,241594287.26,0.5,0.88,0.47,True,True,"Stage 3, Early, weekly_vcp_ok, volume_dryup, weekly_volume_dryup, weekly_strong, flags=Wide Risk;Low Liquidity, distribution_or_weakening_risk | Stage 2 failed state applied from stage memory.",watchlist,0.0,1.0,1470.57,-14.65,[17.47],[22],0.0,22.0,719
EQUITASBNK.NS,Equitas Small Finance Bank Limited,Banks - Regional,Financial Services,Financial Services,False,Cash,1,Failed Stage 2,Stage 3,Failed Stage 2,0.72,"This stock was recently Stage 2, but the latest structure no longer satisfies Stage 2 rules. It is kept as Failed Stage 2 until a fresh base/repair structure forms.",Recent Stage 2 break; public stage held as Failed Stage 2.,2026-09-28,2026-09-24,,Failed Stage 2,10.8,Weak,Volume Normal,Volume Normal (1.12x vs 10W Avg),-9.65,Underperformed Nifty by 9.65% in 3 Months,False,-9.65,23.95,116818835.27,0.95,1.35,1.12,False,False,"Stage 3, Early, weekly_vcp_ok, weekly_strong, flags=Wide Risk;Low Liquidity, distribution_or_weakening_risk | Stage 2 failed state applied from stage memory.",watchlist,0.0,1.0,74.98,-11.95,[15.84],[10],0.0,10.0,720
FORTIS.NS,Fortis Healthcare Limited,Medical Care Facilities,Healthcare,Healthcare,True,F&O,1,Stage 3,Stage 3,Early,0.68,"Prior strength has shifted into a Stage 3 transition based on trend, relative strength, and volume evidence.",,,2026-07-15,,Stage 3 Early,10.63,Weak,Volume Expanding,Volume Normal (1.30x vs 10W Avg),-9.59,Underperformed Nifty by 9.59% in 3 Months,False,-9.59,7.69,947696640.65,1.11,2.47,1.3,False,False,"Stage 3, Early, weekly_vcp_ok, weekly_strong, flags=Wide Risk;Low Liquidity, distribution_or_weakening_risk",watchlist,0.0,1.0,943.55,-11.95,[10.26],[7],0.0,7.0,721
FEDERALBNK.NS,The Federal Bank  Limited,Banks - Regional,Financial Services,Financial Services,True,F&O,1,Failed Stage 2,Stage 3,Failed Stage 2,0.72,"This stock was recently Stage 2, but the latest structure no longer satisfies Stage 2 rules. It is kept as Failed Stage 2 until a fresh base/repair structure forms.",Recent Stage 2 break; public stage held as Failed Stage 2.,2026-09-28,2026-09-24,,Failed Stage 2,9.28,Neutral,Volume Normal,Volume Normal (1.22x vs 10W Avg),3.63,Outperformed Nifty by 3.63% in 3 Months,False,3.63,25.06,1723291820.08,1.22,1.52,1.22,False,False,"Stage 3, Late, weekly_vcp_ok, weekly_strong, flags=Wider Risk;Low Liquidity, distribution_or_weakening_risk | Stage 2 failed state applied from stage memory.",watchlist,0.0,1.0,357.57,-9.11,[8.15],[10],0.0,10.0,722
VMM.NS,Vishal Mega Mart Limited,Consumer Cyclical,Consumer Cyclical,Consumer Cyclical,True,F&O,1,Stage 4,Stage 4,Stage 4,0.86,Price is below the 30-week trend and below long-term support structure.,,,,,Stage 4,8.57,Weak,Volume Drying Up,Volume Normal (1.06x vs 10W Avg),-11.89,Underperformed Nifty by 11.89% in 3 Months,False,-11.89,-4.3,1018645825.53,0.83,0.61,1.06,True,False,"Stage 4, Stage 4, weekly_vcp_ok, volume_dryup, weekly_strong, flags=Wide Risk;Low Liquidity, downtrend",watchlist,0.0,1.0,115.6,-12.8,[14.3],[17],0.0,17.0,723
EIHOTEL.NS,EIH Limited,Lodging,Consumer Cyclical,Consumer Cyclical,False,Cash,1,Stage 4,Stage 4,Stage 4,0.86,Price is below the 30-week trend and below long-term support structure.,,,,,Stage 4,8.32,Weak,Volume Drying Up,Volume Drying Up (0.48x vs 10W Avg),-3.86,Underperformed Nifty by 3.86% in 3 Months,False,-3.86,5.12,89666601.62,1.41,0.57,0.48,False,True,"Stage 4, Stage 4, weekly_vcp_ok, weekly_volume_dryup, weekly_strong, flags=Wide Risk;Low Liquidity, downtrend",watchlist,0.0,1.0,321.71,-8.27,[8.98],[16],0.0,16.0,724
IRCTC.NS,Indian Railway Catering And Tourism Corporation Limited,Consumer Cyclical,Consumer Cyclical,Consumer Cyclical,False,Cash,1,Stage 4,Stage 4,Stage 4,0.86,Price is below the 30-week trend and below long-term support structure.,,,,,Stage 4,8.07,Weak,Volume Drying Up,Volume Drying Up (0.65x vs 10W Avg),-5.21,Underperformed Nifty by 5.21% in 3 Months,False,-5.21,-9.04,291658967.15,0.92,0.54,0.65,False,True,"Stage 4, Stage 4, weekly_vcp_ok, weekly_volume_dryup, weekly_strong, flags=Wider Risk;Low Liquidity, downtrend",watchlist,0.0,1.0,492.84,-7.98,[15.28],[27],0.0,27.0,725
GANESHHOU.NS,GANESH HOUSING LIMITED,Real Estate,Real Estate,Real Estate,False,Cash,1,Failed Stage 2,Stage 3,Failed Stage 2,0.72,"This stock was recently Stage 2, but the latest structure no longer satisfies Stage 2 rules. It is kept as Failed Stage 2 until a fresh base/repair structure forms.",Recent Stage 2 break; public stage held as Failed Stage 2.,2026-09-28,2026-09-25,,Failed Stage 2,7.95,Neutral,Volume Drying Up,Volume Drying Up (0.67x vs 10W Avg),-1.97,Underperformed Nifty by 1.97% in 3 Months,False,-1.97,32.89,20315949.33,0.62,1.13,0.67,True,True,"Stage 3, Early, weekly_vcp_ok, volume_dryup, weekly_volume_dryup, weekly_strong, flags=Wide Weekly Base;Wide Risk;Low Liquidity, distribution_or_weakening_risk | Stage 2 failed state applied from stage memory.",watchlist,0.0,1.0,844.9,-14.95,[18.11],[12],0.0,12.0,726
TRAVELFOOD.NS,Travel Food Services Limited,Consumer Cyclical,Consumer Cyclical,Consumer Cyclical,False,Cash,1,Not Sure,Stage 4,Pending Stage 4,0.55,Blocked public stage jump Stage 1 -> Stage 4; waiting for intermediate/confirmed structure.,Blocked public stage jump Stage 1 -> Stage 4; waiting for intermediate/confirmed structure.,,,Stage 4,Not Sure - Unclear,6.53,Weak,Volume Drying Up,Volume Drying Up (0.37x vs 10W Avg),-4.39,Underperformed Nifty by 4.39% in 3 Months,False,-4.39,-3.02,38266887.85,0.36,0.41,0.37,True,True,"Stage 4, Stage 4, weekly_vcp_ok, volume_dryup, weekly_volume_dryup, weekly_strong, flags=Wide Risk;Low Liquidity, downtrend | Blocked public stage jump Stage 1 -> Stage 4; waiting for intermediate/confirmed structure.",watchlist,0.0,1.0,1407.75,-14.54,[15.31],[14],0.0,14.0,727
MARATHON.NS,Marathon Nextgen Realty Limited,Real Estate,Real Estate,Real Estate,False,Cash,1,Stage 4,Stage 4,Stage 4,0.86,Price is below the 30-week trend and below long-term support structure.,,,,,Stage 4,6.48,Weak,Volume Drying Up,Volume Drying Up (0.17x vs 10W Avg),-0.76,Underperformed Nifty by 0.76% in 3 Months,False,-0.76,-1.9,59293442.97,0.24,0.22,0.17,True,True,"Stage 4, Stage 4, weekly_vcp_ok, volume_dryup, weekly_volume_dryup, weekly_strong, flags=Wide Risk;Low Liquidity, downtrend",watchlist,0.0,1.0,467.09,-15.9,[16.86],[11],0.0,11.0,728
REDTAPE.NS,Redtape Limited,Consumer Cyclical,Consumer Cyclical,Consumer Cyclical,False,Cash,1,Stage 3,Stage 3,Early,0.68,"Prior strength has shifted into a Stage 3 transition based on trend, relative strength, and volume evidence.",,,2026-08-07,,Stage 3 Early,6.21,Weak,Volume Drying Up,Volume Drying Up (0.55x vs 10W Avg),-6.27,Underperformed Nifty by 6.27% in 3 Months,False,-6.27,8.86,260718625.63,3.55,0.22,0.55,False,True,"Stage 3, Early, weekly_vcp_ok, weekly_volume_dryup, flags=Wide Risk;Low Liquidity, distribution_or_weakening_risk",watchlist,0.0,1.0,132.98,-9.78,[23.83],[24],0.0,24.0,729
GODREJPROP.NS,Godrej Properties Limited,Real Estate,Real Estate,Real Estate,True,F&O,1,Failed Stage 2,Stage 4,Failed Stage 2,0.72,"This stock was recently Stage 2, but the latest structure no longer satisfies Stage 2 rules. It is kept as Failed Stage 2 until a fresh base/repair structure forms.",Recent Stage 2 break; public stage held as Failed Stage 2.,2026-09-28,2026-09-10,,Failed Stage 2,5.65,Weak,Volume Drying Up,Volume Drying Up (0.60x vs 10W Avg),-9.67,Underperformed Nifty by 9.67% in 3 Months,False,-9.67,13.5,1197861702.45,0.84,0.67,0.6,True,True,"Stage 4, Stage 4, weekly_vcp_ok, volume_dryup, weekly_volume_dryup, weekly_strong, flags=Wide Risk;Low Liquidity, downtrend | Stage 2 failed state applied from stage memory.",watchlist,0.0,1.0,2098.67,-20.44,[21.36],[14],0.0,14.0,730
MUTHOOTMF.NS,Muthoot Microfin Limited,Credit Services,Financial Services,Financial Services,False,Cash,1,Failed Stage 2,Stage 3,Failed Stage 2,0.72,"This stock was recently Stage 2, but the latest structure no longer satisfies Stage 2 rules. It is kept as Failed Stage 2 until a fresh base/repair structure forms.",Recent Stage 2 break; public stage held as Failed Stage 2.,2026-09-28,2026-09-14,,Failed Stage 2,5.29,Weak,Volume Drying Up,Volume Drying Up (0.37x vs 10W Avg),-12.22,Underperformed Nifty by 12.22% in 3 Months,False,-12.22,21.14,43312816.45,0.39,0.52,0.37,True,True,"Stage 3, Early, weekly_vcp_ok, volume_dryup, weekly_volume_dryup, weekly_strong, flags=Loose Structure;Wide Risk;Low Liquidity, distribution_or_weakening_risk | Stage 2 failed state applied from stage memory.",watchlist,0.0,1.0,221.39,-19.22,[21.19],[17],0.0,17.0,731
AUBANK.NS,AU Small Finance Bank Limited,Banks - Regional,Financial Services,Financial Services,True,F&O,1,Failed Stage 2,Stage 3,Failed Stage 2,0.72,"This stock was recently Stage 2, but the latest structure no longer satisfies Stage 2 rules. It is kept as Failed Stage 2 until a fresh base/repair structure forms.",Recent Stage 2 break; public stage held as Failed Stage 2.,2026-09-28,2026-09-23,,Failed Stage 2,5.2,Neutral,Volume Normal,Volume Normal (1.21x vs 10W Avg),-0.64,Underperformed Nifty by 0.64% in 3 Months,False,-0.64,17.0,1183577763.16,0.92,0.99,1.21,False,False,"Stage 3, Late, weekly_vcp_ok, weekly_strong, flags=Wide Risk;Low Liquidity, distribution_or_weakening_risk | Stage 2 failed state applied from stage memory.",watchlist,0.0,1.0,1146.1,-13.16,[11.96],[13],0.0,13.0,732
MHRIL.NS,Mahindra Holidays & Resorts India Limited,Consumer Cyclical,Consumer Cyclical,Consumer Cyclical,False,Cash,1,Stage 4,Stage 4,Stage 4,0.86,Price is below the 30-week trend and below long-term support structure.,,,,,Stage 4,4.71,Weak,Volume Drying Up,Volume Drying Up (0.69x vs 10W Avg),-12.35,Underperformed Nifty by 12.35% in 3 Months,False,-12.35,-18.34,25050216.64,0.81,1.71,0.69,True,True,"Stage 4, Stage 4, weekly_vcp_ok, volume_dryup, weekly_volume_dryup, weekly_strong, flags=Wide Risk;Low Liquidity, downtrend",watchlist,0.0,1.0,226.04,-13.33,[20.5],[30],0.0,30.0,733
ZAGGLE.NS,Zaggle Prepaid Ocean Services Limited,Software - Infrastructure,Technology,Technology,False,Cash,1,Stage 4,Stage 4,Stage 4,0.86,Price is below the 30-week trend and below long-term support structure.,,,,,Stage 4,4.53,Weak,Volume Drying Up,Volume Drying Up (0.25x vs 10W Avg),-12.05,Underperformed Nifty by 12.05% in 3 Months,False,-12.05,-23.01,168321767.95,0.29,0.14,0.25,True,True,"Stage 4, Stage 4, weekly_vcp_ok, volume_dryup, weekly_volume_dryup, weekly_strong, flags=Wide Weekly Base;Wide Risk;Low Liquidity, downtrend",watchlist,0.0,1.0,204.31,-14.08,[26.96],[9],0.0,9.0,734
MUTHOOTFIN.NS,Muthoot Finance Limited,Credit Services,Financial Services,Financial Services,True,F&O,1,Stage 4,Stage 4,Stage 4,0.86,Price is below the 30-week trend and below long-term support structure.,,,,,Stage 4,4.44,Weak,Volume Drying Up,Volume Drying Up (0.57x vs 10W Avg),-1.33,Underperformed Nifty by 1.33% in 3 Months,False,-1.33,-10.18,1704888276.9,0.59,1.02,0.57,True,True,"Stage 4, Stage 4, weekly_vcp_ok, volume_dryup, weekly_volume_dryup, weekly_strong, flags=Wide Risk;Low Liquidity, downtrend",watchlist,0.0,1.0,3252.18,-15.13,[16.15],[13],0.0,13.0,735
IDBI.NS,IDBI Bank Limited,Banks - Regional,Financial Services,Financial Services,False,Cash,1,Not Sure,Not Sure,Not Sure,0.0,Stage rules did not identify a reliable structure.,No confident stage classification.,,,,Not Sure - Unclear,3.98,Strong,Volume Drying Up,Volume Drying Up (0.85x vs 10W Avg),5.08,Outperformed Nifty by 5.08% in 3 Months,False,5.08,23.59,1319966611.96,1.25,0.89,0.85,False,True,"Not Sure, Unclear, weekly_volume_dryup, flags=Wide Risk;Low Liquidity",watchlist,0.0,1.0,96.42,-12.48,[17.87],[9],0.0,9.0,736
MAPMYINDIA.NS,C.E. Info Systems Limited,Software - Infrastructure,Technology,Technology,False,Cash,1,Stage 4,Stage 4,Stage 4,0.86,Price is below the 30-week trend and below long-term support structure.,,,,,Stage 4,3.88,Weak,Volume Normal,Volume Normal (1.44x vs 10W Avg),0.11,Outperformed Nifty by 0.11% in 3 Months,False,0.11,2.85,172246408.57,0.94,0.4,1.44,False,False,"Stage 4, Stage 4, weekly_vcp_ok, weekly_strong, flags=Wide Weekly Base;Loose Structure;Wide Risk;Low Liquidity, downtrend",watchlist,0.0,1.0,1034.81,-16.3,[16.71],[6],0.0,6.0,737
IRFC.NS,Indian Railway Finance Corporation Limited,Credit Services,Financial Services,Financial Services,True,F&O,1,Stage 4,Stage 4,Stage 4,0.86,Price is below the 30-week trend and below long-term support structure.,,,,,Stage 4,3.79,Weak,Volume Drying Up,Volume Drying Up (0.82x vs 10W Avg),-8.41,Underperformed Nifty by 8.41% in 3 Months,False,-8.41,-12.21,559966715.71,1.03,1.2,0.82,False,True,"Stage 4, Stage 4, weekly_vcp_ok, weekly_volume_dryup, weekly_strong, flags=Wide Weekly Base;Wide Risk;Low Liquidity, downtrend",watchlist,0.0,1.0,101.32,-22.47,"[13.92, 15.0, 13.97]","[25, 24, 32]",0.55,94.0,738
KPITTECH.NS,KPIT Technologies Limited,Software - Infrastructure,Technology,Technology,True,F&O,1,Stage 4,Stage 4,Stage 4,0.86,Price is below the 30-week trend and below long-term support structure.,,,,,Stage 4,3.79,Weak,Volume Drying Up,Volume Drying Up (0.44x vs 10W Avg),-3.04,Underperformed Nifty by 3.04% in 3 Months,False,-3.04,-24.08,756934635.98,0.62,0.6,0.44,True,True,"Stage 4, Stage 4, weekly_vcp_ok, volume_dryup, weekly_volume_dryup, weekly_strong, flags=Wide Base;Wide Weekly Base;Wide Risk;Low Liquidity, downtrend",watchlist,0.0,1.0,614.52,-17.17,[34.26],[31],0.0,31.0,739
RELAXO.NS,Relaxo Footwears Limited,Consumer Cyclical,Consumer Cyclical,Consumer Cyclical,False,Cash,1,Stage 4,Stage 4,Stage 4,0.86,Price is below the 30-week trend and below long-term support structure.,,,2026-08-18,,Stage 4,3.79,Weak,Volume Drying Up,Volume Drying Up (0.30x vs 10W Avg),-22.38,Underperformed Nifty by 22.38% in 3 Months,False,-22.38,15.16,79337355.54,1.07,0.47,0.3,False,True,"Stage 4, Stage 4, weekly_vcp_ok, weekly_volume_dryup, weekly_strong, flags=Wide Weekly Base;Loose Structure;Wide Risk;Low Liquidity, downtrend",watchlist,0.0,1.0,348.73,-16.63,[14.62],[14],0.0,14.0,740
INDRAMEDCO.NS,Indraprastha Medical Corporation Limited,Medical Care Facilities,Healthcare,Healthcare,False,Cash,1,Stage 4,Stage 4,Stage 4,0.86,Price is below the 30-week trend and below long-term support structure.,,,,,Stage 4,1.33,Weak,Volume Drying Up,Volume Drying Up (0.76x vs 10W Avg),-1.52,Underperformed Nifty by 1.52% in 3 Months,False,-1.52,-6.65,73021865.01,0.65,1.14,0.76,True,True,"Stage 4, Stage 4, volume_dryup, weekly_volume_dryup, flags=Low Liquidity, downtrend",watchlist,0.0,1.0,359.19,0.23,[15.23],[25],0.0,25.0,741
JLHL.NS,Jupiter Life Line Hospitals Limited,Medical Care Facilities,Healthcare,Healthcare,False,Cash,1,Stage 3,Stage 3,Late,0.76,"Prior strength has shifted into a Stage 3 transition based on trend, relative strength, and volume evidence.",,,2026-08-28,,Stage 3 Late,0.0,Weak,Volume Drying Up,Volume Drying Up (0.70x vs 10W Avg),-4.12,Underperformed Nifty by 4.12% in 3 Months,False,-4.12,9.67,27036611.76,0.75,1.46,0.7,True,True,"Stage 3, Late, weekly_vcp_ok, volume_dryup, weekly_volume_dryup, weekly_strong, flags=Wide Risk;Low Liquidity, distribution_or_weakening_risk",watchlist,0.0,1.0,313.5,-15.84,[11.26],[8],0.0,8.0,742
METROBRAND.NS,Metro Brands Limited,Consumer Cyclical,Consumer Cyclical,Consumer Cyclical,False,Cash,1,Stage 4,Stage 4,Stage 4,0.86,Price is below the 30-week trend and below long-term support structure.,,,,,Stage 4,0.0,Weak,Volume Drying Up,Volume Drying Up (0.84x vs 10W Avg),-9.13,Underperformed Nifty by 9.13% in 3 Months,False,-9.13,-2.3,97171928.55,1.92,0.31,0.84,False,True,"Stage 4, Stage 4, weekly_vcp_ok, weekly_volume_dryup, weekly_strong, flags=Wide Risk;Low Liquidity, downtrend",watchlist,0.0,1.0,1044.2,-16.19,[16.76],[49],0.0,49.0,743
VENTIVE.NS,Ventive Hospitality Limited,Lodging,Consumer Cyclical,Consumer Cyclical,False,Cash,1,Stage 4,Stage 4,Stage 4,0.86,Price is below the 30-week trend and below long-term support structure.,,,,,Stage 4,0.0,Weak,Volume Normal,Volume Normal (1.23x vs 10W Avg),-6.02,Underperformed Nifty by 6.02% in 3 Months,False,-6.02,-0.91,19531361.81,1.28,0.9,1.23,False,False,"Stage 4, Stage 4, weekly_vcp_ok, weekly_strong, flags=Wide Risk;Low Liquidity, downtrend",watchlist,0.0,1.0,683.89,-18.28,"[13.88, 13.96]","[22, 24]",0.9,73.0,744
ABLBL.NS,Aditya Birla Lifestyle Brands Limited,Consumer Cyclical,Consumer Cyclical,Consumer Cyclical,False,Cash,1,Stage 4,Stage 4,Stage 4,0.86,Price is below the 30-week trend and below long-term support structure.,,,,,Stage 4,0.0,Weak,Volume Drying Up,Volume Drying Up (0.84x vs 10W Avg),-15.97,Underperformed Nifty by 15.97% in 3 Months,False,-15.97,-14.74,51112033.58,0.92,0.56,0.84,False,True,"Stage 4, Stage 4, weekly_vcp_ok, weekly_volume_dryup, weekly_strong, flags=Wide Risk;Low Liquidity, downtrend",watchlist,0.0,1.0,87.55,-11.86,"[9.33, 8.14]","[15, 9]",0.9,27.0,745
DBREALTY.NS,Valor Estate Limited,Real Estate,Real Estate,Real Estate,False,Cash,1,Stage 4,Stage 4,Stage 4,0.86,Price is below the 30-week trend and below long-term support structure.,,,,,Stage 4,0.0,Weak,Volume Normal,Volume Normal (1.17x vs 10W Avg),-11.49,Underperformed Nifty by 11.49% in 3 Months,False,-11.49,8.62,96541764.44,1.19,0.3,1.17,False,False,"Stage 4, Stage 4, weekly_vcp_ok, weekly_strong, flags=Wide Weekly Base;Wide Risk;Low Liquidity, downtrend",watchlist,0.0,1.0,111.57,-13.71,[19.42],[8],0.0,8.0,746
RTNINDIA.NS,RattanIndia Enterprises Limited,Consumer Cyclical,Consumer Cyclical,Consumer Cyclical,False,Cash,1,Stage 4,Stage 4,Stage 4,0.86,Price is below the 30-week trend and below long-term support structure.,,,,,Stage 4,0.0,Weak,Volume Drying Up,Volume Drying Up (0.75x vs 10W Avg),-18.17,Underperformed Nifty by 18.17% in 3 Months,False,-18.17,-6.74,45125041.06,1.07,0.59,0.75,False,True,"Stage 4, Stage 4, weekly_vcp_ok, weekly_volume_dryup, weekly_strong, flags=Wide Weekly Base;Wide Risk;Low Liquidity, downtrend",watchlist,0.0,1.0,33.83,-22.55,"[25.71, 15.61]","[36, 11]",0.9,55.0,747
PARKHOTELS.NS,Apeejay Surrendra Park Hotels Limited,Lodging,Consumer Cyclical,Consumer Cyclical,False,Cash,1,Stage 4,Stage 4,Stage 4,0.86,Price is below the 30-week trend and below long-term support structure.,,,,,Stage 4,0.0,Weak,Volume Expanding,Volume Expanding (1.85x vs 10W Avg),-7.65,Underperformed Nifty by 7.65% in 3 Months,False,-7.65,-0.49,15769293.49,1.33,3.06,1.85,False,False,"Stage 4, Stage 4, weekly_vcp_ok, weekly_strong, flags=Wide Risk;Low Liquidity, downtrend",watchlist,0.0,1.0,127.23,-18.59,"[13.71, 11.48, 6.94]","[8, 12, 7]",0.95,40.0,748
PFC.NS,Power Finance Corporation Limited,Credit Services,Financial Services,Financial Services,True,F&O,1,Stage 4,Stage 4,Stage 4,0.66,Price is below weekly structure.,,,2026-08-07,,Stage 4,0.0,Weak,Volume Normal,Volume Normal (1.13x vs 10W Avg),-16.6,Underperformed Nifty by 16.6% in 3 Months,False,-16.6,-14.04,2875312054.6,1.06,1.19,1.13,False,False,"Stage 4, Stage 4, weekly_vcp_ok, weekly_strong, flags=Wider Risk;Low Liquidity, downtrend",watchlist,0.0,1.0,365.83,-9.8,[20.81],[20],0.0,20.0,749
POONAWALLA.NS,Poonawalla Fincorp Limited,Credit Services,Financial Services,Financial Services,False,Cash,1,Failed Stage 2,Stage 3,Failed Stage 2,0.72,"This stock was recently Stage 2, but the latest structure no longer satisfies Stage 2 rules. It is kept as Failed Stage 2 until a fresh base/repair structure forms.",Recent Stage 2 break; public stage held as Failed Stage 2.,2026-09-28,2026-09-25,,Failed Stage 2,0.0,Neutral,Volume Normal,Volume Normal (0.99x vs 10W Avg),2.53,Outperformed Nifty by 2.53% in 3 Months,False,2.53,15.44,558579655.73,1.45,1.01,0.99,False,False,"Stage 3, Late, weekly_vcp_ok, flags=Wide Risk;Low Liquidity, distribution_or_weakening_risk | Stage 2 failed state applied from stage memory.",watchlist,0.0,1.0,512.8,-13.19,[12.45],[42],0.0,42.0,750
HDBFS.NS,HDB Financial Services Limited,Credit Services,Financial Services,Financial Services,False,Cash,1,Stage 3,Stage 3,Late,0.76,"Prior strength has shifted into a Stage 3 transition based on trend, relative strength, and volume evidence.",,,,,Stage 3 Late,0.0,Weak,Volume Drying Up,Volume Drying Up (0.46x vs 10W Avg),-8.78,Underperformed Nifty by 8.78% in 3 Months,False,-8.78,12.74,330195346.28,0.71,0.45,0.46,True,True,"Stage 3, Late, weekly_vcp_ok, volume_dryup, weekly_volume_dryup, flags=Wider Risk;Low Liquidity, distribution_or_weakening_risk",watchlist,0.0,1.0,705.0,-9.59,[16.47],[17],0.0,17.0,751
OFSS.NS,Oracle Financial Services Software Limited,Software - Infrastructure,Technology,Technology,True,F&O,1,Failed Stage 2,Stage 3,Failed Stage 2,0.72,"This stock was recently Stage 2, but the latest structure no longer satisfies Stage 2 rules. It is kept as Failed Stage 2 until a fresh base/repair structure forms.",Recent Stage 2 break; public stage held as Failed Stage 2.,2026-09-28,2026-09-24,,Failed Stage 2,0.0,Neutral,Volume Drying Up,Volume Drying Up (0.84x vs 10W Avg),3.41,Outperformed Nifty by 3.41% in 3 Months,False,3.41,61.13,2467049780.5,0.87,0.88,0.84,False,True,"Stage 3, Late, weekly_volume_dryup, flags=Wide Risk;Low Liquidity, distribution_or_weakening_risk | Stage 2 failed state applied from stage memory.",watchlist,0.0,1.0,12561.94,-14.03,[5.52],[19],0.0,19.0,752
MEDPLUS.NS,Medplus Health Services Limited,Healthcare,Healthcare,Healthcare,False,Cash,1,Stage 4,Stage 4,Stage 4,0.86,Price is below the 30-week trend and below long-term support structure.,,,,,Stage 4,0.0,Weak,Volume Drying Up,Volume Drying Up (0.37x vs 10W Avg),-14.96,Underperformed Nifty by 14.96% in 3 Months,False,-14.96,-18.87,65032757.65,0.38,0.74,0.37,True,True,"Stage 4, Stage 4, volume_dryup, weekly_volume_dryup, flags=Wide Base;Wide Weekly Base;Wide Risk;Low Liquidity, downtrend",watchlist,0.0,1.0,909.35,-28.19,[36.9],[84],0.0,84.0,753
INDUSINDBK.NS,IndusInd Bank Limited,Banks - Regional,Financial Services,Financial Services,True,F&O,1,Failed Stage 2,Stage 3,Failed Stage 2,0.72,"This stock was recently Stage 2, but the latest structure no longer satisfies Stage 2 rules. It is kept as Failed Stage 2 until a fresh base/repair structure forms.",Recent Stage 2 break; public stage held as Failed Stage 2.,2026-09-28,2026-09-23,,Failed Stage 2,0.0,Neutral,Volume Normal,Volume Normal (1.38x vs 10W Avg),1.52,Outperformed Nifty by 1.52% in 3 Months,False,1.52,19.27,1989611034.67,1.46,1.06,1.38,False,False,"Stage 3, Late, flags=Wide Risk;Low Liquidity, distribution_or_weakening_risk | Stage 2 failed state applied from stage memory.",watchlist,0.0,1.0,1039.82,-12.51,[7.2],[41],0.0,41.0,754
J&KBANK.NS,The Jammu & Kashmir Bank Limited,Banks - Regional,Financial Services,Financial Services,False,Cash,1,Stage 3,Stage 3,Late,0.76,"Prior strength has shifted into a Stage 3 transition based on trend, relative strength, and volume evidence.",,,2026-08-21,,Stage 3 Late,0.0,Weak,Volume Drying Up,Volume Drying Up (0.32x vs 10W Avg),-8.53,Underperformed Nifty by 8.53% in 3 Months,False,-8.53,27.52,266767378.09,0.58,0.74,0.32,True,True,"Stage 3, Late, volume_dryup, weekly_volume_dryup, flags=Loose Structure;Wide Risk;Low Liquidity, distribution_or_weakening_risk",watchlist,0.0,1.0,182.61,-22.1,[29.22],[45],0.0,45.0,755
HDFCBANK.NS,HDFC Bank Limited,Banks - Regional,Financial Services,Financial Services,True,F&O,1,Stage 4,Stage 4,Stage 4,0.86,Price is below the 30-week trend and below long-term support structure.,,,,,Stage 4,0.0,Weak,Volume Normal,Volume Normal (0.90x vs 10W Avg),-4.55,Underperformed Nifty by 4.55% in 3 Months,False,-4.55,-0.4,19972377921.66,1.08,0.79,0.9,False,False,"Stage 4, Stage 4, flags=Wide Risk;Low Liquidity, downtrend",watchlist,0.0,1.0,844.48,-14.85,"[6.81, 7.4, 7.82]","[5, 10, 9]",0.15,91.0,756
TRENT.NS,Trent Limited,Consumer Cyclical,Consumer Cyclical,Consumer Cyclical,True,F&O,1,Stage 4,Stage 4,Stage 4,0.86,Price is below the 30-week trend and below long-term support structure.,,,,,Stage 4,0.0,Weak,Volume Normal,Volume Normal (0.93x vs 10W Avg),-15.75,Underperformed Nifty by 15.75% in 3 Months,False,-15.75,13.36,1804254536.09,0.86,1.02,0.93,False,False,"Stage 4, Stage 4, flags=Wider Risk;Low Liquidity, downtrend",watchlist,0.0,1.0,2852.88,-7.95,[16.58],[15],0.0,15.0,757
IXIGO.NS,Le Travenues Technology Limited,Consumer Cyclical,Consumer Cyclical,Consumer Cyclical,False,Cash,1,Stage 4,Stage 4,Stage 4,0.86,Price is below the 30-week trend and below long-term support structure.,,,,,Stage 4,0.0,Weak,Volume Normal,Volume Normal (0.96x vs 10W Avg),-23.45,Underperformed Nifty by 23.45% in 3 Months,False,-23.45,-4.66,228476197.46,1.2,0.65,0.96,False,False,"Stage 4, Stage 4, flags=Loose Structure;Wider Risk;Low Liquidity, downtrend",watchlist,0.0,1.0,171.72,-9.69,[24.88],[19],0.0,19.0,758
AGIIL.NS,Agi Infra Limited,Real Estate,Real Estate,Real Estate,False,Cash,1,Stage 4,Stage 4,Stage 4,0.66,Price is below weekly structure.,,,,,Stage 4,0.0,Weak,Volume Expanding,Volume Expanding (2.00x vs 10W Avg),-18.88,Underperformed Nifty by 18.88% in 3 Months,False,-18.88,-6.36,469106791.39,1.3,2.28,2.0,False,False,"Stage 4, Stage 4, flags=Wide Risk;Low Liquidity, downtrend",watchlist,0.0,1.0,310.51,-12.53,[17.54],[17],0.0,17.0,759
HEMIPROP.NS,Hemisphere Properties India Limited,Real Estate,Real Estate,Real Estate,False,Cash,1,Stage 4,Stage 4,Stage 4,0.86,Price is below the 30-week trend and below long-term support structure.,,,,,Stage 4,0.0,Weak,Volume Drying Up,Volume Drying Up (0.84x vs 10W Avg),-12.13,Underperformed Nifty by 12.13% in 3 Months,False,-12.13,0.57,29705508.1,0.85,1.45,0.84,True,True,"Stage 4, Stage 4, volume_dryup, weekly_volume_dryup, flags=Wide Risk;Low Liquidity, downtrend",watchlist,0.0,1.0,134.11,-13.54,[18.84],[32],0.0,32.0,760
SAMHI.NS,Samhi Hotels Limited,Lodging,Consumer Cyclical,Consumer Cyclical,False,Cash,1,Stage 4,Stage 4,Stage 4,0.86,Price is below the 30-week trend and below long-term support structure.,,,,,Stage 4,0.0,Weak,Volume Drying Up,Volume Drying Up (0.55x vs 10W Avg),-9.39,Underperformed Nifty by 9.39% in 3 Months,False,-9.39,12.08,280831746.07,1.13,1.07,0.55,False,True,"Stage 4, Stage 4, weekly_volume_dryup, flags=Wide Risk;Low Liquidity, downtrend",watchlist,0.0,1.0,172.5,-12.95,[20.6],[26],0.0,26.0,761
INTERARCH.NS,Interarch Building Solutions Limited,Engineering & Construction,Industrials,Industrials,False,Cash,1,Stage 4,Stage 4,Stage 4,0.86,Price is below the 30-week trend and below long-term support structure.,,,,,Stage 4,0.0,Weak,Volume Normal,Volume Normal (1.19x vs 10W Avg),-4.86,Underperformed Nifty by 4.86% in 3 Months,False,-4.86,-1.06,79788809.76,0.92,1.75,1.19,False,False,"Stage 4, Stage 4, flags=Low Liquidity, downtrend",watchlist,0.89,0.89,1788.0,-4.57,"[13.18, 9.12]","[14, 5]",0.9,30.0,762
GREENPANEL.NS,Greenpanel Industries Limited,Basic Materials,Basic Materials,Basic Materials,False,Cash,1,Stage 4,Stage 4,Stage 4,0.86,Price is below the 30-week trend and below long-term support structure.,,,,,Stage 4,4.43,Weak,Volume Normal,Volume Normal (0.90x vs 10W Avg),-11.01,Underperformed Nifty by 11.01% in 3 Months,False,-11.01,-9.99,76363877.17,1.51,0.28,0.9,False,True,"Stage 4, Stage 4, weekly_vcp_ok, weekly_volume_dryup, weekly_strong, flags=Wide Risk;Low Liquidity, downtrend",watchlist,0.8,0.8,208.87,-23.78,"[25.87, 10.15, 9.54, 10.54]","[11, 8, 9, 7]",0.73,96.0,763
GRINDWELL.NS,Grindwell Norton Limited,Building Products & Equipment,Industrials,Industrials,False,Cash,1,Failed Stage 2,Stage 3,Failed Stage 2,0.72,"This stock was recently Stage 2, but the latest structure no longer satisfies Stage 2 rules. It is kept as Failed Stage 2 until a fresh base/repair structure forms.",Recent Stage 2 break; public stage held as Failed Stage 2.,2026-09-28,2026-09-10,,Failed Stage 2,1.46,Weak,Volume Drying Up,Volume Drying Up (0.79x vs 10W Avg),-5.79,Underperformed Nifty by 5.79% in 3 Months,False,-5.79,40.04,47066474.2,0.98,0.92,0.79,False,True,"Stage 3, Early, weekly_volume_dryup, flags=Wide Risk;Low Liquidity, distribution_or_weakening_risk | Stage 2 failed state applied from stage memory.",watchlist,0.79,0.79,2197.84,-12.72,"[20.53, 17.34]","[7, 22]",0.9,43.0,764
ACC.NS,ACC Limited,Building Materials,Basic Materials,Basic Materials,False,Cash,1,Stage 4,Stage 4,Stage 4,0.86,Price is below the 30-week trend and below long-term support structure.,,,,,Stage 4,7.27,Weak,Volume Drying Up,Volume Drying Up (0.55x vs 10W Avg),-5.05,Underperformed Nifty by 5.05% in 3 Months,False,-5.05,-5.69,139059817.88,0.82,1.33,0.55,True,True,"Stage 4, Stage 4, weekly_vcp_ok, volume_dryup, weekly_volume_dryup, weekly_strong, flags=Wide Weekly Base;Wide Risk;Low Liquidity, downtrend",watchlist,0.66,0.66,1413.9,-14.17,"[8.74, 9.52, 6.62]","[15, 9, 14]",0.55,64.0,765
HAPPSTMNDS.NS,Happiest Minds Technologies Limited,Information Technology Services,Technology,Technology,False,Cash,1,Stage 4,Stage 4,Stage 4,0.86,Price is below the 30-week trend and below long-term support structure.,,,,,Stage 4,0.0,Weak,Volume Drying Up,Volume Drying Up (0.28x vs 10W Avg),-6.78,Underperformed Nifty by 6.78% in 3 Months,False,-6.78,-18.86,624144107.42,0.34,0.17,0.28,True,True,"Stage 4, Stage 4, volume_dryup, weekly_volume_dryup, flags=Loose Structure;Wide Risk;Low Liquidity, downtrend",watchlist,0.62,0.62,458.1,-32.95,"[13.94, 15.06, 14.93]","[6, 22, 9]",0.55,57.0,766
CYIENT.NS,Cyient Limited,Conglomerates,Industrials,Industrials,False,Cash,1,Stage 1,Stage 1,Stage 1,0.68,Price is building a base around long-term weekly structure without a confirmed advancing phase.,,,,,Stage 1,16.09,Very Strong,Volume Drying Up,Volume Drying Up (0.35x vs 10W Avg),28.17,Outperformed Nifty by 28.17% in 3 Months,False,28.17,36.73,488021527.86,0.43,0.19,0.35,True,True,"Stage 1, Stage 1, weekly_vcp_ok, volume_dryup, weekly_volume_dryup, weekly_strong, flags=Wide Weekly Base;Loose Structure;Wide Risk;Low Liquidity, stage1_not_actionable, stage1_needs_more_base",watchlist,0.56,0.56,1221.13,-11.37,[15.48],[11],0.0,11.0,767
AADHARHFC.NS,Aadhar Housing Finance Limited,Mortgage Finance,Financial Services,Financial Services,False,Cash,1,Stage 4,Stage 4,Stage 4,0.66,Price is below weekly structure.,,,,,Stage 4,11.82,Weak,Volume Drying Up,Volume Drying Up (0.80x vs 10W Avg),-13.33,Underperformed Nifty by 13.33% in 3 Months,False,-13.33,1.77,155034719.12,1.27,0.45,0.8,False,True,"Stage 4, Stage 4, weekly_vcp_ok, weekly_volume_dryup, weekly_strong, flags=Wider Risk;Low Liquidity, downtrend",watchlist,0.17,0.17,488.0,-10.46,"[13.48, 11.3]","[18, 12]",0.9,35.0,768
TECHM.NS,Tech Mahindra Limited,Information Technology Services,Technology,Technology,True,F&O,1,Stage 1,Stage 1,Stage 1,0.64,Price is building a base around long-term weekly structure without a confirmed advancing phase.,,,2026-09-02,,Stage 1,24.1,Very Strong,Volume Drying Up,Volume Drying Up (0.52x vs 10W Avg),16.43,Outperformed Nifty by 16.43% in 3 Months,False,16.43,12.02,2481356213.43,0.75,0.72,0.52,True,True,"Stage 1, Stage 1, weekly_vcp_ok, volume_dryup, weekly_volume_dryup, weekly_strong, flags=Wider Risk;Low Liquidity, stage1_not_actionable, stage1_needs_more_base",watchlist,0.0,0.0,1649.0,-6.48,[9.16],[6],0.0,6.0,769
MARICO.NS,Marico Limited,Household & Personal Products,Consumer Defensive,Consumer Defensive,True,F&O,1,Stage 1,Stage 1,Stage 1,0.64,Price is building a base around long-term weekly structure without a confirmed advancing phase.,,,2026-08-04,,Stage 1,23.17,Very Strong,Volume Drying Up,Volume Drying Up (0.52x vs 10W Avg),0.55,Outperformed Nifty by 0.55% in 3 Months,False,0.55,9.56,1288667038.72,0.93,0.69,0.52,False,True,"Stage 1, Stage 1, weekly_vcp_ok, weekly_volume_dryup, weekly_strong, flags=Wider Risk;Low Liquidity, stage1_not_actionable, stage1_needs_more_base",watchlist,0.0,0.0,868.87,-6.4,[11.01],[33],0.0,33.0,770
CHOICEIN.NS,Choice International Limited,Capital Markets,Financial Services,Financial Services,False,Cash,1,Stage 3,Stage 3,Early,0.68,"Prior strength has shifted into a Stage 3 transition based on trend, relative strength, and volume evidence.",,,2026-08-28,,Stage 3 Early,20.69,Strong,Volume Drying Up,Volume Drying Up (0.67x vs 10W Avg),2.12,Outperformed Nifty by 2.12% in 3 Months,False,2.12,20.48,287168530.06,0.99,1.08,0.67,False,True,"Stage 3, Early, weekly_vcp_ok, weekly_volume_dryup, weekly_strong, flags=Wider Risk;Low Liquidity, distribution_or_weakening_risk",watchlist,0.0,0.0,794.39,-4.72,[6.81],[10],0.0,10.0,771
BOROLTD.NS,Borosil Limited,"Furnishings, Fixtures & Appliances",Consumer Cyclical,Consumer Cyclical,False,Cash,1,Stage 1,Stage 1,Stage 1,0.68,Price is building a base around long-term weekly structure without a confirmed advancing phase.,,,,,Stage 1,20.15,Very Strong,Volume Drying Up,Volume Normal (1.16x vs 10W Avg),19.33,Outperformed Nifty by 19.33% in 3 Months,False,19.33,19.56,92697856.43,0.65,1.56,1.16,True,False,"Stage 1, Stage 1, weekly_vcp_ok, volume_dryup, weekly_strong, flags=Wide Weekly Base;Wide Risk;Low Liquidity, stage1_not_actionable, stage1_needs_more_base",watchlist,0.0,0.0,289.51,-3.01,[18.95],[5],0.0,5.0,772
ARVINDFASN.NS,Arvind Fashions Limited,Apparel Manufacturing,Consumer Cyclical,Consumer Cyclical,False,Cash,1,Stage 4,Stage 4,Stage 4,0.86,Price is below the 30-week trend and below long-term support structure.,,,,,Stage 4,20.07,Weak,Volume Drying Up,Volume Drying Up (0.68x vs 10W Avg),-6.6,Underperformed Nifty by 6.6% in 3 Months,False,-6.6,3.19,83619957.17,0.66,0.46,0.68,True,True,"Stage 4, Stage 4, weekly_vcp_ok, volume_dryup, weekly_volume_dryup, weekly_strong, flags=Wider Risk, downtrend",watchlist,0.0,0.0,463.81,-10.79,[11.72],[33],0.0,33.0,773
BLUESTARCO.NS,Blue Star Limited,Building Products & Equipment,Industrials,Industrials,True,F&O,1,Stage 4,Stage 4,Stage 4,0.66,Price is below weekly structure.,,,,,Stage 4,18.44,Strong,Volume Expanding,Volume Normal (1.19x vs 10W Avg),4.11,Outperformed Nifty by 4.11% in 3 Months,False,4.11,5.85,957486698.33,1.11,2.94,1.19,False,False,"Stage 4, Stage 4, weekly_vcp_ok, weekly_strong, flags=Low Liquidity, downtrend",watchlist,0.0,0.0,1580.0,-0.29,[17.57],[26],0.0,26.0,774
TATAPOWER.NS,Tata Power Company Limited,Utilities,Utilities,Utilities,True,F&O,1,Stage 1,Stage 1,Stage 1,0.64,Price is building a base around long-term weekly structure without a confirmed advancing phase.,,,,,Stage 1,18.31,Neutral,Volume Drying Up,Volume Drying Up (0.56x vs 10W Avg),1.25,Outperformed Nifty by 1.25% in 3 Months,False,1.25,-3.16,1333297456.76,0.72,0.68,0.56,True,True,"Stage 1, Stage 1, weekly_vcp_ok, volume_dryup, weekly_volume_dryup, weekly_strong, flags=Low Liquidity, stage1_not_actionable, stage1_needs_more_base",watchlist,0.0,0.0,377.65,-4.17,[11.12],[11],0.0,11.0,775
GSFC.NS,Gujarat State Fertilizers & Chemicals Limited,Agricultural Inputs,Basic Materials,Basic Materials,False,Cash,1,Stage 3,Stage 3,Early,0.68,"Prior strength has shifted into a Stage 3 transition based on trend, relative strength, and volume evidence.",,,,,Stage 3 Early,17.36,Strong,Volume Normal,Volume Normal (0.87x vs 10W Avg),3.62,Outperformed Nifty by 3.62% in 3 Months,False,3.62,6.25,157189612.55,1.03,0.62,0.87,False,True,"Stage 3, Early, weekly_vcp_ok, weekly_volume_dryup, weekly_strong, flags=Low Liquidity, distribution_or_weakening_risk",watchlist,0.0,0.0,160.96,-4.92,[8.42],[8],0.0,8.0,776
BECTORFOOD.NS,Mrs. Bectors Food Specialities Limited,Packaged Foods,Consumer Defensive,Consumer Defensive,False,Cash,1,Failed Stage 2,Stage 1,Failed Stage 2,0.72,"This stock was recently Stage 2, but the latest structure no longer satisfies Stage 2 rules. It is kept as Failed Stage 2 until a fresh base/repair structure forms.",Recent Stage 2 break; public stage held as Failed Stage 2.,2026-09-28,2026-09-25,,Failed Stage 2,17.01,Strong,Volume Drying Up,Volume Drying Up (0.15x vs 10W Avg),22.83,Outperformed Nifty by 22.83% in 3 Months,False,22.83,14.39,260574453.46,0.38,0.36,0.15,True,True,"Stage 1, Stage 1, weekly_vcp_ok, volume_dryup, weekly_volume_dryup, weekly_strong, flags=Loose Structure;Wide Risk;Low Liquidity, stage1_not_actionable, stage1_needs_more_base | Stage 2 failed state applied from stage memory.",watchlist,0.0,0.0,247.44,-14.52,[16.43],[10],0.0,10.0,777
3MINDIA.NS,3M India Limited,Conglomerates,Industrials,Industrials,False,Cash,1,Stage 3,Stage 3,Early,0.68,"Prior strength has shifted into a Stage 3 transition based on trend, relative strength, and volume evidence.",,,2026-08-13,,Stage 3 Early,16.29,Strong,Volume Drying Up,Volume Drying Up (0.79x vs 10W Avg),6.49,Outperformed Nifty by 6.49% in 3 Months,False,6.49,14.8,136072536.5,1.54,0.35,0.79,False,True,"Stage 3, Early, weekly_volume_dryup, distribution_or_weakening_risk",watchlist,0.0,0.0,35095.0,-4.79,[15.55],[21],0.0,21.0,778
UNITDSPR.NS,United Spirits Limited,Consumer Defensive,Consumer Defensive,Consumer Defensive,True,F&O,1,Stage 1,Stage 1,Stage 1,0.64,Price is building a base around long-term weekly structure without a confirmed advancing phase.,,,2026-08-28,,Stage 1,16.24,Strong,Volume Drying Up,Volume Drying Up (0.61x vs 10W Avg),8.96,Outperformed Nifty by 8.96% in 3 Months,False,8.96,19.05,656233642.58,0.67,0.65,0.61,True,True,"Stage 1, Stage 1, weekly_vcp_ok, volume_dryup, weekly_volume_dryup, flags=Wide Risk;Low Liquidity, stage1_not_actionable, stage1_needs_more_base",watchlist,0.0,0.0,1566.14,-9.62,[12.49],[18],0.0,18.0,779
ULTRACEMCO.NS,UltraTech Cement Limited,Building Materials,Basic Materials,Basic Materials,True,F&O,1,Stage 3,Stage 3,Early,0.68,"Prior strength has shifted into a Stage 3 transition based on trend, relative strength, and volume evidence.",,,,,Stage 3 Early,16.08,Strong,Volume Normal,Volume Normal (1.03x vs 10W Avg),2.63,Outperformed Nifty by 2.63% in 3 Months,False,2.63,8.19,2777673650.35,1.04,1.35,1.03,False,False,"Stage 3, Early, weekly_vcp_ok, weekly_strong, flags=Wider Risk;Low Liquidity, distribution_or_weakening_risk",watchlist,0.0,0.0,11840.68,-6.89,[9.99],[15],0.0,15.0,780
RPSGVENT.NS,RPSG VENTURES LIMITED,Information Technology Services,Technology,Technology,False,Cash,1,Failed Stage 2,Stage 1,Failed Stage 2,0.72,"This stock was recently Stage 2, but the latest structure no longer satisfies Stage 2 rules. It is kept as Failed Stage 2 until a fresh base/repair structure forms.",Recent Stage 2 break; public stage held as Failed Stage 2.,2026-09-28,2026-09-09,,Failed Stage 2,15.49,Neutral,Volume Drying Up,Volume Normal (0.98x vs 10W Avg),5.11,Outperformed Nifty by 5.11% in 3 Months,False,5.11,-8.81,25602823.47,0.83,1.88,0.98,True,False,"Stage 1, Stage 1, weekly_vcp_ok, volume_dryup, weekly_strong, flags=Wide Risk;Low Liquidity, stage1_not_actionable, stage1_needs_more_base | Stage 2 failed state applied from stage memory.",watchlist,0.0,0.0,971.2,-13.3,[14.37],[45],0.0,45.0,781
RELIGARE.NS,Religare Enterprises Limited,Insurance - Life,Financial Services,Financial Services,False,Cash,1,Failed Stage 2,Stage 3,Failed Stage 2,0.72,"This stock was recently Stage 2, but the latest structure no longer satisfies Stage 2 rules. It is kept as Failed Stage 2 until a fresh base/repair structure forms.",Recent Stage 2 break; public stage held as Failed Stage 2.,2026-09-28,2026-09-23,,Failed Stage 2,15.3,Neutral,Volume Drying Up,Volume Drying Up (0.52x vs 10W Avg),-5.68,Underperformed Nifty by 5.68% in 3 Months,False,-5.68,6.92,210462472.13,0.54,0.2,0.52,True,True,"Stage 3, Early, weekly_vcp_ok, volume_dryup, weekly_volume_dryup, weekly_strong, flags=Wider Risk;Low Liquidity, distribution_or_weakening_risk | Stage 2 failed state applied from stage memory.",watchlist,0.0,0.0,262.05,-10.58,[14.81],[14],0.0,14.0,782
DATAMATICS.NS,Datamatics Global Services Limited,Information Technology Services,Technology,Technology,False,Cash,1,Failed Stage 2,Stage 1,Failed Stage 2,0.72,"This stock was recently Stage 2, but the latest structure no longer satisfies Stage 2 rules. It is kept as Failed Stage 2 until a fresh base/repair structure forms.",Recent Stage 2 break; public stage held as Failed Stage 2.,2026-09-28,2026-09-25,,Failed Stage 2,14.54,Strong,Volume Normal,Volume Normal (1.10x vs 10W Avg),0.55,Outperformed Nifty by 0.55% in 3 Months,False,0.55,14.15,116499692.03,1.93,1.02,1.1,False,False,"Stage 1, Stage 1, weekly_vcp_ok, flags=Wider Risk;Low Liquidity, stage1_not_actionable, stage1_needs_more_base | Stage 2 failed state applied from stage memory.",watchlist,0.0,0.0,859.0,-8.71,[19.29],[18],0.0,18.0,783
SONATSOFTW.NS,Sonata Software Limited,Information Technology Services,Technology,Technology,False,Cash,1,Stage 3,Stage 3,Early,0.68,"Prior strength has shifted into a Stage 3 transition based on trend, relative strength, and volume evidence.",,,,,Stage 3 Early,14.5,Strong,Volume Drying Up,Volume Drying Up (0.33x vs 10W Avg),6.99,Outperformed Nifty by 6.99% in 3 Months,False,6.99,22.56,318864698.49,0.94,0.23,0.33,False,True,"Stage 3, Early, weekly_vcp_ok, weekly_volume_dryup, weekly_strong, flags=Wide Weekly Base;Wider Risk;Low Liquidity, distribution_or_weakening_risk",watchlist,0.0,0.0,292.46,-6.3,[28.01],[27],0.0,27.0,784
TATAINVEST.NS,Tata Investment Corporation Limited,Asset Management,Financial Services,Financial Services,False,Cash,1,Stage 1,Stage 1,Stage 1,0.64,Price is building a base around long-term weekly structure without a confirmed advancing phase.,,,,,Stage 1,14.33,Strong,Volume Drying Up,Volume Drying Up (0.38x vs 10W Avg),1.65,Outperformed Nifty by 1.65% in 3 Months,False,1.65,13.25,1666448619.96,3.29,0.3,0.38,False,True,"Stage 1, Stage 1, weekly_vcp_ok, weekly_volume_dryup, weekly_strong, flags=Wide Risk;Low Liquidity, stage1_not_actionable, stage1_needs_more_base",watchlist,0.0,0.0,751.81,-14.28,[13.81],[20],0.0,20.0,785
BHARTIHEXA.NS,Bharti Hexacom Limited,Telecom Services,Communication Services,Communication Services,False,Cash,1,Stage 1,Stage 1,Stage 1,0.64,Price is building a base around long-term weekly structure without a confirmed advancing phase.,,,,,Stage 1,13.99,Weak,Volume Drying Up,Volume Drying Up (0.47x vs 10W Avg),5.22,Outperformed Nifty by 5.22% in 3 Months,False,5.22,-2.03,118204699.1,0.73,1.06,0.47,True,True,"Stage 1, Stage 1, weekly_vcp_ok, volume_dryup, weekly_volume_dryup, weekly_strong, flags=Wide Risk;Low Liquidity, stage1_not_actionable, stage1_needs_more_base",watchlist,0.0,0.0,1619.73,-11.93,[10.97],[9],0.0,9.0,786
POWERGRID.NS,Power Grid Corporation of India Limited,Utilities,Utilities,Utilities,True,F&O,1,Not Sure,Stage 4,Pending Stage 4,0.55,Blocked public stage jump Stage 1 -> Stage 4; waiting for intermediate/confirmed structure.,Blocked public stage jump Stage 1 -> Stage 4; waiting for intermediate/confirmed structure.,,,Stage 4,Not Sure - Unclear,13.97,Weak,Volume Normal,Volume Normal (0.91x vs 10W Avg),-3.61,Underperformed Nifty by 3.61% in 3 Months,False,-3.61,-7.01,2307060323.17,1.03,1.22,0.91,False,False,"Stage 4, Stage 4, weekly_vcp_ok, weekly_strong, flags=Low Liquidity, downtrend | Blocked public stage jump Stage 1 -> Stage 4; waiting for intermediate/confirmed structure.",watchlist,0.0,0.0,275.95,-5.11,"[10.48, 5.16]","[11, 7]",0.9,20.0,787
SBILIFE.NS,SBI Life Insurance Company Limited,Insurance - Life,Financial Services,Financial Services,True,F&O,1,Stage 4,Stage 4,Stage 4,0.66,Price is below weekly structure.,,,,,Stage 4,13.8,Neutral,Volume Normal,Volume Normal (1.46x vs 10W Avg),1.95,Outperformed Nifty by 1.95% in 3 Months,False,1.95,-0.33,1694184723.58,1.3,1.45,1.46,False,False,"Stage 4, Stage 4, weekly_vcp_ok, weekly_strong, flags=Wider Risk;Low Liquidity, downtrend",watchlist,0.0,0.0,1804.85,-4.25,[13.69],[31],0.0,31.0,788
ASTRAL.NS,Astral Limited,Building Products & Equipment,Industrials,Industrials,True,F&O,1,Stage 1,Stage 1,Stage 1,0.64,Price is building a base around long-term weekly structure without a confirmed advancing phase.,,,2026-08-13,,Stage 1,13.69,Weak,Volume Drying Up,Volume Drying Up (0.37x vs 10W Avg),5.8,Outperformed Nifty by 5.8% in 3 Months,False,5.8,-9.38,866264624.6,0.52,0.26,0.37,True,True,"Stage 1, Stage 1, weekly_vcp_ok, volume_dryup, weekly_volume_dryup, weekly_strong, flags=Wide Risk;Low Liquidity, stage1_not_actionable, stage1_needs_more_base",watchlist,0.0,0.0,1583.77,-13.47,[17.16],[15],0.0,15.0,789
JKIL.NS,J.Kumar Infraprojects Limited,Engineering & Construction,Industrials,Industrials,False,Cash,1,Stage 4,Stage 4,Stage 4,0.86,Price is below the 30-week trend and below long-term support structure.,,,,,Stage 4,13.64,Weak,Volume Drying Up,Volume Drying Up (0.70x vs 10W Avg),0.11,Outperformed Nifty by 0.11% in 3 Months,False,0.11,4.63,20333589.47,0.76,0.73,0.7,True,True,"Stage 4, Stage 4, weekly_vcp_ok, volume_dryup, weekly_volume_dryup, weekly_strong, flags=Wider Risk;Low Liquidity, downtrend",watchlist,0.0,0.0,515.48,-10.52,"[14.22, 12.86, 8.47]","[19, 14, 32]",0.95,75.0,790
BALMLAWRIE.NS,Balmer Lawrie & Company Limited,Conglomerates,Industrials,Industrials,False,Cash,1,Stage 3,Stage 3,Early,0.68,"Prior strength has shifted into a Stage 3 transition based on trend, relative strength, and volume evidence.",,,,,Stage 3 Early,13.4,Weak,Volume Drying Up,Volume Drying Up (0.72x vs 10W Avg),-3.52,Underperformed Nifty by 3.52% in 3 Months,False,-3.52,6.85,22616139.22,0.83,0.36,0.72,True,True,"Stage 3, Early, weekly_vcp_ok, volume_dryup, weekly_volume_dryup, weekly_strong, flags=Wider Risk;Low Liquidity, distribution_or_weakening_risk",watchlist,0.0,0.0,178.35,-8.9,[9.74],[14],0.0,14.0,791
GATEWAY.NS,Gateway Distriparks Limited,Industrials,Industrials,Industrials,False,Cash,1,Stage 4,Stage 4,Stage 4,0.66,Price is below weekly structure.,,,,,Stage 4,13.35,Weak,Volume Drying Up,Volume Drying Up (0.47x vs 10W Avg),-8.55,Underperformed Nifty by 8.55% in 3 Months,False,-8.55,-0.11,30495054.99,0.48,0.85,0.47,True,True,"Stage 4, Stage 4, weekly_vcp_ok, volume_dryup, weekly_volume_dryup, weekly_strong, flags=Low Liquidity, downtrend",watchlist,0.0,0.0,55.29,-6.16,[13.13],[30],0.0,30.0,792
ITC.NS,ITC Limited,Consumer Defensive,Consumer Defensive,Consumer Defensive,True,F&O,1,Stage 4,Stage 4,Stage 4,0.86,Price is below the 30-week trend and below long-term support structure.,,,,,Stage 4,12.37,Weak,Volume Drying Up,Volume Drying Up (0.61x vs 10W Avg),-3.41,Underperformed Nifty by 3.41% in 3 Months,False,-3.41,-4.72,3060298887.09,0.77,0.62,0.61,True,True,"Stage 4, Stage 4, weekly_vcp_ok, volume_dryup, weekly_volume_dryup, weekly_strong, flags=Low Liquidity, downtrend",watchlist,0.0,0.0,274.43,-3.36,[12.66],[20],0.0,20.0,793
PICCADIL.NS,Piccadily Agro Industries Limited,Consumer Defensive,Consumer Defensive,Consumer Defensive,False,Cash,1,Stage 1,Stage 1,Stage 1,0.64,Price is building a base around long-term weekly structure without a confirmed advancing phase.,,,,,Stage 1,12.31,Neutral,Volume Drying Up,Volume Drying Up (0.46x vs 10W Avg),1.47,Outperformed Nifty by 1.47% in 3 Months,False,1.47,13.82,94833753.36,0.48,0.38,0.46,True,True,"Stage 1, Stage 1, weekly_vcp_ok, volume_dryup, weekly_volume_dryup, weekly_strong, flags=Wide Risk;Low Liquidity, stage1_not_actionable, stage1_needs_more_base",watchlist,0.0,0.0,723.06,-16.95,[29.36],[26],0.0,26.0,794
RITES.NS,RITES Limited,Engineering & Construction,Industrials,Industrials,False,Cash,1,Stage 3,Stage 3,Early,0.68,"Prior strength has shifted into a Stage 3 transition based on trend, relative strength, and volume evidence.",,,,,Stage 3 Early,12.02,Weak,Volume Drying Up,Volume Drying Up (0.80x vs 10W Avg),-6.01,Underperformed Nifty by 6.01% in 3 Months,False,-6.01,7.07,66477230.38,0.77,0.92,0.8,True,True,"Stage 3, Early, weekly_vcp_ok, volume_dryup, weekly_volume_dryup, weekly_strong, flags=Wider Risk;Low Liquidity, distribution_or_weakening_risk",watchlist,0.0,0.0,220.43,-11.03,[14.04],[13],0.0,13.0,795
TSFINV.NS,TSF INVESTMENTS LIMITED,Asset Management,Financial Services,Financial Services,False,Cash,1,Stage 1,Stage 1,Stage 1,0.68,Price is building a base around long-term weekly structure without a confirmed advancing phase.,,,,,Stage 1,11.91,Strong,Volume Normal,Volume Normal (1.13x vs 10W Avg),2.21,Outperformed Nifty by 2.21% in 3 Months,False,2.21,26.44,34973534.83,1.29,0.71,1.13,False,False,"Stage 1, Stage 1, flags=Low Liquidity, stage1_not_actionable, stage1_needs_more_base",watchlist,0.0,0.0,428.25,1.51,"[13.9, 15.76]","[8, 19]",0.1,35.0,796
GRASIM.NS,Grasim Industries Limited,Building Materials,Basic Materials,Basic Materials,True,F&O,1,Failed Stage 2,Stage 1,Failed Stage 2,0.72,"This stock was recently Stage 2, but the latest structure no longer satisfies Stage 2 rules. It is kept as Failed Stage 2 until a fresh base/repair structure forms.",Recent Stage 2 break; public stage held as Failed Stage 2.,2026-09-28,2026-09-25,,Failed Stage 2,11.42,Strong,Volume Drying Up,Volume Drying Up (0.72x vs 10W Avg),4.81,Outperformed Nifty by 4.81% in 3 Months,False,4.81,25.49,2679031905.48,0.79,0.77,0.72,True,True,"Stage 1, Stage 1, volume_dryup, weekly_volume_dryup, flags=Low Liquidity, stage1_not_actionable, stage1_needs_more_base | Stage 2 failed state applied from stage memory.",watchlist,0.0,0.0,3371.0,-6.56,[5.09],[8],0.0,8.0,797
DODLA.NS,Dodla Dairy Limited,Consumer Defensive,Consumer Defensive,Consumer Defensive,False,Cash,1,Stage 4,Stage 4,Stage 4,0.86,Price is below the 30-week trend and below long-term support structure.,,,,,Stage 4,11.35,Weak,Volume Drying Up,Volume Drying Up (0.78x vs 10W Avg),-4.22,Underperformed Nifty by 4.22% in 3 Months,False,-4.22,6.58,24687264.91,0.7,1.09,0.78,True,True,"Stage 4, Stage 4, weekly_vcp_ok, volume_dryup, weekly_volume_dryup, weekly_strong, flags=Wide Risk;Low Liquidity, downtrend",watchlist,0.0,0.0,1162.03,-13.2,"[13.23, 7.1]","[15, 25]",0.9,42.0,798
IGIL.NS,International Gemological Institute Limited,Basic Materials,Basic Materials,Basic Materials,False,Cash,1,Not Sure,Stage 4,Pending Stage 4,0.55,Blocked public stage jump Stage 1 -> Stage 4; waiting for intermediate/confirmed structure.,Blocked public stage jump Stage 1 -> Stage 4; waiting for intermediate/confirmed structure.,,2026-08-05,Stage 4,Not Sure - Unclear,11.09,Weak,Volume Normal,Volume Normal (0.89x vs 10W Avg),-4.79,Underperformed Nifty by 4.79% in 3 Months,False,-4.79,3.89,175071336.05,1.04,0.62,0.89,False,True,"Stage 4, Stage 4, weekly_vcp_ok, weekly_volume_dryup, weekly_strong, flags=Wide Risk;Low Liquidity, downtrend | Blocked public stage jump Stage 1 -> Stage 4; waiting for intermediate/confirmed structure.",watchlist,0.0,0.0,350.11,-7.7,[16.7],[29],0.0,29.0,799
TCI.NS,Transport Corporation of India Limited,Industrials,Industrials,Industrials,False,Cash,1,Stage 4,Stage 4,Stage 4,0.86,Price is below the 30-week trend and below long-term support structure.,,,,,Stage 4,10.81,Weak,Volume Expanding,Volume Expanding (8.25x vs 10W Avg),-2.51,Underperformed Nifty by 2.51% in 3 Months,False,-2.51,-14.49,280493390.54,4.19,0.6,8.25,False,False,"Stage 4, Stage 4, weekly_vcp_ok, weekly_strong, flags=Wider Risk;Low Liquidity, downtrend",watchlist,0.0,0.0,961.87,-10.09,"[14.86, 12.14, 5.94, 6.33]","[13, 7, 15, 12]",0.73,78.0,800
KSCL.NS,Kaveri Seed Company Limited,Agricultural Inputs,Basic Materials,Basic Materials,False,Cash,1,Stage 4,Stage 4,Stage 4,0.86,Price is below the 30-week trend and below long-term support structure.,,,,,Stage 4,10.55,Weak,Volume Expanding,Volume Expanding (8.79x vs 10W Avg),-10.72,Underperformed Nifty by 10.72% in 3 Months,False,-10.72,-5.47,1210229009.57,4.32,0.98,8.79,False,False,"Stage 4, Stage 4, weekly_vcp_ok, weekly_strong, flags=Wider Risk;Low Liquidity, downtrend",watchlist,0.0,0.0,810.37,-5.04,[24.24],[36],0.0,36.0,801
ADFFOODS.NS,ADF Foods Limited,Packaged Foods,Consumer Defensive,Consumer Defensive,False,Cash,1,Failed Stage 2,Stage 3,Failed Stage 2,0.72,"This stock was recently Stage 2, but the latest structure no longer satisfies Stage 2 rules. It is kept as Failed Stage 2 until a fresh base/repair structure forms.",Recent Stage 2 break; public stage held as Failed Stage 2.,2026-09-28,2026-09-25,,Failed Stage 2,10.07,Neutral,Volume Drying Up,Volume Drying Up (0.39x vs 10W Avg),-10.64,Underperformed Nifty by 10.64% in 3 Months,False,-10.64,52.4,26290722.88,0.59,0.31,0.39,True,True,"Stage 3, Early, volume_dryup, weekly_volume_dryup, flags=Low Liquidity, distribution_or_weakening_risk | Stage 2 failed state applied from stage memory.",watchlist,0.0,0.0,286.2,-6.85,[11.03],[5],0.0,5.0,802
HINDUNILVR.NS,Hindustan Unilever Limited,Household & Personal Products,Consumer Defensive,Consumer Defensive,True,F&O,1,Stage 4,Stage 4,Stage 4,0.86,Price is below the 30-week trend and below long-term support structure.,,,,,Stage 4,10.01,Weak,Volume Drying Up,Volume Drying Up (0.80x vs 10W Avg),-9.13,Underperformed Nifty by 9.13% in 3 Months,False,-9.13,-5.01,2392146498.44,0.86,1.58,0.8,False,True,"Stage 4, Stage 4, weekly_vcp_ok, weekly_volume_dryup, weekly_strong, flags=Low Liquidity, downtrend",watchlist,0.0,0.0,2055.49,-7.76,[12.96],[33],0.0,33.0,803
GREENLAM.NS,Greenlam Industries Limited,"Furnishings, Fixtures & Appliances",Consumer Cyclical,Consumer Cyclical,False,Cash,1,Stage 4,Stage 4,Stage 4,0.66,Price is below weekly structure.,,,2026-08-21,,Stage 4,9.54,Weak,Volume Drying Up,Volume Drying Up (0.35x vs 10W Avg),-10.83,Underperformed Nifty by 10.83% in 3 Months,False,-10.83,1.96,10556572.98,0.35,1.58,0.35,True,True,"Stage 4, Stage 4, weekly_vcp_ok, volume_dryup, weekly_volume_dryup, weekly_strong, flags=Wider Risk;Low Liquidity, downtrend",watchlist,0.0,0.0,238.74,-8.89,[12.67],[14],0.0,14.0,804
SUPREMEIND.NS,Supreme Industries Limited,Building Products & Equipment,Industrials,Industrials,True,F&O,1,Stage 1,Stage 1,Stage 1,0.64,Price is building a base around long-term weekly structure without a confirmed advancing phase.,,,,,Stage 1,9.23,Strong,Volume Drying Up,Volume Drying Up (0.72x vs 10W Avg),11.95,Outperformed Nifty by 11.95% in 3 Months,False,11.95,-0.97,546588645.4,0.86,1.09,0.72,False,True,"Stage 1, Stage 1, weekly_volume_dryup, flags=Wider Risk;Low Liquidity, stage1_not_actionable, stage1_needs_more_base",watchlist,0.0,0.0,3716.49,-5.83,[11.86],[13],0.0,13.0,805
BLUEDART.NS,Blue Dart Express Limited,Industrials,Industrials,Industrials,False,Cash,1,Stage 4,Stage 4,Stage 4,0.86,Price is below the 30-week trend and below long-term support structure.,,,,,Stage 4,9.18,Neutral,Volume Drying Up,Volume Drying Up (0.24x vs 10W Avg),2.16,Outperformed Nifty by 2.16% in 3 Months,False,2.16,-0.55,41562469.55,0.28,0.75,0.24,True,True,"Stage 4, Stage 4, weekly_vcp_ok, volume_dryup, weekly_volume_dryup, weekly_strong, flags=Wide Risk;Low Liquidity, downtrend",watchlist,0.0,0.0,5755.05,-17.47,"[17.05, 6.29, 6.61]","[34, 9, 9]",0.55,68.0,806
JKLAKSHMI.NS,JK Lakshmi Cement Limited,Building Materials,Basic Materials,Basic Materials,False,Cash,1,Stage 4,Stage 4,Stage 4,0.86,Price is below the 30-week trend and below long-term support structure.,,,,,Stage 4,9.06,Weak,Volume Drying Up,Volume Drying Up (0.37x vs 10W Avg),-7.33,Underperformed Nifty by 7.33% in 3 Months,False,-7.33,-12.65,62372267.6,0.49,0.96,0.37,True,True,"Stage 4, Stage 4, weekly_vcp_ok, volume_dryup, weekly_volume_dryup, weekly_strong, flags=Wider Risk;Low Liquidity, downtrend",watchlist,0.0,0.0,535.94,-7.68,[20.39],[24],0.0,24.0,807
ORIENTELEC.NS,Orient Electric Limited,"Furnishings, Fixtures & Appliances",Consumer Cyclical,Consumer Cyclical,False,Cash,1,Not Sure,Stage 4,Pending Stage 4,0.55,Blocked public stage jump Stage 1 -> Stage 4; waiting for intermediate/confirmed structure.,Blocked public stage jump Stage 1 -> Stage 4; waiting for intermediate/confirmed structure.,,,Stage 4,Not Sure - Unclear,8.34,Weak,Volume Drying Up,Volume Drying Up (0.17x vs 10W Avg),-5.63,Underperformed Nifty by 5.63% in 3 Months,False,-5.63,2.59,21448594.08,0.15,1.29,0.17,True,True,"Stage 4, Stage 4, weekly_vcp_ok, volume_dryup, weekly_volume_dryup, weekly_strong, flags=Wide Risk;Low Liquidity, downtrend | Blocked public stage jump Stage 1 -> Stage 4; waiting for intermediate/confirmed structure.",watchlist,0.0,0.0,194.34,-17.67,"[14.33, 10.21]","[25, 16]",0.9,44.0,808
SAMMAANCAP.NS,Sammaan Capital Limited,Mortgage Finance,Financial Services,Financial Services,True,F&O,1,Stage 4,Stage 4,Stage 4,0.66,Price is below weekly structure.,,,2026-08-13,,Stage 4,8.12,Weak,Volume Drying Up,Volume Drying Up (0.51x vs 10W Avg),-15.09,Underperformed Nifty by 15.09% in 3 Months,False,-15.09,-3.27,713021213.3,0.59,0.46,0.51,True,True,"Stage 4, Stage 4, weekly_vcp_ok, volume_dryup, weekly_volume_dryup, weekly_strong, flags=Wide Risk;Low Liquidity, downtrend",watchlist,0.0,0.0,161.28,-13.93,[14.62],[28],0.0,28.0,809
BSOFT.NS,BIRLASOFT LIMITED,Information Technology Services,Technology,Technology,False,Cash,1,Stage 4,Stage 4,Stage 4,0.86,Price is below the 30-week trend and below long-term support structure.,,,,,Stage 4,7.93,Weak,Volume Drying Up,Volume Drying Up (0.46x vs 10W Avg),2.75,Outperformed Nifty by 2.75% in 3 Months,False,2.75,-23.52,410579475.92,1.06,0.78,0.46,False,True,"Stage 4, Stage 4, weekly_vcp_ok, weekly_volume_dryup, weekly_strong, flags=Wide Risk;Low Liquidity, downtrend",watchlist,0.0,0.0,314.55,-13.77,[17.16],[26],0.0,26.0,810
SWANCORP.NS,SWAN CORP LIMITED,Conglomerates,Industrials,Industrials,False,Cash,1,Stage 4,Stage 4,Stage 4,0.86,Price is below the 30-week trend and below long-term support structure.,,,,,Stage 4,7.55,Weak,Volume Drying Up,Volume Drying Up (0.35x vs 10W Avg),-2.12,Underperformed Nifty by 2.12% in 3 Months,False,-2.12,-5.48,1129632287.6,0.56,0.19,0.35,True,True,"Stage 4, Stage 4, weekly_vcp_ok, volume_dryup, weekly_volume_dryup, weekly_strong, flags=Wide Weekly Base;Wide Risk;Low Liquidity, downtrend",watchlist,0.0,0.0,317.04,-8.62,[18.69],[47],0.0,47.0,811
HEXT.NS,Hexaware Technologies Limited,Information Technology Services,Technology,Technology,False,Cash,1,Stage 4,Stage 4,Stage 4,0.86,Price is below the 30-week trend and below long-term support structure.,,,,,Stage 4,7.36,Weak,Volume Drying Up,Volume Drying Up (0.26x vs 10W Avg),-6.77,Underperformed Nifty by 6.77% in 3 Months,False,-6.77,14.54,160709945.86,0.31,0.49,0.26,True,True,"Stage 4, Stage 4, weekly_vcp_ok, volume_dryup, weekly_volume_dryup, weekly_strong, flags=Wide Weekly Base;Wide Risk;Low Liquidity, downtrend",watchlist,0.0,0.0,566.84,-13.69,[15.14],[21],0.0,21.0,812
GMRAIRPORT.NS,GMR AIRPORTS LIMITED,Industrials,Industrials,Industrials,True,F&O,1,Stage 3,Stage 3,Early,0.68,"Prior strength has shifted into a Stage 3 transition based on trend, relative strength, and volume evidence.",,,2026-08-10,,Stage 3 Early,6.88,Weak,Volume Drying Up,Volume Drying Up (0.77x vs 10W Avg),-10.14,Underperformed Nifty by 10.14% in 3 Months,False,-10.14,8.87,1050956455.32,1.07,0.51,0.77,False,True,"Stage 3, Early, weekly_vcp_ok, weekly_volume_dryup, weekly_strong, flags=Wide Risk;Low Liquidity, distribution_or_weakening_risk",watchlist,0.0,0.0,115.84,-18.21,[8.01],[110],0.0,110.0,813
GRINFRA.NS,G R Infraprojects Limited,Engineering & Construction,Industrials,Industrials,False,Cash,1,Stage 4,Stage 4,Stage 4,0.86,Price is below the 30-week trend and below long-term support structure.,,,,,Stage 4,6.0,Weak,Volume Drying Up,Volume Drying Up (0.84x vs 10W Avg),-8.91,Underperformed Nifty by 8.91% in 3 Months,False,-8.91,-3.07,23849570.2,1.2,0.5,0.84,False,True,"Stage 4, Stage 4, weekly_vcp_ok, weekly_volume_dryup, weekly_strong, flags=Wide Risk;Low Liquidity, downtrend",watchlist,0.0,0.0,950.46,-15.9,"[17.36, 10.53, 8.16]","[24, 9, 14]",0.95,65.0,814
IMFA.NS,Indian Metals & Ferro Alloys Limited,Basic Materials,Basic Materials,Basic Materials,False,Cash,1,Not Sure,Stage 4,Pending Stage 4,0.55,Blocked public stage jump Stage 1 -> Stage 4; waiting for intermediate/confirmed structure.,Blocked public stage jump Stage 1 -> Stage 4; waiting for intermediate/confirmed structure.,,2026-08-27,Stage 4,Not Sure - Unclear,6.0,Weak,Volume Drying Up,Volume Drying Up (0.46x vs 10W Avg),-5.49,Underperformed Nifty by 5.49% in 3 Months,False,-5.49,-1.17,109168594.53,0.58,0.6,0.46,True,True,"Stage 4, Stage 4, weekly_vcp_ok, volume_dryup, weekly_volume_dryup, weekly_strong, flags=Wide Risk;Low Liquidity, downtrend | Blocked public stage jump Stage 1 -> Stage 4; waiting for intermediate/confirmed structure.",watchlist,0.0,0.0,1484.59,-18.64,[22.17],[29],0.0,29.0,815
GODFRYPHLP.NS,Godfrey Phillips India Limited,Consumer Defensive,Consumer Defensive,Consumer Defensive,True,F&O,1,Stage 4,Stage 4,Stage 4,0.86,Price is below the 30-week trend and below long-term support structure.,,,,,Stage 4,5.79,Weak,Volume Drying Up,Volume Drying Up (0.37x vs 10W Avg),-4.64,Underperformed Nifty by 4.64% in 3 Months,False,-4.64,4.87,302890156.63,0.44,1.53,0.37,True,True,"Stage 4, Stage 4, weekly_vcp_ok, volume_dryup, weekly_volume_dryup, weekly_strong, flags=Wide Risk;Low Liquidity, downtrend",watchlist,0.0,0.0,2456.63,-21.38,[12.12],[121],0.0,121.0,816
SHARDACROP.NS,Sharda Cropchem Limited,Agricultural Inputs,Basic Materials,Basic Materials,False,Cash,1,Stage 4,Stage 4,Stage 4,0.86,Price is below the 30-week trend and below long-term support structure.,,,,,Stage 4,5.71,Weak,Volume Drying Up,Volume Drying Up (0.60x vs 10W Avg),-12.14,Underperformed Nifty by 12.14% in 3 Months,False,-12.14,-14.88,77422195.86,0.69,1.06,0.6,True,True,"Stage 4, Stage 4, weekly_vcp_ok, volume_dryup, weekly_volume_dryup, weekly_strong, flags=Wide Weekly Base;Wider Risk;Low Liquidity, downtrend",watchlist,0.0,0.0,803.7,-9.28,[18.31],[27],0.0,27.0,817
BANARISUG.NS,Bannari Amman Sugars Limited,Consumer Defensive,Consumer Defensive,Consumer Defensive,False,Cash,1,Stage 1,Stage 1,Stage 1,0.64,Price is building a base around long-term weekly structure without a confirmed advancing phase.,,,2026-08-20,,Stage 1,5.18,Weak,Volume Drying Up,Volume Drying Up (0.43x vs 10W Avg),3.04,Outperformed Nifty by 3.04% in 3 Months,False,3.04,-4.71,5800322.15,0.4,0.38,0.43,True,True,"Stage 1, Stage 1, weekly_vcp_ok, volume_dryup, weekly_volume_dryup, flags=Wide Risk;Low Liquidity, stage1_not_actionable, stage1_needs_more_base",watchlist,0.0,0.0,4329.67,-21.85,[26.04],[18],0.0,18.0,818
CARERATING.NS,CARE Ratings Limited,Financial Services,Financial Services,Financial Services,False,Cash,1,Stage 1,Stage 1,Stage 1,0.64,Price is building a base around long-term weekly structure without a confirmed advancing phase.,,,,,Stage 1,5.12,Strong,Volume Drying Up,Volume Normal (0.95x vs 10W Avg),2.71,Outperformed Nifty by 2.71% in 3 Months,False,2.71,12.02,98524951.24,0.75,0.78,0.95,True,False,"Stage 1, Stage 1, volume_dryup, flags=Wider Risk;Low Liquidity, stage1_not_actionable, stage1_needs_more_base",watchlist,0.0,0.0,1812.17,-10.14,"[10.51, 11.4]","[14, 7]",0.1,30.0,819
ECLERX.NS,eClerx Services Limited,Information Technology Services,Technology,Technology,False,Cash,1,Stage 3,Stage 3,Early,0.68,"Prior strength has shifted into a Stage 3 transition based on trend, relative strength, and volume evidence.",,,,,Stage 3 Early,5.1,Very Strong,Volume Drying Up,Volume Drying Up (0.59x vs 10W Avg),35.72,Outperformed Nifty by 35.72% in 3 Months,False,35.72,27.85,314735453.22,0.73,1.52,0.59,True,True,"Stage 3, Early, volume_dryup, weekly_volume_dryup, flags=Wide Risk;Low Liquidity, distribution_or_weakening_risk",watchlist,0.0,0.0,2065.61,-12.07,[13.12],[8],0.0,8.0,820
HINDCOPPER.NS,Hindustan Copper Limited,Basic Materials,Basic Materials,Basic Materials,False,Cash,1,Stage 4,Stage 4,Stage 4,0.86,Price is below the 30-week trend and below long-term support structure.,,,2026-08-24,,Stage 4,4.96,Weak,Volume Drying Up,Volume Drying Up (0.54x vs 10W Avg),2.37,Outperformed Nifty by 2.37% in 3 Months,False,2.37,-0.52,3994203176.68,0.57,0.48,0.54,True,True,"Stage 4, Stage 4, weekly_vcp_ok, volume_dryup, weekly_volume_dryup, weekly_strong, flags=Wide Weekly Base;Wide Risk;Low Liquidity, downtrend",watchlist,0.0,0.0,585.56,-18.09,[12.05],[5],0.0,5.0,821
PERSISTENT.NS,Persistent Systems Limited,Information Technology Services,Technology,Technology,True,F&O,1,Not Sure,Stage 1,Pending Stage 1,0.55,Blocked public stage jump Stage 3 -> Stage 1; waiting for intermediate/confirmed structure.,Blocked public stage jump Stage 3 -> Stage 1; waiting for intermediate/confirmed structure.,,,Stage 1,Not Sure - Unclear,4.88,Strong,Volume Drying Up,Volume Drying Up (0.70x vs 10W Avg),21.84,Outperformed Nifty by 21.84% in 3 Months,False,21.84,4.54,2279254739.62,0.8,0.75,0.7,True,True,"Stage 1, Stage 1, volume_dryup, weekly_volume_dryup, flags=Wider Risk;Low Liquidity, stage1_not_actionable, stage1_needs_more_base | Blocked public stage jump Stage 3 -> Stage 1; waiting for intermediate/confirmed structure.",watchlist,0.0,0.0,5920.34,-10.0,[24.37],[20],0.0,20.0,822
HGINFRA.NS,H.G. Infra Engineering Limited,Engineering & Construction,Industrials,Industrials,False,Cash,1,Stage 4,Stage 4,Stage 4,0.86,Price is below the 30-week trend and below long-term support structure.,,,,,Stage 4,4.87,Weak,Volume Expanding,Volume Expanding (6.49x vs 10W Avg),-15.82,Underperformed Nifty by 15.82% in 3 Months,False,-15.82,-5.25,341562724.99,3.32,0.2,6.49,False,False,"Stage 4, Stage 4, weekly_vcp_ok, weekly_strong, flags=Wide Weekly Base;Wider Risk;Low Liquidity, downtrend",watchlist,0.0,0.0,495.87,-10.35,[18.37],[15],0.0,15.0,823
GOPAL.NS,Gopal Snacks Limited,Packaged Foods,Consumer Defensive,Consumer Defensive,False,Cash,1,Stage 4,Stage 4,Stage 4,0.86,Price is below the 30-week trend and below long-term support structure.,,,,,Stage 4,4.81,Weak,Volume Drying Up,Volume Normal (0.98x vs 10W Avg),-2.56,Underperformed Nifty by 2.56% in 3 Months,False,-2.56,-1.61,29950494.06,0.78,0.58,0.98,True,False,"Stage 4, Stage 4, weekly_vcp_ok, volume_dryup, weekly_strong, flags=Wide Risk;Low Liquidity, downtrend",watchlist,0.0,0.0,294.0,-13.33,[15.65],[19],0.0,19.0,824
TTML.NS,Tata Teleservices (Maharashtra) Limited,Telecom Services,Communication Services,Communication Services,False,Cash,1,Stage 4,Stage 4,Stage 4,0.86,Price is below the 30-week trend and below long-term support structure.,,,,,Stage 4,4.65,Weak,Volume Expanding,Volume Expanding (5.95x vs 10W Avg),-10.87,Underperformed Nifty by 10.87% in 3 Months,False,-10.87,1.79,195138900.63,2.16,25.78,5.95,False,False,"Stage 4, Stage 4, weekly_vcp_ok, weekly_strong, flags=Wide Risk;Low Liquidity, downtrend",watchlist,0.0,0.0,40.57,-10.8,[10.46],[5],0.0,5.0,825
PRSMJOHNSN.NS,Prism Johnson Limited,Building Materials,Basic Materials,Basic Materials,False,Cash,1,Stage 4,Stage 4,Stage 4,0.66,Price is below weekly structure.,,,,,Stage 4,4.54,Strong,Volume Drying Up,Volume Drying Up (0.09x vs 10W Avg),4.44,Outperformed Nifty by 4.44% in 3 Months,False,4.44,-5.39,36668335.93,0.13,0.13,0.09,True,True,"Stage 4, Stage 4, volume_dryup, weekly_volume_dryup, flags=Low Liquidity, downtrend",watchlist,0.0,0.0,118.48,-2.81,[21.82],[35],0.0,35.0,826
MASTEK.NS,Mastek Limited,Information Technology Services,Technology,Technology,False,Cash,1,Stage 4,Stage 4,Stage 4,0.86,Price is below the 30-week trend and below long-term support structure.,,,,,Stage 4,4.39,Weak,Volume Drying Up,Volume Drying Up (0.33x vs 10W Avg),2.36,Outperformed Nifty by 2.36% in 3 Months,False,2.36,6.29,187369648.59,0.46,0.14,0.33,True,True,"Stage 4, Stage 4, weekly_vcp_ok, volume_dryup, weekly_volume_dryup, weekly_strong, flags=Wide Weekly Base;Wide Risk;Low Liquidity, downtrend",watchlist,0.0,0.0,1920.98,-19.0,[17.4],[20],0.0,20.0,827
GOKULAGRO.NS,Gokul Agro Resources Limited,Packaged Foods,Consumer Defensive,Consumer Defensive,False,Cash,1,Failed Stage 2,Stage 1,Failed Stage 2,0.72,"This stock was recently Stage 2, but the latest structure no longer satisfies Stage 2 rules. It is kept as Failed Stage 2 until a fresh base/repair structure forms.",Recent Stage 2 break; public stage held as Failed Stage 2.,2026-09-28,2026-09-25,,Failed Stage 2,4.35,Strong,Volume Drying Up,Volume Drying Up (0.78x vs 10W Avg),7.25,Outperformed Nifty by 7.25% in 3 Months,False,7.25,14.03,75442032.1,0.58,0.37,0.78,True,True,"Stage 1, Stage 1, volume_dryup, weekly_volume_dryup, flags=Wide Risk;Low Liquidity, stage1_not_actionable, stage1_needs_more_base | Stage 2 failed state applied from stage memory.",watchlist,0.0,0.0,260.25,-16.94,[12.04],[31],0.0,31.0,828
RCF.NS,Rashtriya Chemicals and Fertilizers Limited,Agricultural Inputs,Basic Materials,Basic Materials,False,Cash,1,Stage 4,Stage 4,Stage 4,0.86,Price is below the 30-week trend and below long-term support structure.,,,,,Stage 4,4.26,Weak,Volume Drying Up,Volume Normal (0.89x vs 10W Avg),-11.03,Underperformed Nifty by 11.03% in 3 Months,False,-11.03,-0.89,110924048.84,0.84,1.32,0.89,True,True,"Stage 4, Stage 4, weekly_vcp_ok, volume_dryup, weekly_volume_dryup, weekly_strong, flags=Wide Risk;Low Liquidity, downtrend",watchlist,0.0,0.0,127.2,-13.56,[16.55],[16],0.0,16.0,829
MFSL.NS,Max Financial Services Limited,Insurance - Life,Financial Services,Financial Services,True,F&O,1,Stage 4,Stage 4,Stage 4,0.66,Price is below weekly structure.,,,,,Stage 4,4.15,Weak,Volume Expanding,Volume Expanding (3.42x vs 10W Avg),-5.67,Underperformed Nifty by 5.67% in 3 Months,False,-5.67,0.88,1790552487.18,2.13,0.46,3.42,False,False,"Stage 4, Stage 4, weekly_vcp_ok, weekly_strong, flags=Wide Risk;Low Liquidity, downtrend",watchlist,0.0,0.0,1604.9,-10.03,[11.7],[21],0.0,21.0,830
SHREECEM.NS,SHREE CEMENT LIMITED,Building Materials,Basic Materials,Basic Materials,True,F&O,1,Stage 4,Stage 4,Stage 4,0.86,Price is below the 30-week trend and below long-term support structure.,,,,,Stage 4,4.13,Weak,Volume Drying Up,Volume Drying Up (0.55x vs 10W Avg),-10.12,Underperformed Nifty by 10.12% in 3 Months,False,-10.12,-1.62,394610999.25,0.9,0.74,0.55,False,True,"Stage 4, Stage 4, weekly_vcp_ok, weekly_volume_dryup, weekly_strong, flags=Wide Risk;Low Liquidity, downtrend",watchlist,0.0,0.0,27598.21,-19.67,[20.6],[41],0.0,41.0,831
GREENPLY.NS,Greenply Industries Limited,Basic Materials,Basic Materials,Basic Materials,False,Cash,1,Failed Stage 2,Stage 3,Failed Stage 2,0.72,"This stock was recently Stage 2, but the latest structure no longer satisfies Stage 2 rules. It is kept as Failed Stage 2 until a fresh base/repair structure forms.",Recent Stage 2 break; public stage held as Failed Stage 2.,2026-09-28,2026-09-25,,Failed Stage 2,3.87,Neutral,Volume Expanding,Volume Expanding (1.51x vs 10W Avg),-4.01,Underperformed Nifty by 4.01% in 3 Months,False,-4.01,46.14,59441832.5,1.15,1.53,1.51,False,False,"Stage 3, Early, flags=Wide Risk;Low Liquidity, distribution_or_weakening_risk | Stage 2 failed state applied from stage memory.",watchlist,0.0,0.0,313.05,-10.64,[12.0],[7],0.0,7.0,832
INDIGO.NS,InterGlobe Aviation Limited,Industrials,Industrials,Industrials,True,F&O,1,Failed Stage 2,Stage 3,Failed Stage 2,0.72,"This stock was recently Stage 2, but the latest structure no longer satisfies Stage 2 rules. It is kept as Failed Stage 2 until a fresh base/repair structure forms.",Recent Stage 2 break; public stage held as Failed Stage 2.,2026-09-28,2026-09-14,,Failed Stage 2,3.8,Neutral,Volume Normal,Volume Normal (0.87x vs 10W Avg),-5.36,Underperformed Nifty by 5.36% in 3 Months,False,-5.36,18.85,3081252499.8,0.91,0.95,0.87,False,True,"Stage 3, Early, weekly_volume_dryup, flags=Wider Risk;Low Liquidity, distribution_or_weakening_risk | Stage 2 failed state applied from stage memory.",watchlist,0.0,0.0,5289.24,-7.84,[14.64],[30],0.0,30.0,833
ASHAPURMIN.NS,Ashapura Minechem Limited,Basic Materials,Basic Materials,Basic Materials,False,Cash,1,Stage 4,Stage 4,Stage 4,0.86,Price is below the 30-week trend and below long-term support structure.,,,2026-07-17,,Stage 4,3.79,Weak,Volume Drying Up,Volume Drying Up (0.68x vs 10W Avg),-18.81,Underperformed Nifty by 18.81% in 3 Months,False,-18.81,5.29,162663699.42,0.65,0.87,0.68,True,True,"Stage 4, Stage 4, weekly_vcp_ok, volume_dryup, weekly_volume_dryup, weekly_strong, flags=Wide Weekly Base;Loose Structure;Wide Risk;Low Liquidity, downtrend",watchlist,0.0,0.0,573.49,-12.36,[20.85],[26],0.0,26.0,834
ICRA.NS,ICRA Limited,Financial Services,Financial Services,Financial Services,False,Cash,1,Stage 4,Stage 4,Stage 4,0.86,Price is below the 30-week trend and below long-term support structure.,,,,,Stage 4,3.79,Weak,Volume Drying Up,Volume Normal (0.87x vs 10W Avg),-12.19,Underperformed Nifty by 12.19% in 3 Months,False,-12.19,-11.22,122563033.88,0.76,0.64,0.87,True,True,"Stage 4, Stage 4, weekly_vcp_ok, volume_dryup, weekly_volume_dryup, weekly_strong, flags=Wide Risk;Low Liquidity, downtrend",watchlist,0.0,0.0,5182.75,-16.83,[12.58],[27],0.0,27.0,835
SWSOLAR.NS,Sterling and Wilson Renewable Energy Limited,Solar,Technology,Technology,False,Cash,1,Stage 4,Stage 4,Stage 4,0.86,Price is below the 30-week trend and below long-term support structure.,,,,,Stage 4,3.79,Weak,Volume Expanding,Volume Expanding (1.91x vs 10W Avg),-25.76,Underperformed Nifty by 25.76% in 3 Months,False,-25.76,5.45,199070374.73,1.59,0.92,1.91,False,False,"Stage 4, Stage 4, weekly_vcp_ok, weekly_strong, flags=Loose Structure;Wide Risk;Low Liquidity, downtrend",watchlist,0.0,0.0,203.74,-16.2,[23.27],[23],0.0,23.0,836
NIITMTS.NS,NIIT Learning Systems Limited,Consumer Defensive,Consumer Defensive,Consumer Defensive,False,Cash,1,Stage 4,Stage 4,Stage 4,0.86,Price is below the 30-week trend and below long-term support structure.,,,,,Stage 4,3.79,Weak,Volume Drying Up,Volume Drying Up (0.66x vs 10W Avg),-5.67,Underperformed Nifty by 5.67% in 3 Months,False,-5.67,-21.86,45424154.52,0.91,0.63,0.66,False,True,"Stage 4, Stage 4, weekly_vcp_ok, weekly_volume_dryup, weekly_strong, flags=Wide Base;Wide Weekly Base;Wide Risk;Low Liquidity, downtrend",watchlist,0.0,0.0,269.22,-23.71,"[41.41, 8.85]","[28, 55]",0.9,99.0,837
ROUTE.NS,ROUTE MOBILE LIMITED,Telecom Services,Communication Services,Communication Services,False,Cash,1,Stage 4,Stage 4,Stage 4,0.86,Price is below the 30-week trend and below long-term support structure.,,,,,Stage 4,3.79,Weak,Volume Drying Up,Volume Drying Up (0.34x vs 10W Avg),-10.47,Underperformed Nifty by 10.47% in 3 Months,False,-10.47,2.12,109320803.74,0.38,0.6,0.34,True,True,"Stage 4, Stage 4, weekly_vcp_ok, volume_dryup, weekly_volume_dryup, weekly_strong, flags=Wide Weekly Base;Wide Risk;Low Liquidity, downtrend",watchlist,0.0,0.0,535.34,-15.3,[24.28],[23],0.0,23.0,838
KITEX.NS,Kitex Garments Limited,Apparel Manufacturing,Consumer Cyclical,Consumer Cyclical,False,Cash,1,Stage 4,Stage 4,Stage 4,0.86,Price is below the 30-week trend and below long-term support structure.,,,,,Stage 4,3.79,Weak,Volume Normal,Volume Normal (1.04x vs 10W Avg),-22.66,Underperformed Nifty by 22.66% in 3 Months,False,-22.66,-22.85,42844363.07,0.9,0.65,1.04,False,False,"Stage 4, Stage 4, weekly_vcp_ok, weekly_strong, flags=Wide Weekly Base;Loose Structure;Wide Risk;Low Liquidity, downtrend",watchlist,0.0,0.0,148.83,-21.97,[29.19],[41],0.0,41.0,839
POKARNA.NS,Pokarna Limited,Building Products & Equipment,Industrials,Industrials,False,Cash,1,Stage 4,Stage 4,Stage 4,0.86,Price is below the 30-week trend and below long-term support structure.,,,2026-08-18,,Stage 4,3.79,Weak,Volume Drying Up,Volume Drying Up (0.44x vs 10W Avg),-24.78,Underperformed Nifty by 24.78% in 3 Months,False,-24.78,-15.19,107260957.42,0.6,0.35,0.44,True,True,"Stage 4, Stage 4, weekly_vcp_ok, volume_dryup, weekly_volume_dryup, weekly_strong, flags=Loose Structure;Wide Risk;Low Liquidity, downtrend",watchlist,0.0,0.0,993.24,-27.7,[20.76],[24],0.0,24.0,840
EIEL.NS,Enviro Infra Engineers Limited,Engineering & Construction,Industrials,Industrials,False,Cash,1,Stage 3,Stage 3,Early,0.68,"Prior strength has shifted into a Stage 3 transition based on trend, relative strength, and volume evidence.",,,2026-08-11,,Stage 3 Early,3.61,Weak,Volume Drying Up,Volume Drying Up (0.44x vs 10W Avg),-10.4,Underperformed Nifty by 10.4% in 3 Months,False,-10.4,17.06,320446685.35,0.58,0.34,0.44,True,True,"Stage 3, Early, volume_dryup, weekly_volume_dryup, flags=Wider Risk;Low Liquidity, distribution_or_weakening_risk",watchlist,0.0,0.0,216.12,-10.7,[17.85],[21],0.0,21.0,841
ANGELONE.NS,Angel One Limited,Capital Markets,Financial Services,Financial Services,True,F&O,1,Stage 3,Stage 3,Early,0.68,"Prior strength has shifted into a Stage 3 transition based on trend, relative strength, and volume evidence.",,,2026-07-29,,Stage 3 Early,3.01,Weak,Volume Drying Up,Volume Drying Up (0.58x vs 10W Avg),-13.99,Underperformed Nifty by 13.99% in 3 Months,False,-13.99,18.54,1480172803.38,0.61,0.87,0.58,True,True,"Stage 3, Early, volume_dryup, weekly_volume_dryup, flags=Wider Risk;Low Liquidity, distribution_or_weakening_risk",watchlist,0.0,0.0,310.0,-9.94,[22.29],[34],0.0,34.0,842
HDFCAMC.NS,HDFC Asset Management Company Limited,Asset Management,Financial Services,Financial Services,True,F&O,1,Stage 4,Stage 4,Stage 4,0.66,Price is below weekly structure.,,,2026-07-15,,Stage 4,2.99,Weak,Volume Drying Up,Volume Drying Up (0.76x vs 10W Avg),-11.47,Underperformed Nifty by 11.47% in 3 Months,False,-11.47,2.43,1422841032.4,0.83,1.27,0.76,True,True,"Stage 4, Stage 4, weekly_vcp_ok, volume_dryup, weekly_volume_dryup, weekly_strong, flags=Low Liquidity, downtrend",watchlist,0.0,0.0,2460.5,-6.43,"[13.03, 6.6]","[14, 9]",0.9,29.0,843
BBTC.NS,The Bombay Burmah Trading Corporation Limited,Packaged Foods,Consumer Defensive,Consumer Defensive,False,Cash,1,Stage 4,Stage 4,Stage 4,0.86,Price is below the 30-week trend and below long-term support structure.,,,,,Stage 4,2.97,Weak,Volume Drying Up,Volume Drying Up (0.10x vs 10W Avg),-2.92,Underperformed Nifty by 2.92% in 3 Months,False,-2.92,3.06,275713595.92,0.73,0.05,0.1,True,True,"Stage 4, Stage 4, volume_dryup, weekly_volume_dryup, flags=Wide Risk, downtrend",watchlist,0.0,0.0,1641.87,-13.78,[15.01],[13],0.0,13.0,844
TATACOMM.NS,Tata Communications Limited,Telecom Services,Communication Services,Communication Services,False,Cash,1,Failed Stage 2,Stage 3,Failed Stage 2,0.72,"This stock was recently Stage 2, but the latest structure no longer satisfies Stage 2 rules. It is kept as Failed Stage 2 until a fresh base/repair structure forms.",Recent Stage 2 break; public stage held as Failed Stage 2.,2026-09-28,2026-09-18,,Failed Stage 2,2.48,Neutral,Volume Drying Up,Volume Drying Up (0.49x vs 10W Avg),-9.48,Underperformed Nifty by 9.48% in 3 Months,False,-9.48,22.66,403729214.75,0.86,0.58,0.49,False,True,"Stage 3, Early, weekly_volume_dryup, flags=Wider Risk;Low Liquidity, distribution_or_weakening_risk | Stage 2 failed state applied from stage memory.",watchlist,0.0,0.0,1831.5,-9.62,[22.27],[47],0.0,47.0,845
WABAG.NS,VA Tech Wabag Limited,Engineering & Construction,Industrials,Industrials,False,Cash,1,Failed Stage 2,Stage 3,Failed Stage 2,0.72,"This stock was recently Stage 2, but the latest structure no longer satisfies Stage 2 rules. It is kept as Failed Stage 2 until a fresh base/repair structure forms.",Recent Stage 2 break; public stage held as Failed Stage 2.,2026-09-28,2026-09-25,,Failed Stage 2,1.95,Strong,Volume Drying Up,Volume Drying Up (0.55x vs 10W Avg),-4.4,Underperformed Nifty by 4.4% in 3 Months,False,-4.4,62.15,1373045250.08,0.79,0.3,0.55,True,True,"Stage 3, Early, volume_dryup, weekly_volume_dryup, flags=Wide Risk;Low Liquidity, distribution_or_weakening_risk | Stage 2 failed state applied from stage memory.",watchlist,0.0,0.0,2323.06,-14.89,[17.44],[11],0.0,11.0,846
TORNTPOWER.NS,Torrent Power Limited,Utilities,Utilities,Utilities,False,Cash,1,Stage 4,Stage 4,Stage 4,0.86,Price is below the 30-week trend and below long-term support structure.,,,,,Stage 4,1.68,Weak,Volume Drying Up,Volume Drying Up (0.31x vs 10W Avg),-6.16,Underperformed Nifty by 6.16% in 3 Months,False,-6.16,-4.55,524838825.93,0.61,0.23,0.31,True,True,"Stage 4, Stage 4, volume_dryup, weekly_volume_dryup, flags=Low Liquidity, downtrend",watchlist,0.0,0.0,1329.47,-6.94,[18.66],[35],0.0,35.0,847
COLPAL.NS,Colgate Palmolive (India) Limited,Household & Personal Products,Consumer Defensive,Consumer Defensive,True,F&O,1,Stage 4,Stage 4,Stage 4,0.66,Price is below weekly structure.,,,,,Stage 4,1.54,Weak,Volume Drying Up,Volume Drying Up (0.79x vs 10W Avg),-5.35,Underperformed Nifty by 5.35% in 3 Months,False,-5.35,4.34,785610145.87,1.34,1.01,0.79,False,True,"Stage 4, Stage 4, weekly_volume_dryup, flags=Low Liquidity, downtrend",watchlist,0.0,0.0,1917.8,-3.75,[19.49],[32],0.0,32.0,848
BIRLACORPN.NS,Birla Corporation Limited,Building Materials,Basic Materials,Basic Materials,False,Cash,1,Stage 4,Stage 4,Stage 4,0.86,Price is below the 30-week trend and below long-term support structure.,,,,,Stage 4,1.49,Weak,Volume Drying Up,Volume Drying Up (0.50x vs 10W Avg),-8.27,Underperformed Nifty by 8.27% in 3 Months,False,-8.27,-2.21,41796845.07,0.73,0.58,0.5,True,True,"Stage 4, Stage 4, weekly_vcp_ok, volume_dryup, weekly_volume_dryup, weekly_strong, flags=Wide Risk;Low Liquidity, downtrend",watchlist,0.0,0.0,919.61,-8.75,"[16.39, 13.95]","[9, 27]",0.9,45.0,849
NTPC.NS,NTPC Limited,Utilities,Utilities,Utilities,True,F&O,1,Not Sure,Stage 4,Pending Stage 4,0.55,Blocked public stage jump Stage 1 -> Stage 4; waiting for intermediate/confirmed structure.,Blocked public stage jump Stage 1 -> Stage 4; waiting for intermediate/confirmed structure.,,,Stage 4,Not Sure - Unclear,1.31,Weak,Volume Normal,Volume Normal (0.87x vs 10W Avg),-4.3,Underperformed Nifty by 4.3% in 3 Months,False,-4.3,-7.5,2341199956.03,0.88,0.79,0.87,False,True,"Stage 4, Stage 4, weekly_volume_dryup, flags=Wider Risk;Low Liquidity, downtrend | Blocked public stage jump Stage 1 -> Stage 4; waiting for intermediate/confirmed structure.",watchlist,0.0,0.0,357.62,-10.21,"[13.93, 7.85, 8.36]","[13, 18, 25]",0.55,68.0,850
IFBIND.NS,IFB Industries Limited,"Furnishings, Fixtures & Appliances",Consumer Cyclical,Consumer Cyclical,False,Cash,1,Not Sure,Stage 4,Pending Stage 4,0.55,Blocked public stage jump Stage 1 -> Stage 4; waiting for intermediate/confirmed structure.,Blocked public stage jump Stage 1 -> Stage 4; waiting for intermediate/confirmed structure.,,,Stage 4,Not Sure - Unclear,0.7,Neutral,Volume Drying Up,Volume Drying Up (0.65x vs 10W Avg),-0.79,Underperformed Nifty by 0.79% in 3 Months,False,-0.79,29.93,39771902.17,0.62,0.94,0.65,True,True,"Stage 4, Stage 4, volume_dryup, weekly_volume_dryup, flags=Wide Weekly Base;Wider Risk;Low Liquidity, downtrend | Blocked public stage jump Stage 1 -> Stage 4; waiting for intermediate/confirmed structure.",watchlist,0.0,0.0,1339.94,-9.38,[13.63],[8],0.0,8.0,851
DHANUKA.NS,Dhanuka Agritech Limited,Agricultural Inputs,Basic Materials,Basic Materials,False,Cash,1,Stage 4,Stage 4,Stage 4,0.86,Price is below the 30-week trend and below long-term support structure.,,,,,Stage 4,0.43,Weak,Volume Drying Up,Volume Drying Up (0.60x vs 10W Avg),-7.05,Underperformed Nifty by 7.05% in 3 Months,False,-7.05,3.66,20497826.22,0.65,1.6,0.6,True,True,"Stage 4, Stage 4, volume_dryup, weekly_volume_dryup, flags=Wider Risk;Low Liquidity, downtrend",watchlist,0.0,0.0,1031.8,-7.5,"[9.26, 9.59]","[15, 7]",0.9,26.0,852
HDFCLIFE.NS,HDFC Life Insurance Company Limited,Insurance - Life,Financial Services,Financial Services,True,F&O,1,Stage 4,Stage 4,Stage 4,0.86,Price is below the 30-week trend and below long-term support structure.,,,,,Stage 4,0.07,Weak,Volume Expanding,Volume Expanding (1.57x vs 10W Avg),-1.85,Underperformed Nifty by 1.85% in 3 Months,False,-1.85,-3.5,2356989744.82,1.51,0.6,1.57,False,False,"Stage 4, Stage 4, weekly_vcp_ok, weekly_strong, flags=Wide Risk;Low Liquidity, downtrend",watchlist,0.0,0.0,606.06,-12.29,"[12.99, 8.93, 9.78, 9.72]","[12, 12, 13, 11]",0.73,77.0,853
NUVAMA.NS,Nuvama Wealth Management Limited,Asset Management,Financial Services,Financial Services,True,F&O,1,Failed Stage 2,Stage 3,Failed Stage 2,0.72,"This stock was recently Stage 2, but the latest structure no longer satisfies Stage 2 rules. It is kept as Failed Stage 2 until a fresh base/repair structure forms.",Recent Stage 2 break; public stage held as Failed Stage 2.,2026-09-28,2026-09-25,,Failed Stage 2,0.01,Neutral,Volume Drying Up,Volume Normal (0.86x vs 10W Avg),-4.71,Underperformed Nifty by 4.71% in 3 Months,False,-4.71,47.22,567928592.77,0.7,1.76,0.86,True,True,"Stage 3, Early, volume_dryup, weekly_volume_dryup, flags=Wide Risk;Low Liquidity, distribution_or_weakening_risk | Stage 2 failed state applied from stage memory.",watchlist,0.0,0.0,1907.23,-13.98,[20.82],[21],0.0,21.0,854
HOMEFIRST.NS,Home First Finance Company India Limited,Mortgage Finance,Financial Services,Financial Services,False,Cash,1,Failed Stage 2,Stage 3,Failed Stage 2,0.72,"This stock was recently Stage 2, but the latest structure no longer satisfies Stage 2 rules. It is kept as Failed Stage 2 until a fresh base/repair structure forms.",Recent Stage 2 break; public stage held as Failed Stage 2.,2026-09-28,2026-09-23,,Failed Stage 2,0.0,Neutral,Volume Normal,Volume Normal (1.29x vs 10W Avg),-3.81,Underperformed Nifty by 3.81% in 3 Months,False,-3.81,17.9,313641893.6,1.57,0.93,1.29,False,False,"Stage 3, Late, weekly_vcp_ok, weekly_strong, flags=Wide Risk;Low Liquidity, distribution_or_weakening_risk | Stage 2 failed state applied from stage memory.",watchlist,0.0,0.0,1276.13,-14.27,[10.37],[15],0.0,15.0,855
PILANIINVS.NS,Pilani Investment and Industries Corporation Limited,Asset Management,Financial Services,Financial Services,False,Cash,1,Stage 4,Stage 4,Stage 4,0.86,Price is below the 30-week trend and below long-term support structure.,,,,,Stage 4,0.0,Weak,Volume Drying Up,Volume Drying Up (0.59x vs 10W Avg),-3.9,Underperformed Nifty by 3.9% in 3 Months,False,-3.9,-1.34,9704972.4,0.92,0.64,0.59,False,True,"Stage 4, Stage 4, weekly_vcp_ok, weekly_volume_dryup, weekly_strong, flags=Wider Risk;Low Liquidity, downtrend",watchlist,0.0,0.0,4459.79,-10.37,[6.42],[12],0.0,12.0,856
EUREKAFORB.NS,Eureka Forbes Limited,"Furnishings, Fixtures & Appliances",Consumer Cyclical,Consumer Cyclical,False,Cash,1,Stage 4,Stage 4,Stage 4,0.86,Price is below the 30-week trend and below long-term support structure.,,,,,Stage 4,0.0,Weak,Volume Normal,Volume Normal (1.08x vs 10W Avg),-19.76,Underperformed Nifty by 19.76% in 3 Months,False,-19.76,-19.77,60422374.61,1.16,0.77,1.08,False,False,"Stage 4, Stage 4, weekly_vcp_ok, weekly_strong, flags=Wide Weekly Base;Wide Risk;Low Liquidity, downtrend",watchlist,0.0,0.0,441.07,-18.09,[15.18],[14],0.0,14.0,857
HEIDELBERG.NS,HeidelbergCement India Limited,Building Materials,Basic Materials,Basic Materials,False,Cash,1,Stage 4,Stage 4,Stage 4,0.86,Price is below the 30-week trend and below long-term support structure.,,,,,Stage 4,0.0,Weak,Volume Normal,Volume Normal (1.29x vs 10W Avg),-5.7,Underperformed Nifty by 5.7% in 3 Months,False,-5.7,-3.67,33449084.6,1.3,1.03,1.29,False,False,"Stage 4, Stage 4, weekly_vcp_ok, weekly_strong, flags=Wide Risk;Low Liquidity, downtrend",watchlist,0.0,0.0,155.58,-15.51,"[12.59, 7.2]","[13, 17]",0.9,47.0,858
ICICIPRULI.NS,ICICI Prudential Life Insurance Company Limited,Insurance - Life,Financial Services,Financial Services,True,F&O,1,Stage 4,Stage 4,Stage 4,0.86,Price is below the 30-week trend and below long-term support structure.,,,,,Stage 4,0.0,Weak,Volume Expanding,Volume Expanding (1.52x vs 10W Avg),-2.41,Underperformed Nifty by 2.41% in 3 Months,False,-2.41,-6.31,740503235.41,1.25,0.91,1.52,False,False,"Stage 4, Stage 4, weekly_vcp_ok, weekly_strong, flags=Wide Risk;Low Liquidity, downtrend",watchlist,0.0,0.0,526.67,-12.91,[12.84],[28],0.0,28.0,859
RVNL.NS,Rail Vikas Nigam Limited,Engineering & Construction,Industrials,Industrials,True,F&O,1,Stage 4,Stage 4,Stage 4,0.86,Price is below the 30-week trend and below long-term support structure.,,,,,Stage 4,0.0,Weak,Volume Drying Up,Volume Drying Up (0.67x vs 10W Avg),-9.03,Underperformed Nifty by 9.03% in 3 Months,False,-9.03,-19.72,912417512.49,0.99,0.59,0.67,False,True,"Stage 4, Stage 4, weekly_vcp_ok, weekly_volume_dryup, weekly_strong, flags=Wide Weekly Base;Wide Risk;Low Liquidity, downtrend",watchlist,0.0,0.0,231.78,-12.53,[17.32],[28],0.0,28.0,860
CENTURYPLY.NS,Century Plyboards (India) Limited,Basic Materials,Basic Materials,Basic Materials,False,Cash,1,Not Sure,Stage 4,Pending Stage 4,0.55,Blocked public stage jump Stage 1 -> Stage 4; waiting for intermediate/confirmed structure.,Blocked public stage jump Stage 1 -> Stage 4; waiting for intermediate/confirmed structure.,,,Stage 4,Not Sure - Unclear,0.0,Weak,Volume Normal,Volume Normal (1.18x vs 10W Avg),-4.89,Underperformed Nifty by 4.89% in 3 Months,False,-4.89,-3.64,48219792.68,1.36,0.86,1.18,False,False,"Stage 4, Stage 4, weekly_vcp_ok, weekly_strong, flags=Wide Risk;Low Liquidity, downtrend | Blocked public stage jump Stage 1 -> Stage 4; waiting for intermediate/confirmed structure.",watchlist,0.0,0.0,780.31,-12.98,[9.43],[29],0.0,29.0,861
BIKAJI.NS,Bikaji Foods International Limited,Packaged Foods,Consumer Defensive,Consumer Defensive,False,Cash,1,Stage 4,Stage 4,Stage 4,0.86,Price is below the 30-week trend and below long-term support structure.,,,,,Stage 4,0.0,Weak,Volume Expanding,Volume Expanding (4.37x vs 10W Avg),-9.58,Underperformed Nifty by 9.58% in 3 Months,False,-9.58,-7.79,217268827.47,2.41,0.19,4.37,False,False,"Stage 4, Stage 4, weekly_vcp_ok, weekly_strong, flags=Wide Risk;Low Liquidity, downtrend",watchlist,0.0,0.0,637.01,-12.42,[16.22],[14],0.0,14.0,862
CANFINHOME.NS,Can Fin Homes Limited,Mortgage Finance,Financial Services,Financial Services,False,Cash,1,Stage 4,Stage 4,Stage 4,0.66,Price is below weekly structure.,,,2026-07-17,,Stage 4,0.0,Weak,Volume Normal,Volume Normal (1.00x vs 10W Avg),-10.55,Underperformed Nifty by 10.55% in 3 Months,False,-10.55,-7.26,199979362.63,1.16,0.42,1.0,False,False,"Stage 4, Stage 4, weekly_vcp_ok, weekly_strong, flags=Wide Risk;Low Liquidity, downtrend",watchlist,0.0,0.0,853.84,-13.61,[15.08],[9],0.0,9.0,863
STARCEMENT.NS,Star Cement Limited,Building Materials,Basic Materials,Basic Materials,False,Cash,1,Stage 4,Stage 4,Stage 4,0.86,Price is below the 30-week trend and below long-term support structure.,,,,,Stage 4,0.0,Weak,Volume Drying Up,Volume Drying Up (0.36x vs 10W Avg),-7.35,Underperformed Nifty by 7.35% in 3 Months,False,-7.35,-9.57,33455253.28,0.65,0.38,0.36,True,True,"Stage 4, Stage 4, weekly_vcp_ok, volume_dryup, weekly_volume_dryup, weekly_strong, flags=Wider Risk;Low Liquidity, downtrend",watchlist,0.0,0.0,203.91,-10.54,[15.4],[30],0.0,30.0,864
KPIGREEN.NS,KPI Green Energy Limited,Utilities - Renewable,Utilities,Utilities,False,Cash,1,Stage 4,Stage 4,Stage 4,0.86,Price is below the 30-week trend and below long-term support structure.,,,,,Stage 4,0.0,Weak,Volume Expanding,Volume Expanding (3.26x vs 10W Avg),-6.01,Underperformed Nifty by 6.01% in 3 Months,False,-6.01,-5.34,934125797.02,2.6,4.65,3.26,False,False,"Stage 4, Stage 4, weekly_vcp_ok, weekly_strong, flags=Wide Base;Loose Structure;Low Liquidity, downtrend",watchlist,0.0,0.0,323.81,10.36,[35.25],[44],0.0,44.0,865
BORORENEW.NS,BOROSIL RENEWABLES LIMITED,Solar,Technology,Technology,False,Cash,1,Stage 4,Stage 4,Stage 4,0.86,Price is below the 30-week trend and below long-term support structure.,,,2026-08-20,,Stage 4,0.0,Weak,Volume Drying Up,Volume Drying Up (0.82x vs 10W Avg),-22.24,Underperformed Nifty by 22.24% in 3 Months,False,-22.24,11.31,200743581.55,1.18,0.72,0.82,False,True,"Stage 4, Stage 4, weekly_vcp_ok, weekly_volume_dryup, weekly_strong, flags=Wide Weekly Base;Loose Structure;Wide Risk;Low Liquidity, downtrend",watchlist,0.0,0.0,671.07,-32.61,"[15.53, 16.64]","[17, 14]",0.1,83.0,866
TRANSRAILL.NS,Transrail Lighting Limited,Engineering & Construction,Industrials,Industrials,False,Cash,1,Stage 4,Stage 4,Stage 4,0.86,Price is below the 30-week trend and below long-term support structure.,,,,,Stage 4,0.0,Weak,Volume Expanding,Volume Expanding (7.05x vs 10W Avg),-7.91,Underperformed Nifty by 7.91% in 3 Months,False,-7.91,-4.65,995005981.59,3.66,0.3,7.05,False,False,"Stage 4, Stage 4, weekly_vcp_ok, weekly_strong, flags=Low Liquidity, downtrend",watchlist,0.0,0.0,477.35,-5.8,[15.92],[17],0.0,17.0,867
PNCINFRA.NS,PNC Infratech Limited,Engineering & Construction,Industrials,Industrials,False,Cash,1,Stage 4,Stage 4,Stage 4,0.86,Price is below the 30-week trend and below long-term support structure.,,,,,Stage 4,0.0,Weak,Volume Normal,Volume Normal (1.20x vs 10W Avg),-39.01,Underperformed Nifty by 39.01% in 3 Months,False,-39.01,-21.98,310765947.99,3.2,1.24,1.2,False,False,"Stage 4, Stage 4, weekly_vcp_ok, weekly_strong, flags=Wide Base;Wide Weekly Base;Loose Structure;Wide Risk;Low Liquidity, downtrend",watchlist,0.0,0.0,260.33,-49.58,[54.88],[43],0.0,43.0,868
AHLUCONT.NS,Ahluwalia Contracts (India) Limited,Engineering & Construction,Industrials,Industrials,False,Cash,1,Stage 4,Stage 4,Stage 4,0.86,Price is below the 30-week trend and below long-term support structure.,,,,,Stage 4,0.0,Weak,Volume Drying Up,Volume Drying Up (0.48x vs 10W Avg),-27.96,Underperformed Nifty by 27.96% in 3 Months,False,-27.96,-15.2,37999530.1,0.71,0.26,0.48,True,True,"Stage 4, Stage 4, weekly_vcp_ok, volume_dryup, weekly_volume_dryup, weekly_strong, flags=Loose Structure;Wide Risk;Low Liquidity, downtrend",watchlist,0.0,0.0,885.48,-35.36,"[15.34, 5.82]","[10, 40]",0.9,59.0,869
WEBELSOLAR.NS,Websol Energy System Limited,Solar,Technology,Technology,False,Cash,1,Stage 4,Stage 4,Stage 4,0.86,Price is below the 30-week trend and below long-term support structure.,,,,,Stage 4,0.0,Weak,Volume Drying Up,Volume Drying Up (0.81x vs 10W Avg),-26.93,Underperformed Nifty by 26.93% in 3 Months,False,-26.93,-3.47,141407174.35,0.82,0.56,0.81,True,True,"Stage 4, Stage 4, weekly_vcp_ok, volume_dryup, weekly_volume_dryup, weekly_strong, flags=Wide Base;Wide Weekly Base;Loose Structure;Wider Risk;Low Liquidity, downtrend",watchlist,0.0,0.0,79.68,-9.95,[31.32],[32],0.0,32.0,870
DCMSHRIRAM.NS,DCM Shriram Limited,Conglomerates,Industrials,Industrials,False,Cash,1,Stage 4,Stage 4,Stage 4,0.86,Price is below the 30-week trend and below long-term support structure.,,,,,Stage 4,0.0,Weak,Volume Drying Up,Volume Drying Up (0.25x vs 10W Avg),-1.91,Underperformed Nifty by 1.91% in 3 Months,False,-1.91,-13.94,51360486.03,0.3,0.63,0.25,True,True,"Stage 4, Stage 4, volume_dryup, weekly_volume_dryup, flags=Wide Risk;Low Liquidity, downtrend",watchlist,0.0,0.0,1121.46,-15.77,[18.08],[11],0.0,11.0,871
JKCEMENT.NS,JK Cement Limited,Building Materials,Basic Materials,Basic Materials,False,Cash,1,Stage 4,Stage 4,Stage 4,0.86,Price is below the 30-week trend and below long-term support structure.,,,,,Stage 4,0.0,Weak,Volume Drying Up,Volume Drying Up (0.70x vs 10W Avg),-4.28,Underperformed Nifty by 4.28% in 3 Months,False,-4.28,-0.81,214712067.12,0.92,0.38,0.7,False,True,"Stage 4, Stage 4, weekly_volume_dryup, flags=Wide Risk;Low Liquidity, downtrend",watchlist,0.0,0.0,5790.0,-13.76,"[16.89, 18.09]","[15, 53]",0.1,83.0,872
INDIACEM.NS,The India Cements Limited,Building Materials,Basic Materials,Basic Materials,False,Cash,1,Stage 4,Stage 4,Stage 4,0.86,Price is below the 30-week trend and below long-term support structure.,,,,,Stage 4,0.0,Weak,Volume Drying Up,Volume Drying Up (0.69x vs 10W Avg),-13.27,Underperformed Nifty by 13.27% in 3 Months,False,-13.27,-10.71,57233246.32,1.43,1.02,0.69,False,True,"Stage 4, Stage 4, weekly_volume_dryup, flags=Loose Structure;Wide Risk;Low Liquidity, downtrend",watchlist,0.0,0.0,417.13,-25.11,"[18.07, 10.78, 8.39]","[5, 11, 17]",0.95,52.0,873
IEX.NS,Indian Energy Exchange Limited,Capital Markets,Financial Services,Financial Services,True,F&O,1,Stage 4,Stage 4,Stage 4,0.86,Price is below the 30-week trend and below long-term support structure.,,,,,Stage 4,0.0,Weak,Volume Drying Up,Volume Drying Up (0.61x vs 10W Avg),-4.73,Underperformed Nifty by 4.73% in 3 Months,False,-4.73,-3.03,392036015.55,0.68,0.67,0.61,True,True,"Stage 4, Stage 4, volume_dryup, weekly_volume_dryup, flags=Wide Risk;Low Liquidity, downtrend",watchlist,0.0,0.0,135.0,-17.52,[14.22],[61],0.0,61.0,874
SUMICHEM.NS,Sumitomo Chemical India Limited,Agricultural Inputs,Basic Materials,Basic Materials,False,Cash,1,Failed Stage 2,Stage 3,Failed Stage 2,0.72,"This stock was recently Stage 2, but the latest structure no longer satisfies Stage 2 rules. It is kept as Failed Stage 2 until a fresh base/repair structure forms.",Recent Stage 2 break; public stage held as Failed Stage 2.,2026-09-28,2026-09-14,,Failed Stage 2,0.0,Weak,Volume Drying Up,Volume Drying Up (0.66x vs 10W Avg),3.65,Outperformed Nifty by 3.65% in 3 Months,False,3.65,15.69,124818195.11,0.77,0.9,0.66,True,True,"Stage 3, Early, volume_dryup, weekly_volume_dryup, flags=Loose Structure;Wide Risk;Low Liquidity, distribution_or_weakening_risk | Stage 2 failed state applied from stage memory.",watchlist,0.0,0.0,566.95,-23.49,[14.92],[10],0.0,10.0,875
SIS.NS,SIS LIMITED,Industrials,Industrials,Industrials,False,Cash,1,Failed Stage 2,Stage 3,Failed Stage 2,0.72,"This stock was recently Stage 2, but the latest structure no longer satisfies Stage 2 rules. It is kept as Failed Stage 2 until a fresh base/repair structure forms.",Recent Stage 2 break; public stage held as Failed Stage 2.,2026-09-28,2026-09-25,,Failed Stage 2,0.0,Neutral,Volume Expanding,Volume Expanding (2.08x vs 10W Avg),-2.24,Underperformed Nifty by 2.24% in 3 Months,False,-2.24,39.42,171163972.88,1.63,6.44,2.08,False,False,"Stage 3, Late, flags=Wide Risk;Low Liquidity, distribution_or_weakening_risk | Stage 2 failed state applied from stage memory.",watchlist,0.0,0.0,441.0,-10.61,[7.63],[10],0.0,10.0,876
ADANIGREEN.NS,Adani Green Energy Limited,Utilities - Renewable,Utilities,Utilities,True,F&O,1,Stage 3,Stage 3,Early,0.68,"Prior strength has shifted into a Stage 3 transition based on trend, relative strength, and volume evidence.",,,2026-08-07,,Stage 3 Early,0.0,Weak,Volume Drying Up,Volume Drying Up (0.73x vs 10W Avg),-15.48,Underperformed Nifty by 15.48% in 3 Months,False,-15.48,46.53,1717157548.66,0.69,1.37,0.73,True,True,"Stage 3, Early, volume_dryup, weekly_volume_dryup, flags=Wide Risk;Low Liquidity, distribution_or_weakening_risk",watchlist,0.0,0.0,1634.36,-24.44,[21.36],[59],0.0,59.0,877
WAAREEENER.NS,Waaree Energies Limited,Solar,Technology,Technology,True,F&O,1,Stage 4,Stage 4,Stage 4,0.86,Price is below the 30-week trend and below long-term support structure.,,,,,Stage 4,0.0,Weak,Volume Normal,Volume Normal (0.91x vs 10W Avg),-9.57,Underperformed Nifty by 9.57% in 3 Months,False,-9.57,-17.73,1444663727.78,0.98,1.09,0.91,False,False,"Stage 4, Stage 4, flags=Wider Risk;Low Liquidity, downtrend",watchlist,0.0,0.0,2729.63,-10.06,[18.9],[28],0.0,28.0,878
WAAREERTL.NS,Waaree Renewable Technologies Limited,Utilities - Renewable,Utilities,Utilities,False,Cash,1,Stage 4,Stage 4,Stage 4,0.86,Price is below the 30-week trend and below long-term support structure.,,,,,Stage 4,0.0,Weak,Volume Normal,Volume Normal (1.24x vs 10W Avg),-14.68,Underperformed Nifty by 14.68% in 3 Months,False,-14.68,-1.05,99478356.96,1.08,0.73,1.24,False,False,"Stage 4, Stage 4, flags=Wider Risk;Low Liquidity, downtrend",watchlist,0.0,0.0,896.27,-7.83,[13.1],[6],0.0,6.0,879
VSTIND.NS,VST Industries Limited,Consumer Defensive,Consumer Defensive,Consumer Defensive,False,Cash,1,Stage 4,Stage 4,Stage 4,0.66,Price is below weekly structure.,,,,,Stage 4,0.0,Weak,Volume Drying Up,Volume Drying Up (0.63x vs 10W Avg),-13.34,Underperformed Nifty by 13.34% in 3 Months,False,-13.34,1.21,21805154.97,0.7,0.82,0.63,True,True,"Stage 4, Stage 4, volume_dryup, weekly_volume_dryup, flags=Wide Risk;Low Liquidity, downtrend",watchlist,0.0,0.0,236.31,-13.67,[22.58],[52],0.0,52.0,880
CRIZAC.NS,Crizac Limited,Consumer Defensive,Consumer Defensive,Consumer Defensive,False,Cash,1,Stage 4,Stage 4,Stage 4,0.86,Price is below the 30-week trend and below long-term support structure.,,,,,Stage 4,0.0,Weak,Volume Drying Up,Volume Normal (1.04x vs 10W Avg),-6.36,Underperformed Nifty by 6.36% in 3 Months,False,-6.36,-6.19,61752293.88,0.81,0.32,1.04,True,False,"Stage 4, Stage 4, volume_dryup, flags=Wide Weekly Base;Wider Risk;Low Liquidity, downtrend",watchlist,0.0,0.0,192.34,-7.9,[21.98],[24],0.0,24.0,881
LT.NS,Larsen & Toubro Limited,Engineering & Construction,Industrials,Industrials,True,F&O,1,Stage 3,Stage 3,Early,0.68,"Prior strength has shifted into a Stage 3 transition based on trend, relative strength, and volume evidence.",,,,,Stage 3 Early,0.0,Weak,Volume Normal,Volume Normal (0.90x vs 10W Avg),-2.11,Underperformed Nifty by 2.11% in 3 Months,False,-2.11,7.52,5215105610.21,0.99,1.05,0.9,False,False,"Stage 3, Early, flags=Wider Risk;Low Liquidity, distribution_or_weakening_risk",watchlist,0.0,0.0,4132.52,-8.86,[12.93],[21],0.0,21.0,882
ADANIENSOL.NS,Adani Energy Solutions Limited,Utilities,Utilities,Utilities,True,F&O,1,Failed Stage 2,Stage 3,Failed Stage 2,0.72,"This stock was recently Stage 2, but the latest structure no longer satisfies Stage 2 rules. It is kept as Failed Stage 2 until a fresh base/repair structure forms.",Recent Stage 2 break; public stage held as Failed Stage 2.,2026-09-28,2026-09-18,,Failed Stage 2,0.0,Weak,Volume Drying Up,Volume Drying Up (0.52x vs 10W Avg),-12.17,Underperformed Nifty by 12.17% in 3 Months,False,-12.17,39.04,2574396558.7,0.51,0.38,0.52,True,True,"Stage 3, Late, volume_dryup, weekly_volume_dryup, flags=Loose Structure;Wide Risk;Low Liquidity, distribution_or_weakening_risk | Stage 2 failed state applied from stage memory.",watchlist,0.0,0.0,1639.86,-21.46,[17.65],[5],0.0,5.0,883
BSE.NS,BSE Limited,Financial Services,Financial Services,Financial Services,True,F&O,1,Stage 3,Stage 3,Late,0.76,"Prior strength has shifted into a Stage 3 transition based on trend, relative strength, and volume evidence.",,,2026-07-27,,Stage 3 Late,0.0,Weak,Volume Normal,Volume Normal (1.03x vs 10W Avg),-13.91,Underperformed Nifty by 13.91% in 3 Months,False,-13.91,11.17,13048048772.22,0.98,0.9,1.03,False,False,"Stage 3, Late, flags=Wide Risk;Low Liquidity, distribution_or_weakening_risk",watchlist,0.0,0.0,3874.27,-20.05,[25.6],[55],0.0,55.0,884
VEDL.NS,Vedanta Limited,Basic Materials,Basic Materials,Basic Materials,True,F&O,1,Stage 4,Stage 4,Stage 4,0.86,Price is below the 30-week trend and below long-term support structure.,,,,,Stage 4,0.0,Weak,Volume Drying Up,Volume Drying Up (0.67x vs 10W Avg),-1.09,Underperformed Nifty by 1.09% in 3 Months,False,-1.09,-60.08,1728315428.72,0.67,0.8,0.67,True,True,"Stage 4, Stage 4, volume_dryup, weekly_volume_dryup, flags=Wide Risk;Low Liquidity, downtrend",watchlist,0.0,0.0,291.51,-11.15,[13.23],[14],0.0,14.0,885
GODREJCP.NS,Godrej Consumer Products Limited,Household & Personal Products,Consumer Defensive,Consumer Defensive,True,F&O,1,Stage 4,Stage 4,Stage 4,0.86,Price is below the 30-week trend and below long-term support structure.,,,,,Stage 4,0.0,Weak,Volume Drying Up,Volume Drying Up (0.38x vs 10W Avg),-13.87,Underperformed Nifty by 13.87% in 3 Months,False,-13.87,-9.57,1155639579.12,0.54,0.91,0.38,True,True,"Stage 4, Stage 4, volume_dryup, weekly_volume_dryup, flags=Wider Risk;Low Liquidity, downtrend",watchlist,0.0,0.0,949.66,-8.6,[21.83],[26],0.0,26.0,886
ICICIGI.NS,ICICI Lombard General Insurance Company Limited,Financial Services,Financial Services,Financial Services,True,F&O,1,Stage 4,Stage 4,Stage 4,0.66,Price is below weekly structure.,,,,,Stage 4,0.0,Weak,Volume Normal,Volume Normal (1.20x vs 10W Avg),-7.44,Underperformed Nifty by 7.44% in 3 Months,False,-7.44,-6.22,1145318362.67,1.1,0.49,1.2,False,False,"Stage 4, Stage 4, flags=Low Liquidity, downtrend",watchlist,0.0,0.0,1652.89,-6.83,[19.64],[29],0.0,29.0,887
NAM-INDIA.NS,Nippon Life India Asset Management Limited,Asset Management,Financial Services,Financial Services,True,F&O,1,Failed Stage 2,Stage 3,Failed Stage 2,0.72,"This stock was recently Stage 2, but the latest structure no longer satisfies Stage 2 rules. It is kept as Failed Stage 2 until a fresh base/repair structure forms.",Recent Stage 2 break; public stage held as Failed Stage 2.,2026-09-28,2026-09-25,,Failed Stage 2,0.0,Neutral,Volume Drying Up,Volume Drying Up (0.69x vs 10W Avg),-4.73,Underperformed Nifty by 4.73% in 3 Months,False,-4.73,35.51,1195557386.51,0.83,0.79,0.69,True,True,"Stage 3, Late, volume_dryup, weekly_volume_dryup, flags=Wide Risk;Low Liquidity, distribution_or_weakening_risk | Stage 2 failed state applied from stage memory.",watchlist,0.0,0.0,1271.72,-13.98,[9.67],[7],0.0,7.0,888
TIINDIA.NS,Tube Investments of India Limited,Conglomerates,Industrials,Industrials,True,F&O,1,Stage 4,Stage 4,Stage 4,0.66,Price is below weekly structure.,,,2026-08-19,,Stage 4,0.0,Weak,Volume Drying Up,Volume Drying Up (0.36x vs 10W Avg),-15.29,Underperformed Nifty by 15.29% in 3 Months,False,-15.29,-1.91,462715454.47,0.47,0.67,0.36,True,True,"Stage 4, Stage 4, volume_dryup, weekly_volume_dryup, flags=Low Liquidity, downtrend",watchlist,0.0,0.0,2642.42,-6.94,[20.08],[26],0.0,26.0,889
FACT.NS,Fertilizers and Chemicals Travancore Limited,Agricultural Inputs,Basic Materials,Basic Materials,False,Cash,1,Stage 4,Stage 4,Stage 4,0.66,Price is below weekly structure.,,,,,Stage 4,0.0,Weak,Volume Drying Up,Volume Drying Up (0.11x vs 10W Avg),-7.4,Underperformed Nifty by 7.4% in 3 Months,False,-7.4,1.45,140164195.49,0.25,0.05,0.11,True,True,"Stage 4, Stage 4, volume_dryup, weekly_volume_dryup, flags=Wide Risk;Low Liquidity, downtrend",watchlist,0.0,0.0,921.61,-16.72,[19.56],[16],0.0,16.0,890
THERMAX.NS,Thermax Limited,Conglomerates,Industrials,Industrials,False,Cash,1,Stage 3,Stage 3,Late,0.76,"Prior strength has shifted into a Stage 3 transition based on trend, relative strength, and volume evidence.",,,2026-07-24,,Stage 3 Late,0.0,Weak,Volume Drying Up,Volume Drying Up (0.50x vs 10W Avg),-25.75,Underperformed Nifty by 25.75% in 3 Months,False,-25.75,5.42,498007814.01,0.65,0.68,0.5,True,True,"Stage 3, Late, volume_dryup, weekly_volume_dryup, flags=Loose Structure;Wide Risk;Low Liquidity, distribution_or_weakening_risk",watchlist,0.0,0.0,4036.95,-16.12,[26.92],[8],0.0,8.0,891
PIIND.NS,PI Industries Limited,Agricultural Inputs,Basic Materials,Basic Materials,True,F&O,1,Stage 4,Stage 4,Stage 4,0.86,Price is below the 30-week trend and below long-term support structure.,,,,,Stage 4,0.0,Weak,Volume Normal,Volume Normal (1.19x vs 10W Avg),-4.52,Underperformed Nifty by 4.52% in 3 Months,False,-4.52,-13.46,631012987.6,1.04,0.44,1.19,False,False,"Stage 4, Stage 4, flags=Wide Risk;Low Liquidity, downtrend",watchlist,0.0,0.0,2536.5,-7.39,[22.71],[29],0.0,29.0,892
PREMIERENE.NS,Premier Energies Limited,Solar,Technology,Technology,True,F&O,1,Stage 4,Stage 4,Stage 4,0.66,Price is below weekly structure.,,,2026-08-25,,Stage 4,0.0,Weak,Volume Drying Up,Volume Drying Up (0.85x vs 10W Avg),-8.62,Underperformed Nifty by 8.62% in 3 Months,False,-8.62,1.09,986000503.66,1.33,0.91,0.85,False,True,"Stage 4, Stage 4, weekly_volume_dryup, flags=Wide Risk;Low Liquidity, downtrend",watchlist,0.0,0.0,1074.28,-15.66,[13.81],[14],0.0,14.0,893
GODREJIND.NS,Godrej Industries Limited,Conglomerates,Industrials,Industrials,False,Cash,1,Failed Stage 2,Stage 3,Failed Stage 2,0.72,"This stock was recently Stage 2, but the latest structure no longer satisfies Stage 2 rules. It is kept as Failed Stage 2 until a fresh base/repair structure forms.",Recent Stage 2 break; public stage held as Failed Stage 2.,2026-09-28,2026-09-23,,Failed Stage 2,0.0,Weak,Volume Normal,Volume Normal (0.88x vs 10W Avg),-6.09,Underperformed Nifty by 6.09% in 3 Months,False,-6.09,30.08,120275457.47,1.08,1.06,0.88,False,True,"Stage 3, Early, weekly_volume_dryup, flags=Wide Risk;Low Liquidity, distribution_or_weakening_risk | Stage 2 failed state applied from stage memory.",watchlist,0.0,0.0,1252.19,-14.06,[22.03],[34],0.0,34.0,894
PGHH.NS,Procter & Gamble Hygiene and Health Care Limited,Household & Personal Products,Consumer Defensive,Consumer Defensive,False,Cash,1,Stage 4,Stage 4,Stage 4,0.86,Price is below the 30-week trend and below long-term support structure.,,,,,Stage 4,0.0,Weak,Volume Expanding,Volume Expanding (1.55x vs 10W Avg),-16.79,Underperformed Nifty by 16.79% in 3 Months,False,-16.79,-26.61,141779414.82,1.37,1.42,1.55,False,False,"Stage 4, Stage 4, flags=Loose Structure;Wide Risk;Low Liquidity, downtrend",watchlist,0.0,0.0,8161.04,-15.59,"[14.47, 7.35]","[14, 5]",0.9,23.0,895
NIACL.NS,The New India Assurance Company Limited,Financial Services,Financial Services,Financial Services,False,Cash,1,Failed Stage 2,Stage 3,Failed Stage 2,0.72,"This stock was recently Stage 2, but the latest structure no longer satisfies Stage 2 rules. It is kept as Failed Stage 2 until a fresh base/repair structure forms.",Recent Stage 2 break; public stage held as Failed Stage 2.,2026-09-28,2026-09-25,,Failed Stage 2,0.0,Neutral,Volume Drying Up,Volume Drying Up (0.36x vs 10W Avg),-3.65,Underperformed Nifty by 3.65% in 3 Months,False,-3.65,41.22,2682845100.82,0.93,0.18,0.36,False,True,"Stage 3, Late, weekly_volume_dryup, flags=Loose Structure;Wide Risk;Low Liquidity, distribution_or_weakening_risk | Stage 2 failed state applied from stage memory.",watchlist,0.0,0.0,243.02,-30.11,[25.19],[27],0.0,27.0,896
GILLETTE.NS,Gillette India Limited,Household & Personal Products,Consumer Defensive,Consumer Defensive,False,Cash,1,Stage 4,Stage 4,Stage 4,0.86,Price is below the 30-week trend and below long-term support structure.,,,,,Stage 4,0.0,Weak,Volume Normal,Volume Normal (1.03x vs 10W Avg),-3.2,Underperformed Nifty by 3.2% in 3 Months,False,-3.2,-5.49,140294196.65,1.41,0.57,1.03,False,False,"Stage 4, Stage 4, flags=Wider Risk;Low Liquidity, downtrend",watchlist,0.0,0.0,7577.24,-8.6,[8.34],[35],0.0,35.0,897
CESC.NS,CESC Limited,Utilities,Utilities,Utilities,False,Cash,1,Stage 4,Stage 4,Stage 4,0.86,Price is below the 30-week trend and below long-term support structure.,,,,,Stage 4,0.0,Weak,Volume Normal,Volume Normal (0.89x vs 10W Avg),-11.92,Underperformed Nifty by 11.92% in 3 Months,False,-11.92,-5.59,259300712.75,1.07,0.74,0.89,False,True,"Stage 4, Stage 4, weekly_volume_dryup, flags=Wide Risk;Low Liquidity, downtrend",watchlist,0.0,0.0,171.22,-20.46,"[12.45, 10.34, 11.1]","[11, 17, 31]",0.55,70.0,898
CAMS.NS,Computer Age Management Services Limited,Information Technology Services,Technology,Technology,True,F&O,1,Stage 3,Stage 3,Early,0.68,"Prior strength has shifted into a Stage 3 transition based on trend, relative strength, and volume evidence.",,,2026-08-31,,Stage 3 Early,0.0,Weak,Volume Drying Up,Volume Drying Up (0.80x vs 10W Avg),-7.52,Underperformed Nifty by 7.52% in 3 Months,False,-7.52,7.77,728234257.06,0.88,0.69,0.8,False,True,"Stage 3, Early, weekly_volume_dryup, flags=Wide Risk;Low Liquidity, distribution_or_weakening_risk",watchlist,0.0,0.0,787.78,-12.21,[13.4],[8],0.0,8.0,899
CROMPTON.NS,Crompton Greaves Consumer Electricals Limited,"Furnishings, Fixtures & Appliances",Consumer Cyclical,Consumer Cyclical,True,F&O,1,Stage 4,Stage 4,Stage 4,0.86,Price is below the 30-week trend and below long-term support structure.,,,,,Stage 4,0.0,Weak,Volume Drying Up,Volume Drying Up (0.62x vs 10W Avg),-14.12,Underperformed Nifty by 14.12% in 3 Months,False,-14.12,-2.26,515384015.56,0.59,0.76,0.62,True,True,"Stage 4, Stage 4, volume_dryup, weekly_volume_dryup, flags=Wide Risk;Low Liquidity, downtrend",watchlist,0.0,0.0,259.45,-15.67,[12.72],[8],0.0,8.0,900
FSL.NS,Firstsource Solutions Limited,Information Technology Services,Technology,Technology,False,Cash,1,Stage 3,Stage 3,Early,0.68,"Prior strength has shifted into a Stage 3 transition based on trend, relative strength, and volume evidence.",,,,,Stage 3 Early,0.0,Strong,Volume Drying Up,Volume Drying Up (0.11x vs 10W Avg),12.33,Outperformed Nifty by 12.33% in 3 Months,False,12.33,19.81,688371585.22,1.15,0.2,0.11,False,True,"Stage 3, Early, weekly_volume_dryup, flags=Wide Risk;Low Liquidity, distribution_or_weakening_risk",watchlist,0.0,0.0,292.51,-12.48,[27.86],[27],0.0,27.0,901
KEC.NS,KEC International Limited,Engineering & Construction,Industrials,Industrials,False,Cash,1,Stage 4,Stage 4,Stage 4,0.86,Price is below the 30-week trend and below long-term support structure.,,,,,Stage 4,0.0,Weak,Volume Drying Up,Volume Drying Up (0.72x vs 10W Avg),-18.22,Underperformed Nifty by 18.22% in 3 Months,False,-18.22,-23.12,421947303.44,1.14,0.3,0.72,False,True,"Stage 4, Stage 4, weekly_volume_dryup, flags=Wider Risk;Low Liquidity, downtrend",watchlist,0.0,0.0,442.17,-11.67,[19.29],[26],0.0,26.0,902
NIVABUPA.NS,Niva Bupa Health Insurance Company Limited,Insurance - Life,Financial Services,Financial Services,False,Cash,1,Stage 3,Stage 3,Early,0.68,"Prior strength has shifted into a Stage 3 transition based on trend, relative strength, and volume evidence.",,,2026-08-10,,Stage 3 Early,0.0,Weak,Volume Normal,Volume Normal (0.90x vs 10W Avg),-7.12,Underperformed Nifty by 7.12% in 3 Months,False,-7.12,6.92,59594329.42,0.93,1.22,0.9,False,True,"Stage 3, Early, weekly_volume_dryup, flags=Wider Risk;Low Liquidity, distribution_or_weakening_risk",watchlist,0.0,0.0,84.05,-9.9,[14.27],[30],0.0,30.0,903
CCL.NS,CCL Products (India) Limited,Packaged Foods,Consumer Defensive,Consumer Defensive,False,Cash,1,Failed Stage 2,Stage 4,Failed Stage 2,0.72,"This stock was recently Stage 2, but the latest structure no longer satisfies Stage 2 rules. It is kept as Failed Stage 2 until a fresh base/repair structure forms.",Recent Stage 2 break; public stage held as Failed Stage 2.,2026-09-28,2026-09-09,,Failed Stage 2,0.0,Weak,Volume Normal,Volume Normal (1.12x vs 10W Avg),-7.7,Underperformed Nifty by 7.7% in 3 Months,False,-7.7,-3.1,145827767.28,0.93,0.53,1.12,False,False,"Stage 4, Stage 4, flags=Wide Risk;Low Liquidity, downtrend | Stage 2 failed state applied from stage memory.",watchlist,0.0,0.0,1240.92,-16.87,[13.71],[58],0.0,58.0,904
EIDPARRY.NS,EID Parry India Limited,Agricultural Inputs,Basic Materials,Basic Materials,False,Cash,1,Stage 4,Stage 4,Stage 4,0.86,Price is below the 30-week trend and below long-term support structure.,,,,,Stage 4,0.0,Weak,Volume Drying Up,Volume Drying Up (0.47x vs 10W Avg),1.19,Outperformed Nifty by 1.19% in 3 Months,False,1.19,-10.97,240978123.88,0.58,0.52,0.47,True,True,"Stage 4, Stage 4, volume_dryup, weekly_volume_dryup, flags=Wide Risk;Low Liquidity, downtrend",watchlist,0.0,0.0,866.91,-18.51,[23.6],[40],0.0,40.0,905
AFCONS.NS,Afcons Infrastructure Limited,Engineering & Construction,Industrials,Industrials,False,Cash,1,Stage 4,Stage 4,Stage 4,0.86,Price is below the 30-week trend and below long-term support structure.,,,,,Stage 4,0.0,Weak,Volume Drying Up,Volume Drying Up (0.46x vs 10W Avg),-14.3,Underperformed Nifty by 14.3% in 3 Months,False,-14.3,-8.42,762401105.63,2.7,0.36,0.46,False,True,"Stage 4, Stage 4, weekly_volume_dryup, flags=Wide Risk;Low Liquidity, downtrend",watchlist,0.0,0.0,305.08,-17.51,[24.7],[44],0.0,44.0,906
ZENSARTECH.NS,Zensar Technologies Limited,Information Technology Services,Technology,Technology,False,Cash,1,Stage 4,Stage 4,Stage 4,0.86,Price is below the 30-week trend and below long-term support structure.,,,,,Stage 4,0.0,Weak,Volume Drying Up,Volume Drying Up (0.56x vs 10W Avg),0.82,Outperformed Nifty by 0.82% in 3 Months,False,0.82,-15.47,1545317133.37,2.85,0.98,0.56,False,True,"Stage 4, Stage 4, weekly_volume_dryup, flags=Wide Risk;Low Liquidity, downtrend",watchlist,0.0,0.0,497.27,-12.18,[23.88],[32],0.0,32.0,907
AAVAS.NS,Aavas Financiers Limited,Mortgage Finance,Financial Services,Financial Services,False,Cash,1,Stage 4,Stage 4,Stage 4,0.86,Price is below the 30-week trend and below long-term support structure.,,,,,Stage 4,0.0,Weak,Volume Drying Up,Volume Drying Up (0.83x vs 10W Avg),-9.62,Underperformed Nifty by 9.62% in 3 Months,False,-9.62,14.89,122916896.24,0.85,0.76,0.83,True,True,"Stage 4, Stage 4, volume_dryup, weekly_volume_dryup, flags=Wide Risk;Low Liquidity, downtrend",watchlist,0.0,0.0,1544.9,-16.99,[15.93],[94],0.0,94.0,908
MMTC.NS,MMTC Limited,Conglomerates,Industrials,Industrials,False,Cash,1,Stage 4,Stage 4,Stage 4,0.66,Price is below weekly structure.,,,2026-08-21,,Stage 4,0.0,Weak,Volume Drying Up,Volume Drying Up (0.51x vs 10W Avg),-11.65,Underperformed Nifty by 11.65% in 3 Months,False,-11.65,4.14,81782689.19,0.44,0.34,0.51,True,True,"Stage 4, Stage 4, volume_dryup, weekly_volume_dryup, flags=Wide Risk;Low Liquidity, downtrend",watchlist,0.0,0.0,67.7,-16.69,[23.55],[31],0.0,31.0,909
JYOTHYLAB.NS,Jyothy Labs Limited,Household & Personal Products,Consumer Defensive,Consumer Defensive,False,Cash,1,Stage 4,Stage 4,Stage 4,0.86,Price is below the 30-week trend and below long-term support structure.,,,,,Stage 4,0.0,Weak,Volume Drying Up,Volume Drying Up (0.27x vs 10W Avg),2.91,Outperformed Nifty by 2.91% in 3 Months,False,2.91,-4.96,187863836.81,0.38,0.3,0.27,True,True,"Stage 4, Stage 4, volume_dryup, weekly_volume_dryup, flags=Wide Risk;Low Liquidity, downtrend",watchlist,0.0,0.0,215.88,-12.14,[8.96],[10],0.0,10.0,910
TRIVENI.NS,Triveni Engineering & Industries Limited,Consumer Defensive,Consumer Defensive,Consumer Defensive,False,Cash,1,Stage 4,Stage 4,Stage 4,0.86,Price is below the 30-week trend and below long-term support structure.,,,2026-07-21,,Stage 4,0.0,Weak,Volume Drying Up,Volume Drying Up (0.60x vs 10W Avg),-41.0,Underperformed Nifty by 41.0% in 3 Months,False,-41.0,-35.74,198600004.62,0.78,0.51,0.6,True,True,"Stage 4, Stage 4, volume_dryup, weekly_volume_dryup, flags=Wide Base;Wide Weekly Base;Loose Structure;Wide Risk;Corporate Action Check, downtrend",watchlist,0.0,0.0,314.06,-22.82,[55.1],[13],0.0,13.0,911
INOXGREEN.NS,Inox Green Energy Services Limited,Utilities - Renewable,Utilities,Utilities,False,Cash,1,Stage 4,Stage 4,Stage 4,0.86,Price is below the 30-week trend and below long-term support structure.,,,,,Stage 4,0.0,Neutral,Volume Normal,Volume Normal (1.21x vs 10W Avg),-9.9,Underperformed Nifty by 9.9% in 3 Months,False,-9.9,19.84,218245152.92,1.05,1.01,1.21,False,False,"Stage 4, Stage 4, flags=Wide Risk;Low Liquidity, downtrend",watchlist,0.0,0.0,209.9,-19.01,"[16.47, 18.55, 16.02]","[17, 5, 13]",0.55,83.0,912
BAJAJCON.NS,Bajaj Consumer Care Limited,Household & Personal Products,Consumer Defensive,Consumer Defensive,False,Cash,1,Stage 3,Stage 3,Early,0.68,"Prior strength has shifted into a Stage 3 transition based on trend, relative strength, and volume evidence.",,,2026-08-11,,Stage 3 Early,0.0,Weak,Volume Drying Up,Volume Drying Up (0.63x vs 10W Avg),-16.45,Underperformed Nifty by 16.45% in 3 Months,False,-16.45,35.44,421560346.83,0.75,0.48,0.63,True,True,"Stage 3, Early, volume_dryup, weekly_volume_dryup, flags=Wide Weekly Base;Wide Risk;Low Liquidity, distribution_or_weakening_risk",watchlist,0.0,0.0,693.21,-30.75,[9.86],[93],0.0,93.0,913
TTKPRESTIG.NS,TTK Prestige Limited,"Furnishings, Fixtures & Appliances",Consumer Cyclical,Consumer Cyclical,False,Cash,1,Stage 4,Stage 4,Stage 4,0.86,Price is below the 30-week trend and below long-term support structure.,,,2026-08-27,,Stage 4,0.0,Weak,Volume Drying Up,Volume Drying Up (0.10x vs 10W Avg),-14.49,Underperformed Nifty by 14.49% in 3 Months,False,-14.49,19.36,29998525.75,0.16,0.46,0.1,True,True,"Stage 4, Stage 4, volume_dryup, weekly_volume_dryup, flags=Loose Structure;Wide Risk;Low Liquidity, downtrend",watchlist,0.0,0.0,615.78,-16.55,[21.14],[16],0.0,16.0,914
LATENTVIEW.NS,Latent View Analytics Limited,Industrials,Industrials,Industrials,False,Cash,1,Stage 4,Stage 4,Stage 4,0.86,Price is below the 30-week trend and below long-term support structure.,,,,,Stage 4,0.0,Weak,Volume Drying Up,Volume Drying Up (0.42x vs 10W Avg),-8.28,Underperformed Nifty by 8.28% in 3 Months,False,-8.28,-20.33,117114839.39,0.82,0.32,0.42,True,True,"Stage 4, Stage 4, volume_dryup, weekly_volume_dryup, flags=Loose Structure;Wide Risk;Low Liquidity, downtrend",watchlist,0.0,0.0,325.37,-25.75,"[14.32, 15.73, 16.78]","[20, 7, 9]",0.15,54.0,915
SFL.NS,Sheela Foam Limited,"Furnishings, Fixtures & Appliances",Consumer Cyclical,Consumer Cyclical,False,Cash,1,Failed Stage 2,Stage 3,Failed Stage 2,0.72,"This stock was recently Stage 2, but the latest structure no longer satisfies Stage 2 rules. It is kept as Failed Stage 2 until a fresh base/repair structure forms.",Recent Stage 2 break; public stage held as Failed Stage 2.,2026-09-28,2026-09-16,,Failed Stage 2,0.0,Weak,Volume Drying Up,Volume Drying Up (0.53x vs 10W Avg),-12.31,Underperformed Nifty by 12.31% in 3 Months,False,-12.31,28.6,196474770.23,0.55,0.47,0.53,True,True,"Stage 3, Early, volume_dryup, weekly_volume_dryup, flags=Wide Risk;Low Liquidity, distribution_or_weakening_risk | Stage 2 failed state applied from stage memory.",watchlist,0.0,0.0,832.45,-24.4,[4.61],[71],0.0,71.0,916
GOKEX.NS,Gokaldas Exports Limited,Apparel Manufacturing,Consumer Cyclical,Consumer Cyclical,False,Cash,1,Failed Stage 2,Stage 4,Failed Stage 2,0.72,"This stock was recently Stage 2, but the latest structure no longer satisfies Stage 2 rules. It is kept as Failed Stage 2 until a fresh base/repair structure forms.",Recent Stage 2 break; public stage held as Failed Stage 2.,2026-09-28,2026-09-14,,Failed Stage 2,0.0,Weak,Volume Expanding,Volume Normal (1.31x vs 10W Avg),-18.27,Underperformed Nifty by 18.27% in 3 Months,False,-18.27,12.79,188380067.32,1.27,2.61,1.31,False,False,"Stage 4, Stage 4, flags=Wide Risk;Low Liquidity, downtrend | Stage 2 failed state applied from stage memory.",watchlist,0.0,0.0,824.89,-18.55,[17.18],[29],0.0,29.0,917
RALLIS.NS,Rallis India Limited,Agricultural Inputs,Basic Materials,Basic Materials,False,Cash,1,Stage 4,Stage 4,Stage 4,0.86,Price is below the 30-week trend and below long-term support structure.,,,,,Stage 4,0.0,Weak,Volume Drying Up,Volume Drying Up (0.47x vs 10W Avg),-7.15,Underperformed Nifty by 7.15% in 3 Months,False,-7.15,-11.76,100011640.78,0.61,0.79,0.47,True,True,"Stage 4, Stage 4, volume_dryup, weekly_volume_dryup, flags=Wider Risk;Low Liquidity, downtrend",watchlist,0.0,0.0,216.2,-7.76,[20.61],[45],0.0,45.0,918
LUXIND.NS,Lux Industries Limited,Apparel Manufacturing,Consumer Cyclical,Consumer Cyclical,False,Cash,1,Stage 4,Stage 4,Stage 4,0.66,Price is below weekly structure.,,,,,Stage 4,0.0,Weak,Volume Normal,Volume Normal (1.13x vs 10W Avg),-3.89,Underperformed Nifty by 3.89% in 3 Months,False,-3.89,25.87,59858126.96,2.63,0.6,1.13,False,False,"Stage 4, Stage 4, flags=Wide Risk;Low Liquidity, downtrend",watchlist,0.0,0.0,1247.9,-9.88,[16.92],[15],0.0,15.0,919
BAJAJELEC.NS,Bajaj Electricals Limited,"Furnishings, Fixtures & Appliances",Consumer Cyclical,Consumer Cyclical,False,Cash,1,Stage 4,Stage 4,Stage 4,0.86,Price is below the 30-week trend and below long-term support structure.,,,,,Stage 4,0.0,Weak,Volume Drying Up,Volume Drying Up (0.20x vs 10W Avg),1.25,Outperformed Nifty by 1.25% in 3 Months,False,1.25,-6.84,33964014.01,0.21,0.72,0.2,True,True,"Stage 4, Stage 4, volume_dryup, weekly_volume_dryup, flags=Wider Risk;Low Liquidity, downtrend",watchlist,0.0,0.0,346.76,-9.26,[21.45],[19],0.0,19.0,920
NACLIND.NS,NACL Industries Limited,Agricultural Inputs,Basic Materials,Basic Materials,False,Cash,1,Stage 4,Stage 4,Stage 4,0.86,Price is below the 30-week trend and below long-term support structure.,,,,,Stage 4,0.0,Weak,Volume Normal,Volume Normal (1.02x vs 10W Avg),-31.31,Underperformed Nifty by 31.31% in 3 Months,False,-31.31,1.09,73401899.32,0.87,0.78,1.02,False,False,"Stage 4, Stage 4, flags=Wide Base;Loose Structure;Wide Risk;Low Liquidity, downtrend",watchlist,0.0,0.0,185.73,-26.49,[30.88],[33],0.0,33.0,921
NFL.NS,National Fertilizers Limited,Agricultural Inputs,Basic Materials,Basic Materials,False,Cash,1,Stage 4,Stage 4,Stage 4,0.86,Price is below the 30-week trend and below long-term support structure.,,,,,Stage 4,0.0,Weak,Volume Drying Up,Volume Drying Up (0.73x vs 10W Avg),-6.24,Underperformed Nifty by 6.24% in 3 Months,False,-6.24,-1.49,29915369.26,0.74,0.72,0.73,True,True,"Stage 4, Stage 4, volume_dryup, weekly_volume_dryup, flags=Wide Risk;Low Liquidity, downtrend",watchlist,0.0,0.0,74.38,-11.59,[13.57],[24],0.0,24.0,922
INDOTHAI.NS,Indo Thai Securities Limited,Capital Markets,Financial Services,Financial Services,False,Cash,1,Stage 4,Stage 4,Stage 4,0.86,Price is below the 30-week trend and below long-term support structure.,,,,,Stage 4,0.0,Weak,Volume Drying Up,Volume Drying Up (0.63x vs 10W Avg),-82.63,Underperformed Nifty by 82.63% in 3 Months,False,-82.63,-87.42,123677283.68,0.77,0.22,0.63,True,True,"Stage 4, Stage 4, volume_dryup, weekly_volume_dryup, flags=Wide Base;Loose Structure;Wide Risk;Circuit Risk;Low Liquidity, downtrend",watchlist,0.0,0.0,45.57,-33.27,[85.54],[28],0.0,28.0,923
KNRCON.NS,KNR Constructions Limited,Engineering & Construction,Industrials,Industrials,False,Cash,1,Stage 4,Stage 4,Stage 4,0.86,Price is below the 30-week trend and below long-term support structure.,,,,,Stage 4,0.0,Weak,Volume Drying Up,Volume Drying Up (0.62x vs 10W Avg),-5.87,Underperformed Nifty by 5.87% in 3 Months,False,-5.87,-0.6,196757822.35,1.07,0.37,0.62,False,True,"Stage 4, Stage 4, weekly_volume_dryup, flags=Wide Risk;Low Liquidity, downtrend",watchlist,0.0,0.0,134.41,-12.66,[20.85],[17],0.0,17.0,924
FLAIR.NS,Flair Writing Industries Limited,Industrials,Industrials,Industrials,False,Cash,1,Stage 4,Stage 4,Stage 4,0.86,Price is below the 30-week trend and below long-term support structure.,,,,,Stage 4,0.0,Weak,Volume Drying Up,Volume Drying Up (0.78x vs 10W Avg),-6.85,Underperformed Nifty by 6.85% in 3 Months,False,-6.85,-18.17,24302639.4,0.64,0.53,0.78,True,True,"Stage 4, Stage 4, volume_dryup, weekly_volume_dryup, flags=Wider Risk;Low Liquidity, downtrend",watchlist,0.0,0.0,254.69,-7.71,[12.12],[22],0.0,22.0,925
RAMKY.NS,Ramky Infrastructure Limited,Engineering & Construction,Industrials,Industrials,False,Cash,1,Stage 4,Stage 4,Stage 4,0.86,Price is below the 30-week trend and below long-term support structure.,,,,,Stage 4,0.0,Weak,Volume Normal,Volume Normal (1.08x vs 10W Avg),-19.48,Underperformed Nifty by 19.48% in 3 Months,False,-19.48,-30.42,12340130.66,1.04,0.58,1.08,False,False,"Stage 4, Stage 4, flags=Loose Structure;Wide Risk;Low Liquidity, downtrend",watchlist,0.0,0.0,419.42,-26.98,"[18.98, 14.39, 12.62]","[13, 11, 13]",0.95,66.0,926
BHAGCHEM.NS,Bhagiradha Chemicals & Industries Limited,Agricultural Inputs,Basic Materials,Basic Materials,False,Cash,1,Failed Stage 2,Stage 3,Failed Stage 2,0.72,"This stock was recently Stage 2, but the latest structure no longer satisfies Stage 2 rules. It is kept as Failed Stage 2 until a fresh base/repair structure forms.",Recent Stage 2 break; public stage held as Failed Stage 2.,2026-09-28,2026-09-09,,Failed Stage 2,0.0,Weak,Volume Drying Up,Volume Drying Up (0.75x vs 10W Avg),-11.33,Underperformed Nifty by 11.33% in 3 Months,False,-11.33,42.95,18437698.23,0.79,0.84,0.75,True,True,"Stage 3, Early, volume_dryup, weekly_volume_dryup, flags=Wide Risk;Low Liquidity, distribution_or_weakening_risk | Stage 2 failed state applied from stage memory.",watchlist,0.0,0.0,291.81,-17.38,[14.35],[22],0.0,22.0,927
PSPPROJECT.NS,PSP Projects Limited,Engineering & Construction,Industrials,Industrials,False,Cash,1,Stage 4,Stage 4,Stage 4,0.86,Price is below the 30-week trend and below long-term support structure.,,,2026-09-01,,Stage 4,0.0,Weak,Volume Normal,Volume Normal (1.09x vs 10W Avg),-19.58,Underperformed Nifty by 19.58% in 3 Months,False,-19.58,27.54,43519789.39,0.9,1.62,1.09,False,False,"Stage 4, Stage 4, flags=Loose Structure;Wide Risk;Low Liquidity, downtrend",watchlist,0.0,0.0,961.98,-19.01,[6.45],[50],0.0,50.0,928
KPEL.NS,K.P. Energy Limited,Engineering & Construction,Industrials,Industrials,False,Cash,1,Stage 4,Stage 4,Stage 4,0.86,Price is below the 30-week trend and below long-term support structure.,,,,,Stage 4,0.0,Weak,Volume Normal,Volume Normal (0.96x vs 10W Avg),-30.47,Underperformed Nifty by 30.47% in 3 Months,False,-30.47,-19.14,76610242.35,1.02,1.0,0.96,False,False,"Stage 4, Stage 4, flags=Wide Base;Loose Structure;Wide Risk;Low Liquidity, downtrend",watchlist,0.0,0.0,273.18,-19.27,[36.53],[30],0.0,30.0,929
NITCO.NS,Nitco Limited,Building Products & Equipment,Industrials,Industrials,False,Cash,1,Failed Stage 2,Stage 4,Failed Stage 2,0.72,"This stock was recently Stage 2, but the latest structure no longer satisfies Stage 2 rules. It is kept as Failed Stage 2 until a fresh base/repair structure forms.",Recent Stage 2 break; public stage held as Failed Stage 2.,2026-09-28,2026-09-10,,Failed Stage 2,0.0,Weak,Volume Drying Up,Volume Drying Up (0.49x vs 10W Avg),-22.77,Underperformed Nifty by 22.77% in 3 Months,False,-22.77,1.31,43751862.26,0.54,0.19,0.49,True,True,"Stage 4, Stage 4, volume_dryup, weekly_volume_dryup, flags=Loose Structure;Wide Risk;Low Liquidity, downtrend | Stage 2 failed state applied from stage memory.",watchlist,0.0,0.0,109.44,-22.69,[23.8],[16],0.0,16.0,930
